timestep,policy_loss,value_loss,entropy_loss,clip_fraction,approx_kl,learning_rate
1024,-0.005049434257671237,4.36791468411684,-0.6861077435314655,0.05615234375,0.007310041080927476,9.998293224099677e-05
2048,-0.000875492172781378,3.660848952829838,-0.6868757586926222,0.00048828125,0.0007161577232182026,9.996586448199353e-05
3072,-0.005537708580959588,2.9965322837233543,-0.6802300401031971,0.03125,0.003254466559155844,9.994879672299027e-05
4096,-0.00044712863746099174,1.9706939347088337,-0.671037508174777,0.00048828125,0.0005323487566784024,9.993172896398704e-05
5120,-6.880366709083319e-05,1.6606330126523972,-0.6713971775025129,0.00146484375,0.0007311887748073786,9.99146612049838e-05
6144,-0.00355297137866728,1.1936699245125055,-0.6719235461205244,0.0,0.000958876422373578,9.989759344598056e-05
7168,-0.005007617466617376,0.5850105909630656,-0.6337113361805677,0.04736328125,0.005617377857561223,9.98805256869773e-05
8192,-0.002743766803178005,0.3911108784377575,-0.6264125891029835,0.00048828125,0.0009662114171078429,9.986345792797405e-05
9216,-0.016489568108227104,0.3255857075564563,-0.5399371515959501,0.12158203125,0.008874528051819652,9.984639016897081e-05
10240,-0.005494609009474516,0.4341949736699462,-0.5173540934920311,0.02978515625,0.0022384030889952555,9.982932240996758e-05
11264,-0.005748433315602597,0.43950971588492393,-0.4484947584569454,0.04833984375,0.003466625217697583,9.981225465096434e-05
12288,-0.0027020415000151843,0.29660817235708237,-0.40789387561380863,0.0244140625,0.002266621115268208,9.979518689196108e-05
13312,-0.0018067362834699452,0.26781991543248296,-0.36593191232532263,0.001953125,0.000444790261099115,9.977811913295784e-05
14336,-0.004323940724134445,0.2641735670622438,-0.35967069026082754,0.0302734375,0.0020889636798528954,9.97610513739546e-05
15360,-0.0010637010855134577,0.2665754286572337,-0.3597106924280524,0.0205078125,0.0014103409048402682,9.974398361495137e-05
16384,-0.0015372564230347052,0.37869660137221217,-0.36447595339268446,0.013671875,0.0010616027429932728,9.972691585594813e-05
17408,-0.004359673686849419,0.1834358338965103,-0.37113192677497864,0.00927734375,0.0007230673072626814,9.970984809694488e-05
18432,-0.0024612058186903596,0.12438062159344554,-0.3463776083663106,0.0126953125,0.0010181932157138363,9.969278033794164e-05
19456,-0.005118485729326494,0.1698879797477275,-0.3281530924141407,0.01708984375,0.0016571024025324732,9.967571257893838e-05
20480,-0.002314262164873071,0.28145039267838,-0.3095178371295333,0.01611328125,0.0010570612212177366,9.965864481993515e-05
21504,-0.0023383461957564577,0.209747230168432,-0.318065186496824,0.0166015625,0.0014349067059811205,9.96415770609319e-05
22528,-0.0025034026912180707,0.2920978432521224,-0.34837179724127054,0.021484375,0.0013859212485840544,9.962450930192865e-05
23552,-0.004316298640333116,0.2623760709539056,-0.3347132643684745,0.01318359375,0.0010996027995133772,9.960744154292542e-05
24576,-0.00515720309340395,0.207692515803501,-0.2864464237354696,0.03564453125,0.002418187228613533,9.959037378392218e-05
25600,-0.002819280023686588,0.2980906660668552,-0.31623381888493896,0.03271484375,0.0038241052825469524,9.957330602491894e-05
26624,-0.004224402640829794,0.21812881296500564,-0.27328274585306644,0.02880859375,0.0017539261898491532,9.955623826591569e-05
27648,-0.0029702491883654147,0.20342598808929324,-0.27643055422231555,0.029296875,0.001867048442363739,9.953917050691245e-05
28672,-0.004067281246534549,0.17901269998401403,-0.2556071844883263,0.0283203125,0.002393688992015086,9.952210274790921e-05
29696,-0.005477109749335796,0.2052338127978146,-0.259759443346411,0.0341796875,0.002914307900937274,9.950503498890597e-05
30720,-0.003057838090171572,0.17501614918000996,-0.2748613068833947,0.0380859375,0.004667969420552254,9.948796722990273e-05
31744,-0.007514131051721051,0.14995264471508563,-0.2453197888098657,0.05078125,0.004465426420210861,9.947089947089946e-05
32768,-0.004024333291454241,0.1299285002751276,-0.26190982200205326,0.0322265625,0.002678706354345195,9.945383171189622e-05
33792,-0.007069151441100985,0.20126539771445096,-0.3041588212363422,0.02978515625,0.0024953521642601117,9.943676395289299e-05
34816,-0.004153798567131162,0.12297240062616765,-0.23443307215347886,0.03857421875,0.0033025147422449663,9.941969619388975e-05
35840,-0.006256732507608831,0.0635129859438166,-0.2336626509204507,0.04931640625,0.004303012421587482,9.940262843488651e-05
36864,-0.003893524582963437,0.03998951381072402,-0.2164789759553969,0.03662109375,0.0026565442531136796,9.938556067588326e-05
37888,-0.005288690746965585,0.04437094397144392,-0.23359304666519165,0.056640625,0.005765967798652127,9.936849291688002e-05
38912,-0.0012533996778074652,0.1218372555449605,-0.26220258325338364,0.02978515625,0.0028288317553233355,9.935142515787678e-05
39936,-0.0018365561845712364,0.05059306393377483,-0.2693967381492257,0.02197265625,0.002092892798827961,9.933435739887354e-05
40960,-0.008880067325662822,0.03670342382974923,-0.23725221492350101,0.05126953125,0.00424628920154646,9.931728963987029e-05
41984,-0.00710960358264856,0.04214715992566198,-0.23941832641139627,0.02880859375,0.0030647281819256023,9.930022188086705e-05
43008,-0.0014270321116782725,0.08194293139968067,-0.22933600703254342,0.04296875,0.004092488044989295,9.928315412186381e-05
44032,-0.004538192326435819,0.1131675987271592,-0.2372213895432651,0.03271484375,0.002762209143838845,9.926608636286057e-05
45056,-0.004643882071832195,0.04712520894827321,-0.22195340925827622,0.0654296875,0.0074837766151176766,9.924901860385732e-05
46080,-0.0028010815585730597,0.06511323887389153,-0.18220775621011853,0.04248046875,0.0030934733513277024,9.923195084485406e-05
47104,-0.0035279351577628404,0.1226203478872776,-0.1741693823132664,0.0634765625,0.008226456731790677,9.921488308585083e-05
48128,0.005396934924647212,0.09862438682466745,-0.2509615505114198,0.0712890625,0.011443694238550961,9.919781532684759e-05
49152,-0.004543087939964607,0.1901126957964152,-0.17945639276877046,0.0244140625,0.003231179391150363,9.918074756784435e-05
50176,-0.0017509632671135478,0.14326056139543653,-0.18319340469315648,0.02587890625,0.002651675997185521,9.916367980884111e-05
51200,-0.005738537234719843,0.12266909168101847,-0.18999807257205248,0.04931640625,0.0054156668920768425,9.914661204983786e-05
52224,-0.0032284984190482646,0.19166167243383825,-0.16068669967353344,0.0361328125,0.0028367275517666712,9.912954429083462e-05
53248,-0.0023604483722010627,0.23689333256334066,-0.15756360697560012,0.02978515625,0.003479569000774063,9.911247653183138e-05
54272,-0.002033119846601039,0.3008084953762591,-0.1376682217232883,0.013671875,0.001702017689240165,9.909540877282814e-05
55296,-0.0019982435915153474,0.20773950405418873,-0.13156826281920075,0.021484375,0.001968185810255818,9.907834101382489e-05
56320,-0.004499806382227689,0.37001094315201044,-0.11317378608509898,0.0126953125,0.0018444133747834712,9.906127325482165e-05
57344,0.001385067036608234,0.38063359120860696,-0.1178744793869555,0.01025390625,0.0010143758408958092,9.90442054958184e-05
58368,-0.0021762232936453074,0.4579126173630357,-0.09049900504760444,0.0126953125,0.0008531878993380815,9.902713773681516e-05
59392,-0.0015557243896182626,0.35574124846607447,-0.10148642666172236,0.0234375,0.001628862097277306,9.901006997781192e-05
60416,-0.0023417927732225507,0.3368426417000592,-0.0898312417557463,0.01611328125,0.0026668356731534004,9.899300221880867e-05
61440,-0.0012580957700265571,0.4965844126418233,-0.10499254916794598,0.00927734375,0.0008140298741636798,9.897593445980543e-05
62464,-0.0014505814760923386,0.33446408342570066,-0.11438560904935002,0.03076171875,0.003304331563413143,9.895886670080219e-05
63488,-0.0018178798636654392,0.4142691856250167,-0.09071144892368466,0.00732421875,0.0007073782326187938,9.894179894179895e-05
64512,-0.00438468910579104,0.3560032304376364,-0.11887990916147828,0.02099609375,0.002711782668484375,9.892473118279571e-05
65536,-0.0016663860151311383,0.4616912296041846,-0.0920680173439905,0.01416015625,0.0014742072526132688,9.890766342379246e-05
66560,-0.0006569969700649381,0.3536974312737584,-0.08480910921934992,0.015625,0.001138939565862529,9.889059566478922e-05
67584,-0.0017009197181323543,0.49261071253567934,-0.07714579440653324,0.01611328125,0.0011244802444707602,9.887352790578598e-05
68608,-0.001065652264514938,0.6099137850105762,-0.08083682076539844,0.015625,0.001196513680042699,9.885646014678274e-05
69632,-0.0012557335139717907,0.5004231445491314,-0.11655314383096993,0.02587890625,0.0031273731001419947,9.883939238777949e-05
70656,-0.002931986906332895,0.36863450333476067,-0.06559178431052715,0.01806640625,0.0016490644920850173,9.882232462877624e-05
71680,-0.00039713596925139427,0.4268128266558051,-0.06946253753267229,0.00341796875,0.0004495847679208964,9.8805256869773e-05
72704,-0.0012132682313676924,0.4103405065834522,-0.08656287053599954,0.0146484375,0.0018286813865415752,9.878818911076976e-05
73728,0.00022430824174080044,0.4395896438509226,-0.06522170372772962,0.0107421875,0.0008125731110339984,9.877112135176652e-05
74752,0.0012034303945256397,0.47002457827329636,-0.06407288927584887,0.02783203125,0.0021128069784026593,9.875405359276327e-05
75776,-0.0007385540957329795,0.5018807370215654,-0.09075041580945253,0.01416015625,0.0012769561144523323,9.873698583376003e-05
76800,-0.0006427879852708429,0.4177115545608103,-0.06478426797548309,0.00634765625,0.000616694291238673,9.871991807475679e-05
77824,-0.0011263981577940285,0.29789322381839156,-0.05069950030883774,0.0048828125,0.00042657717131078243,9.870285031575355e-05
78848,-0.000401440032874234,0.5109556587412953,-0.0712285076151602,0.0185546875,0.001733428769512102,9.868578255675031e-05
79872,-0.000778411835199222,0.5056504178792238,-0.05827118078013882,0.00634765625,0.00045516366662923247,9.866871479774706e-05
80896,-0.00022952642757445574,0.45233346801251173,-0.06422285595908761,0.0146484375,0.0011226488859392703,9.865164703874382e-05
81920,0.0007606861181557178,0.43582894653081894,-0.05859681451693177,0.0146484375,0.0012103501794626936,9.863457927974058e-05
82944,0.0007389735110336915,0.3757222658023238,-0.063419982441701,0.00927734375,0.000917715165996924,9.861751152073733e-05
83968,-4.769121005665511e-05,0.6790099190548062,-0.06381179013988003,0.0166015625,0.0015020426217233762,9.860044376173409e-05
84992,-0.0014109884214121848,0.443416896276176,-0.07062228373251855,0.01220703125,0.0021572565601672977,9.858337600273084e-05
86016,-0.0010466247040312737,0.44629579968750477,-0.06540383398532867,0.0302734375,0.004372234572656453,9.85663082437276e-05
87040,-0.0011377946502761915,0.6111664976924658,-0.05448300938587636,0.01025390625,0.0008369034912902862,9.854924048472436e-05
88064,-0.0012628958938876167,0.5388406878337264,-0.05468237694003619,0.00537109375,0.0014087953313719481,9.853217272572112e-05
89088,-0.0027476993564050645,0.5046353628858924,-0.06613640749128535,0.0341796875,0.005256721036857925,9.851510496671787e-05
90112,-0.0002672356931725517,0.5244299275800586,-0.05178646446438506,0.01123046875,0.0010716330871218815,9.849803720771463e-05
91136,-0.0013674950605491176,0.4993921387940645,-0.05161076900549233,0.01171875,0.0009329518798040226,9.848096944871139e-05
92160,-0.00431693994323723,0.806236993521452,-0.06537939351983368,0.01708984375,0.0020817622571485117,9.846390168970815e-05
93184,-0.0012355049984762445,0.6427716333419085,-0.06367601064266637,0.017578125,0.0017327395762549713,9.844683393070491e-05
94208,-0.0005437558866105974,0.47726548835635185,-0.06383307033684105,0.01708984375,0.0016997962084133178,9.842976617170166e-05
95232,-0.0012716810160782188,0.9209749987348914,-0.05282483552582562,0.01123046875,0.0008485599100822583,9.841269841269842e-05
96256,0.0004739103897009045,0.7021838864311576,-0.05498399311909452,0.01416015625,0.0014068551536183804,9.839563065369517e-05
97280,0.0009485076734563336,0.5385492807254195,-0.049891109636519104,0.0087890625,0.0008801718067843467,9.837856289469193e-05
98304,-0.0007574890332762152,0.4248641044832766,-0.07112924882676452,0.0166015625,0.0017355123854940757,9.836149513568869e-05
99328,-0.0005187131610000506,0.3926228517666459,-0.05773955932818353,0.00537109375,0.0004261702124495059,9.834442737668544e-05
100352,-0.0014019618974998593,0.5428164163604379,-0.0524905314669013,0.00244140625,0.0003726921568159014,9.83273596176822e-05
101376,-1.485514803789556e-05,0.4865864817984402,-0.0569738841149956,0.01123046875,0.0011741687048925087,9.831029185867896e-05
102400,-0.0011280566541245207,0.5011267066001892,-0.05401535448618233,0.0126953125,0.0014379719068529084,9.829322409967572e-05
103424,-0.002353366871830076,1.0323064681142569,-0.07578998536337167,0.01171875,0.0010627504962030798,9.827615634067247e-05
104448,0.0006872927770018578,0.4436169993132353,-0.06398044200614095,0.01416015625,0.0015265165857272223,9.825908858166923e-05
105472,-0.000395609691622667,0.5099997739307582,-0.05467868549749255,0.01220703125,0.001119570661103353,9.824202082266599e-05
106496,-0.0013713384978473186,0.37767320638522506,-0.05431565776234493,0.02099609375,0.0024780890526017174,9.822495306366275e-05
107520,0.0006763966521248221,0.5737245613709092,-0.05517304182285443,0.00537109375,0.00046567678509745747,9.820788530465951e-05
108544,-0.0006904924084665254,0.863263706676662,-0.05466568470001221,0.01025390625,0.0010932790755759925,9.819081754565626e-05
109568,0.0005987571930745617,0.6933681867085397,-0.057923556421883404,0.01025390625,0.0016699910338502377,9.817374978665301e-05
110592,-0.0018754386401269585,0.3708211141638458,-0.04086683364585042,0.0166015625,0.001607587211765349,9.815668202764977e-05
111616,0.00016815491835586727,0.4040518933907151,-0.05359236936783418,0.01171875,0.0012018492416245863,9.813961426864653e-05
112640,-0.0002912188065238297,0.629161917604506,-0.054506181040778756,0.0078125,0.0010765947517938912,9.812254650964329e-05
113664,-0.0021878419938730076,0.5944141577929258,-0.04826314019737765,0.01416015625,0.0027904717135243118,9.810547875064004e-05
114688,-0.0030619466124335304,0.6585240298882127,-0.06931375915883109,0.01806640625,0.001776684948708862,9.80884109916368e-05
115712,-0.001139601503382437,0.4647445762529969,-0.048093546414747834,0.0087890625,0.0008912150951800868,9.807134323263356e-05
116736,0.0005741971981478855,0.5212743794545531,-0.04139470189693384,0.0087890625,0.000672581692924723,9.805427547363032e-05
117760,-0.0010847979137906805,0.2916052765212953,-0.04405355209019035,0.00927734375,0.0008639447769382969,9.803720771462707e-05
118784,-0.002109300548909232,0.41443621879443526,-0.04844356933608651,0.01806640625,0.0021572949626715854,9.802013995562383e-05
119808,0.0006410535570466891,0.4718576925806701,-0.05629335262347013,0.01025390625,0.000772696323110722,9.800307219662059e-05
120832,-0.0012125984649173915,0.6082389866933227,-0.04562781553249806,0.02392578125,0.0037317832611734048,9.798600443761734e-05
121856,-0.0044961029489059,0.7358748698607087,-0.0606463688891381,0.02587890625,0.002511938102543354,9.79689366786141e-05
122880,-0.002505430020391941,0.580163867212832,-0.06196349364472553,0.029296875,0.006018278392730281,9.795186891961086e-05
123904,-0.000984674145001918,0.8088762788102031,-0.0581869394518435,0.015625,0.001246727246325463,9.793480116060761e-05
124928,-0.00021695985924452543,0.32473034923896194,-0.04296230629552156,0.0078125,0.000591314266785048,9.791773340160437e-05
125952,-0.0007378439477179199,0.2638838477432728,-0.04134865102241747,0.021484375,0.004996122224838473,9.790066564260113e-05
126976,-0.0004661492712330073,0.8129060985520482,-0.04051368244108744,0.0126953125,0.0013384009071160108,9.78835978835979e-05
128000,0.0007746547635179013,0.6551257641986012,-0.042573079001158476,0.021484375,0.004708448410383426,9.786653012459464e-05
129024,-0.0016328490455634892,0.6335633434355259,-0.06273609620984644,0.01318359375,0.0027820592222269624,9.78494623655914e-05
130048,-0.0010890035482589155,0.43898179195821285,-0.05713945080060512,0.00732421875,0.0012803413410438225,9.783239460658816e-05
131072,-0.001398464315570891,0.4024447179399431,-0.048632836813339964,0.017578125,0.0031709031463833526,9.781532684758492e-05
132096,0.0006897403945913538,0.7419496616348624,-0.08212682825978845,0.0185546875,0.0018111554236384109,9.779825908858167e-05
133120,-0.002479212882462889,1.1601310018450022,-0.06960547552444041,0.0107421875,0.0011101773707196116,9.778119132957843e-05
134144,-0.0019131721637677401,0.9182012118399143,-0.07706919824704528,0.021484375,0.0022517327015521005,9.776412357057518e-05
135168,0.002287979456014,0.9623524500057101,-0.07578778802417219,0.0146484375,0.001972164827748202,9.774705581157194e-05
136192,-0.0006980733305681497,0.5249503739178181,-0.05633708368986845,0.0087890625,0.0009214954334311187,9.77299880525687e-05
137216,-8.025873103179038e-05,0.3500527744181454,-0.05113715841434896,0.01416015625,0.001297840994084254,9.771292029356546e-05
138240,-0.0003657236084109172,0.6085819602012634,-0.056657951907254755,0.0185546875,0.002709798514842987,9.769585253456221e-05
139264,-0.00025488820392638445,1.0994804073125124,-0.056993343925569206,0.01318359375,0.003045307967113331,9.767878477555897e-05
140288,-0.0021877831895835698,0.6522668935358524,-0.050692701421212405,0.01806640625,0.0014715790166519582,9.766171701655573e-05
141312,0.0002891541225835681,0.5145022706128657,-0.04740474408026785,0.00634765625,0.0005416645144578069,9.76446492575525e-05
142336,-0.0004443781217560172,0.3966831308789551,-0.04034715791931376,0.01123046875,0.0012021406437270343,9.762758149854924e-05
143360,2.545738243497908e-05,1.1675791461020708,-0.05726125021465123,0.013671875,0.0019780503207584843,9.7610513739546e-05
144384,-0.0008826635603327304,0.4804433570243418,-0.05078482592944056,0.00927734375,0.0009840229176916182,9.759344598054276e-05
145408,-0.00017180622671730816,0.34843241749331355,-0.04681975796120241,0.0126953125,0.001541987294331193,9.757637822153953e-05
146432,-0.0022162026216392405,0.6417238269932568,-0.042908945062663406,0.0244140625,0.004359246449894272,9.755931046253627e-05
147456,-0.0009168327087536454,0.47618217347189784,-0.04791141959140077,0.0185546875,0.003267681473516859,9.754224270353302e-05
148480,-0.00015206888201646507,0.33642606995999813,-0.05099326220806688,0.0068359375,0.0007537299097748473,9.752517494452978e-05
149504,-0.0007854568248149008,0.3491691928356886,-0.04565344055299647,0.02783203125,0.004097977944184095,9.750810718552654e-05
150528,-0.003984404727816582,0.9180782800540328,-0.0533000944997184,0.0234375,0.002143928548321128,9.74910394265233e-05
151552,0.0021977980359224603,0.4533737702295184,-0.05589621182298288,0.02587890625,0.004167825434706174,9.747397166752007e-05
152576,9.599383338354528e-05,0.7283291360363364,-0.06616678589489311,0.02685546875,0.0032442675437778234,9.745690390851681e-05
153600,-0.0021819169051013887,0.6260877540335059,-0.059407215332612395,0.02880859375,0.003216597644495778,9.743983614951357e-05
154624,-0.0021409712644526735,0.6188591485843062,-0.047623826656490564,0.0205078125,0.002309240575414151,9.742276839051033e-05
155648,-0.0011001291422871873,0.4438320407643914,-0.057289101590868086,0.02001953125,0.001898482150863856,9.74057006315071e-05
156672,-0.0009156689775409177,0.4409710606560111,-0.05647432239493355,0.0205078125,0.0027830314647872,9.738863287250384e-05
157696,0.004119615856325254,0.3274326208047569,-0.04360963561339304,0.0126953125,0.0013571892195614055,9.73715651135006e-05
158720,0.00037600003997795284,0.23105930350720882,-0.042772602988407016,0.0126953125,0.0017725785146467388,9.735449735449735e-05
159744,0.0015979588351910934,0.4253723262809217,-0.05367950239451602,0.01611328125,0.0027427753229858354,9.733742959549411e-05
160768,-0.0009632291330490261,0.4498682515695691,-0.04212614425341599,0.013671875,0.0023222531453939155,9.732036183649087e-05
161792,0.0023081492545315996,0.6805561697110534,-0.04534813988720998,0.00732421875,0.0017435075133107603,9.730329407748762e-05
162816,-0.0013158412475604564,0.5208706092089415,-0.043847974069649354,0.01171875,0.0021614931611111388,9.728622631848438e-05
163840,-0.002435577189316973,0.6640254999510944,-0.04359253935399465,0.01513671875,0.0027242971409577876,9.726915855948114e-05
164864,-0.0003329672908876091,0.21382986567914486,-0.03816150108468719,0.015625,0.0010461659112479538,9.72520908004779e-05
165888,0.0019232172198826447,0.677403362467885,-0.04777942720102146,0.01953125,0.002094502924592234,9.723502304147467e-05
166912,0.0014256277499953285,0.4322919719852507,-0.04188103610067628,0.0068359375,0.0014672952092951164,9.721795528247141e-05
167936,-8.213370165321976e-05,0.7968880850821733,-0.05954780976753682,0.013671875,0.0013300062128109857,9.720088752346817e-05
168960,-0.0017285350186284631,0.5846589105203748,-0.05604888952802867,0.02294921875,0.00262635039689485,9.718381976446494e-05
169984,-0.0004025147354695946,0.47131864493712783,-0.04718172791763209,0.02197265625,0.0038586086593568325,9.71667520054617e-05
171008,-0.0011364853999111801,0.9634995991364121,-0.060931668849661946,0.0205078125,0.001916577501106076,9.714968424645844e-05
172032,-0.0045162915921537206,0.42444313736632466,-0.05287601990858093,0.02734375,0.002580140862846747,9.713261648745519e-05
173056,0.0015165304648689926,0.9428109209984541,-0.05327691195998341,0.00537109375,0.0009774342470336705,9.711554872845195e-05
174080,-0.0016987261624308303,0.7065489990636706,-0.05301612027687952,0.00927734375,0.0008633057150291279,9.709848096944871e-05
175104,-0.0025310570490546525,0.6945943972095847,-0.05342572554945946,0.01708984375,0.002091108850436285,9.708141321044548e-05
176128,-0.0007847246015444398,0.5550209167413414,-0.06814400176517665,0.03857421875,0.005547657114220783,9.706434545144222e-05
177152,-0.0038844672235427424,1.2473940923810005,-0.07385911419987679,0.04638671875,0.007805011962773278,9.704727769243898e-05
178176,-0.0017297675221925601,1.78483616001904,-0.12778796022757888,0.04052734375,0.0069913763290969655,9.703020993343575e-05
179200,-0.0003186620451742783,0.6996769635006785,-0.048377470986451954,0.0185546875,0.0019995329930679873,9.70131421744325e-05
180224,-2.3072934709489346e-06,0.16763519239611924,-0.04646760592004284,0.021484375,0.0027063434099545702,9.699607441542927e-05
181248,0.00047794340207474306,0.4788519572466612,-0.04724429431371391,0.025390625,0.00420117647445295,9.697900665642601e-05
182272,0.0008096529491012916,0.30222338903695345,-0.04414671065751463,0.01611328125,0.002364973464864306,9.696193889742278e-05
183296,-0.00156787657761015,0.8468692600727081,-0.06649119732901454,0.0322265625,0.005449949458125047,9.694487113841954e-05
184320,-0.0009783925488591194,0.9756028223782778,-0.05599392345175147,0.0146484375,0.0015734176413388923,9.692780337941628e-05
185344,-0.0002532589278416708,0.831498287152499,-0.049899296020157635,0.0126953125,0.0009941938042175025,9.691073562041305e-05
186368,0.000733557011699304,0.3561806548386812,-0.04153627061168663,0.0244140625,0.0038440605421783403,9.68936678614098e-05
187392,-0.0003741977852769196,0.6233576722443104,-0.054266705992631614,0.02587890625,0.003794170086621307,9.687660010240655e-05
188416,-3.3603108022361994e-05,0.3360507879406214,-0.04649220564169809,0.015625,0.002544509756262414,9.685953234340332e-05
189440,0.00030247194808907807,2.546505656093359,-0.15020966925658286,0.04638671875,0.005091073646326549,9.684246458440008e-05
190464,-0.0026890724984696135,0.9297545058652759,-0.053662975085899234,0.02294921875,0.003431650926358998,9.682539682539682e-05
191488,-0.000821505265776068,0.44625862687826157,-0.05147417727857828,0.01513671875,0.0014371575525728986,9.680832906639359e-05
192512,0.00040790940693113953,0.9877568855881691,-0.09385261638090014,0.01708984375,0.0014675554120913148,9.679126130739035e-05
193536,-0.0006252366147236899,0.48747611441649497,-0.04903491190634668,0.03515625,0.005565067709540017,9.677419354838711e-05
194560,0.00016690560732968152,0.3548296932131052,-0.05259264702908695,0.0224609375,0.0034872234682552516,9.675712578938387e-05
195584,-0.0009020625875564292,0.38194775488227606,-0.05020813600276597,0.00341796875,0.0004100364603800699,9.674005803038062e-05
196608,0.008908935560612008,2.7175844460725784,-0.17451917729340494,0.0693359375,0.007066449572448619,9.672299027137736e-05
197632,-0.0006671791488770396,0.5630080467090011,-0.06472150865010917,0.03466796875,0.004373749834485352,9.670592251237412e-05
198656,0.00019714259542524815,0.9568727854639292,-0.08272387518081814,0.0078125,0.0006471488595707342,9.668885475337089e-05
199680,-0.0014287297381088138,0.5618346817791462,-0.048810167238116264,0.01904296875,0.0016874965658644214,9.667178699436765e-05
200704,-0.001712042918370571,0.5983168291859329,-0.054995901009533554,0.0146484375,0.0028718117100652307,9.66547192353644e-05
201728,0.001204728294396773,0.2558948863297701,-0.0395623404183425,0.01220703125,0.0011797272600233555,9.663765147636116e-05
202752,-0.0008286580414278433,1.2215608321130276,-0.07882688695099205,0.01318359375,0.0012119958410039544,9.662058371735792e-05
203776,-0.0002576371334725991,0.525050365831703,-0.06568457843968645,0.0126953125,0.0012050060322508216,9.660351595835468e-05
204800,-0.0060097161622252315,1.2684561591595411,-0.07488933473359793,0.03662109375,0.0033139244478661567,9.658644819935143e-05
205824,0.006359521095873788,5.8816774263978004,-0.3214306943118572,0.1103515625,0.008023771806620061,9.656938044034819e-05
206848,0.0028787368937628344,3.186749204993248,-0.19539476372301579,0.046875,0.0032234553655143827,9.655231268134495e-05
207872,0.000685908118612133,3.6682193726301193,-0.23529766127467155,0.037109375,0.0036593113327398896,9.653524492234171e-05
208896,0.002592332777567208,1.0892072916030884,-0.09680636820849031,0.0400390625,0.0032034932810347527,9.651817716333847e-05
209920,0.00015001454448793083,0.9563262318260968,-0.07442824321333319,0.0205078125,0.0015414415975101292,9.65011094043352e-05
210944,-0.0037746861635241657,0.6875363672152162,-0.0730121765518561,0.03173828125,0.0017496582731837407,9.648404164533196e-05
211968,0.0006739882664987817,0.39873607782647014,-0.04471939388895407,0.01318359375,0.001763954816851765,9.646697388632873e-05
212992,-0.00038304734334815294,0.8866264056414366,-0.06982577935559675,0.02197265625,0.003050577171961777,9.644990612732549e-05
214016,0.0009310452151112258,0.8358253096230328,-0.07426557049620897,0.0283203125,0.0020137434621574357,9.643283836832225e-05
215040,0.0040134763839887455,2.4932979606091976,-0.15912506449967623,0.056640625,0.004544188108411618,9.6415770609319e-05
216064,-0.00021111828391440213,0.9883730057626963,-0.08244438120163977,0.0166015625,0.0013862884661648422,9.639870285031576e-05
217088,-0.0029822648139088415,1.1053016800433397,-0.103682731394656,0.01611328125,0.0015544235066045076,9.638163509131252e-05
218112,-0.0017350015114061534,0.7094752732664347,-0.05830119294114411,0.01806640625,0.001852402841905132,9.636456733230928e-05
219136,-0.00021839511464349926,1.0499271731823683,-0.07522935245651752,0.025390625,0.0033561426971573383,9.634749957330603e-05
220160,-0.0006642902008024976,0.505319201387465,-0.0582305861171335,0.013671875,0.0024600466422270983,9.633043181430279e-05
221184,-0.0014336276653921232,0.3546773958951235,-0.04360864940099418,0.02099609375,0.002036843216046691,9.631336405529955e-05
222208,-5.7175770052708685e-05,0.5960144950076938,-0.04972213557630312,0.01416015625,0.0013321914011612535,9.629629629629631e-05
223232,0.005777845741249621,1.163811994716525,-0.09330837556626648,0.01953125,0.002218304478446953,9.627922853729306e-05
224256,-0.0004866560484515503,0.546047868207097,-0.055576422630110756,0.0283203125,0.0033041032875189558,9.62621607782898e-05
225280,0.0063928049930837005,0.8459288314916193,-0.07207433495204896,0.017578125,0.001954497682163492,9.624509301928657e-05
226304,0.0009716690983623266,0.9379081828519702,-0.061004415270872414,0.0126953125,0.0020920399256283417,9.622802526028333e-05
227328,3.5175602533854544e-05,0.4520532744936645,-0.04861376009648666,0.0126953125,0.001980674991500564,9.621095750128009e-05
228352,-0.0019269894255558029,0.8311494351364672,-0.06233214010717347,0.015625,0.0023752503766445443,9.619388974227685e-05
229376,0.0004061879008077085,0.410567422863096,-0.0408682654669974,0.00439453125,0.0005145101167727262,9.61768219832736e-05
230400,0.00012263476673979312,0.6377936904318631,-0.051711192063521594,0.00537109375,0.0006749958265572786,9.615975422427036e-05
231424,-0.001822865247959271,0.8728480646386743,-0.05569551698863506,0.01416015625,0.0012189452099846676,9.614268646526712e-05
232448,0.0004924636450596154,0.8507799413055182,-0.07639084407128394,0.0400390625,0.007521984254708514,9.612561870626388e-05
233472,-0.001975909370230511,0.4741880870424211,-0.03806099103530869,0.01611328125,0.002473511063726619,9.610855094726063e-05
234496,-0.0007152104517444968,0.21227172738872468,-0.03828095234348439,0.0107421875,0.0009610660054022446,9.609148318825738e-05
235520,-0.00041338394657941535,0.3589022899977863,-0.048943440488073975,0.00732421875,0.0009618748736102134,9.607441542925414e-05
236544,-0.0020920124952681363,0.7261305046267807,-0.07511645520571619,0.01416015625,0.0017411361186532304,9.60573476702509e-05
237568,-0.002047527610557154,0.6681384737603366,-0.05780684924684465,0.013671875,0.0014240591553971171,9.604027991124766e-05
238592,-0.0006229408027138561,0.8481667963787913,-0.06864743656478822,0.021484375,0.005584241356700659,9.60232121522444e-05
239616,0.0003916017449228093,0.2328287078998983,-0.04031580396986101,0.01025390625,0.0008231042593251914,9.600614439324117e-05
240640,0.0019418494921410456,0.22560538677498698,-0.0349010854260996,0.0263671875,0.016435477213235572,9.598907663423793e-05
241664,8.459188393317163e-05,1.1312372740358114,-0.08622553118038923,0.01318359375,0.0013593225012300536,9.597200887523469e-05
242688,0.002669806475751102,2.360075317323208,-0.1129663537722081,0.0419921875,0.004826141273952089,9.595494111623145e-05
243712,0.0027255968016106635,0.6952835991978645,-0.06178370083216578,0.01318359375,0.0012877377157565206,9.59378733572282e-05
244736,-0.0011417183704907075,1.0331990523263812,-0.08372938656248152,0.01806640625,0.0016079086053650826,9.592080559822496e-05
245760,-0.005423948663519695,1.537563806399703,-0.07509644352830946,0.0419921875,0.005995042636641301,9.590373783922172e-05
246784,-0.00234891107538715,1.776960527524352,-0.1246569650247693,0.0341796875,0.003317082577268593,9.588667008021848e-05
247808,0.002501137903891504,0.6855791639536619,-0.07213385513750836,0.015625,0.0018865007004933432,9.586960232121523e-05
248832,0.0010645713773556054,1.0509514855220914,-0.05839972326066345,0.02001953125,0.0017128605541074648,9.585253456221198e-05
249856,1.836079900385812e-05,0.3401633482426405,-0.0440896037616767,0.01513671875,0.0014279250463005155,9.583546680320874e-05
250880,-0.00024176759325200692,0.2358115678653121,-0.03311643155757338,0.01806640625,0.00267288061149884,9.58183990442055e-05
251904,0.0010191094188485295,0.86585592944175,-0.07719824358355254,0.02685546875,0.0038193295331439003,9.580133128520226e-05
252928,-0.0009196149476338178,1.32175568677485,-0.06506683363113552,0.01416015625,0.0021477097761817276,9.578426352619901e-05
253952,-0.0023307772062253207,0.7948707873001695,-0.06349652848439291,0.013671875,0.0010553618922131136,9.576719576719577e-05
254976,-0.0017526070587337017,0.17213892750442028,-0.033785752282710746,0.01416015625,0.001568210413097404,9.575012800819253e-05
256000,-0.0007991006132215261,1.2144189327955246,-0.054687114839907736,0.03369140625,0.00483376593911089,9.573306024918929e-05
257024,-0.0014350340934470296,0.5030440832488239,-0.04003992129582912,0.01220703125,0.0010767174971988425,9.571599249018605e-05
258048,-4.848235403187573e-05,0.1295259080361575,-0.031464728688661125,0.01123046875,0.00178265139402356,9.56989247311828e-05
259072,-0.0006027017880114727,0.2013080702163279,-0.029299959998752456,0.0078125,0.0007752080564387143,9.568185697217956e-05
260096,-0.0010797337599797174,1.0616234503686428,-0.056419571745209396,0.01171875,0.0027825134311569855,9.566478921317632e-05
261120,-0.0004207465681247413,0.4217215133830905,-0.045454841951141134,0.0048828125,0.000373667135136202,9.564772145417307e-05
262144,-0.0009153659775620326,0.6627144869416952,-0.0427831846754998,0.01318359375,0.0015302896063076332,9.563065369516983e-05
263168,0.0035601460840553045,0.34591451566666365,-0.038229818106628954,0.01416015625,0.00280357371957507,9.561358593616658e-05
264192,-0.0018400801054667681,0.782137343659997,-0.049321333557600155,0.02197265625,0.004024495254270732,9.559651817716334e-05
265216,0.0008788854320300743,0.510489652864635,-0.044714140763971955,0.0107421875,0.0015659422642784193,9.55794504181601e-05
266240,-0.000892269061296247,0.2143559877295047,-0.040981112368172035,0.00830078125,0.0013159073132555932,9.556238265915686e-05
267264,5.059409886598587e-07,1.035448002628982,-0.048181307211052626,0.02099609375,0.0040168017003452405,9.554531490015361e-05
268288,-0.0020883093238808215,0.2833224462810904,-0.0485998809162993,0.013671875,0.0012996301666134968,9.552824714115037e-05
269312,-0.0012659215281018987,0.16744574531912804,-0.03618687194830272,0.0166015625,0.002995157556142658,9.551117938214713e-05
270336,1.1215393897145987e-05,0.2233803286217153,-0.034601187908265274,0.0126953125,0.0018923689349321648,9.549411162314389e-05
271360,-0.000997742114122957,0.3526531576644629,-0.039309062354732305,0.01220703125,0.001282023251405917,9.547704386414065e-05
272384,-0.00019070724374614656,0.6605291329324245,-0.044246755132917315,0.00732421875,0.0014713310083607212,9.54599761051374e-05
273408,-0.000475100998301059,0.5004415391013026,-0.038736630289349705,0.0126953125,0.0011130377388326451,9.544290834613415e-05
274432,-0.0016482632927363738,0.35455244686454535,-0.035198062483686954,0.01171875,0.0013904802908655256,9.542584058713091e-05
275456,-0.0002652654075063765,0.7213167995214462,-0.03954815924225841,0.0107421875,0.0014262025797506794,9.540877282812767e-05
276480,-0.00016109758871607482,0.3363970504142344,-0.041729101445525885,0.0205078125,0.004165107602602802,9.539170506912443e-05
277504,-0.0025166247360175475,0.4115000404417515,-0.048660800501238555,0.04541015625,0.0066505086433608085,9.537463731012118e-05
278528,-0.0017966731684282422,0.40977987460792065,-0.03684151405468583,0.01171875,0.0010046062670880929,9.535756955111794e-05
279552,-0.0009187628165818751,0.09508413833100349,-0.03184283009613864,0.01513671875,0.002170670311897993,9.53405017921147e-05
280576,-0.0020109460165258497,0.7479157065972686,-0.05167067958973348,0.0146484375,0.001796983793610707,9.532343403311146e-05
281600,-0.00021403050050139427,0.5211537331342697,-0.03865021464298479,0.015625,0.003581148077500984,9.530636627410821e-05
282624,-0.0020255654671927914,0.7480566664598882,-0.03388602560153231,0.02294921875,0.0035089279408566654,9.528929851510497e-05
283648,-0.0002470499894116074,0.1652507083490491,-0.028694671142147854,0.0087890625,0.000848813564516604,9.527223075610173e-05
284672,-0.001992493125726469,0.10634957533329725,-0.02717244652012596,0.01904296875,0.008507525199092925,9.525516299709849e-05
285696,-0.0013519185449695215,0.5985404835082591,-0.03621981741162017,0.01953125,0.0024207930982811376,9.523809523809524e-05
286720,-0.00041439998312853277,0.12402739212848246,-0.026548193476628512,0.0048828125,0.0004929112328682095,9.5221027479092e-05
287744,-0.0006171070563141257,0.5589940233621746,-0.03091549052624032,0.00927734375,0.0011493740748846903,9.520395972008875e-05
288768,0.0006393513758666813,0.3120633359067142,-0.048997377685736865,0.01318359375,0.0013004764332436025,9.518689196108551e-05
289792,0.0029746746586170048,0.8409502245485783,-0.05007121758535504,0.0185546875,0.0019622706022346392,9.516982420208227e-05
290816,-0.0010480317141627893,0.49093347997404635,-0.03427786537940847,0.01220703125,0.0011191835947101936,9.515275644307903e-05
291840,-7.017501047812402e-06,0.7673491137102246,-0.0448888978571631,0.00439453125,0.0006104597268858925,9.513568868407578e-05
292864,-0.0005256797303445637,0.6853463258594275,-0.05309797084191814,0.03466796875,0.006867434596642852,9.511862092507254e-05
293888,-0.0003930161037715152,0.12265326082706451,-0.031684452304034494,0.0087890625,0.0015576415607938543,9.51015531660693e-05
294912,0.004070579765539151,0.1342356449458748,-0.026588302869640756,0.00830078125,0.0021349279704736546,9.508448540706606e-05
295936,9.926862549036741e-05,0.18972861976362765,-0.03228840739757288,0.01904296875,0.006449904962209985,9.506741764806281e-05
296960,0.00019328834605403244,0.5469471565447748,-0.04547773783269804,0.01123046875,0.0009582437050994486,9.505034988905957e-05
297984,-0.0011423176183598116,0.44786597322672606,-0.05089152208529413,0.0166015625,0.001939426249009557,9.503328213005633e-05
299008,-0.0009811852578422986,0.1595404671970755,-0.03874857979826629,0.0107421875,0.0015338595549110323,9.501621437105308e-05
300032,-0.0009678738133516163,0.11676745361182839,-0.03598720140871592,0.015625,0.0028929305699421093,9.499914661204984e-05
301056,-0.0015024685708340257,0.5828660663682967,-0.037204700740403496,0.02685546875,0.011250469804508612,9.49820788530466e-05
302080,-0.0031487347441725433,0.9511330863460898,-0.07361123769078404,0.04443359375,0.00875961959536653,9.496501109404335e-05
303104,-0.0009481938759563491,0.7386918570846319,-0.04284633579663932,0.0234375,0.004485909972572699,9.494794333504011e-05
304128,-0.0018558971205493435,0.17712892615236342,-0.04186365377972834,0.01904296875,0.002633594805956818,9.493087557603687e-05
305152,2.6340901968069375e-05,0.08772444527130574,-0.04552332521416247,0.0224609375,0.0038425231323344633,9.491380781703363e-05
306176,-0.000848367388243787,0.6468536863103509,-0.0464429487765301,0.01904296875,0.002933990879682824,9.489674005803038e-05
307200,0.001201010716613382,0.8262974941171706,-0.05743116314988583,0.0126953125,0.002217839297372848,9.487967229902714e-05
308224,-0.0014681793763884343,0.3614628571085632,-0.04049236507853493,0.01953125,0.003282856385339983,9.48626045400239e-05
309248,-0.005026263796025887,0.7225919784978032,-0.07682968798326328,0.044921875,0.00611136294901371,9.484553678102066e-05
310272,-0.0032503159309271723,0.8784967437386513,-0.06411600625142455,0.02099609375,0.006147628751932643,9.482846902201741e-05
311296,-0.0030554072582162917,0.6647054124623537,-0.06002444087062031,0.02490234375,0.0033203014609171078,9.481140126301416e-05
312320,-0.0006602462235605344,0.3231001968961209,-0.043154412298463285,0.0107421875,0.002222200550022535,9.479433350401092e-05
313344,-0.0009465965558774769,0.7106149906758219,-0.05347372725373134,0.02685546875,0.002330340663320385,9.477726574500768e-05
314368,0.011203929607290775,0.8895818116143346,-0.06042572756996378,0.0341796875,0.0208609884721227,9.476019798600444e-05
315392,-3.078588633798063e-05,0.21680761873722076,-0.03164605479105376,0.02001953125,0.006255126252654009,9.47431302270012e-05
316416,0.006380345890647732,1.3773191273212433,-0.10001812060363591,0.03076171875,0.009857778248260729,9.472606246799795e-05
317440,0.0006507417419925332,1.6838202439248562,-0.0958937710383907,0.0556640625,0.012843479256844148,9.470899470899471e-05
318464,0.00013724875316256657,0.5188149539753795,-0.036728322331327945,0.0087890625,0.0015396867383969948,9.469192694999147e-05
319488,-0.0004151541506871581,1.0098877269774675,-0.05076453086803667,0.00390625,0.0002340566279599443,9.467485919098824e-05
320512,-0.0015505634801229462,0.620790365152061,-0.05107673825114034,0.015625,0.001703892499790527,9.465779143198498e-05
321536,-0.00010013277642428875,0.14286276791244745,-0.031185858868411742,0.01708984375,0.004556751373456791,9.464072367298174e-05
322560,-0.00036595894198399037,0.19658845919184387,-0.033474620126071386,0.01220703125,0.001556284201797098,9.46236559139785e-05
323584,-9.123684139922261e-05,0.38466550246812403,-0.04591678665019572,0.02001953125,0.0028715187509078532,9.460658815497525e-05
324608,-0.002930237737018615,0.728790351189673,-0.0524572444264777,0.0146484375,0.0018988562806043774,9.458952039597201e-05
325632,0.0018581443146103993,0.12532336451113224,-0.033717591053573415,0.02001953125,0.004313886907766573,9.457245263696876e-05
326656,-0.00028842026949860156,0.7642075312323868,-0.050257718947250396,0.02001953125,0.0023565968440379947,9.455538487796552e-05
327680,-0.004515437889494933,0.43002411304041743,-0.05028691026382148,0.02490234375,0.006218225811608136,9.453831711896228e-05
328704,-0.0008206613129004836,0.1689392828848213,-0.03621067083440721,0.00732421875,0.0009109222737606615,9.452124935995904e-05
329728,-0.0007450483390130103,0.1689149523153901,-0.023533203922852408,0.009765625,0.0007839259342290461,9.45041816009558e-05
330752,-0.0005973935330985114,0.1202055134344846,-0.028234540775883943,0.01171875,0.0010813549015438184,9.448711384195255e-05
331776,-0.0021991856046952307,0.4779546847566962,-0.033999396317085484,0.02001953125,0.0025857867731247097,9.447004608294931e-05
332800,0.00023616605176357552,0.7642618203535676,-0.03953823616029695,0.0078125,0.0007625222788192332,9.445297832394608e-05
333824,0.0022972656443016604,0.13340112718287855,-0.02856715754023753,0.0234375,0.007303902937564999,9.443591056494284e-05
334848,-0.002731122323893942,0.4625622481107712,-0.04222576488973573,0.02587890625,0.0066243462497368455,9.441884280593958e-05
335872,-0.0010359837033320218,0.4541582679376006,-0.03952329303137958,0.01171875,0.0024314001493621618,9.440177504693634e-05
336896,4.073005402460694e-05,0.1295797594357282,-0.027931801159866154,0.01416015625,0.0030303590174298733,9.438470728793309e-05
337920,0.0018554079288151115,0.1483335541561246,-0.029680850042495877,0.013671875,0.0032053493050625548,9.436763952892985e-05
338944,0.005396710446802899,1.5959924031049013,-0.059456862800288945,0.03955078125,0.004359270169516094,9.435057176992661e-05
339968,0.01270570617634803,3.3636416904628277,-0.11172503302805126,0.0556640625,0.007381300572887994,9.433350401092336e-05
340992,0.022635633125901222,4.181489586830139,-0.1594568609725684,0.07666015625,0.03186686475237366,9.431643625192012e-05
342016,0.0034769194026011974,8.607092648744583,-0.320864908862859,0.14013671875,0.011920990058570169,9.429936849291688e-05
343040,0.0002951261558337137,0.4825573265552521,-0.04468110291054472,0.01025390625,0.0008598438871558756,9.428230073391365e-05
344064,0.00720903676119633,1.0467788772657514,-0.05563551723025739,0.02587890625,0.003071050639846362,9.42652329749104e-05
345088,0.005255021125776693,0.15733457077294588,-0.03195276529004332,0.01318359375,0.0030019978439668193,9.424816521590715e-05
346112,-0.004387012348161079,2.5332326125353575,-0.09892766957636923,0.05126953125,0.006020285683916882,9.423109745690392e-05
347136,-0.0008216285932576284,5.597339056432247,-0.2395990863442421,0.0390625,0.0032630052883177996,9.421402969790068e-05
348160,-0.004560811612464022,2.2670964151620865,-0.12395843979902565,0.03955078125,0.0028315164090599865,9.419696193889744e-05
349184,-0.0014122041902737692,0.4521920483093709,-0.0474812644533813,0.017578125,0.0023966528387973085,9.417989417989419e-05
350208,-0.002698643147596158,0.7397941770032048,-0.05803299869876355,0.02880859375,0.003181090476573445,9.416282642089093e-05
351232,0.00017885254055727273,0.4840979459695518,-0.04349918902153149,0.01806640625,0.0030708773265359923,9.41457586618877e-05
352256,-0.0014924397255526856,0.39629270625300705,-0.051439548027701676,0.0146484375,0.00227357646508608,9.412869090288445e-05
353280,-0.00019786196935456246,0.9039035076275468,-0.0756992397364229,0.01806640625,0.0012668316339841112,9.411162314388122e-05
354304,0.0009528564987704158,0.14064825838431716,-0.040571984834969044,0.0146484375,0.0022311902575893328,9.409455538487796e-05
355328,0.000796900421846658,0.12010268878657371,-0.042101318773347884,0.0263671875,0.002990852386574261,9.407748762587472e-05
356352,0.000316556979669258,1.5333371367305517,-0.08373370533809066,0.0263671875,0.00301165712880902,9.406041986687149e-05
357376,0.002663821738678962,1.0969469882547855,-0.07303658092860132,0.03662109375,0.004436466348124668,9.404335210786825e-05
358400,0.0004361836763564497,0.10911759594455361,-0.03166753691039048,0.01171875,0.0011133644875371829,9.402628434886501e-05
359424,-0.0024854935763869435,0.4962716205045581,-0.04254902130924165,0.02001953125,0.0023860942164901644,9.400921658986176e-05
360448,0.006213299900991842,2.2902668192982674,-0.09887007856741548,0.03369140625,0.0037922350456938148,9.399214883085852e-05
361472,0.0001691725046839565,2.2158985175192356,-0.10995039495173842,0.02880859375,0.0025842274335445836,9.397508107185526e-05
362496,-0.0004800794704351574,1.004931351635605,-0.06048906809883192,0.02197265625,0.0021154217974981293,9.395801331285203e-05
363520,-0.0005353216547518969,0.1807339598890394,-0.035967997391708195,0.00830078125,0.0010257103713229299,9.394094555384879e-05
364544,0.001200686499942094,0.1832730076275766,-0.030303750550956465,0.01416015625,0.002065220760414377,9.392387779484553e-05
365568,0.0015493670071009547,1.579447640106082,-0.07095711905276403,0.0166015625,0.001571693122969009,9.39068100358423e-05
366592,0.001314697932684794,0.11709705018438399,-0.0273794908716809,0.0166015625,0.004404084902489558,9.388974227683906e-05
367616,0.0007268718036357313,0.13823250657878816,-0.03853255580179393,0.01416015625,0.0017144597077276558,9.387267451783582e-05
368640,0.00017156758258352056,0.28421679814346135,-0.03977956614107825,0.01318359375,0.003306968981632963,9.385560675883256e-05
369664,-0.0021555528219323605,1.49481828417629,-0.054800680838525295,0.02197265625,0.0038434849702753127,9.383853899982933e-05
370688,-0.0018741987587418407,0.4482291522435844,-0.04116645755129866,0.0263671875,0.006401447608368471,9.382147124082609e-05
371712,-0.0014687413349747658,0.5874322899617255,-0.04445399477845058,0.0166015625,0.0011798936611739919,9.380440348182285e-05
372736,-0.0019733504159376025,0.5093992149922997,-0.035910437611164525,0.02099609375,0.0024343916884390637,9.378733572281961e-05
373760,-0.0027855279040522873,0.7768188361078501,-0.04649093741318211,0.025390625,0.005367814388591796,9.377026796381636e-05
374784,-0.008491679676808417,2.5951995849609375,-0.09020215121563524,0.03466796875,0.007089449441991746,9.37532002048131e-05
375808,-0.004029231349704787,0.4747645475436002,-0.04097550790174864,0.02099609375,0.005687307377229445,9.373613244580987e-05
376832,-0.0014626665506511927,0.26040733978152275,-0.03521452599670738,0.0234375,0.004821906433789991,9.371906468680663e-05
377856,0.0007831639086361974,13.405733466148376,-0.36892289109528065,0.08837890625,0.0078117655793903396,9.370199692780339e-05
378880,0.0028904870559927076,3.5336821004748344,-0.1246265284717083,0.0439453125,0.003348601167090237,9.368492916880014e-05
379904,-0.002688442327780649,0.8281362149864435,-0.050633892649784684,0.0400390625,0.007899852804257534,9.36678614097969e-05
380928,-0.0015780967005412094,0.4532918247859925,-0.03906523232581094,0.00927734375,0.0009459761786274612,9.365079365079366e-05
381952,-0.001329027880274225,0.41773328417912126,-0.03730594107764773,0.01171875,0.0008946453453972936,9.363372589179042e-05
382976,-0.0012665012327488512,0.14078377024270594,-0.025724144375999458,0.0107421875,0.0013892226561438292,9.361665813278717e-05
384000,0.00019817339489236474,0.3654453922063112,-0.036477610177826136,0.00732421875,0.001168029906693846,9.359959037378393e-05
385024,-0.0013315401738509536,0.12504982214886695,-0.0323230761277955,0.01416015625,0.0019798111607087776,9.358252261478069e-05
386048,-0.0007506924739573151,0.547739296220243,-0.04239622064051218,0.013671875,0.0009583168430253863,9.356545485577745e-05
387072,0.0009974279382731766,1.8300843629986048,-0.08605465246364474,0.02001953125,0.0021793197374790907,9.354838709677421e-05
388096,0.002209176425822079,0.6213785861618817,-0.04705124959582463,0.01025390625,0.0034515648148953915,9.353131933777094e-05
389120,-0.0019687407766468823,0.1601693443953991,-0.04073757279547863,0.021484375,0.0037492166156880558,9.35142515787677e-05
390144,-0.0012683087988989428,0.35361535055562854,-0.043265726300887764,0.02294921875,0.004049345036037266,9.349718381976447e-05
391168,0.00019773843087023124,0.0998352721799165,-0.033688510971842334,0.0087890625,0.000976075476501137,9.348011606076123e-05
392192,0.0014088580064708367,0.07524352625478059,-0.02839627726643812,0.00830078125,0.002107290696585551,9.346304830175799e-05
393216,-0.0009089757513720542,0.9453796623274684,-0.05958491284400225,0.01318359375,0.0015988795348675922,9.344598054275474e-05
394240,-0.0006639861967414618,0.915554235689342,-0.06582726328633726,0.03173828125,0.004758243361720815,9.34289127837515e-05
395264,-0.0010469996050233021,0.12941943272016943,-0.030618001248512883,0.01318359375,0.00245657519553788,9.341184502474826e-05
396288,-1.8251826986670494e-05,0.18479921226389706,-0.03134738723747432,0.01806640625,0.005442115420009941,9.339477726574502e-05
397312,-0.002100172860082239,1.2594505343586206,-0.07399974332656711,0.02294921875,0.0033494656527182087,9.337770950674177e-05
398336,-0.0016115546750370413,0.5826710099354386,-0.05240701913135126,0.02587890625,0.003107400829321705,9.336064174773853e-05
399360,0.0014030722086317837,0.36890550469979644,-0.036614020966226235,0.01416015625,0.0027005899173673242,9.334357398873528e-05
400384,0.00023342468193732202,0.8900710716843605,-0.06277321092784405,0.01220703125,0.001891478561447002,9.332650622973204e-05
401408,0.0003158246399834752,1.1461116904392838,-0.06314158084569499,0.02392578125,0.0034168056154157966,9.33094384707288e-05
402432,-0.0005994598468532786,1.1395109966397285,-0.06957100122235715,0.0126953125,0.0009179657063214108,9.329237071172555e-05
403456,0.0006537337612826377,0.16507522528991103,-0.028170543861051556,0.0087890625,0.0008617517451057211,9.32753029527223e-05
404480,-0.0016611763276159763,0.13355568214319646,-0.03417532143794233,0.01513671875,0.001653653001994826,9.325823519371907e-05
405504,-0.0003018675488419831,0.4163385215215385,-0.03915505815530196,0.01171875,0.0034539869520813227,9.324116743471583e-05
406528,0.000741513300454244,0.14569458388723433,-0.029392090189503506,0.0185546875,0.0033830388128990307,9.322409967571259e-05
407552,-0.0008062877459451556,0.12323915702290833,-0.032629975758027285,0.013671875,0.001653492814511992,9.320703191670934e-05
408576,-0.0008409504807787016,0.4460837943479419,-0.03766956873005256,0.00634765625,0.0008590565266786143,9.31899641577061e-05
409600,-0.000915649434318766,0.3329939360264689,-0.037285418569808826,0.01220703125,0.00171486237377394,9.317289639870286e-05
410624,-0.002346224537177477,0.43133448902517557,-0.04389342153444886,0.0185546875,0.0033408776653232053,9.315582863969962e-05
411648,0.0005561612197197974,0.15034910733811557,-0.033485851949080825,0.013671875,0.004077697405591607,9.313876088069637e-05
412672,0.0016233572241617367,0.10982863651588559,-0.03279643061978277,0.01171875,0.0018072326492983848,9.312169312169312e-05
413696,-0.000593218304857146,0.5893199094571173,-0.04506591340759769,0.0205078125,0.0019882310152752325,9.310462536268988e-05
414720,-5.363544914871454e-07,0.10822484246455133,-0.03232443673914531,0.01220703125,0.002979690019856207,9.308755760368664e-05
415744,-0.00039083378214854747,0.9436778295785189,-0.06402830145088956,0.01708984375,0.0016121407970786095,9.30704898446834e-05
416768,-0.0014398946368601173,0.09427095472346991,-0.028186294526676647,0.0166015625,0.0038398570904973894,9.305342208568015e-05
417792,0.0011227793002035469,0.1684118362609297,-0.036292018136009574,0.01416015625,0.00217958859866485,9.303635432667691e-05
418816,-0.00017138085968326777,0.3365313101094216,-0.03578509179351386,0.01708984375,0.0028786725597456098,9.301928656767367e-05
419840,0.0005991166108287871,0.5421443602535874,-0.03536765341414139,0.0185546875,0.005306222024955787,9.300221880867043e-05
420864,-0.0037906880606897175,0.6304282294586301,-0.044301352056209,0.017578125,0.0018836909730453044,9.298515104966719e-05
421888,0.00118375650345115,0.13840899313800037,-0.031424601809703745,0.00439453125,0.0005566677718888968,9.296808329066394e-05
422912,-0.0007853623683331534,1.1421774765476584,-0.06218734954018146,0.01123046875,0.001489708709414117,9.29510155316607e-05
423936,-0.00048366995179094374,0.5588684999383986,-0.03941286986810155,0.0087890625,0.0011759525950765237,9.293394777265746e-05
424960,0.0013341404555831105,0.6513477857224643,-0.05070411920314655,0.0146484375,0.004191292711766437,9.291688001365422e-05
425984,0.002147702849470079,0.1432565632276237,-0.029019046734902076,0.0166015625,0.008467106046737172,9.289981225465097e-05
427008,-0.0020022381795570254,1.0491026137024164,-0.057878860272467136,0.01171875,0.0010343776230001822,9.288274449564772e-05
428032,-0.0008807404956314713,0.18761459668166935,-0.0348909676540643,0.00732421875,0.0014998505939729512,9.286567673664448e-05
429056,-0.0008373828313779086,0.4328285548835993,-0.03934212643071078,0.017578125,0.0023805027012713253,9.284860897764124e-05
430080,7.748565985821187e-05,0.7314429339021444,-0.05797769274795428,0.01611328125,0.002868519237381406,9.2831541218638e-05
431104,-0.0023648212663829327,0.5202815684024245,-0.049240656197071075,0.01220703125,0.0020116699597565457,9.281447345963475e-05
432128,-0.0003315452777314931,1.520920056849718,-0.07745777443051338,0.02001953125,0.0017245756753254682,9.279740570063151e-05
433152,0.0006275712657952681,0.10389232030138373,-0.033471014932729304,0.01171875,0.0018691031145863235,9.278033794162827e-05
434176,-0.0004971136804670095,0.16716161626391113,-0.02588086819741875,0.01171875,0.0013012087147217244,9.276327018262503e-05
435200,0.009645865706261247,0.16498107323423028,-0.027092106989584863,0.013671875,0.006974178337259218,9.274620242362179e-05
436224,-0.001112208206905052,0.07685177586972713,-0.02734995288483333,0.0107421875,0.00242583999352064,9.272913466461854e-05
437248,-0.0012340191751718521,0.48871165444143116,-0.03478940820787102,0.01806640625,0.0022621648386120796,9.271206690561529e-05
438272,-0.0007075351750245318,0.18491797568276525,-0.03042613112484105,0.01171875,0.0028833603573730215,9.269499914661206e-05
439296,-0.0008210910891648382,0.3911764544900507,-0.03408968240546528,0.0205078125,0.0057016576756723225,9.267793138760881e-05
440320,-0.0010816403664648533,0.3905884593259543,-0.03618381032720208,0.013671875,0.0018862894357880577,9.266086362860557e-05
441344,0.0009069984080269933,0.13802069169469178,-0.03115529015485663,0.0107421875,0.0020998316031182185,9.264379586960232e-05
442368,-0.0027780262753367424,0.3387366929091513,-0.0370124124456197,0.01708984375,0.00713683626963757,9.262672811059908e-05
443392,-0.0025130263529717922,0.5970950494520366,-0.039332142274361104,0.02099609375,0.003185295397997834,9.260966035159584e-05
444416,-0.00035737727012019604,1.0096943457610905,-0.05339267657836899,0.0048828125,0.00035523390397429466,9.25925925925926e-05
445440,-0.000271310011157766,0.4592762808315456,-0.038969000463112025,0.0048828125,0.0005670351965818554,9.257552483358935e-05
446464,0.0025366071349708363,0.5108031004201621,-0.03630592318950221,0.01025390625,0.0015411304484587163,9.255845707458611e-05
447488,-0.002656782802660018,0.90645966026932,-0.05216957951779477,0.01904296875,0.001914027816383168,9.254138931558287e-05
448512,-0.0007269198104040697,0.7757854261435568,-0.03628399834269658,0.0185546875,0.002697588090086356,9.252432155657963e-05
449536,-0.0005411955571617,0.3275601635687053,-0.03283575302339159,0.005859375,0.0010857814777409658,9.25072537975764e-05
450560,0.0002442713885102421,0.19353983434848487,-0.0327943691299879,0.01123046875,0.0010275979875586927,9.249018603857314e-05
451584,0.0007781224849168211,0.1442558125127107,-0.028596426571311895,0.00537109375,0.0011328398395562544,9.247311827956989e-05
452608,0.0005477946833707392,0.09348846052307636,-0.027882244175998494,0.01171875,0.0022769899806007743,9.245605052056665e-05
453632,-0.00015487901691813022,0.3385281509254128,-0.037829827328096144,0.017578125,0.0029670227377209812,9.243898276156341e-05
454656,0.00032836654281709343,1.5336943827569485,-0.05500553682213649,0.02294921875,0.0035554688365664333,9.242191500256017e-05
455680,0.0009293310577049851,0.09184677270241082,-0.029739700592472218,0.02001953125,0.005769477080320939,9.240484724355692e-05
456704,0.0007862461206968874,0.5726689510047436,-0.04791399999521673,0.00927734375,0.0008085396548267454,9.238777948455368e-05
457728,-0.00022177380742505193,0.6890553403645754,-0.04632324038539082,0.013671875,0.0014370012358995155,9.237071172555044e-05
458752,-0.0001266261242562905,0.1271448617335409,-0.028484873691922985,0.01611328125,0.0030314907926367596,9.23536439665472e-05
459776,-0.0006993833885644563,0.5595196122303605,-0.05468564567854628,0.015625,0.0016901935305213556,9.233657620754395e-05
460800,0.0006950855167815462,0.13603947102092206,-0.03224611053155968,0.01904296875,0.00398468371713534,9.231950844854071e-05
461824,0.0005362731753848493,0.1252722693607211,-0.023331812198193802,0.0224609375,0.006348813578370027,9.230244068953747e-05
462848,-0.0011662244942272082,0.3411889912094921,-0.032334682953660376,0.005859375,0.0009237526101060212,9.228537293053423e-05
463872,-0.0002219243033323437,0.22725724102929235,-0.03562886855797842,0.01416015625,0.002562833484262228,9.226830517153098e-05
464896,-0.0007157225190894678,0.10647549701388925,-0.029069394775433466,0.01904296875,0.002588043687865138,9.225123741252774e-05
465920,-0.0005401608650572598,0.23703143908642232,-0.026862935359531548,0.009765625,0.0010565057309577242,9.223416965352449e-05
466944,0.0043362432916183025,0.11710325418971479,-0.025118455290794373,0.01708984375,0.005220984690822661,9.221710189452125e-05
467968,0.0007802380714565516,0.9234182899817824,-0.05138057377189398,0.0322265625,0.005297333482303657,9.220003413551801e-05
468992,-0.0007650860497960821,0.09986422385554761,-0.02034312202158617,0.01025390625,0.00458935383358039,9.218296637651477e-05
470016,0.0003029871149919927,0.1862860033288598,-0.022432289653806947,0.005859375,0.0007590567402075976,9.216589861751152e-05
471040,0.0001937717606779188,0.5905752966646105,-0.03732798824785277,0.0068359375,0.0007928674604045227,9.214883085850828e-05
472064,0.0013584579719463363,0.4471658512484282,-0.0375788742385339,0.0068359375,0.000961525714956224,9.213176309950504e-05
473088,-0.0007443321155733429,0.1409009217750281,-0.025154983617539983,0.00927734375,0.0017502940754638985,9.21146953405018e-05
474112,0.0037067508965265006,1.3566606100648642,-0.060908879444468766,0.02587890625,0.0040215100889327005,9.209762758149855e-05
475136,-0.0012609805853571743,0.49345557880587876,-0.03985944378655404,0.0078125,0.0006007267802488059,9.20805598224953e-05
476160,-0.0008503403660142794,0.10493356711231172,-0.03331702035211492,0.0107421875,0.001770468326867558,9.206349206349207e-05
477184,-0.0048829514416866004,1.2371701430529356,-0.06413944327505305,0.0283203125,0.00415535579668358,9.204642430448882e-05
478208,-0.001157206846983172,0.36581753636710346,-0.037959341920213774,0.0185546875,0.002224739029770717,9.202935654548558e-05
479232,0.001312802080065012,0.4021359474863857,-0.03135453390859766,0.01513671875,0.004149541549850255,9.201228878648234e-05
480256,-0.0012297286884859204,0.0802885857410729,-0.030656510207336396,0.01611328125,0.0029378876934060827,9.199522102747909e-05
481280,-0.000952616916038096,0.4798215567134321,-0.034490459045628086,0.01025390625,0.0016463888896396384,9.197815326847585e-05
482304,0.001206558765261434,0.36999069922603667,-0.04448331071762368,0.01220703125,0.0016420846804976463,9.196108550947261e-05
483328,0.00042609558295225725,0.45234249881468713,-0.040627096459502354,0.01806640625,0.0040429188520647585,9.194401775046937e-05
484352,-0.0015756621723994613,0.30082685872912407,-0.03543504469416803,0.01953125,0.0020261041063349694,9.192694999146612e-05
485376,0.004655831588024739,0.13560836529359221,-0.03274234019772848,0.0087890625,0.002809120240272023,9.190988223246288e-05
486400,0.00015787864685989916,0.5468949163332582,-0.045783000241499394,0.02197265625,0.003769080532947555,9.189281447345964e-05
487424,0.002367056265939027,0.0979788611875847,-0.026299227232811972,0.01513671875,0.003372926643351093,9.18757467144564e-05
488448,-0.0005718645552406088,0.12422621436417103,-0.031062974128872156,0.0087890625,0.0008981137798400596,9.185867895545315e-05
489472,-0.0005352506705094129,1.0329697607085109,-0.05166734236991033,0.01708984375,0.0035876589827239513,9.18416111964499e-05
490496,-0.0003473418910289183,0.6513940209988505,-0.0451424922212027,0.00341796875,0.0002662425977177918,9.182454343744666e-05
491520,-0.00124324529315345,0.12154284096322954,-0.02694448726833798,0.01220703125,0.005565669314819388,9.180747567844342e-05
492544,-0.0010179022356169298,0.21133176842704415,-0.026208207185845822,0.0087890625,0.0017572231154190376,9.179040791944018e-05
493568,-0.0022175814083311707,0.553090353962034,-0.039464801928261295,0.02587890625,0.006700357320369221,9.177334016043694e-05
494592,0.0011108186445198953,1.5669928956776857,-0.10642416612245142,0.03173828125,0.003111933430773206,9.175627240143369e-05
495616,0.0014841914671706036,1.230409111827612,-0.07848220807500184,0.029296875,0.0034135501482523978,9.173920464243045e-05
496640,-0.0011521894557517953,0.09995814133435488,-0.028938990260940045,0.01318359375,0.00212456431472674,9.172213688342721e-05
497664,0.0005745160451624542,0.10331393464002758,-0.029618544649565592,0.013671875,0.0035054113250225782,9.170506912442398e-05
498688,-0.00048021533439168707,0.12275439337827265,-0.032202621398027986,0.01220703125,0.0023696790303802118,9.168800136542072e-05
499712,-0.00021299973013810813,0.08441381412558258,-0.03360918007456348,0.01220703125,0.0025177120696753263,9.167093360641748e-05
500736,0.00801967375446111,0.08469184651039541,-0.029003235598793253,0.02099609375,0.007862626560381614,9.165386584741425e-05
501760,-0.00034809866338036954,0.10098136588931084,-0.030031341477297246,0.009765625,0.0010114636679645628,9.163679808841099e-05
502784,-0.001395982333633583,0.08508570597041398,-0.02377699349017348,0.00927734375,0.0021168107050471008,9.161973032940775e-05
503808,-0.0004058091144543141,1.0978024024516344,-0.06076400802703574,0.02197265625,0.002057628400507383,9.16026625704045e-05
504832,-0.0026233569806208834,1.3430229034274817,-0.07022840157151222,0.025390625,0.004454488516785204,9.158559481140126e-05
505856,-0.00035088788717985153,0.34894618834368885,-0.03464060740952846,0.0205078125,0.0032712390093365684,9.156852705239802e-05
506880,-0.001544885482871905,0.3755071412306279,-0.03389672506455099,0.0126953125,0.0032226843904936686,9.155145929339478e-05
507904,-0.0001028987389872782,0.14002004987560213,-0.031060007531777956,0.01123046875,0.0021814029896631837,9.153439153439155e-05
508928,5.782701191492379e-05,0.1418927782215178,-0.03302850300678983,0.01171875,0.0019351729424670339,9.15173237753883e-05
509952,0.0010849860409507528,0.34438908426091075,-0.038165104284416884,0.0166015625,0.003989472999819554,9.150025601638505e-05
510976,0.002796819928335026,0.12206013780087233,-0.029237870126962662,0.009765625,0.0057682019541971385,9.148318825738182e-05
512000,-0.001720706350170076,0.6931603318080306,-0.04188543249620125,0.0078125,0.0019901106716133654,9.146612049837858e-05
513024,-0.00012189317203592509,1.9283365197479725,-0.07682193431537598,0.02294921875,0.0015475491381948814,9.144905273937532e-05
514048,-4.617187369149178e-05,0.47643342334777117,-0.043974870728561655,0.0126953125,0.0008787962287897244,9.143198498037209e-05
515072,-0.0005318565818015486,0.09996197954751551,-0.033421830245060846,0.0185546875,0.005528840149054304,9.141491722136883e-05
516096,-0.0016705622256267816,0.610268191434443,-0.041940724884625524,0.02490234375,0.005693989718565717,9.13978494623656e-05
517120,0.0008957812970038503,0.43215453322045505,-0.043319733056705445,0.01220703125,0.0015507894131587818,9.138078170336236e-05
518144,-0.0025458968884777278,0.5464232028461993,-0.03599329717690125,0.0166015625,0.002451898224535398,9.13637139443591e-05
519168,0.00010383922199252993,0.08208556717727333,-0.026038444149889983,0.0126953125,0.003879748677718453,9.134664618535586e-05
520192,-0.001677477004704997,0.6826626765541732,-0.03851161904458422,0.01513671875,0.003405149298487231,9.132957842635262e-05
521216,0.00023219309514388442,0.08988496090751141,-0.028113901600590907,0.01513671875,0.002885560694267042,9.131251066734939e-05
522240,-0.001206982386065647,0.4185847509652376,-0.03761688171653077,0.01806640625,0.0037332276697270572,9.129544290834615e-05
523264,-0.0011806435941252857,0.12712986511178315,-0.027403664877056144,0.02392578125,0.005812425632029772,9.12783751493429e-05
524288,0.001250817091204226,0.9212268823757768,-0.060960975592024624,0.0302734375,0.005179043480893597,9.126130739033966e-05
525312,-0.0013675671943929046,0.08714832342229784,-0.0239786728634499,0.01171875,0.0013773342943750322,9.124423963133642e-05
526336,0.00015688004350522533,0.5092953494749963,-0.03755061351694167,0.00439453125,0.00033535485272295773,9.122717187233316e-05
527360,-0.0012799525939044543,0.7166291149333119,-0.0355593739222968,0.02587890625,0.006410827554645948,9.121010411332993e-05
528384,-0.0011838759382953867,0.3204422165872529,-0.035165773588232696,0.01611328125,0.003424771173740737,9.119303635432667e-05
529408,-0.0005029430612921715,0.454090669285506,-0.034695093585469294,0.0107421875,0.0011323283251840621,9.117596859532343e-05
530432,-0.00035060083610005677,0.834869802929461,-0.041939026676118374,0.015625,0.0025349879142595455,9.11589008363202e-05
531456,-0.0007276813776115887,0.1718192333355546,-0.026402049072203226,0.01611328125,0.0017972447822103277,9.114183307731696e-05
532480,-0.00013848397065885365,0.12292912392877042,-0.02780997452646261,0.0068359375,0.001497137447586283,9.11247653183137e-05
533504,0.0004633092466974631,0.39074089960195124,-0.0389228951826226,0.01611328125,0.005009325046557933,9.110769755931046e-05
534528,0.00013461023627314717,0.11104501760564744,-0.03595636095269583,0.01123046875,0.001368923534755595,9.109062980030723e-05
535552,0.0010956540063489228,0.13679084600880742,-0.030264094384619966,0.01123046875,0.0024199305480578914,9.107356204130399e-05
536576,-0.0013042255013715476,0.11391237354837358,-0.024233383672253694,0.01025390625,0.001467835099902004,9.105649428230075e-05
537600,-0.0014149080670904368,0.7262451807036996,-0.04598502826411277,0.00830078125,0.0020402797672431916,9.10394265232975e-05
538624,-0.000827381678391248,0.2806547456420958,-0.04078512644628063,0.01025390625,0.0009195570310112089,9.102235876429426e-05
539648,-0.0006811074708821252,0.11866371985524893,-0.02772319328505546,0.00634765625,0.0017007207061396912,9.1005291005291e-05
540672,0.0009094733686652035,0.5001473525771871,-0.030419274931773543,0.01611328125,0.005962152703432366,9.098822324628777e-05
541696,-0.0011030988971469924,0.6171046067029238,-0.04839655943214893,0.01708984375,0.003439755877479911,9.097115548728453e-05
542720,-0.003044436962227337,0.7616091128438711,-0.054409566801041365,0.01953125,0.004132083588046953,9.095408772828127e-05
543744,-0.0007207943417597562,0.7362709892913699,-0.041289619912276976,0.01318359375,0.002595326368464157,9.093701996927804e-05
544768,0.0009714076877571642,0.12901010480709374,-0.025090419170737732,0.0107421875,0.0021198762115091085,9.09199522102748e-05
545792,-0.002762660471489653,0.3624545137863606,-0.037087421282194555,0.0224609375,0.005253431561868638,9.090288445127156e-05
546816,-0.0007847218366805464,0.25240323785692453,-0.045187621435616165,0.01171875,0.001087622469640337,9.08858166922683e-05
547840,-0.0017744036013027653,0.3857474569231272,-0.038723452933481894,0.0087890625,0.0014124681620160118,9.086874893326507e-05
548864,-0.001093882048735395,0.10857955855317414,-0.028924083162564784,0.01318359375,0.0022085578530095518,9.085168117426183e-05
549888,0.00021214639127720147,0.1235378518467769,-0.03234712594712619,0.01513671875,0.004608906237990595,9.083461341525859e-05
550912,-0.0011206597846467048,0.11824362666811794,-0.03256768944993382,0.01904296875,0.006717943106195889,9.081754565625535e-05
551936,-0.0009066759957931936,0.2235533418133855,-0.03444687448791228,0.0234375,0.006704016836010851,9.08004778972521e-05
552960,0.0002662608603714034,0.07937323302030563,-0.02252273247722769,0.00830078125,0.0006607123068533838,9.078341013824884e-05
553984,-0.0016935163585003465,0.13289745210204273,-0.025541404844261706,0.01904296875,0.003438214262132533,9.07663423792456e-05
555008,-0.002547678552218713,0.37825833656825125,-0.047671347216237336,0.0380859375,0.0075991307239746675,9.074927462024237e-05
556032,-0.0014188060449669138,0.1083844790700823,-0.02809817845991347,0.01806640625,0.005127228912897408,9.073220686123913e-05
557056,-0.0018263733581989072,0.5019253776408732,-0.036148612620308995,0.0224609375,0.0032243275636574253,9.071513910223588e-05
558080,-0.0011634199181571603,0.42139401216991246,-0.03555834700819105,0.02392578125,0.004248358774930239,9.069807134323264e-05
559104,-0.002823767965310253,0.3783827475272119,-0.03388193919090554,0.01416015625,0.0025247506564483047,9.06810035842294e-05
560128,0.0014826553233433515,0.9330235058441758,-0.05338957722415216,0.0166015625,0.001728126939269714,9.066393582522616e-05
561152,-0.001090503814339172,0.47216926887631416,-0.029609038974740542,0.0068359375,0.0004283908201614395,9.06468680662229e-05
562176,-4.275522951502353e-05,1.3139022327959538,-0.08756520773749799,0.03857421875,0.005046765872975811,9.062980030721967e-05
563200,-0.001444163965061307,0.7179620806127787,-0.047633606525778305,0.0302734375,0.003419486529310234,9.061273254821643e-05
564224,-0.0020617858681362122,0.7070585626643151,-0.045975181987159885,0.0234375,0.002109595952788368,9.059566478921318e-05
565248,-0.00040457698924001306,0.12961100158281624,-0.027394674565584864,0.015625,0.006443865015171468,9.057859703020994e-05
566272,0.0004262662841938436,0.05705200380180031,-0.02399530721231713,0.013671875,0.005713684993679635,9.056152927120668e-05
567296,0.0013886744854971766,0.3213097855914384,-0.0395995017606765,0.02001953125,0.002303354340256192,9.054446151220345e-05
568320,-0.001237768738064915,0.06158836290705949,-0.031661165558034554,0.01953125,0.005277976539218798,9.052739375320021e-05
569344,-0.0005071612904430367,0.6267947838641703,-0.04470693366602063,0.02294921875,0.005523836938664317,9.051032599419697e-05
570368,-0.001235694347997196,0.06889276509173214,-0.031103822526347358,0.01318359375,0.0010897242609644309,9.049325823519373e-05
571392,-0.0004120103840250522,0.7395147630013525,-0.06621377472765744,0.02099609375,0.0027830347971757874,9.047619047619048e-05
572416,0.00020677284919656813,0.10001948266290128,-0.027931008997256868,0.01220703125,0.001746420020936057,9.045912271718724e-05
573440,-0.0014257082802942023,0.3324417101684958,-0.04418959643226117,0.0087890625,0.0011306886590318754,9.0442054958184e-05
574464,-0.0013740861249971204,0.7733545671217144,-0.04230879375245422,0.0166015625,0.0009758842206792906,9.042498719918076e-05
575488,-0.0004951338196406141,0.5162501665763557,-0.035764437896432355,0.0107421875,0.0011765040690079331,9.040791944017751e-05
576512,-0.00028346134058665484,0.5910746476147324,-0.03788421195349656,0.00830078125,0.0009184031077893451,9.039085168117427e-05
577536,-0.0009389093320351094,0.1669650017283857,-0.041262395490775816,0.021484375,0.0029519750096369535,9.037378392217102e-05
578560,-0.0023867274285294116,0.9654325693845749,-0.04470748919993639,0.02587890625,0.0045622185280080885,9.035671616316778e-05
579584,-0.002933102208771743,0.47857815003953874,-0.04572079284116626,0.0322265625,0.0065639248641673476,9.033964840416454e-05
580608,-0.001359709756798111,1.4105869513005018,-0.0821989435935393,0.02001953125,0.0026679277361836284,9.032258064516129e-05
581632,-0.0023176759423222393,0.16087427618913352,-0.034407147322781384,0.01513671875,0.00217085937038064,9.030551288615805e-05
582656,-0.008199660849641077,1.6280411873012781,-0.08048158779274672,0.03857421875,0.0049581906059756875,9.028844512715481e-05
583680,0.001416493149008602,0.9894814323633909,-0.06281101342756301,0.02490234375,0.002373867100686766,9.027137736815157e-05
584704,-0.0025404476473340765,0.43004969507455826,-0.049804279406089336,0.02587890625,0.006077977741369978,9.025430960914833e-05
585728,-0.0002512846913305111,0.20622376562096179,-0.02944929445220623,0.0146484375,0.002619619423057884,9.023724185014508e-05
586752,-0.004389616864500567,2.600534964352846,-0.15181911131367087,0.06494140625,0.006935665602213703,9.022017409114184e-05
587776,0.007653984590433538,0.10180118202697486,-0.031194757320918143,0.015625,0.003724081499967724,9.02031063321386e-05
588800,-0.004719768854556605,0.3019987940788269,-0.04554658301640302,0.0244140625,0.006191542124724947,9.018603857313536e-05
589824,-0.0003348843165440485,0.7510204878635705,-0.05030458909459412,0.01611328125,0.00326365050568711,9.016897081413211e-05
590848,-0.005802024475997314,0.42780138016678393,-0.05716884024150204,0.04052734375,0.009279727644752711,9.015190305512886e-05
591872,-0.002003077359404415,0.8287875147070736,-0.04074718878837302,0.0244140625,0.0029105168068781495,9.013483529612562e-05
592896,0.0006478995092038531,0.6541943028569221,-0.04331475347862579,0.0146484375,0.0018827154708560556,9.011776753712238e-05
593920,-9.754026541486382e-05,0.1631560882087797,-0.033326077449601144,0.00927734375,0.0010294123931089416,9.010069977811914e-05
594944,-0.0009092493346543051,0.3713483011815697,-0.033139351959107444,0.01171875,0.0022352721280185506,9.008363201911589e-05
595968,-0.0012981856998521835,0.6224891450256109,-0.04459066316485405,0.01904296875,0.0036301524378359318,9.006656426011265e-05
596992,-0.0013846458532498218,0.47192475805059075,-0.04080791785963811,0.009765625,0.001357437577098608,9.004949650110941e-05
598016,-0.0004918700869893655,0.3821112192235887,-0.03457826311932877,0.01318359375,0.0018570794927654788,9.003242874210617e-05
599040,-0.0019274679361842573,0.1674252508673817,-0.02752273086571222,0.01416015625,0.0028979234921280295,9.001536098310293e-05
600064,0.0007517872145399451,0.11073708510957658,-0.02870713906304445,0.0166015625,0.0020380067435326055,8.999829322409968e-05
601088,-0.005495497724041343,0.6609319853596389,-0.05574790318496525,0.04052734375,0.009056081820745021,8.998122546509644e-05
602112,0.001833305403124541,0.09258661256171763,-0.022603662929213897,0.0146484375,0.007227953115943819,8.996415770609319e-05
603136,0.0026144889125134796,1.925038231536746,-0.10707705025561154,0.03759765625,0.0033308894489891827,8.994708994708996e-05
604160,-0.0011209308431716636,0.08653312153182924,-0.01958716948865913,0.00830078125,0.0034816206170944497,8.993002218808671e-05
605184,0.0007929513085400686,0.3629741391632706,-0.03659831273398595,0.01123046875,0.0018326118006370962,8.991295442908346e-05
606208,0.0008336405444424599,0.15717188105918467,-0.0334616223917692,0.017578125,0.0029958145605633035,8.989588667008022e-05
607232,-0.0018078683060593903,0.6599534072447568,-0.045778850675560534,0.01904296875,0.0019944041850976646,8.987881891107698e-05
608256,-0.0015425585734192282,0.07593257923144847,-0.02214195280976128,0.0166015625,0.003689726727316156,8.986175115207374e-05
609280,0.0011767424584832042,1.0185614079236984,-0.05889255250804126,0.0341796875,0.005969415564322844,8.984468339307049e-05
610304,-0.005891426568268798,0.07365635223686695,-0.029360708926105872,0.03857421875,0.03050125270965509,8.982761563406725e-05
611328,-0.003012529108673334,1.2800563545897603,-0.056141416367609054,0.02197265625,0.002387071610428393,8.981054787506401e-05
612352,0.0016104277456179261,1.2967226821929216,-0.09771001734770834,0.0302734375,0.004282317153410986,8.979348011606077e-05
613376,4.552619066089392e-05,1.1477848701179028,-0.096167370560579,0.02294921875,0.0026254041877109557,8.977641235705753e-05
614400,-0.0005309219704940915,0.29914735048078,-0.035819897369947284,0.0107421875,0.0019623109546955675,8.975934459805428e-05
615424,-0.0011305601365165785,0.3155964510515332,-0.04265593062154949,0.01171875,0.0020796246244572103,8.974227683905103e-05
616448,-0.0008892596961231902,0.21109336032532156,-0.025915302325302036,0.00732421875,0.0010055713210022077,8.972520908004779e-05
617472,-0.0016931019781623036,0.3739980657119304,-0.036824665647145594,0.0224609375,0.0029231195367174223,8.970814132104455e-05
618496,0.0011931411863770336,1.819423908367753,-0.12397807533852756,0.03271484375,0.0038205399469006807,8.969107356204131e-05
619520,0.0010336913401260972,1.4253579545766115,-0.0803987612016499,0.0361328125,0.004010825403383933,8.967400580303806e-05
620544,0.0006724036938976496,1.0945920525118709,-0.054360538080800325,0.01416015625,0.0013833498378517106,8.965693804403482e-05
621568,-0.001033421460306272,0.5683963145129383,-0.03183173408615403,0.0126953125,0.002482198382494971,8.963987028503158e-05
622592,-2.718162431847304e-05,0.6116988603025675,-0.04185877076815814,0.009765625,0.0019292520300950855,8.962280252602834e-05
623616,-0.0012602266506291926,0.6362307691015303,-0.04786818946013227,0.009765625,0.0010038884793175384,8.960573476702509e-05
624640,-0.00023144230362959206,1.0037939948961139,-0.05514431407209486,0.01416015625,0.0074373070820001885,8.958866700802185e-05
625664,-0.001753808930516243,0.11099771014414728,-0.03402497147908434,0.02587890625,0.004786497782333754,8.957159924901861e-05
626688,-0.0018117784638889134,0.13327782112173736,-0.027510969186550938,0.0166015625,0.0032479479123139754,8.955453149001537e-05
627712,-0.001484775828430429,0.1073666358133778,-0.024567500189732527,0.01318359375,0.003931281826226041,8.953746373101213e-05
628736,-0.0033772553069866262,0.662281746044755,-0.047318687284132466,0.0263671875,0.005854157541762106,8.952039597200888e-05
629760,0.0008366092370124534,0.11334293789695948,-0.02893623818818014,0.01318359375,0.0012212282308610156,8.950332821300563e-05
630784,-0.000518993430887349,0.11068010912276804,-0.02399354699809919,0.0078125,0.0010000108304666355,8.948626045400239e-05
631808,-9.054757538251579e-05,0.1260492557194084,-0.029208042687969282,0.00634765625,0.0009242282394552603,8.946919269499915e-05
632832,-0.0005695331783499569,0.4329808650072664,-0.031198440759908408,0.021484375,0.007887704399763606,8.945212493599591e-05
633856,0.000539404121809639,0.3856792344013229,-0.031444508727872744,0.0146484375,0.003381982780410908,8.943505717699266e-05
634880,-0.000707751649315469,0.48415493522770703,-0.04118557649780996,0.009765625,0.0012893756938865408,8.941798941798942e-05
635904,-0.002477680376614444,0.3971577051561326,-0.044580547750229016,0.021484375,0.005093420360935852,8.940092165898618e-05
636928,-0.001915168104460463,0.11120527202729136,-0.03201938851270825,0.0166015625,0.005578469383181073,8.938385389998294e-05
637952,-0.00021142858895473182,0.07193330733571202,-0.031719418344437145,0.015625,0.003702325644553639,8.936678614097969e-05
638976,-0.003024038625881076,0.6737046909984201,-0.04480910784332082,0.033203125,0.008225194673286751,8.934971838197645e-05
640000,-0.00048528279876336455,0.9541774820536375,-0.048138507263502106,0.00830078125,0.0009643685043556616,8.93326506229732e-05
641024,-0.0009265764383599162,0.2248062533326447,-0.03167016096631414,0.01171875,0.003108506221906282,8.931558286396997e-05
642048,-0.0010725002939580008,0.5285640442743897,-0.034118278592359275,0.01513671875,0.004786869103554636,8.929851510496672e-05
643072,0.00047973377513699234,0.41877123387530446,-0.040580215289082844,0.01171875,0.0010799930314533412,8.928144734596348e-05
644096,-0.0003232935123378411,0.12405390792991966,-0.028364111291011795,0.01171875,0.0023359105543931946,8.926437958696023e-05
645120,-0.0014300016046036035,0.7482958904001862,-0.04607572767417878,0.0166015625,0.0011342842626618221,8.924731182795699e-05
646144,-2.685809158720076e-05,0.35183257702738047,-0.043208675167988986,0.0205078125,0.003261813646531664,8.923024406895375e-05
647168,0.00109631143277511,0.7057798742316663,-0.05587413808098063,0.015625,0.0017119964759331197,8.921317630995051e-05
648192,-0.00027018217951990664,0.11898135137744248,-0.03033491494716145,0.01904296875,0.0031094193982426077,8.919610855094726e-05
649216,-0.0005326797254383564,0.127656061318703,-0.03496353590890067,0.0205078125,0.005267670101602562,8.917904079194402e-05
650240,-0.0002922140702139586,0.18568549305200577,-0.033967185590881854,0.0078125,0.0014756162709090859,8.916197303294078e-05
651264,-0.000337948658852838,0.4158750686328858,-0.041209692921256647,0.013671875,0.001650500445975922,8.914490527393754e-05
652288,-0.0018632120336405933,1.0022839913144708,-0.056344129727222025,0.01904296875,0.0033943882735911757,8.912783751493429e-05
653312,0.0015678903728257865,0.44851776119321585,-0.03181657753884792,0.013671875,0.003750914635020308,8.911076975593104e-05
654336,0.001184580149129033,0.17179736541584134,-0.03336428591865115,0.01611328125,0.0046238887734944,8.90937019969278e-05
655360,-1.741044980008155e-05,0.45454846043139696,-0.04012109839823097,0.00830078125,0.0006938119913684204,8.907663423792456e-05
656384,-0.001473103868192993,0.4956687316298485,-0.04574306186987087,0.017578125,0.0044666489120572805,8.905956647892132e-05
657408,0.002807810204103589,0.4625934937503189,-0.04817058055778034,0.02197265625,0.0019663098792079836,8.904249871991808e-05
658432,0.0007691714563407004,0.12965682754293084,-0.028303811530349776,0.01416015625,0.004378921395982616,8.902543096091483e-05
659456,-0.0025600815133657306,0.09839986870065331,-0.028074240311980247,0.02099609375,0.008729863329790533,8.900836320191159e-05
660480,-0.0013283094885991886,0.5904302657581866,-0.04734907203237526,0.00830078125,0.0022655093343928456,8.899129544290835e-05
661504,4.1962703107856214e-05,0.08070856833364815,-0.031118566883378662,0.01611328125,0.0031600468209944665,8.897422768390511e-05
662528,-0.0017476513894507661,0.1708606267347932,-0.026080844309035456,0.01123046875,0.0024088735663099214,8.895715992490186e-05
663552,-0.0009459555876674131,0.4571725220885128,-0.03269522817572579,0.01171875,0.0010942513908958063,8.894009216589862e-05
664576,-0.0005628060171147808,0.4978039942216128,-0.03508232338936068,0.0068359375,0.0009704907861305401,8.892302440689538e-05
665600,-0.0006575946026714519,0.679511783644557,-0.04891357576707378,0.00634765625,0.0005300179764162749,8.890595664789215e-05
666624,-0.001333541193162091,0.07880620309151709,-0.02854656570707448,0.013671875,0.0014480062236543745,8.888888888888889e-05
667648,0.00038430385757237673,0.7435295840259641,-0.04598910518689081,0.01025390625,0.0025130963476840407,8.887182112988564e-05
668672,-0.0010522946540731937,0.43652824917808175,-0.04082556132925674,0.0107421875,0.002266370807774365,8.88547533708824e-05
669696,-0.003516879543894902,1.0576769104227424,-0.06531410047318786,0.03076171875,0.008593446560553275,8.883768561187916e-05
670720,0.0021649887930834666,0.10327323444653302,-0.034352244751062244,0.0107421875,0.0021470484498422593,8.882061785287592e-05
671744,-0.00012185502419015393,0.3042275314219296,-0.03845966496737674,0.01806640625,0.002174209672375582,8.880355009387267e-05
672768,-0.0004035344172734767,0.11538207763805985,-0.026588366956275422,0.00830078125,0.00191843778884504,8.878648233486943e-05
673792,-0.001010017454973422,0.4595367666333914,-0.034874884091550484,0.0107421875,0.0013394669658737257,8.87694145758662e-05
674816,-0.004001982495537959,0.055711094522848725,-0.026546237742877565,0.0283203125,0.013378948176978156,8.875234681686295e-05
675840,-0.0018740361192612909,0.3083600355312228,-0.034085477847838774,0.02734375,0.0057639490405563265,8.873527905785972e-05
676864,-0.002572214201791212,0.6689095015171915,-0.06043445278191939,0.013671875,0.0026044290279969573,8.871821129885646e-05
677888,-0.0004595285572577268,0.3754198777023703,-0.03431736740458291,0.0087890625,0.0012822795688407496,8.870114353985321e-05
678912,0.0006271816528169438,0.1266207320149988,-0.027965484478045255,0.02099609375,0.007849519068258815,8.868407578084999e-05
679936,0.0027428131143096834,0.9888909291476011,-0.06560546217951924,0.02587890625,0.0031638420186936855,8.866700802184673e-05
680960,0.0022832623071735725,0.17386050033383071,-0.03109440821572207,0.0078125,0.0016488020482938737,8.86499402628435e-05
681984,0.0016421957116108388,0.6523677946534008,-0.053907651745248586,0.01513671875,0.0020652950479416177,8.863287250384024e-05
683008,-0.0024134850536938757,0.09214245318435133,-0.027519589359144447,0.01318359375,0.004805849908734672,8.8615804744837e-05
684032,0.0007427402306348085,0.6101604960858822,-0.036662993603385985,0.01513671875,0.005054960769484751,8.859873698583376e-05
685056,-0.0011020820238627493,0.1158834871603176,-0.03174054065311793,0.0126953125,0.0019560670625651255,8.858166922683053e-05
686080,-0.0007134211919037625,0.0771921097766608,-0.034877579571912065,0.0234375,0.011229519383050501,8.856460146782727e-05
687104,0.0012984986387891695,0.0759362110402435,-0.03145255311392248,0.0244140625,0.005902429693378508,8.854753370882403e-05
688128,6.577378371730447e-05,0.6704833144322038,-0.047317326185293496,0.0166015625,0.001665423798840493,8.85304659498208e-05
689152,-0.004687768945586868,0.3037148433504626,-0.03873114279122092,0.01953125,0.005420508881798014,8.851339819081756e-05
690176,0.001256328818271868,0.1553929252550006,-0.024602638663054677,0.0048828125,0.0011760815687011927,8.849633043181432e-05
691200,0.0006380317208822817,0.09119409509003162,-0.026721714253653772,0.00830078125,0.0013388842780841514,8.847926267281106e-05
692224,-0.0020610221254173666,0.06808701762929559,-0.029794703543302603,0.0224609375,0.005831652088090777,8.846219491380781e-05
693248,-0.0010664718138286844,0.8110289815813303,-0.04530588447232731,0.01318359375,0.0019108982232864946,8.844512715480457e-05
694272,0.00018012871441897005,0.092746083275415,-0.02891054714564234,0.00830078125,0.0016393545229220763,8.842805939580133e-05
695296,-0.0014699197199661285,0.7307834876701236,-0.04003294321591966,0.005859375,0.0012116724392399192,8.84109916367981e-05
696320,0.0011102788848802447,0.09413299593143165,-0.027131228871439816,0.00927734375,0.0021156595030333847,8.839392387779484e-05
697344,-0.0009966799261746928,0.5030751889571548,-0.03570234854123555,0.0078125,0.0017116276867454872,8.83768561187916e-05
698368,-0.0011757070024032146,0.3393132664496079,-0.037727290677139536,0.0185546875,0.001588443832588382,8.835978835978837e-05
699392,-0.0017446679703425616,0.10187865351326764,-0.027229431056184694,0.0185546875,0.008628778698039241,8.834272060078513e-05
700416,-0.0023777067981427535,1.5444277413189411,-0.06948246347019449,0.02734375,0.00381153222406283,8.832565284178187e-05
701440,-0.0018942361057270318,0.48355816467665136,-0.042257184628397226,0.01171875,0.0008242643962148577,8.830858508277864e-05
702464,-0.0015260152867995203,0.05109478789381683,-0.028670789768511895,0.00927734375,0.0024570988171035424,8.82915173237754e-05
703488,-0.0003639428105088882,0.47622753540053964,-0.03322490716527682,0.0185546875,0.0025073659053305164,8.827444956477216e-05
704512,-0.001449095128918998,0.40157720749266446,-0.03901478035550099,0.017578125,0.003448270377703011,8.82573818057689e-05
705536,0.00013940356438979506,0.15026659308932722,-0.02563345911039505,0.01025390625,0.0031510114786215127,8.824031404676567e-05
706560,-0.0013136742927599698,0.0750191620318219,-0.03230421677289996,0.015625,0.002189599093981087,8.822324628776241e-05
707584,-0.0004790250095538795,0.21794154774397612,-0.026412496270495467,0.0087890625,0.00865934940520674,8.820617852875917e-05
708608,-0.0011099025650764816,0.5119032012298703,-0.034079996577929705,0.01220703125,0.002622103493195027,8.818911076975594e-05
709632,0.004026161826914176,0.10252571175806224,-0.03963489204761572,0.0234375,0.008265902433777228,8.81720430107527e-05
710656,-0.0033337247441522777,0.5126857794821262,-0.03754395339637995,0.01806640625,0.0018798413366312161,8.815497525174944e-05
711680,-0.002064156098640524,0.37341020652092993,-0.04254107706947252,0.0205078125,0.00320959382224828,8.81379074927462e-05
712704,0.00947865072521381,0.11961807194165885,-0.02214102530706441,0.01171875,0.005760996165918186,8.812083973374297e-05
713728,-0.0012324198323767632,0.3587899901904166,-0.03454069816507399,0.01953125,0.0032278311846312135,8.810377197473973e-05
714752,0.0018325593264307827,0.06748783856164664,-0.0209562399686547,0.01171875,0.003706480478285812,8.808670421573648e-05
715776,-0.0006833809748059139,0.43199916183948517,-0.02947547713847598,0.00927734375,0.0014515636867145076,8.806963645673324e-05
716800,4.919953062199056e-05,0.34384286298882216,-0.025370994408149272,0.0107421875,0.0019021685147890821,8.805256869773e-05
717824,0.00013076643517706543,1.0882290983572602,-0.057578443724196404,0.01806640625,0.0018419068219373003,8.803550093872674e-05
718848,0.0020176663965685293,0.1154081366257742,-0.02062652555468958,0.0107421875,0.0030886928871041164,8.80184331797235e-05
719872,0.001522326609119773,0.7895453404635191,-0.047522109001874924,0.01611328125,0.0017612650844966993,8.800136542072027e-05
720896,-0.0011144527234137058,0.27986410167068243,-0.02656600256159436,0.01416015625,0.00823275014408864,8.798429766171701e-05
721920,0.0034588722774060443,0.08083690062630922,-0.026409301834064536,0.01513671875,0.00802138593280688,8.796722990271378e-05
722944,-0.0005985191892250441,0.35553570045158267,-0.03211152332369238,0.009765625,0.0014570050407201052,8.795016214371054e-05
723968,-0.0009688921127235517,0.5480675124563277,-0.036622869898565114,0.00537109375,0.0007701990398345515,8.79330943847073e-05
724992,-0.0011699864990077913,0.1260608963202685,-0.032468519086251035,0.0166015625,0.0036125593032920733,8.791602662570405e-05
726016,-0.00026382412761449814,0.32571879494935274,-0.034965366357937455,0.0224609375,0.0028679484385065734,8.78989588667008e-05
727040,-0.0021071706723887473,0.3118282729992643,-0.03687865909887478,0.03076171875,0.006734774200594984,8.788189110769757e-05
728064,0.00230566191021353,0.40305398451164365,-0.03461453373893164,0.009765625,0.002253995990031399,8.786482334869433e-05
729088,-0.001015841611661017,0.10530451056547463,-0.022463524604972918,0.01025390625,0.0022533868032041937,8.784775558969108e-05
730112,0.00019282294670119882,0.0769585445523262,-0.025624732697906438,0.00537109375,0.0009685820114100352,8.783068783068784e-05
731136,-0.0008897570660337806,0.07881602994166315,-0.027019490575185046,0.0185546875,0.008124832849716768,8.781362007168459e-05
732160,-0.0018837187672033906,0.1827215503435582,-0.018292200143150694,0.0087890625,0.0018610610568430275,8.779655231268135e-05
733184,-0.001954684208612889,0.148442464414984,-0.019721726166608278,0.0107421875,0.0036448296741582453,8.777948455367811e-05
734208,-0.00026571347552817315,0.12032760423608124,-0.01986699679400772,0.01025390625,0.004513840249273926,8.776241679467487e-05
735232,0.0038121455727377906,1.1308209367562085,-0.06152472598478198,0.03564453125,0.00698120761080645,8.774534903567162e-05
736256,0.0038526521530002356,3.204987533390522,-0.12820028886198997,0.06005859375,0.007434481158270501,8.772828127666838e-05
737280,-0.0008089823386399075,0.575086222961545,-0.04635308258002624,0.021484375,0.0027202663477510214,8.771121351766514e-05
738304,-0.002053724107099697,0.10724683722946793,-0.02769394287315663,0.0107421875,0.004990480374544859,8.76941457586619e-05
739328,-0.0013394376001087949,0.6042271589394659,-0.05199798059766181,0.01953125,0.0067155441211070865,8.767707799965865e-05
740352,0.00032131647458299994,0.9563631345517933,-0.05701088812202215,0.033203125,0.005451293996884488,8.766001024065541e-05
741376,-0.0010899195040110499,1.2574430238455534,-0.06754962378181517,0.02490234375,0.002493225838406943,8.764294248165217e-05
742400,-0.0026048359359265305,0.05261887423694134,-0.028206933740875684,0.01611328125,0.010801555457874201,8.762587472264892e-05
743424,0.0015635215677320957,0.07617458864115179,-0.029495089998818003,0.01318359375,0.0022369080979842693,8.760880696364568e-05
744448,0.005954026157269254,1.673685623332858,-0.1062827279092744,0.05712890625,0.006178904790431261,8.759173920464243e-05
745472,-0.0008499166578985751,0.9838442904874682,-0.05164508204325102,0.02392578125,0.002320628860616125,8.757467144563919e-05
746496,-0.0020992444769944996,0.7391391252167523,-0.04493441482190974,0.01171875,0.0009391307539772242,8.755760368663595e-05
747520,-0.0007032182184047997,0.13267164735589176,-0.024678850764757954,0.01025390625,0.0036162756150588393,8.754053592763271e-05
748544,0.0012958409788552672,1.8731228299438953,-0.08299990836530924,0.02099609375,0.001663759714574553,8.752346816862947e-05
749568,-0.001712194352876395,0.1926455539651215,-0.02802282076299889,0.01708984375,0.007542505147284828,8.750640040962622e-05
750592,0.0009320859826402739,1.0273003811016679,-0.05762408586451784,0.01904296875,0.002314958459464833,8.748933265062298e-05
751616,-0.0015598153113387525,0.4523143880069256,-0.04226066736737266,0.015625,0.0023931858013384044,8.747226489161974e-05
752640,-0.00026301360048819333,0.28317455714568496,-0.04658852703869343,0.0224609375,0.002790146376355551,8.74551971326165e-05
753664,-0.0012655946193262935,0.36695787450298667,-0.03407874220283702,0.005859375,0.0008049302850849926,8.743812937361325e-05
754688,-0.0006568694370798767,0.17002006340771914,-0.03257093431602698,0.021484375,0.004098296005395241,8.742106161461001e-05
755712,-0.0014955068909330294,1.1747790733352304,-0.06576183158904314,0.0166015625,0.0026527837762841955,8.740399385560676e-05
756736,-0.0035862096992786974,0.5640513012185693,-0.04570413596229628,0.0224609375,0.006800646762712859,8.738692609660352e-05
757760,-0.0014027398428879678,0.8386900629848242,-0.06546297809109092,0.01025390625,0.0017264194757444784,8.736985833760028e-05
758784,-0.0004470889252843335,0.533126566791907,-0.040618009836180136,0.00830078125,0.0007945872930577025,8.735279057859703e-05
759808,-0.0014015682390891016,0.07321551477070898,-0.02586717532540206,0.0166015625,0.004655024749808945,8.733572281959379e-05
760832,-0.0015323180123232305,0.3850781552027911,-0.03342143509507878,0.0146484375,0.0042336402693763375,8.731865506059055e-05
761856,0.0001043942611431703,0.07096369948703796,-0.02598703592957463,0.0107421875,0.0024855035735527053,8.730158730158731e-05
762880,-0.0020775616576429456,0.06231708137784153,-0.025049386214959668,0.01220703125,0.0015193808503681794,8.728451954258407e-05
763904,0.002128936379449442,0.4563770266249776,-0.03423229076724965,0.01611328125,0.0030464271403616294,8.726745178358082e-05
764928,0.0002606264315545559,0.10586367640644312,-0.02745607783435844,0.00830078125,0.0009321519610239193,8.725038402457758e-05
765952,0.001627752571948804,0.19157793605700135,-0.030465597694274038,0.02099609375,0.0061927743954584,8.723331626557434e-05
766976,-0.0006119897734606639,0.7300954894162714,-0.04353024758165702,0.0078125,0.0006797034729970619,8.721624850657109e-05
768000,-0.001195198950881604,0.08961010491475463,-0.020844676992965105,0.0078125,0.0015901210135780275,8.719918074756785e-05
769024,-0.0006807007011957467,0.6337656793184578,-0.04157543645123951,0.01806640625,0.0023121455451473594,8.71821129885646e-05
770048,-0.0008661260799271986,0.45488190185278654,-0.03480331767059397,0.0126953125,0.0017415096226613969,8.716504522956136e-05
771072,-0.000576379185076803,0.628256518393755,-0.03993370186071843,0.01904296875,0.002844152331817895,8.714797747055812e-05
772096,-0.0004636450466932729,0.06823305727448314,-0.023595457472765702,0.00634765625,0.0012149944668635726,8.713090971155488e-05
773120,-0.001464943023165688,0.15638820710591972,-0.028593444410944358,0.0126953125,0.002350538663449697,8.711384195255163e-05
774144,0.0001373075065203011,0.08618528698571026,-0.021976686293783132,0.0146484375,0.0025111269642366096,8.709677419354839e-05
775168,-0.0003611526626627892,0.470969375455752,-0.035106480587273836,0.00634765625,0.0012942013709107414,8.707970643454515e-05
776192,-0.0010947742848657072,0.11788031877949834,-0.03068534600606654,0.01708984375,0.002027729176916182,8.706263867554191e-05
777216,-0.0006497715949080884,0.16202403279021382,-0.025338547879073303,0.01171875,0.0011286500666756183,8.704557091653867e-05
778240,-0.0014014627013239078,0.4622200629673898,-0.0356099771161098,0.0185546875,0.002544574614148587,8.702850315753542e-05
779264,-0.003701832771184854,1.2276219418272376,-0.06099828385049477,0.02685546875,0.0039209146780194715,8.701143539853218e-05
780288,-0.0014928881864761934,0.12638170877471566,-0.02380885423917789,0.009765625,0.0031878193840384483,8.699436763952893e-05
781312,0.0002616238925838843,2.065524384379387,-0.101741366321221,0.0390625,0.0066007585264742374,8.69772998805257e-05
782336,-3.0144030461087823e-05,0.08229054231196642,-0.018326880495806108,0.00927734375,0.0012356484221527353,8.696023212152245e-05
783360,0.00013941037468612194,0.5885149259120226,-0.040136267911293544,0.01513671875,0.00550933247723151,8.69431643625192e-05
784384,-0.0027314120525261387,0.04654849017970264,-0.023944606349687092,0.013671875,0.003203758940799162,8.692609660351596e-05
785408,-0.002006887167226523,0.4182640207000077,-0.03535843220015522,0.01513671875,0.0022236956865526736,8.690902884451272e-05
786432,0.0020221820595907047,0.09473181597422808,-0.022398859005988925,0.0126953125,0.003977201515226625,8.689196108550948e-05
787456,-0.000760712893679738,0.4255324932746589,-0.03423663243302144,0.01220703125,0.0027055728569393978,8.687489332650623e-05
788480,-0.0007602168843732215,0.06238282273989171,-0.02100159862311557,0.0068359375,0.0009587834501871839,8.685782556750299e-05
789504,-0.0014135217061266303,0.06849921739194542,-0.026618487398081925,0.0185546875,0.003688406286528334,8.684075780849975e-05
790528,-0.0004864392685703933,1.1701571578159928,-0.057511098886607215,0.01025390625,0.0017819143395172432,8.682369004949651e-05
791552,-0.0018507282948121428,0.5576764529105276,-0.029893977887695655,0.02099609375,0.0029954412311781198,8.680662229049326e-05
792576,-0.0012589905527420342,0.3976758373901248,-0.04024977008521091,0.00341796875,0.00042719184421002865,8.678955453149002e-05
793600,0.0017738728274707682,0.11310504993889481,-0.030906221480108798,0.0185546875,0.004741838623885997,8.677248677248677e-05
794624,-0.0024573400150984526,0.1285652278456837,-0.032482130598509684,0.0224609375,0.00528792264231015,8.675541901348353e-05
795648,-0.003194229837390594,0.0651689829537645,-0.03173722405335866,0.02099609375,0.011713752843206748,8.673835125448029e-05
796672,-0.00306501574232243,2.159248910844326,-0.09703784552402794,0.0166015625,0.002168273742427118,8.672128349547705e-05
797696,-0.0049445128825027496,0.6400793776847422,-0.05776104952383321,0.02490234375,0.0035458339989418164,8.67042157364738e-05
798720,-0.0012528060469776392,0.1988097953144461,-0.0433819965692237,0.01513671875,0.004318919833167456,8.668714797747056e-05
799744,-0.001119279710110277,0.4562328867614269,-0.029897872009314597,0.0166015625,0.0029830818966729566,8.667008021846732e-05
800768,-0.0011422462994232774,0.4432055049110204,-0.03863873099908233,0.0078125,0.0017096253723138943,8.665301245946408e-05
801792,0.0008540083217667416,0.15909900306724012,-0.027967511530732736,0.00830078125,0.001214440111652948,8.663594470046083e-05
802816,-0.0002214144915342331,0.14392920886166394,-0.03703814576147124,0.01416015625,0.004781448122230358,8.661887694145759e-05
803840,0.00019878886814694852,0.31962974835187197,-0.03618873859522864,0.01171875,0.002273031452205032,8.660180918245435e-05
804864,-0.0011407864512875676,0.03919663227861747,-0.03552514360490022,0.02392578125,0.00484097380831372,8.65847414234511e-05
805888,-0.0029642588924616575,1.609878703020513,-0.0732018161797896,0.03564453125,0.005423699753009714,8.656767366444787e-05
806912,-0.0006104042695369571,0.8006464778445661,-0.041229410853702575,0.0166015625,0.0037661765672964975,8.655060590544461e-05
807936,-0.001116655592340976,0.13644145359285176,-0.033232790025067516,0.02099609375,0.00412208485067822,8.653353814644137e-05
808960,-0.0033384000707883388,0.7455929694697261,-0.04982642363756895,0.02685546875,0.004367262721643783,8.651647038743813e-05
809984,-0.0034836608538171276,0.587316230405122,-0.048328599776141346,0.0361328125,0.00697013754688669,8.649940262843489e-05
811008,-0.0014275878202170134,0.09593825635965914,-0.02996198955224827,0.01025390625,0.0009111571125686169,8.648233486943165e-05
812032,-0.0015372840571217239,0.3206630452768877,-0.036063029256183654,0.02001953125,0.003977052052505314,8.64652671104284e-05
813056,-0.0009057683491846547,0.17821769486181438,-0.038839619839563966,0.01708984375,0.0035123936977470294,8.644819935142516e-05
814080,-0.0020177342812530696,0.2447377205826342,-0.030573146665119566,0.01513671875,0.004847165706451051,8.643113159242192e-05
815104,-7.921166252344847e-05,1.0080224135890603,-0.06302383006550372,0.01318359375,0.0019471032574074343,8.641406383341868e-05
816128,-0.00040200020885095,0.5886196061037481,-0.0441124772769399,0.0078125,0.0012972149124834687,8.639699607441543e-05
817152,-0.0006787655147491023,0.08867806848138571,-0.03763329400680959,0.01171875,0.001970843950402923,8.637992831541219e-05
818176,0.0014921230904292315,0.47980710468254983,-0.033647164222202264,0.0048828125,0.0006017318373778835,8.636286055640894e-05
819200,-0.0012384042638586834,0.16001454857178032,-0.02948203557753004,0.01123046875,0.0012585142103489488,8.634579279740571e-05
820224,-0.001246184590854682,0.14505878696218133,-0.028062828729161993,0.02001953125,0.004813238061615266,8.632872503840246e-05
821248,-0.0008318816544488072,0.19477584306150675,-0.035495539457770064,0.01416015625,0.0013921491772634909,8.631165727939921e-05
822272,-0.00085471298370976,0.18522918107919395,-0.02997734193195356,0.0107421875,0.0026925601705443114,8.629458952039597e-05
823296,-0.00014047822332940996,0.09799818624742329,-0.027452070427898434,0.00390625,0.00034372291702311486,8.627752176139273e-05
824320,-0.0002469006140017882,0.366566093172878,-0.03541882382705808,0.0029296875,0.0007508954149670899,8.626045400238949e-05
825344,-0.0004889759002253413,0.4655000581406057,-0.031604781514033675,0.00732421875,0.001227260465384461,8.624338624338625e-05
826368,-0.0004463749792193994,0.14582451269961894,-0.028333469264907762,0.0068359375,0.0010570931335678324,8.6226318484383e-05
827392,-0.0012004770105704665,0.8818691684864461,-0.04822531607351266,0.009765625,0.000937341246753931,8.620925072537976e-05
828416,-0.0010453395661897957,0.06313549424521625,-0.02627585614391137,0.01171875,0.004854530547163449,8.619218296637652e-05
829440,0.00010239306720905006,0.28506299876607955,-0.03977747311728308,0.0078125,0.0010113713942700997,8.617511520737327e-05
830464,0.0005597925337497145,0.4032217583153397,-0.047792562225367874,0.02783203125,0.008952596253948286,8.615804744837003e-05
831488,-0.001478524885897059,0.24710145266726613,-0.034793469196301885,0.01513671875,0.002525777992559597,8.614097968936678e-05
832512,-0.0012038480854243971,0.3811751732137054,-0.039519306854344904,0.0146484375,0.0019491799757815897,8.612391193036354e-05
833536,-0.002260927729366813,1.1239336170256138,-0.051282860251376405,0.0166015625,0.00444057205459103,8.61068441713603e-05
834560,-0.0018832323839887977,0.480434893630445,-0.04506868659518659,0.009765625,0.0008713747520232573,8.608977641235706e-05
835584,-0.0009838904079515487,0.07505351991858333,-0.035546204351703636,0.01904296875,0.0031582919909851626,8.607270865335381e-05
836608,0.0015615351003361866,0.501629950478673,-0.03978175186784938,0.00634765625,0.0016937038453761488,8.605564089435057e-05
837632,-0.000625039407168515,0.08277302363421768,-0.02340369844750967,0.01220703125,0.008435208146693185,8.603857313534733e-05
838656,-0.0020164453599136323,2.416753452271223,-0.07450635731220245,0.01513671875,0.002183302873163484,8.60215053763441e-05
839680,-0.0015153686836129054,0.8271829737350345,-0.04052611110091675,0.0078125,0.0010686011373763904,8.600443761734086e-05
840704,-0.001047285128151998,0.12151897605508566,-0.02486870577558875,0.00927734375,0.0021346249559428543,8.59873698583376e-05
841728,-0.00134701858041808,0.1357052333187312,-0.030483446222206112,0.009765625,0.0024080714501906186,8.597030209933436e-05
842752,-0.0002454987552482635,0.15684128366410732,-0.029264541793963872,0.0126953125,0.0030647640087408945,8.595323434033111e-05
843776,-0.0006106794317020103,0.048971702286507934,-0.02961131681513507,0.01513671875,0.001673755788942799,8.593616658132789e-05
844800,-0.0021749313455075026,0.36288237338885665,-0.05281590746017173,0.0166015625,0.0014972302742535248,8.591909882232463e-05
845824,-0.0013607007858809084,0.061299028573557734,-0.025724173232447356,0.0107421875,0.002504957199562341,8.590203106332138e-05
846848,-0.0014719332393724471,0.4774507903493941,-0.03506369637034368,0.01025390625,0.0010785984341055155,8.588496330431814e-05
847872,-0.0008151303336489946,0.1401406244840473,-0.03358177960035391,0.015625,0.003956995889893733,8.58678955453149e-05
848896,-0.0024089285871014,0.08838147297501564,-0.0298908157274127,0.013671875,0.0011467662698123604,8.585082778631166e-05
849920,-0.0006332086632028222,0.07488893112167716,-0.026751728044473566,0.009765625,0.002451705338899046,8.583376002730841e-05
850944,0.001434882200555876,0.4640281649772078,-0.03760196382063441,0.01171875,0.003962162489187904,8.581669226830517e-05
851968,-0.0013647553278133273,0.4244955328758806,-0.04005965430405922,0.01953125,0.0037946075026411563,8.579962450930193e-05
852992,0.0009055061527760699,0.7790430604945868,-0.057268313015811145,0.01708984375,0.0016685827140463516,8.57825567502987e-05
854016,-0.0006573242862941697,0.6628795019350946,-0.05384952202439308,0.013671875,0.0019079565827269107,8.576548899129546e-05
855040,0.0005487707530846819,0.20123410387896,-0.0451489960832987,0.01171875,0.0013427772501017898,8.57484212322922e-05
856064,-0.00038671281072311103,0.07546782761346549,-0.02752653266361449,0.00927734375,0.0015939991280902177,8.573135347328895e-05
857088,0.00039004458812996745,0.3307325018104166,-0.03465034707915038,0.01220703125,0.003104474177234806,8.571428571428573e-05
858112,-0.001649860932957381,0.34861485310830176,-0.03579182052635588,0.01318359375,0.001950176796526648,8.569721795528247e-05
859136,-0.0006646214751526713,1.3071717452257872,-0.058085675176698714,0.009765625,0.0030182721093297005,8.568015019627923e-05
860160,-0.0008819484792184085,0.10298566822893918,-0.027168989967321977,0.00830078125,0.0024773595068836585,8.566308243727598e-05
861184,-0.00020994258375139907,0.5698386752046645,-0.027855249325511977,0.01123046875,0.002366079657804221,8.564601467827274e-05
862208,-0.0010361180466134101,0.14929810934700072,-0.03653634962392971,0.01025390625,0.0012279816437512636,8.56289469192695e-05
863232,-0.00023584697919432074,0.7364746374078095,-0.04431960900546983,0.01416015625,0.0021131049434188753,8.561187916026627e-05
864256,-0.0016717684193281457,1.684827035292983,-0.06675069546326995,0.009765625,0.002533933555241674,8.559481140126301e-05
865280,-1.3879762263968587e-05,0.10640801535919309,-0.03104503042413853,0.013671875,0.0024429057666566223,8.557774364225977e-05
866304,-0.006197477079695091,0.7263918747194111,-0.05259393766755238,0.029296875,0.007951085237436928,8.556067588325654e-05
867328,-0.0002974383533000946,0.5255276768002659,-0.03680807049386203,0.01318359375,0.0031131199648370966,8.554360812425328e-05
868352,0.001229664805578068,0.6555035193450749,-0.06254753621760756,0.02001953125,0.004406383231980726,8.552654036525006e-05
869376,-3.619345079641789e-05,0.15193032613024116,-0.030363085970748216,0.0087890625,0.0015581280895275995,8.55094726062468e-05
870400,-0.0022488313843496144,0.5867602084763348,-0.04045309510547668,0.009765625,0.0016754000535001978,8.549240484724357e-05
871424,0.0009248213318642229,1.3150945669040084,-0.07415602239780128,0.02587890625,0.0053906839893897995,8.547533708824031e-05
872448,0.0002056275843642652,0.5663344492204487,-0.05396900180494413,0.0146484375,0.001655719825066626,8.545826932923707e-05
873472,-0.0003118167514912784,0.9087624065577984,-0.059078026737552136,0.0166015625,0.0020484314736677334,8.544120157023384e-05
874496,-0.0006227588601177558,0.5727559388615191,-0.04294826224213466,0.01416015625,0.005153759178938344,8.542413381123058e-05
875520,0.0008816717454465106,0.45268422667868435,-0.049254725920036435,0.01904296875,0.005563912898651324,8.540706605222734e-05
876544,-0.00255814210686367,0.9940394936129451,-0.06049835594603792,0.0185546875,0.002088349632686004,8.53899982932241e-05
877568,0.00042462043347768486,0.7996044727042317,-0.065263400611002,0.01171875,0.002657822144101374,8.537293053422087e-05
878592,-5.26478688698262e-05,0.6576371379196644,-0.05702602560631931,0.021484375,0.0031848477374296635,8.535586277521761e-05
879616,-0.0012201642239233479,0.7579453540965915,-0.07560845906846225,0.00927734375,0.0029236019181553274,8.533879501621438e-05
880640,0.0001630369879421778,0.3796245399862528,-0.05176266940543428,0.01318359375,0.0011501714761834592,8.532172725721112e-05
881664,-0.0006190968852024525,0.5921095665544271,-0.05743941676337272,0.02197265625,0.0021397937671281397,8.53046594982079e-05
882688,-0.0010421368351671845,0.6727006360888481,-0.05793528712820262,0.0107421875,0.002157014823751524,8.528759173920465e-05
883712,-0.0023634211320313625,0.28159858915023506,-0.038204349199077114,0.0126953125,0.006033267200109549,8.52705239802014e-05
884736,-0.0014180085418047383,0.4424654133617878,-0.04300861636875197,0.0146484375,0.0014482943952316418,8.525345622119815e-05
885760,-0.0005846424319315702,0.5965952416881919,-0.03539651098253671,0.017578125,0.0027731587033485994,8.523638846219491e-05
886784,0.00531130401941482,0.10495298355817795,-0.03273618430830538,0.01220703125,0.004771379957674071,8.521932070319168e-05
887808,-0.0015754490887047723,0.290788478218019,-0.03723855962743983,0.029296875,0.007338502837228589,8.520225294418844e-05
888832,0.00039971337537281215,0.19615426915697753,-0.0298189672321314,0.00634765625,0.0018092504178639501,8.518518518518518e-05
889856,-0.001171861178590916,0.06868732383009046,-0.03024792254291242,0.01513671875,0.004754257606691681,8.516811742618195e-05
890880,-0.0026730107492767274,0.242022619349882,-0.03918707650154829,0.01953125,0.006458952571847476,8.515104966717871e-05
891904,-0.0006092919793445617,0.7826627227477729,-0.048558807553490624,0.021484375,0.003156686434522271,8.513398190817547e-05
892928,-0.0004169719904894009,0.09328876598738134,-0.03986399789573625,0.009765625,0.0015715886111138389,8.511691414917222e-05
893952,-0.0014651652454631403,0.4900439530611038,-0.04741196864051744,0.00732421875,0.0005570513312704861,8.509984639016896e-05
894976,-0.0018175722361775115,0.5551587957888842,-0.05586877960013226,0.01416015625,0.0015116482391022146,8.508277863116574e-05
896000,-0.00018798146629706025,1.1432727258652449,-0.044505293713882565,0.01953125,0.003962064991355874,8.506571087216249e-05
897024,-0.0016094767634058371,0.19648507260717452,-0.043522360938368365,0.01611328125,0.003078505498706363,8.504864311315925e-05
898048,-0.0012249659630469978,0.3272487330250442,-0.03515598300145939,0.01904296875,0.002488871105015278,8.503157535415601e-05
899072,-8.568423800170422e-05,0.11234603065531701,-0.031448916386580095,0.01220703125,0.0009658465714892372,8.501450759515276e-05
900096,-0.0025627888389863074,0.7257788754068315,-0.07228784402832389,0.03173828125,0.00630455267673824,8.499743983614952e-05
901120,-0.001361866481602192,0.20457351906225085,-0.037702852801885456,0.01220703125,0.002067769455607049,8.498037207714628e-05
902144,-0.0010644625726854429,0.6692218477837741,-0.04265586212568451,0.00537109375,0.0004691686190199107,8.496330431814304e-05
903168,-0.002172065287595615,0.09527838416397572,-0.029796460235957056,0.01220703125,0.0043663020769599825,8.494623655913979e-05
904192,-0.002012159995501861,0.8856565337628126,-0.04221252577553969,0.01904296875,0.0024446863535558805,8.492916880013655e-05
905216,0.0011754700681194663,0.20543279871344566,-0.03944236581446603,0.0126953125,0.0035293707624077797,8.491210104113331e-05
906240,-0.0012931068340549245,0.13840756216086447,-0.02630663178570103,0.0126953125,0.00298780738376081,8.489503328213007e-05
907264,-0.0003633911837823689,0.105833352310583,-0.0334114606375806,0.0126953125,0.004355282333563082,8.487796552312682e-05
908288,9.52224072534591e-05,0.5043843053281307,-0.0515422202879563,0.0126953125,0.001768026573699899,8.486089776412358e-05
909312,-0.0003793859505094588,0.5700359523762017,-0.05221763614099473,0.01171875,0.0018357550725340843,8.484383000512033e-05
910336,-0.00103697158920113,0.35647334542591125,-0.04068129253573716,0.01611328125,0.0014028268633410335,8.482676224611709e-05
911360,0.00048702527419663966,0.6062240665778518,-0.04436917064595036,0.01513671875,0.0025836634740699083,8.480969448711385e-05
912384,-0.0006959635502425954,0.4011561598163098,-0.048386745853349566,0.0322265625,0.006545538082718849,8.479262672811061e-05
913408,0.0005641993193421513,0.3461896872613579,-0.04117795576894423,0.0205078125,0.0031911687401589006,8.477555896910736e-05
914432,0.0012856834509875625,1.3970557795837522,-0.08369182457681745,0.01904296875,0.0013263909058878198,8.475849121010412e-05
915456,0.0009412906074430794,4.71923815831542,-0.1967166552785784,0.056640625,0.004582287641824223,8.474142345110088e-05
916480,-0.00028653876506723464,0.12535236403346062,-0.03100440428534057,0.01220703125,0.0017522956186439842,8.472435569209764e-05
917504,0.0020158335100859404,0.8851695135235786,-0.052573484543245286,0.02685546875,0.004035952966660261,8.470728793309439e-05
918528,-0.0007160844106692821,0.945618512108922,-0.07631903816945851,0.03125,0.0030750818987144157,8.469022017409113e-05
919552,-0.0008824103133520111,0.9218540852889419,-0.058171004842733964,0.013671875,0.002630474788020365,8.467315241508791e-05
920576,-0.0024292714515468106,0.8225451530888677,-0.06983821038738824,0.021484375,0.002630766830407083,8.465608465608466e-05
921600,-0.001544000202557072,0.1075366847217083,-0.03222711183479987,0.0146484375,0.003501613115076907,8.463901689708142e-05
922624,-0.0006288993681664579,0.3463486325927079,-0.03733588496106677,0.01123046875,0.000950922243646346,8.462194913807817e-05
923648,-0.0018061862792819738,0.073289830586873,-0.029934129866887815,0.0126953125,0.0017175872199004516,8.460488137907493e-05
924672,-0.0024856946693034843,0.7054592715576291,-0.03828663897002116,0.013671875,0.0022396888089133427,8.458781362007169e-05
925696,0.0017115874215960503,0.10343016253318638,-0.026153060542128514,0.00830078125,0.001342558505712077,8.457074586106845e-05
926720,-0.0008776938775554299,0.10999044333584607,-0.023393161085550673,0.00830078125,0.002311223084689118,8.455367810206521e-05
927744,-0.000245908391661942,0.04265052609844133,-0.02662795112701133,0.0126953125,0.001771198323694989,8.453661034306196e-05
928768,-0.0024040739954216406,0.3676368799060583,-0.03893656490254216,0.01611328125,0.0024207625101553276,8.451954258405872e-05
929792,0.0013660095864906907,0.5456509524956346,-0.03667471540393308,0.017578125,0.0028260916587896645,8.450247482505548e-05
930816,-0.0003543379425536841,0.4298170027323067,-0.037990491662640125,0.015625,0.0027095847035525367,8.448540706605224e-05
931840,0.000417919407482259,0.33860725024715066,-0.03593429975444451,0.0078125,0.0007293486269190907,8.446833930704899e-05
932864,-0.0012990109680686146,0.7948859129101038,-0.06268592446576804,0.02880859375,0.0033645105868345127,8.445127154804575e-05
933888,-0.00021659000776708126,0.6031793642323464,-0.0440566138131544,0.02392578125,0.0031934332218952477,8.44342037890425e-05
934912,-0.001839276315877214,0.10197063232772052,-0.031114311612327583,0.015625,0.0027078533021267503,8.441713603003926e-05
935936,-0.0013159536174498498,0.39573863591067493,-0.04295533699041698,0.00927734375,0.0009755745995789766,8.440006827103602e-05
936960,-0.0007673077052459121,0.3777339644730091,-0.041966105229221284,0.01220703125,0.002746463069343008,8.438300051203277e-05
937984,0.00034945264633279294,0.07887116447091103,-0.03450410188816022,0.01416015625,0.0024257772602140903,8.436593275302953e-05
939008,-0.0007659220282221213,0.40527156461030245,-0.03982391091994941,0.00927734375,0.002296079255756922,8.434886499402629e-05
940032,-0.0009139066096395254,0.9321990357711911,-0.061059479718096554,0.02294921875,0.005387194178183563,8.433179723502305e-05
941056,-0.0017588677728781477,0.07211044966243207,-0.02679440324573079,0.01123046875,0.0021991928661009297,8.431472947601981e-05
942080,0.0009674728353274986,0.39648981275968254,-0.0364900345884962,0.013671875,0.0016623394622001797,8.429766171701656e-05
943104,0.004752031352836639,0.774871002882719,-0.06864224810851738,0.0263671875,0.0037202030507614836,8.428059395801332e-05
944128,1.4693010598421097e-05,0.06697363615967333,-0.02432258686167188,0.0087890625,0.0020691412646556273,8.426352619901008e-05
945152,-0.0012611530110007152,0.13131560443434864,-0.031138531485339627,0.015625,0.0033954778482438996,8.424645844000683e-05
946176,-0.0015628623077645898,1.1807443303987384,-0.05800725898006931,0.02685546875,0.002683410668396391,8.422939068100359e-05
947200,0.0012043558526784182,0.15037056314758956,-0.02739557292079553,0.01513671875,0.004788128382642753,8.421232292200034e-05
948224,-0.0004676514436141588,0.3695430215448141,-0.03703756135655567,0.0146484375,0.001964917391887866,8.41952551629971e-05
949248,0.004722149911685847,0.5145734052639455,-0.03428353581693955,0.01416015625,0.004284942522644997,8.417818740399386e-05
950272,-0.0017356984608341008,1.0199053725227714,-0.06605027563637123,0.0126953125,0.001521141326520592,8.416111964499062e-05
951296,-0.0006749402673449367,0.3736790067050606,-0.04053606485831551,0.013671875,0.002651833725394681,8.414405188598737e-05
952320,-0.0006847377226222306,0.10701950266957283,-0.032184032825171016,0.0087890625,0.0011190122459083796,8.412698412698413e-05
953344,-0.0008493096102029085,0.08601681573782116,-0.029783356774714775,0.0107421875,0.0012606403761310503,8.410991636798089e-05
954368,-0.0006605248199775815,1.0000748876482248,-0.06022438331274316,0.00537109375,0.0009856310789473355,8.409284860897765e-05
955392,-0.0006445851468015462,0.13879672647453845,-0.029665966270840727,0.0107421875,0.002402547441306524,8.407578084997441e-05
956416,0.0013277268008096144,0.05004117218777537,-0.03189873552764766,0.0166015625,0.002563743822975084,8.405871309097115e-05
957440,0.0003548831009538844,0.10684764920733869,-0.02909702403121628,0.009765625,0.0014506864972645417,8.404164533196792e-05
958464,-0.002787551609799266,0.7010004627518356,-0.04276083712466061,0.0224609375,0.0030589316156692803,8.402457757296467e-05
959488,0.0004534968757070601,0.12853144330438226,-0.026797818158229347,0.0107421875,0.0015310287126339972,8.400750981396143e-05
960512,-0.0008321778004756197,0.2918606074526906,-0.0333719409245532,0.02197265625,0.003485066263237968,8.399044205495819e-05
961536,-0.00020573713118210435,0.09514611773192883,-0.029744910811132286,0.0205078125,0.0032501396781299263,8.397337429595494e-05
962560,-0.0005535106611205265,0.0942745270440355,-0.03454111563041806,0.01123046875,0.0009137821616604924,8.39563065369517e-05
963584,0.002364226689678617,0.5309455937240273,-0.031368939598905854,0.009765625,0.0017436547786928713,8.393923877794846e-05
964608,-0.001509676942077931,0.17210703319869936,-0.03159869060618803,0.01220703125,0.0018768962181638926,8.392217101894522e-05
965632,1.5921134036034346e-05,0.22296555107459426,-0.03643525846564444,0.01123046875,0.0019620527455117553,8.390510325994197e-05
966656,0.00034012961259577423,0.6444338513538241,-0.052192383736837655,0.01806640625,0.002722141012782231,8.388803550093873e-05
967680,-0.00103243078046944,0.07224559993483126,-0.03028779679152649,0.0078125,0.0008585758623667061,8.387096774193549e-05
968704,3.346594166941941e-05,0.11778590467292815,-0.03516168985515833,0.0107421875,0.0018287837010575458,8.385389998293225e-05
969728,-0.0006530887185363099,0.06919707672204822,-0.02894299940089695,0.0068359375,0.0006716646457789466,8.3836832223929e-05
970752,-0.00036692494177259505,0.5643567489460111,-0.0352288339054212,0.00927734375,0.0032304819469572976,8.381976446492576e-05
971776,-0.0015116373033379205,0.3901321768062189,-0.03587091565714218,0.01708984375,0.005230036476859823,8.380269670592251e-05
972800,-4.6808818296995014e-05,0.48195254267193377,-0.03554377474938519,0.00390625,0.0004167279548710212,8.378562894691927e-05
973824,-0.0009394862645422108,0.376953607192263,-0.03525155285024084,0.01123046875,0.0013666065788129345,8.376856118791603e-05
974848,-0.0015330884634749964,0.4537483463063836,-0.03941781440516934,0.0126953125,0.0014503644779324532,8.375149342891279e-05
975872,-0.002033104537986219,1.351973893120885,-0.051859493541996926,0.0107421875,0.0013176869106246158,8.373442566990954e-05
976896,-0.0016620605892967433,1.0056743556633592,-0.05943586298963055,0.02294921875,0.002306784430402331,8.37173579109063e-05
977920,-0.0015303546097129583,0.12516675470396876,-0.029374299017945305,0.01123046875,0.00311070543830283,8.370029015190306e-05
978944,-0.0006577423046110198,0.42643166799098253,-0.037346725759562105,0.015625,0.0027312645834172145,8.368322239289982e-05
979968,0.001698096311884001,0.4607435925863683,-0.042857371576246805,0.0166015625,0.0046449566434603184,8.366615463389657e-05
980992,0.0004744735051644966,0.576893316116184,-0.04800137356505729,0.01171875,0.0017476780340075493,8.364908687489333e-05
982016,-0.001559744676342234,0.08058690303005278,-0.022398373010219075,0.01171875,0.0016481556667713448,8.363201911589009e-05
983040,0.0003912873944500461,0.06989143887767568,-0.022723456262610853,0.00927734375,0.0015289991424651816,8.361495135688684e-05
984064,-0.0006867025513201952,0.4689340905752033,-0.03627353283809498,0.013671875,0.001509883615653962,8.359788359788361e-05
985088,-0.0016395369893871248,0.4659969084896147,-0.0370739140198566,0.01123046875,0.0013523149827960879,8.358081583888035e-05
986112,-0.0009659050847403705,0.1333599970676005,-0.02696186793036759,0.01123046875,0.0012426574976416305,8.356374807987711e-05
987136,-0.0013555901823565364,0.417749936459586,-0.02763869172486011,0.015625,0.003066570498049259,8.354668032087387e-05
988160,-0.0013617248259834014,0.5733751158695668,-0.055147705192212015,0.021484375,0.0020108019234612584,8.352961256187063e-05
989184,-0.001226732274517417,0.06970781600102782,-0.02657432691921713,0.01220703125,0.0022256860102061182,8.351254480286739e-05
990208,0.0008157187257893384,0.3062068880535662,-0.03909530403325334,0.013671875,0.005429603770608082,8.349547704386414e-05
991232,-0.0019413510744925588,0.7482722131535411,-0.056121695262845606,0.01416015625,0.0018984249327331781,8.34784092848609e-05
992256,0.002156092756194994,0.09299680101685226,-0.032580843078903854,0.0224609375,0.0033026574819814414,8.346134152585766e-05
993280,-0.0004080608196090907,0.12044117273762822,-0.029487988038454205,0.00537109375,0.0010104836983373389,8.344427376685442e-05
994304,-0.0006935787096153945,0.1450232749339193,-0.03481353519600816,0.00732421875,0.002054265540209599,8.342720600785117e-05
995328,0.0010235047666355968,0.08692593849264085,-0.02617752182413824,0.00732421875,0.0023538079403806478,8.341013824884793e-05
996352,0.004998125659767538,0.1057669532019645,-0.032250986761937384,0.01220703125,0.0019350552756804973,8.339307048984468e-05
997376,-0.003271254332503304,0.08988467743620276,-0.038578355219215155,0.01953125,0.007956800109241158,8.337600273084144e-05
998400,0.01583023220882751,0.41843542270362377,-0.05099743220489472,0.02490234375,0.007606537066749297,8.33589349718382e-05
999424,-0.0011167633638251573,0.6853852109052241,-0.04712400725111365,0.015625,0.003063756026676856,8.334186721283495e-05
1000448,-0.0010829404054675251,0.2115534779150039,-0.03341920336242765,0.01513671875,0.0016482563369208947,8.332479945383171e-05
1001472,-0.0031433633412234485,0.9129413864575326,-0.06018440856132656,0.02294921875,0.0034478622837923467,8.330773169482847e-05
1002496,-0.001077843742677942,0.07531410944648087,-0.027945018169702962,0.01220703125,0.0011018918303307146,8.329066393582523e-05
1003520,-0.001904727629153058,0.10532169044017792,-0.02744983197771944,0.01416015625,0.0034858617145800963,8.3273596176822e-05
1004544,-0.0014325295924209058,0.6327814655378461,-0.046918917854782194,0.0107421875,0.0014610032667405903,8.325652841781874e-05
1005568,-0.005879447504412383,2.9430321007966995,-0.12022968358360231,0.08154296875,0.017628786416025832,8.32394606588155e-05
1006592,-0.000507920456584543,0.5207924214191735,-0.03683817447745241,0.01123046875,0.0030271680880105123,8.322239289981226e-05
1007616,0.004858734959270805,0.8245755033567548,-0.05266160040628165,0.02392578125,0.006196036280016415,8.320532514080901e-05
1008640,-0.002497064124327153,0.056638002628460526,-0.02659664145903662,0.009765625,0.0017986166785703972,8.318825738180577e-05
1009664,-0.0017095733055612072,0.4024340456817299,-0.04359212002600543,0.01708984375,0.008954993783845566,8.317118962280252e-05
1010688,-0.001496949087595567,0.4725518806371838,-0.03734817104123067,0.01416015625,0.0034548924886621535,8.315412186379928e-05
1011712,-0.0012132903066230938,0.15196594037115574,-0.027662801032420248,0.00830078125,0.0015275676414603367,8.313705410479604e-05
1012736,-0.00011138260015286505,0.05588450585491955,-0.029717216530116275,0.021484375,0.004430412402143702,8.31199863457928e-05
1013760,-0.00011787281255237758,0.09108025196474046,-0.02607291380991228,0.01123046875,0.0019015361904166639,8.310291858678955e-05
1014784,-0.001896345303975977,0.04296796675771475,-0.030442958581261337,0.01513671875,0.0034172077575931326,8.308585082778631e-05
1015808,-0.00019111107394564897,0.08903270703740418,-0.023168252693722025,0.01611328125,0.004343286753282882,8.306878306878307e-05
1016832,-0.0015477705892408267,0.08395905629731715,-0.028739365094224922,0.017578125,0.0037280732358340174,8.305171530977983e-05
1017856,-0.002661863371031359,0.9126838357187808,-0.046526370744686574,0.0107421875,0.0015879858838161454,8.30346475507766e-05
1018880,-0.000885956542333588,0.6037085799034685,-0.05206537412595935,0.017578125,0.0035803832433884963,8.301757979177334e-05
1019904,-0.0044436436728574336,0.8008490088395774,-0.04573996227554744,0.015625,0.002650418260600418,8.30005120327701e-05
1020928,-0.0018101712776115164,0.6271354425698519,-0.05289087753044441,0.009765625,0.0008104729495244101,8.298344427376685e-05
1021952,-0.0008369172282982618,0.7223302545025945,-0.04375556710874662,0.01220703125,0.0011007402645191178,8.296637651476363e-05
1022976,6.133160786703229e-05,0.33043475495651364,-0.043792946118628606,0.00927734375,0.0012773145572282374,8.294930875576037e-05
1024000,-0.0010771601810120046,0.4946196323726326,-0.029234669120342005,0.0087890625,0.0009562633495079353,8.293224099675712e-05
1025024,-0.001594183559063822,0.36533815297298133,-0.04833575087832287,0.017578125,0.0024024736339924857,8.291517323775388e-05
1026048,-0.0021068923524580896,0.0792196033289656,-0.02767571623553522,0.0068359375,0.0012334003840805963,8.289810547875064e-05
1027072,-0.0007476333703380078,0.0834823421901092,-0.02897040531388484,0.0048828125,0.000544466107385233,8.28810377197474e-05
1028096,-0.00036601716419681907,0.04628012457396835,-0.028627800187678076,0.00830078125,0.0007236989913508296,8.286396996074415e-05
1029120,0.0009964937198674306,0.3756495260167867,-0.03911189621430822,0.009765625,0.0022304986778181046,8.284690220174091e-05
1030144,-0.003150926495436579,1.3720693392679095,-0.04852839605882764,0.01416015625,0.007167084535467438,8.282983444273767e-05
1031168,-0.0031977096805348992,1.0495617222040892,-0.08180995017755777,0.02099609375,0.0022473655553767458,8.281276668373444e-05
1032192,-0.0006163334182929248,0.43236474599689245,-0.038571643526665866,0.01513671875,0.0034286029112990946,8.279569892473118e-05
1033216,0.0004756040725624189,0.9107037605717778,-0.06061387213412672,0.009765625,0.0012761980760842562,8.277863116572794e-05
1034240,-0.0018290246662218124,0.07843852578662336,-0.04382102232193574,0.02197265625,0.002978011529194191,8.276156340672469e-05
1035264,-0.006062952626962215,1.0142644587904215,-0.06246629974339157,0.03857421875,0.01076877054583747,8.274449564772147e-05
1036288,-0.0011274373246124014,0.3845399913843721,-0.046859301801305264,0.02197265625,0.004053523705806583,8.272742788871821e-05
1037312,-0.0017997401882894337,2.315110206604004,-0.11861834325827658,0.02783203125,0.0027182548074051738,8.271036012971498e-05
1038336,-0.004650928647606634,0.3853744934312999,-0.04664821573533118,0.025390625,0.003444360481807962,8.269329237071172e-05
1039360,0.0004925828397972509,0.4058576242532581,-0.05113801115658134,0.00830078125,0.0010544946271693334,8.267622461170848e-05
1040384,-0.002161497570341453,0.8740044478327036,-0.07755495875608176,0.0166015625,0.0018861579010263085,8.265915685270524e-05
1041408,-0.0013410710962489247,0.09650368336588144,-0.04097777287825011,0.01318359375,0.0036346101260278374,8.2642089093702e-05
1042432,-0.0004654517106246203,1.9041598960757256,-0.08052150905132294,0.01611328125,0.003047475329367444,8.262502133469875e-05
1043456,-0.00022656031069345772,0.3797881109640002,-0.03554856838309206,0.0048828125,0.0006467254424933344,8.260795357569551e-05
1044480,-0.0017203164316015318,1.341937206685543,-0.07190010702470317,0.0126953125,0.005548481873120181,8.259088581669228e-05
1045504,0.008817735651973635,0.7232208093628287,-0.0649095888948068,0.02001953125,0.0030778095388086513,8.257381805768902e-05
1046528,0.000805704592494294,0.17699116910807788,-0.034992575470823795,0.02392578125,0.0024065669858828187,8.25567502986858e-05
1047552,-0.0015402381832245737,0.28631072537973523,-0.05220433050999418,0.021484375,0.0026460875378688797,8.253968253968255e-05
1048576,-0.0013992206659168005,0.06624163978267461,-0.028501023203716613,0.00927734375,0.0019584625988500193,8.252261478067929e-05
1049600,-0.0020688877993961796,0.3578795186476782,-0.03813935586367734,0.01708984375,0.00257718977809418,8.250554702167605e-05
1050624,-0.0010501864016987383,0.12862496438901871,-0.030407577971345745,0.00830078125,0.0005131212819833308,8.248847926267282e-05
1051648,-0.00033947550400625914,0.3942376438062638,-0.04392413140158169,0.01416015625,0.001335115754045546,8.247141150366958e-05
1052672,-0.0017744120850693434,0.5640564830973744,-0.05705947172828019,0.02490234375,0.006731992994900793,8.245434374466632e-05
1053696,-0.0014236116694519296,0.5443346654064953,-0.03986480087041855,0.01220703125,0.003930658189347014,8.243727598566309e-05
1054720,-0.0003806873719440773,0.8513725269585848,-0.05662835290422663,0.01416015625,0.0028458476008381695,8.242020822665985e-05
1055744,-0.0007521398656535894,0.11071780603379011,-0.030230480992031517,0.00537109375,0.0010566761484369636,8.240314046765661e-05
1056768,-5.765169044025242e-05,0.06410410394892097,-0.028610196779482067,0.01123046875,0.00180580020241905,8.238607270865335e-05
1057792,0.0009436273976461962,0.46693636826239526,-0.04197265175753273,0.01953125,0.005070498038548976,8.236900494965012e-05
1058816,-0.00304288552433718,0.3620452913455665,-0.03711661364650354,0.02490234375,0.0031596927001373842,8.235193719064686e-05
1059840,-0.00336570521176327,0.053564312285743654,-0.03551269680610858,0.02783203125,0.006452855464885943,8.233486943164364e-05
1060864,-0.0006939874001545832,0.5787084079347551,-0.03800085702096112,0.00927734375,0.000994064539554529,8.231780167264039e-05
1061888,-0.0006100592145230621,0.3691500172717497,-0.05324843680136837,0.017578125,0.004318279956351034,8.230073391363715e-05
1062912,-0.00032716369605623186,0.20262222550809383,-0.0371719712857157,0.0146484375,0.0014012587198521942,8.22836661546339e-05
1063936,-0.0008649024530313909,1.7108031213283539,-0.11039552884176373,0.02490234375,0.0025778816343517974,8.226659839563066e-05
1064960,-0.0009344081918243319,0.9775908403098583,-0.06284799525747076,0.00830078125,0.0011803939851233736,8.224953063662742e-05
1065984,-0.0015985005011316389,0.3755415657069534,-0.04666117572924122,0.01123046875,0.0013503485533874482,8.223246287762418e-05
1067008,0.0011786344111897051,0.16334471222944558,-0.038096569187473506,0.0166015625,0.004588900454109535,8.221539511862093e-05
1068032,0.0009253659518435597,0.08847245911601931,-0.03594805079046637,0.01904296875,0.0050911893195007,8.219832735961769e-05
1069056,0.004728188883746043,3.5611765161156654,-0.1911863568238914,0.09423828125,0.00927692164259497,8.218125960061445e-05
1070080,-0.0029671979427803308,1.5398934036493301,-0.11030704365111887,0.041015625,0.0038502073439303786,8.216419184161121e-05
1071104,0.002339203201700002,2.815794823691249,-0.17431647097691894,0.04833984375,0.003555432820576243,8.214712408260796e-05
1072128,-0.0011234839621465653,9.054712027311325,-0.47360073775053024,0.10986328125,0.008243553020292893,8.21300563236047e-05
1073152,0.003878387331496924,9.419798105955124,-0.6528350263834,0.13134765625,0.008992388844490051,8.211298856460148e-05
1074176,0.0018238420016132295,5.579439759254456,-0.5880801174789667,0.10107421875,0.007214868135633878,8.209592080559823e-05
1075200,-0.007237877667648718,4.845123395323753,-0.6093029379844666,0.20263671875,0.015438667513080873,8.207885304659499e-05
1076224,-0.005418593427748419,0.380899959243834,-0.05036374446353875,0.0234375,0.0027991770330118015,8.206178528759175e-05
1077248,-0.010781250995933078,1.01133469119668,-0.0746004959801212,0.037109375,0.0027454026421764866,8.20447175285885e-05
1078272,-0.00174633800634183,0.7501821685582399,-0.07243793224915862,0.02001953125,0.002798472865833901,8.202764976958526e-05
1079296,-0.0026886561536230147,0.9165431652218103,-0.060097475186921656,0.0166015625,0.003932263512979262,8.201058201058202e-05
1080320,-0.0012862998992204666,0.194297838723287,-0.031126203335588798,0.00732421875,0.0008427707653027028,8.199351425157878e-05
1081344,0.0008730799600016326,0.12520208093337715,-0.026711923725088127,0.01123046875,0.002988888823892921,8.197644649257553e-05
1082368,-0.0003850292123388499,0.633700056001544,-0.03924689692212269,0.025390625,0.0027348721341695637,8.195937873357229e-05
1083392,-6.27480330877006e-05,0.11315197544172406,-0.028874285068013705,0.00830078125,0.0007337074493989348,8.194231097456904e-05
1084416,0.00020662910537794232,0.20193981239572167,-0.03183778030506801,0.013671875,0.0011915091017726809,8.192524321556581e-05
1085440,0.000310709496261552,0.4943382665514946,-0.03254084957006853,0.0068359375,0.0006524358905153349,8.190817545656256e-05
1086464,0.00034404531470499933,0.11027529649436474,-0.022984032788372133,0.0107421875,0.0011001357197528705,8.18911076975593e-05
1087488,-0.002455876281601377,0.7397015956230462,-0.04527450821478851,0.0205078125,0.0017599663697183132,8.187403993855607e-05
1088512,6.150432454887778e-05,0.1133252689614892,-0.024797244572255295,0.00927734375,0.0010845241486094892,8.185697217955283e-05
1089536,-0.0018576753791421652,0.7984505575150251,-0.05116031746729277,0.0107421875,0.002335733821382746,8.183990442054959e-05
1090560,-0.0010837186564458534,0.11997720215003937,-0.02376629198261071,0.0078125,0.0024210073897847906,8.182283666154635e-05
1091584,-0.0017139500851044431,0.114989064168185,-0.026108752186701167,0.01025390625,0.0021556480351136997,8.18057689025431e-05
1092608,-0.0006437384436139837,1.3612498166039586,-0.07302643969887868,0.0224609375,0.0019400984601816162,8.178870114353986e-05
1093632,-0.0024182864581234753,1.0159336905926466,-0.04873506567673758,0.03125,0.003064434786210768,8.177163338453662e-05
1094656,0.00046715966891497374,0.08644837758038193,-0.02576086125918664,0.0078125,0.0023034971818560734,8.175456562553338e-05
1095680,-0.0014562183932866901,0.0987206429708749,-0.023217415320686996,0.01611328125,0.006363538312143646,8.173749786653013e-05
1096704,0.0016979705687845126,0.0746830003336072,-0.03003729302145075,0.01513671875,0.0019498570472933352,8.172043010752688e-05
1097728,0.0034580520587041974,0.7932516848668456,-0.06226504992810078,0.01416015625,0.003167242364725098,8.170336234852365e-05
1098752,-0.0016095778555609286,0.08180099516175687,-0.02286381763406098,0.01220703125,0.0018032541847787797,8.16862945895204e-05
1099776,0.0016376399071305059,0.7211352875456214,-0.05809588904958218,0.02197265625,0.00415829369740095,8.166922683051716e-05
1100800,-0.0006278675282374024,0.18941582390107214,-0.027205371676245704,0.0068359375,0.0023892928584245965,8.16521590715139e-05
1101824,-0.0009656995389377698,0.5755413812585175,-0.03893106890609488,0.01318359375,0.0024567732180003077,8.163509131251067e-05
1102848,-0.0009982252813642845,0.07474431477021426,-0.026609674067003652,0.0107421875,0.00251884528552182,8.161802355350743e-05
1103872,-0.0008793889719527215,0.4955336053390056,-0.03510791412554681,0.01123046875,0.0013568419526563957,8.160095579450419e-05
1104896,-0.0007932443550089374,0.2100189900957048,-0.02740707997145364,0.00732421875,0.0023425457038683817,8.158388803550095e-05
1105920,-0.002000420048716478,0.11940082488581538,-0.02616270001453813,0.0146484375,0.0035852020810125396,8.15668202764977e-05
1106944,-0.0005861964455107227,0.11800292902626097,-0.032189615769311786,0.0126953125,0.0039113676466513425,8.154975251749446e-05
1107968,4.8593501560389996e-06,0.39037518948316574,-0.03687110243481584,0.0126953125,0.001334016036707908,8.153268475849122e-05
1108992,-0.002566133247455582,0.06356818811036646,-0.02306885834696004,0.0078125,0.003905718316673301,8.151561699948798e-05
1110016,0.0001917760819196701,0.11630588746629655,-0.027568986784899607,0.01025390625,0.0011900711542693898,8.149854924048473e-05
1111040,-0.0003366736345924437,0.09561339020729065,-0.024189684096199926,0.0078125,0.0016995871847029775,8.148148148148149e-05
1112064,-0.0009833577496465296,0.12590891914442182,-0.024060682586423354,0.01708984375,0.002926547225797549,8.146441372247824e-05
1113088,-0.0003112339763902128,0.7562013072893023,-0.05142295628320426,0.015625,0.0018297760107088834,8.1447345963475e-05
1114112,0.0008418118668487296,0.12633775221183896,-0.031237329851137474,0.01904296875,0.0048054462822619826,8.143027820447176e-05
1115136,-0.0001125465496443212,0.09956254530698061,-0.022826643515145406,0.0087890625,0.0010011788544943556,8.141321044546851e-05
1116160,-0.0010106338013429195,0.43570350110530853,-0.036219235946191475,0.0166015625,0.0010970185830956325,8.139614268646527e-05
1117184,-0.001549984241137281,0.8892324641346931,-0.068369435146451,0.01513671875,0.0014223674370441586,8.137907492746203e-05
1118208,-0.0006967560111661442,0.2679022967349738,-0.033271193693508394,0.01708984375,0.0029517097427742556,8.136200716845879e-05
1119232,-0.0001577082002768293,0.09537802648264915,-0.027467005005746614,0.0166015625,0.0026844289823202416,8.134493940945555e-05
1120256,0.0012193771544843912,0.09084577986504883,-0.024968981691927183,0.0068359375,0.002583157242042944,8.13278716504523e-05
1121280,-0.001332925312453881,0.34477028087712824,-0.03937318455427885,0.0224609375,0.004215078486595303,8.131080389144905e-05
1122304,-0.002536506173782982,0.15544960484839976,-0.0259533688040392,0.0205078125,0.005916017369600013,8.129373613244582e-05
1123328,-0.00015779111708980054,0.06206752615980804,-0.02579707596305525,0.0087890625,0.001368755692965351,8.127666837344257e-05
1124352,-0.0015266365007846616,0.33177592093124986,-0.03381472665932961,0.0107421875,0.0013331024238141254,8.125960061443933e-05
1125376,-0.0015166020311880857,0.24671652563847601,-0.03193750308128074,0.02587890625,0.00817702736821957,8.124253285543608e-05
1126400,0.003325382262119092,0.5834847772493958,-0.0425259277690202,0.0126953125,0.0029423973755910993,8.122546509643284e-05
1127424,-0.0013230516051407903,0.3597616052720696,-0.031041237816680223,0.01611328125,0.002957289689220488,8.12083973374296e-05
1128448,-0.0016736189427319914,0.4339070569258183,-0.03386323340237141,0.0185546875,0.0021388662717072293,8.119132957842636e-05
1129472,-0.0003438503772486001,0.18537057493813336,-0.02902688641916029,0.009765625,0.0017750373808667064,8.117426181942311e-05
1130496,0.0001827890082495287,0.40957143949344754,-0.03492339303193148,0.009765625,0.001955745159648359,8.115719406041987e-05
1131520,-0.000757626723498106,0.4362309146672487,-0.04285038902889937,0.01416015625,0.001546703017083928,8.114012630141663e-05
1132544,0.0001457202306482941,0.1544465667102486,-0.03240476638893597,0.01123046875,0.0029749623936368152,8.112305854241339e-05
1133568,0.0001337018038611859,0.4298169536050409,-0.03120832407148555,0.00439453125,0.0007072082371450961,8.110599078341015e-05
1134592,-0.0009631203865865245,0.11730763118248433,-0.026658693270292133,0.00390625,0.0003692695463541895,8.108892302440689e-05
1135616,-0.0006972992705414072,0.09605026722420007,-0.02116207586368546,0.0107421875,0.0016851512918947265,8.107185526540366e-05
1136640,-0.0003965034775319509,0.08577670436352491,-0.024849869281752035,0.01806640625,0.006219646631507203,8.105478750640041e-05
1137664,-0.001067056437022984,0.06525249051628634,-0.02574275112419855,0.00830078125,0.0016112604062072933,8.103771974739717e-05
1138688,-0.002962939004646614,0.058567899744957685,-0.032326021399057936,0.01708984375,0.006792482978198677,8.102065198839393e-05
1139712,-0.0021724926627939567,0.8998657679185271,-0.04437108905403875,0.01708984375,0.0012908610806334764,8.100358422939068e-05
1140736,0.0004420607292558998,0.10987558239139616,-0.02197966750827618,0.017578125,0.00999531801789999,8.098651647038744e-05
1141760,-0.0006811814964748919,0.39573684660717845,-0.03179636932327412,0.017578125,0.0029672425298485905,8.09694487113842e-05
1142784,-0.0011077101662522182,0.3099810276180506,-0.0352325267449487,0.01171875,0.002827852396876551,8.095238095238096e-05
1143808,0.004703578320913948,0.04841871792450547,-0.02415892890712712,0.017578125,0.0036562603199854493,8.093531319337771e-05
1144832,-0.000698266172548756,0.5530797215178609,-0.04091610785690136,0.01318359375,0.0009668779384810477,8.091824543437447e-05
1145856,-0.0011017105643986724,0.11667310702614486,-0.03131927140202606,0.0126953125,0.0019717999530257657,8.090117767537123e-05
1146880,-0.003506869834382087,0.9231399432756007,-0.04499685944756493,0.0146484375,0.001216183474753052,8.088410991636799e-05
1147904,-0.003149976721033454,0.6646996736526489,-0.04009413854510058,0.01953125,0.00278361227537971,8.086704215736474e-05
1148928,0.00016810407396405935,0.12080652010627091,-0.026654011446225923,0.0048828125,0.0007933949236758053,8.08499743983615e-05
1149952,-0.0019604662229539827,0.19377164239995182,-0.020321969845099375,0.01123046875,0.002735856600338593,8.083290663935825e-05
1150976,-0.0009627113759052008,0.1115030316868797,-0.024577908534411108,0.00732421875,0.001591824140632525,8.081583888035501e-05
1152000,-0.0011003900872310624,0.5017356430180371,-0.0275133154791547,0.01123046875,0.003466766997007653,8.079877112135177e-05
1153024,-0.0009254200558643788,0.09317314601503313,-0.025838712681434117,0.0078125,0.0011647427309071645,8.078170336234853e-05
1154048,-0.00016011245315894485,0.060981607413850725,-0.02691791702818591,0.01025390625,0.00209421303588897,8.076463560334528e-05
1155072,-0.0023221750598168,0.419849194586277,-0.03187354584224522,0.015625,0.002710950357140973,8.074756784434204e-05
1156096,-0.0008673975680721924,0.4578862611670047,-0.029332904909097124,0.01171875,0.0035120547545375302,8.07305000853388e-05
1157120,-0.0009398391848662868,0.5767947874264792,-0.02850529144052416,0.0166015625,0.002533708087867126,8.071343232633556e-05
1158144,-0.0009368578612338752,0.3819780007470399,-0.037943234463455155,0.02685546875,0.0045961463620187715,8.069636456733231e-05
1159168,-0.0004254966406733729,0.09927802078891546,-0.023038473696942674,0.009765625,0.0010068717238027602,8.067929680832906e-05
1160192,-0.0006511831161333248,0.4920393929351121,-0.03111593669746071,0.01513671875,0.0021816779917571694,8.066222904932583e-05
1161216,0.0009429204947082326,0.4305062193889171,-0.03958927498024423,0.01220703125,0.002145050893886946,8.064516129032258e-05
1162240,3.397816908545792e-05,0.062257188372313976,-0.025895252176269423,0.01318359375,0.0013751588703598827,8.062809353131934e-05
1163264,0.0023393011651933193,0.09950689086690545,-0.02743596631626133,0.0126953125,0.007276674194145016,8.061102577231609e-05
1164288,0.0009486358903814107,0.7149809366092086,-0.03534330098773353,0.01220703125,0.0016564309771638364,8.059395801331285e-05
1165312,-0.002042606836766936,1.1074040150269866,-0.049059099459555,0.03173828125,0.0037746864545624703,8.057689025430961e-05
1166336,0.00014010963786859065,0.507561941165477,-0.027432297472842038,0.00927734375,0.002446659855195321,8.055982249530637e-05
1167360,0.00027186637453269213,0.5161351265851408,-0.02706336198025383,0.0078125,0.0022743454173905775,8.054275473630313e-05
1168384,4.956711200065911e-05,0.07891810603905469,-0.033193751238286495,0.0283203125,0.006851625643321313,8.052568697729988e-05
1169408,9.892658272292465e-05,0.050594531116075814,-0.01973150510002597,0.00634765625,0.0016376254061469808,8.050861921829664e-05
1170432,-0.0009657090267864987,0.10979381902143359,-0.02365363567514578,0.005859375,0.0008049526222748682,8.04915514592934e-05
1171456,-0.0006447459745686501,0.7219165037386119,-0.0441017356060911,0.01171875,0.0014256911381380633,8.047448370029016e-05
1172480,-0.0001451559510314837,0.11038927349727601,-0.026689688733313233,0.0166015625,0.0025600858934922144,8.045741594128691e-05
1173504,0.00024439925618935376,1.005322027951479,-0.05209842184558511,0.01416015625,0.001905006603919901,8.044034818228367e-05
1174528,-0.0011093227949459106,0.17253907886333764,-0.03159480117028579,0.01318359375,0.002624941640533507,8.042328042328042e-05
1175552,-0.000378081516828388,0.18148551834747195,-0.028956172172911465,0.01220703125,0.004077240620972589,8.040621266427718e-05
1176576,-0.0011109604383818805,0.4410228938795626,-0.03846577325020917,0.0146484375,0.0012341787805780768,8.038914490527394e-05
1177600,-0.00010560869122855365,0.5471325758844614,-0.034366095962468535,0.01171875,0.002623872336698696,8.037207714627069e-05
1178624,-0.0010185817955061793,0.11228910100180656,-0.02532097845687531,0.00537109375,0.0013838355225743726,8.035500938726745e-05
1179648,-0.0003276359639130533,0.19391938857734203,-0.02065290728205582,0.01171875,0.003419521061005071,8.033794162826421e-05
1180672,0.0017224244948010892,0.07954537298064679,-0.022734600668627536,0.0087890625,0.0023656314879190177,8.032087386926097e-05
1181696,-0.0030502740119118243,0.4811613825149834,-0.03875819037784822,0.033203125,0.008822804331430234,8.030380611025773e-05
1182720,-0.0006332632910925895,0.2266605831682682,-0.02759118335234234,0.00732421875,0.003451446638791822,8.028673835125448e-05
1183744,-0.002504496216715779,0.3423091529402882,-0.03188651484379079,0.02099609375,0.0032840090134413913,8.026967059225124e-05
1184768,0.0003423871530685574,0.37701694993302226,-0.026711888349382207,0.0068359375,0.0010027886892203242,8.0252602833248e-05
1185792,-0.0014739193284185603,0.41919435863383114,-0.026768763811560348,0.01220703125,0.001594193177879788,8.023553507424475e-05
1186816,-0.00024788445443846285,0.5371438071597368,-0.02782951841072645,0.00830078125,0.0020518422388704494,8.021846731524151e-05
1187840,0.010607742384308949,0.4239336531609297,-0.033519148724735714,0.0087890625,0.003064727134187706,8.020139955623826e-05
1188864,0.0005949178885202855,0.11995097808539867,-0.02292511725318036,0.00927734375,0.000653451555990614,8.018433179723502e-05
1189888,0.0034653172115213238,0.15202102391049266,-0.02504604474961525,0.00732421875,0.0029441959195537493,8.016726403823178e-05
1190912,-0.0012557136069517583,0.17034875368699431,-0.027351879682100844,0.00830078125,0.0024789927410893142,8.015019627922854e-05
1191936,-0.0001472627482144162,0.10865775553975254,-0.027359292795154033,0.00634765625,0.0017823024682002142,8.013312852022529e-05
1192960,-0.0006403317966032773,0.2194941472262144,-0.027264882490271702,0.01708984375,0.005185566085856408,8.011606076122205e-05
1193984,-0.00045037946256343275,0.0704460859997198,-0.018610702632940956,0.0078125,0.004623887201887555,8.009899300221881e-05
1195008,-0.0014571021019946784,0.38525445596314967,-0.037644798547262326,0.01416015625,0.002360936763579957,8.008192524321557e-05
1196032,-0.0012262529344297945,0.814080911455676,-0.038855204002175014,0.013671875,0.0019220550457248464,8.006485748421234e-05
1197056,-0.0003763330532819964,0.07987215823959559,-0.025507547514280304,0.0107421875,0.0019367719360161573,8.004778972520908e-05
1198080,2.2184147383086383e-05,0.4830046221613884,-0.0322484778589569,0.00390625,0.0003957874432671815,8.003072196620584e-05
1199104,0.0013289658454596065,0.15987575589679182,-0.026603275796333037,0.0185546875,0.0026717969885794446,8.001365420720259e-05
1200128,-0.0006736035866197199,0.05560947395861149,-0.024623053148388863,0.01416015625,0.0024657766916789114,7.999658644819937e-05
1201152,-0.0006596317252842709,0.17958587780594826,-0.026188988933427026,0.0107421875,0.0022152502060635015,7.997951868919611e-05
1202176,0.0011639477452263236,0.45846945815719664,-0.033447568595875055,0.00439453125,0.0017301405314356089,7.996245093019286e-05
1203200,0.002165576283005066,0.3122998718172312,-0.036323345615528524,0.01220703125,0.002161032141884789,7.994538317118962e-05
1204224,-0.0007669017795706168,0.05421420175116509,-0.025405230117030442,0.00634765625,0.0005942917487118393,7.992831541218638e-05
1205248,-0.0007981034141266719,0.07811629015486687,-0.025099850812694058,0.0107421875,0.0030369541054824367,7.991124765318315e-05
1206272,-0.0014639614091720432,0.5764052262529731,-0.03541867752210237,0.01318359375,0.0013249170151539147,7.989417989417989e-05
1207296,0.0006576759333256632,0.45067491801455617,-0.04130529201938771,0.0087890625,0.0012843362928833812,7.987711213517665e-05
1208320,-0.0002951069182017818,0.4947942993603647,-0.03654250624822453,0.00927734375,0.0009173843282042071,7.986004437617342e-05
1209344,-0.0024124123447109014,0.3970331219024956,-0.04064912808826193,0.013671875,0.0013714558590436354,7.984297661717018e-05
1210368,0.0016782523016445339,0.3099632617086172,-0.03508955355209764,0.0107421875,0.0026273593393852934,7.982590885816692e-05
1211392,-0.0012810612533940002,0.13484648941084743,-0.019831451383652166,0.0078125,0.0010076017933897674,7.980884109916368e-05
1212416,-0.00037317317037377506,0.8304024355020374,-0.036355456861201674,0.02783203125,0.0035600626870291308,7.979177334016043e-05
1213440,-0.002435027447063476,0.5078222514130175,-0.037636148364981636,0.013671875,0.001895284396596253,7.97747055811572e-05
1214464,-0.0018639607005752623,0.362188579980284,-0.022045962577976752,0.01171875,0.002170581094105728,7.975763782215395e-05
1215488,-0.0010678248363547027,0.04793125588912517,-0.026022920530522242,0.01416015625,0.0062206368311308324,7.974057006315072e-05
1216512,-0.0005841683887410909,0.35148324188776314,-0.026200896900263615,0.00732421875,0.001458607948734425,7.972350230414746e-05
1217536,-0.0015791297191753983,0.09866388665977865,-0.02742830505303573,0.01025390625,0.00225313424016349,7.970643454514422e-05
1218560,4.44037577835843e-05,0.10562624875456095,-0.02194370482902741,0.0078125,0.0012242946831975132,7.968936678614099e-05
1219584,-0.00010421875049360096,0.1012331957463175,-0.02631159612792544,0.01220703125,0.003022252887603827,7.967229902713775e-05
1220608,0.0004899535706499591,0.0629166376311332,-0.03014000048278831,0.00830078125,0.0017146629834314808,7.96552312681345e-05
1221632,-0.0012112690310459584,0.3818501504138112,-0.03560325945727527,0.015625,0.004488016144023277,7.963816350913126e-05
1222656,-0.0019412235706113279,0.16095211915671825,-0.027188628853764385,0.00732421875,0.0017124109144788235,7.962109575012802e-05
1223680,-0.001507607797975652,0.740886104060337,-0.04066850894014351,0.01025390625,0.0017983994912356138,7.960402799112476e-05
1224704,-0.00022465630900114775,0.13454972463659942,-0.026096571527887136,0.0087890625,0.0017982333083637059,7.958696023212154e-05
1225728,-0.0008341049106093124,0.3609544523060322,-0.027982255414826795,0.00244140625,0.00020621773728635162,7.956989247311829e-05
1226752,-0.0019916441524401307,0.4076484409160912,-0.028037019379553385,0.013671875,0.003741802298463881,7.955282471411503e-05
1227776,-0.0003514881827868521,0.13154729385860264,-0.02039645541117352,0.0078125,0.0016204387793550268,7.95357569551118e-05
1228800,-0.0007481395514332689,0.40741014247760177,-0.030856823941576295,0.00830078125,0.003770269759115763,7.951868919610856e-05
1229824,-0.0012412702344590798,0.1205615138169378,-0.01748743862117408,0.0048828125,0.0006216019246494398,7.950162143710532e-05
1230848,-0.001560876888106577,0.4791247418615967,-0.028528361799544655,0.01220703125,0.003744364556041546,7.948455367810206e-05
1231872,-0.0004963563005730975,0.3459141794592142,-0.02600043777420069,0.00732421875,0.0015853102086111903,7.946748591909883e-05
1232896,0.0007713994127698243,0.14660181244835258,-0.02730082892230712,0.0146484375,0.002448640763759613,7.945041816009559e-05
1233920,4.066423571202904e-05,0.10195179469883442,-0.028416204862878658,0.0087890625,0.0021811348997289315,7.943335040109235e-05
1234944,0.00039495262899436057,0.03687667363556102,-0.02078999314289831,0.00927734375,0.0025829474616330117,7.94162826420891e-05
1235968,-0.001074924148269929,0.06818175525404513,-0.026997379238309804,0.01123046875,0.0045035526127321646,7.939921488308586e-05
1236992,-0.0009787128547031898,0.0918939986731857,-0.02427929369150661,0.0126953125,0.001841339995735325,7.93821471240826e-05
1238016,-0.0004980256489943713,0.6885275105014443,-0.03261986290453933,0.00341796875,0.0002613167162053287,7.936507936507938e-05
1239040,-0.0022146453920868225,0.14964976999908686,-0.020551652894937433,0.0146484375,0.003852797017316334,7.934801160607613e-05
1240064,-0.0003698918881127611,0.44586629630066454,-0.03430031152674928,0.0048828125,0.0006850735226180404,7.933094384707289e-05
1241088,-0.00044680811697617173,0.1275966800749302,-0.024450218486890662,0.009765625,0.0011909975000889972,7.931387608806963e-05
1242112,0.0009908979263855144,0.14666627603583038,-0.024012178291741293,0.017578125,0.005369044665712863,7.92968083290664e-05
1243136,0.013301096332725137,0.05163815512787551,-0.02331434455118142,0.00927734375,0.0054124819580465555,7.927974057006316e-05
1244160,0.006827079050708562,1.3423945438116789,-0.07863650831859559,0.02685546875,0.0077939168841112405,7.926267281105992e-05
1245184,0.0005671555481967516,0.07734447193797678,-0.02543659196817316,0.01171875,0.0021880291897105053,7.924560505205667e-05
1246208,-0.0018060853763017803,3.9304935932159424,-0.18594134785234928,0.07373046875,0.007200601292424835,7.922853729305343e-05
1247232,0.0006866722251288593,0.41516021452844143,-0.04279680771287531,0.0302734375,0.005000931982067414,7.921146953405019e-05
1248256,-0.0009618562762625515,0.2356082710903138,-0.028391157669830136,0.0078125,0.00134305062238127,7.919440177504694e-05
1249280,-0.0002485042641637847,0.05118005897384137,-0.02579507912741974,0.0126953125,0.003624570192187093,7.91773340160437e-05
1250304,-0.00316445785574615,1.7395560797303915,-0.08856716845184565,0.04296875,0.005173754849238321,7.916026625704044e-05
1251328,-0.00028155517065897584,0.2245213077403605,-0.03292929052258842,0.01318359375,0.0018834290676750243,7.91431984980372e-05
1252352,0.0009284448169637471,0.0762870101025328,-0.029067164175103244,0.013671875,0.0027094059041701257,7.912613073903397e-05
1253376,-0.0007222014537546784,0.07893068355042487,-0.027490372936881613,0.0068359375,0.0007823367923265323,7.910906298003073e-05
1254400,-0.0021906012698309496,0.10851875215303153,-0.032419747025414836,0.017578125,0.004872084915405139,7.909199522102749e-05
1255424,0.0011686895741149783,0.5890904742991552,-0.03908665166818537,0.0107421875,0.0013900661579100415,7.907492746202424e-05
1256448,-0.0005831231392221525,0.07199860108084977,-0.024272153605124913,0.0087890625,0.0028517661994555965,7.9057859703021e-05
1257472,-0.000992240042251069,0.11462483927607536,-0.026960800838423893,0.00830078125,0.0008498104580212384,7.904079194401776e-05
1258496,-0.0006724718259647489,0.11314263800159097,-0.02554261323530227,0.0068359375,0.003296866358141415,7.902372418501452e-05
1259520,-0.0023104882711777464,0.879342732951045,-0.05868960591033101,0.01123046875,0.0013088289415463805,7.900665642601127e-05
1260544,-0.00043688232835847884,0.48967349040322006,-0.03933585446793586,0.009765625,0.0024405598524026573,7.898958866700803e-05
1261568,-0.0019832052785204723,0.0628599461633712,-0.030230375748942606,0.009765625,0.002599679821287282,7.897252090800478e-05
1262592,-0.0005528265464818105,0.3820707204286009,-0.03066734431195073,0.0126953125,0.001509405643446371,7.895545314900155e-05
1263616,-0.0007410905964206904,0.14839039277285337,-0.034074807044817135,0.01416015625,0.0013982640084577724,7.89383853899983e-05
1264640,-0.0022694171202601865,0.09085499902721494,-0.03111052032909356,0.0185546875,0.005441205183160491,7.892131763099505e-05
1265664,-0.001512920505774673,0.3539045333163813,-0.03482067576260306,0.00830078125,0.0012875918910140172,7.89042498719918e-05
1266688,-0.0019076767202932388,0.7742200379725546,-0.04313677077880129,0.015625,0.0020095573709113523,7.888718211298857e-05
1267712,-0.002267506941279862,0.4270552487578243,-0.038298620045679854,0.01611328125,0.0032066053536254913,7.887011435398533e-05
1268736,0.001350150429061614,0.6034225085750222,-0.03635855216998607,0.01611328125,0.0036432293709367514,7.885304659498209e-05
1269760,0.0022745133173884824,0.12060517899226397,-0.03224611634504981,0.0126953125,0.003719510990777053,7.883597883597884e-05
1270784,-0.000708806692273356,0.10078329872339964,-0.026393778345664032,0.009765625,0.0018180905317422003,7.88189110769756e-05
1271808,-0.0006091916875448078,0.15758093493059278,-0.027610167308012024,0.00537109375,0.0005412329628597945,7.880184331797236e-05
1272832,-0.0004230085905874148,0.3212888240814209,-0.039932748273713514,0.00732421875,0.0037888540391577408,7.878477555896912e-05
1273856,-0.0018445106397848576,0.3490662781987339,-0.03539034504501615,0.02197265625,0.0038635250966763124,7.876770779996587e-05
1274880,-8.778786286711693e-05,0.0890059411758557,-0.023148854743340053,0.01171875,0.0020282218902138993,7.875064004096262e-05
1275904,-0.0031163005478447303,0.30879118479788303,-0.040134083552402444,0.015625,0.001573082961840555,7.873357228195939e-05
1276928,-0.0006477779534179717,0.06407337461132556,-0.024820572449243627,0.017578125,0.005457617371575907,7.871650452295614e-05
1277952,1.0219955584034324e-05,1.318627392873168,-0.06580742244841531,0.03564453125,0.006507702724775299,7.86994367639529e-05
1278976,0.0010321909794583917,0.12350046588107944,-0.029636536462930962,0.0107421875,0.003038347262190655,7.868236900494965e-05
1280000,5.911117477808148e-05,1.201543316245079,-0.09380700020119548,0.0224609375,0.0023897468636278063,7.866530124594641e-05
1281024,0.0002043896820396185,1.4338584830984473,-0.09053050866350532,0.03564453125,0.0030697712063556537,7.864823348694317e-05
1282048,-0.0008815281180432066,0.7415304780006409,-0.04681667790282518,0.01513671875,0.0036457356036407873,7.863116572793993e-05
1283072,-0.00011911899491678923,0.196388439508155,-0.02653334115166217,0.00732421875,0.0016719388077035546,7.861409796893669e-05
1284096,-0.00033992514363490045,0.47879512468352914,-0.05188085937697906,0.01171875,0.0014067319425521418,7.859703020993344e-05
1285120,0.001752381445840001,0.38458254910074174,-0.037756231758976355,0.01953125,0.0035212290822528303,7.85799624509302e-05
1286144,-0.0012399358383845538,0.08020820806268603,-0.02632574606104754,0.0146484375,0.002748837345279753,7.856289469192695e-05
1287168,-0.00033465184969827533,0.36936744046397507,-0.03196734304947313,0.00341796875,0.0002854256017599255,7.854582693292372e-05
1288192,-0.001700784283457324,0.38423507171683013,-0.03450231929309666,0.01611328125,0.002699936565477401,7.852875917392047e-05
1289216,-0.001916717825224623,0.1835380473639816,-0.028993475061724894,0.01513671875,0.004412935100845061,7.851169141491722e-05
1290240,-0.0019366689666640013,0.3412224801722914,-0.03038309543626383,0.00927734375,0.0013649803004227579,7.849462365591398e-05
1291264,0.00042551743536023423,0.07209814479574561,-0.027045058319345117,0.0078125,0.0018450748902978376,7.847755589691074e-05
1292288,-0.0032135271540028043,0.3871209991630167,-0.041041051532374695,0.01318359375,0.001267905390704982,7.84604881379075e-05
1293312,-0.0007508825219701976,0.08672591217327863,-0.022523122068378143,0.00390625,0.0006938560254639015,7.844342037890425e-05
1294336,-0.0007705078751314431,0.07311027764808387,-0.021336178673664108,0.0078125,0.0022904074867255986,7.842635261990101e-05
1295360,-0.001727015056530945,0.41823883540928364,-0.035684139060322195,0.0087890625,0.0009738412773003802,7.840928486089777e-05
1296384,-0.0004008443793281913,0.08108330704271793,-0.028036204661475495,0.01220703125,0.001472710064263083,7.839221710189453e-05
1297408,-0.0005763321241829544,0.3474196306196973,-0.028629069012822583,0.009765625,0.0007867357635404915,7.837514934289129e-05
1298432,0.0004730105574708432,0.0861746616428718,-0.02305673187584034,0.01123046875,0.008278843321022578,7.835808158388804e-05
1299456,-0.0016778671415522695,0.04558172984980047,-0.02588267478859052,0.01171875,0.005050141975516453,7.834101382488479e-05
1300480,-0.0009553725103614852,0.07249864039476961,-0.019416335508140037,0.01171875,0.002219486443209462,7.832394606588156e-05
1301504,-0.0016009487444534898,0.8421176203992218,-0.04439009807538241,0.00927734375,0.000810949073638767,7.830687830687831e-05
1302528,-0.0007265708845807239,0.07130392629187554,-0.02405872385497787,0.013671875,0.0031516354792984203,7.828981054787507e-05
1303552,-0.0001772762625478208,0.04998868465190753,-0.029221000120742247,0.009765625,0.0012087410141248256,7.827274278887182e-05
1304576,0.000267104129306972,0.8243809950072318,-0.03974957753234776,0.00146484375,0.0001738365099299699,7.825567502986858e-05
1305600,-0.0005202277970965952,0.08194165711756796,-0.02135695412835048,0.0107421875,0.0034949943947140127,7.823860727086534e-05
1306624,0.0034114439331460744,0.6220908523537219,-0.03601723408792168,0.013671875,0.0027970342780463398,7.82215395118621e-05
1307648,-0.0018813743226928636,0.8939216788858175,-0.047348111344035715,0.01171875,0.001251172216143459,7.820447175285885e-05
1308672,0.0006006315816193819,0.13881117606069893,-0.040293047604791354,0.025390625,0.004361209110356867,7.818740399385561e-05
1309696,-0.001132522891566623,0.0885480921715498,-0.02494533796561882,0.00732421875,0.0009187245887005702,7.817033623485237e-05
1310720,-0.001993368670810014,0.3484354668762535,-0.03781272139167413,0.01513671875,0.005010436580050737,7.815326847584913e-05
1311744,-0.0024474090096191503,0.13785770582035184,-0.02722157990501728,0.0146484375,0.0035596363886725157,7.81362007168459e-05
1312768,-0.0013854861026629806,0.7454639705829322,-0.05688326427480206,0.01904296875,0.0018957927386509255,7.811913295784263e-05
1313792,-0.0014227605715859681,0.08186561171896756,-0.0268300418065337,0.01318359375,0.0036039306432940066,7.81020651988394e-05
1314816,0.00029713643016293645,0.08007736899890006,-0.025896741783071775,0.00732421875,0.0009156129381153733,7.808499743983615e-05
1315840,-0.0013395282003330067,0.3990854904986918,-0.034515289051341824,0.01123046875,0.001025597783154808,7.806792968083291e-05
1316864,-0.00020436692284420133,0.4380159138236195,-0.03903177089523524,0.009765625,0.0014922507398296148,7.805086192182967e-05
1317888,-0.0019199468661099672,0.12903241207823157,-0.027594949016929604,0.01416015625,0.0027257389156147838,7.803379416282642e-05
1318912,0.0009955710265785456,0.6498934973496944,-0.04359104734612629,0.0048828125,0.0006987430097069591,7.801672640382318e-05
1319936,-0.001023086253553629,0.4333671515341848,-0.03669580171117559,0.01904296875,0.004072806739713997,7.799965864481994e-05
1320960,-8.463210542686284e-05,0.06000679114367813,-0.03024967662349809,0.009765625,0.002288895600941032,7.79825908858167e-05
1321984,4.176121728960425e-05,0.0649300564546138,-0.02891726700181607,0.0078125,0.0010674329532776028,7.796552312681345e-05
1323008,-0.002340422142879106,0.14971887017600238,-0.03106814148486592,0.01611328125,0.0021621893101837486,7.794845536781021e-05
1324032,-0.00028274043143028393,0.08864956023171544,-0.02725943499535788,0.01318359375,0.003251834219554439,7.793138760880696e-05
1325056,-0.0017003947286866605,0.16442178329452872,-0.02659962314646691,0.009765625,0.0026717362052295357,7.791431984980373e-05
1326080,-0.0005767451366409659,0.4189131511375308,-0.042004350980278105,0.00830078125,0.0008349363197339699,7.789725209080048e-05
1327104,-2.6035602786578238e-05,0.4784013775642961,-0.04027855256572366,0.0126953125,0.0024415566585958004,7.788018433179723e-05
1328128,-0.0012493142858147621,1.3229731949977577,-0.06311648478731513,0.0078125,0.0013744330499321222,7.786311657279399e-05
1329152,-0.0009293875191360712,0.9115916816517711,-0.06890968442894518,0.01953125,0.00272550480440259,7.784604881379075e-05
1330176,-4.399518365971744e-05,0.08740545366890728,-0.03245375637197867,0.00537109375,0.0007364488992607221,7.782898105478751e-05
1331200,-0.0023292297264561057,0.614557487424463,-0.030918408039724454,0.0078125,0.0012789358443114907,7.781191329578427e-05
1332224,-0.0002608788199722767,0.3970656737219542,-0.038469656195957214,0.0107421875,0.0013773008395219222,7.779484553678102e-05
1333248,-0.0013159716472728178,0.11336840107105672,-0.024836098265950568,0.00927734375,0.0030859254475217313,7.777777777777778e-05
1334272,-0.0016957991902017966,0.34702153434045613,-0.04379312973469496,0.0146484375,0.002031679541687481,7.776071001877454e-05
1335296,-0.001229353656526655,0.13755650643724948,-0.02672121999785304,0.01220703125,0.0025317249674117193,7.77436422597713e-05
1336320,-0.0006162239878904074,0.33719500713050365,-0.038960410514846444,0.01318359375,0.0017856051126727834,7.772657450076805e-05
1337344,-0.0005429744342109188,0.06357021495932713,-0.02488648746657418,0.00634765625,0.000689102744217962,7.77095067417648e-05
1338368,0.0001395247963955626,0.057973396440502256,-0.023840730274969246,0.0107421875,0.001718282510410063,7.769243898276157e-05
1339392,-0.0015265621477738023,0.49654129217378795,-0.02768437714621541,0.017578125,0.004068662092322484,7.767537122375832e-05
1340416,-0.0007784835470374674,0.08625106140971184,-0.027656154794385657,0.0107421875,0.001743009896017611,7.765830346475508e-05
1341440,-0.0066247750946786255,0.9826979183126241,-0.06297650426859036,0.03857421875,0.003766303474549204,7.764123570575183e-05
1342464,0.0019141256052535027,0.9000347182154655,-0.051256118225865066,0.03173828125,0.006078931066440418,7.762416794674859e-05
1343488,-0.002665357693331316,0.4032458853907883,-0.03833652910543606,0.0205078125,0.0027667558315442875,7.760710018774535e-05
1344512,0.00039867189479991794,0.2178211505524814,-0.02794780798285501,0.01904296875,0.0036068813788006082,7.759003242874211e-05
1345536,-0.004845222778385505,2.754021441563964,-0.11524132080376148,0.07373046875,0.009619905889849178,7.757296466973887e-05
1346560,-0.0002593238605186343,0.1573985479772091,-0.02731430542189628,0.005859375,0.0009298652876168489,7.755589691073562e-05
1347584,-0.0007000892655923963,0.15762315737083554,-0.022290513199550333,0.01123046875,0.0018606790254125372,7.753882915173238e-05
1348608,-0.0010816356225404888,0.10310971620492637,-0.023722008350887336,0.0087890625,0.0024089200160233304,7.752176139272914e-05
1349632,-1.4975026715546846e-05,0.2556661940179765,-0.02617287912289612,0.0078125,0.002190348881413229,7.75046936337259e-05
1350656,-0.0029637853294843808,0.38607360678724945,-0.03829554724507034,0.0166015625,0.0017172899679280818,7.748762587472265e-05
1351680,-0.0019105571118416265,0.725403776858002,-0.04345023224595934,0.0166015625,0.0021380098623922095,7.747055811571941e-05
1352704,-0.0005688646342605352,0.14039903972297907,-0.02224684743123362,0.015625,0.00548101200547535,7.745349035671616e-05
1353728,0.0005774132732767612,0.7470570178702474,-0.05237857130123302,0.01171875,0.0010807349608512595,7.743642259771292e-05
1354752,0.00034557763137854636,0.1388907958753407,-0.024086368877760833,0.013671875,0.003584926904295571,7.741935483870968e-05
1355776,4.928479029331356e-05,0.6890383185818791,-0.04777707561152056,0.01123046875,0.0008220277668442577,7.740228707970643e-05
1356800,-0.0010288685734849423,0.6215439084917307,-0.042730746004963294,0.01806640625,0.0017255049024242908,7.738521932070319e-05
1357824,-0.0026624173478921875,0.7225995850749314,-0.04381682281382382,0.01806640625,0.003404439878067933,7.736815156169995e-05
1358848,-0.0018217227479908615,0.0801609813934192,-0.02981230098521337,0.01220703125,0.0030226144735934213,7.735108380269671e-05
1359872,-0.00040678192453924567,0.3625294528901577,-0.04274413760867901,0.02734375,0.0027940487634623423,7.733401604369348e-05
1360896,-0.0010546573030296713,0.4472412782488391,-0.03362306277267635,0.01318359375,0.0015234216552926227,7.731694828469022e-05
1361920,-2.0230640075169504e-05,0.08996654045768082,-0.032184773590415716,0.01220703125,0.0017712580010993406,7.729988052568698e-05
1362944,-0.0029726434440817684,0.8020668341778219,-0.043086010846309364,0.01416015625,0.0016865544894244522,7.728281276668375e-05
1363968,-0.00047458119661314413,0.1388583891093731,-0.029697563993977383,0.009765625,0.0023429061111528426,7.726574500768049e-05
1364992,-0.000122458441182971,0.4414581663440913,-0.0339426810387522,0.01171875,0.0013198194064898416,7.724867724867725e-05
1366016,-0.0015449899074155837,0.30119986715726554,-0.04148017865372822,0.01416015625,0.001996666265767999,7.7231609489674e-05
1367040,-0.002274961574585177,0.14604324544779956,-0.024515808567230124,0.01171875,0.002296390666742809,7.721454173067076e-05
1368064,-0.001068555429810658,0.3921672294382006,-0.04144847809220664,0.01904296875,0.0029455801559379324,7.719747397166752e-05
1369088,-0.00033456238452345133,0.10480730794370174,-0.02822045258653816,0.0068359375,0.0007538851350545883,7.718040621266428e-05
1370112,-0.0009177613392239437,0.16764596989378333,-0.03258528222795576,0.01416015625,0.005552272152272053,7.716333845366103e-05
1371136,-0.0009150416008196771,0.0895611250307411,-0.02888870073365979,0.01220703125,0.001313067419687286,7.714627069465779e-05
1372160,-0.0008440426463494077,0.11242876993492246,-0.027257645589997992,0.01708984375,0.005153473510290496,7.712920293565455e-05
1373184,-0.0009766979055712,0.08685414923820645,-0.02628360575181432,0.0068359375,0.0014137298276182264,7.711213517665132e-05
1374208,-0.0066098808601964265,0.6545212953351438,-0.049070488836150616,0.03857421875,0.007896288181655109,7.709506741764808e-05
1375232,-0.0001726852497085929,0.06399585935287178,-0.02744523288856726,0.0087890625,0.002148400846635923,7.707799965864481e-05
1376256,0.001149848205386661,0.15508783678524196,-0.027359870509826578,0.00927734375,0.0025649527815403417,7.706093189964159e-05
1377280,-0.0005672524130204692,0.754012574441731,-0.04157639213372022,0.00732421875,0.0009416800021426752,7.704386414063833e-05
1378304,-0.0005225161730777472,0.11342999315820634,-0.034246994226123206,0.0087890625,0.0016368859069189057,7.70267963816351e-05
1379328,-0.0011456882493803278,0.9677767916582525,-0.046238557872129604,0.03076171875,0.002897348065744154,7.700972862263185e-05
1380352,-0.005504920307430439,0.628120482666418,-0.043968248792225495,0.02392578125,0.0032423553784610704,7.69926608636286e-05
1381376,0.0006514426786452532,1.9632650651037693,-0.08679652644786984,0.01611328125,0.0012576144799822941,7.697559310462536e-05
1382400,-0.0022729575575795025,0.16284397221170366,-0.03024151829595212,0.01611328125,0.004371784045360982,7.695852534562212e-05
1383424,-0.0004285367176635191,0.12464508740231395,-0.021744261437561363,0.0068359375,0.0017868753348011523,7.694145758661889e-05
1384448,0.002085643442114815,7.145246222615242,-0.2705611977726221,0.08544921875,0.010642814202583395,7.692438982761563e-05
1385472,-0.0001724579487927258,0.20593176083639264,-0.027194571623113006,0.01806640625,0.005048771316069178,7.69073220686124e-05
1386496,-0.0006869384960737079,1.1004147808998823,-0.05555470031686127,0.00927734375,0.0009496373531874269,7.689025430960916e-05
1387520,-0.0024456462706439197,0.75438042730093,-0.05423732247436419,0.02490234375,0.0031613137398380786,7.687318655060592e-05
1388544,-0.0012151847477070987,0.34743183269165456,-0.027017039668862708,0.0107421875,0.0028193129983264953,7.685611879160266e-05
1389568,-0.0007502993976231664,0.12350999121554196,-0.024278156517539173,0.0107421875,0.0026644536847015843,7.683905103259943e-05
1390592,-0.0011000147933373228,0.8080268944613636,-0.044522970740217716,0.01708984375,0.0012936028360854834,7.682198327359617e-05
1391616,-0.000323568132444052,0.31990165542811155,-0.04019077506382018,0.00537109375,0.0009477857529418543,7.680491551459293e-05
1392640,-0.0008631151868030429,0.09643143462017179,-0.024959615344414487,0.00732421875,0.0026923813129542395,7.67878477555897e-05
1393664,-0.001923350791912526,0.23859494528733194,-0.024594754679128528,0.0087890625,0.002934592295787297,7.677077999658646e-05
1394688,0.004790761769982055,1.7881006635725498,-0.08619120542425662,0.0244140625,0.003654705797089264,7.67537122375832e-05
1395712,-0.0004552551545202732,0.4057734264060855,-0.034158094436861575,0.0078125,0.0019166643905919045,7.673664447857996e-05
1396736,-0.0021776096837129444,0.49855861021205783,-0.04369932517874986,0.0146484375,0.0015866091416683048,7.671957671957673e-05
1397760,-0.0010716590040829033,0.09662446961738169,-0.028359411313431337,0.0087890625,0.0015656947216484696,7.670250896057349e-05
1398784,-1.1877171345986426e-05,0.06487974687479436,-0.02156370522425277,0.00634765625,0.0013232569181127474,7.668544120157023e-05
1399808,-0.0009179698827210814,0.20076861092820764,-0.02613048700732179,0.0107421875,0.0054475661454489455,7.6668373442567e-05
1400832,0.00012887002958450466,0.8786434046924114,-0.039966440584976226,0.01171875,0.0014548678445862606,7.665130568356376e-05
1401856,0.0001601141702849418,0.1940804421901703,-0.04274542792700231,0.01708984375,0.003918346323189326,7.66342379245605e-05
1402880,-0.0009746472933329642,0.3675183404702693,-0.03038657913566567,0.013671875,0.006029241718351841,7.661717016555728e-05
1403904,-0.0018545659113442525,0.35301728872582316,-0.03169912152225152,0.01904296875,0.003382245806278661,7.660010240655401e-05
1404928,-0.0025042281486094,0.41019288497045636,-0.027744427272409666,0.0107421875,0.003246326305088587,7.658303464755077e-05
1405952,-0.0019335580291226506,0.10406457399949431,-0.030539950923412107,0.01708984375,0.002910082461312413,7.656596688854754e-05
1406976,-0.001744595996569842,0.13170639472082257,-0.03149194223806262,0.01416015625,0.0016752569936215878,7.65488991295443e-05
1408000,-0.0025694216164993122,1.2015089876949787,-0.0632834589923732,0.0283203125,0.007164273454691283,7.653183137054106e-05
1409024,-0.0008081755659077317,0.10685603693127632,-0.02464924538799096,0.013671875,0.0019550331053324044,7.65147636115378e-05
1410048,0.0009680327784735709,0.13202803768217564,-0.029947135808470193,0.00732421875,0.0010057233594125137,7.649769585253457e-05
1411072,-8.386421541217715e-06,0.12351826671510935,-0.03260862739989534,0.00830078125,0.002304238296346739,7.648062809353133e-05
1412096,-0.0006470203516073525,0.11196668585762382,-0.021450728236231953,0.01171875,0.005121212947415188,7.646356033452809e-05
1413120,-0.004093780880793929,0.39545787568204105,-0.028266355671803467,0.0166015625,0.0034612725430633873,7.644649257552484e-05
1414144,-0.0021753603941760957,0.0916229150025174,-0.025208374398062006,0.0107421875,0.0015670392895117402,7.64294248165216e-05
1415168,9.22663020901382e-05,0.07822752045467496,-0.02573754158220254,0.01806640625,0.005025052247219719,7.641235705751834e-05
1416192,-0.00041657654219307005,0.07694821059703827,-0.021920435109677783,0.009765625,0.000917191558983177,7.63952892985151e-05
1417216,-0.0013025916450715158,0.1246184075716883,-0.027327118994435295,0.01806640625,0.004392211267258972,7.637822153951187e-05
1418240,-0.0016941637441050261,0.30762762599624693,-0.03176406027341727,0.00830078125,0.0006139051547506824,7.636115378050861e-05
1419264,-0.0010596895008347929,1.0782575476914644,-0.04830789630068466,0.0146484375,0.0014406787231564522,7.634408602150538e-05
1420288,-0.0015387224339065142,0.3487990229623392,-0.027945359324803576,0.015625,0.002895955287385732,7.632701826250214e-05
1421312,-0.00039634841232327744,0.10051503113936633,-0.02335801701701712,0.0078125,0.0012777636875398457,7.63099505034989e-05
1422336,-0.0006361991981975734,0.1618969013215974,-0.03105367683019722,0.009765625,0.0012393809302011505,7.629288274449566e-05
1423360,0.0006007316405884922,0.12595649156719446,-0.024307773281179834,0.0146484375,0.005055726200225763,7.62758149854924e-05
1424384,-0.0007902489160187542,0.05751111661083996,-0.025837129651336,0.01123046875,0.0018568267114460468,7.625874722648917e-05
1425408,-0.0013559819635702297,0.14576762402430177,-0.025035588103492046,0.0107421875,0.0023511701729148626,7.624167946748593e-05
1426432,0.0005942930874880403,0.08258856693282723,-0.02779988153361046,0.01171875,0.0018920324073405936,7.622461170848268e-05
1427456,-0.004555233710561879,0.7811250919476151,-0.0370453747746069,0.01513671875,0.0024150469980668277,7.620754394947944e-05
1428480,0.00013813494297210127,0.3529704555403441,-0.03396753408014774,0.005859375,0.0007396896835416555,7.619047619047618e-05
1429504,-0.0001595915964571759,0.07025077135767788,-0.022701185320329387,0.00927734375,0.0018296904308954254,7.617340843147295e-05
1430528,0.00012436183169484138,0.06946162402164191,-0.019502439904499624,0.00634765625,0.000958884644205682,7.61563406724697e-05
1431552,-0.0003729202871909365,0.08086334529798478,-0.022650797709502513,0.00634765625,0.0007921485666884109,7.613927291346647e-05
1432576,-0.0011549445189302787,0.05965167528484017,-0.02238329928513849,0.009765625,0.0018586967053124681,7.612220515446322e-05
1433600,-0.0011208379437448457,0.5429795661475509,-0.032093053610879,0.0068359375,0.0019125082908431068,7.610513739545998e-05
1434624,4.2781291995197535e-05,1.3905754331499338,-0.06320771964965388,0.01611328125,0.0024103650503093377,7.608806963645674e-05
1435648,0.0005379627691581845,0.12158043077215552,-0.026071069747558795,0.0078125,0.0017136196256615222,7.60710018774535e-05
1436672,-0.002597299244371243,0.3578782305121422,-0.037045795732410625,0.02197265625,0.0028213759214850143,7.605393411845026e-05
1437696,-0.0008907459850888699,0.35823462216649204,-0.03471909498330206,0.00732421875,0.0010140977246919647,7.603686635944701e-05
1438720,-0.000987739178526681,0.1684859360102564,-0.030240928899729624,0.00927734375,0.0009513968107057735,7.601979860044377e-05
1439744,-0.000832702819025144,0.476333457743749,-0.03082637947954936,0.005859375,0.0016278969414997846,7.600273084144052e-05
1440768,-0.0016106217226479203,0.7141785863786936,-0.04024097727960907,0.00830078125,0.0014952699129935354,7.598566308243729e-05
1441792,0.0001944142277352512,0.3910686895251274,-0.02821223161299713,0.01708984375,0.0028568929119501263,7.596859532343404e-05
1442816,-0.001945914700627327,0.05460395780391991,-0.023062072636093944,0.01416015625,0.003634641267126426,7.595152756443079e-05
1443840,-0.0015547255970886908,0.1364209121093154,-0.02791409865312744,0.00830078125,0.0007029802800389007,7.593445980542755e-05
1444864,0.00048815293121151626,0.8394044348970056,-0.03771961387246847,0.0126953125,0.001324537384789437,7.591739204642431e-05
1445888,-0.000534593069460243,0.06485564599279314,-0.03048360182037868,0.0078125,0.002445740916300565,7.590032428742107e-05
1446912,-0.0008484817517455667,0.4477164486888796,-0.037267145278747194,0.01171875,0.0011675600399030373,7.588325652841782e-05
1447936,-0.0015107433428056538,0.991148010827601,-0.04468523952527903,0.0146484375,0.0032378475298173726,7.586618876941458e-05
1448960,-0.001456665835576132,0.10889600217342377,-0.029014631491008913,0.0087890625,0.0019662843697005883,7.584912101041134e-05
1449984,-0.0015358668460976332,0.792631374206394,-0.03152468350890558,0.01318359375,0.0015004597225924954,7.58320532514081e-05
1451008,-0.00732363888528198,0.8392430692911148,-0.056521205202443525,0.02880859375,0.0058024631143780425,7.581498549240485e-05
1452032,0.0014274973509600386,0.11463498533703387,-0.027214693844143767,0.00830078125,0.002140697746654041,7.579791773340161e-05
1453056,0.0003174688608851284,0.06858115701470524,-0.019611217474448495,0.0068359375,0.0021312329481588677,7.578084997439836e-05
1454080,-0.0002653111187100876,0.0708327159518376,-0.023911520609544823,0.0087890625,0.00143764988752082,7.576378221539512e-05
1455104,-0.00019169904408045113,0.7356807733885944,-0.05623837863095105,0.0146484375,0.0020923626143485308,7.574671445639188e-05
1456128,-0.0015389104228233919,0.6905633141286671,-0.03403635999711696,0.017578125,0.0020269442029530182,7.572964669738864e-05
1457152,-0.0011246550420764834,0.5049452225212008,-0.028785131235053996,0.01953125,0.007337546863709576,7.571257893838539e-05
1458176,-0.0005712333950214088,0.07632547232788056,-0.02722539074602537,0.009765625,0.0020024900150019675,7.569551117938215e-05
1459200,-0.001464964312617667,0.04489687399473041,-0.02587476040935144,0.013671875,0.004590398049913347,7.567844342037891e-05
1460224,-0.0016660463297739625,0.4151876016985625,-0.032938331831246614,0.01416015625,0.006416273594368249,7.566137566137567e-05
1461248,-0.000740158706321381,0.647030713967979,-0.036457576061366126,0.0126953125,0.0017549012700328603,7.564430790237242e-05
1462272,-0.0011082742421422154,0.8372132019139826,-0.03576474270084873,0.01611328125,0.0015074663970153779,7.562724014336918e-05
1463296,-0.0011931854241993278,0.10082144953776151,-0.02388549175884691,0.0078125,0.0019267144234618172,7.561017238436594e-05
1464320,-0.0006181178614497185,0.11321158101782203,-0.02949856717896182,0.0087890625,0.004327602626290172,7.559310462536269e-05
1465344,2.5129280402325094e-05,0.3987398985773325,-0.031116312457015738,0.009765625,0.0024095049302559346,7.557603686635946e-05
1466368,2.905825385823846e-05,0.48225823091343045,-0.03768308967119083,0.0048828125,0.0021518307039514184,7.555896910735621e-05
1467392,-0.0028078923642169684,0.061295260675251484,-0.02855153007840272,0.01318359375,0.0030018391407793388,7.554190134835296e-05
1468416,-0.0016124937974382192,0.06001295556779951,-0.02929980314365821,0.01513671875,0.003528143890434876,7.552483358934972e-05
1469440,0.014490938454400748,0.08855642878916115,-0.024808753691104357,0.01025390625,0.005253577692201361,7.550776583034648e-05
1470464,-0.0021380037505878136,0.16245420975610614,-0.02225329192879144,0.01123046875,0.007471772521967068,7.549069807134324e-05
1471488,-0.0010696265962906182,0.06825061328709126,-0.027129740725285956,0.015625,0.005573314294451848,7.547363031233999e-05
1472512,-0.0013275522214826196,0.11651644541416317,-0.0342866460850928,0.01171875,0.0022428313095588237,7.545656255333675e-05
1473536,0.0013642093254020438,0.8655641358345747,-0.041140108165564016,0.013671875,0.0036585151974577457,7.543949479433351e-05
1474560,-0.001235191899468191,0.836900781840086,-0.04545261518796906,0.0146484375,0.002007105009397492,7.542242703533027e-05
1475584,-0.0036375512863742188,0.9574197898618877,-0.04929051356157288,0.0224609375,0.003451126627624035,7.540535927632702e-05
1476608,-0.0001191359551739879,0.5092721860855818,-0.028096067224396393,0.0107421875,0.0030254468583734706,7.538829151732378e-05
1477632,0.0006787106467527337,0.08942089206539094,-0.023492999142035842,0.01123046875,0.0034164958487963304,7.537122375832053e-05
1478656,-0.00085910435882397,0.12229292676784098,-0.023508378562837606,0.0068359375,0.001668713055551052,7.53541559993173e-05
1479680,0.0016314383246935904,0.44754625973291695,-0.03225005668355152,0.01611328125,0.009311299698310904,7.533708824031405e-05
1480704,-0.00037722173146903515,0.07885576621629298,-0.02440218027913943,0.00634765625,0.0006303094560280442,7.532002048131081e-05
1481728,-0.00017642199236433953,0.14582740212790668,-0.031901421811198816,0.0068359375,0.0011442577961133793,7.530295272230756e-05
1482752,-0.0018768909794744104,0.04635259520728141,-0.023656038618355524,0.01123046875,0.002252183752716519,7.528588496330432e-05
1483776,-0.003150886099319905,0.5238178020808846,-0.0447932428214699,0.03076171875,0.004992277376004495,7.526881720430108e-05
1484800,-0.0012466618209145963,0.5324152756948024,-0.03308452859346289,0.0078125,0.001079317444236949,7.525174944529784e-05
1485824,0.0001421192428097129,0.11274449492339045,-0.025354438679642044,0.01123046875,0.0013838100858265534,7.523468168629459e-05
1486848,-0.0009973554988391697,1.2387771010398865,-0.04503811278846115,0.01806640625,0.0035738243022933602,7.521761392729135e-05
1487872,-0.002016007187194191,0.36329571215901524,-0.02960380403965246,0.01318359375,0.001989533004234545,7.520054616828811e-05
1488896,-0.0009847686742432415,0.07616090471856296,-0.022648905105597805,0.0126953125,0.0024831634218571708,7.518347840928486e-05
1489920,-0.0005465485446620733,0.5243910592980683,-0.029088135983329266,0.025390625,0.005583042744547129,7.516641065028162e-05
1490944,-0.002448400147841312,0.11346553964540362,-0.018442740292812232,0.0068359375,0.0028742539725499228,7.514934289127837e-05
1491968,-0.00014785653911530972,0.37574694002978504,-0.03427637688582763,0.02001953125,0.004328844239353202,7.513227513227514e-05
1492992,-0.0016284193989122286,0.04837018338730559,-0.023228424819535576,0.0087890625,0.004383178413263522,7.511520737327189e-05
1494016,-0.0005651066458085552,0.5618715398013592,-0.03922311693895608,0.01171875,0.0012434332020347938,7.509813961426865e-05
1495040,0.0023342630302067846,0.1106611144496128,-0.03381741738121491,0.0166015625,0.002806871823850088,7.508107185526541e-05
1496064,-0.00028369254141580313,0.15226802066899836,-0.024850159803463612,0.00634765625,0.0008632558310637251,7.506400409626216e-05
1497088,-0.00043971071136184037,0.40909636323340237,-0.030898697033990175,0.0126953125,0.0017768789984984323,7.504693633725892e-05
1498112,-0.0010710979549912736,0.10198938485700637,-0.02623008804221172,0.0078125,0.0009281655657105148,7.502986857825568e-05
1499136,-0.0005901974145672284,0.137843367876485,-0.02602398984527099,0.005859375,0.0005884936981601641,7.501280081925244e-05
1500160,-0.002668554152478464,0.11522032867651433,-0.0258296633255668,0.01708984375,0.008569678844651207,7.499573306024919e-05
1501184,-0.0009845514432527125,0.22787182964384556,-0.023619158790097572,0.01220703125,0.003378394845640287,7.497866530124595e-05
1502208,-0.0006540805916301906,0.1034551888005808,-0.02088428119168384,0.0068359375,0.002941157858003862,7.49615975422427e-05
1503232,-4.746944614453241e-05,0.3043921164935455,-0.035520749690476805,0.0087890625,0.0010102873056894168,7.494452978323947e-05
1504256,0.0015772635451867245,0.22085823467932642,-0.03358444447076181,0.0166015625,0.004542250564554706,7.492746202423622e-05
1505280,0.003019271622179076,0.18875055317766964,-0.024181626598874573,0.01123046875,0.0018888791528297588,7.491039426523298e-05
1506304,0.003790678150835447,0.8166960664093494,-0.043589205655734986,0.0126953125,0.002200234739575535,7.489332650622973e-05
1507328,-0.000450588486273773,0.14754811604507267,-0.02163780423870776,0.0048828125,0.0005290976259857416,7.487625874722649e-05
1508352,-0.0009873629023786634,0.9501727945171297,-0.045263364794664085,0.00830078125,0.0013804564805468544,7.485919098822325e-05
1509376,-0.00019968183187302202,0.3356734572444111,-0.03345264939707704,0.01123046875,0.0011890891182702035,7.484212322922001e-05
1510400,-0.0013220123801147565,0.1792049810755998,-0.02607326948782429,0.01025390625,0.003331737680127844,7.482505547021676e-05
1511424,0.00018174891010858119,0.09391042788047343,-0.023489451210480183,0.0126953125,0.002680994730326347,7.480798771121352e-05
1512448,-0.0005025485006626695,0.0742257630918175,-0.026895599119598046,0.01416015625,0.0026293312257621437,7.479091995221028e-05
1513472,-0.0009638759365770966,0.48301567463204265,-0.03362449745327467,0.0146484375,0.002305562695255503,7.477385219320703e-05
1514496,-0.0001805067149689421,0.10790837195236236,-0.024003486772016913,0.01318359375,0.0023621913423994556,7.475678443420379e-05
1515520,-0.0005250200047157705,0.9815352857112885,-0.04555054643424228,0.0078125,0.0013225350267020985,7.473971667520054e-05
1516544,-0.0014644366601714864,0.5079670790582895,-0.04316137917339802,0.0146484375,0.0015239350468618795,7.472264891619731e-05
1517568,-0.0010691164643503726,0.1968169310130179,-0.02431325548877794,0.01416015625,0.0026869250141317025,7.470558115719406e-05
1518592,0.0006593469879589975,0.1760542595293373,-0.021755922454758547,0.0107421875,0.0026309882377972826,7.468851339819082e-05
1519616,-0.0016102207810035907,0.3389656492508948,-0.03928895042918157,0.029296875,0.007457863161107525,7.467144563918757e-05
1520640,-0.0007592506299261004,0.1474645787384361,-0.024913489709433634,0.00390625,0.002242523682070896,7.465437788018433e-05
1521664,-0.0008805779507383704,0.07333049410954118,-0.02383837863453664,0.00537109375,0.0019451660045888275,7.463731012118109e-05
1522688,-0.0003287917061243206,0.12196185602806509,-0.02580571464204695,0.00927734375,0.003020510252099484,7.462024236217785e-05
1523712,-0.0009021103323902935,0.09408934484235942,-0.02427019453170942,0.00634765625,0.0011365783866494894,7.460317460317461e-05
1524736,1.7332553397864103e-05,0.4577162256464362,-0.0362205833371263,0.013671875,0.0028350847132969648,7.458610684417136e-05
1525760,-0.0008225863275583833,0.06636998360045254,-0.026369833656644914,0.00927734375,0.003769689006730914,7.456903908516812e-05
1526784,-0.00186986612243345,0.65335384150967,-0.05451363732572645,0.015625,0.002128326566889882,7.455197132616487e-05
1527808,-0.0020149937190581113,0.25721803354099393,-0.02805194741813466,0.00830078125,0.0011461185931693763,7.453490356716165e-05
1528832,-0.0015392480709124357,1.0417823707684875,-0.047208683856297284,0.01416015625,0.0017009667062666267,7.451783580815839e-05
1529856,-0.002687989705009386,0.17558618891052902,-0.030161046946886927,0.01318359375,0.0034869462106144056,7.450076804915515e-05
1530880,-0.0007914932648418471,0.21959481853991747,-0.031583570227667224,0.01513671875,0.004764235985931009,7.44837002901519e-05
1531904,-0.0010541953088250011,0.10899528081063181,-0.02399409346980974,0.00732421875,0.0033543212921358645,7.446663253114866e-05
1532928,-7.319811084016692e-05,0.06578261672984809,-0.023158202100603376,0.0078125,0.0009171525161946192,7.444956477214542e-05
1533952,-0.001118483633035794,0.0748431837419048,-0.025546722870785743,0.013671875,0.004893253761110827,7.443249701314217e-05
1534976,-0.0007694735104450956,0.38491607713513076,-0.03375711974513251,0.01953125,0.0057996809628093615,7.441542925413893e-05
1536000,-0.0014957775711081922,0.07280600641388446,-0.025311176461400464,0.017578125,0.0029677016573259607,7.43983614951357e-05
1537024,0.001015324829495512,0.07175557361915708,-0.02268879504117649,0.00537109375,0.001955753337824717,7.438129373613245e-05
1538048,-0.0009520799212623388,0.07461754814721644,-0.028087663326004986,0.00537109375,0.0007637579838046804,7.43642259771292e-05
1539072,-0.0016083725058706477,0.2631778228096664,-0.032744119729613885,0.01904296875,0.003263883787440136,7.434715821812596e-05
1540096,-0.0020865789556410164,1.8754465132951736,-0.07926429517101496,0.01318359375,0.0020154981611995026,7.433009045912271e-05
1541120,-0.0035361453337827697,1.4555397909134626,-0.07169339252868667,0.01416015625,0.0030922729783924296,7.431302270011949e-05
1542144,-0.0021575953578576446,0.06689789821393788,-0.029044641938526183,0.00927734375,0.0017059369711205363,7.429595494111623e-05
1543168,-6.39614590909332e-05,1.6176610998809338,-0.0595497254980728,0.02587890625,0.0043459373991936445,7.4278887182113e-05
1544192,-0.0013474799488903955,0.7602977640926838,-0.04449593310710043,0.01123046875,0.0011849514266941696,7.426181942310974e-05
1545216,-0.0022621469106525183,0.5349239697679877,-0.041816326236585155,0.01318359375,0.0031772542279213667,7.42447516641065e-05
1546240,-0.0020441170636331663,0.3219677668530494,-0.030258725688327104,0.0068359375,0.0013574181066360325,7.422768390510326e-05
1547264,-0.0022633179833064787,0.33012334269005805,-0.040012394689256325,0.01416015625,0.0019983329548267648,7.421061614610002e-05
1548288,-0.0023014653415884823,0.0957475365139544,-0.021862415407667868,0.0107421875,0.005858486765646376,7.419354838709677e-05
1549312,-0.001982321060495451,0.11040647304616868,-0.022343801938404795,0.013671875,0.0023511479812441394,7.417648062809353e-05
1550336,-0.003114940249361098,1.909877471625805,-0.07243958715116605,0.015625,0.0022391519305529073,7.41594128690903e-05
1551360,-0.0011728697136277333,0.13552734907716513,-0.025490039886790328,0.0048828125,0.0005675083957612514,7.414234511008704e-05
1552384,-0.00030788172443863004,0.07501401496119797,-0.02668307409476256,0.01123046875,0.003867584513500333,7.412527735108382e-05
1553408,-0.001342364470474422,0.20609888597391546,-0.02686138453282183,0.0146484375,0.00820205693889875,7.410820959208055e-05
1554432,-0.0010940774227492511,0.1455742644611746,-0.02713734634744469,0.00927734375,0.0033067965268855914,7.409114183307733e-05
1555456,-0.00169661664403975,0.1377082469407469,-0.023288563534151763,0.009765625,0.002014675541431643,7.407407407407407e-05
1556480,-0.0008004247501958162,0.06166614545509219,-0.023056008489220403,0.00390625,0.0013352880341699347,7.405700631507085e-05
1557504,-0.0006013318197801709,0.12905688176397234,-0.029577509500086308,0.0126953125,0.0022295791568467394,7.40399385560676e-05
1558528,-0.0027364514535292983,0.7579139061272144,-0.05290676571894437,0.025390625,0.0048356741754105315,7.402287079706434e-05
1559552,-0.0019450568070169538,0.06188088876660913,-0.025167115105432458,0.0107421875,0.006332173361442983,7.40058030380611e-05
1560576,-0.0009709646983537823,0.16557425679638982,-0.026412053673993796,0.0146484375,0.0025241254625143483,7.398873527905787e-05
1561600,0.0007508515554945916,0.4671711700502783,-0.02595072318217717,0.0078125,0.001642664967221208,7.397166752005463e-05
1562624,-0.0006237536435946822,0.3558582516852766,-0.03425840599811636,0.0078125,0.0005523636209545657,7.395459976105137e-05
1563648,0.003033968765521422,1.424233688507229,-0.06750157801434398,0.0302734375,0.00446836456831079,7.393753200204813e-05
1564672,0.00017071462934836745,0.43231828045099974,-0.030823342895018868,0.0048828125,0.0016093650774564594,7.392046424304488e-05
1565696,-0.001443457033019513,0.42914228374138474,-0.03604405847727321,0.0185546875,0.00203603706904687,7.390339648404166e-05
1566720,-0.0006581143970834091,0.3981187657918781,-0.03521570417797193,0.01123046875,0.002072472736472264,7.38863287250384e-05
1567744,-0.0016977522755041718,0.08263947977684438,-0.02761301616556011,0.01171875,0.002656317694345489,7.386926096603517e-05
1568768,-0.001402804147801362,0.6234079054556787,-0.04184165404876694,0.015625,0.0015782028931425884,7.385219320703191e-05
1569792,-0.0008410497684963048,0.8390980528201908,-0.039579163094458636,0.009765625,0.0014126431779004633,7.383512544802867e-05
1570816,-0.00013776069681625813,0.1234349210280925,-0.021522832980281237,0.0029296875,0.0014165772881824523,7.381805768902544e-05
1571840,-0.0008577507396694273,0.3640206637792289,-0.03089720859134104,0.0146484375,0.0014189516368787736,7.38009899300222e-05
1572864,-0.0010478829499334097,0.1460343631915748,-0.02742009743815288,0.01025390625,0.0027707598928827792,7.378392217101894e-05
1573888,-5.204480839893222e-05,0.7446077703498304,-0.04784218251006678,0.0048828125,0.0012807039020117372,7.37668544120157e-05
1574912,-0.00034477951703593135,0.25652120169252157,-0.02771073640906252,0.00830078125,0.0010785878985188901,7.374978665301247e-05
1575936,-4.2636660509742796e-05,0.3192262854427099,-0.026342710087192245,0.005859375,0.0014995987294241786,7.373271889400923e-05
1576960,1.093967875931412e-05,0.15709007857367396,-0.029441690625390038,0.0126953125,0.004104635838302784,7.371565113500597e-05
1577984,0.0003395894091227092,0.3669053965713829,-0.03866562884650193,0.0166015625,0.0032541039981879294,7.369858337600272e-05
1579008,-0.0010245632438454777,0.1642272116150707,-0.025227685684512835,0.01123046875,0.0016784359904704615,7.36815156169995e-05
1580032,-0.003982203925261274,0.5870200553908944,-0.047558956081047654,0.015625,0.0019532726146280766,7.366444785799624e-05
1581056,-0.00011338293552398682,0.09092204307671636,-0.023446147046342958,0.00732421875,0.002959078483399935,7.364738009899302e-05
1582080,-0.0004769023216795176,0.1017426687758416,-0.021856525723706,0.00927734375,0.0012685483234236017,7.363031233998975e-05
1583104,-0.001011195417959243,0.5528195179067552,-0.034207887831144035,0.01025390625,0.0013343033351702616,7.361324458098651e-05
1584128,0.006228870683116838,0.8746968740597367,-0.05998652637936175,0.01904296875,0.0024845520820235834,7.359617682198328e-05
1585152,0.0014525617298204452,0.13166960515081882,-0.027763372752815485,0.01611328125,0.003991235033026896,7.357910906298004e-05
1586176,-0.002675664349226281,0.6861242507584393,-0.04205337236635387,0.015625,0.003783205829677172,7.35620413039768e-05
1587200,-0.0015998870076145977,0.11497908970341086,-0.025680428385385312,0.0146484375,0.003511949471430853,7.354497354497355e-05
1588224,-0.002956107768113725,0.3923361129127443,-0.035226659529143944,0.017578125,0.0025716762902447954,7.35279057859703e-05
1589248,-7.343525066971779e-05,0.09468330699019134,-0.022437428939156234,0.0146484375,0.006526904922793619,7.351083802696705e-05
1590272,-0.00046494268462993205,0.3718972960487008,-0.03601764907944016,0.01708984375,0.0015979403106030077,7.349377026796383e-05
1591296,0.0017715380090521649,0.10458433511666954,-0.025607670424506068,0.015625,0.0034276736696483567,7.347670250896058e-05
1592320,-0.00010334508260712028,1.1482917256653309,-0.04463467618916184,0.0146484375,0.0035561122349463403,7.345963474995734e-05
1593344,-0.0019222369737690315,0.5090037267655134,-0.030083070538239554,0.0107421875,0.004095668031368405,7.344256699095408e-05
1594368,-0.0015543944246019237,0.6865976310800761,-0.044770129141397774,0.00537109375,0.0006247750134207308,7.342549923195086e-05
1595392,-0.0017378529228153639,0.691696492023766,-0.03996912427828647,0.00732421875,0.0018647519900696352,7.340843147294761e-05
1596416,-0.0003929071535822004,0.13408291502855718,-0.02621755373547785,0.00830078125,0.0023830812860978767,7.339136371394435e-05
1597440,-0.00235934836382512,0.10601773392409086,-0.03103115170961246,0.01220703125,0.001880693613202311,7.337429595494112e-05
1598464,-0.0007236854726215824,0.524514707736671,-0.04294705655775033,0.01708984375,0.00288778159301728,7.335722819593788e-05
1599488,-9.627692634239793e-05,0.09161788830533624,-0.026260103710228577,0.00830078125,0.0021724900288973004,7.334016043693464e-05
1600512,-0.0012742463732138276,0.06654650822747499,-0.02369174812338315,0.00634765625,0.0011818800121545792,7.33230926779314e-05
1601536,0.0009847825785982423,0.727753353305161,-0.037465180444996804,0.0078125,0.0015677618503104895,7.330602491892815e-05
1602560,-0.00042694705189205706,0.08514400641433895,-0.02351844859913399,0.00732421875,0.00227626487321686,7.32889571599249e-05
1603584,-0.0008834532491164282,0.08058071124833077,-0.029340017048525624,0.00927734375,0.0017480114474892616,7.327188940092167e-05
1604608,-0.0002988269261550158,0.33442423585802317,-0.03264977057551732,0.009765625,0.001531537898699753,7.325482164191842e-05
1605632,-0.0005037939263274893,0.6385494749993086,-0.03757982692332007,0.0068359375,0.0008797680056886747,7.323775388291518e-05
1606656,-0.0007530779112130404,0.36192993074655533,-0.03970543452305719,0.01025390625,0.0018089198711095378,7.322068612391192e-05
1607680,-0.0006317791994661093,0.13025585119612515,-0.02469857346295612,0.005859375,0.0005900443356949836,7.32036183649087e-05
1608704,-0.0026098820089828223,0.9839233141392469,-0.05734046391444281,0.0205078125,0.00163601033273153,7.318655060590545e-05
1609728,0.0008295334700960666,0.10125168564263731,-0.02679239336794126,0.00927734375,0.0017697920120554045,7.316948284690221e-05
1610752,-0.00019533606246113777,0.11485857423394918,-0.026677898873458616,0.01025390625,0.0014105377631494775,7.315241508789896e-05
1611776,-0.0004003502835985273,0.6900323256850243,-0.03751859997282736,0.01318359375,0.001910666745970957,7.313534732889572e-05
1612800,-0.00042238805326633155,0.10009094187989831,-0.02706148591823876,0.0107421875,0.0013188870070734993,7.311827956989248e-05
1613824,-0.0007530349830631167,0.49180677253752947,-0.026937576731143054,0.0146484375,0.0013995919871376827,7.310121181088924e-05
1614848,-0.001115344013669528,0.36824627313762903,-0.03505047206999734,0.01416015625,0.002120740507962182,7.3084144051886e-05
1615872,-0.0018353186023887247,0.9404626386240125,-0.04532485274830833,0.0146484375,0.0028010113164782524,7.306707629288275e-05
1616896,-0.0027484447055030614,0.3562667628284544,-0.040753561130259186,0.02880859375,0.005127021970110945,7.305000853387951e-05
1617920,0.003509669957566075,0.10412555024959147,-0.02807223572744988,0.01171875,0.0028441306203603745,7.303294077487626e-05
1618944,-0.0007100870134308934,0.2626071877311915,-0.03423217713134363,0.015625,0.0034363547601969913,7.301587301587303e-05
1619968,0.0023566855379613116,0.08450690167956054,-0.028630062231968623,0.017578125,0.0065596754575381055,7.299880525686978e-05
1620992,-0.0006464611360570416,0.08296057383995503,-0.019873046981956577,0.00390625,0.0005648918158840388,7.298173749786653e-05
1622016,-0.0005715595179935917,0.06794517475645989,-0.020493519699812168,0.00537109375,0.0008507182647008449,7.296466973886329e-05
1623040,-0.0017338878678856418,0.0766138193430379,-0.026754344202345237,0.0146484375,0.001878272436442785,7.294760197986005e-05
1624064,-0.000257572770351544,0.13400696124881506,-0.026861979000386782,0.0078125,0.0014540208649123088,7.293053422085681e-05
1625088,-0.001544681639643386,0.42980216117575765,-0.036485529388301075,0.01171875,0.0014289023383753374,7.291346646185356e-05
1626112,-0.0020129478361923248,0.4989100380335003,-0.033155320954392664,0.005859375,0.001566007878864184,7.289639870285032e-05
1627136,-0.00014261263277148828,0.06675474531948566,-0.02270635243257857,0.0078125,0.0007012813584879041,7.287933094384707e-05
1628160,-0.0021354223499656655,0.03482801263453439,-0.02173721783037763,0.00390625,0.0009377394890179858,7.286226318484384e-05
1629184,-0.0008192118111765012,0.16684246785007417,-0.024882307344341825,0.00244140625,0.0003247446584282443,7.284519542584059e-05
1630208,-0.0008243921474786475,0.7096713765058666,-0.038713421497959644,0.0068359375,0.00040446443017572165,7.282812766683735e-05
1631232,-0.00031768578628543764,0.3015645396662876,-0.038266387360636145,0.0126953125,0.001799131860025227,7.28110599078341e-05
1632256,-0.0001435188896721229,0.4846849221503362,-0.034598988451762125,0.0107421875,0.0010941870277747512,7.279399214883087e-05
1633280,-0.00058860590797849,0.08797642611898482,-0.024019315191253554,0.0107421875,0.0027824643038911745,7.277692438982762e-05
1634304,-0.0023745983926346526,0.43963990453630686,-0.03591568907722831,0.0166015625,0.0029817346949130297,7.275985663082438e-05
1635328,-0.001385581104841549,0.10885783471167088,-0.025509453291306272,0.0078125,0.0017143292643595487,7.274278887182113e-05
1636352,-0.0009474262042203918,0.37746323295868933,-0.024825077027344378,0.0078125,0.0020647630153689533,7.272572111281789e-05
1637376,-0.0006741492979926988,0.09731514076702297,-0.025671327341115102,0.0068359375,0.0011051774636143818,7.270865335381465e-05
1638400,-0.0006060288578737527,0.07556154753547162,-0.025679943195427768,0.00732421875,0.0006635612808167934,7.269158559481141e-05
1639424,-0.0035876714682672173,0.5999160821083933,-0.04716529579127382,0.0224609375,0.003041578529519029,7.267451783580816e-05
1640448,-0.0005417676147771999,0.5448846970684826,-0.03157414404267911,0.0107421875,0.0018725396221270785,7.26574500768049e-05
1641472,-0.0033987454080488533,0.9345468450337648,-0.04650141653837636,0.025390625,0.002509212281438522,7.264038231780168e-05
1642496,-0.0006008849886711687,0.10120774107053876,-0.02233695339236874,0.0048828125,0.000828706513857469,7.262331455879843e-05
1643520,-0.000830656208563596,0.14843715354800224,-0.025802930893405573,0.00830078125,0.0022536994802067056,7.26062467997952e-05
1644544,-0.0006000505381962284,0.11384767014533281,-0.026564622385194525,0.0107421875,0.0031876843568170443,7.258917904079195e-05
1645568,-0.0005652550607919693,0.03985117335105315,-0.02425720272003673,0.01025390625,0.005085926110041328,7.257211128178871e-05
1646592,0.00031734592630527914,0.08425958594307303,-0.025515172907034867,0.013671875,0.0020936085929861292,7.255504352278546e-05
1647616,-0.002860652093659155,0.4795451385434717,-0.03479299109312706,0.01220703125,0.0018364559364272282,7.253797576378222e-05
1648640,0.00029958446975797415,0.084617730230093,-0.03097613221325446,0.01953125,0.004673724281019531,7.252090800477898e-05
1649664,-0.0010570081794867292,0.455607469426468,-0.029544663590058917,0.01416015625,0.0016409986128564924,7.250384024577573e-05
1650688,-0.0009603111102478579,0.07657309202477336,-0.022919325201655738,0.0078125,0.0019860661996062845,7.248677248677249e-05
1651712,-0.001668317650910467,0.09960007725749165,-0.023440170058165677,0.01220703125,0.004627224610885605,7.246970472776925e-05
1652736,-0.0006526661018142477,0.4239577811677009,-0.0325011173117673,0.0126953125,0.0015915757248876616,7.245263696876601e-05
1653760,-0.0016225700310315005,0.278761038207449,-0.03210283374937717,0.0107421875,0.0025118994526565075,7.243556920976276e-05
1654784,-0.0011278811725787818,0.6294356076978147,-0.026285501793609,0.0126953125,0.0033428107417421415,7.241850145075952e-05
1655808,-0.0020510052709141746,0.39646435296162963,-0.03578852151258616,0.0078125,0.0011933620553463697,7.240143369175627e-05
1656832,-0.0010655527148628607,0.41097962169442326,-0.03167937704711221,0.00927734375,0.0017528359894640744,7.238436593275304e-05
1657856,-0.0010000370821217075,0.16060685156844556,-0.029856897352146916,0.013671875,0.0012501825840445235,7.236729817374979e-05
1658880,-0.0006686272972729057,0.06183260877151042,-0.027183699479792267,0.01123046875,0.0023913834302220494,7.235023041474655e-05
1659904,-0.0006075002311263233,0.8179983808659017,-0.04195407664519735,0.0068359375,0.0023423183156410232,7.23331626557433e-05
1660928,-0.0019547229167073965,0.07017467985861003,-0.024412324753939174,0.01025390625,0.0013060948986094445,7.231609489674006e-05
1661952,-0.0007165143470047042,0.08137298817746341,-0.02163747616668843,0.01416015625,0.0014757548342458904,7.229902713773682e-05
1662976,-0.0006811664570705034,0.06252962199505419,-0.024687987111974508,0.00927734375,0.0013575637858593836,7.228195937873358e-05
1664000,0.00010433832358103245,0.14621832966804504,-0.02813559607602656,0.00634765625,0.0009543809428578243,7.226489161973033e-05
1665024,0.000336645360221155,0.1371405638055876,-0.02796289318939671,0.01025390625,0.0028994340100325644,7.224782386072708e-05
1666048,-0.0004990426969015971,0.1243315126048401,-0.0270385448820889,0.01171875,0.001433356897905469,7.223075610172385e-05
1667072,-0.0031451566464966163,0.36110748047940433,-0.03366566759359557,0.009765625,0.0012001321301795542,7.22136883427206e-05
1668096,0.0005624690093100071,0.08833454758860171,-0.02119742463401053,0.00830078125,0.0023601661232532933,7.219662058371736e-05
1669120,-0.0014312908024294302,0.14993995078839362,-0.023242252093041316,0.00927734375,0.001364114519674331,7.217955282471411e-05
1670144,-0.0008502178243361413,0.7463224213570356,-0.03714301029685885,0.00732421875,0.0006911999225849286,7.216248506571088e-05
1671168,-0.0006067241047276184,0.48174566007219255,-0.03196854860289022,0.0185546875,0.0035656620893860236,7.214541730670763e-05
1672192,-0.0012698981736321002,0.07587168959435076,-0.0255803236104839,0.01123046875,0.003720501917996444,7.212834954770439e-05
1673216,-0.0034609338617883623,0.6397904087789357,-0.05131967237684876,0.02099609375,0.00261316895193886,7.211128178870115e-05
1674240,-0.0009840626298682764,0.08736967225559056,-0.028327254811301827,0.009765625,0.001282074154005386,7.20942140296979e-05
1675264,-0.0006972223272896372,0.07352527522016317,-0.03168379483395256,0.017578125,0.004039468854898587,7.207714627069466e-05
1676288,-0.0021741699456470087,0.40191689343191683,-0.032879833481274545,0.01953125,0.005475999525515363,7.206007851169142e-05
1677312,5.0839618779718876e-05,0.0885846990859136,-0.02578181881472119,0.00732421875,0.002270966346259229,7.204301075268818e-05
1678336,-0.001045603770762682,1.3394236918538809,-0.05254486470948905,0.0205078125,0.004005245195003226,7.202594299368493e-05
1679360,-0.0014537325041601434,0.08223137480672449,-0.024249161171610467,0.00537109375,0.0014164180756779388,7.200887523468169e-05
1680384,-0.0012944084592163563,0.06787638610694557,-0.02520174958044663,0.01123046875,0.0021075613476568833,7.199180747567844e-05
1681408,-0.00021869540796615183,0.36181750940158963,-0.033690469281282276,0.01123046875,0.0007111590966815129,7.197473971667521e-05
1682432,-0.00015127569349715486,0.04973877721931785,-0.029327840951737016,0.01708984375,0.002858888023183681,7.195767195767196e-05
1683456,-0.0002417487557977438,0.17980747879482806,-0.02934746685787104,0.005859375,0.0004523578827502206,7.194060419866872e-05
1684480,-0.0015658194606658071,0.06314773496706039,-0.029594046391139273,0.01416015625,0.003735185120604001,7.192353643966547e-05
1685504,-0.0018494516552891582,0.9344564089551568,-0.04578251834027469,0.00732421875,0.0008394427568418905,7.190646868066223e-05
1686528,-0.0009633757290430367,0.9255560887977481,-0.04075244383420795,0.005859375,0.0013353001850191504,7.188940092165899e-05
1687552,-0.001312890584813431,0.4221570063382387,-0.033739563019480556,0.01171875,0.002530947342165746,7.187233316265575e-05
1688576,-0.0011127522520837374,0.359392182668671,-0.034349028050201014,0.01904296875,0.0022909056715434417,7.18552654036525e-05
1689600,-0.0005967786419205368,0.10903498472180218,-0.02546192525915103,0.01220703125,0.0021488088532350957,7.183819764464926e-05
1690624,-0.0032180158377741463,0.3855624465504661,-0.037316646601539105,0.0146484375,0.0018299762741662562,7.182112988564602e-05
1691648,-0.0012560222821775824,0.12462248047813773,-0.023578846914460883,0.01123046875,0.003811089220107533,7.180406212664277e-05
1692672,0.008177131792763248,2.1754442416131496,-0.09729799232445657,0.0400390625,0.00507732990081422,7.178699436763953e-05
1693696,-0.0002939226105809212,0.6041404097341001,-0.04100116979680024,0.009765625,0.0007697785185882822,7.176992660863628e-05
1694720,-0.00019964604871347547,0.0712569389725104,-0.02859988805721514,0.0087890625,0.0018274121102876961,7.175285884963305e-05
1695744,0.00013321186997927725,0.0651477494975552,-0.025178050629619975,0.00830078125,0.0009262669191230088,7.17357910906298e-05
1696768,-0.0008564767049392685,0.14176360401324928,-0.024616735310701188,0.0068359375,0.0010847533849300817,7.171872333162656e-05
1697792,-0.0008501307383994572,0.12028934271074831,-0.028015344927553087,0.00732421875,0.0009610714623704553,7.170165557262331e-05
1698816,-0.0009297893266193569,0.06932439003139734,-0.021101310136145912,0.00634765625,0.0020145838643657044,7.168458781362007e-05
1699840,-0.0009497193823335692,0.48417839827015996,-0.02533024897275027,0.01318359375,0.0013320658763404936,7.166752005461683e-05
1700864,-0.0017183053423650563,0.09657466423232108,-0.020006512193504022,0.0107421875,0.0025811388477450237,7.16504522956136e-05
1701888,-0.0006522649055114016,0.1982642172370106,-0.022868148793349974,0.00390625,0.0010474732116563246,7.163338453661035e-05
1702912,-8.277221058961004e-05,0.15817876812070608,-0.020366519609524403,0.0087890625,0.0009240368672180921,7.161631677760709e-05
1703936,-0.0008071459451457486,0.42355784424580634,-0.029011126491241157,0.017578125,0.003944964599213563,7.159924901860386e-05
1704960,-0.0011682434269459918,0.1341418183874339,-0.020704764563561184,0.00537109375,0.0012681318330578506,7.158218125960061e-05
1705984,-0.001242520949745085,0.4024242435116321,-0.03230847003578674,0.00634765625,0.0018260819197166711,7.156511350059739e-05
1707008,0.0015016901888884604,0.4519979259930551,-0.03358534330618568,0.02099609375,0.0029759660101262853,7.154804574159413e-05
1708032,-0.0005806167027913034,0.12973743211477995,-0.02220347843831405,0.00927734375,0.0019556737097445875,7.15309779825909e-05
1709056,-0.0011294662836007774,0.07397632184438407,-0.020300085794588085,0.01171875,0.0041457757470197976,7.151391022358764e-05
1710080,-0.0004222592542646453,0.06559038121486083,-0.018008325704613526,0.0107421875,0.002201927753048949,7.14968424645844e-05
1711104,-0.0007667944446438923,0.7655242346227169,-0.03744590248243185,0.00634765625,0.0009615491289878264,7.147977470558116e-05
1712128,-0.0008134719682857394,0.26900187658611685,-0.037754255026811734,0.01025390625,0.0013196313084335998,7.146270694657791e-05
1713152,-0.0003603174118325114,0.28813577885739505,-0.03229753413688741,0.01904296875,0.004438567964825779,7.144563918757467e-05
1714176,-0.0016372106620110571,0.4465676941908896,-0.03498768807185115,0.01171875,0.001052087522111833,7.142857142857143e-05
1715200,-0.0006774346547899768,0.05404947209171951,-0.025744567552465014,0.00537109375,0.0011927140440093353,7.14115036695682e-05
1716224,9.370167390443385e-06,0.6897343653254211,-0.039050299834343605,0.01171875,0.0014624461036873981,7.139443591056494e-05
1717248,-0.0015785517025506124,1.152604573406279,-0.05889394713449292,0.0068359375,0.0030756628839299083,7.13773681515617e-05
1718272,-0.0047679038980277255,0.3297184888506308,-0.031061605601280462,0.02685546875,0.004612679433193989,7.136030039255845e-05
1719296,-0.00019938149489462376,0.3390658473363146,-0.03090242829057388,0.00732421875,0.002027075955993496,7.134323263355523e-05
1720320,0.007802897103829309,2.1830782778561115,-0.11393328313715756,0.04248046875,0.0073530781955923885,7.132616487455197e-05
1721344,-0.003107183802057989,0.2753590946085751,-0.027943120890995488,0.01953125,0.005936212750384584,7.130909711554873e-05
1722368,-0.0005632338288705796,0.06547284033149481,-0.02618443933533854,0.01220703125,0.0021014639060012996,7.129202935654548e-05
1723392,-0.0015023114392533898,0.9517676057294011,-0.05217303513200022,0.009765625,0.0010874041472561657,7.127496159754224e-05
1724416,-0.0018795727664837614,2.7926305048167706,-0.17024967353790998,0.0546875,0.006168800086015835,7.1257893838539e-05
1725440,0.0002756311296252534,0.34142811270430684,-0.03624663417576812,0.0166015625,0.0018065167823806405,7.124082607953577e-05
1726464,-0.0002418585354462266,0.5188635215163231,-0.036457378751947545,0.01318359375,0.0038749967789044604,7.122375832053251e-05
1727488,-0.0011597115444601513,0.07567800919059664,-0.027498804360220674,0.01171875,0.0029263782926136628,7.120669056152927e-05
1728512,-0.0015911901136860251,0.16468116152100265,-0.02226506186343613,0.0078125,0.006291133075137623,7.118962280252604e-05
1729536,0.0018024853416136466,1.0848294985480607,-0.07187009300105274,0.017578125,0.0017462176620028913,7.117255504352278e-05
1730560,-0.0018925920448964462,0.08760826499201357,-0.021063087766378885,0.0078125,0.0013847036170773208,7.115548728451956e-05
1731584,-0.0007870369154261425,0.06406818970572203,-0.019652892740850803,0.0078125,0.0012275918561499566,7.113841952551629e-05
1732608,-0.001728134142467752,0.05338977463543415,-0.023440221091732383,0.00390625,0.0007423256174661219,7.112135176651307e-05
1733632,-0.0004160268872510642,0.09701364580541849,-0.023597423834871734,0.00830078125,0.00089255154307466,7.110428400750981e-05
1734656,-0.002369234491197858,0.8180838292464614,-0.03904729612986557,0.0126953125,0.0012355633516563103,7.108721624850657e-05
1735680,-0.0018563623452791944,0.9783401731401682,-0.06436189328087494,0.017578125,0.0022677414817735553,7.107014848950334e-05
1736704,-6.809460319345817e-05,0.9708864949643612,-0.049219315144000575,0.0146484375,0.00230224258848466,7.105308073050008e-05
1737728,-0.0012173552240710706,0.27042331267148256,-0.03084686354850419,0.00927734375,0.000616164441453293,7.103601297149684e-05
1738752,-0.00045640190364792943,0.9152244571596384,-0.044862036244012415,0.0068359375,0.001161453066742979,7.10189452124936e-05
1739776,-0.002072687348118052,0.5634760570246726,-0.028290182090131566,0.00830078125,0.0030943568708607927,7.100187745349037e-05
1740800,-0.002208245263318531,0.6216895831748843,-0.04224026028532535,0.015625,0.0033503774320706725,7.098480969448711e-05
1741824,-0.0008692278934177011,0.35784392221830785,-0.03410196155891754,0.0126953125,0.0009679005161160603,7.096774193548388e-05
1742848,-0.0007143983384594321,0.09380460064858198,-0.02392785951087717,0.00830078125,0.0028047412633895874,7.095067417648062e-05
1743872,-5.3125229896977544e-05,0.10242139198817313,-0.02745306349970633,0.00830078125,0.0029665523761650547,7.09336064174774e-05
1744896,-0.0007443315262207761,0.29779089614748955,-0.03152429132023826,0.01611328125,0.004305531270802021,7.091653865847414e-05
1745920,-0.0005200652376515791,0.09838402131572366,-0.026535038341535255,0.00732421875,0.0011392793530831113,7.08994708994709e-05
1746944,-0.00013156564091332257,0.10925938189029694,-0.030488141608657315,0.01025390625,0.0035684651957126334,7.088240314046765e-05
1747968,-0.0019993445748696104,0.1638833717443049,-0.027581347909290344,0.01513671875,0.004253616600180976,7.086533538146441e-05
1748992,-0.003504416294163093,1.3377934955060482,-0.07345795608125627,0.01611328125,0.0020080548711121082,7.084826762246118e-05
1750016,-0.0003576088492991403,0.6959972446784377,-0.05084289389196783,0.009765625,0.0017967748426599428,7.083119986345794e-05
1751040,-0.0007420525944326073,0.9595349552109838,-0.06028179882559925,0.01904296875,0.0020490888273343444,7.081413210445468e-05
1752064,-0.0003985232760896906,0.08311805489938706,-0.02449016932223458,0.00830078125,0.0027425527659943327,7.079706434545145e-05
1753088,-0.0018786247819662094,0.1640129138249904,-0.025233351632778067,0.013671875,0.0015623577346559614,7.07799965864482e-05
1754112,-0.0006780074181733653,0.10535530664492399,-0.028019494173349813,0.00732421875,0.000890427574631758,7.076292882744495e-05
1755136,-2.1415631636045873e-05,0.4213797370903194,-0.032654748123604804,0.01025390625,0.0008841593953547999,7.074586106844172e-05
1756160,-0.0005428951990325004,0.06290192133747041,-0.024823193438351154,0.0107421875,0.003685784322442487,7.072879330943846e-05
1757184,-3.9625607314519584e-05,0.48194274748675525,-0.03176102098223055,0.0029296875,0.0002339390921406448,7.071172555043524e-05
1758208,-0.0017591387149877846,0.18422665493562818,-0.02180656733980868,0.01025390625,0.0012000974238617346,7.069465779143199e-05
1759232,-9.022222366183996e-05,0.10314137686509639,-0.02541972896142397,0.00634765625,0.002638334466610104,7.067759003242876e-05
1760256,-0.0014998698970885016,0.42202155105769634,-0.0397376416658517,0.01318359375,0.0015915391268208623,7.06605222734255e-05
1761280,0.004104195373656694,0.09738565026782453,-0.029101122927386314,0.00830078125,0.0021720764198107645,7.064345451442225e-05
1762304,0.0006428269116440788,0.16991986660286784,-0.027087174050393514,0.01953125,0.005930616491241381,7.062638675541902e-05
1763328,-0.0010337970379623584,0.07728213386144489,-0.030573657859349623,0.00830078125,0.0010904840019065887,7.060931899641578e-05
1764352,-0.0019386378407943994,0.3210265105590224,-0.03735288558527827,0.01513671875,0.0031696099758846685,7.059225123741254e-05
1765376,-0.0018169283284805715,1.1373859038576484,-0.06486961280461401,0.01806640625,0.0017327859968645498,7.057518347840929e-05
1766400,-0.001636854518437758,0.41109371092170477,-0.04337428760481998,0.00537109375,0.0005717876047128811,7.055811571940605e-05
1767424,-0.0007461185450665653,0.05755463661625981,-0.025344049663544865,0.00927734375,0.001202706349431537,7.05410479604028e-05
1768448,0.00014704262866871431,0.13507259148173034,-0.03082180500496179,0.0048828125,0.000717043483746238,7.052398020139957e-05
1769472,-0.0013206985822762363,0.40628436661791056,-0.042120694066397846,0.01708984375,0.0019477309397188947,7.050691244239632e-05
1770496,-0.0023735014110570773,0.09394582104869187,-0.024063353448582347,0.009765625,0.0023100081452867016,7.048984468339308e-05
1771520,-0.0009328524611191824,0.07931626262143254,-0.03046265064040199,0.01123046875,0.004074244570801966,7.047277692438983e-05
1772544,-0.0009770416509127244,0.05302414402831346,-0.03160582906093623,0.0126953125,0.0029534696659538895,7.04557091653866e-05
1773568,-0.0006344704233924858,0.3937904580961913,-0.03824642444669735,0.0078125,0.0015541089233011007,7.043864140638335e-05
1774592,-0.000356075179297477,0.7268312415108085,-0.042654648364987224,0.00634765625,0.0010077341721625999,7.04215736473801e-05
1775616,-0.0018546459614299238,0.0902035622857511,-0.025704665666125948,0.01025390625,0.0055698803189443424,7.040450588837686e-05
1776640,-0.0006710687230224721,0.45760981854982674,-0.030801441695075482,0.01220703125,0.001128154675825499,7.038743812937362e-05
1777664,-0.004299339867429808,0.14830937143415213,-0.034251231380039826,0.01904296875,0.004408203152706847,7.037037037037038e-05
1778688,-0.00011409026046749204,0.1164757302030921,-0.02445134284789674,0.00830078125,0.0011064342979807407,7.035330261136714e-05
1779712,-0.0011735974112525582,0.11745976866222918,-0.025037196624907665,0.0146484375,0.004126600266317837,7.033623485236389e-05
1780736,-0.0008117759425658733,0.4160613198764622,-0.03515966297709383,0.01123046875,0.0022061534837121144,7.031916709336063e-05
1781760,-0.005615564630716108,1.6762637328356504,-0.07776272820774466,0.0205078125,0.004400069199618883,7.030209933435741e-05
1782784,0.00024796341313049197,0.14728033915162086,-0.026960670118569396,0.0078125,0.00112055370118469,7.028503157535416e-05
1783808,-0.00021024483430664986,0.07899782457388937,-0.02975962369237095,0.00927734375,0.0016123921086546034,7.026796381635092e-05
1784832,-0.001668714452534914,0.14379620435647666,-0.031189929810352623,0.01806640625,0.0028899210010422394,7.025089605734767e-05
1785856,-0.0009248332207789645,0.2973476757761091,-0.035367193137062714,0.02001953125,0.0029296632710611448,7.023382829834443e-05
1786880,-0.001216524513438344,0.8781337030231953,-0.04527179978322238,0.0205078125,0.0024475316022289917,7.021676053934119e-05
1787904,-0.0019508804543875158,0.1380488071590662,-0.03243962638953235,0.01611328125,0.0023603604204254225,7.019969278033795e-05
1788928,-0.0016144386027008295,0.5956686860881746,-0.033833745401352644,0.01171875,0.003085495423874818,7.01826250213347e-05
1789952,-0.0008602001325925812,1.250872909091413,-0.0723156415624544,0.0146484375,0.0010958503698930144,7.016555726233146e-05
1790976,0.0006152295973151922,0.10490632615983486,-0.031120960833504796,0.01318359375,0.0020037767972098663,7.014848950332822e-05
1792000,-0.00043228933645877987,0.4082445197273046,-0.0375056378361478,0.013671875,0.0039755088509991765,7.013142174432497e-05
1793024,-0.00391185624175705,0.35708544962108135,-0.04436428053304553,0.013671875,0.0015746439603390172,7.011435398532174e-05
1794048,0.001340802489721682,0.06652644643327221,-0.02581317920703441,0.00927734375,0.001552319954498671,7.009728622631849e-05
1795072,-0.0006083663902245462,0.09700782177969813,-0.026830129163499805,0.01220703125,0.0035985461581731215,7.008021846731525e-05
1796096,-0.0003962774353567511,0.07482295122463256,-0.022937793197343126,0.005859375,0.001103452203096822,7.0063150708312e-05
1797120,-0.00026161638379562646,0.39909074059687555,-0.03796580369817093,0.015625,0.0021714844478992745,7.004608294930877e-05
1798144,0.000858918676385656,0.05673154874239117,-0.02157221771449258,0.0048828125,0.0005684733478119597,7.002901519030552e-05
1799168,0.0039057319227140397,1.2567260134965181,-0.07993802649434656,0.00732421875,0.0006634573073824868,7.001194743130227e-05
1800192,0.00016618047084193677,0.07026972237508744,-0.02412079583882587,0.00927734375,0.0017947229207493365,6.999487967229903e-05
1801216,-0.0011344040103722364,0.42270607640966773,-0.043993225728627294,0.01611328125,0.0025487570092082024,6.997781191329579e-05
1802240,-0.0009141924674622715,0.4218291938304901,-0.03434497556008864,0.00830078125,0.0012640721397474408,6.996074415429255e-05
1803264,-0.0015570043324260041,0.715858515817672,-0.06013007619185373,0.0185546875,0.00229700340423733,6.99436763952893e-05
1804288,0.0004793720436282456,1.0088678942993283,-0.07095868716714904,0.0234375,0.0022637337970081717,6.992660863628606e-05
1805312,-0.0006577200838364661,0.38475898606702685,-0.03324688202701509,0.009765625,0.0015236822218867019,6.99095408772828e-05
1806336,-0.00045762713125441223,0.40399944339878857,-0.034575170022435486,0.00927734375,0.0014300897892098874,6.989247311827958e-05
1807360,-0.0008617661951575428,0.08153657580260187,-0.027883034272235818,0.01123046875,0.0013230275508249179,6.987540535927633e-05
1808384,-0.0014108441246207803,0.06801475456450135,-0.029582886571006384,0.01513671875,0.004243338698870502,6.985833760027309e-05
1809408,-0.0025521968709654175,0.12968898413237184,-0.020782664258149453,0.01171875,0.003457171071204357,6.984126984126984e-05
1810432,0.000974768481682986,0.07274609839078039,-0.022892857910846942,0.00390625,0.00044353560952004045,6.982420208226661e-05
1811456,-0.003945979959098622,0.9988118438050151,-0.04881832911632955,0.00732421875,0.001743580069160089,6.980713432326336e-05
1812480,-0.001085674019122962,0.09622539975680411,-0.023399374324071687,0.00439453125,0.0004836315056309104,6.979006656426012e-05
1813504,-0.0030201944755390286,0.8570124199613929,-0.05308239522855729,0.01611328125,0.0022786924528190866,6.977299880525687e-05
1814528,-0.0012377396633382887,0.10508395044598728,-0.026895895367488265,0.01513671875,0.004415255214553326,6.975593104625363e-05
1815552,-0.0034266292641405016,1.1341014229692519,-0.05831679227412678,0.02587890625,0.003230155474739149,6.973886328725039e-05
1816576,-0.0013390762906055897,0.1519548548385501,-0.028570998169016093,0.01611328125,0.007795106794219464,6.972179552824715e-05
1817600,-4.515756154432893e-05,0.06914552871603519,-0.0330345485417638,0.01171875,0.003719717511557974,6.97047277692439e-05
1818624,0.0015359930985141546,0.10791207116562873,-0.028438470704713836,0.005859375,0.0004383397026685998,6.968766001024065e-05
1819648,-0.0043270360911265016,1.7760132066905499,-0.08562654361594468,0.02783203125,0.002540247602155432,6.967059225123742e-05
1820672,-0.00186930361087434,0.10338654974475503,-0.027168351305590477,0.00634765625,0.002003272224101238,6.965352449223417e-05
1821696,0.0021392611088231206,0.06031711271498352,-0.03239991587179247,0.01416015625,0.003231317052268423,6.963645673323094e-05
1822720,-0.00022915337467566133,0.07647517148870975,-0.031083467722055502,0.0068359375,0.0011258202721364796,6.961938897422769e-05
1823744,-0.0009037791023729369,0.101371378172189,-0.03371007650275715,0.01220703125,0.000918451594770886,6.960232121522444e-05
1824768,-0.002779458765871823,5.632121853530407,-0.2006923663429916,0.03955078125,0.003315900801680982,6.95852534562212e-05
1825792,-0.0022617253998760134,2.0832904409617186,-0.12319280882366002,0.0166015625,0.002209060636232607,6.956818569721796e-05
1826816,-0.0014893938496243209,6.695335879921913,-0.4682796010747552,0.033203125,0.0034994252637261525,6.955111793821472e-05
1827840,-0.0014553092478308827,0.11134664656128734,-0.024600936070783064,0.0087890625,0.002484181706677191,6.953405017921147e-05
1828864,0.0008268639357993379,3.409761056303978,-0.271019184961915,0.0341796875,0.0024053188681136817,6.951698242020823e-05
1829888,-0.0007774619443807751,0.07313287572469562,-0.0255224090651609,0.00830078125,0.0010312333033652976,6.949991466120498e-05
1830912,0.0019465457880869508,1.3091351673938334,-0.0848915008828044,0.01708984375,0.001238728640601039,6.948284690220175e-05
1831936,-0.0002664059866219759,0.5172102835495025,-0.0807325856294483,0.021484375,0.0021537037973757833,6.94657791431985e-05
1832960,0.007313991925911978,1.3816792350262403,-0.1131795261753723,0.03515625,0.0027064760943176225,6.944871138419526e-05
1833984,-0.002847083713277243,0.20142827671952546,-0.04249482543673366,0.02001953125,0.003062906180275604,6.943164362519201e-05
1835008,0.0014365602110046893,0.8091028039343655,-0.045573726238217205,0.00439453125,0.0008749524567974731,6.941457586618878e-05
1836032,-0.002694747847272083,0.3962269085459411,-0.033331793660181575,0.01220703125,0.001844871832872741,6.939750810718553e-05
1837056,-0.0013850764007656835,0.2889270903542638,-0.03337079061020631,0.01220703125,0.0024229484115494415,6.938044034818229e-05
1838080,-0.0024685766838956624,0.5981513671576977,-0.04591302550397813,0.0166015625,0.0013475182058755308,6.936337258917904e-05
1839104,-0.0005783842716482468,0.12781481491401792,-0.03123688113555545,0.009765625,0.004087010951479897,6.93463048301758e-05
1840128,-0.004112447379156947,0.11367963417433202,-0.036625234148232266,0.0205078125,0.006138127951999195,6.932923707117256e-05
1841152,-0.005643139578751288,0.6958444891497493,-0.04557981644757092,0.021484375,0.008760067343246192,6.931216931216932e-05
1842176,-0.0013302055158419535,0.11297170131001621,-0.025795164364353695,0.0126953125,0.001017518836306408,6.929510155316607e-05
1843200,0.00014397490303963423,0.06551274028606713,-0.026782744920637924,0.01025390625,0.0019212236220482737,6.927803379416282e-05
1844224,3.964656207244843e-05,0.0830276581691578,-0.027816753354272805,0.00927734375,0.001700076594715938,6.926096603515959e-05
1845248,-0.0009316145442426205,0.46981854527257383,-0.03534557865350507,0.01123046875,0.0011326293169986457,6.924389827615634e-05
1846272,-0.0010321852314518765,0.08765690610744059,-0.03302625077776611,0.0087890625,0.0025927347596734762,6.92268305171531e-05
1847296,-0.0011743777795345522,0.5096025690436363,-0.04637117078527808,0.013671875,0.0019262652203906327,6.920976275814985e-05
1848320,-0.002902993932366371,0.7057556714862585,-0.042714617447927594,0.01123046875,0.0011453256447566673,6.919269499914662e-05
1849344,-0.0006441514851758257,0.15938168042339385,-0.028495430655311793,0.01123046875,0.0020510041649686173,6.917562724014337e-05
1850368,-0.0004293041565688327,0.48264930630102754,-0.03660271313856356,0.0078125,0.0017471688333898783,6.915855948114013e-05
1851392,0.0012588477111421525,0.07647840410936624,-0.021417147741885856,0.0078125,0.0037714930076617748,6.914149172213689e-05
1852416,0.0005105854797875509,0.09573425503913313,-0.025486300761258462,0.0078125,0.002069124107947573,6.912442396313364e-05
1853440,-0.0003955956344725564,0.08959676162339747,-0.0308730622055009,0.01123046875,0.0023879596119513735,6.91073562041304e-05
1854464,-0.0007685861637583002,0.0823036091751419,-0.030984033102868125,0.0107421875,0.001325673918472603,6.909028844512716e-05
1855488,-0.001037175505189225,0.07752784818876535,-0.03100717149209231,0.015625,0.002883202178054489,6.907322068612392e-05
1856512,-0.003806778142461553,0.9485065112821758,-0.05214978998992592,0.01025390625,0.0006766995065845549,6.905615292712067e-05
1857536,-2.909269096562639e-05,0.5071116085164249,-0.03325250290799886,0.01171875,0.0019438002054812387,6.903908516811743e-05
1858560,-0.001884809578768909,0.3708901482168585,-0.032035563490353525,0.01220703125,0.0016216713847825304,6.902201740911418e-05
1859584,-0.0007048616389511153,0.40448890114203095,-0.04235209309263155,0.00830078125,0.0008205017365980893,6.900494965011095e-05
1860608,-0.0014925010764272884,0.45331507828086615,-0.034324670530622825,0.0126953125,0.001049244703608565,6.89878818911077e-05
1861632,-0.0028353165253065526,0.3704809001646936,-0.037768790556583554,0.017578125,0.0032470951264258474,6.897081413210445e-05
1862656,-0.0002286509406985715,0.14582834113389254,-0.024694815452676266,0.0078125,0.0005378084606491029,6.895374637310121e-05
1863680,-0.0009591118869138882,0.45937309972941875,-0.03446768566209357,0.009765625,0.0011302509519737214,6.893667861409797e-05
1864704,0.000947457054280676,0.5819053282029927,-0.039700849185464904,0.00732421875,0.0008652350807096809,6.891961085509473e-05
1865728,-0.0007513098607887514,0.3200799145270139,-0.03728730935836211,0.00927734375,0.0013254200312076136,6.89025430960915e-05
1866752,0.0003192169824615121,0.09438585909083486,-0.03096394572639838,0.01025390625,0.002043747386778705,6.888547533708824e-05
1867776,-0.0021385591389844194,0.36558822833467275,-0.04537847303436138,0.009765625,0.0008389891154365614,6.886840757808499e-05
1868800,-0.00223727710545063,0.33997139520943165,-0.026384743774542585,0.01123046875,0.00449003248650115,6.885133981908176e-05
1869824,-0.0014422491076402366,0.291360042989254,-0.0349798963216017,0.0068359375,0.0016749625938246027,6.883427206007851e-05
1870848,-1.3824392226524651e-05,0.11957694892771542,-0.025616354978410527,0.009765625,0.0012427722394932061,6.881720430107527e-05
1871872,-0.0021455708192661405,0.39028977148700505,-0.0372097732979455,0.01318359375,0.001503914623754099,6.880013654207202e-05
1872896,-0.00019088565022684634,0.10538669466041028,-0.029544087912654504,0.01025390625,0.001317301590461284,6.87830687830688e-05
1873920,0.00048813645844347775,0.1562867013271898,-0.033895742089953274,0.01025390625,0.001418586412910372,6.876600102406554e-05
1874944,-0.001049689541105181,0.04497143049957231,-0.025599545406294055,0.0048828125,0.0027564409538172185,6.87489332650623e-05
1875968,0.0010078627383336425,0.07321809383574873,-0.02983092093199957,0.0087890625,0.0008820403309073299,6.873186550605905e-05
1876992,-0.001710839816951193,0.15410628076642752,-0.02863100410468178,0.0068359375,0.00107907886558678,6.871479774705581e-05
1878016,-0.0006473648682003841,0.5003130224067718,-0.03556637238943949,0.0078125,0.0011437621287768707,6.869772998805257e-05
1879040,-0.00022008440282661468,0.5051029091700912,-0.043564131075982004,0.001953125,0.00014445155102293938,6.868066222904933e-05
1880064,-0.0018331895698793232,0.4140926201362163,-0.03713642273214646,0.01318359375,0.0021226990793365985,6.86635944700461e-05
1881088,-0.0005710260011255741,0.7039850959554315,-0.03972105134744197,0.00634765625,0.0005322320648701862,6.864652671104283e-05
1882112,-0.0010944671666948125,0.3782798384781927,-0.03424104748410173,0.005859375,0.0006569377437699586,6.86294589520396e-05
1883136,0.00017572627984918654,0.12309624766930938,-0.026411082166305277,0.001953125,0.000334066862706095,6.861239119303635e-05
1884160,-0.002112964866682887,0.0624788305722177,-0.02801500317582395,0.0078125,0.0017728314269334078,6.859532343403313e-05
1885184,-0.002625160966999829,0.7345846868120134,-0.04563467903062701,0.017578125,0.002091369722620584,6.857825567502987e-05
1886208,-0.0017414107351214625,0.42692499165423214,-0.03582869147066958,0.01416015625,0.0014902219700161368,6.856118791602663e-05
1887232,-0.0011593529488891363,0.07569767418317497,-0.02561842056820751,0.01025390625,0.0008320530905621126,6.854412015702338e-05
1888256,-0.0024141563335433602,0.7274646747391671,-0.045395232998998836,0.01806640625,0.0025657941005192697,6.852705239802014e-05
1889280,-0.0007327896892093122,0.13689538976177573,-0.027862819319125265,0.00732421875,0.005239659731159918,6.85099846390169e-05
1890304,-0.0004148727603023872,0.08284747530706227,-0.021148212428670377,0.0068359375,0.0035182853607693687,6.849291688001365e-05
1891328,-0.0003244670224376023,0.3305178498849273,-0.035549133172025904,0.01025390625,0.0023483316326746717,6.847584912101041e-05
1892352,0.0002939641126431525,0.09706471161916852,-0.025790689935092814,0.0078125,0.0016166943096322939,6.845878136200717e-05
1893376,-0.0006291463141678832,0.11667848378419876,-0.024590888181137416,0.00732421875,0.0009783206769498065,6.844171360300394e-05
1894400,-0.00018639216432347894,0.07806802238337696,-0.01865245054341358,0.00341796875,0.00033389919553883374,6.842464584400068e-05
1895424,-0.0009702708630356938,0.2781631834805012,-0.027302745831548236,0.01513671875,0.0016003132332116365,6.840757808499744e-05
1896448,-0.004371283401269466,0.3781332999933511,-0.03893238340970129,0.02685546875,0.00915142429585103,6.839051032599419e-05
1897472,-0.0006437281044782139,0.1496028972323984,-0.02778551405936014,0.00830078125,0.0014254114939831197,6.837344256699097e-05
1898496,-0.00014810613356530666,0.08736202877480537,-0.022961913729204753,0.0078125,0.0015225993265630677,6.835637480798771e-05
1899520,-0.0010560868977336213,0.07540462329052389,-0.027294061495922506,0.0166015625,0.004382845785585232,6.833930704898447e-05
1900544,-0.0010974802571581677,0.12617455795407295,-0.021717791978971945,0.0146484375,0.004419426171807572,6.832223928998122e-05
1901568,0.0009689822909422219,0.08001396374311298,-0.023853996193793137,0.00830078125,0.0011777336767408997,6.830517153097798e-05
1902592,0.0011945794976782054,0.0537937770714052,-0.023034508747514337,0.0087890625,0.0018100532615790144,6.828810377197474e-05
1903616,-0.00024688534904271364,0.09587230649776757,-0.02271696683965274,0.01025390625,0.0036384264822117984,6.82710360129715e-05
1904640,-0.001509289286332205,1.3534236028790474,-0.0638783760368824,0.0205078125,0.0025286072195740417,6.825396825396825e-05
1905664,-0.0018197936151409522,0.061024251277558506,-0.02618214616086334,0.01171875,0.004334478042437695,6.823690049496501e-05
1906688,-0.0006877858832012862,0.07891082827700302,-0.02172766786043212,0.00341796875,0.0011637251445790753,6.821983273596178e-05
1907712,-8.127492037601769e-05,0.36231709155254066,-0.039546465035527945,0.01123046875,0.0035664375609485433,6.820276497695852e-05
1908736,0.006579222244909033,0.8143665306270123,-0.05801003135275096,0.0244140625,0.003483789405436255,6.81856972179553e-05
1909760,-0.0007042441284283996,0.12466528115328401,-0.027922661823140515,0.0166015625,0.0038912051095394418,6.816862945895203e-05
1910784,-0.0013016587763559073,0.7974098632112145,-0.04017002883483656,0.00634765625,0.0005629936495097354,6.81515616999488e-05
1911808,-0.0015048091154312715,0.07241697295103222,-0.022806322580436245,0.01318359375,0.0026504849520279095,6.813449394094555e-05
1912832,-0.002219035697635263,0.12011738447472453,-0.028604924635146745,0.0126953125,0.004877621220657602,6.811742618194232e-05
1913856,-0.0006514987471746281,0.7553546135313809,-0.036991090077208355,0.005859375,0.0008815015171421692,6.810035842293908e-05
1914880,-0.00277381316118408,0.37297554477117956,-0.036498520290479064,0.01025390625,0.002099745033774525,6.808329066393582e-05
1915904,-0.000399967233533971,0.4503648532554507,-0.033693255129037425,0.00439453125,0.00022619457740802318,6.806622290493258e-05
1916928,-0.00031709240283817053,0.10002074006479234,-0.025835351189016365,0.005859375,0.0008344102971022949,6.804915514592935e-05
1917952,-0.0017513124039396644,0.051745792443398386,-0.02364449955712189,0.009765625,0.002351325601921417,6.803208738692611e-05
1918976,0.0002917252277256921,0.415396353462711,-0.034175995882833377,0.00439453125,0.000845418733661063,6.801501962792285e-05
1920000,-0.0006438382115447894,0.48220158042386174,-0.03021403224556707,0.00732421875,0.0008731835114303976,6.799795186891962e-05
1921024,0.0030066070685279556,0.0958171226666309,-0.021215677162217617,0.00732421875,0.002969487934024073,6.798088410991636e-05
1922048,0.0007412324484903365,0.08550010796170682,-0.018048907149932347,0.0107421875,0.0014854931214358658,6.796381635091314e-05
1923072,-0.0034844803158193827,0.6329119517467916,-0.045147395780077204,0.0185546875,0.003044810189749114,6.794674859190989e-05
1924096,-0.0008082986460067332,0.5170563815627247,-0.03371394466375932,0.00634765625,0.0010942141234409064,6.792968083290665e-05
1925120,-0.0007294450479093939,0.06549539708066732,-0.026856668831896968,0.01611328125,0.0037397596170194447,6.79126130739034e-05
1926144,-0.0025627931754570454,0.75985241914168,-0.046066985669313,0.01025390625,0.0010004356590798125,6.789554531490016e-05
1927168,-0.0004690742425736971,0.07990158023312688,-0.02507219707877084,0.0078125,0.001468383547035046,6.787847755589692e-05
1928192,-0.00141724239801988,0.791413470171392,-0.05806378734996542,0.0205078125,0.002571389253716916,6.786140979689368e-05
1929216,-0.0020889219304081053,0.08238626038655639,-0.02371352247428149,0.01220703125,0.0029382749344222248,6.784434203789042e-05
1930240,-0.0002811378799378872,0.05334537150338292,-0.021596841230348218,0.009765625,0.001259289332665503,6.782727427888719e-05
1931264,-0.002551949379267171,0.056323285680264235,-0.028279722784645855,0.0166015625,0.008306606119731441,6.781020651988395e-05
1932288,-0.001443526183720678,0.5587417744100094,-0.031084751928574406,0.01318359375,0.0017958251701202244,6.77931387608807e-05
1933312,-0.0016195265416172333,0.4198647530283779,-0.035043774551013485,0.0126953125,0.0009987560042645782,6.777607100187746e-05
1934336,-0.0007564975094283,0.37961250846274197,-0.03611986618489027,0.013671875,0.0025422932376386598,6.77590032428742e-05
1935360,0.0008478072413709015,0.12245558109134436,-0.028770183518645354,0.01318359375,0.0021806135773658752,6.774193548387098e-05
1936384,-0.0013303062150953338,0.0797473673010245,-0.019425725506152958,0.0068359375,0.002037692378507927,6.772486772486773e-05
1937408,-0.0010950968426186591,0.050348810327704996,-0.028418201305612456,0.0185546875,0.0032471720915054902,6.77077999658645e-05
1938432,-0.00026288094522897154,0.0787868476472795,-0.022360786984791048,0.009765625,0.0009468156931689009,6.769073220686123e-05
1939456,-0.0005540475831367075,0.14300282066687942,-0.027864373987540603,0.0048828125,0.0013996103953104466,6.7673664447858e-05
1940480,-0.0017473833577241749,0.21725453832186759,-0.029992967087309808,0.0087890625,0.003103367707808502,6.765659668885476e-05
1941504,-0.00019241902919020504,0.07745633809827268,-0.021316146114259027,0.0009765625,0.00011486865696497262,6.763952892985152e-05
1942528,-0.000677527001244016,0.6899717003107071,-0.0528498642379418,0.0185546875,0.001953956641955301,6.762246117084828e-05
1943552,0.0001329117949353531,0.12222863337956369,-0.02314444251533132,0.013671875,0.0030120467563392594,6.760539341184503e-05
1944576,-6.765954094589688e-05,0.3509691682411358,-0.031772377202287316,0.0078125,0.0009265279804822057,6.758832565284179e-05
1945600,-0.0016262787394225597,1.097165800165385,-0.04297045792918652,0.015625,0.002453083317959681,6.757125789383853e-05
1946624,-0.00029408592672552913,0.35325066978111863,-0.037539585755439475,0.0087890625,0.0012329064338700846,6.755419013483531e-05
1947648,-0.0018642078211996704,0.4738375097513199,-0.0410687880939804,0.0107421875,0.001546819243230857,6.753712237583206e-05
1948672,-0.0005668739468092099,0.09191971959080547,-0.02745976259757299,0.01123046875,0.002373229683144018,6.752005461682882e-05
1949696,-0.0013143190153641626,0.3884724413510412,-0.029294527310412377,0.0107421875,0.002234108353150077,6.750298685782557e-05
1950720,-0.0004267274489393458,0.05593919294187799,-0.026280174759449437,0.00830078125,0.0015632079303031787,6.748591909882233e-05
1951744,-0.0002598227729322389,0.08530389750376344,-0.022935495460842503,0.00341796875,0.00185213923396077,6.746885133981909e-05
1952768,-0.0008586956391809508,0.4946699666325003,-0.03685377896181308,0.005859375,0.0011844387190649286,6.745178358081584e-05
1953792,0.0010429476169520058,0.08142530196346343,-0.027063241985160857,0.0087890625,0.0014036920765647665,6.74347158218126e-05
1954816,-0.0033843760029412806,0.708101050928235,-0.051623485051095486,0.01806640625,0.0015758719673613086,6.741764806280936e-05
1955840,-0.0017498758534202352,0.5935049806721509,-0.04174934860202484,0.01904296875,0.002904085908085108,6.740058030380612e-05
1956864,-0.0006721012468915433,1.0210768785327673,-0.04650594980921596,0.01025390625,0.0009824120352277532,6.738351254480287e-05
1957888,-0.0005067646561656147,0.37783588911406696,-0.03298018706846051,0.0078125,0.0010294056119164452,6.736644478579963e-05
1958912,-0.003280346267274581,0.6192367463372648,-0.04066805454203859,0.021484375,0.005530619891942479,6.734937702679637e-05
1959936,0.000834421232866589,0.07065770227927715,-0.020900879873806844,0.0029296875,0.00034839969885069877,6.733230926779315e-05
1960960,-0.0016904909280128777,0.45381987001746893,-0.02589294334029546,0.017578125,0.0070326745335478336,6.73152415087899e-05
1961984,-0.0011015713098458946,0.05890272429678589,-0.031086401591892354,0.00732421875,0.002275528706377372,6.729817374978666e-05
1963008,-0.0009747496951604262,0.04528917121933773,-0.02248871576739475,0.00732421875,0.0014036321954336017,6.72811059907834e-05
1964032,0.00017978058895096183,0.0712531620520167,-0.02543367035832489,0.009765625,0.001601459545781836,6.726403823178017e-05
1965056,-0.0008324786394950934,0.5802524664904922,-0.036732759326696396,0.00390625,0.001364871088298969,6.724697047277693e-05
1966080,-0.0017601677973289043,2.186980467289686,-0.08646559598855674,0.0244140625,0.0023066948197083548,6.722990271377369e-05
1967104,-0.0009615476301405579,0.185901687014848,-0.028187072050059214,0.01025390625,0.0011778822226915509,6.721283495477044e-05
1968128,4.8616580897942185e-05,0.07430928538087755,-0.02569135549128987,0.0078125,0.0016165036213351414,6.71957671957672e-05
1969152,-0.0010034152073785663,0.12928113527595997,-0.023787468424416147,0.00830078125,0.001487336165155284,6.717869943676396e-05
1970176,-0.0018902925367001444,0.07913810992613435,-0.022265307190536987,0.01171875,0.00441014974785503,6.71616316777607e-05
1971200,-0.0025119218335021287,0.3611026492435485,-0.035644577073981054,0.01416015625,0.0035646960022859275,6.714456391875748e-05
1972224,-0.0012749929737765342,0.09034020616672933,-0.029131442672223784,0.00927734375,0.0009747912845341489,6.712749615975423e-05
1973248,-0.0004659023252315819,0.0795302604092285,-0.020355536675197072,0.0146484375,0.004742717137560248,6.711042840075099e-05
1974272,0.0010345707996748388,0.06867463723756373,-0.021828808283316903,0.0087890625,0.002331298528588377,6.709336064174774e-05
1975296,-0.0014502049889415503,1.3674915572628379,-0.08919578418135643,0.0283203125,0.0034189174184575677,6.707629288274451e-05
1976320,-0.001410047319950536,0.05945720465388149,-0.01829803580767475,0.01171875,0.0026857856573769823,6.705922512374126e-05
1977344,-0.0028106850222684443,4.367420427501202,-0.18274811678566039,0.056640625,0.006194040004629642,6.704215736473801e-05
1978368,0.0006643798551522195,11.703826546669006,-0.5567413046956062,0.13330078125,0.009197192412102595,6.702508960573477e-05
1979392,-0.004309575277147815,8.286438003182411,-0.44431333616375923,0.17333984375,0.031966767288395204,6.700802184673153e-05
1980416,-0.0005927242746111006,6.8920846581459045,-0.43631152529269457,0.076171875,0.004643679669243284,6.699095408772829e-05
1981440,0.00021921220468357205,1.8142242692410946,-0.1650046177674085,0.072265625,0.0047284887987188995,6.697388632872504e-05
1982464,0.00011960981646552682,0.13232341152615845,-0.022222267900360748,0.00634765625,0.0009350860200356692,6.69568185697218e-05
1983488,-0.0009356589871458709,2.9879245832562447,-0.255730252712965,0.01318359375,0.0015542861365247518,6.693975081071855e-05
1984512,-0.0003593040455598384,1.5386152565479279,-0.11961263092234731,0.0068359375,0.0008076920785242692,6.692268305171532e-05
1985536,-0.004586336828651838,1.4918473307043314,-0.0747912460938096,0.03564453125,0.00314492046891246,6.690561529271207e-05
1986560,-0.0023694463015999645,0.09678327909205109,-0.020482050415012054,0.00634765625,0.0012643874651985243,6.688854753370883e-05
1987584,-0.0006402844737749547,0.0640700301155448,-0.020628718673833646,0.00390625,0.001014751280308701,6.687147977470558e-05
1988608,0.00029996130615472794,0.06371503241825849,-0.020857043974046974,0.0068359375,0.0009394501248607412,6.685441201570234e-05
1989632,0.0005117444670759141,0.07487309537827969,-0.017144872348580975,0.00341796875,0.0006197686889208853,6.68373442566991e-05
1990656,4.304158210288733e-05,0.043269245710689574,-0.02617078988623689,0.01171875,0.0007407432567561045,6.682027649769586e-05
1991680,-0.005173067082068883,0.7537542786449194,-0.05341717951523606,0.00927734375,0.0011295813310425729,6.680320873869261e-05
1992704,-0.0005731193232350051,0.07185498112812638,-0.023775350215146318,0.0126953125,0.0038530308956978843,6.678614097968937e-05
1993728,0.0003929618396796286,0.7918073707260191,-0.05195413785986602,0.00341796875,0.0003438765706960112,6.676907322068613e-05
1994752,0.0018437612743582577,0.9794910801574588,-0.06110308796633035,0.0107421875,0.001868475999799557,6.675200546168288e-05
1995776,-0.00019786620396189392,0.10197150241583586,-0.02228178501536604,0.00439453125,0.0004138327931286767,6.673493770267964e-05
1996800,-0.003601954158511944,2.2131331022828817,-0.1255582591984421,0.0263671875,0.0019162291719112545,6.671786994367639e-05
1997824,-0.0007715852843830362,0.12841020827181637,-0.022777288279030472,0.01123046875,0.0014042818220332265,6.670080218467316e-05
1998848,-0.0014387496776180342,0.06718691752757877,-0.02302072242309805,0.00927734375,0.001275435948628001,6.668373442566991e-05
1999872,-0.00010562373790889978,0.114108691457659,-0.024179962638299912,0.01611328125,0.004460955067770556,6.666666666666668e-05
2000896,-0.001026966274366714,0.43192003038711846,-0.032003853768401314,0.01025390625,0.0012041724694427103,6.664959890766342e-05
2001920,-0.0039010650652926415,0.7978952759876847,-0.05505344568518922,0.0146484375,0.00116517893911805,6.663253114866018e-05
2002944,-0.0005568682681769133,0.12908898969180882,-0.029667112314200494,0.0048828125,0.0006982106569921598,6.661546338965694e-05
2003968,-0.0006878119602333754,0.09401571424677968,-0.029176580457715318,0.00830078125,0.0014723117783432826,6.65983956306537e-05
2004992,-0.001903673415654339,0.03582486871164292,-0.02453270494879689,0.01318359375,0.0029543378914240748,6.658132787165046e-05
2006016,-0.0027933924284297973,0.4507603537058458,-0.029299164016265422,0.01220703125,0.0012416152021614835,6.656426011264721e-05
2007040,-0.000775004955357872,0.07901832275092602,-0.02999374389037257,0.01123046875,0.0016260965930996463,6.654719235364397e-05
2008064,-0.001424837129889056,0.04261899093398824,-0.022255597997627774,0.01171875,0.001616175111848861,6.653012459464072e-05
2009088,-2.534415398258716e-05,0.11070385691709816,-0.026646582809917163,0.01123046875,0.00149716624582652,6.651305683563749e-05
2010112,-0.00036063055449631065,0.361985593335703,-0.0300773398776073,0.009765625,0.0007028065447229892,6.649598907663424e-05
2011136,0.00018901159637607634,0.18595920549705625,-0.03590942089795135,0.0068359375,0.0019459520699456334,6.6478921317631e-05
2012160,-0.0031039014866109937,0.336742548039183,-0.030919311073375866,0.0126953125,0.0021112069516675547,6.646185355862775e-05
2013184,-0.0006124810024630278,0.0721108092693612,-0.02374768190748,0.00830078125,0.0025869995006360114,6.644478579962452e-05
2014208,-0.0037139001506147906,0.9928605146706104,-0.049646566243609414,0.02880859375,0.0038424955710070208,6.642771804062127e-05
2015232,-0.00116991282266099,0.9153003632090986,-0.05498902581166476,0.00830078125,0.0014513906935462728,6.641065028161802e-05
2016256,-0.002673277966096066,0.7418994153849781,-0.03700735355960205,0.00927734375,0.0020034912595292553,6.639358252261478e-05
2017280,-0.0006104632484493777,0.12747493688948452,-0.03250705057871528,0.01220703125,0.0011986766912741587,6.637651476361154e-05
2018304,-0.0010873085411731154,0.05053598142694682,-0.027318568761984352,0.01513671875,0.0027586832002270967,6.63594470046083e-05
2019328,-0.0025005099596455693,0.13045806856825948,-0.023320587453781627,0.01171875,0.0018766996799968183,6.634237924560506e-05
2020352,6.75792689435184e-05,0.46666518633719534,-0.029038882777967956,0.00390625,0.0008343297959072515,6.632531148660181e-05
2021376,-0.0018037287809420377,0.296104145469144,-0.03132220890256576,0.00830078125,0.0014687669172417372,6.630824372759856e-05
2022400,-0.001384109928039834,0.5027804248966277,-0.03404217465140391,0.009765625,0.0008186125487554818,6.629117596859533e-05
2023424,-0.0005368237325455993,0.0949637076118961,-0.023270732606761158,0.00830078125,0.0020677469874499366,6.627410820959208e-05
2024448,0.00030399214301723987,0.6600529933348298,-0.03498450538609177,0.01171875,0.0017031251481967047,6.625704045058884e-05
2025472,-0.0016524758902960457,0.0993054275168106,-0.020928458689013496,0.00830078125,0.0022417924337787554,6.623997269158559e-05
2026496,0.0027054816018790007,0.08217061427421868,-0.02837039134465158,0.01806640625,0.003205464541679248,6.622290493258235e-05
2027520,-0.0016202878905460238,0.24539935833308846,-0.03285225613217335,0.013671875,0.0016207744483835995,6.620583717357911e-05
2028544,-0.0010617466032272205,0.4308566024992615,-0.03389795668772422,0.005859375,0.0007219749531941488,6.618876941457587e-05
2029568,-0.0007960177172208205,0.09147881111130118,-0.023583632995723747,0.00537109375,0.0011982300493400544,6.617170165557262e-05
2030592,-0.0009529173985356465,0.08122507750522345,-0.028975895678740926,0.01123046875,0.002656190932611935,6.615463389656938e-05
2031616,-2.9645016184076667e-06,0.395737073617056,-0.01972152631788049,0.0087890625,0.0015113133704289794,6.613756613756614e-05
2032640,0.0007354930421570316,0.14982852595858276,-0.028728037083055824,0.01025390625,0.0020838462660321966,6.612049837856289e-05
2033664,-0.00020287837833166122,0.07209317060187459,-0.019494061630211945,0.01171875,0.002639334255945869,6.610343061955966e-05
2034688,-0.0014121370477369055,0.05823354818858206,-0.021465919766342267,0.0087890625,0.00152692457777448,6.608636286055641e-05
2035712,-0.0019055647135246545,0.11087312933523208,-0.021065808719868073,0.01025390625,0.0008010990713955835,6.606929510155317e-05
2036736,-0.0009682684467406943,0.3875083129387349,-0.034686211845837533,0.01123046875,0.001578960451297462,6.605222734254992e-05
2037760,-0.0012889369536424056,0.08021073380950838,-0.024507583388185594,0.00634765625,0.0022398541477741674,6.60351595835467e-05
2038784,-0.0009962990006897599,0.1433800437953323,-0.022739684405678418,0.0087890625,0.002587666705949232,6.601809182454344e-05
2039808,-0.0011592661030590534,0.07525321515277028,-0.024263394181616604,0.01220703125,0.0029083851404720917,6.600102406554019e-05
2040832,-0.000692203117068857,0.9075440410524607,-0.03735697880620137,0.009765625,0.0023936285288073123,6.598395630653695e-05
2041856,-0.0018503567989682779,0.3088161221239716,-0.029120048464392312,0.00634765625,0.001276845927350223,6.596688854753371e-05
2042880,0.0028542142536025494,0.09016461111605167,-0.020753428936586715,0.00830078125,0.0015020176797406748,6.594982078853047e-05
2043904,-0.0006590809061890468,0.9473036425188184,-0.04047878575511277,0.009765625,0.0010620507382554933,6.593275302952722e-05
2044928,-0.0005618954601231962,0.060241395491175354,-0.025047533388715237,0.00732421875,0.002028514601988718,6.591568527052398e-05
2045952,-0.0007180684769991785,0.4269463048549369,-0.034437516107573174,0.0107421875,0.001689580298261717,6.589861751152073e-05
2046976,1.482156221754849e-06,0.2660655053332448,-0.03057112608803436,0.0068359375,0.0009996678563766181,6.58815497525175e-05
2048000,-0.0010885705924010836,0.3703435631468892,-0.03299038833938539,0.01708984375,0.003913658685632981,6.586448199351425e-05
2049024,-0.00020602814038284123,0.06475022179074585,-0.02374304732074961,0.00927734375,0.0016787057247711346,6.584741423451101e-05
2050048,-0.0005597794806817546,0.09059019642882049,-0.02862441257457249,0.01025390625,0.0010258302208967507,6.583034647550776e-05
2051072,-9.90122789517045e-05,0.39290630747564137,-0.02756866908748634,0.00390625,0.00028729159384965897,6.581327871650454e-05
2052096,-0.0035228548586019315,0.39214858575724065,-0.03426151510211639,0.01611328125,0.0025520005146972835,6.579621095750128e-05
2053120,-0.0016721618303563446,0.0855724309803918,-0.021618149628920946,0.01171875,0.0032471357408212498,6.577914319849804e-05
2054144,-0.0011019450175808743,0.07962720282375813,-0.02422259220475098,0.00927734375,0.0017447691934648901,6.576207543949479e-05
2055168,-0.0007240807899506763,0.07168390252627432,-0.022811848837591242,0.0087890625,0.0008691165276104584,6.574500768049155e-05
2056192,-0.001126921793911606,0.36744588462170213,-0.028016710843075998,0.00927734375,0.0016633581690257415,6.572793992148831e-05
2057216,8.064217399805784e-05,0.06658432330004871,-0.02172027602500748,0.0078125,0.0008332747529493645,6.571087216248507e-05
2058240,-0.0006446396000683308,0.16442181053571403,-0.01992140891343297,0.00927734375,0.0019214227213524282,6.569380440348182e-05
2059264,-0.002161468641133979,0.4613107868935913,-0.026922968318103813,0.01708984375,0.002606335445307195,6.567673664447857e-05
2060288,-0.0009430914360564202,0.08235910511575639,-0.02492615287155786,0.01123046875,0.0025457605661358684,6.565966888547534e-05
2061312,-0.0013433193089440465,0.43936735833995044,-0.02548121653671842,0.0078125,0.0009142509079538286,6.564260112647209e-05
2062336,0.0022135811450425535,0.6833758333232254,-0.0388688872626517,0.01025390625,0.0014919215464033186,6.562553336746887e-05
2063360,-0.00044804530625697225,0.07210120360832661,-0.024299357133713784,0.01123046875,0.002326917470782064,6.560846560846561e-05
2064384,-0.00010145001579076052,0.07044399064034224,-0.027456375712063164,0.009765625,0.0012194988812552765,6.559139784946236e-05
2065408,0.0022329986095428467,0.09240659116767347,-0.01997187631786801,0.00830078125,0.004695355499279685,6.557433009045912e-05
2066432,-0.0024915887479437515,0.4286108957603574,-0.031116052534343908,0.01220703125,0.0023864609975134954,6.555726233145588e-05
2067456,-0.0002706346713239327,0.0496959185693413,-0.02304589228151599,0.01416015625,0.005218755468376912,6.554019457245265e-05
2068480,-0.0014328166798804887,0.10644892661366612,-0.016495587737153983,0.00732421875,0.002319418257684447,6.552312681344939e-05
2069504,-0.0008587319316575304,0.04162733966950327,-0.0188977485668147,0.009765625,0.0009687338751973584,6.550605905444615e-05
2070528,-0.0010250429186271504,0.47597425943240523,-0.02948748744711338,0.0068359375,0.0014757137250853702,6.548899129544291e-05
2071552,0.00013538566417992115,0.49307943088933825,-0.027358840619854163,0.0048828125,0.0005788629787275568,6.547192353643968e-05
2072576,-0.0015700476797064766,0.09503236808814108,-0.01787422834240715,0.01318359375,0.0042487803439144045,6.545485577743642e-05
2073600,-0.0013718241534661502,0.32849433831870556,-0.030420144932577386,0.01318359375,0.0028937123715877533,6.543778801843318e-05
2074624,0.0005703182832803577,0.08266406017355621,-0.0226260899216868,0.0087890625,0.001131253520725295,6.542072025942993e-05
2075648,0.00010928856499958783,0.3818715118104592,-0.022055043402360752,0.005859375,0.0005948866019025445,6.54036525004267e-05
2076672,-0.001615873108676169,0.09990486642345786,-0.02355602445459226,0.01611328125,0.00263689253188204,6.538658474142345e-05
2077696,-0.0012707097048405558,0.7104092948138714,-0.04135465846047737,0.01025390625,0.004920379200484604,6.536951698242022e-05
2078720,-0.0009260846563847736,0.050524199614301324,-0.020406383728186483,0.0078125,0.002385996573138982,6.535244922341696e-05
2079744,-0.0025491653359495103,0.6051863548345864,-0.048068342002807185,0.02099609375,0.0036094019160373136,6.533538146441372e-05
2080768,0.00015965421334840357,0.048372574150562286,-0.022943505697185174,0.0107421875,0.0026041521632578224,6.531831370541049e-05
2081792,-0.00046258230577223003,0.5608183024451137,-0.025522556563373655,0.00390625,0.0004161846300121397,6.530124594640725e-05
2082816,-0.0010204679347225465,0.515338139841333,-0.03410630641155876,0.009765625,0.0007805856148479506,6.5284178187404e-05
2083840,-0.0005390976730268449,0.06698320887517184,-0.0197056857359712,0.005859375,0.0005179433355806395,6.526711042840074e-05
2084864,-0.0014012247847858816,0.11669518169946969,-0.02159469221078325,0.0107421875,0.0013233576028142124,6.525004266939752e-05
2085888,-0.00038521335227414966,0.06185245339293033,-0.02007280313409865,0.00537109375,0.002154844594770111,6.523297491039426e-05
2086912,-0.0017330276896245778,0.7527602079790086,-0.046879834320861846,0.0185546875,0.0020806605607504025,6.521590715139102e-05
2087936,0.003852756432024762,1.1513719321228564,-0.06049757049186155,0.005859375,0.0020040945382788777,6.519883939238777e-05
2088960,0.0003625104873208329,0.35423424444161355,-0.0343546983494889,0.017578125,0.003216815210180357,6.518177163338455e-05
2089984,-0.0025052350538317114,0.6872051563113928,-0.04768727230839431,0.0107421875,0.0013090749271214008,6.51647038743813e-05
2091008,-0.002928095986135304,0.2610648546833545,-0.03524731067591347,0.0205078125,0.004587510309647769,6.514763611537806e-05
2092032,-0.0016779907382442616,0.4805875599849969,-0.028928771629580297,0.009765625,0.001424651825800538,6.513056835637482e-05
2093056,-0.0007727880001766607,0.08663246955256909,-0.02057224496093113,0.00732421875,0.0019250172044849023,6.511350059737156e-05
2094080,-0.0013088308332953602,0.899149673525244,-0.043286444211844355,0.005859375,0.0005741753848269582,6.509643283836833e-05
2095104,-0.001762449712259695,0.531260380987078,-0.030264110711868852,0.01220703125,0.003578913238015957,6.507936507936509e-05
2096128,-0.002775432469206862,0.36695235944353044,-0.03856899181846529,0.0126953125,0.0034614992619026452,6.506229732036185e-05
2097152,-0.0007762275054119527,0.05447326460853219,-0.020897085560136475,0.01318359375,0.004037077247630805,6.50452295613586e-05
2098176,-0.0010963843378704041,0.05368283175630495,-0.0243618823660654,0.00732421875,0.0010698013211367652,6.502816180235536e-05
2099200,-0.00025462514895480126,0.34116474352777004,-0.03209690874791704,0.01513671875,0.002633048439747654,6.50110940433521e-05
2100224,-0.001432481047231704,0.2836459124227986,-0.03515540642547421,0.0126953125,0.001404771232046187,6.499402628434888e-05
2101248,-0.0012085437338100746,0.33462522202171385,-0.029968282266054302,0.01416015625,0.0014248040097299963,6.497695852534563e-05
2102272,0.002655748598044738,0.8312765522859991,-0.0498449916485697,0.0107421875,0.0018981371395057067,6.495989076634239e-05
2103296,-0.0013222146080806851,0.07173458428587765,-0.023174318092060275,0.00927734375,0.001003933313768357,6.494282300733913e-05
2104320,-0.0016689759213477373,0.07615916454233229,-0.022938844518648693,0.0146484375,0.004526689095655456,6.49257552483359e-05
2105344,-0.0010982374951709062,0.0922687214333564,-0.020422931003849953,0.0087890625,0.0021892613294767216,6.490868748933266e-05
2106368,-0.0008838826470309868,0.5681684985756874,-0.033628308039624244,0.00830078125,0.003202923442586325,6.489161973032942e-05
2107392,-0.0010797167706186883,0.4839752318803221,-0.036772222025319934,0.01708984375,0.0021632449206663296,6.487455197132617e-05
2108416,0.00280610028130468,0.07998866273555905,-0.02206084479985293,0.0048828125,0.0016646232979837805,6.485748421232293e-05
2109440,-0.0014882486429996789,0.06316287512890995,-0.02804416678554844,0.01318359375,0.0018998622690560296,6.484041645331969e-05
2110464,-0.0005103141156723723,0.057601690641604364,-0.02629015735874418,0.0107421875,0.005053027896792628,6.482334869431644e-05
2111488,-0.0009835132223088294,0.15311628603376448,-0.031136798817897215,0.0087890625,0.0023389117850456387,6.48062809353132e-05
2112512,-0.000896318641025573,0.0707836130168289,-0.024302997735503595,0.00341796875,0.0005313115107128397,6.478921317630994e-05
2113536,-0.0015784172355779447,0.6869772472418845,-0.037440289321239106,0.01171875,0.0015904368046903983,6.477214541730672e-05
2114560,-0.0008166396000888199,0.05615948524791747,-0.021987939810060197,0.00830078125,0.0008265876531368122,6.475507765830347e-05
2115584,0.0002650282985996455,0.08157128049060702,-0.025342288572574034,0.01806640625,0.004033863064250909,6.473800989930023e-05
2116608,-0.000390538560168352,0.06671205593738705,-0.02343000537075568,0.0068359375,0.0011090180632891133,6.472094214029697e-05
2117632,-0.0007035318703856319,0.08160587539896369,-0.02080527777025054,0.00390625,0.0006426680774893612,6.470387438129374e-05
2118656,-4.6997301978990436e-05,0.08867349300999194,-0.022569659471628256,0.0087890625,0.0008293880673591048,6.46868066222905e-05
2119680,0.002142672863556072,0.07083322550170124,-0.023376475161057897,0.005859375,0.0017369606357533485,6.466973886328726e-05
2120704,-0.0009276513883378357,0.09754241502378136,-0.02150268641526054,0.0078125,0.002084563850075938,6.465267110428402e-05
2121728,-0.001496744793257676,0.6379217419307679,-0.04075615797773935,0.02587890625,0.006138496784842573,6.463560334528075e-05
2122752,-0.0004633681965060532,0.5546784526668489,-0.025160005447105505,0.009765625,0.0017044244741555303,6.461853558627753e-05
2123776,-0.000546400755411014,0.06970743474084884,-0.021731731099862373,0.0078125,0.0017407029663445428,6.460146782727428e-05
2124800,6.864063470857218e-05,0.579560290556401,-0.03396965962019749,0.0126953125,0.005031132168369368,6.458440006827105e-05
2125824,-0.0008998416597023606,0.047189849137794226,-0.02430854074191302,0.00732421875,0.0023504729178966954,6.45673323092678e-05
2126848,-0.0010797423892654479,0.2546053878031671,-0.033633684695814736,0.01318359375,0.0020071690814802423,6.455026455026456e-05
2127872,-0.0015319548110710457,0.09493610926438123,-0.026064812249387614,0.0068359375,0.0023746110819047317,6.45331967912613e-05
2128896,-0.0001636146625969559,0.04969644668744877,-0.024890987297112588,0.00830078125,0.0014272174303187057,6.451612903225807e-05
2129920,-0.0014471044996753335,0.10120813944377005,-0.0226824407109234,0.0126953125,0.004859942288021557,6.449906127325483e-05
2130944,0.00021084386389702559,0.03579242352861911,-0.016212104692385765,0.00390625,0.0006590728007722646,6.448199351425158e-05
2131968,-0.0014198795979609713,0.12888733996078372,-0.028101820789743215,0.013671875,0.004527643963228911,6.446492575524834e-05
2132992,-0.0010635361104505137,0.048127865069545805,-0.02082479362070444,0.00390625,0.0008559616835555062,6.44478579962451e-05
2134016,-0.0016891198902158067,0.35431819572113454,-0.03661687421845272,0.01708984375,0.002382922320975922,6.443079023724186e-05
2135040,-0.0015612069691997021,0.1541520212776959,-0.023191726442746585,0.0078125,0.005855563664226793,6.44137224782386e-05
2136064,-0.0019419695236138068,0.12188234366476536,-0.028583496776263928,0.0107421875,0.002306648180820048,6.439665471923537e-05
2137088,-0.0019878874882124364,0.04365289630368352,-0.02066276053301408,0.009765625,0.0026291777176083997,6.437958696023212e-05
2138112,-0.0018718338251346722,0.055124265840277076,-0.020945735654095188,0.0146484375,0.0035443261440377682,6.436251920122889e-05
2139136,-0.00038090575981186703,0.05628924258053303,-0.021694836141250562,0.00390625,0.0024637371534481645,6.434545144222564e-05
2140160,-0.000873650518769864,0.3665824680356309,-0.033964337926590815,0.00439453125,0.00040535930020269006,6.43283836832224e-05
2141184,-0.0015113520639715716,0.061144114239141345,-0.022668546007480472,0.0087890625,0.0014784825034439564,6.431131592421915e-05
2142208,0.00026312565023545176,0.39864482218399644,-0.03190146179986186,0.00732421875,0.001260069984709844,6.429424816521591e-05
2143232,-0.00263565088971518,0.07650660874787718,-0.021359181104344316,0.01220703125,0.0038488607824547216,6.427718040621267e-05
2144256,0.00021314949844963849,0.8737883660942316,-0.03686586470576003,0.01025390625,0.001950617996044457,6.426011264720943e-05
2145280,-0.00018500733858672902,0.06845704081933945,-0.030574782358598895,0.0068359375,0.0012690910807577893,6.424304488820618e-05
2146304,-0.0018835404189303517,0.050192546274047345,-0.021278439366142265,0.00634765625,0.0012307767756283283,6.422597712920294e-05
2147328,-0.0012764089478878304,0.3691966456826776,-0.03658710443414748,0.0107421875,0.0006697246135445312,6.42089093701997e-05
2148352,-0.000603085063630715,0.5206006406806409,-0.036915303022396984,0.015625,0.0037970906123518944,6.419184161119645e-05
2149376,-0.0028062102501280606,0.47037712461315095,-0.043188303243368864,0.017578125,0.0023446671257261187,6.417477385219322e-05
2150400,-0.00033062467991840094,0.07731363165657967,-0.025174033564326237,0.01123046875,0.002774845255771652,6.415770609318996e-05
2151424,-0.001484881606302224,0.343027102178894,-0.03675390442367643,0.01513671875,0.001497326753451489,6.414063833418673e-05
2152448,-0.0017697614384815097,0.049489136319607496,-0.026339131880376954,0.0087890625,0.002825771429343149,6.412357057518348e-05
2153472,-0.0004520271468209103,0.08132585301063955,-0.027693131756677758,0.009765625,0.0016319486312568188,6.410650281618024e-05
2154496,0.002106366475345567,0.4918579375371337,-0.03558269876521081,0.00439453125,0.0005507707537617534,6.4089435057177e-05
2155520,-0.0023917424550745636,0.40195117611438036,-0.02976051761652343,0.00927734375,0.0051464424905134365,6.407236729817375e-05
2156544,-0.0007049940613796934,0.05831931036664173,-0.026501913074753247,0.0078125,0.0013670002517756075,6.405529953917051e-05
2157568,-4.824233474209905e-05,0.11734803207218647,-0.03349554835585877,0.00390625,0.000322410196531564,6.403823178016727e-05
2158592,-0.00010360116721130908,0.08326813741587102,-0.028051873086951673,0.00634765625,0.0039670764963375404,6.402116402116403e-05
2159616,-0.0019962574588134885,0.047248456394299865,-0.023836625550757162,0.01171875,0.0014334328006953,6.400409626216078e-05
2160640,0.00037690521276090294,0.11133097589481622,-0.02906090606120415,0.01171875,0.003722752575413324,6.398702850315754e-05
2161664,-0.0012279991788091138,0.6370723135769367,-0.03844791522715241,0.0126953125,0.0023275594285223633,6.396996074415429e-05
2162688,-0.00038797841989435256,0.06918215751647949,-0.02773088288086001,0.01123046875,0.0020704410126199946,6.395289298515106e-05
2163712,-0.0009268494613934308,1.0031812647357583,-0.05250811792211607,0.01025390625,0.001190257229609415,6.393582522614781e-05
2164736,-0.0005657309957314283,0.06879130913875997,-0.02683408433222212,0.00537109375,0.0005108428304083645,6.391875746714457e-05
2165760,-0.002189671591622755,0.7556780106388032,-0.04303843801608309,0.01708984375,0.0029267973150126636,6.390168970814132e-05
2166784,0.0009271109593100846,0.06253782578278333,-0.020180175692075863,0.00732421875,0.000996940172626637,6.388462194913808e-05
2167808,-0.0005119148845551535,1.0945739950984716,-0.05476567585719749,0.00927734375,0.0012282043608138338,6.386755419013484e-05
2168832,-0.0030598864250350744,0.050656694220378995,-0.02233985061320709,0.01025390625,0.0016558418865315616,6.38504864311316e-05
2169856,-0.0008205808844650164,0.4429757029283792,-0.031092963021364994,0.0078125,0.0012039502762490883,6.383341867212835e-05
2170880,-0.0018858813346014358,0.44012965029105544,-0.03384195384569466,0.017578125,0.004937009260174818,6.381635091312511e-05
2171904,-0.005382419658417348,0.5638477709144354,-0.04720500251278281,0.01904296875,0.0028658927913056687,6.379928315412187e-05
2172928,-0.0015028569905553013,0.600193964666687,-0.04219100685440935,0.00732421875,0.000753588683437556,6.378221539511862e-05
2173952,-0.0009936425485648215,0.08338512608315796,-0.029350002027058508,0.00634765625,0.0011485676659503952,6.376514763611538e-05
2174976,0.0001845101942308247,0.8218688862398267,-0.04468553501646966,0.00927734375,0.0015090669330675155,6.374807987711213e-05
2176000,-0.0028817464626627043,0.05786836030893028,-0.027910510994843207,0.00927734375,0.00272457639221102,6.37310121181089e-05
2177024,-0.0014222308600437827,0.3142216878477484,-0.037076977983815596,0.01123046875,0.0011506079026730731,6.371394435910565e-05
2178048,-0.0005247043154668063,0.36908807791769505,-0.03131655708421022,0.005859375,0.0009762876579770818,6.369687660010242e-05
2179072,-0.0003528942324919626,0.37206283933483064,-0.03271124841103301,0.00830078125,0.001091995814931579,6.367980884109916e-05
2180096,-0.0006175758462632075,0.0673495470546186,-0.02757841593120247,0.0068359375,0.0026770621188916266,6.366274108209592e-05
2181120,-0.0008677190344315022,0.12145228171721101,-0.023245539428899065,0.00390625,0.0019488405669108033,6.364567332309268e-05
2182144,-0.001755818142555654,0.1298708689864725,-0.025953149975975975,0.01171875,0.006945079367142171,6.362860556408944e-05
2183168,-0.0018426359965815209,0.6901887299027294,-0.04250417440198362,0.01416015625,0.0014320342161227018,6.36115378050862e-05
2184192,-0.0012831374478992075,0.39668288663960993,-0.031234624417265877,0.01318359375,0.001838986761868,6.359447004608295e-05
2185216,-0.0006190012500155717,0.08271539444103837,-0.028875889736809768,0.0068359375,0.0006611776916543022,6.357740228707971e-05
2186240,-0.0011171401347382925,0.07875145575962961,-0.024811611725453986,0.00634765625,0.0015658112097298726,6.356033452807646e-05
2187264,-0.0004477233305806294,0.32721656502690166,-0.024664726290211547,0.0068359375,0.0008143158192979172,6.354326676907323e-05
2188288,-0.0004575511266011745,0.19393723644316196,-0.02902301654103212,0.00732421875,0.0006979256577324122,6.352619901006998e-05
2189312,-0.0013411325053311884,0.12967274617403746,-0.02388853268530511,0.01123046875,0.0033373541955370456,6.350913125106674e-05
2190336,-0.0013888879329897463,0.1253491179086268,-0.02623993762244936,0.01171875,0.003934775755624287,6.349206349206349e-05
2191360,-0.0005066959420219064,0.06834567536134273,-0.020969171651813667,0.005859375,0.0008191433298634365,6.347499573306025e-05
2192384,-0.0012708828144241124,0.10085125570185483,-0.028203129142639227,0.00830078125,0.001419514577719383,6.345792797405701e-05
2193408,-0.00035230047069489956,0.12529574637301266,-0.028213095865794457,0.00830078125,0.0011502845300128683,6.344086021505376e-05
2194432,-0.0028567705303430557,0.3501885550795123,-0.03144665440777317,0.01025390625,0.0015751017781440169,6.342379245605052e-05
2195456,-0.0003604779049055651,0.13063638168387115,-0.02856493738363497,0.013671875,0.0013986302365083247,6.340672469704728e-05
2196480,-0.0029076601640554145,0.3888865167973563,-0.04363382500014268,0.01513671875,0.0022064492804929614,6.338965693804404e-05
2197504,0.00021352063049562275,0.0954935149056837,-0.026269457855960354,0.0068359375,0.000943993087275885,6.33725891790408e-05
2198528,-0.000428516672400292,0.5309897689148784,-0.03494686933117919,0.01220703125,0.002339614962693304,6.335552142003755e-05
2199552,-0.001067247285391204,0.054406606242991984,-0.02143742029056739,0.00390625,0.00032432639272883534,6.33384536610343e-05
2200576,-0.0002629068330861628,0.0895275647053495,-0.023275390594790224,0.0029296875,0.0002802553790388629,6.332138590203107e-05
2201600,-0.0016024284559534863,0.3637572773732245,-0.037475024815648794,0.00830078125,0.0005718233587685972,6.330431814302782e-05
2202624,-0.0008249852398876101,0.13082149752881378,-0.02655933274581912,0.00830078125,0.0021081291197333485,6.328725038402458e-05
2203648,-0.0004623696586349979,0.06267258210573345,-0.021790979662910104,0.0048828125,0.0005420463276095688,6.327018262502133e-05
2204672,-0.00040744966827332973,0.17187323863618076,-0.026143099324144714,0.01220703125,0.001502734492532909,6.325311486601809e-05
2205696,0.00043861588346771896,0.13917993288487196,-0.028996359375014435,0.00732421875,0.00118109023605939,6.323604710701485e-05
2206720,0.0049616030300967395,0.44918631948530674,-0.03555236452666577,0.00927734375,0.002631692055729218,6.321897934801161e-05
2207744,-0.0012269235157873482,0.37436433020047843,-0.04442547232611105,0.00390625,0.0006500988820334896,6.320191158900836e-05
2208768,-0.0018900915747508407,0.05312421533744782,-0.027520964926225133,0.0146484375,0.004411492962390184,6.318484383000512e-05
2209792,6.554133142344654e-05,0.15780613431707025,-0.027617667612503283,0.009765625,0.0012068372743669897,6.316777607100188e-05
2210816,-0.001506759668700397,0.09525477280840278,-0.02352678578608902,0.00830078125,0.0006204239471117035,6.315070831199863e-05
2211840,-0.00194794379058294,0.774402788374573,-0.04039937962079421,0.01123046875,0.0009367444436065853,6.31336405529954e-05
2212864,-0.0004010112752439454,0.05660846410319209,-0.029499031659725006,0.0205078125,0.00445419765310362,6.311657279399215e-05
2213888,-0.0006873668462503701,0.05852550722192973,-0.02419877317151986,0.00439453125,0.0004360622842796147,6.309950503498891e-05
2214912,-0.0002464794088155031,0.7306382909882814,-0.04826564772520214,0.0078125,0.0009968026133719832,6.308243727598566e-05
2215936,-0.0008195687260013074,0.3601642297580838,-0.028997394285397604,0.005859375,0.0005854109913343564,6.306536951698244e-05
2216960,-0.0006638550839852542,0.05365365854231641,-0.025139636956737377,0.00830078125,0.002568576514022425,6.304830175797918e-05
2217984,-0.0012596630986081436,0.07465727883391082,-0.024737297935644165,0.017578125,0.0020177145779598504,6.303123399897593e-05
2219008,-0.003835665207589045,0.6628584763966501,-0.045963414246216416,0.02587890625,0.00392078238655813,6.301416623997269e-05
2220032,-0.0019378805591259152,0.3596816062927246,-0.0406621050206013,0.01025390625,0.000993138353805989,6.299709848096945e-05
2221056,-0.0014221891178749502,0.47232591873034835,-0.032324963132850826,0.01318359375,0.00209871084371116,6.298003072196621e-05
2222080,-0.0014476730648311786,0.1693575909594074,-0.024898444215068594,0.0087890625,0.0014427689602598548,6.296296296296296e-05
2223104,-0.0002508698817109689,0.07273941312450916,-0.027559974550968036,0.0078125,0.0010911621939158067,6.294589520395972e-05
2224128,-0.00036333520256448537,0.11110395193099976,-0.03197117612580769,0.0126953125,0.0025069339899346232,6.292882744495647e-05
2225152,-0.0005896500224480405,0.39726692088879645,-0.03948814462637529,0.0126953125,0.0018381709232926369,6.291175968595324e-05
2226176,-0.0021840017288923264,0.14332595723681152,-0.02624381311761681,0.01025390625,0.0015695148176746443,6.289469192694999e-05
2227200,-0.0012592098792083561,0.06019125448074192,-0.02596489852294326,0.01318359375,0.002386998719885014,6.287762416794675e-05
2228224,-0.00046656876656925306,0.06717072892934084,-0.026949455816065893,0.0107421875,0.001701060144114308,6.28605564089435e-05
2229248,-0.0006481876771431416,0.4270528759807348,-0.038833046215586364,0.01123046875,0.0021145811333553866,6.284348864994026e-05
2230272,-0.0024738873180467635,0.045548550551757216,-0.02810888792737387,0.013671875,0.003766946931136772,6.282642089093702e-05
2231296,-0.0010878900648094714,0.07656213501468301,-0.02604546218935866,0.0078125,0.0011041741672670469,6.280935313193378e-05
2232320,-0.0006978784367674962,0.07923129864502698,-0.027535041692317463,0.01025390625,0.0020227723725838587,6.279228537293053e-05
2233344,-0.00028668303275480866,0.0981964577222243,-0.03169607697054744,0.01123046875,0.0010054710728581995,6.277521761392729e-05
2234368,-0.0014039695670362562,0.5422622049227357,-0.033722303225658834,0.00634765625,0.0010735526448115706,6.275814985492405e-05
2235392,-0.0012575916771311313,0.4174514946062118,-0.03428985021309927,0.0078125,0.0006679148937109858,6.274108209592082e-05
2236416,0.0009237302583642304,0.40277942176908255,-0.031496431736741215,0.01220703125,0.0042541702860035,6.272401433691756e-05
2237440,-0.00040034485573414713,0.34635702974628657,-0.03896708733373089,0.0068359375,0.0012397505779517815,6.270694657791431e-05
2238464,-0.000379680102923885,0.10539142275229096,-0.026533522846875712,0.01220703125,0.003165805115713738,6.268987881891108e-05
2239488,-0.00013635007780976593,0.42826956626959145,-0.03835264081135392,0.0068359375,0.0006485970079666004,6.267281105990783e-05
2240512,-0.0009384229924762622,0.09293321834411472,-0.02715344114403706,0.0107421875,0.0023267603537533432,6.265574330090461e-05
2241536,-0.0014800996286794543,0.47755229473114014,-0.02654068751144223,0.01708984375,0.003186714617186226,6.263867554190135e-05
2242560,-0.0038374670984921977,0.7362102335318923,-0.045430615107761696,0.01318359375,0.001991537181311287,6.26216077828981e-05
2243584,0.0009076744318008423,0.06808988621924073,-0.02564302721293643,0.00634765625,0.0006479813746409491,6.260454002389486e-05
2244608,-0.0018029063066933304,0.3920863571111113,-0.04012089534080587,0.01171875,0.00351049228629563,6.258747226489162e-05
2245632,0.00032456484041176736,0.105501854326576,-0.023897505445347633,0.00927734375,0.002359686215640977,6.257040450588839e-05
2246656,-0.0005499337712535635,0.3495567673817277,-0.03861082371440716,0.0048828125,0.00047885990352369845,6.255333674688513e-05
2247680,0.000520368485013023,0.09306109347380698,-0.02541626493621152,0.00439453125,0.000877930418937467,6.25362689878819e-05
2248704,-0.002253678467241116,0.14270205004140735,-0.020452287964872085,0.00830078125,0.003935327549697831,6.251920122887864e-05
2249728,-0.0006270021112868562,0.04792489670217037,-0.025208850842318498,0.00537109375,0.0007002846541581675,6.250213346987542e-05
2250752,-0.00102224200963974,0.04173533240100369,-0.021628799848258495,0.0068359375,0.001387445387081243,6.248506571087216e-05
2251776,-0.0009103564952965826,0.0609612962580286,-0.025919672181771602,0.005859375,0.0006469379150075838,6.246799795186892e-05
2252800,-0.0014391341828741133,0.4058439019136131,-0.034755931032123044,0.009765625,0.0012580166367115453,6.245093019286567e-05
2253824,-0.0007019800832495093,0.05419934028759599,-0.030980263618403114,0.00830078125,0.0005679845780832693,6.243386243386245e-05
2254848,-0.0005202035972615704,0.06222563062328845,-0.0213421243661287,0.009765625,0.0019693437934620306,6.24167946748592e-05
2255872,-0.0008978529076557606,0.11268827377352864,-0.029548009479185566,0.0126953125,0.0026023793616332114,6.239972691585596e-05
2256896,-0.0016787271888460964,1.036815034225583,-0.05502492270898074,0.0146484375,0.001175138502730988,6.23826591568527e-05
2257920,0.0016987502021947876,0.11640548496507108,-0.029178849152231123,0.01416015625,0.0020883263350697234,6.236559139784946e-05
2258944,-0.0005136130130267702,0.40065904310904443,-0.032931525609456,0.0048828125,0.00044038031774107367,6.234852363884623e-05
2259968,-0.0014675070851808414,0.1115722144022584,-0.028920485521666706,0.0107421875,0.002773055326542817,6.233145587984299e-05
2260992,-0.003131899007712491,0.40255134156905115,-0.040286766743520275,0.0224609375,0.005072107174783014,6.231438812083973e-05
2262016,-0.0006528611702378839,0.0689263692474924,-0.020270218622954417,0.0068359375,0.0005798581551061943,6.229732036183648e-05
2263040,-0.0017379630880896002,0.09980285225901753,-0.022640941841927997,0.0068359375,0.0011160855792695656,6.228025260283326e-05
2264064,-0.002482307012542151,0.6661213217303157,-0.04627963120583445,0.01708984375,0.0020093662315048277,6.226318484383e-05
2265088,-0.001606745077879168,0.47107336949557066,-0.03461028743186034,0.00830078125,0.0016539818898309022,6.224611708482677e-05
2266112,-0.0016415563877671957,0.9314716504886746,-0.045640512369573116,0.01171875,0.002279490465298295,6.222904932582351e-05
2267136,-0.002555518120061606,0.9792649778537452,-0.05075747118098661,0.013671875,0.0013782105670543388,6.221198156682029e-05
2268160,-0.0009215123718604445,0.0576428432832472,-0.01816540451909532,0.00390625,0.0004032380093121901,6.219491380781703e-05
2269184,-0.0007127928984118626,0.4203616362065077,-0.03320493949286174,0.00927734375,0.0030502355366479605,6.21778460488138e-05
2270208,-0.00045261783816386014,0.04793167841853574,-0.02014033895375178,0.00341796875,0.0011834145989269018,6.216077828981056e-05
2271232,-0.00011559147242223844,0.3454804280772805,-0.036882423562929034,0.00830078125,0.00060478642990347,6.21437105308073e-05
2272256,-0.0025481574703007936,0.5108573576435447,-0.037238283606711775,0.01513671875,0.0023957373487064615,6.212664277180407e-05
2273280,-0.0011314937000861391,0.36547207622788846,-0.03758159960852936,0.00927734375,0.0007705502357566729,6.210957501280083e-05
2274304,-0.0010488178522791713,0.27447698381729424,-0.0336077419706271,0.009765625,0.0006660705257672817,6.209250725379759e-05
2275328,-0.0005463574198074639,0.08938452135771513,-0.02437183656002162,0.00732421875,0.0005113771621836349,6.207543949479434e-05
2276352,-0.0003816289972746745,0.05290069244801998,-0.018767896664940054,0.00537109375,0.0016805282939458266,6.20583717357911e-05
2277376,-0.0018976073479279876,0.4912982895039022,-0.03139317806926556,0.0166015625,0.002680241610505618,6.204130397678784e-05
2278400,-0.0024574119015596807,0.4158918848261237,-0.04048878922185395,0.0078125,0.0007848508830647916,6.202423621778462e-05
2279424,-0.0020295603899285197,0.37948829494416714,-0.03620276867150096,0.0068359375,0.0005519253754755482,6.200716845878137e-05
2280448,-0.0004522831441136077,0.3360010313335806,-0.028599729848792776,0.01025390625,0.0022728201001882553,6.199010069977811e-05
2281472,-0.0009716878994368017,0.5895492313429713,-0.038487586280098185,0.0048828125,0.0008465147257084027,6.197303294077487e-05
2282496,-0.00011638311843853444,0.09118841250892729,-0.02929705510905478,0.0087890625,0.001303215409279801,6.195596518177164e-05
2283520,-0.0011486628791317344,0.11159501248039305,-0.02644810172569123,0.01123046875,0.002633930853335187,6.19388974227684e-05
2284544,-0.000994889618596062,0.06338168913498521,-0.025817025249125436,0.01025390625,0.0014396681945072487,6.192182966376516e-05
2285568,-6.14783784840256e-05,0.06008534133434296,-0.02473337104311213,0.0078125,0.0009459180582780391,6.19047619047619e-05
2286592,-0.0006244622818485368,0.3928011331008747,-0.03365962827228941,0.01318359375,0.0033350705925840884,6.188769414575865e-05
2287616,-0.00197041587671265,0.3893791923765093,-0.028214204459800385,0.01513671875,0.00379480559786316,6.187062638675543e-05
2288640,-0.00035424125962890685,0.05536669830325991,-0.032620729063637555,0.009765625,0.0009084336488740519,6.185355862775218e-05
2289664,-1.7621845472604036e-05,0.3347479999065399,-0.03859754017321393,0.01220703125,0.0010633806959958747,6.183649086874894e-05
2290688,-0.0009738267690408975,0.788732185261324,-0.04251518551609479,0.009765625,0.006174525682581589,6.181942310974568e-05
2291712,-0.005488211812917143,0.6066569243557751,-0.047575580480042845,0.02978515625,0.009975019682315178,6.180235535074246e-05
2292736,-0.0006497144495369866,0.08341280126478523,-0.021720261487644166,0.01123046875,0.002155446956749074,6.17852875917392e-05
2293760,-0.0012604924850165844,0.8354365965351462,-0.053298661136068404,0.0146484375,0.0014770600973861292,6.176821983273597e-05
2294784,0.0006962211482459679,0.32136855740100145,-0.032984695164486766,0.00830078125,0.0010177584772463888,6.175115207373272e-05
2295808,-0.00177047545730602,0.6966324453242123,-0.039197244608658366,0.013671875,0.0014784389932174236,6.173408431472948e-05
2296832,-1.0224859579466283e-05,0.06965180533006787,-0.02006392596013029,0.01123046875,0.0036783571413252503,6.171701655572624e-05
2297856,0.0013036059826845303,0.06294318987056613,-0.03284144497320085,0.0107421875,0.0009385947923874483,6.1699948796723e-05
2298880,-0.0012848449405282736,0.06762317731045187,-0.01846908132210956,0.013671875,0.002623845139169134,6.168288103771976e-05
2299904,0.00015199146582745016,0.08682949200738221,-0.024813601849018596,0.01318359375,0.003891005369951017,6.16658132787165e-05
2300928,-0.0012719471124000847,0.09356752038002014,-0.027994584284897428,0.00830078125,0.002827509932103567,6.164874551971327e-05
2301952,-0.0004774379340233281,0.05367043009027839,-0.02570150897372514,0.0146484375,0.002109686261974275,6.163167776071002e-05
2302976,-1.2546341167762876e-05,0.052338487934321165,-0.025292134552728385,0.00732421875,0.0016957180778263137,6.161461000170679e-05
2304000,-0.002182790369261056,0.31143579934723675,-0.0396238483954221,0.01171875,0.0017738015158101916,6.159754224270354e-05
2305024,-0.000133840563648846,0.1358225615695119,-0.025721307121784776,0.0087890625,0.0018897464615292847,6.15804744837003e-05
2306048,-0.0003764903376577422,0.4329879288561642,-0.04560993576887995,0.0068359375,0.001605239842319861,6.156340672469705e-05
2307072,-0.001439954445231706,0.5889301211573184,-0.037216856158920564,0.0087890625,0.0012004944146610796,6.154633896569381e-05
2308096,-0.0022573454334633425,0.4030303586041555,-0.028515408863313496,0.01123046875,0.0012375194492051378,6.152927120669057e-05
2309120,-0.0008741323399590328,0.3612571826670319,-0.03393087975564413,0.0087890625,0.0005778407212346792,6.151220344768732e-05
2310144,-0.0010780298471217975,0.11855663952883333,-0.03312843978346791,0.0048828125,0.001471845360356383,6.149513568868408e-05
2311168,-8.925929432734847e-05,0.3598623792640865,-0.03179969562916085,0.0087890625,0.0036988899373682216,6.147806792968084e-05
2312192,-0.0023028593277558684,0.04756262258160859,-0.025706616142997518,0.01220703125,0.0015857804974075407,6.14610001706776e-05
2313216,-0.001901020237710327,0.14952955744229257,-0.031128878239542246,0.01611328125,0.003401987152756192,6.144393241167435e-05
2314240,-0.001456842670449987,0.06730177125427872,-0.03498814269551076,0.01318359375,0.0018741627427516505,6.142686465267111e-05
2315264,-0.001151293225120753,0.06190977373626083,-0.02015222457885102,0.01025390625,0.003484528497210704,6.140979689366786e-05
2316288,-0.0022871502151247114,0.5762853501364589,-0.03964674740564078,0.013671875,0.003534204952302389,6.139272913466463e-05
2317312,-0.0016698494146112353,0.47738343104720116,-0.04440985410474241,0.01025390625,0.0026369033730588853,6.137566137566138e-05
2318336,-0.0030999722075648606,0.9542534234933555,-0.05058197642210871,0.0087890625,0.0012400367704685777,6.135859361665814e-05
2319360,-0.001097914791898802,0.4969691038131714,-0.036261844012187794,0.00732421875,0.0005996481195325032,6.134152585765489e-05
2320384,-0.00015201971109490842,0.3612156368326396,-0.042311063123634085,0.01904296875,0.00415106414584443,6.132445809865165e-05
2321408,-0.0007522549421992153,0.544993947725743,-0.04441629006760195,0.0068359375,0.0014273049018811435,6.130739033964841e-05
2322432,-0.00015584388165734708,0.0648098181700334,-0.026268221117788926,0.00439453125,0.001820714824134484,6.129032258064517e-05
2323456,-0.000488130834128242,0.3240145182935521,-0.025994778843596578,0.00244140625,0.0003288105799583718,6.127325482164192e-05
2324480,-0.0025525466189719737,0.5768653783015907,-0.02877789059857605,0.01708984375,0.004359904094599187,6.125618706263867e-05
2325504,-0.0010716025135479867,0.12984931096434593,-0.024123965937178582,0.00439453125,0.0004473557055462152,6.123911930363544e-05
2326528,-0.00046860292786732316,0.35056244931183755,-0.03367340464319568,0.009765625,0.0011046255676774308,6.122205154463219e-05
2327552,-0.0006998119788477197,0.21435569459572434,-0.02932280123786768,0.00634765625,0.001737859405693598,6.120498378562896e-05
2328576,0.001413380930898711,0.10982537129893899,-0.023481614460251876,0.01318359375,0.00297938943549525,6.11879160266257e-05
2329600,0.00010670325718820095,0.055093278642743826,-0.02222333461031667,0.00537109375,0.000967265703366138,6.117084826762247e-05
2330624,-0.0007076115580275655,0.09534348000306636,-0.02705417910237884,0.00634765625,0.0008175637776730582,6.115378050861922e-05
2331648,7.322805322473869e-05,0.09098269103560597,-0.02640684912330471,0.00634765625,0.002375500596826896,6.113671274961598e-05
2332672,-0.0018190926202805713,0.04655583738349378,-0.027376420657674316,0.01318359375,0.005024534853873774,6.111964499061274e-05
2333696,-0.0005975285457680002,0.1297734472900629,-0.024142819485859945,0.00634765625,0.0014401795633602887,6.110257723160949e-05
2334720,-0.00040329086186829954,0.06386589794419706,-0.02701735054142773,0.01123046875,0.0018032837979262695,6.108550947260625e-05
2335744,-0.001438352235709317,0.6579261075239629,-0.04990193102275953,0.01611328125,0.0012761794059770182,6.106844171360301e-05
2336768,-0.0016321083530783653,0.4315934006590396,-0.028770828605047427,0.00634765625,0.000613058204180561,6.105137395459977e-05
2337792,-0.0004266552859917283,0.06616882316302508,-0.02475720471375098,0.00732421875,0.0017816847248468548,6.103430619559651e-05
2338816,-0.0023585246817674488,0.056105868075974286,-0.032767805467301514,0.015625,0.004753051092848182,6.101723843659328e-05
2339840,-0.0028646877472056076,0.3723914084257558,-0.03474166715750471,0.0146484375,0.0022597329079871997,6.100017067759003e-05
2340864,-0.0023971353948581964,0.5623773466795683,-0.03696644536830718,0.0205078125,0.002607558431918733,6.09831029185868e-05
2341888,-0.0016945195675361902,0.46181268244981766,-0.03378081046685111,0.01171875,0.0011562334257178009,6.096603515958354e-05
2342912,-1.8320410163141787e-05,0.06289152824319899,-0.024509110357030295,0.0048828125,0.0009327890002168715,6.094896740058032e-05
2343936,-5.342040094546974e-05,0.11192701745312661,-0.033076750580221415,0.0078125,0.001694096004939638,6.093189964157706e-05
2344960,-0.00028750869387295097,0.03294792678207159,-0.02339332294650376,0.00341796875,0.000329645918100141,6.091483188257382e-05
2345984,-0.0011283530038781464,0.06063280766829848,-0.02443687486811541,0.01416015625,0.0021655664750142023,6.089776412357058e-05
2347008,-0.0015193081344477832,0.3491236846894026,-0.03417629751493223,0.00732421875,0.0006853844097349793,6.0880696364567335e-05
2348032,-0.00016075518215075135,0.15324184973724186,-0.024587878862803336,0.0078125,0.0008303622744278982,6.0863628605564096e-05
2349056,-0.0007406971708405763,0.09807389893103391,-0.028076179725758266,0.0087890625,0.0014561588177457452,6.084656084656085e-05
2350080,-0.0019832962861983106,0.4015517404768616,-0.041587640007492155,0.01708984375,0.0027992434334009886,6.082949308755761e-05
2351104,-0.0011468931115814485,0.3698863498866558,-0.031299231384764425,0.01416015625,0.002960980200441554,6.081242532855436e-05
2352128,-0.0008421771854045801,0.07094150851480663,-0.027378782353480347,0.005859375,0.0004686408647103235,6.079535756955113e-05
2353152,-0.0010367385984864086,0.4798399582505226,-0.028485214832471684,0.01171875,0.004392856790218502,6.0778289810547874e-05
2354176,-0.0010101272273459472,0.32774834765587,-0.034650695946766064,0.00634765625,0.001088087257812731,6.076122205154464e-05
2355200,0.0006313592602964491,0.06512836448382586,-0.026407951561850496,0.0068359375,0.0019348258938407525,6.074415429254139e-05
2356224,-0.0010865828080568463,0.1416676566004753,-0.030643703539681155,0.013671875,0.0014952729543438181,6.0727086533538144e-05
2357248,-0.0012927231582580134,0.38340110378339887,-0.03762535407440737,0.0146484375,0.0010896533785853535,6.0710018774534905e-05
2358272,-0.0016222639387706295,0.34831903770100325,-0.036784484691452235,0.01806640625,0.0018478527636034414,6.069295101553166e-05
2359296,6.890311487950385e-05,0.06571092770900577,-0.02733853209792869,0.00634765625,0.0027371231553843245,6.067588325652842e-05
2360320,-0.00159730993618723,0.45713052060455084,-0.039864063779532444,0.00830078125,0.0009146560623776168,6.065881549752518e-05
2361344,0.008692646806593984,1.1125936591997743,-0.058790791779756546,0.017578125,0.0023105959699023515,6.0641747738521936e-05
2362368,-0.0002157371782232076,0.0720996520249173,-0.028634768881602213,0.00830078125,0.002476546011166647,6.06246799795187e-05
2363392,-0.001353813728201203,0.42326132766902447,-0.02623042621416971,0.01123046875,0.0020290467800805345,6.060761222051545e-05
2364416,-0.0013825265050400048,0.13880206854082644,-0.02806567417428596,0.009765625,0.0013847021473338827,6.05905444615122e-05
2365440,-0.0007216220546979457,0.08159566624090075,-0.03172055401955731,0.01025390625,0.0014580588467651978,6.057347670250897e-05
2366464,0.0002783050003927201,0.4215104372706264,-0.028786076400137972,0.01171875,0.0013944281090516597,6.0556408943505714e-05
2367488,-0.0012289852020330727,0.053748373640701175,-0.02828517628950067,0.00830078125,0.0009561587648931891,6.053934118450248e-05
2368512,-0.0002615881821839139,0.05722659965977073,-0.030522266974003287,0.001953125,0.0002959255361929536,6.052227342549923e-05
2369536,-0.004459389499970712,1.156717922538519,-0.0704397161025554,0.0146484375,0.001524363033240661,6.050520566649599e-05
2370560,-0.0035624572046799585,0.6745315613225102,-0.05453026189934462,0.01123046875,0.0009497234277660027,6.0488137907492745e-05
2371584,-0.0006257635832298547,0.3763569141738117,-0.03312729194294661,0.005859375,0.0009237971098627895,6.0471070148489506e-05
2372608,0.0006391533788701054,0.3409240774344653,-0.045454085659002885,0.00732421875,0.0007047955441521481,6.045400238948626e-05
2373632,-0.001786527172953356,0.49863415653817356,-0.03062889294233173,0.00830078125,0.0009814555669436231,6.043693463048302e-05
2374656,-0.003192107629729435,0.7547367946244776,-0.05595816788263619,0.0185546875,0.00164846632105764,6.041986687147978e-05
2375680,-0.0008501401971443556,0.09345524793025106,-0.027728484652470797,0.0078125,0.0008551316568627954,6.0402799112476524e-05
2376704,-0.0011110046471003443,0.6274454859085381,-0.051103476027492434,0.005859375,0.0004492263251449913,6.03857313534733e-05
2377728,-0.0016672750061843544,0.04829859035089612,-0.026503533794311807,0.0087890625,0.0034633536561159417,6.0368663594470046e-05
2378752,-0.0019227983866585419,0.8595807724632323,-0.047644614707678556,0.01318359375,0.0014356519386637956,6.0351595835466814e-05
2379776,-0.0025392503375769593,1.3283752677962184,-0.05300875997636467,0.0126953125,0.0013971557054901496,6.033452807646356e-05
2380800,-0.0011440871166996658,0.0684203855926171,-0.0281181653663225,0.00732421875,0.0014631719095632434,6.031746031746033e-05
2381824,-0.001711368589894846,0.1295837217476219,-0.035585248726420105,0.0048828125,0.0010570821905275807,6.0300392558457077e-05
2382848,-0.00205329799791798,0.4719750825315714,-0.034387073377729394,0.00634765625,0.0019612617907114327,6.028332479945383e-05
2383872,-0.0029777255113003775,0.36360859707929194,-0.03553669372922741,0.0185546875,0.002333848853595555,6.026625704045059e-05
2384896,-0.00010553526226431131,0.09607881389092654,-0.03025087883725064,0.00732421875,0.00043222939711995423,6.0249189281447346e-05
2385920,-0.00037659567897208035,0.3712507536401972,-0.02710531851334963,0.00634765625,0.0005911286571063101,6.023212152244411e-05
2386944,-0.00013939081691205502,0.18577025341801345,-0.03416403295705095,0.00732421875,0.0009820623672567308,6.021505376344086e-05
2387968,-0.0013036442105658352,0.10723907384090126,-0.02844540390651673,0.01220703125,0.0021222731011221185,6.019798600443762e-05
2388992,0.00018618680769577622,0.0807421999052167,-0.034438621485605836,0.0087890625,0.0015997989248717204,6.018091824543437e-05
2390016,-0.0013338130083866417,0.05716276238672435,-0.03040807669458445,0.00634765625,0.0012515728012658656,6.016385048643114e-05
2391040,0.0001679158303886652,0.04971265170024708,-0.02483919401129242,0.00537109375,0.000718174094799906,6.0146782727427886e-05
2392064,-0.001293503024498932,0.08839325327426195,-0.029714092321228236,0.0126953125,0.0011728161916835234,6.0129714968424654e-05
2393088,-0.0003415229148231447,1.2345852507278323,-0.0697723928024061,0.01806640625,0.0013200948160374537,6.01126472094214e-05
2394112,-0.000977813164354302,0.04445090104127303,-0.022992569181951694,0.0068359375,0.0015146610094234347,6.009557945041817e-05
2395136,-0.0008970049384515733,0.7515024710446596,-0.04428816853032913,0.00634765625,0.0015119163726922125,6.007851169141492e-05
2396160,-0.0007069513012538664,0.10545489960350096,-0.033919775538379326,0.02099609375,0.0044886448595207185,6.006144393241168e-05
2397184,-0.0023376077006105334,0.42246877448633313,-0.04531772359041497,0.01708984375,0.00197306222980842,6.004437617340843e-05
2398208,-0.0015953693655319512,0.3260127273388207,-0.029085047484841198,0.00732421875,0.0011266800574958324,6.002730841440519e-05
2399232,-0.0010942987719317898,0.09398477559443563,-0.028047886327840388,0.009765625,0.0014246033388189971,6.001024065540195e-05
2400256,-0.00037653639446944,0.04517196130473167,-0.027514101057022344,0.00341796875,0.00032739611924625933,5.999317289639871e-05
2401280,-0.0003036803682334721,0.04898228636011481,-0.02365750582248438,0.01025390625,0.0015881267900113016,5.997610513739546e-05
2402304,0.0008043502602959052,1.5526801506057382,-0.061474535963498056,0.009765625,0.0018692960584303364,5.995903737839221e-05
2403328,-0.002202585426857695,1.2584881102666259,-0.056942920666188,0.01220703125,0.0010292804217897356,5.9941969619388985e-05
2404352,-0.0013391287648119032,0.13453965494409204,-0.030714680142409634,0.0126953125,0.001727129754726775,5.9924901860385726e-05
2405376,-0.0009970328901545145,0.8028269689530134,-0.05366814153967425,0.00634765625,0.000981584598775953,5.99078341013825e-05
2406400,-0.0014861774834571406,0.09651681815739721,-0.02393337059766054,0.00732421875,0.0009626408282201737,5.989076634237925e-05
2407424,-0.0009436375694349408,0.24174251582007855,-0.035418940387899056,0.0048828125,0.0009415355161763728,5.9873698583376e-05
2408448,-0.00100309491972439,0.5958115295507014,-0.04459110423340462,0.01171875,0.0018207034736406058,5.9856630824372764e-05
2409472,-6.496961577795446e-05,0.4298309697769582,-0.025138273849734105,0.00439453125,0.0006929503433639184,5.983956306536952e-05
2410496,-0.002556571096647531,0.4105419886764139,-0.03320718868053518,0.0126953125,0.0015488613717025146,5.982249530636628e-05
2411520,-0.0007972648309078068,0.10754355846438557,-0.027294804589473642,0.0078125,0.0024039029085543007,5.980542754736303e-05
2412544,-0.004216315486701205,0.6602951891254634,-0.03461012858315371,0.015625,0.0020849685824941844,5.9788359788359794e-05
2413568,-0.001403844347805716,0.06733060709666461,-0.028216223639901727,0.009765625,0.0008504314027959481,5.977129202935654e-05
2414592,-0.000987847670330666,0.04759992245817557,-0.022291485547611956,0.00439453125,0.0005250990216154605,5.975422427035331e-05
2415616,-0.0003363413270562887,0.643881419673562,-0.04295302229002118,0.0166015625,0.002287035313202068,5.973715651135006e-05
2416640,-0.001302987613598816,0.4667683271691203,-0.03463544738042401,0.00830078125,0.004386006010463461,5.9720088752346825e-05
2417664,-0.002684914114070125,0.11218858906067908,-0.03087463491829112,0.01513671875,0.003479590028291568,5.970302099334357e-05
2418688,-0.0016374296101275831,0.09905577567405999,-0.028070524072973058,0.009765625,0.0010574684565654024,5.968595323434034e-05
2419712,-0.0006935132259968668,0.0589840819593519,-0.018331160259549506,0.0029296875,0.00044527347199618816,5.966888547533709e-05
2420736,-0.001532880065497011,0.04976629454176873,-0.02496361982775852,0.01318359375,0.0025046968075912446,5.965181771633385e-05
2421760,-2.663292980287224e-05,0.3374791973037645,-0.02609817302436568,0.0048828125,0.0004759131115861237,5.9634749957330604e-05
2422784,-0.00021907163318246603,0.09520003001671284,-0.023542007846117485,0.0087890625,0.0012539624149212614,5.9617682198327365e-05
2423808,-0.0012316145439399406,0.14489283715374768,-0.026527369860559702,0.01025390625,0.0019733061926672235,5.960061443932412e-05
2424832,-0.0016029805701691657,0.3969847944099456,-0.03333375357033219,0.01611328125,0.0019706640450749546,5.958354668032088e-05
2425856,0.00046271824976429343,0.10869830334559083,-0.020924693497363478,0.01611328125,0.0040719078097026795,5.9566478921317635e-05
2426880,-0.0023965759901329875,0.4153296750737354,-0.03131659891369054,0.0166015625,0.0019069384143222123,5.954941116231438e-05
2427904,-0.00018776365322992206,0.0741157493321225,-0.01930011088552419,0.0029296875,0.0006720919191138819,5.953234340331115e-05
2428928,-0.003231462964322418,0.2549003357999027,-0.030107855447568,0.01806640625,0.004767376551171765,5.95152756443079e-05
2429952,-0.00031604032119503245,0.19853920326568186,-0.023635189740161877,0.0107421875,0.004035740959807299,5.9498207885304665e-05
2430976,-0.0007016289600869641,0.06053559447173029,-0.019203412706701783,0.00830078125,0.0010355645354138687,5.948114012630141e-05
2432000,-0.0015846245951252058,0.11897221836261451,-0.019372245331396698,0.01171875,0.004386156113469042,5.946407236729819e-05
2433024,-0.0007978585199452937,0.08434074046090245,-0.029203820711700246,0.00537109375,0.0008727494132472202,5.944700460829493e-05
2434048,-0.000911318653379567,0.3873895190190524,-0.03187597125361208,0.0087890625,0.001401038738549687,5.942993684929169e-05
2435072,-0.0003579935655579902,0.4724454196402803,-0.03218445106904255,0.0048828125,0.0002934977237600833,5.941286909028845e-05
2436096,-0.0006834581581642851,0.06842006498482078,-0.027194794398383237,0.0087890625,0.0009378187241964042,5.9395801331285205e-05
2437120,-0.0009176044259220362,0.35093581571709365,-0.030655673355795443,0.0087890625,0.0012734548945445567,5.9378733572281966e-05
2438144,0.0002246874792035669,0.46167903346940875,-0.036955148505512625,0.01416015625,0.0045933221554150805,5.936166581327872e-05
2439168,-0.0016770640067989007,0.05649893480585888,-0.02117776639352087,0.01123046875,0.002089650442940183,5.934459805427548e-05
2440192,-0.0010674391814973205,0.040450707310810685,-0.02293242097948678,0.01025390625,0.0015292409661924466,5.932753029527223e-05
2441216,-0.0017992392095038667,0.37236685981042683,-0.026554104799288325,0.00830078125,0.0012562958872877061,5.9310462536269e-05
2442240,-0.002213394225691445,0.5208067717030644,-0.030997585359727964,0.0048828125,0.0013281458523124456,5.9293394777265744e-05
2443264,-0.0005872904730495065,0.059817770845256746,-0.023897290717286523,0.0146484375,0.0026305308856535703,5.927632701826251e-05
2444288,-0.0014339438930619508,0.04973821307066828,-0.019030234252568334,0.00830078125,0.0017516182706458494,5.925925925925926e-05
2445312,-0.0007662751668249257,0.10427067498676479,-0.028297542070504278,0.009765625,0.0023300826287595555,5.9242191500256014e-05
2446336,-0.0010028608667198569,0.1764495843090117,-0.029421754617942497,0.00927734375,0.0015110911626834422,5.9225123741252775e-05
2447360,-0.0006737878429703414,0.08878802508115768,-0.022829634661320597,0.00634765625,0.0010503769153729081,5.920805598224953e-05
2448384,-0.0035901391529478133,0.3752503979485482,-0.03542804563767277,0.01708984375,0.002865932270651683,5.919098822324629e-05
2449408,-0.0008761106146266684,0.35682071128394455,-0.038573927828110754,0.0146484375,0.0015785560535732657,5.917392046424305e-05
2450432,-0.0022547202606801875,1.3156640361994505,-0.05757647508289665,0.0087890625,0.0010855115979211405,5.9156852705239806e-05
2451456,-0.0014390787182492204,0.7077371012419462,-0.0363468362193089,0.0107421875,0.0012545188510557637,5.9139784946236554e-05
2452480,-0.0011037262447644025,0.40847531519830227,-0.035643029026687145,0.00927734375,0.0009643480880185962,5.912271718723332e-05
2453504,0.00028144821408204734,0.3369028461165726,-0.0324921072460711,0.00634765625,0.0005523542786249891,5.910564942823007e-05
2454528,-0.0014588176854886115,0.6062632214743644,-0.05178678629454225,0.01025390625,0.0007704470917815343,5.908858166922684e-05
2455552,-0.0009132148115895689,0.10099140414968133,-0.024620374621008523,0.01171875,0.0023878177744336426,5.9071513910223585e-05
2456576,-0.002286935006850399,0.45210733683779836,-0.03762350953184068,0.01416015625,0.0021426533203339204,5.905444615122035e-05
2457600,0.0008373149903491139,1.7057312615215778,-0.08180138119496405,0.0087890625,0.0006739511882187799,5.90373783922171e-05
2458624,-0.0005161431108717807,0.1503977975808084,-0.028266247449209914,0.01123046875,0.004708679160103202,5.902031063321386e-05
2459648,-0.0011977333342656493,0.36738853342831135,-0.03417903737863526,0.01025390625,0.002034751872997731,5.9003242874210615e-05
2460672,-0.0008614327234681696,0.46661509305704385,-0.024863383470801637,0.01025390625,0.0017964911530725658,5.8986175115207376e-05
2461696,-0.0005558031552936882,0.6019481504336,-0.06318387447390705,0.021484375,0.0019266915769549087,5.896910735620413e-05
2462720,-0.0004056028992636129,0.600816956255585,-0.03934964374639094,0.01318359375,0.0014022359828231856,5.895203959720089e-05
2463744,-0.0010266278113704175,0.06497033080086112,-0.024652034444443416,0.00634765625,0.001338596863206476,5.893497183819765e-05
2464768,-0.0008391739684157073,0.07205329462885857,-0.025735438350238837,0.00927734375,0.0006025665497872978,5.8917904079194394e-05
2465792,-0.001024298238917254,0.05215940228663385,-0.022008658212143928,0.00732421875,0.0008801072835922241,5.890083632019117e-05
2466816,-0.0008371489821001887,0.055541003472171724,-0.028415758279152215,0.0078125,0.0014897293003741652,5.8883768561187916e-05
2467840,-0.0004766882921103388,0.06237783411052078,-0.025988215325924102,0.00537109375,0.0005953209183644503,5.8866700802184684e-05
2468864,-0.0011847660935018212,0.4410085042472929,-0.04400408937362954,0.02001953125,0.004287718271370977,5.884963304318143e-05
2469888,-0.0005468792951432988,0.08727568318136036,-0.0255700420402718,0.01220703125,0.0025629291776567698,5.88325652841782e-05
2470912,-0.0011671739775920287,0.08166180306579918,-0.024089580063446192,0.0126953125,0.004119757330045104,5.881549752517495e-05
2471936,-0.002683952552615665,1.4008883982896805,-0.06220215233042836,0.0234375,0.002802506845910102,5.87984297661717e-05
2472960,-0.0014587488694814965,0.09338779537938535,-0.02939278626581654,0.00830078125,0.0030824706191197038,5.878136200716846e-05
2473984,-0.0020623632008209825,0.3920689591905102,-0.036285289766965434,0.0146484375,0.002699856020626612,5.8764294248165217e-05
2475008,-0.0011279418831691146,0.3720748471096158,-0.04180986896972172,0.0078125,0.00046620029024779797,5.874722648916198e-05
2476032,0.0003560835466487333,0.08590997313149273,-0.02676465717377141,0.005859375,0.0024676822358742356,5.873015873015873e-05
2477056,-0.0014703608176205307,0.06201380136189982,-0.025400644153705798,0.00927734375,0.0006440632132580504,5.871309097115549e-05
2478080,0.00033805915154516697,0.6646725027821958,-0.05303377014934085,0.00927734375,0.0006206347316037863,5.869602321215224e-05
2479104,-0.00035224224848207086,0.06889201002195477,-0.0248531981051201,0.00390625,0.0006729299348080531,5.867895545314901e-05
2480128,-0.0030906148385838605,0.9893798152916133,-0.03274792863521725,0.0126953125,0.0025997659395216033,5.8661887694145756e-05
2481152,-0.0002783633353828918,0.3153403401374817,-0.02893667481839657,0.0048828125,0.0005813290044898167,5.8644819935142524e-05
2482176,-0.0001569128580740653,0.623773540602997,-0.033848245457193116,0.0048828125,0.0009210149146383628,5.862775217613927e-05
2483200,-6.301747635006905e-05,0.3418286368250847,-0.027289116143947467,0.00634765625,0.0005902016418986022,5.861068441713603e-05
2484224,0.00023776162561262026,0.14455374074168503,-0.01818526876741089,0.00439453125,0.0003271320601925254,5.859361665813279e-05
2485248,0.006501709165604552,0.08214027236681432,-0.022550919878995046,0.0126953125,0.002822733047651127,5.857654889912955e-05
2486272,-0.0024759236839599907,0.4305307096801698,-0.03654698398895562,0.015625,0.0024954256368800998,5.85594811401263e-05
2487296,-0.0002004503330681473,0.03883882670197636,-0.0221449598466279,0.009765625,0.0032353326241718605,5.8542413381123063e-05
2488320,-0.0008402720704907551,0.5379979845602065,-0.03407434918335639,0.01171875,0.001863574972958304,5.852534562211982e-05
2489344,-0.001936860615387559,0.3934991874266416,-0.03928083571372554,0.0087890625,0.0016361504676751792,5.8508277863116565e-05
2490368,-0.0006057301361579448,0.11579362733755261,-0.023325603840930853,0.00439453125,0.00041687177144922316,5.849121010411333e-05
2491392,-0.0004316545673646033,0.06255459075327963,-0.021896571168326773,0.0078125,0.0021216095774434507,5.847414234511008e-05
2492416,-0.0010156332573387772,0.5168954115360975,-0.04158096300670877,0.0068359375,0.0010414032149128616,5.8457074586106855e-05
2493440,-0.0012209794658701867,0.08832014258950949,-0.018727459621004527,0.005859375,0.0009782795532373711,5.8440006827103596e-05
2494464,-0.0009929668012773618,0.34611030714586377,-0.03318168381520081,0.0029296875,0.0003634484455687925,5.842293906810037e-05
2495488,-6.380194099619985e-05,0.07967271015513688,-0.02207177440141095,0.01416015625,0.002547723983298056,5.840587130909712e-05
2496512,-0.0027205602891626768,0.28445754712447524,-0.03787483219639398,0.01171875,0.002100597135722637,5.838880355009387e-05
2497536,-0.001468628237489611,0.06437831930816174,-0.022777799429604784,0.00830078125,0.002916248209658079,5.8371735791090634e-05
2498560,-0.00042159558506682515,0.08610749733634293,-0.021831899415701628,0.00439453125,0.0012676770857069641,5.835466803208739e-05
2499584,-0.0003326458390802145,0.41727014468051493,-0.03480118344305083,0.005859375,0.0005970019847154617,5.833760027308415e-05
2500608,-0.0015146585283218883,0.37133619538508356,-0.03873388822830748,0.00732421875,0.0008857452776283026,5.8320532514080904e-05
2501632,-0.0021196241868892685,0.06244319712277502,-0.019407734333071858,0.00927734375,0.004805353644769639,5.8303464755077665e-05
2502656,-0.003947290329961106,1.8538482543081045,-0.10601347079500556,0.03271484375,0.00265447492711246,5.828639699607441e-05
2503680,-0.00055029580835253,0.1669596980791539,-0.026741190056782216,0.00537109375,0.0008465419668937102,5.826932923707118e-05
2504704,0.0018315934867132455,1.0026205591857433,-0.06080058595398441,0.0205078125,0.0016878795140655711,5.825226147806793e-05
2505728,-0.004365946806501597,1.5628338837996125,-0.09303855500184,0.04443359375,0.003053465814446099,5.8235193719064696e-05
2506752,0.0024238176411017776,1.1678579105064273,-0.06291728938231245,0.02392578125,0.001773713156580925,5.821812596006144e-05
2507776,0.0038592236232943833,0.7369550368748605,-0.06151958409463987,0.01708984375,0.0018296288180863485,5.820105820105821e-05
2508800,0.0002846734132617712,0.8220940963365138,-0.06373783177696168,0.01953125,0.0017067362496163696,5.818399044205496e-05
2509824,0.0028898348100483418,0.09784283197950572,-0.01846734221180668,0.01025390625,0.001713593228487298,5.816692268305172e-05
2510848,-0.0019061331986449659,0.1476736101321876,-0.02239927493428695,0.00830078125,0.0019505239761201665,5.8149854924048474e-05
2511872,-0.0017279007734032348,0.4939032201655209,-0.03473417033092119,0.01416015625,0.0020432382152648643,5.8132787165045235e-05
2512896,0.002325281093362719,2.8016675487160683,-0.18242371547967196,0.05517578125,0.0038642520958092064,5.811571940604199e-05
2513920,0.00027138975565321743,5.659894362092018,-0.44646203611046076,0.09619140625,0.006798918140702881,5.809865164703875e-05
2514944,-0.0034502945782151073,0.4291379258502275,-0.02995993610966252,0.0078125,0.0007485047972295433,5.8081583888035505e-05
2515968,-0.0008970653871074319,0.06453488726401702,-0.021230296937574167,0.0107421875,0.0019001515465788543,5.806451612903225e-05
2516992,-0.0003874279063893482,0.06080586067400873,-0.02442892753151682,0.00634765625,0.0009173895086860284,5.804744837002902e-05
2518016,-0.0006028916832292452,0.08683851535897702,-0.021225958105787868,0.0107421875,0.0047712860541651025,5.803038061102577e-05
2519040,-0.0017854018879006617,0.05805304099339992,-0.02774429219425656,0.0146484375,0.0023643205349799246,5.8013312852022536e-05
2520064,-0.0009035334078362212,0.10491101467050612,-0.02138967924111057,0.009765625,0.0021646613895427436,5.799624509301928e-05
2521088,-0.001356662847683765,0.3894285939168185,-0.036370892950799316,0.0244140625,0.005005685263313353,5.7979177334016044e-05
2522112,-0.002868184819817543,1.6274102367460728,-0.09468281373847276,0.01123046875,0.000811294827144593,5.79621095750128e-05
2523136,-0.0023026361304800957,0.13622226857114583,-0.024220455285103526,0.013671875,0.002931659371824935,5.794504181600956e-05
2524160,-0.0012581922201206908,0.05264276423258707,-0.022094746469520032,0.00830078125,0.001907900077640079,5.792797405700632e-05
2525184,-0.0007684094889555126,0.06415891437791288,-0.020718540410598507,0.0048828125,0.001118720625527203,5.7910906298003075e-05
2526208,-0.0008682733896421269,0.40603805240243673,-0.03539043776981998,0.00634765625,0.0004418635362526402,5.7893838538999836e-05
2527232,-0.0017239119842997752,0.4846135932020843,-0.03729766485048458,0.00537109375,0.00045273161958903074,5.787677077999659e-05
2528256,0.0007187837909441441,0.10409987613093108,-0.025055549856915604,0.01171875,0.0027236247260589153,5.785970302099335e-05
2529280,-0.0002285383379785344,0.0864363091532141,-0.02064339633943746,0.0126953125,0.0018493824609322473,5.78426352619901e-05
2530304,-0.0011153997911605984,0.6674890364520252,-0.03254323577857576,0.01123046875,0.001290452913963236,5.782556750298687e-05
2531328,-0.001249613327672705,0.06649915059097111,-0.02076659151498461,0.00927734375,0.005231325820204802,5.7808499743983615e-05
2532352,8.512928616255522e-05,0.14966783160343766,-0.02349016469452181,0.0087890625,0.0014105212176218629,5.779143198498038e-05
2533376,-0.0010477452597115189,0.07017830130644143,-0.018307433936570305,0.00390625,0.0004008378746220842,5.777436422597713e-05
2534400,-0.00019351663650013506,0.09503864066209644,-0.023125822670408525,0.00537109375,0.0011659447918646038,5.7757296466973884e-05
2535424,-0.00067248432605993,0.5162848108448088,-0.03441377454146277,0.00537109375,0.0009889472858048975,5.7740228707970645e-05
2536448,-0.001138875013566576,0.5066058710217476,-0.03181073159794323,0.013671875,0.0014668173826066777,5.77231609489674e-05
2537472,-0.0018929074285551906,0.9446199932135642,-0.053702042321674526,0.009765625,0.0013936785253463313,5.770609318996416e-05
2538496,-0.0008855905034579337,0.060041598859243095,-0.019340298589668237,0.0048828125,0.000539294836926274,5.768902543096092e-05
2539520,-0.0012534057750599459,0.08655423624441028,-0.026306134153855965,0.00732421875,0.001474093645811081,5.7671957671957676e-05
2540544,-0.0012675226316787302,0.07560059160459787,-0.0234255202813074,0.01025390625,0.0017874185577966273,5.7654889912954424e-05
2541568,-0.0013469481345964596,0.4250569704454392,-0.03372414824843872,0.0068359375,0.0015186122618615627,5.763782215395119e-05
2542592,-0.0016233478527283296,0.4665445399004966,-0.03449805329728406,0.0078125,0.0021275423059705645,5.762075439494794e-05
2543616,-0.0009951429965440184,0.04724714782787487,-0.024058969218458515,0.0107421875,0.0019242287380620837,5.760368663594471e-05
2544640,0.0015045123000163585,0.0974618021864444,-0.02663551931618713,0.00830078125,0.0013636874064104632,5.7586618876941455e-05
2545664,-0.0017019958759192377,0.372586103156209,-0.039376522036036476,0.009765625,0.0013131805026205257,5.756955111793822e-05
2546688,-0.0013774125545751303,0.623388719279319,-0.04100524910609238,0.00341796875,0.0004984913539374247,5.755248335893497e-05
2547712,-0.0016245341394096613,0.06493454542942345,-0.026402936266094912,0.00927734375,0.0012441653234418482,5.753541559993173e-05
2548736,-0.002704182727029547,0.16032462078146636,-0.023653960961382836,0.00927734375,0.005701966496417299,5.7518347840928486e-05
2549760,-0.0009259669168386608,0.12421474361326545,-0.02348947375867283,0.00537109375,0.00047250908392015845,5.750128008192525e-05
2550784,-0.0013776175037492067,0.639609151519835,-0.03988259777543135,0.005859375,0.0009644780802773312,5.7484212322922e-05
2551808,-0.004438378557097167,0.36043944308767095,-0.04105105670168996,0.01806640625,0.00747931883961428,5.746714456391876e-05
2552832,0.0006634587407461368,0.08029140986036509,-0.020405287068570033,0.00341796875,0.0002592580858618021,5.745007680491552e-05
2553856,-0.0006787152960896492,0.07522744813468307,-0.02860283276095288,0.005859375,0.0013691431086044759,5.7433009045912264e-05
2554880,-0.00119490030920133,0.08161593065597117,-0.0282174346211832,0.0107421875,0.0019336623226990923,5.741594128690904e-05
2555904,-0.0007792531978338957,0.9207706511951983,-0.056749681825749576,0.0029296875,0.00047214327787514776,5.7398873527905786e-05
2556928,-0.0029201216384535655,0.70018878323026,-0.045088936312822625,0.00634765625,0.0006497630092781037,5.7381805768902554e-05
2557952,-0.0015558325685560703,0.05481520760804415,-0.025369250899530016,0.01123046875,0.0014058133820071816,5.73647380098993e-05
2558976,0.00010168744483962655,0.13158553466200829,-0.027890651108464226,0.00732421875,0.001565993152325973,5.734767025089607e-05
2560000,-0.00025465217186138034,0.1031338821630925,-0.02714996292888827,0.00244140625,0.0001719019637675956,5.733060249189282e-05
2561024,-0.0010576785862213,0.3897281860699877,-0.029185366060119122,0.00634765625,0.0007486768154194579,5.731353473288957e-05
2562048,-0.000838227744679898,0.342140318127349,-0.028865446569398046,0.0048828125,0.0008163350867107511,5.729646697388633e-05
2563072,-0.00031176957418210804,0.06882573571056128,-0.02560532631468959,0.00439453125,0.00032766467484179884,5.727939921488309e-05
2564096,-0.00034912730916403234,0.4115493616554886,-0.03363487304886803,0.00439453125,0.000613382231676951,5.726233145587985e-05
2565120,-0.0005667262303177267,0.08930914488155395,-0.020986655825254275,0.00439453125,0.0005469061579788104,5.72452636968766e-05
2566144,-0.0014700729225296527,0.4146561175584793,-0.030156546767102554,0.0087890625,0.001289273946895264,5.722819593787336e-05
2567168,0.0011757296015275642,0.06252389529254287,-0.026169113094510976,0.01220703125,0.002396498850430362,5.721112817887011e-05
2568192,-0.002349951711948961,0.048882813774980605,-0.02798554889159277,0.015625,0.0034871740208473057,5.719406041986688e-05
2569216,-0.0012157583696534857,0.4315168426837772,-0.03640563315275358,0.017578125,0.003773582255234942,5.7176992660863626e-05
2570240,-5.2934803534299135e-05,0.37676684162579477,-0.03275905587361194,0.00390625,0.00035330222453922033,5.7159924901860394e-05
2571264,-0.0008395215263590217,0.06253421457950026,-0.030184471383108757,0.0166015625,0.004116223251912743,5.714285714285714e-05
2572288,-0.0003314696077723056,0.3441866192733869,-0.0286376867807121,0.0029296875,0.00031791647779755294,5.71257893838539e-05
2573312,-0.0022510811395477504,0.2920109713450074,-0.03972568815515842,0.0146484375,0.002024150817305781,5.710872162485066e-05
2574336,-0.0007497718470403925,0.12263822555541992,-0.029088669340126216,0.0087890625,0.0016742066363804042,5.709165386584742e-05
2575360,-0.000568373390706256,0.7593855769373477,-0.03693933969771024,0.00439453125,0.0011230121308472008,5.707458610684417e-05
2576384,-0.00042983051389455795,0.04218417662195861,-0.022197836202394683,0.01025390625,0.0016913394938455895,5.7057518347840934e-05
2577408,-0.0023983125283848494,0.04655120277311653,-0.017566869979418698,0.01318359375,0.006373712763888761,5.704045058883769e-05
2578432,-0.0007037189934635535,0.06531107635237277,-0.018587146725622006,0.00537109375,0.0006422406149795279,5.7023382829834436e-05
2579456,-0.0006537577282870188,0.04824256867868826,-0.017876282225188334,0.00830078125,0.0010441099002491683,5.7006315070831203e-05
2580480,-0.0016712751239538193,0.33327643712982535,-0.038358997902832925,0.0068359375,0.001421076143742539,5.698924731182795e-05
2581504,-0.0006013876336510293,0.4092435692436993,-0.03560047480277717,0.0087890625,0.0005922476411797106,5.6972179552824726e-05
2582528,-0.002038149774307385,0.5542171676643193,-0.034399316100461874,0.0107421875,0.0025994265015469864,5.6955111793821466e-05
2583552,-7.947457197587937e-05,0.7039810069836676,-0.04391409261734225,0.0029296875,0.00026899276417680085,5.693804403481824e-05
2584576,6.368635513354093e-05,0.0833956585265696,-0.025081362269702367,0.00830078125,0.00249205892032478,5.692097627581499e-05
2585600,-0.0013704596203751862,0.05899588030297309,-0.023630886840692256,0.00830078125,0.0007061012292979285,5.690390851681174e-05
2586624,0.0003715399943757802,0.5190975998993963,-0.0433236357930582,0.0146484375,0.0012071678356733173,5.6886840757808504e-05
2587648,0.00037897293805144727,1.7748580416664481,-0.0823782904772088,0.0341796875,0.003617934708017856,5.686977299880526e-05
2588672,0.00013878186291549355,0.08693274133838713,-0.026633754721842706,0.0078125,0.001022924028802663,5.685270523980202e-05
2589696,0.0009086337668122724,0.07900220528244972,-0.02280031464943022,0.00634765625,0.0017786606476875022,5.6835637480798774e-05
2590720,-0.0020666259806603193,3.2267993837594986,-0.1495935944840312,0.02001953125,0.0017872175230877474,5.6818569721795535e-05
2591744,0.0019093265000265092,4.320002943277359,-0.20948460046201944,0.0439453125,0.0034733795328065753,5.680150196279228e-05
2592768,0.005541776277823374,2.4087433721870184,-0.1528295180760324,0.0380859375,0.002595623576780781,5.678443420378905e-05
2593792,-0.0019711286295205355,1.8848935477435589,-0.10547491570468992,0.02001953125,0.0016553253517486155,5.67673664447858e-05
2594816,-0.005239507008809596,4.360602490603924,-0.39115524012595415,0.08056640625,0.006066982678021304,5.6750298685782566e-05
2595840,-0.010224584199022502,3.4838573411107063,-0.3319644476287067,0.087890625,0.005329412466380745,5.673323092677931e-05
2596864,-0.0029733786068391055,5.491566441953182,-0.6158718597143888,0.06689453125,0.005298826436046511,5.671616316777608e-05
2597888,-0.0026141131165786646,0.8778125531971455,-0.04818664086633362,0.00390625,0.0012795610527973622,5.669909540877283e-05
2598912,-0.0008278299937956035,0.09693855547811836,-0.025525330704113003,0.01025390625,0.0008494082867400721,5.668202764976959e-05
2599936,-0.000504482100950554,0.4168995185755193,-0.036025107343448326,0.005859375,0.001586389320436865,5.6664959890766344e-05
2600960,-0.00043953844578936696,0.09903248806949705,-0.024309403263032436,0.0048828125,0.0026025410916190594,5.6647892131763105e-05
2601984,-0.0016312117804773152,0.9771116161718965,-0.058117388223763555,0.00341796875,0.000505396950757131,5.663082437275986e-05
2603008,-0.00032057885255198926,0.09297627455089241,-0.02477905484920484,0.01123046875,0.0009503470937488601,5.661375661375662e-05
2604032,-0.0010465912928339094,0.3700036567170173,-0.03298227105187834,0.0068359375,0.0006915153353475034,5.6596688854753375e-05
2605056,-0.0010200332762906328,0.06947541644331068,-0.02619228677940555,0.01025390625,0.0017964617436518893,5.657962109575012e-05
2606080,0.00023823438095860183,0.06639913201797754,-0.02579838097335596,0.00830078125,0.0010348864016123116,5.656255333674689e-05
2607104,-0.0004257715045241639,0.06394712429028004,-0.023422219943313394,0.005859375,0.0005941224517300725,5.654548557774364e-05
2608128,-0.0012628377880901098,0.46982043772004545,-0.035539215023163706,0.01220703125,0.0015932547830743715,5.6528417818740406e-05
2609152,-0.00234524006373249,0.5980943776667118,-0.04221231033443473,0.00439453125,0.0005385225522331893,5.6511350059737153e-05
2610176,-0.0014692682525492273,0.39729695208370686,-0.030563412059564143,0.00439453125,0.00034855323610827327,5.6494282300733914e-05
2611200,0.0009596159507054836,0.047580748389009386,-0.023648638394661248,0.00634765625,0.0014159341517370194,5.647721454173067e-05
2612224,-0.0024653981963638216,0.3897589535918087,-0.03705297710985178,0.0078125,0.0016844151105033234,5.646014678272743e-05
2613248,-0.0006848304474260658,0.3589247837662697,-0.035548325948184356,0.00830078125,0.0006128101085778326,5.644307902372419e-05
2614272,-0.002065531094558537,0.35313236888032407,-0.04146699368720874,0.0078125,0.0019855083955917507,5.6426011264720945e-05
2615296,-0.00011392735177651048,0.10248885303735733,-0.028811735843191855,0.01025390625,0.0019294811063446105,5.6408943505717706e-05
2616320,-0.0012590565311256796,0.8308387529104948,-0.034283738539670594,0.0087890625,0.0019094557501375675,5.6391875746714454e-05
2617344,-0.0013622478691104334,0.06631638901308179,-0.022746759743313305,0.00634765625,0.0014996113459346816,5.637480798771122e-05
2618368,-0.0005987134063616395,0.3657980711432174,-0.029601793772599194,0.0048828125,0.0015416219539474696,5.635774022870797e-05
2619392,-0.0012592909770319238,0.20546556543558836,-0.025550899663357995,0.01123046875,0.0024640100164106116,5.634067246970474e-05
2620416,-0.0011305864099995233,0.05571361415786669,-0.026193777011940256,0.00732421875,0.0028262889245525002,5.6323604710701485e-05
2621440,-0.000916069868253544,0.03966103942366317,-0.029357166902627796,0.01025390625,0.0007049586274661124,5.630653695169825e-05
2622464,-0.0011912859481526539,0.06848230748437345,-0.021112653128511738,0.00732421875,0.0022564444807358086,5.6289469192695e-05
2623488,-0.000939483245019801,0.3248505473602563,-0.040367562702158466,0.01708984375,0.0027783980331150815,5.6272401433691755e-05
2624512,-0.0007307765481527895,0.08148120262194425,-0.025359390419907868,0.0068359375,0.000779469046392478,5.6255333674688516e-05
2625536,-0.000979815231403336,0.08586491621099412,-0.031538531329715624,0.01806640625,0.003977746717282571,5.623826591568527e-05
2626560,-0.00024083530297502875,0.07213165133725852,-0.025579177890904248,0.0068359375,0.0013373465626500547,5.622119815668203e-05
2627584,-1.876812893897295e-05,0.17232552054338157,-0.02708307387365494,0.0078125,0.0013208802120061591,5.620413039767879e-05
2628608,-0.0030656521121272817,0.40409538336098194,-0.03616949188290164,0.01513671875,0.0014530156331602484,5.6187062638675547e-05
2629632,0.0006752880435669795,0.09757850551977754,-0.021339373488444835,0.00732421875,0.0014157589466776699,5.6169994879672294e-05
2630656,-0.006749822030542418,1.117278644349426,-0.037552372086793184,0.01806640625,0.00325663888361305,5.615292712066906e-05
2631680,-0.0016890304468688555,0.3857129861135036,-0.04096899612341076,0.01220703125,0.0013975129404570907,5.613585936166581e-05
2632704,-0.001726378541206941,0.6308923827018589,-0.03247501965961419,0.00732421875,0.0009871705988189206,5.611879160266258e-05
2633728,-0.0019444415083853528,0.4751369534060359,-0.038314596080454066,0.009765625,0.0010813084081746638,5.6101723843659325e-05
2634752,-0.0013170953461667523,0.313305904623121,-0.03374559208168648,0.00732421875,0.0012488905485952273,5.608465608465609e-05
2635776,-0.000880787440109998,0.9109722535358742,-0.047546660993248224,0.0263671875,0.004695846000686288,5.606758832565284e-05
2636800,-0.0009284288826165721,0.048903940012678504,-0.019583256398618687,0.0078125,0.0016501123609486967,5.60505205666496e-05
2637824,-0.0010999272635672241,0.07074267533607781,-0.0262748926616041,0.009765625,0.0021816952212247998,5.6033452807646356e-05
2638848,-0.0027036577957915142,0.6729112393222749,-0.04545068903826177,0.0068359375,0.0007921374053694308,5.601638504864312e-05
2639872,-0.0009689323778729886,1.7602985687553883,-0.09829741914290935,0.0107421875,0.0011563173320610076,5.599931728963987e-05
2640896,-0.0013056938696536236,0.08603475126437843,-0.025686069144285284,0.0087890625,0.0022899426403455436,5.598224953063663e-05
2641920,0.0003108750970568508,0.09199838584754616,-0.022510172369948123,0.00537109375,0.0014019162044860423,5.5965181771633393e-05
2642944,-0.0018400496046524495,0.0999132504221052,-0.02346584972110577,0.00830078125,0.001609118320629932,5.5948114012630134e-05
2643968,0.00041991338366642594,0.7475826386362314,-0.03922569507267326,0.0068359375,0.0010415098076919094,5.593104625362691e-05
2644992,-1.6906094970181584e-05,0.119287911336869,-0.02571278302639257,0.0068359375,0.000958750766585581,5.5913978494623656e-05
2646016,-0.000539291970198974,0.07786931737791747,-0.020420501299668103,0.00634765625,0.0009687051206128672,5.5896910735620424e-05
2647040,-0.0007464466762030497,0.07418327673804015,-0.021725481798057444,0.00732421875,0.0008203333854908124,5.587984297661717e-05
2648064,-0.00033853555214591324,0.04830241104355082,-0.023767809303535614,0.00537109375,0.0012344828573986888,5.5862775217613926e-05
2649088,-0.00017273931007366627,0.054713621153496206,-0.024979249450552743,0.009765625,0.001657267042901367,5.584570745861069e-05
2650112,0.0006550462421728298,0.05636744771618396,-0.02299301267703413,0.00830078125,0.0009446414333069697,5.582863969960744e-05
2651136,-0.003615871333749965,0.5634670313447714,-0.04367230039497372,0.00927734375,0.0012237289338372648,5.58115719406042e-05
2652160,-0.00025882539921440184,0.07636811444535851,-0.02340746673871763,0.00537109375,0.0011530587944434956,5.579450418160096e-05
2653184,2.669921377673745e-05,0.05076060543069616,-0.023407977536407998,0.005859375,0.0008346225367859006,5.577743642259772e-05
2654208,-0.0009358447714475915,0.06130035349633545,-0.024270139678264968,0.00927734375,0.0016159349179361016,5.5760368663594466e-05
2655232,-0.0014655176782980561,1.6234679576009512,-0.0769308244343847,0.0146484375,0.0014866531564621255,5.5743300904591234e-05
2656256,0.001401241919666063,0.4743073540739715,-0.035008708509849384,0.01123046875,0.0014465983986156061,5.572623314558798e-05
2657280,-0.0018161801854148507,0.3809775826521218,-0.032486325362697244,0.0078125,0.0014153226948110387,5.570916538658475e-05
2658304,-0.0005623714532703161,0.37174316216260195,-0.02928299938503187,0.0068359375,0.0011448857403593138,5.5692097627581497e-05
2659328,-0.0003285979473730549,0.3606830904027447,-0.032019709376982064,0.00439453125,0.0005107547622174025,5.5675029868578264e-05
2660352,-0.001280310250876937,0.4418730477336794,-0.031964763162250165,0.00439453125,0.0005384803225751966,5.565796210957501e-05
2661376,-0.0006548079691128805,0.09226274525281042,-0.02462590576033108,0.005859375,0.0008129741909215227,5.564089435057177e-05
2662400,-0.00016934231098275632,0.07732404838316143,-0.024643051481689326,0.00927734375,0.0013243424909887835,5.562382659156853e-05
2663424,-0.0007102581730578095,0.04420232557458803,-0.01865618597184948,0.00830078125,0.0009710869926493615,5.560675883256529e-05
2664448,-0.0017781029746402055,0.09468958259094507,-0.023172888810222503,0.00732421875,0.002499011709005572,5.558969107356204e-05
2665472,-0.0004997938522137702,0.07705827581230551,-0.02081880132027436,0.00732421875,0.0009588944667484611,5.5572623314558804e-05
2666496,-0.002760963310720399,1.15254988335073,-0.052149569848552346,0.02685546875,0.003031858563190326,5.555555555555556e-05
2667520,-0.0007237681711558253,0.060777175589464605,-0.02287480012728338,0.01220703125,0.00309532655228395,5.5538487796552306e-05
2668544,-7.81905691837892e-05,0.8549165646545589,-0.03868223581230268,0.0146484375,0.001309067476540804,5.5521420037549074e-05
2669568,-0.0024570447421865538,1.441837228834629,-0.09541662526316941,0.0205078125,0.0017459484079154208,5.550435227854582e-05
2670592,0.0049396838585380465,0.04962809651624411,-0.022144591730466345,0.0068359375,0.002636235556565225,5.5487284519542596e-05
2671616,-0.0007886314706411213,2.0009094309061766,-0.08158122655004263,0.00830078125,0.0014432041789405048,5.547021676053934e-05
2672640,-0.0034706604783423245,0.5145621788688004,-0.0384745290648425,0.0107421875,0.0010406060464447364,5.545314900153611e-05
2673664,0.0022356083572958596,0.07063762057805434,-0.02080246535479091,0.0048828125,0.0006064587796572596,5.543608124253286e-05
2674688,0.0053187450976110995,0.09996577457059175,-0.025068142629606882,0.00830078125,0.0018223223014501855,5.541901348352961e-05
2675712,-6.707886495860294e-05,0.37445006729103625,-0.030507456431223545,0.009765625,0.0036322685045888647,5.5401945724526374e-05
2676736,-0.0016905501106521115,0.3891408664640039,-0.0408136169280624,0.0078125,0.0009341976547148079,5.538487796552313e-05
2677760,-0.000867179172928445,0.8306509819813073,-0.050849315943196416,0.00537109375,0.0014869068254483864,5.536781020651989e-05
2678784,-0.0008059106112341397,0.05305680970195681,-0.024455993770970963,0.005859375,0.0005407893768278882,5.5350742447516644e-05
2679808,0.0010454431030666456,0.13623826135881245,-0.02719802752835676,0.00927734375,0.0022881807963130996,5.5333674688513405e-05
2680832,-0.0011630683729890734,0.0666157555533573,-0.023928207483550068,0.0048828125,0.0006479984731413424,5.531660692951015e-05
2681856,0.0003344010910950601,0.04849452502094209,-0.021595928097667638,0.005859375,0.0004778558941325173,5.529953917050692e-05
2682880,-0.0019614982593338937,0.16962424153462052,-0.02761833656404633,0.0185546875,0.003172004973748699,5.528247141150367e-05
2683904,-0.0016778915742179379,0.3956231714691967,-0.03145045289420523,0.017578125,0.003636562847532332,5.5265403652500436e-05
2684928,-0.000994594767689705,0.5269466768950224,-0.03288931425777264,0.00830078125,0.0013545919500757009,5.5248335893497184e-05
2685952,-0.0005205221532378346,0.09821165737230331,-0.026460929308086634,0.009765625,0.0017267484654439613,5.523126813449394e-05
2686976,-0.0002839790395228192,0.09495090716518462,-0.02013756544329226,0.00732421875,0.0011074323556385934,5.52142003754907e-05
2688000,-0.0010638935928000137,0.04754938272526488,-0.02453124540443241,0.0087890625,0.001082768474589102,5.519713261648746e-05
2689024,-0.001244440776645206,0.061521961935795844,-0.022916024474398,0.00537109375,0.005112197875860147,5.5180064857484214e-05
2690048,-0.0015493656537728384,0.07444644474890083,-0.025004211594932713,0.009765625,0.0013213004276622087,5.5162997098480975e-05
2691072,-0.0002235223655588925,0.40371665928978473,-0.030548086964699905,0.001953125,0.0003779115650104359,5.514592933947773e-05
2692096,-0.0008928317110985518,0.13868256541900337,-0.029939391592051834,0.0068359375,0.001377516076900065,5.512886158047449e-05
2693120,-0.0005804743559565395,0.049941592616960406,-0.02573234887677245,0.00634765625,0.0006490218947874382,5.5111793821471245e-05
2694144,-0.000393903988879174,0.04256027232622728,-0.02706487471004948,0.00830078125,0.0020151068893028423,5.509472606246799e-05
2695168,-0.000989674445008859,0.07292174536269158,-0.02316987006634008,0.0078125,0.0009954359120456502,5.507765830346476e-05
2696192,0.0002727121755015105,0.07070951466448605,-0.029831972991814837,0.00634765625,0.0010386556095909327,5.506059054446151e-05
2697216,-0.000716306793037802,0.3884837031364441,-0.03572879038983956,0.0107421875,0.0022874986025271937,5.5043522785458276e-05
2698240,0.000772015453549102,0.060822524945251644,-0.02379523075069301,0.01025390625,0.0020639518334064633,5.5026455026455024e-05
2699264,0.00017180328723043203,0.0704934635432437,-0.023035896656438126,0.0068359375,0.0008944112923927605,5.5009387267451785e-05
2700288,1.151635660789907e-05,0.0833580264588818,-0.02425214651339047,0.0078125,0.0009487567585892975,5.499231950844854e-05
2701312,-0.0001044394593918696,0.048976265476085246,-0.022942683837754885,0.00732421875,0.0007791188108967617,5.49752517494453e-05
2702336,-0.0004780505259986967,0.04429109796183184,-0.019591101168771274,0.00537109375,0.0007982427341630682,5.495818399044206e-05
2703360,-0.0009582282800693065,0.04128706851042807,-0.022314841466140933,0.009765625,0.0012336425570538267,5.4941116231438816e-05
2704384,-0.00045049826439935714,0.15842578478623182,-0.026960841321852058,0.00341796875,0.0005785164685221389,5.492404847243558e-05
2705408,0.00032647678744979203,0.35604322189465165,-0.03763955269823782,0.00537109375,0.0005139030981808901,5.4906980713432324e-05
2706432,-0.0012454684474505484,0.5105475331656635,-0.028483764064731076,0.00634765625,0.00045768926793243736,5.488991295442909e-05
2707456,-0.0008612356032244861,0.07072711910586804,-0.020335200053523295,0.0029296875,0.0003985054645454511,5.487284519542584e-05
2708480,-0.0034561040811240673,0.044686694571282715,-0.028890176603454165,0.00830078125,0.0039468357572332025,5.485577743642261e-05
2709504,-0.00019838238949887455,0.19804163719527423,-0.021073932613944635,0.005859375,0.0006404241430573165,5.4838709677419355e-05
2710528,-0.0013855559518560767,0.15295204846188426,-0.026295186165953055,0.00830078125,0.0013376850401982665,5.482164191841612e-05
2711552,-0.000469185906695202,0.7454029386863112,-0.04706970078404993,0.00537109375,0.0004886137321591377,5.480457415941287e-05
2712576,-0.00029091243050061166,0.3261787621304393,-0.028472042991779745,0.0029296875,0.00021694539464078844,5.4787506400409625e-05
2713600,-0.0017233038815902546,0.3707059903535992,-0.03205585345858708,0.00634765625,0.0006887774507049471,5.4770438641406386e-05
2714624,-0.002110485889716074,0.6361187468282878,-0.032489041303051636,0.01025390625,0.0017900925158755854,5.475337088240314e-05
2715648,0.0006614321755478159,0.8901425688527524,-0.05016649828758091,0.0048828125,0.0007077178743202239,5.47363031233999e-05
2716672,-0.0009205553797073662,0.2860316406004131,-0.02773843846807722,0.01025390625,0.0018189523107139394,5.471923536439666e-05
2717696,-0.0003585393715184182,0.35780581180006266,-0.0403415548207704,0.0029296875,0.00028185409610159695,5.470216760539342e-05
2718720,-0.0013497477339114994,0.1418629065155983,-0.022554710420081392,0.0078125,0.0019779778667725623,5.4685099846390164e-05
2719744,-7.52266205381602e-05,0.10903711151331663,-0.023823891184292734,0.00341796875,0.0005512636853381991,5.466803208738693e-05
2720768,-0.00138840244471794,0.13342180172912776,-0.027301583028020104,0.00537109375,0.001177985337562859,5.465096432838368e-05
2721792,-0.0006242571398615837,0.3424833193421364,-0.03338788960536476,0.00732421875,0.0010851443221326917,5.463389656938045e-05
2722816,-0.0027352083998266608,0.5858452364336699,-0.04150620513246395,0.0185546875,0.0033666086092125624,5.4616828810377195e-05
2723840,-0.0017361393111059442,0.274017586838454,-0.038423772319220006,0.00537109375,0.0005754742160206661,5.459976105137396e-05
2724864,-0.0012843760559917428,0.5354105751030147,-0.031621179907233454,0.01318359375,0.001898537389934063,5.458269329237071e-05
2725888,4.5554013922810555e-05,0.06561328354291618,-0.025107767287408933,0.00927734375,0.0032612816285109147,5.456562553336747e-05
2726912,-0.0007554738695034757,0.36555275646969676,-0.03240327107778285,0.00927734375,0.000897337740752846,5.4548557774364226e-05
2727936,-0.0008603524911450222,0.10950633476022631,-0.03286340359773021,0.01123046875,0.002362931176321581,5.453149001536099e-05
2728960,0.00044863647053716704,0.08922652748879045,-0.022386106275007478,0.01318359375,0.002270276701892726,5.451442225635774e-05
2729984,-0.005135706946020946,0.5283396039158106,-0.04474813918932341,0.02734375,0.003963831142755225,5.44973544973545e-05
2731008,-0.0017945218714885414,0.11327699851244688,-0.024297876044329314,0.00732421875,0.001100135938031599,5.4480286738351264e-05
2732032,-0.0014550249907188118,0.08705612923949957,-0.023747595245367847,0.00927734375,0.001365560878184624,5.4463218979348004e-05
2733056,-0.0009975236607715487,0.4289579805918038,-0.03683104430092499,0.0126953125,0.0013958538620499894,5.444615122034478e-05
2734080,-0.0004936372133670375,0.07713964185677469,-0.024235558608779684,0.0078125,0.002993040019646287,5.442908346134153e-05
2735104,-0.0008587328702560626,0.10052049870137125,-0.027401955652749166,0.0048828125,0.00248179781192448,5.4412015702338295e-05
2736128,-0.000879942934261635,0.05188861646456644,-0.02172062406407349,0.0087890625,0.0021153411216801032,5.439494794333504e-05
2737152,-0.0005460287939058617,0.051159511669538915,-0.01585909439745592,0.00244140625,0.0001992850739043206,5.4377880184331796e-05
2738176,-0.00021798396483063698,0.07538172125350684,-0.02262645020527998,0.0048828125,0.001596723945112899,5.436081242532856e-05
2739200,-0.0002528534532757476,0.09590200637467206,-0.02593807692755945,0.0078125,0.0006455651018768549,5.434374466632531e-05
2740224,-0.0011145932658109814,0.032586682587862015,-0.02672098422772251,0.005859375,0.0004433726571733132,5.432667690732207e-05
2741248,-0.0026860338548431173,0.741920571308583,-0.04679264291189611,0.015625,0.0012028839701088145,5.430960914831883e-05
2742272,-0.0015550277312286198,0.06332971423398703,-0.029909151227911934,0.00732421875,0.0015901846491033211,5.429254138931559e-05
2743296,-0.0001089583383873105,0.06319590582279488,-0.019931750053729047,0.00244140625,0.00019840743334498256,5.4275473630312336e-05
2744320,-0.001810211018892005,0.04915370524395257,-0.019915477521863068,0.00927734375,0.00232453626813367,5.4258405871309104e-05
2745344,-0.0017944935825653374,0.05902617238461971,-0.020540594018712,0.01171875,0.003061564944800921,5.424133811230585e-05
2746368,0.00034347682958468795,0.7979787767399102,-0.05796033737715334,0.013671875,0.001265725470148027,5.422427035330262e-05
2747392,0.0022273288486758247,1.0232297303155065,-0.057757812552154064,0.021484375,0.0015827420429559425,5.420720259429937e-05
2748416,-0.0022272659552982077,0.05991707823704928,-0.027520987146999687,0.01513671875,0.003329357918119058,5.4190134835296135e-05
2749440,-0.0006226329132914543,0.0847651815856807,-0.02669725711530191,0.001953125,0.0002308754192199558,5.417306707629288e-05
2750464,0.0003895764093613252,0.11318933428265154,-0.02160126434318954,0.00390625,0.0009069952793652192,5.415599931728964e-05
2751488,-0.0007910610293038189,0.07598569826222956,-0.02238877423951635,0.0029296875,0.001480077757150866,5.41389315582864e-05
2752512,-7.035129237920046e-05,0.9436011323705316,-0.050414493191055954,0.02783203125,0.0029252695967443287,5.412186379928316e-05
2753536,0.0005336509639164433,0.1166683261981234,-0.019463156935671577,0.00634765625,0.0015309494192479178,5.410479604027991e-05
2754560,-0.0003121596892015077,0.07537181372754276,-0.018674078681215178,0.0029296875,0.0004410429683048278,5.4087728281276674e-05
2755584,-0.0007139104418456554,0.09212292783195153,-0.02524678996996954,0.005859375,0.001130503776948899,5.407066052227343e-05
2756608,-0.0008647151407785714,0.6970002104062587,-0.03641608188627288,0.00537109375,0.0006302277615759522,5.4053592763270176e-05
2757632,-0.0009736941137816757,1.4025840274989605,-0.0891102779423818,0.00439453125,0.0005774579040007666,5.4036525004266944e-05
2758656,-0.0006974768912186846,0.11569105507805943,-0.028247960901353508,0.00634765625,0.0013564634864451364,5.401945724526369e-05
2759680,-0.0010713675001170486,0.2183240510057658,-0.02808772452408448,0.0068359375,0.00043665313569363207,5.4002389486260466e-05
2760704,-0.0008563086303183809,0.08857391565106809,-0.025629281346482458,0.01123046875,0.0013342587335500866,5.398532172725721e-05
2761728,-0.0007159779488574713,0.10946553735993803,-0.024346673759282567,0.00439453125,0.0009652346634538844,5.396825396825398e-05
2762752,-0.0002573661913629621,0.12105769105255604,-0.02831431440426968,0.01416015625,0.0031246727739926428,5.395118620925073e-05
2763776,0.0009781243279576302,0.8324620625935495,-0.05641672690398991,0.01806640625,0.001941860857186839,5.393411845024748e-05
2764800,-0.0033246098464587703,0.3717688696924597,-0.029853358457330614,0.005859375,0.0008409118308918551,5.3917050691244244e-05
2765824,-0.00019735317619051784,0.08313099143560976,-0.020483641001192154,0.00341796875,0.00021589275274891406,5.3899982932241e-05
2766848,-0.0005176796257728711,0.07264676783233881,-0.018444416404236108,0.0048828125,0.0008570451609557495,5.388291517323776e-05
2767872,-0.000453037500847131,0.09287283103913069,-0.023889984513516538,0.009765625,0.0015412784850923344,5.3865847414234514e-05
2768896,-0.0005263050843495876,0.03633279202040285,-0.024380071979976492,0.0068359375,0.0005490655748872086,5.3848779655231275e-05
2769920,-1.895920286187902e-05,0.8804674725979567,-0.03686993656447157,0.00390625,0.00048182610771618783,5.383171189622802e-05
2770944,0.0005551284848479554,0.06151427107397467,-0.017762592655344633,0.00341796875,0.0009152440761681646,5.381464413722479e-05
2771968,-0.0008466030558338389,0.11185902764555067,-0.02396574307931587,0.005859375,0.0013472548307618126,5.379757637822154e-05
2772992,-0.0025658411032054573,0.033764618972782046,-0.02603297831956297,0.01904296875,0.005445835864520632,5.3780508619218306e-05
2774016,-0.0007203038258012384,0.17418888257816434,-0.027568345714826137,0.00634765625,0.0004839568864554167,5.3763440860215054e-05
2775040,-0.0010851801343960688,0.11512144200969487,-0.025600491440854967,0.005859375,0.0004476611502468586,5.374637310121181e-05
2776064,-0.0005746659880969673,0.11052802111953497,-0.020940829223036417,0.00732421875,0.001356690307147801,5.372930534220857e-05
2777088,-0.002160640789952595,0.3103025108575821,-0.033406736823963,0.00634765625,0.0017021298699546605,5.371223758320533e-05
2778112,-0.0016275433299597353,0.08364753506612033,-0.01993198285344988,0.00830078125,0.0013168198784114793,5.3695169824202085e-05
2779136,-0.0014982239372329786,0.08754889958072454,-0.02288931157818297,0.0087890625,0.0017323435458820313,5.3678102065198846e-05
2780160,0.00022415274725062773,0.7047228880692273,-0.0364329815201927,0.00537109375,0.0008313571597682312,5.36610343061956e-05
2781184,1.567053550388664e-05,0.06334510154556483,-0.02739566523814574,0.0068359375,0.001378278699121438,5.364396654719235e-05
2782208,-0.0027977255667792633,0.33758190693333745,-0.04167645494453609,0.00927734375,0.0007096652989275753,5.3626898788189115e-05
2783232,-0.001320988725638017,0.07452253683004528,-0.022531577251356794,0.0078125,0.0014038551453268155,5.360983102918586e-05
2784256,-0.00014917089720256627,1.0266547966748476,-0.03324638999765739,0.00439453125,0.0004821400798391551,5.359276327018263e-05
2785280,-0.0012559361348394305,0.4053557780571282,-0.0373224628274329,0.0068359375,0.0010604446433717385,5.357569551117938e-05
2786304,-0.0021283809328451753,0.30226128781214356,-0.03996464773081243,0.01611328125,0.0022887408558744937,5.3558627752176146e-05
2787328,-0.0012961853644810617,0.9560443880036473,-0.055005329893901944,0.00732421875,0.0013148211437510327,5.3541559993172894e-05
2788352,-0.0007815164281055331,0.07947753695771098,-0.022040920179279055,0.0029296875,0.0004338845465099439,5.3524492234169655e-05
2789376,-0.002019189763814211,0.5909152049571276,-0.033966670860536397,0.01220703125,0.0018322326068300754,5.350742447516641e-05
2790400,-0.0022287117317318916,0.07136722456198186,-0.02489527074067155,0.01513671875,0.006524091382743791,5.349035671616317e-05
2791424,-0.0012664584210142493,0.04702774848556146,-0.02550516216433607,0.0048828125,0.0008554834494134411,5.347328895715993e-05
2792448,-0.000590761992498301,0.17747772042639554,-0.025609083226299845,0.01123046875,0.0015230581047944725,5.3456221198156686e-05
2793472,-0.0001237051037605852,0.6157684116624296,-0.034397246985463426,0.005859375,0.000977746705757454,5.343915343915345e-05
2794496,0.00832681218162179,0.10586820764001459,-0.02354734948312398,0.0078125,0.0019173112232238054,5.3422085680150194e-05
2795520,-0.00103740043414291,0.3758132397197187,-0.03290459915297106,0.00537109375,0.0003804275766015053,5.340501792114696e-05
2796544,-0.0023477385548176244,0.3854919681325555,-0.031181892874883488,0.01171875,0.0016170372255146503,5.338795016214371e-05
2797568,7.612898480147123e-05,0.34035087027586997,-0.03329946435405873,0.00537109375,0.0014872518804622814,5.337088240314048e-05
2798592,-0.0012506350467447191,0.0781511211534962,-0.029379016530583613,0.01025390625,0.0010622337722452357,5.3353814644137225e-05
2799616,-0.001784485939424485,0.6631050705909729,-0.04198465550871333,0.01025390625,0.001136792343459092,5.333674688513399e-05
2800640,-0.0020764461369253695,0.11429882992524654,-0.028758898173691705,0.01220703125,0.0008436483913101256,5.331967912613074e-05
2801664,-0.0010014931613113731,0.09805397014133632,-0.02673410616989713,0.00634765625,0.002302087435964495,5.3302611367127495e-05
2802688,-0.002673572671483271,0.5543459302280098,-0.04642392793903127,0.01806640625,0.0015981058386387303,5.3285543608124256e-05
2803712,-5.506652087206021e-05,0.09920218831393868,-0.02663956412288826,0.001953125,0.0006641949876211584,5.326847584912101e-05
2804736,-0.0005538477853406221,0.1366921056760475,-0.029638824984431267,0.005859375,0.001008568870020099,5.325140809011777e-05
2805760,-0.0004961098893545568,0.4428890412673354,-0.034191482031019405,0.00146484375,0.00030599259480368346,5.323434033111453e-05
2806784,-0.0010902852664003149,0.11297101457603276,-0.02577486910740845,0.00732421875,0.0017527063318993896,5.321727257211129e-05
2807808,-0.0005257417360553518,0.35267054673749954,-0.033342978116706945,0.00927734375,0.000846739872940816,5.3200204813108035e-05
2808832,-0.0010975641198456287,0.039939549285918474,-0.023240964677825104,0.0068359375,0.0016923725925153121,5.31831370541048e-05
2809856,-0.0005166148475836962,0.10149726271629333,-0.022144626309454907,0.00439453125,0.0011935625225305557,5.316606929510155e-05
2810880,-0.0013493458391167223,2.2651312462985516,-0.11955859046429396,0.02197265625,0.0015290887386072427,5.314900153609832e-05
2811904,-0.00039131885569076985,0.07099065138027072,-0.019932487870391924,0.00390625,0.0005108000477775931,5.3131933777095065e-05
2812928,-0.004792763647856191,0.8505057806614786,-0.06133907026378438,0.02294921875,0.0012438735720934346,5.3114866018091826e-05
2813952,-0.0024333129840670153,0.352129896171391,-0.027276553912088275,0.00927734375,0.001972922182176262,5.309779825908858e-05
2814976,-0.001471556184696965,0.04871335602365434,-0.024584182887338102,0.01171875,0.0014132780925137922,5.308073050008534e-05
2816000,-0.0010064943635370582,0.30617106170393527,-0.0330571411177516,0.0048828125,0.0013601613900391385,5.3063662741082096e-05
2817024,-0.001651704849791713,0.06264621368609369,-0.023913714710943168,0.0087890625,0.001368214114336297,5.304659498207886e-05
2818048,-0.0014477188378805295,0.05181725253351033,-0.025246781700843712,0.0087890625,0.001669054850935936,5.302952722307561e-05
2819072,-0.0012976677098777145,0.06683325581252575,-0.026218918806989677,0.00927734375,0.0021162359917070717,5.301245946407236e-05
2820096,0.00042010529432445765,0.06503559736302122,-0.021960908648907207,0.005859375,0.0010859885951504111,5.2995391705069134e-05
2821120,0.001135796403104905,0.4277989224065095,-0.028190955195896095,0.00732421875,0.0018868294719140977,5.2978323946065875e-05
2822144,-0.0005229781090747565,0.10322039877064526,-0.0271496971254237,0.00830078125,0.0009609742264728993,5.296125618706265e-05
2823168,0.0008577499975217506,0.08613870060071349,-0.026580780814583704,0.0078125,0.0009155375009868294,5.29441884280594e-05
2824192,-0.0004574775812216103,0.058338929957244545,-0.019630597402283456,0.0068359375,0.0005614630790660158,5.2927120669056165e-05
2825216,-0.0005658246373059228,0.0716617344878614,-0.01731581903004553,0.0048828125,0.0011025875865016133,5.291005291005291e-05
2826240,-0.0006677261262666434,0.068964674603194,-0.028762483794707805,0.01025390625,0.001631285616895184,5.2892985151049667e-05
2827264,-1.0953408491332084e-05,0.4171306964708492,-0.03187000087928027,0.009765625,0.0026770955591928214,5.287591739204643e-05
2828288,-0.0020208911155350506,0.48034074204042554,-0.035891371575417,0.0078125,0.0011232408578507602,5.285884963304318e-05
2829312,-0.001767296613252256,0.10350163700059056,-0.021949957565993827,0.00732421875,0.0011986565950792283,5.284178187403994e-05
2830336,-0.00063210072403308,0.050302841525990516,-0.01891978804815153,0.0068359375,0.0016749558708397672,5.28247141150367e-05
2831360,-0.0013631364854518324,0.9222900634631515,-0.03512234348454513,0.009765625,0.0013371560344239697,5.280764635603346e-05
2832384,-0.0006495673005701974,0.36232439684681594,-0.02673399614286609,0.01123046875,0.0020291223481763154,5.2790578597030206e-05
2833408,-0.0008920916807255708,0.050741183396894485,-0.02060705226904247,0.01025390625,0.0036741233052453026,5.2773510838026974e-05
2834432,-0.0011876086500706151,0.1233711892273277,-0.019322829626617022,0.0078125,0.0017956064984900877,5.275644307902372e-05
2835456,-0.0014895033818902448,0.19480699952691793,-0.029105935434927233,0.00830078125,0.0007947452104417607,5.273937532002049e-05
2836480,0.00016431242693215609,0.05753079452551901,-0.025514986569760367,0.00390625,0.0007729149219812825,5.272230756101724e-05
2837504,-0.0026841435028472915,0.3863428644835949,-0.03260404383763671,0.00830078125,0.001046755918650888,5.2705239802014005e-05
2838528,-0.0007353183318627998,0.03637283603893593,-0.019657168106277823,0.00732421875,0.002817139102262445,5.268817204301075e-05
2839552,-0.0006219312781468034,0.07618916314095259,-0.021330097904865397,0.00390625,0.0003641704242909327,5.2671104284007513e-05
2840576,-0.0007146355928853154,0.39630424487404525,-0.03390263822802808,0.00537109375,0.0003662673552753404,5.265403652500427e-05
2841600,-0.0010238347022095695,0.08460354153066874,-0.026871624257182702,0.021484375,0.0039302423247136176,5.263696876600103e-05
2842624,-0.00021596723672701046,0.49302360764704645,-0.0321422595588956,0.0048828125,0.0005539481935556978,5.261990100699778e-05
2843648,-0.0012403838918544352,0.07251620444003493,-0.02074647710105637,0.01123046875,0.003282933495938778,5.2602833247994544e-05
2844672,-0.0002761784562608227,0.30954683874733746,-0.036425971426069736,0.0068359375,0.0011549351911526173,5.25857654889913e-05
2845696,-0.0019623983316705562,0.24524851643946022,-0.034018063626717776,0.013671875,0.0021513360261451453,5.2568697729988046e-05
2846720,-0.0007639987161383033,0.3762585638323799,-0.03081984275195282,0.0048828125,0.0006316072103800252,5.2551629970984814e-05
2847744,-8.265096403192729e-05,0.10089012328535318,-0.02785728302478674,0.00390625,0.00046376512909773737,5.253456221198156e-05
2848768,-0.0024911553191486746,0.3777160746976733,-0.029665468027815223,0.00927734375,0.0005870607419637963,5.2517494452978336e-05
2849792,-0.0018210899434052408,0.32653092045802623,-0.038799848429334816,0.00927734375,0.0019317200494697317,5.250042669397508e-05
2850816,-0.0007336847484111786,0.18657228723168373,-0.027343810186721385,0.0107421875,0.002289714728249237,5.248335893497184e-05
2851840,-0.005157165403943509,1.7726668019313365,-0.10733786108903587,0.0283203125,0.0029478970973286778,5.24662911759686e-05
2852864,-0.00033850513864308596,0.04734638403169811,-0.022610673084273003,0.0068359375,0.0007417091692332178,5.2449223416965354e-05
2853888,-0.001353805186226964,0.0723455265397206,-0.019324716166011058,0.0078125,0.001375587351503782,5.2432155657962115e-05
2854912,0.0003341657866258174,0.439046582672745,-0.0375320881139487,0.00830078125,0.0008023134287213907,5.241508789895887e-05
2855936,-0.000766187920817174,0.3950236812233925,-0.03393610171224282,0.00390625,0.00039592159737367183,5.239802013995563e-05
2856960,-0.001098806329537183,0.08542600751388818,-0.021935186261544004,0.0048828125,0.0008588901255279779,5.2380952380952384e-05
2857984,3.311852924525738e-05,0.7603651187382638,-0.04227039957186207,0.00341796875,0.000463121134089306,5.2363884621949146e-05
2859008,-0.0015548130904790014,0.5321793304756284,-0.03772516263416037,0.00537109375,0.0008195276459446177,5.234681686294589e-05
2860032,-0.0008412131282966584,0.07457814534427598,-0.025770349297090434,0.0087890625,0.0006770393520127982,5.232974910394266e-05
2861056,-0.0023741581753711216,0.4866645217407495,-0.032908178720390424,0.0107421875,0.0015930857480270788,5.231268134493941e-05
2862080,-0.0009251954616047442,0.09501890826504678,-0.02188323176233098,0.0126953125,0.0026652955275494605,5.2295613585936176e-05
2863104,-0.0009069417719729245,0.07909110363107175,-0.018756757519440725,0.00830078125,0.0018310619780095294,5.2278545826932924e-05
2864128,-0.00036612898111343384,0.10470778681337833,-0.022716488852893235,0.0107421875,0.0012081402528565377,5.226147806792968e-05
2865152,-0.00046346953604370356,0.0533625598764047,-0.023572283913381398,0.005859375,0.0005487589514814317,5.224441030892644e-05
2866176,-0.00293835140473675,0.37579497741535306,-0.028029164430336095,0.00830078125,0.0016261858836514875,5.22273425499232e-05
2867200,-0.0011561153660295531,0.476003302494064,-0.031226646460709162,0.009765625,0.0015143648779485375,5.2210274790919955e-05
2868224,0.00035866569669451565,0.5071981209330261,-0.038277399449725635,0.00537109375,0.0006532073311973363,5.2193207031916716e-05
2869248,-0.00042620726162567735,0.04664743161993101,-0.020681307247286895,0.001953125,0.0004479259951040149,5.217613927291347e-05
2870272,-0.0008978763071354479,0.17916714400053024,-0.025731307090609334,0.00537109375,0.0011961864802287892,5.215907151391022e-05
2871296,5.259225144982338e-05,0.30852043931372464,-0.03878129778604489,0.00830078125,0.0010212376801064238,5.2142003754906986e-05
2872320,-0.00044230284402146935,0.06210820551495999,-0.020983002439606935,0.00634765625,0.0030123256583465263,5.212493599590373e-05
2873344,-0.001791247195797041,0.3680922087514773,-0.03378162253648043,0.0126953125,0.0014604161988245323,5.21078682369005e-05
2874368,-0.002373911571339704,0.366964470827952,-0.03377508302219212,0.0146484375,0.0020280400349292904,5.209080047789725e-05
2875392,-0.0014808136329520494,0.4673065063543618,-0.02387060500041116,0.0048828125,0.0006778754468541592,5.2073732718894016e-05
2876416,-0.0010549264552537352,0.08545340609271079,-0.028319694916717708,0.0048828125,0.0011050371685996652,5.2056664959890764e-05
2877440,-0.0004425028746481985,0.3720526094548404,-0.03131380517152138,0.0087890625,0.0012999610335100442,5.2039597200887525e-05
2878464,-0.0005087185563752428,0.32963743328582495,-0.030485540337394923,0.00341796875,0.00036031100898981094,5.202252944188428e-05
2879488,-0.0002492958738002926,0.0995280462084338,-0.02337217730746488,0.00732421875,0.0032572805794188753,5.200546168288104e-05
2880512,-0.0020325228688307106,0.5072034865152091,-0.047993550600949675,0.009765625,0.0020309106475906447,5.19883939238778e-05
2881536,-0.00012139388854848221,0.3309602830559015,-0.0294195226742886,0.0078125,0.0007023190992185846,5.1971326164874556e-05
2882560,-0.00030668784165754914,0.05206266778986901,-0.019272816425655037,0.00146484375,0.00031921656045597047,5.195425840587132e-05
2883584,-0.0018786431173793972,0.41869520395994186,-0.03456304008432198,0.00439453125,0.0004457668401300907,5.1937190646868065e-05
2884608,-0.0012724301050184295,0.056648427969776094,-0.02167420118348673,0.009765625,0.002210185586591251,5.192012288786483e-05
2885632,-0.0010635341895977035,0.17029115790501237,-0.02267665329418378,0.00537109375,0.002349043876165524,5.190305512886158e-05
2886656,0.0009311274043284357,0.056066372140776366,-0.022420672234147787,0.0078125,0.00129832916718442,5.188598736985835e-05
2887680,-0.0008556221800972708,0.049127821694128215,-0.025399275313247927,0.00732421875,0.0016372193495044485,5.1868919610855095e-05
2888704,-0.0008322903595399112,0.3595023206435144,-0.028273139876546338,0.0048828125,0.001510257789050229,5.185185185185186e-05
2889728,-0.00035462102096062154,0.05077887495281175,-0.0230608338752063,0.00439453125,0.0003724744310602546,5.183478409284861e-05
2890752,-0.0018754877673927695,0.19991398509591818,-0.03082813456421718,0.0087890625,0.0019109494460280985,5.1817716333845365e-05
2891776,-0.0023630590294487774,0.37602832564152777,-0.03867505202651955,0.009765625,0.0019041922641918063,5.1800648574842126e-05
2892800,-0.0013292605290189385,0.6462093363516033,-0.03720844618510455,0.0048828125,0.0012857455731136724,5.178358081583888e-05
2893824,-0.001162436295999214,0.5023854649625719,-0.033902331939316355,0.005859375,0.0016729477647459134,5.176651305683564e-05
2894848,-0.001960596040589735,0.08671166433487087,-0.023347069829469547,0.00830078125,0.0016049666155595332,5.17494452978324e-05
2895872,-0.0009666323530836962,0.5970642184838653,-0.03477167719393037,0.0068359375,0.0003886269259965047,5.173237753882916e-05
2896896,-0.00047393847489729524,0.41933041950687766,-0.037567168939858675,0.01171875,0.0010200350225204602,5.1715309779825905e-05
2897920,-0.0012297936773393303,0.07328246242832392,-0.025062385291676037,0.01025390625,0.0017993550427490845,5.169824202082267e-05
2898944,0.00020049078739248216,0.09614549984689802,-0.02492548273585271,0.005859375,0.001855824637459591,5.168117426181942e-05
2899968,-0.0009190663986373693,0.1595240575261414,-0.028639186652071658,0.0078125,0.00174751813756302,5.166410650281619e-05
2900992,-0.0015780292451381683,0.11379373446106911,-0.021169013944017934,0.005859375,0.0016301295108860359,5.1647038743812936e-05
2902016,-0.0008807735139271244,0.10143272264394909,-0.022458340528828558,0.00732421875,0.0009850588394328952,5.16299709848097e-05
2903040,-0.00048586129560135305,0.04640637314878404,-0.02820706363854697,0.005859375,0.001357884524622932,5.161290322580645e-05
2904064,-0.00021971258684061468,0.37906364060472697,-0.02662389405304566,0.005859375,0.0008138074772432446,5.159583546680321e-05
2905088,-0.0007201676780823618,0.061702166276518255,-0.022876758870552294,0.0048828125,0.0009230922732967883,5.1578767707799966e-05
2906112,-0.000923304382013157,0.06223375885747373,-0.025152789912681328,0.01318359375,0.0022859623713884503,5.156169994879673e-05
2907136,-0.0010298819979652762,0.06556873163208365,-0.024851850204868242,0.0048828125,0.000821433583041653,5.154463218979348e-05
2908160,-0.0016672963101882488,0.06766131985932589,-0.027399289654567838,0.009765625,0.0008831537707010284,5.152756443079023e-05
2909184,-0.0007663405849598348,0.3590774431359023,-0.025760514123248868,0.0029296875,0.00023439040523953736,5.1510496671787004e-05
2910208,-4.414534487295896e-05,0.03745821915799752,-0.02075898899056483,0.01123046875,0.0021623293578159064,5.1493428912783745e-05
2911232,7.933856977615505e-05,0.05290780309587717,-0.023852456135500688,0.00634765625,0.0015188356046564877,5.147636115378052e-05
2912256,-0.0019527865661075339,0.7889724562410265,-0.03007451917801518,0.009765625,0.0015272079908754677,5.145929339477727e-05
2913280,-0.000659656769130379,0.048703567357733846,-0.018740051542408764,0.01025390625,0.0014082613924983889,5.1442225635774035e-05
2914304,-0.0034218632063129917,0.7756358860060573,-0.04588956307270564,0.0126953125,0.002259475426399149,5.142515787677078e-05
2915328,-4.121015081182122e-05,0.12108221044763923,-0.024811215058434755,0.0078125,0.0007652002386748791,5.140809011776754e-05
2916352,-0.0013951044165878557,0.060631721979007125,-0.01962089327571448,0.005859375,0.000781856055255048,5.13910223587643e-05
2917376,-7.783243199810386e-05,0.12693728529848158,-0.023623628170753364,0.005859375,0.001791974063962698,5.137395459976105e-05
2918400,-0.00117477509775199,0.6505681020207703,-0.04316457611275837,0.0107421875,0.0016431445837952197,5.135688684075781e-05
2919424,-0.0014668636285932735,0.3985108758788556,-0.025739442789927125,0.00927734375,0.0010309536301065236,5.133981908175457e-05
2920448,-0.0015649105189368129,0.39013816649094224,-0.029495032009435818,0.00927734375,0.0011608097556745633,5.132275132275133e-05
2921472,-0.0009570740803610533,0.12944340868853033,-0.02300682564964518,0.01171875,0.0015016406687209383,5.1305683563748076e-05
2922496,-0.001605803110578563,0.39276351779699326,-0.02692563450546004,0.0078125,0.0016568300197832286,5.1288615804744844e-05
2923520,-0.00035777059383690357,0.10339368449058384,-0.020898365477478364,0.001953125,0.0004216993984300643,5.127154804574159e-05
2924544,-0.002848572941729799,0.05329552059993148,-0.03089178188383812,0.01123046875,0.0031741095008328557,5.125448028673836e-05
2925568,-0.001972454774659127,0.44114533462561667,-0.03609012393280864,0.0146484375,0.0017675613489700481,5.123741252773511e-05
2926592,-0.0002222607290605083,0.11230878822971135,-0.026073945220559835,0.00390625,0.0009075517446035519,5.1220344768731875e-05
2927616,-0.0005440294335130602,0.09568213194143027,-0.027177363575901836,0.0048828125,0.0021354768541641533,5.120327700972862e-05
2928640,-0.0013785585324512795,0.12255921924952418,-0.026085851772222668,0.00927734375,0.0013349714135983959,5.1186209250725384e-05
2929664,-0.00033272495784331113,0.07806995394639671,-0.022634668210230302,0.00830078125,0.001775720011210069,5.116914149172214e-05
2930688,-0.0013822901237290353,0.5870191063731909,-0.040469717321684584,0.00390625,0.00040755062946118414,5.11520737327189e-05
2931712,0.0013346761843422428,0.48004144604783505,-0.03948937272070907,0.0048828125,0.0011338290642015636,5.1135005973715653e-05
2932736,-0.0007710402569500729,0.13249281025491655,-0.023623072022019187,0.0048828125,0.0016503267834195867,5.1117938214712415e-05
2933760,-0.0007754639227641746,0.062217594124376774,-0.022365296579664573,0.00390625,0.0006208519916981459,5.110087045570917e-05
2934784,-0.00044837541645392776,0.0838345285737887,-0.02201430830609752,0.00830078125,0.0013459013280225918,5.1083802696705916e-05
2935808,-0.001295195150305517,0.08261776377912611,-0.021242960618110374,0.0107421875,0.0038462033116957173,5.1066734937702684e-05
2936832,-0.0006811987550463527,0.07954638509545475,-0.026700051821535453,0.0107421875,0.001252819420187734,5.104966717869943e-05
2937856,-0.0015355567884398624,0.4133875072002411,-0.02887514622125309,0.0087890625,0.0009370869665872306,5.1032599419696206e-05
2938880,2.1460611606016755e-05,0.07559628057060763,-0.022352561543812044,0.0068359375,0.0009135174623224884,5.101553166069295e-05
2939904,-0.00012781034456565976,0.07999474939424545,-0.026417478686198592,0.0078125,0.0015632588474545628,5.099846390168971e-05
2940928,-0.0012135268625570461,0.04841200012015179,-0.020196535253489856,0.00927734375,0.003986683412222192,5.098139614268647e-05
2941952,-2.9119139071553946e-05,0.3355491319671273,-0.029899092958658002,0.0068359375,0.0008598617860116065,5.0964328383683224e-05
2942976,-0.00063803989905864,0.10910203342791647,-0.0206852906558197,0.01123046875,0.0016118195926537737,5.0947260624679985e-05
2944000,-0.0007913993031252176,0.63116370793432,-0.03763085775426589,0.00048828125,8.991792856249958e-05,5.093019286567674e-05
2945024,-0.0014717097074026242,0.19513981230556965,-0.021761660093034152,0.00732421875,0.0019103463855572045,5.09131251066735e-05
2946048,-0.0010838986199814826,0.053494502790272236,-0.0191811760305427,0.00439453125,0.00042047695023939013,5.089605734767025e-05
2947072,-0.0012393453289405443,0.0706520697567612,-0.02401785163965542,0.0087890625,0.001550820961710997,5.0878989588667016e-05
2948096,-0.0009116923756664619,0.06344221532344818,-0.022174068813910708,0.0068359375,0.0008298333996208385,5.086192182966376e-05
2949120,0.007141002752177883,0.07822500250767916,-0.026485554495593533,0.0146484375,0.004136560615734197,5.084485407066053e-05
2950144,-0.001342124247457832,0.6394109507091343,-0.038620307634118944,0.00390625,0.0004117644566576928,5.082778631165728e-05
2951168,-0.0014958276296965778,0.0724127936991863,-0.022334110530209728,0.0087890625,0.004536492269835435,5.0810718552654047e-05
2952192,-0.0009258592326659709,0.06628426804672927,-0.021722980145568727,0.0126953125,0.002763354976195842,5.0793650793650794e-05
2953216,-0.0009058627183549106,0.7530368324369192,-0.03674087396939285,0.015625,0.0011670635285554454,5.077658303464755e-05
2954240,-0.0011015548225259408,0.3461896040244028,-0.037918193789664656,0.009765625,0.0010976829653372988,5.075951527564431e-05
2955264,-0.0010829207894857973,0.08480912982486188,-0.024294263173942454,0.0087890625,0.0025184665282722563,5.074244751664107e-05
2956288,-0.0009612076391931623,0.457468053791672,-0.028716481334413402,0.00439453125,0.0005133086233399808,5.0725379757637825e-05
2957312,-0.00048154576506931335,0.4652554141357541,-0.03368762298487127,0.0126953125,0.0018252166046295315,5.0708311998634586e-05
2958336,-0.0005095984961371869,0.07506210019346327,-0.020806747197639197,0.0078125,0.0009744574199430645,5.069124423963134e-05
2959360,-0.0015435003442689776,0.19016141700558364,-0.026577107884804718,0.017578125,0.005546049578697421,5.067417648062809e-05
2960384,-0.0005227965230005793,0.3282437678426504,-0.02956564267515205,0.0048828125,0.0006016345723764971,5.0657108721624856e-05
2961408,-0.0009429060883121565,0.06613418157212436,-0.023099247744539753,0.005859375,0.0010129489237442613,5.0640040962621603e-05
2962432,-0.00029640803404618055,0.0848456792300567,-0.01810286321415333,0.00390625,0.000995806316495873,5.062297320361837e-05
2963456,-0.0010467538377270103,0.07104540895670652,-0.02022341162955854,0.00927734375,0.0012119336461182684,5.060590544461512e-05
2964480,-0.0006784063443774357,0.5180518003180623,-0.028939447714947164,0.00439453125,0.0016594173794146627,5.058883768561189e-05
2965504,-0.0008195875270757824,0.04067307338118553,-0.022813971343566664,0.00390625,0.0005098944966448471,5.0571769926608634e-05
2966528,-0.0017128913896158338,0.524254797026515,-0.03287036524852738,0.01123046875,0.0020374189043650404,5.0554702167605395e-05
2967552,-0.00048697658348828554,0.04851270653307438,-0.02053417142269609,0.00390625,0.0006606889073736966,5.053763440860215e-05
2968576,-0.0022439445310737938,0.4234258069191128,-0.028447494769352488,0.01904296875,0.0026177745894528925,5.052056664959891e-05
2969600,-0.0009946941427187994,0.34309133409988135,-0.029894671810325235,0.00830078125,0.0018111251847585663,5.050349889059567e-05
2970624,-0.00032194821687880903,0.09301217214670032,-0.022138899665151257,0.01025390625,0.0020464392146095634,5.0486431131592426e-05
2971648,-0.0017390089051332325,0.05588233796879649,-0.025048858326044865,0.01123046875,0.0015430004859808832,5.046936337258919e-05
2972672,-0.00256607704795897,0.4211707136128098,-0.03696748861693777,0.017578125,0.002072700415737927,5.0452295613585935e-05
2973696,-0.0008281208283733577,0.52058608783409,-0.028635333255806472,0.00830078125,0.0011238715815125033,5.04352278545827e-05
2974720,-0.0002172120730392635,0.06419406144414097,-0.018641246235347353,0.001953125,0.0003247345593990758,5.041816009557945e-05
2975744,-0.0006443074671551585,0.07005978462984785,-0.020260317745851353,0.00732421875,0.002571539138443768,5.040109233657622e-05
2976768,-0.000909761874936521,0.37130570341832936,-0.028214990627020597,0.005859375,0.0007611349428771064,5.0384024577572966e-05
2977792,-0.0004745604528579861,0.04589366231812164,-0.02249242908146698,0.0029296875,0.0008453801710857078,5.036695681856972e-05
2978816,-0.0015978147275745869,0.3845527076628059,-0.03276982548413798,0.0087890625,0.0011398571805329993,5.034988905956648e-05
2979840,-0.0014808717314735986,0.0723818481201306,-0.021376727549068164,0.0107421875,0.0033372812322340906,5.0332821300563235e-05
2980864,-0.0025918530736817047,0.36897435795981437,-0.025879412511130795,0.00439453125,0.0003312197222840041,5.0315753541559997e-05
2981888,-0.0018265815742779523,0.39664438541512936,-0.029827936086803675,0.01025390625,0.0007792465767124668,5.029868578255675e-05
2982912,-3.7234698538668454e-05,0.05103146843612194,-0.019943107288781903,0.00927734375,0.001267104787984863,5.028161802355351e-05
2983936,-0.00029066402930766344,0.05829930951585993,-0.02030063582424191,0.00732421875,0.0018552175024524331,5.026455026455027e-05
2984960,-0.0016956403051153757,0.5417537722969428,-0.021473606720974203,0.00146484375,0.00031010784732643515,5.024748250554703e-05
2985984,-0.0010091231379192322,0.07505848037544638,-0.023301269189687446,0.0078125,0.001546780244098045,5.0230414746543775e-05
2987008,-0.0010712175717344508,0.42071602609939873,-0.02826126204308821,0.01171875,0.002799628593493253,5.021334698754054e-05
2988032,-0.0005142376176081598,0.10661602718755603,-0.02236139172600815,0.00244140625,0.002170281353755854,5.019627922853729e-05
2989056,9.250990115106106e-05,0.043618590279947966,-0.01894739414092328,0.00390625,0.0004690839268732816,5.017921146953406e-05
2990080,-0.001154399084043689,0.06465907313395292,-0.017892573901917785,0.00927734375,0.0008905816066544503,5.0162143710530806e-05
2991104,-0.0006061111926101148,0.4776377228554338,-0.025000303066917695,0.0068359375,0.0005581124278251082,5.014507595152757e-05
2992128,-0.0006043540488462895,0.3355567823164165,-0.027977146026387345,0.01171875,0.0015369239845313132,5.012800819252432e-05
2993152,-0.002292093777214177,0.16871508886106312,-0.02861654813750647,0.01953125,0.006080193794332445,5.011094043352108e-05
2994176,-0.0013824350317008793,0.04257857718039304,-0.02332358707644744,0.01318359375,0.0018183406500611454,5.009387267451784e-05
2995200,-0.00032646270119585097,0.11190818680915982,-0.0255751195945777,0.00830078125,0.0010448703542351723,5.00768049155146e-05
2996224,-0.000207688266527839,0.047171045327559114,-0.020562114885251503,0.01416015625,0.0022721967980032787,5.005973715651135e-05
2997248,-0.0006157737952889875,0.1228059254353866,-0.022415556371470302,0.0107421875,0.0019825455819955096,5.00426693975081e-05
2998272,-0.0013609020097646862,0.08767508377786726,-0.02205801180389244,0.01611328125,0.004493871339946054,5.0025601638504874e-05
2999296,-0.0015247964765876532,0.03799518913729116,-0.020097962935324176,0.0078125,0.0007242260471684858,5.0008533879501615e-05
3000320,-0.00041665097523946315,0.07378993032034487,-0.01972413680050522,0.01416015625,0.0030086774058872834,4.9991466120498376e-05
3001344,-0.0011168214259669185,0.06658250011969358,-0.024550494796130806,0.01123046875,0.00604233393096365,4.997439836149513e-05
3002368,-0.0017057399672921747,0.036802705959416926,-0.023794461110810516,0.0107421875,0.0012090838717995211,4.995733060249189e-05
3003392,2.845162816811353e-05,0.06477816798724234,-0.027162040292751044,0.0107421875,0.002208834426710382,4.994026284348865e-05
3004416,-0.0011680376410367899,0.3937877315329388,-0.03175279496645089,0.00830078125,0.0022981975635048,4.992319508448541e-05
3005440,-0.000998995041300077,0.04066508979303762,-0.017698792638839222,0.00439453125,0.0006019681750331074,4.990612732548217e-05
3006464,-0.0006876647821627557,0.4180666625034064,-0.028124685588409193,0.0048828125,0.00044097423960920423,4.988905956647892e-05
3007488,-0.0009827486501308158,0.4190028861630708,-0.02894581940199714,0.00830078125,0.0007323221070691943,4.9871991807475684e-05
3008512,-0.0004338664439273998,0.05151065980317071,-0.02155472745653242,0.00732421875,0.0009238902275683358,4.985492404847244e-05
3009536,-0.0021080901060486212,0.508629689225927,-0.02835354523267597,0.0107421875,0.0011208294454263523,4.98378562894692e-05
3010560,-0.0017082938575185835,1.0814430247992277,-0.04454857701784931,0.0078125,0.000523256094311364,4.982078853046595e-05
3011584,-0.00019928198889829218,0.10568039654754102,-0.02278627737177885,0.0029296875,0.0008172051602741703,4.9803720771462714e-05
3012608,-0.00015364307910203934,0.38832366722635925,-0.029954952202388085,0.0048828125,0.0006444013852160424,4.978665301245946e-05
3013632,-0.0004840719193452969,0.10514031129423529,-0.022015590664523188,0.00634765625,0.0005667554505635053,4.9769585253456216e-05
3014656,-0.0015072875685291365,0.058014085749164224,-0.02995150868082419,0.015625,0.0025391039525857195,4.975251749445298e-05
3015680,-0.00023199472343549132,0.7026563859544694,-0.034816381259588525,0.0107421875,0.002438644500216469,4.973544973544973e-05
3016704,-0.0026762214256450534,0.599567283410579,-0.046946809627115726,0.013671875,0.0014979771367507055,4.971838197644649e-05
3017728,-0.0010584514384390786,0.38621922861784697,-0.021494153090316104,0.0087890625,0.0016224451828747988,4.9701314217443254e-05
3018752,-0.0005050280160503462,0.04668655863497406,-0.019415330527408514,0.00732421875,0.003305354228359647,4.968424645844001e-05
3019776,-0.0007475760503439233,0.06336935533909127,-0.020832251249885303,0.00732421875,0.001959766275831498,4.966717869943677e-05
3020800,-0.001086404110537842,0.35182850318960845,-0.035289575229398906,0.0068359375,0.00044319826702121645,4.9650110940433524e-05
3021824,3.1264309654943645e-05,0.3837496726773679,-0.031988697752240114,0.00634765625,0.0009388850448885933,4.9633043181430285e-05
3022848,-0.00075265669147484,0.06899301387602463,-0.01953494638291886,0.0048828125,0.0017594674282008782,4.961597542242704e-05
3023872,-0.0014806471299380064,0.4227134822867811,-0.032747731522249524,0.01171875,0.001700197099125944,4.95989076634238e-05
3024896,-0.0006276195344980806,0.055785166565328836,-0.019430847096373327,0.00537109375,0.0004337754944572225,4.9581839904420555e-05
3025920,-0.00040525817894376814,0.33550338249187917,-0.034694827714702114,0.0048828125,0.0005687624507118016,4.95647721454173e-05
3026944,-0.0002615509438328445,0.6780032503884286,-0.03949651509174146,0.0078125,0.0007041318604024127,4.954770438641406e-05
3027968,-0.0008743267389945686,0.10437976906541735,-0.02332585242402274,0.00732421875,0.0022756566322641447,4.953063662741082e-05
3028992,-1.3757729902863503e-05,0.05869810574222356,-0.025719694640429225,0.00732421875,0.0009670721919974312,4.951356886840758e-05
3030016,-0.003492274110612925,1.259995762258768,-0.059899115934967995,0.01708984375,0.001097844768082723,4.949650110940433e-05
3031040,-0.0027652203280013055,1.72727544978261,-0.06867976603098214,0.0166015625,0.0017058939120033756,4.9479433350401094e-05
3032064,-0.00013200441026128829,0.4530644805636257,-0.02893564360056189,0.005859375,0.0005983568116789684,4.9462365591397855e-05
3033088,0.0005195838311919942,0.08749424701090902,-0.023773737309966236,0.00439453125,0.0006941918254597113,4.944529783239461e-05
3034112,0.0025356983533129096,0.4848486774135381,-0.02582095575053245,0.01123046875,0.0017947479500435293,4.942823007339137e-05
3035136,-0.0009482705208938569,0.05332403373904526,-0.01935227338981349,0.005859375,0.0006248136778594926,4.9411162314388125e-05
3036160,3.5181641578674316e-05,0.3119434925611131,-0.023201101983431727,0.00244140625,0.0005971200880594552,4.9394094555384886e-05
3037184,-0.000661882950225845,0.31213772646151483,-0.03477714295149781,0.00439453125,0.00031981070060282946,4.937702679638164e-05
3038208,-0.001278282688872423,0.35993662220425904,-0.024546948305214755,0.00146484375,0.00022150004224386066,4.935995903737839e-05
3039232,-0.0011985080345766619,0.4686147356405854,-0.03265641862526536,0.0068359375,0.0007051196589600295,4.934289127837515e-05
3040256,-0.0015041828737594187,0.3782970462925732,-0.031727947731269524,0.005859375,0.001359783302177675,4.93258235193719e-05
3041280,-0.0007929301646072417,0.07802285708021373,-0.022893985940754646,0.00439453125,0.001396880456013605,4.9308755760368664e-05
3042304,-0.0012842811120208353,0.08519274415448308,-0.024401221540756524,0.009765625,0.001010042687994428,4.929168800136542e-05
3043328,-0.0011596238109632395,0.28360098239500076,-0.02905099792405963,0.0068359375,0.000780949805630371,4.927462024236218e-05
3044352,-0.000951454698224552,0.3700230112299323,-0.027862755436217412,0.00830078125,0.0006738307129126042,4.9257552483358934e-05
3045376,5.0620888941921294e-05,0.11160662455949932,-0.026542422507191077,0.00732421875,0.0008155646792147309,4.9240484724355695e-05
3046400,-0.0014606655604438856,0.23026186937931925,-0.033355689694872126,0.0068359375,0.000894064738531597,4.9223416965352456e-05
3047424,-0.0006350750481942669,0.5043223490938544,-0.027562754141399637,0.00341796875,0.0007636986265424639,4.920634920634921e-05
3048448,0.0007166874420363456,0.058620128547772765,-0.02318908041343093,0.009765625,0.0013447857927531004,4.918928144734597e-05
3049472,-4.1785388020798564e-05,0.46081004361622036,-0.029397844045888633,0.0048828125,0.0006077424623072147,4.9172213688342726e-05
3050496,-0.003922518691979349,0.7443128097802401,-0.04325909313047305,0.01220703125,0.0016071984864538535,4.915514592933949e-05
3051520,-0.0008408431604038924,0.2909523821435869,-0.030911165857105516,0.00390625,0.0007601607794640586,4.9138078170336235e-05
3052544,-0.0010959063583868556,1.0067828823812306,-0.05245808558538556,0.01318359375,0.0020949562021996826,4.912101041133299e-05
3053568,-0.0019954308663727716,0.1295856279321015,-0.024726429663132876,0.00732421875,0.0008732299174880609,4.910394265232975e-05
3054592,-0.0007674944645259529,0.09670025669038296,-0.020720768301544013,0.00732421875,0.0019519396737450734,4.9086874893326504e-05
3055616,-0.0013140090741217136,0.12456431239843369,-0.024346896563656628,0.00439453125,0.0009193979785777628,4.9069807134323266e-05
3056640,-0.0008819598879199475,0.05391056020744145,-0.019429895703069633,0.00537109375,0.0018095182604156435,4.905273937532002e-05
3057664,-0.0013372857065405697,0.670347815612331,-0.0344474470912246,0.00927734375,0.0011986523168161511,4.903567161631678e-05
3058688,-0.00017251013196073472,0.12304550781846046,-0.023575869330670685,0.00390625,0.00040714484930504113,4.9018603857313535e-05
3059712,-0.0007757137209409848,0.6747388979420066,-0.03390830471471418,0.00390625,0.0004951066221110523,4.9001536098310296e-05
3060736,-0.0016673663631081581,0.08995846367906779,-0.023715039948001504,0.005859375,0.0015872877993388101,4.898446833930706e-05
3061760,-0.0019376163836568594,0.2592648414429277,-0.03071582512347959,0.00341796875,0.000572567674680613,4.896740058030381e-05
3062784,-0.0002705430379137397,0.9788580150343478,-0.04971088559250347,0.01318359375,0.0008701484184712172,4.895033282130057e-05
3063808,-0.0010102234227815643,0.37569552566856146,-0.0280036082258448,0.005859375,0.0006974756688578054,4.893326506229732e-05
3064832,-0.0030592787370551378,0.4227063530124724,-0.03331308608176187,0.00732421875,0.000983070771326311,4.8916197303294075e-05
3065856,-0.0007233889336930588,0.08603653556201607,-0.018935313404654153,0.00244140625,0.0009115903958445415,4.8899129544290836e-05
3066880,-0.0010916536557488143,0.09869197593070567,-0.020146683949860744,0.00537109375,0.001564098463859409,4.888206178528759e-05
3067904,-0.001922893337905407,0.39980841032229364,-0.04045509977731854,0.01513671875,0.002079473706544377,4.886499402628435e-05
3068928,0.0005101503847981803,0.08303425554186106,-0.020893048858852126,0.0087890625,0.0018022656586254016,4.8847926267281106e-05
3069952,-0.0022752130462322384,0.3725085159530863,-0.032790034732897766,0.00927734375,0.0008605716575402766,4.883085850827787e-05
3070976,-0.000925824511796236,0.15984542830847204,-0.025222643995221006,0.0078125,0.0019839791930280626,4.881379074927462e-05
3072000,-0.0012781750119756907,0.07807165326084942,-0.021213436976722733,0.0068359375,0.000684126847772859,4.879672299027138e-05
3073024,-0.0011287145025562495,0.04336811020039022,-0.021089925372507423,0.0107421875,0.003003506106324494,4.8779655231268137e-05
3074048,-0.0007033518340904266,0.5366683914326131,-0.021332235730369575,0.00634765625,0.0019954026356572285,4.87625874722649e-05
3075072,-0.00010593433398753405,0.3434773145709187,-0.031849653998506255,0.001953125,0.00020478370424825698,4.874551971326166e-05
3076096,-0.0008028595038922504,0.38414663588628173,-0.02994489122647792,0.0107421875,0.00204270365065895,4.87284519542584e-05
3077120,-0.0007142254107748158,0.16511775483377278,-0.020843900230829604,0.0068359375,0.0014212684181984514,4.871138419525516e-05
3078144,-0.000959623335802462,0.14392110193148255,-0.023954525648150593,0.0048828125,0.001679918816080317,4.869431643625192e-05
3079168,-0.0006079545855754986,0.1540862489491701,-0.02030101650598226,0.005859375,0.001676023457548581,4.8677248677248676e-05
3080192,-0.0012480484729167074,0.07882344839163125,-0.018248309255795903,0.01318359375,0.0025931844138540328,4.866018091824544e-05
3081216,-0.0015736882342025638,0.652207187609747,-0.034715298912487924,0.009765625,0.0010727497428888455,4.864311315924219e-05
3082240,-0.0005444836860988289,0.6378694009035826,-0.04221785184927285,0.00341796875,0.0002489372418494895,4.862604540023895e-05
3083264,-4.336194251663983e-06,0.2833900300320238,-0.033471347705926746,0.0068359375,0.0008233423723140731,4.860897764123571e-05
3084288,0.00031074292201083153,0.09873209579382092,-0.021633375079545658,0.01025390625,0.0023441766970790923,4.859190988223247e-05
3085312,-0.001730791525915265,0.36864190828055143,-0.030847935646306723,0.01220703125,0.006694536190479994,4.857484212322922e-05
3086336,-0.0007810923270881176,0.10260925977490842,-0.021188162561884383,0.0048828125,0.0007011530979070812,4.8557774364225983e-05
3087360,0.0006222951924428344,0.4450110289035365,-0.02488707133943535,0.00439453125,0.0005993402592139319,4.854070660522274e-05
3088384,-0.0010923891968559474,0.660746532259509,-0.028888758970424533,0.00634765625,0.000632992378086783,4.85236388462195e-05
3089408,-0.0008925880028982647,0.06264322414062917,-0.019832115203826106,0.00537109375,0.0005882003461010754,4.8506571087216246e-05
3090432,-0.00023378539481200278,0.1076983540551737,-0.02005042235578003,0.00634765625,0.0020316570880822837,4.8489503328213e-05
3091456,8.286915544886142e-05,0.06681550660869107,-0.019037276882954757,0.00341796875,0.0004683590232161805,4.847243556920976e-05
3092480,-0.0010380021994933486,0.07217625924386084,-0.019579620562581113,0.0068359375,0.0019014189747394994,4.845536781020652e-05
3093504,-0.0005935884546488523,0.09523738117422909,-0.01974583491391968,0.005859375,0.0012944488698849455,4.843830005120328e-05
3094528,-0.0004046513422508724,0.06742762622889131,-0.017367185322200385,0.00244140625,0.0006826933822594583,4.842123229220004e-05
3095552,-0.0010232450440526009,0.04461574205197394,-0.020191866206005216,0.00927734375,0.0008786413091002032,4.840416453319679e-05
3096576,-0.0003500017337501049,0.11453644302673638,-0.022662298440991435,0.00439453125,0.0013931135326856747,4.8387096774193554e-05
3097600,-0.00043929989624302834,0.04281116498168558,-0.018084385639667744,0.00537109375,0.0012974632845725864,4.837002901519031e-05
3098624,-0.0006314747370197438,0.10145817813463509,-0.020021664970045094,0.0078125,0.0012877394765382633,4.835296125618707e-05
3099648,-9.02600004337728e-06,0.08129424753133208,-0.023861427449446637,0.00537109375,0.0008238155132858083,4.8335893497183824e-05
3100672,-0.0007108486024662852,0.03205116343451664,-0.02319344354327768,0.013671875,0.0020114312937948853,4.8318825738180585e-05
3101696,-3.822467988356948e-06,0.11280978750437498,-0.020182986358122434,0.0029296875,0.0002846845309250057,4.830175797917733e-05
3102720,-0.00012178855831734836,0.1497402328532189,-0.021952716619125567,0.00537109375,0.0007388338563032448,4.8284690220174086e-05
3103744,-0.0007358926523011178,0.036301794287282974,-0.016690084114088677,0.00830078125,0.0018179282051278278,4.826762246117085e-05
3104768,-0.0007139439694583416,0.05909330921713263,-0.015978941053617746,0.009765625,0.002445660109515302,4.82505547021676e-05
3105792,-0.002059966034721583,0.11933570972178131,-0.02327488644004916,0.0107421875,0.0014879302907502279,4.823348694316436e-05
3106816,-0.0009414418163942173,0.0875392718007788,-0.02590984496055171,0.0126953125,0.0019538521009963006,4.8216419184161124e-05
3107840,-0.0005423066322691739,0.0824359217658639,-0.02055609761919186,0.00830078125,0.0007943719247123227,4.819935142515788e-05
3108864,-0.0015605720691382885,0.29160376568324864,-0.03181967287673615,0.00634765625,0.000883571628946811,4.818228366615464e-05
3109888,-0.001018273615045473,0.0883557596243918,-0.020868930918368278,0.00634765625,0.0006689063447993249,4.8165215907151394e-05
3110912,-0.00047335572890006006,0.39436908438801765,-0.032505858718650416,0.001953125,0.0002819500950863585,4.8148148148148155e-05
3111936,-0.0004117564094485715,0.5428845630958676,-0.03234573666122742,0.00341796875,0.0003442361194174737,4.813108038914491e-05
3112960,-2.2937747417017817e-05,0.05866881285328418,-0.018434931143929134,0.0029296875,0.0002884339482989162,4.811401263014167e-05
3113984,-0.0006868445489089936,0.08447878283914179,-0.025077270314795896,0.00927734375,0.00132777527323924,4.809694487113842e-05
3115008,-0.00015257898485288024,0.8591118131298572,-0.046932575001847,0.00927734375,0.0008010394813027233,4.807987711213517e-05
3116032,-0.0023146872263168916,0.07623819343280047,-0.022682830625853967,0.01220703125,0.0029161573183955625,4.806280935313193e-05
3117056,0.0021394631185103208,0.10214226320385933,-0.022896126749401446,0.0078125,0.0016959716595010832,4.804574159412869e-05
3118080,-0.00013395946007221937,0.106676637660712,-0.026536462508374825,0.0126953125,0.003597697606892325,4.802867383512545e-05
3119104,-0.0023564695584354922,0.39244602038525045,-0.03395575875765644,0.0078125,0.0009425955358892679,4.80116060761222e-05
3120128,-0.0002719631156651303,0.07007152435835451,-0.01715090665675234,0.005859375,0.0011134236556245014,4.7994538317118964e-05
3121152,-0.0007565197593066841,0.07887817837763578,-0.019376577118237037,0.0078125,0.0005389651632867754,4.7977470558115725e-05
3122176,-0.001504157015006058,0.3770487387664616,-0.026837513690225023,0.00634765625,0.0010668230388546363,4.796040279911248e-05
3123200,-0.0016430691321147606,0.07916014781221747,-0.023531347600510344,0.01025390625,0.0020481642422964796,4.794333504010924e-05
3124224,-0.00043806646135635674,0.787113940808922,-0.03861142540699802,0.00341796875,0.0008913214260246605,4.7926267281105995e-05
3125248,-0.0004310860676923767,0.08545170072466135,-0.02211504905426409,0.0009765625,0.000917296318220906,4.7909199522102756e-05
3126272,-0.0009054721158463508,0.06930342235136777,-0.02138925781400758,0.00732421875,0.002036262332694605,4.789213176309951e-05
3127296,-0.0009011141155497171,0.3619105024263263,-0.03081246031797491,0.01025390625,0.0006881033768877387,4.787506400409626e-05
3128320,0.0004677264660131186,0.4153920472599566,-0.028068594096112065,0.005859375,0.0004369025555206463,4.785799624509302e-05
3129344,-0.00033469464688096195,0.3200893536559306,-0.03115349664585665,0.00244140625,0.00022538742632605135,4.7840928486089773e-05
3130368,-0.0007448311371263117,0.0528773091500625,-0.01743005013304355,0.0048828125,0.0017946760635823011,4.7823860727086535e-05
3131392,-0.00026519031962379813,0.09543887246400118,-0.022541749305673875,0.00390625,0.00041307280480396,4.780679296808329e-05
3132416,-0.0005080178380012512,0.06811547570396215,-0.017289950352278538,0.005859375,0.0005559628043556586,4.778972520908005e-05
3133440,-0.0007198392413556576,0.04243376635713503,-0.014241009249417402,0.00830078125,0.002069079506327398,4.7772657450076804e-05
3134464,-0.0018336647626711056,0.06527495954651386,-0.02472665614914149,0.01220703125,0.0024264334206236526,4.7755589691073565e-05
3135488,-0.001467007416067645,0.361078618792817,-0.032713775552110747,0.00830078125,0.0007559577497886494,4.7738521932070327e-05
3136512,-0.0019644018029794097,0.06470879213884473,-0.021457728358655004,0.00927734375,0.0031319128611357883,4.772145417306708e-05
3137536,0.000980704469839111,0.07802306686062366,-0.019611938321759226,0.0126953125,0.0034684694692259654,4.770438641406384e-05
3138560,-0.0012565949000418186,0.043611153145320714,-0.020086080018018038,0.00537109375,0.0008533329964848235,4.7687318655060596e-05
3139584,-0.0008320285414811224,0.08963865227997303,-0.021985817664244678,0.0087890625,0.0012881187576567754,4.7670250896057344e-05
3140608,-0.0002858588704839349,0.06786213163286448,-0.020129321655986132,0.001953125,0.00015224020171444863,4.7653183137054105e-05
3141632,-0.00042125889740418643,0.07039778272155672,-0.01903147042321507,0.0107421875,0.0019318671547807753,4.763611537805086e-05
3142656,-0.0007284269668161869,0.36247312370687723,-0.031414962191774976,0.0048828125,0.00038864278758410364,4.761904761904762e-05
3143680,0.00037559815973509103,0.08613256132230163,-0.023857380350818858,0.00634765625,0.0010191925539402291,4.7601979860044375e-05
3144704,-0.00045646820217370987,0.03700196696445346,-0.019317477352160495,0.0,4.261362482793629e-05,4.7584912101041136e-05
3145728,-0.0015917788841761649,0.39377210510428995,-0.02841257474210579,0.0107421875,0.0012088059447705746,4.756784434203789e-05
3146752,-0.002195407680119388,0.34983742015901953,-0.032902528895647265,0.00830078125,0.001630389699130319,4.755077658303465e-05
3147776,0.0007605925784446299,0.08911936957156286,-0.023194259236333892,0.0087890625,0.0011779440828831866,4.7533708824031406e-05
3148800,-0.0016534841124666855,0.5082755133043975,-0.030441352631896734,0.005859375,0.0007759934669593349,4.751664106502817e-05
3149824,-0.002535053892643191,0.403689177474007,-0.024503334185283165,0.01025390625,0.001562040823046118,4.749957330602493e-05
3150848,0.000696907241945155,0.40275356732308865,-0.027021195528504904,0.00146484375,0.00015040268772281706,4.748250554702168e-05
3151872,-0.00027743652753997594,0.1368056267965585,-0.021381714239396388,0.00732421875,0.0006931665411684662,4.746543778801844e-05
3152896,-1.5394063666462898e-05,0.04549117846181616,-0.02542387593712192,0.0029296875,0.000991691296803765,4.744837002901519e-05
3153920,6.752408808097243e-05,0.48853639839217067,-0.025332192031783052,0.00390625,0.0003841211582766846,4.7431302270011945e-05
3154944,-0.0008510494080837816,0.08047139178961515,-0.021268988653901033,0.00439453125,0.0011359542841091752,4.7414234511008706e-05
3155968,-0.0029071755525365006,0.3629460099618882,-0.030288245718111284,0.01611328125,0.0014902237162459642,4.739716675200546e-05
3156992,-0.0010547760466579348,0.7564551056129858,-0.03327412328508217,0.0068359375,0.0006780877592973411,4.738009899300222e-05
3158016,-0.0013550835283240303,0.053317768732085824,-0.024007713531318586,0.0078125,0.0016566053527640179,4.7363031233998976e-05
3159040,-0.0009272319439332932,0.14754818205256015,-0.021539006345847156,0.0078125,0.0011207312199985608,4.734596347499574e-05
3160064,-0.0004291665827622637,0.06648059643339366,-0.021824608231327147,0.00390625,0.0007488643022952601,4.732889571599249e-05
3161088,-0.0019856865546898916,0.08580912603065372,-0.02140585320739774,0.0068359375,0.000795214727986604,4.731182795698925e-05
3162112,-0.0005313838773872703,0.35162742994725704,-0.031181851343717426,0.0048828125,0.0003407739131944254,4.729476019798601e-05
3163136,-0.0040337048849323764,0.5243142466060817,-0.03895161105901934,0.00830078125,0.0009398581605637446,4.727769243898277e-05
3164160,8.444937702734023e-05,0.09593470650725067,-0.021894069155678153,0.00732421875,0.0013941132347099483,4.726062467997953e-05
3165184,-0.0007365276469499804,0.5348534965887666,-0.02952528746391181,0.0048828125,0.0006728634762112051,4.724355692097627e-05
3166208,-0.0004678868717746809,0.5116823930293322,-0.03065333353879396,0.00244140625,0.00022635547793470323,4.722648916197303e-05
3167232,-5.413730104919523e-05,0.3098821984604001,-0.03097062014421681,0.00390625,0.00033145597262773663,4.720942140296979e-05
3168256,-0.00010217225644737482,0.8034858694300056,-0.04786998295458034,0.01025390625,0.0016253394132945687,4.7192353643966546e-05
3169280,-0.0018951387610286474,0.09243482118472457,-0.020470182615099475,0.0107421875,0.0011758920009015128,4.717528588496331e-05
3170304,-0.0007809178059687838,0.5067757254000753,-0.03666844128747471,0.00341796875,0.0006022321031196043,4.715821812596006e-05
3171328,-0.001000973570626229,0.08241285651456565,-0.023132692971557844,0.01318359375,0.0016880427720025182,4.714115036695682e-05
3172352,-0.002936647681053728,0.7337132291868329,-0.03789424043498002,0.00927734375,0.001362084483844228,4.712408260795358e-05
3173376,-9.952917753253132e-05,0.06862902094144374,-0.020402191919856705,0.00634765625,0.0024160790781024843,4.710701484895034e-05
3174400,-0.0009463008318562061,0.1271576777799055,-0.02068192930164514,0.00830078125,0.0010731598449638113,4.708994708994709e-05
3175424,0.00021146000653970987,0.06757496111094952,-0.018895967075877707,0.00390625,0.0008911367622204125,4.7072879330943854e-05
3176448,-0.0020537477685138583,0.38813812332227826,-0.0336183589315624,0.01025390625,0.00239972336567007,4.705581157194061e-05
3177472,-0.0020655397966038436,0.7852512113749981,-0.03929734890698455,0.009765625,0.0009574065188644454,4.7038743812937356e-05
3178496,-0.0006699219229631126,0.454866198124364,-0.0262795271264622,0.00634765625,0.0006533864507218823,4.7021676053934117e-05
3179520,-0.00013961497461423278,0.7480613924562931,-0.04103594121988863,0.01220703125,0.0012670937576331198,4.700460829493087e-05
3180544,-0.0011911312321899459,0.05252347711939365,-0.02039947827870492,0.0078125,0.000871448457473889,4.698754053592763e-05
3181568,-0.0006969958631088957,0.07482762087602168,-0.021037609316408634,0.0087890625,0.002449085164698772,4.697047277692439e-05
3182592,-0.00013317096454557031,0.06827307515777647,-0.017175813200083212,0.009765625,0.005361391115002334,4.695340501792115e-05
3183616,-0.0016981452208710834,0.0512510861735791,-0.018845412891096203,0.0078125,0.0014490675821434706,4.693633725891791e-05
3184640,-1.8226419342681766e-05,0.04974639700958505,-0.021649949696438853,0.00341796875,0.00024572137044742703,4.691926949991466e-05
3185664,-0.0012662438384722918,0.044411590381059796,-0.022437664803874213,0.00927734375,0.0015935102564981207,4.6902201740911424e-05
3186688,-0.001429661104339175,0.03120409609982744,-0.02006225154036656,0.0078125,0.0018897623667726293,4.688513398190818e-05
3187712,0.00030997306748759,0.42487268592230976,-0.028801518041291274,0.005859375,0.0009378926770295948,4.686806622290494e-05
3188736,0.00038936195778660476,0.1381210976978764,-0.023500655457610264,0.001953125,0.0005597093841060996,4.6850998463901694e-05
3189760,-0.0010856158041860908,0.31824612501077354,-0.03132878238102421,0.001953125,0.0002843401161953807,4.6833930704898455e-05
3190784,-0.00038616381061729044,0.07558179344050586,-0.02279656486643944,0.0087890625,0.0021811092883581296,4.68168629458952e-05
3191808,-0.0009575761359883472,0.40982628450728953,-0.032083067955682054,0.00537109375,0.0019411380490055308,4.679979518689196e-05
3192832,0.00018479308346286416,0.09333386656362563,-0.025396154436748475,0.009765625,0.0008704313077032566,4.678272742788872e-05
3193856,-0.0013070217100903392,0.39392431813757867,-0.038096805539680645,0.01416015625,0.0017425159458070993,4.676565966888547e-05
3194880,0.0013866927183698863,0.11427946749608964,-0.024026061917538755,0.00732421875,0.0012656773178605363,4.674859190988223e-05
3195904,-0.0022233994968701154,0.40472380607388914,-0.035766824294114485,0.009765625,0.0011998447735095397,4.6731524150878994e-05
3196928,-0.0007302115554921329,0.2783486475236714,-0.026191873439529445,0.00537109375,0.001634871237911284,4.671445639187575e-05
3197952,-0.0012718785292236134,0.381305847549811,-0.03512593556661159,0.01171875,0.0011561337887542322,4.669738863287251e-05
3198976,0.00131742081430275,0.08730585849843919,-0.01907136327281478,0.00341796875,0.0006001668516546488,4.6680320873869264e-05
3200000,-0.0006695111078443006,0.08639078284613788,-0.026188608055235818,0.00634765625,0.0006885786133352667,4.6663253114866025e-05
3201024,-0.0010307931515853852,0.05326987523585558,-0.024783918721368536,0.00341796875,0.00042956207471434027,4.664618535586278e-05
3202048,-0.000901224440895021,0.44292685436084867,-0.027831113198772073,0.00927734375,0.0009770331089384854,4.662911759685954e-05
3203072,-0.0012940778688061982,0.04106010653777048,-0.02196920753340237,0.0068359375,0.0014394404570339248,4.661204983785629e-05
3204096,-0.0008271909318864346,0.05882706557167694,-0.023482003787648864,0.00439453125,0.0004691562062362209,4.659498207885304e-05
3205120,-0.0009293870461988263,0.3144045672379434,-0.03177641608635895,0.0029296875,0.0009287147549912333,4.6577914319849804e-05
3206144,-0.002132939756847918,0.3073167272377759,-0.03200878968345933,0.01123046875,0.0008884129783837125,4.656084656084656e-05
3207168,-0.0009249097056454048,0.07825580076314509,-0.019931053240725305,0.0068359375,0.001658016291912645,4.654377880184332e-05
3208192,-0.0004947244451614097,0.047701796458568424,-0.024870493456546683,0.00390625,0.0008820954244583845,4.652671104284007e-05
3209216,-0.00022434955462813377,0.07722877489868551,-0.02473526196263265,0.00439453125,0.0010717320838011801,4.6509643283836834e-05
3210240,-2.4482622393406928e-05,0.0671530818217434,-0.022794628006522544,0.00439453125,0.0012291692983126268,4.6492575524833596e-05
3211264,-0.002350659735384397,0.46543644345365465,-0.02960136710316874,0.0068359375,0.000509870020323433,4.647550776583035e-05
3212288,-0.0007048318220768124,0.04519371740752831,-0.02139198497752659,0.00634765625,0.0006579561595572159,4.645844000682711e-05
3213312,0.0010621503461152315,0.04958938551135361,-0.02291107241762802,0.00537109375,0.0007081997318891808,4.6441372247823865e-05
3214336,-0.0007557691424153745,0.09260660840664059,-0.025883759662974626,0.00439453125,0.0013904162915423512,4.6424304488820626e-05
3215360,-0.0010905104099947494,0.05566264723893255,-0.0215785050577324,0.00634765625,0.0016508422995684668,4.640723672981738e-05
3216384,-0.0013415087960311212,0.09965695068240166,-0.022937711168196984,0.00634765625,0.0008523188153048977,4.639016897081413e-05
3217408,-0.0006516129069495946,0.11670301703270525,-0.022791646028053947,0.0078125,0.001668149488978088,4.637310121181089e-05
3218432,-0.0002680262550711632,0.40347850951366127,-0.031582109586452134,0.0107421875,0.001149243937106803,4.6356033452807644e-05
3219456,-0.003360657239682041,0.3764297130983323,-0.02729558521969011,0.01513671875,0.00464538624510169,4.6338965693804405e-05
3220480,-0.0006724262784700841,0.07338487892411649,-0.020721705004689284,0.0048828125,0.0016317844128934667,4.632189793480116e-05
3221504,-0.0010924000234808773,0.1479317540070042,-0.026249998991261236,0.00537109375,0.0010213865170953795,4.630483017579792e-05
3222528,-0.002786710567306727,0.5894181111361831,-0.03609859265270643,0.00732421875,0.0007814619311830029,4.6287762416794675e-05
3223552,-0.002464197692461312,0.0431389570585452,-0.015530914766713977,0.00830078125,0.0019123714737361297,4.6270694657791436e-05
3224576,-0.0003107850643573329,0.0562046017148532,-0.01989075638994109,0.0078125,0.0006629137060372159,4.62536268987882e-05
3225600,0.00021797357476316392,0.08325226954184473,-0.02318070034380071,0.0048828125,0.0010510792199056596,4.623655913978495e-05
3226624,-0.0009490575175732374,0.7912447203416377,-0.03272143492358737,0.0029296875,0.0005018917290726677,4.621949138078171e-05
3227648,-0.00014190369984135032,0.056009031599387527,-0.023930709357955493,0.00390625,0.00033131988311652094,4.6202423621778467e-05
3228672,-0.0002193696200265549,0.4004091904498637,-0.025504427641863003,0.0029296875,0.0011679228045977652,4.6185355862775214e-05
3229696,-0.000776842178311199,0.0514944635797292,-0.02307663266401505,0.009765625,0.0021689714485546574,4.6168288103771975e-05
3230720,-0.0023201279545901343,0.037896800437010825,-0.022577806361368857,0.01171875,0.0018901725561590865,4.615122034476873e-05
3231744,-0.0004543803515844047,0.05932311655487865,-0.026441899753990583,0.0078125,0.0013180435635149479,4.613415258576549e-05
3232768,0.00092887862410862,1.6041405331343412,-0.048418214661069214,0.009765625,0.0007980993104865775,4.6117084826762245e-05
3233792,-0.001401361296302639,0.15018084296025336,-0.02631565256160684,0.00537109375,0.0019969937566202134,4.6100017067759006e-05
3234816,-0.004109341753064655,0.832481131888926,-0.045621254947036505,0.01171875,0.0019630696770036593,4.608294930875576e-05
3235840,-0.0006712005924782716,0.35457127005793154,-0.028718519519316033,0.00732421875,0.0012408522889018059,4.606588154975252e-05
3236864,-0.00045773353485856205,1.1472770227119327,-0.042429236928001046,0.005859375,0.0010296366235706955,4.6048813790749276e-05
3237888,-0.0007332906825467944,0.06031727290246636,-0.03154012263985351,0.01123046875,0.0011206498311366886,4.603174603174604e-05
3238912,-0.0005106549942865968,0.4507305877050385,-0.025267960205383133,0.005859375,0.0008760380296735093,4.60146782727428e-05
3239936,-0.0010728953348007053,0.03714732709340751,-0.026994466519681737,0.005859375,0.0006669246940873563,4.599761051373955e-05
3240960,-0.0013825705391354859,0.7440484673716128,-0.04263165468000807,0.00927734375,0.0012320613313931972,4.59805427547363e-05
3241984,-0.0009137183078564703,0.06950784532818943,-0.02301253331825137,0.00439453125,0.005097483153804205,4.596347499573306e-05
3243008,-0.000644497704342939,0.08117823698557913,-0.023335899066296406,0.00439453125,0.0004021844797534868,4.5946407236729815e-05
3244032,0.000513550141477026,0.04654102277709171,-0.023756837093969807,0.00634765625,0.0009356053487863392,4.5929339477726576e-05
3245056,-0.0003167287795804441,0.09230055136140436,-0.025782204029383138,0.0068359375,0.0005589104112004861,4.591227171872333e-05
3246080,-0.0013307464541867375,0.11406267015263438,-0.02128075655127759,0.00732421875,0.0012745836575049907,4.589520395972009e-05
3247104,-0.00018041738076135516,0.5259131848579273,-0.025690485068480484,0.0107421875,0.0008227517682826146,4.5878136200716846e-05
3248128,0.0013349797809496522,0.03665638872189447,-0.019657956592709525,0.00732421875,0.0020964653231203556,4.586106844171361e-05
3249152,-0.002009836054639891,0.4727322517428547,-0.029061362365609966,0.00830078125,0.0009908706706482917,4.584400068271036e-05
3250176,-0.0011444286647019908,0.07613357505761087,-0.01912929947502562,0.00439453125,0.0016625900607323274,4.582693292370712e-05
3251200,-0.0031426021305378526,0.43571327545214444,-0.027054281134041958,0.0068359375,0.0013475257437676191,4.580986516470388e-05
3252224,-0.002513600920792669,0.4002617681398988,-0.03274154268001439,0.02001953125,0.002760678587947041,4.579279740570064e-05
3253248,-0.0003686341951834038,0.058567851374391466,-0.016446835288661532,0.00439453125,0.0007677108951611444,4.57757296466974e-05
3254272,-0.00014453032054007053,0.13770564016886055,-0.020632464531445294,0.005859375,0.0015238915075315163,4.575866188769414e-05
3255296,-0.0005345318786567077,0.42731905775144696,-0.028045696089975536,0.0048828125,0.0003088545781793073,4.57415941286909e-05
3256320,-0.0014884638803778216,0.0642184114549309,-0.020348213713077712,0.0068359375,0.000664353632600978,4.572452636968766e-05
3257344,-0.0004552365280687809,0.07695619238074869,-0.026903668958766502,0.00634765625,0.001160504121799022,4.5707458610684416e-05
3258368,-0.0005273298302199692,0.06435208907350898,-0.012337456299064797,0.0048828125,0.0011072929919464514,4.569039085168118e-05
3259392,-0.0006674278993159533,0.8389988427516073,-0.03456532084965147,0.00830078125,0.0008269541140180081,4.567332309267793e-05
3260416,-0.0008512547938153148,0.78498007170856,-0.039609938859939575,0.00634765625,0.0007928408158477396,4.565625533367469e-05
3261440,0.00017011085583362728,0.09140524105168879,-0.02461367349314969,0.0048828125,0.0009488456125836819,4.563918757467145e-05
3262464,-0.0004685841267928481,0.052082624344620854,-0.020254819644833333,0.005859375,0.0004988171276636422,4.562211981566821e-05
3263488,-0.000240860361373052,0.08222087123431265,-0.01876576730137458,0.00634765625,0.0011347217223374173,4.560505205666496e-05
3264512,-0.0012410194758558646,0.10349071794189513,-0.021081700244394597,0.00439453125,0.0012953832192579284,4.5587984297661724e-05
3265536,-6.33550516795367e-05,0.08872217580210418,-0.025236076093278825,0.00634765625,0.0015065042825881392,4.557091653865848e-05
3266560,-0.0009453667444176972,0.02877776446985081,-0.01868686286979937,0.00732421875,0.0031284977158065885,4.5553848779655226e-05
3267584,-0.0014738181489519775,0.4518802564125508,-0.0345465026475722,0.0068359375,0.0010302022274117917,4.553678102065199e-05
3268608,-0.0021891200449317694,0.35097659821622074,-0.034084860351867974,0.00927734375,0.001887741600512527,4.551971326164874e-05
3269632,0.0007508865382988006,0.19029355281963944,-0.02508359407511307,0.00830078125,0.002565723523730412,4.55026455026455e-05
3270656,-0.0025408893125131726,0.06911464827135205,-0.02854331093840301,0.009765625,0.0010418434831080958,4.548557774364226e-05
3271680,-0.002026834525167942,0.07182347925845534,-0.021219873713562265,0.0078125,0.0025405136548215523,4.546850998463902e-05
3272704,0.000741466908948496,0.4671852430328727,-0.04277812907821499,0.00537109375,0.0004133684415137395,4.545144222563578e-05
3273728,-4.3870124500244856e-05,0.06093394907657057,-0.01666156640931149,0.0009765625,7.079621718730778e-05,4.543437446663253e-05
3274752,0.0005207552894717082,0.5878925339784473,-0.04049482543632621,0.013671875,0.0024174993013730273,4.5417306707629294e-05
3275776,-0.0026830095011973754,0.43139870115555823,-0.0341871892742347,0.0068359375,0.0005947454628767446,4.540023894862605e-05
3276800,-0.00017094922804972157,0.4100522070657462,-0.029562432902821456,0.00537109375,0.0011196969426237047,4.538317118962281e-05
3277824,-0.0008710644324310124,0.1039626469137147,-0.020111508514673915,0.00634765625,0.0012450167414499447,4.5366103430619564e-05
3278848,-0.002526911936001852,0.10160936194006354,-0.026951830048346892,0.00732421875,0.0015007334295660257,4.5349035671616325e-05
3279872,-0.00010387375368736684,0.05311464989790693,-0.024387921093875775,0.009765625,0.0009398291149409488,4.533196791261307e-05
3280896,-0.0007550012087449431,0.16815262893214822,-0.02029166737156629,0.00537109375,0.0007942208758322522,4.531490015360983e-05
3281920,-0.0002647768706083298,0.04762049444252625,-0.020306686480580538,0.0068359375,0.001301099095144309,4.529783239460659e-05
3282944,-0.0011380293071852066,0.03882901254110038,-0.022847310130600818,0.00537109375,0.0003371171769686043,4.528076463560334e-05
3283968,-0.0006948108275537379,0.3048034654930234,-0.03007994600920938,0.00439453125,0.0005463659617817029,4.5263696876600103e-05
3284992,-0.002374357543885708,0.4121576372999698,-0.031507086008787155,0.0087890625,0.001418991305399686,4.5246629117596865e-05
3286016,-0.0012198582335258834,0.1831275587901473,-0.019928266730858013,0.00732421875,0.0017223327013198286,4.522956135859362e-05
3287040,-0.0012868339836131781,0.3987575538922101,-0.027808502229163423,0.00439453125,0.0005968858313281089,4.521249359959038e-05
3288064,-0.0008673410629853606,0.11200812086462975,-0.020819868332182523,0.00341796875,0.0004377666919026524,4.5195425840587134e-05
3289088,-0.000366956097423099,0.7477227945346385,-0.045027019339613616,0.001953125,0.000234355335123837,4.5178358081583895e-05
3290112,-0.001028741113259457,0.11978784832172096,-0.02275327745155664,0.009765625,0.002579462990979664,4.516129032258065e-05
3291136,-0.001176300793304108,0.043012066336814314,-0.021758528979262337,0.00341796875,0.0010703967709559947,4.514422256357741e-05
3292160,-0.000892042662599124,0.06160014134366065,-0.021182097334531136,0.00390625,0.0006257887871470302,4.512715480457416e-05
3293184,0.0038997644296614453,0.06706158048473299,-0.025516874622553587,0.01025390625,0.002310136900632642,4.511008704557091e-05
3294208,-0.0007303988968487829,0.08548327593598515,-0.02299304235566524,0.01611328125,0.002335957848117687,4.5093019286567674e-05
3295232,-0.0004033078730572015,0.06566329672932625,-0.029800948512274772,0.0078125,0.0011568421468837187,4.507595152756443e-05
3296256,-0.0005949320766376331,0.07332096202298999,-0.022809382495324826,0.0048828125,0.00046171495341695845,4.505888376856119e-05
3297280,-0.0008693471099832095,0.5847576606320217,-0.041640610608737916,0.00439453125,0.00028572189330589026,4.5041816009557944e-05
3298304,-0.0013398000446613878,0.07442758150864393,-0.02489549839810934,0.01123046875,0.0010479082411620766,4.5024748250554705e-05
3299328,-0.001427502793376334,0.4076874260790646,-0.032513085287064314,0.00830078125,0.0009079493029275909,4.5007680491551466e-05
3300352,-0.002068842586595565,0.25129273359198123,-0.03335095077636652,0.00927734375,0.0009210227872245014,4.499061273254822e-05
3301376,-0.0006125849322415888,0.47255080740433186,-0.03041076474619331,0.0048828125,0.0016757053090259433,4.497354497354498e-05
3302400,-0.0007380395327345468,0.3826073412783444,-0.03353084062109701,0.00830078125,0.0019368615903658792,4.4956477214541736e-05
3303424,-0.003156321581627708,0.377070544520393,-0.03778738179244101,0.01318359375,0.001413957928889431,4.49394094555385e-05
3304448,-0.0015316559365601279,0.47915783198550344,-0.03504034895740915,0.00537109375,0.0004234617517795414,4.4922341696535244e-05
3305472,-0.0008622708628536202,0.061947957263328135,-0.02571875999274198,0.00439453125,0.0009935932175721973,4.4905273937532e-05
3306496,-0.0003030862280866131,0.06187069526640698,-0.022339463193929987,0.00244140625,0.0004105496045667678,4.488820617852876e-05
3307520,0.0005493001808645204,0.0740800661733374,-0.02866452164016664,0.0068359375,0.0016804030310595408,4.4871138419525514e-05
3308544,-0.001416381070157513,0.7189996675588191,-0.04346979361434933,0.0009765625,0.0003015758848050609,4.4854070660522275e-05
3309568,-0.00043819958227686584,0.07517993985675275,-0.025300225795945153,0.00439453125,0.0009675208711996675,4.483700290151903e-05
3310592,-0.0005986319592921063,0.17054101335816085,-0.025381706524058245,0.005859375,0.0009212788427248597,4.481993514251579e-05
3311616,-0.002492581625119783,0.550172864459455,-0.04002440267504426,0.01025390625,0.0017195491236634552,4.4802867383512545e-05
3312640,-0.000591643329244107,0.050571567786391824,-0.020954699870344484,0.0068359375,0.00042432300688233227,4.4785799624509306e-05
3313664,0.0009247322159353644,0.11769824428483844,-0.02259709153076983,0.00732421875,0.0032345083018299192,4.476873186550607e-05
3314688,-0.0011981180505244993,0.09784997650422156,-0.027704103376891,0.0078125,0.0022149433207232505,4.475166410650282e-05
3315712,-0.001258996344404295,0.03342956770211458,-0.023997609601792647,0.0078125,0.000973577014519833,4.473459634749958e-05
3316736,-0.0010885120427701622,0.31989944633096457,-0.03160305733035784,0.00927734375,0.001311459462158382,4.471752858849634e-05
3317760,-0.0029899212677264586,0.2889207248808816,-0.03425515108392574,0.0087890625,0.0010832558909896761,4.4700460829493084e-05
3318784,-0.0007863265927881002,0.11332700122147799,-0.024577865260653198,0.00634765625,0.0006673705793218687,4.4683393070489845e-05
3319808,-0.0007908875704742968,0.04801650653826073,-0.023473516401281813,0.00732421875,0.0012896208791062236,4.46663253114866e-05
3320832,0.00011063498095609248,0.39730818232055753,-0.02964089704619255,0.00048828125,7.693083898629993e-05,4.464925755248336e-05
3321856,-0.004890135693131015,0.771894839592278,-0.053615597484167665,0.01220703125,0.0016210471803788096,4.4632189793480115e-05
3322880,-0.00016562224482186139,0.14677782938815653,-0.02644498026347719,0.00048828125,6.671641313005239e-05,4.4615122034476876e-05
3323904,-0.0011031465692212805,0.15406569000333548,-0.028877604301669635,0.00634765625,0.0014808258129050955,4.459805427547363e-05
3324928,-0.0008786210673861206,0.06147860619239509,-0.032954100948700216,0.0146484375,0.0035157495440216735,4.458098651647039e-05
3325952,-0.0019444630452198908,0.11686395690776408,-0.02239429632027168,0.009765625,0.0031519422336714342,4.4563918757467146e-05
3326976,-0.002522590128137381,0.3922882426995784,-0.0398206883110106,0.00634765625,0.001118554238928482,4.454685099846391e-05
3328000,0.0010707478140830062,1.2836627140641212,-0.07799713255371898,0.0029296875,0.0005858342774445191,4.452978323946067e-05
3329024,-0.0014626680058427155,0.06376330787315965,-0.028438957313483115,0.00634765625,0.002246652147732675,4.451271548045742e-05
3330048,0.0010574175976216793,1.9901015758514404,-0.12060320843011141,0.0205078125,0.00208592826675158,4.449564772145417e-05
3331072,-0.0015281833548215218,0.0846289781620726,-0.02557548015465727,0.0126953125,0.0014891827013343573,4.447857996245093e-05
3332096,4.499607894103974e-05,0.11535036854911596,-0.03045405343436869,0.00439453125,0.0005163575697224587,4.4461512203447685e-05
3333120,-0.00046485188067890704,0.07369101594667882,-0.024758630999713205,0.0068359375,0.00294268736615777,4.4444444444444447e-05
3334144,-0.0011019029007002246,0.09207389154471457,-0.022523734307469567,0.01025390625,0.0007781225140206516,4.44273766854412e-05
3335168,-0.0006777256858185865,0.10882546298671514,-0.019236326446844032,0.00439453125,0.0007775124977342784,4.441030892643796e-05
3336192,-0.00024616481823613867,0.6248540200758725,-0.0434289212571457,0.0029296875,0.0002706794912228361,4.4393241167434716e-05
3337216,-0.0015235713945003226,0.11808277270756662,-0.02228716634272132,0.00927734375,0.0021214367006905377,4.437617340843148e-05
3338240,-0.0023272413964150473,0.7034043129533529,-0.04216666772845201,0.01025390625,0.0011166467156726867,4.435910564942823e-05
3339264,-0.004108187495148741,0.7751932677347213,-0.05131443915888667,0.01953125,0.0017037045035976917,4.434203789042499e-05
3340288,-0.000504912284668535,0.07649843848776072,-0.024470317606755998,0.0048828125,0.0012427823094185442,4.432497013142175e-05
3341312,-0.0015967889339663088,0.04882479942170903,-0.024134524166584015,0.00927734375,0.0009946543868863955,4.430790237241851e-05
3342336,0.0005108153709443286,0.3015213846229017,-0.040715928917052224,0.00439453125,0.0006225549441296607,4.4290834613415256e-05
3343360,-0.0006238220958039165,0.05158766685053706,-0.026681647723307833,0.005859375,0.0005871889443369582,4.427376685441201e-05
3344384,-0.00046858260611770675,2.42479270324111,-0.13916758494451642,0.013671875,0.0015171474369708449,4.425669909540877e-05
3345408,4.953901225235313e-05,0.8052079910412431,-0.06048589467536658,0.02490234375,0.0026215344114461914,4.423963133640553e-05
3346432,0.0009294869669247419,0.06163083098363131,-0.02409840898690163,0.0048828125,0.0008770195563556626,4.422256357740229e-05
3347456,-0.001170163377537392,0.38842269591987133,-0.03626302003976889,0.0048828125,0.0004669497429858893,4.420549581839905e-05
3348480,-0.0016834657726576552,0.4856086326763034,-0.03590794729825575,0.01904296875,0.0020270861132303253,4.41884280593958e-05
3349504,-0.0003383274743100628,0.03504864446585998,-0.025569259261828847,0.005859375,0.001455140023608692,4.417136030039256e-05
3350528,-0.00041267472988693044,0.10212140763178468,-0.02808061320320121,0.00390625,0.0008139009878505021,4.415429254138932e-05
3351552,-0.0003852777081192471,0.0484207640402019,-0.027152446118634543,0.00439453125,0.0007293092494364828,4.413722478238608e-05
3352576,-0.0012504183905548416,0.7341533564031124,-0.04269559044041671,0.00390625,0.00044534621702041477,4.412015702338283e-05
3353600,-0.002432895329548046,0.33411206293385476,-0.032508371776202694,0.00732421875,0.0007455054146703333,4.4103089264379594e-05
3354624,-0.000398228905396536,0.28607165382709354,-0.03590154996345518,0.0048828125,0.0004214040673105046,4.408602150537635e-05
3355648,-0.0007787983631715178,0.32211857032962143,-0.03240468315198086,0.00244140625,0.0008639644220238551,4.4068953746373096e-05
3356672,-0.0011205430491827428,0.40434136986732483,-0.03682878127438016,0.005859375,0.00067878607660532,4.405188598736986e-05
3357696,-0.000998707109829411,0.06272521452046931,-0.027316347528540064,0.01171875,0.002368392495554872,4.403481822836661e-05
3358720,-0.002822695030772593,0.399311522487551,-0.03786363377002999,0.01318359375,0.0014844892139080912,4.401775046936337e-05
3359744,-0.0008882898837327957,0.05869762797374278,-0.026153541635721922,0.00390625,0.0003716790961334482,4.4000682710360134e-05
3360768,0.004449593514436856,0.7449756353162229,-0.057971489091869444,0.01318359375,0.0015649677952751517,4.398361495135689e-05
3361792,-0.00023637109552510083,0.06993906665593386,-0.018238734226542874,0.00244140625,0.0008470820175716653,4.396654719235365e-05
3362816,-0.0013184626295696944,0.46341091278009117,-0.04136145491793286,0.00732421875,0.0007902212237240747,4.39494794333504e-05
3363840,-0.0013290929928189144,0.05003402609145269,-0.0310219376697205,0.005859375,0.000882701700902544,4.3932411674347164e-05
3364864,0.0018094178522005677,0.34835489152465016,-0.03797586844302714,0.0029296875,0.00023376561875920743,4.391534391534392e-05
3365888,-0.0013362126774154603,0.16061551147140563,-0.023163299963925965,0.00732421875,0.0019081363279838115,4.389827615634068e-05
3366912,-0.0007620748219778761,0.34101958596147597,-0.03338083202834241,0.00341796875,0.0003923249460058287,4.3881208397337434e-05
3367936,-0.000649485707981512,0.07917043298948556,-0.025322999645140953,0.009765625,0.0023023549147183076,4.386414063833418e-05
3368960,-0.0008031751494854689,0.05454429634846747,-0.027635391925286967,0.01025390625,0.0019467488018563017,4.384707287933094e-05
3369984,-0.0007455647355527617,0.4561089095659554,-0.03660939971450716,0.00634765625,0.0009167550597339869,4.38300051203277e-05
3371008,-0.001674841780186398,0.1447608801536262,-0.028167899363324977,0.0078125,0.0030230898992158473,4.381293736132446e-05
3372032,8.393326424993575e-05,0.3417344137560576,-0.03147025135695003,0.00390625,0.0006192344008013606,4.379586960232121e-05
3373056,-0.004335682868259028,0.6857760280836374,-0.04128099139779806,0.01611328125,0.0019330279610585421,4.3778801843317974e-05
3374080,-0.0024456639876007102,0.3708678543334827,-0.03409566773916595,0.0087890625,0.0007465214584954083,4.3761734084314735e-05
3375104,-0.004591991069901269,0.39075821451842785,-0.03421754228475038,0.01171875,0.0014976294914958999,4.374466632531149e-05
3376128,-0.0018549838132457808,0.05357656622072682,-0.025084170898480806,0.0068359375,0.0009359619725728408,4.372759856630825e-05
3377152,-0.0012222104269312695,0.4212159386370331,-0.0403525726578664,0.015625,0.0024847931344993412,4.3710530807305005e-05
3378176,-0.0005030099127907306,0.10494905360974371,-0.027119626669446006,0.00830078125,0.0008000976085895672,4.3693463048301766e-05
3379200,-0.0008364295354112983,0.3429346301127225,-0.03679769395967014,0.00390625,0.0003387033211765811,4.367639528929852e-05
3380224,-0.0012157749915786553,0.09764097165316343,-0.029789683350827545,0.0029296875,0.00030642857018392533,4.365932753029528e-05
3381248,-0.001236572308698669,0.33248360757716,-0.03135358457802795,0.0078125,0.0020647214842028916,4.364225977129203e-05
3382272,-0.0010790052765514702,0.06137902452610433,-0.023964530402736273,0.00341796875,0.0006248887366382405,4.362519201228878e-05
3383296,-0.0014733841526322067,0.14078237302601337,-0.029865928619983606,0.0107421875,0.0007756511331535876,4.3608124253285544e-05
3384320,-0.0012277374335099012,0.06306471722200513,-0.023116048156225588,0.00732421875,0.001106668496504426,4.35910564942823e-05
3385344,-0.0010398677295597736,0.3451048422139138,-0.03559147272608243,0.0087890625,0.0012068171199643984,4.357398873527906e-05
3386368,-0.001332018437096849,0.642468479461968,-0.04101756541058421,0.00341796875,0.0005266808293526992,4.3556920976275814e-05
3387392,-0.0014800872595515102,0.39799901749938726,-0.037187337497016415,0.00439453125,0.0006173167639644817,4.3539853217272575e-05
3388416,-0.0007174272177508101,0.06038367381552234,-0.025500463438220322,0.0029296875,0.0006068883085390553,4.3522785458269336e-05
3389440,-0.0012180419289506972,0.913160131778568,-0.04482260131044313,0.0107421875,0.0011955765658058226,4.350571769926609e-05
3390464,-0.0007451750861946493,0.10040934488642961,-0.02888559924758738,0.0087890625,0.0007791599782649428,4.348864994026285e-05
3391488,-0.0005645660712616518,0.03545572655275464,-0.02143978709136718,0.00439453125,0.0005222666804911569,4.3471582181259606e-05
3392512,-0.0011574421951081604,0.056921218638308346,-0.021487777805305086,0.00927734375,0.0013095825124764815,4.345451442225637e-05
3393536,-0.003040582378162071,0.7652817468624562,-0.04039360393653624,0.017578125,0.003177212842274457,4.3437446663253114e-05
3394560,-0.0009175771701848134,0.4284135112538934,-0.03870774744427763,0.0048828125,0.0007034350564936176,4.342037890424987e-05
3395584,-0.000916604432859458,0.3856921112164855,-0.040665981359779835,0.00537109375,0.0005488969327416271,4.340331114524663e-05
3396608,0.0003931526589440182,0.05252552020829171,-0.018328613237827085,0.00439453125,0.0003851942892652005,4.3386243386243384e-05
3397632,-0.0010546133707975969,0.03380817692959681,-0.017448255224735476,0.00634765625,0.001289713560254313,4.3369175627240145e-05
3398656,-0.0018860432028304785,0.0516058326466009,-0.018588442608688638,0.0087890625,0.0010810516396304592,4.33521078682369e-05
3399680,-0.0025194380577886477,0.6589151273947209,-0.043889487205888145,0.00927734375,0.0007378566515399143,4.333504010923366e-05
3400704,-0.0010118759819306433,0.6231957661220804,-0.036495577136520296,0.00732421875,0.00045062691788189113,4.3317972350230415e-05
3401728,-0.0009663327145972289,0.4546330510638654,-0.039971244405023754,0.0048828125,0.000311084499116987,4.3300904591227176e-05
3402752,-0.0005518278194358572,0.06872034631669521,-0.025246242788853124,0.00244140625,0.0004007345996797085,4.328383683222394e-05
3403776,-2.1711217414122075e-05,0.6314544575288892,-0.0393981470624567,0.00244140625,0.00024701155780348927,4.326676907322069e-05
3404800,-0.00039960344292921945,0.12771474989131093,-0.023809495047316886,0.00390625,0.0015704485995229334,4.324970131421745e-05
3405824,-4.303209425415844e-05,0.07914115872699767,-0.022462556957179913,0.00439453125,0.0007655112858628854,4.32326335552142e-05
3406848,-0.001010542007861659,0.07360100408550352,-0.024041097989538684,0.001953125,0.0006501351890619844,4.3215565796210954e-05
3407872,-0.0010405319626443088,0.05065111361909658,-0.017502478482128936,0.00439453125,0.0011203252943232656,4.3198498037207716e-05
3408896,-0.0004148370062466711,0.3873090057168156,-0.03409226919757202,0.00048828125,0.00010941141226794571,4.318143027820447e-05
3409920,-0.0006641866348218173,0.07704002200625837,-0.024377402980462648,0.00830078125,0.002108094297000207,4.316436251920123e-05
3410944,-0.0008934159122873098,0.061452114081475884,-0.025473367219092324,0.00732421875,0.000988065279670991,4.3147294760197985e-05
3411968,-0.0008406068809563294,0.0847867775009945,-0.029950685158837587,0.0078125,0.0015479779976885766,4.3130227001194746e-05
3412992,-0.0015055070107337087,0.11605102417524904,-0.022099606547271833,0.00732421875,0.001203971347422339,4.31131592421915e-05
3414016,-0.0014333709696074948,0.07311719871358946,-0.026019450124294963,0.00537109375,0.000721369928214699,4.309609148318826e-05
3415040,-0.0020761330233654007,0.049637399322818965,-0.022999665707175154,0.0126953125,0.002168468927266076,4.3079023724185016e-05
3416064,-0.0010400575120002031,0.1162575907073915,-0.022841893500299193,0.005859375,0.0011964546429226175,4.306195596518178e-05
3417088,-0.0009469233846175484,0.3601063024252653,-0.038635210163192824,0.00341796875,0.0002957118849735707,4.304488820617854e-05
3418112,-0.00519073881150689,0.8449099203571677,-0.05714327929308638,0.017578125,0.001566523191286251,4.302782044717529e-05
3419136,-0.00033550153602845967,0.07198500004597008,-0.022895034300745465,0.0029296875,0.0003534631832735613,4.301075268817204e-05
3420160,-0.0012288256693864241,0.04684838431421667,-0.02212655995390378,0.00439453125,0.0004389901441754773,4.29936849291688e-05
3421184,-0.0004779504088219255,0.15832961210981011,-0.02699999431570177,0.00341796875,0.0003761908446904272,4.2976617170165556e-05
3422208,-0.0010618420492392033,0.8384876307100058,-0.05395002552540973,0.0009765625,0.0001423639478161931,4.295954941116232e-05
3423232,-0.0019733229564735666,0.6047763363458216,-0.046867196244420484,0.00634765625,0.0008016434730961919,4.294248165215907e-05
3424256,-0.0010449140463606454,0.1175366691313684,-0.027201775264984462,0.005859375,0.0015698520001024008,4.292541389315583e-05
3425280,-0.0014366416144184768,0.06014084815979004,-0.024933427666837815,0.00732421875,0.0020016158232465386,4.2908346134152587e-05
3426304,-0.000621777624473907,0.04893015092238784,-0.016944613748819393,0.0048828125,0.0005348671693354845,4.289127837514935e-05
3427328,-0.0016835744099807926,0.42880572914145887,-0.031582501891534775,0.00439453125,0.00047044127131812274,4.28742106161461e-05
3428352,-0.001692149628070183,0.3830941265914589,-0.02820935030831606,0.00732421875,0.0005783815431641415,4.285714285714286e-05
3429376,0.00011364363308530301,0.05961365613620728,-0.019029896560823545,0.0068359375,0.0011087580642197281,4.284007509813962e-05
3430400,-0.0008424401021329686,0.038909478578716516,-0.0185073650063714,0.00537109375,0.000637998164165765,4.282300733913638e-05
3431424,-0.0006579696928383783,0.44227377022616565,-0.03041890742315445,0.00244140625,0.0004355081036919728,4.2805939580133126e-05
3432448,-0.0016267678583972156,0.961866763420403,-0.050581860094098374,0.00244140625,0.0002829781296895817,4.278887182112988e-05
3433472,0.00010498438496142626,0.11162308242637664,-0.027943300468905363,0.00146484375,0.00030751309532206506,4.277180406212664e-05
3434496,-0.001084024625015445,0.04961593798361719,-0.022314820362225873,0.00732421875,0.0020032202010042965,4.27547363031234e-05
3435520,-0.0008123008592519909,0.0654046256095171,-0.01938233062173822,0.0068359375,0.0008077071543084458,4.273766854412016e-05
3436544,0.00019232291379012167,1.11884343624115,-0.057477950293105096,0.00146484375,0.0001889198465505615,4.272060078511692e-05
3437568,-0.0013207523297751322,0.5601083892397583,-0.03785907890414819,0.0107421875,0.0009039399010362104,4.270353302611367e-05
3438592,-0.0011822057713288814,0.666977840475738,-0.037656220665667206,0.001953125,0.0001750125375110656,4.2686465267110433e-05
3439616,-0.0013275857781991363,0.145561627112329,-0.03061628261639271,0.00830078125,0.0010211276094196364,4.266939750810719e-05
3440640,-0.0008769036357989535,0.4142719388473779,-0.03462905061314814,0.00390625,0.00032900850055739284,4.265232974910395e-05
3441664,-1.063039235305041e-05,0.05813338467851281,-0.02772938975249417,0.00830078125,0.0023927730217110366,4.26352619901007e-05
3442688,-0.002078909514239058,0.7385541996918619,-0.03698771836934611,0.0048828125,0.00048065706505440176,4.2618194231097464e-05
3443712,-0.0002478131209500134,0.06511471222620457,-0.025455944432906108,0.0078125,0.0012823159922845662,4.260112647209422e-05
3444736,0.00046296228538267314,0.746015228331089,-0.049216665676794946,0.005859375,0.0005197960999794304,4.2584058713090966e-05
3445760,-0.0018343310948694125,0.2617500985506922,-0.04107310241670348,0.00390625,0.00021560363529715687,4.256699095408773e-05
3446784,-0.0013164823758415878,0.4245902122929692,-0.03757314442191273,0.0087890625,0.0011544944863999262,4.254992319508448e-05
3447808,-0.001738379884045571,0.413454381050542,-0.03278647564002313,0.0087890625,0.001017572300042957,4.253285543608124e-05
3448832,-0.0005603468453045934,0.10716438200324774,-0.02341159368188528,0.0068359375,0.002460729461745359,4.2515787677078004e-05
3449856,-0.0006768821040168405,0.10539658553898335,-0.02899447725212667,0.0126953125,0.002100524812703952,4.249871991807476e-05
3450880,-0.0020541340054478496,0.6511653282213956,-0.037563594145467505,0.00634765625,0.0006531350081786513,4.248165215907152e-05
3451904,-0.0007637728995177895,0.0777132073417306,-0.018064547024550848,0.00341796875,0.0004373066476546228,4.2464584400068274e-05
3452928,-0.0011929135798709467,0.35529077355749905,-0.02454824830783764,0.0068359375,0.0007282809383468702,4.2447516641065035e-05
3453952,-0.0013126574485795572,0.08216308115515858,-0.028731818616506644,0.01318359375,0.0022989024582784623,4.243044888206179e-05
3454976,0.0004835214785998687,0.07198585872538388,-0.0233568044641288,0.00634765625,0.0009632316796341911,4.241338112305855e-05
3456000,-0.0010992131574312225,0.07392125274054706,-0.023092632043699268,0.0048828125,0.0013035604206379503,4.2396313364055304e-05
3457024,0.00024228480469901115,0.05406247318023816,-0.024050215002716868,0.0048828125,0.0005212434625718743,4.237924560505205e-05
3458048,-0.0008408323337789625,0.4226299551082775,-0.026570092522888444,0.00390625,0.0003080741735175252,4.236217784604881e-05
3459072,-0.002095612493576482,0.07861198869068176,-0.02414083731127903,0.00927734375,0.0011272798146819696,4.234511008704557e-05
3460096,-0.0020616903057089075,0.7507933739107102,-0.05211468646302819,0.017578125,0.002887446084059775,4.232804232804233e-05
3461120,-0.0002564264214015566,0.03596132050734013,-0.021132321973709622,0.0029296875,0.00047103522229008377,4.231097456903908e-05
3462144,-0.0005812496965518221,0.08437047572806478,-0.02244433444866445,0.00634765625,0.002480022783856839,4.2293906810035844e-05
3463168,-0.0007674145890632644,0.07223586575128138,-0.02547299931757152,0.00830078125,0.0009310501482104883,4.2276839051032605e-05
3464192,-0.0015228324773488566,0.11391779128462076,-0.029549118189606816,0.0078125,0.0011141364520881325,4.225977129202936e-05
3465216,-0.0006949704402359203,0.09422313910908997,-0.029643553134519607,0.00537109375,0.00081977630907204,4.224270353302612e-05
3466240,-0.0017356160969939083,0.04584290838101879,-0.02387063168862369,0.00830078125,0.0013768830831395462,4.2225635774022875e-05
3467264,-0.00182552715705242,0.42621248739305884,-0.03137975660501979,0.005859375,0.0006347884627757594,4.2208568015019636e-05
3468288,-0.0010259218543069437,0.0626538103679195,-0.0224207067185489,0.00634765625,0.000748030623071827,4.219150025601639e-05
3469312,-0.0008362475491594523,0.05174279568018392,-0.017467367641074816,0.01220703125,0.00129535463929642,4.217443249701314e-05
3470336,-0.0004538058128673583,0.068091262714006,-0.021802593379106838,0.00537109375,0.0012289008009247482,4.21573647380099e-05
3471360,-0.003201495965186041,0.384276588098146,-0.024157312407623976,0.00927734375,0.0015125925274332985,4.214029697900665e-05
3472384,-0.0007429431279888377,0.14848963543772697,-0.021840706004695676,0.0048828125,0.0008771074353717268,4.2123229220003414e-05
3473408,-0.0008722356869839132,0.8049569413997233,-0.042114658252103254,0.0048828125,0.0004176333313807845,4.210616146100017e-05
3474432,-0.0008313318830914795,0.07841700641438365,-0.022807115397881716,0.005859375,0.0012330173194641247,4.208909370199693e-05
3475456,-0.0006176422321004793,0.04967792989918962,-0.021840636880369857,0.00927734375,0.0031861498864600435,4.2072025942993684e-05
3476480,-0.0010402085026726127,0.12827367277350277,-0.021825677824381273,0.00830078125,0.0008504759025527164,4.2054958183990445e-05
3477504,-0.000574091769522056,0.049796379811596125,-0.022267593292781385,0.00830078125,0.0017987284081755206,4.2037890424987206e-05
3478528,-0.0007384035270661116,0.055512431310489774,-0.01635506633829209,0.0068359375,0.0008718343015061691,4.202082266598396e-05
3479552,-0.0012743418046738952,0.05965801072306931,-0.024277659103972837,0.00537109375,0.0009369759209221229,4.200375490698072e-05
3480576,-0.0002663592604221776,0.13229891075752676,-0.0283550159947481,0.00537109375,0.0005373072490328923,4.1986687147977476e-05
3481600,-0.0008241612813435495,0.7209180700592697,-0.031174970092251897,0.00341796875,0.00039316751644946635,4.196961938897424e-05
3482624,-0.0008284633076982573,0.05433152162004262,-0.022825714277132647,0.00439453125,0.0009976467554224655,4.1952551629970985e-05
3483648,-0.0010854139109142125,1.2356544267386198,-0.0361145785136614,0.001953125,0.0001851215201895684,4.193548387096774e-05
3484672,-0.0009749199816724285,0.08698850451037288,-0.021459099305502605,0.005859375,0.000610579620115459,4.19184161119645e-05
3485696,-0.0019405701896175742,0.52808210067451,-0.03378932672785595,0.0068359375,0.0006884288013679907,4.1901348352961254e-05
3486720,-0.0003290521417511627,0.12518693460151553,-0.02232975531660486,0.00341796875,0.0004328784707468003,4.1884280593958015e-05
3487744,-0.001959368040843401,0.28528132918290794,-0.03662661710404791,0.0029296875,0.0004631078481907025,4.186721283495477e-05
3488768,-0.0007567544016637839,0.23942321841605008,-0.02847993625618983,0.00341796875,0.00030209319083951414,4.185014507595153e-05
3489792,-0.0005524771404452622,0.06271356472279876,-0.01853734590258682,0.0048828125,0.0016173467301996425,4.1833077316948285e-05
3490816,-0.0009605481754988432,0.07335298659745604,-0.015425368289470498,0.0009765625,0.0006298850494204089,4.1816009557945046e-05
3491840,-0.0023538936220575124,0.5095458382274956,-0.03609980703913607,0.0087890625,0.0023386790562653914,4.179894179894181e-05
3492864,-0.0006229680438991636,0.0649298868374899,-0.019579979954869486,0.00341796875,0.00043716099753510207,4.178187403993856e-05
3493888,-0.00030461070127785206,0.15509240911342204,-0.026773377940116916,0.00439453125,0.0005391341401264071,4.176480628093532e-05
3494912,-0.0010538131755311042,0.1031732119154185,-0.021660713449819013,0.005859375,0.0020966580777894706,4.174773852193207e-05
3495936,0.00019699959375429899,0.048724262684118,-0.02083804347057594,0.01220703125,0.0015853208751650527,4.1730670762928825e-05
3496960,-0.00023405044339597225,0.03535379591630772,-0.019060184476984432,0.00244140625,0.0007016584859229624,4.1713603003925586e-05
3497984,-0.0014967542665544897,0.0750303496606648,-0.01764757508863113,0.0078125,0.0012049131182720885,4.169653524492234e-05
3499008,-0.0008434714836766943,0.08057795057538897,-0.02111385042371694,0.00439453125,0.0009404658776475117,4.16794674859191e-05
3500032,-0.0010682552529033273,0.37344865407794714,-0.039755107660312206,0.00341796875,0.0004010860720882192,4.1662399726915856e-05
3501056,-0.00021712722082156688,0.32416359055787325,-0.03100836187513778,0.00537109375,0.0010244503064313903,4.164533196791262e-05
3502080,-0.0013691804342670366,0.06833205430302769,-0.01840000701849931,0.00830078125,0.001996622231672518,4.162826420890937e-05
3503104,-0.00028549996204674244,0.03941179590765387,-0.024716327994610765,0.00634765625,0.001011863729218021,4.161119644990613e-05
3504128,-0.001684013390331529,0.05154343380127102,-0.027219781855819747,0.00927734375,0.0012237873306730762,4.1594128690902886e-05
3505152,-0.0010420877079013735,0.06501176068559289,-0.024228737223893404,0.01123046875,0.005087040844955482,4.157706093189965e-05
3506176,-0.0026430384823470376,0.6623059590347111,-0.040708954038564116,0.0078125,0.0006347712915157899,4.155999317289641e-05
3507200,-0.0006109221139922738,0.055131739005446434,-0.025522692827507854,0.0078125,0.0009991521219490096,4.154292541389315e-05
3508224,-0.0005319427291397005,0.28450083488132805,-0.03161509838537313,0.0068359375,0.0007050996646285057,4.152585765488991e-05
3509248,-0.001213463256135583,0.3588045706273988,-0.028722399118123576,0.00244140625,0.00018858260591514409,4.150878989588667e-05
3510272,-0.00040280875691678375,0.06013046018779278,-0.01943620206657215,0.00341796875,0.0005512532079592347,4.1491722136883426e-05
3511296,-0.0004039946506964043,0.04962503764545545,-0.023746027962260996,0.0068359375,0.000590746640227735,4.147465437788019e-05
3512320,-0.0002850950404535979,0.06631781440228224,-0.02596077972702915,0.00341796875,0.00046057868166826665,4.145758661887694e-05
3513344,-0.0011759115877794102,0.8267298508435488,-0.04480951762525365,0.0048828125,0.0007369355589617044,4.14405188598737e-05
3514368,-0.0006989867251832038,0.7231893250718713,-0.04252509828074835,0.0029296875,0.0006023696478223428,4.142345110087046e-05
3515392,-0.00023490266175940633,0.11998360673896968,-0.022444846492362558,0.00927734375,0.002255554325529374,4.140638334186722e-05
3516416,-0.0010699145204853266,0.05245700309751555,-0.019258431195339654,0.0068359375,0.0011580309801502153,4.138931558286397e-05
3517440,-0.0011710226390277967,0.29652746114879847,-0.03312948960228823,0.00439453125,0.0008072038181126118,4.137224782386073e-05
3518464,-0.0006443892198149115,0.44564923783764243,-0.03350999022950418,0.00634765625,0.0008331700810231268,4.135518006485749e-05
3519488,-0.0044888503616675735,1.4119868846610188,-0.06992138811619952,0.0146484375,0.0009842972649494186,4.133811230585425e-05
3520512,-0.0006296572100836784,0.09033572487533092,-0.02281021205635625,0.00146484375,0.0003259743098169565,4.1321044546850996e-05
3521536,-0.001780460137524642,0.0657185023301281,-0.02284038154175505,0.00927734375,0.0007620923279318959,4.130397678784775e-05
3522560,-0.0007512448937632143,0.03776244883192703,-0.016674182304996066,0.0048828125,0.0009755080682225525,4.128690902884451e-05
3523584,-0.001544799844850786,0.40633822581730783,-0.03244235023157671,0.00537109375,0.0009365703299408779,4.126984126984127e-05
3524608,-0.0016752714873291552,0.39618015359155834,-0.03424848531722091,0.00927734375,0.0008857730281306431,4.125277351083803e-05
3525632,-0.000979193690000102,0.125608027796261,-0.02202036564995069,0.0078125,0.0018198313046013936,4.123570575183479e-05
3526656,-0.00188779691234231,0.30991772492416203,-0.03693096118513495,0.0087890625,0.0007133057224564254,4.121863799283154e-05
3527680,-0.001340066228294745,0.3669946977170184,-0.028022132984915515,0.0087890625,0.004722663958091289,4.1201570233828304e-05
3528704,-0.0007967033743625507,0.04931339086033404,-0.02523431022564182,0.0078125,0.0007394047133857384,4.118450247482506e-05
3529728,-0.00027457297255750746,0.08534342632628977,-0.02545243214990478,0.00341796875,0.0008535377855878323,4.116743471582182e-05
3530752,-0.0010508710984140635,0.04243489686632529,-0.02251867452287115,0.005859375,0.0028893519920529798,4.1150366956818573e-05
3531776,-0.0003638905182015151,0.05162973690312356,-0.02170598452357808,0.0068359375,0.001765941095072776,4.1133299197815334e-05
3532800,-0.0015808891621418297,0.06575452128890902,-0.029616666106448974,0.00634765625,0.0014420414809137583,4.111623143881208e-05
3533824,-0.0004350663220975548,0.06431242928374559,-0.023978078228537925,0.01220703125,0.002570010401541367,4.1099163679808836e-05
3534848,-0.0010393431439297274,0.8020599242299795,-0.03447873888944741,0.0087890625,0.0012296803324716166,4.10820959208056e-05
3535872,-0.001054914144333452,0.04093583929352462,-0.02035812530084513,0.0078125,0.0027728714630939066,4.106502816180235e-05
3536896,-0.0007593625923618674,0.12580516783054918,-0.030402080505155027,0.0048828125,0.0008902931731427088,4.104796040279911e-05
3537920,0.00020707891962956637,0.06480301904957741,-0.02832450473579229,0.0048828125,0.0008808812708593905,4.1030892643795874e-05
3538944,-0.0006638083577854559,0.5196405630558729,-0.03445181356801186,0.01123046875,0.001234195864526555,4.101382488479263e-05
3539968,-0.001962550391908735,0.05703022889792919,-0.0253134169470286,0.00634765625,0.0011214419646421447,4.099675712578939e-05
3540992,-0.0006500759700429626,0.07298913493286818,-0.02121585454005981,0.00244140625,0.00015072425594553351,4.0979689366786144e-05
3542016,-0.00048070153570733964,0.09764255932532251,-0.026746892770461272,0.00537109375,0.00047927342529874295,4.0962621607782905e-05
3543040,-0.00022947313846088946,0.5145007085520774,-0.04386673524277285,0.00390625,0.0003991851845057681,4.094555384877966e-05
3544064,-0.0010517929040361196,0.05705894879065454,-0.02982063808303792,0.009765625,0.0014884189731674269,4.092848608977642e-05
3545088,-0.001238825629116036,0.46068458491936326,-0.02734350084574544,0.00927734375,0.000886254056240432,4.0911418330773175e-05
3546112,-8.13460792414844e-05,0.039363867486827075,-0.01997532274981495,0.00244140625,0.001017809845507145,4.089435057176992e-05
3547136,-0.0020442772074602544,0.42485104547813535,-0.03559351805597544,0.01025390625,0.0008497998205712065,4.087728281276668e-05
3548160,-0.0013738688357989304,0.28326061624102294,-0.03260880563175306,0.0107421875,0.0008598894928582013,4.086021505376344e-05
3549184,-0.0016834151756484061,0.04603619332192466,-0.018226963558845455,0.00537109375,0.0014342024660436437,4.08431472947602e-05
3550208,-0.001451899719540961,0.09661863592918962,-0.026926875958452,0.0107421875,0.0016863809287315235,4.082607953575695e-05
3551232,-0.0006932441901881248,0.9356394102796912,-0.047673056134954095,0.00439453125,0.000388210013625212,4.0809011776753714e-05
3552256,-0.0006695534975733608,0.19399058795534074,-0.0280426568351686,0.0068359375,0.0004863878566538915,4.0791944017750475e-05
3553280,-0.00029634765814989805,0.3026183274341747,-0.03024074446511804,0.00146484375,0.00019882545166183263,4.077487625874723e-05
3554304,-0.0003394627710804343,0.6223895018920302,-0.024263247789349407,0.00244140625,0.0006589537078980356,4.075780849974399e-05
3555328,-0.0003417966654524207,0.1088267908198759,-0.020034293566368433,0.00537109375,0.000889417453436181,4.0740740740740745e-05
3556352,-0.0010009413381339982,0.10760246822610497,-0.022025450085493503,0.0029296875,0.000516055486514233,4.0723672981737506e-05
3557376,-0.00010465244122315198,0.08777077007107437,-0.020091243750357535,0.00244140625,0.00028796026890631765,4.070660522273426e-05
3558400,-0.001869846906629391,0.054451638367027044,-0.021774929700768553,0.0068359375,0.0018626301462063566,4.068953746373101e-05
3559424,-0.0005541581485886127,0.09337786817923188,-0.02413002387038432,0.00830078125,0.0008167238993337378,4.067246970472777e-05
3560448,0.001556749310111627,0.07188579556532204,-0.01834254777031674,0.005859375,0.0017950853653019294,4.065540194572452e-05
3561472,-0.000598761449509766,0.06281194859184325,-0.023189284082036465,0.00390625,0.000726278405636549,4.0638334186721284e-05
3562496,-0.0010354308469686657,0.12153197452425957,-0.02752071821305435,0.00634765625,0.0012118605663999915,4.062126642771804e-05
3563520,-0.000944063562201336,0.03301610267953947,-0.020401142610353418,0.00439453125,0.0014117715472821146,4.06041986687148e-05
3564544,-0.0018780858954414725,0.5619482579641044,-0.0384548973524943,0.0029296875,0.00022595572227146477,4.0587130909711554e-05
3565568,-0.0007703002484049648,0.4869798319414258,-0.03178490782738663,0.0068359375,0.002222147144493647,4.0570063150708315e-05
3566592,-0.0010222573182545602,0.052879754453897476,-0.026580432059745362,0.00634765625,0.0006217737100087106,4.0552995391705076e-05
3567616,0.0015037028642836958,0.07968784926924855,-0.017378124539391138,0.009765625,0.002638001649756916,4.053592763270183e-05
3568640,-0.0013409821476670913,0.37787233851850033,-0.037082937167724594,0.00341796875,0.0007473460427718237,4.051885987369859e-05
3569664,-0.0003421583824092522,0.07154213287867606,-0.023673066090850625,0.00244140625,0.00045760795183014125,4.0501792114695346e-05
3570688,-0.0004888277035206556,0.07972252182662487,-0.021996193885570392,0.005859375,0.0012488694628700614,4.0484724355692094e-05
3571712,-0.002526421390939504,0.6350778141058981,-0.038936475990340114,0.02001953125,0.004506236771703698,4.0467656596688855e-05
3572736,-0.001254819508176297,0.1048074068967253,-0.024182754365028813,0.00830078125,0.0015616775926901028,4.045058883768561e-05
3573760,-4.153556074015796e-05,0.10826031886972487,-0.028484685841249302,0.0048828125,0.0006807005120208487,4.043352107868237e-05
3574784,-0.0017240992456208915,0.507615924347192,-0.03350145198055543,0.00537109375,0.0013452593120746315,4.0416453319679125e-05
3575808,-0.0008444828927167691,0.08025727304629982,-0.025485286058028578,0.0087890625,0.0013103688397677615,4.0399385560675886e-05
3576832,5.49126707483083e-06,0.04889478033874184,-0.024353860080736922,0.00390625,0.0003498086443869397,4.038231780167264e-05
3577856,-0.000729575622244738,0.08465258940123022,-0.017874252015644743,0.00732421875,0.0012688296264968812,4.03652500426694e-05
3578880,-0.0007325839906116016,0.6941312917042524,-0.037379848188720644,0.00390625,0.00037044934288132936,4.0348182283666155e-05
3579904,-0.001067227014573291,0.11422553658485413,-0.0257341413780523,0.00830078125,0.001422551998985,4.0331114524662917e-05
3580928,-0.0005005113780498505,0.030717255838681012,-0.019803244156719302,0.005859375,0.0007844806532375515,4.031404676565968e-05
3581952,-0.0011950035113841295,0.5520672299899161,-0.02808481677493546,0.00537109375,0.0008749362896196544,4.029697900665643e-05
3582976,-0.0009829335758695379,0.04261085210600868,-0.021087345012347214,0.00341796875,0.0006619153282372281,4.027991124765319e-05
3584000,-0.00012527836952358484,0.3354126550257206,-0.032924573752097785,0.0048828125,0.0016944462258834392,4.026284348864994e-05
3585024,0.0006368702306644991,0.07661715266294777,-0.020494328564382158,0.00341796875,0.0007124528783606365,4.0245775729646695e-05
3586048,7.939095667097718e-05,0.038129575084894896,-0.019963516506322776,0.00244140625,0.0005054831126471981,4.0228707970643456e-05
3587072,-0.0017712310473143589,0.0802513494854793,-0.020555301118292846,0.01513671875,0.002434330730466172,4.021164021164021e-05
3588096,-0.0008301811758428812,0.05151600111275911,-0.024287421608278237,0.005859375,0.0006833495572209358,4.019457245263697e-05
3589120,-0.0014625001786043867,0.4246454364620149,-0.032657892763381824,0.005859375,0.0005044423451181501,4.0177504693633726e-05
3590144,-0.0005586484912782907,0.05318554618861526,-0.020611282732261316,0.0029296875,0.0002895140496548265,4.016043693463049e-05
3591168,-0.000880541185324546,0.039327481063082814,-0.017672512352874037,0.0048828125,0.0011462421534815803,4.014336917562724e-05
3592192,-0.0009243121312465519,0.025346451380755752,-0.020395387728967762,0.01025390625,0.002115328301442787,4.0126301416624e-05
3593216,3.763299173442647e-05,0.05573706771247089,-0.022313894396120304,0.00634765625,0.0010656948579708114,4.010923365762076e-05
3594240,-0.0018509019137127325,0.3898657044628635,-0.028305309493589448,0.005859375,0.0006503679032903165,4.009216589861752e-05
3595264,-0.0005353430315153673,0.10993251379113644,-0.02338371296355035,0.00341796875,0.0007560695521533489,4.007509813961428e-05
3596288,-0.00026109312602784485,0.07886313961353153,-0.019844148933771066,0.00390625,0.0013326816551852971,4.005803038061102e-05
3597312,-0.0025210145831806585,0.06936046574264765,-0.020372198923723772,0.0087890625,0.003638023612438701,4.004096262160778e-05
3598336,-0.0011585031461436301,0.04952576133655384,-0.028340995660983026,0.00634765625,0.0023262283066287637,4.002389486260454e-05
3599360,-0.0011651609383989125,0.8341856158804148,-0.03685164105263539,0.0068359375,0.0019258592801634222,4.0006827103601296e-05
3600384,-0.0018337358487769961,0.35000729793682694,-0.03331801842432469,0.00537109375,0.00041553225310053676,3.998975934459806e-05
3601408,-0.0014589655329473317,0.04910481016850099,-0.019078889234151575,0.0078125,0.0007208928582258523,3.997269158559481e-05
3602432,-0.003034070075955242,0.4770703357644379,-0.039201933541335166,0.009765625,0.001011153100989759,3.995562382659157e-05
3603456,-0.0012024135648971424,0.06655701762065291,-0.019065369851887226,0.0078125,0.0014922409609425813,3.993855606758833e-05
3604480,-0.0009585466323187575,0.07784871046897024,-0.02437620790260553,0.00439453125,0.0012303697294555604,3.992148830858509e-05
3605504,-0.0007963576936163008,0.7726756783667952,-0.03689354186644778,0.00537109375,0.0009358809911645949,3.990442054958184e-05
3606528,-0.0015176701126620173,0.3852807539515197,-0.032718048052629456,0.01025390625,0.002017980514210649,3.9887352790578604e-05
3607552,-0.001282579185499344,0.35197658790275455,-0.03145518060773611,0.00634765625,0.0005319319316186011,3.987028503157536e-05
3608576,-0.0003811107744695619,0.05267101956997067,-0.021412396272353362,0.00341796875,0.0004582356195896864,3.985321727257212e-05
3609600,-0.0019790900114458054,0.6805520444177091,-0.0297298263576522,0.00390625,0.000636452590697445,3.9836149513568866e-05
3610624,-8.145885658450425e-05,0.06278426153585315,-0.02741976063407492,0.00341796875,0.001050538383424282,3.981908175456562e-05
3611648,-0.0013084302918286994,0.07994216016959399,-0.02334026139760681,0.01220703125,0.0017882085085147992,3.980201399556238e-05
3612672,-0.0011754737352021039,0.03253965574549511,-0.020090307232749183,0.00634765625,0.0010993547621183097,3.978494623655914e-05
3613696,-0.00043628562707453966,0.06369455915410072,-0.024853891494785785,0.005859375,0.0010087231639772654,3.97678784775559e-05
3614720,-0.00232047273311764,0.4325341642834246,-0.03295782004715875,0.01318359375,0.002467929240083322,3.975081071855266e-05
3615744,-0.0010278340705554,0.12508820195216686,-0.022062727657612413,0.0078125,0.0011735354928532615,3.973374295954941e-05
3616768,-0.0013463677605614066,0.38763561961241066,-0.028789104937459342,0.0029296875,0.00043911005195695907,3.9716675200546174e-05
3617792,-0.0002178814320359379,0.08454083546530455,-0.02114808907299448,0.00341796875,0.0005316513561410829,3.969960744154293e-05
3618816,-0.00034147428232245147,0.5440048231976107,-0.034059598357998766,0.00439453125,0.0036080405552638695,3.968253968253969e-05
3619840,9.459983266424388e-05,0.41096821054816246,-0.03743895870866254,0.00732421875,0.0014565219171345234,3.9665471923536444e-05
3620864,-0.0004987758002243936,0.12734991824254394,-0.020853937530773692,0.00537109375,0.0009661526419222355,3.9648404164533205e-05
3621888,-0.0007006043160799891,0.6884917635470629,-0.04366242216201499,0.00048828125,0.0001438952749595046,3.963133640552995e-05
3622912,-0.00374756584642455,0.36572960834018886,-0.03471955715212971,0.01220703125,0.0018833861395251006,3.9614268646526707e-05
3623936,-0.0008333368023158982,0.05106936674565077,-0.022208164999028668,0.0068359375,0.0008851492166286334,3.959720088752347e-05
3624960,-0.0011026049760403112,0.04728364309994504,-0.023619015868916904,0.00830078125,0.000684385362546891,3.958013312852022e-05
3625984,-0.0006530395476147532,0.03157135203946382,-0.022619593943090877,0.0087890625,0.0011888076405739412,3.956306536951698e-05
3627008,-0.000487629760755226,0.07397610833868384,-0.021889688869123347,0.00634765625,0.0009835039236349985,3.9545997610513744e-05
3628032,0.001374434941681102,1.2464570570737123,-0.06225095456466079,0.00830078125,0.0008188589999917895,3.95289298515105e-05
3629056,-0.0011019018638762645,0.31011145503725857,-0.03563514878260321,0.00244140625,0.00025141633523162454,3.951186209250726e-05
3630080,-0.0013633858179673553,0.049418418610002846,-0.024096945009659976,0.0087890625,0.0005304573860485107,3.9494794333504014e-05
3631104,-0.0004983886901754886,0.041039859876036644,-0.019968022192188073,0.00390625,0.0005306489329086617,3.9477726574500775e-05
3632128,-0.0008505944570060819,0.10341416159644723,-0.024332913395483047,0.00830078125,0.0009091092942981049,3.946065881549753e-05
3633152,-0.001321339572314173,0.062408735626377165,-0.02344638003705768,0.00927734375,0.0020107046875637025,3.944359105649429e-05
3634176,-0.0007268694753292948,0.07786693098023534,-0.026077127804455813,0.005859375,0.0006711408932460472,3.942652329749104e-05
3635200,-4.8696150770410895e-05,0.09866347000934184,-0.023593291647557635,0.00390625,0.0007885471277404577,3.940945553848779e-05
3636224,-0.0016423557535745203,0.08103112631943077,-0.022336963389534503,0.0087890625,0.002389332003076561,3.9392387779484553e-05
3637248,-0.0010453217837493867,0.42756235459819436,-0.034823089255951345,0.009765625,0.0005804240936413407,3.937532002048131e-05
3638272,-0.0016198162629734725,0.04917648440459743,-0.021547821575950366,0.0087890625,0.001865728190750815,3.935825226147807e-05
3639296,-0.00027159115415997803,0.07619634724687785,-0.02421501246135449,0.0048828125,0.0009137440356425941,3.934118450247482e-05
3640320,-0.0008107189205475152,0.27617389865918085,-0.03298720542807132,0.00439453125,0.0012077362916897982,3.9324116743471584e-05
3641344,-0.0006884357135277241,0.06194347084965557,-0.02238937507445371,0.01318359375,0.0018804185092449188,3.9307048984468345e-05
3642368,-0.0021451905777212232,0.40175700129475445,-0.03696252388181165,0.01220703125,0.0015823083376744762,3.92899812254651e-05
3643392,-0.0015139468741836026,0.32626502483617514,-0.030734767293324694,0.0087890625,0.0008294456638395786,3.927291346646186e-05
3644416,-0.00025191727036144584,0.05624270043335855,-0.017759788535613552,0.00244140625,0.0007559691439382732,3.9255845707458615e-05
3645440,-0.0010700562852434814,0.07618429441936314,-0.020241349120624363,0.0048828125,0.0009167088137473911,3.9238777948455376e-05
3646464,-0.0008413167088292539,0.05367896950338036,-0.020228896610205993,0.00634765625,0.0007080403593135998,3.922171018945213e-05
3647488,-0.000616543649812229,0.06420976953813806,-0.023912998281957698,0.00537109375,0.0008047141600400209,3.920464243044888e-05
3648512,-0.0006864423339720815,0.13569597410969436,-0.021419593162136152,0.00341796875,0.0003936712018912658,3.918757467144564e-05
3649536,-9.269144356949255e-06,0.10301928909029812,-0.022559815435670316,0.00244140625,0.00029225753678474575,3.9170506912442394e-05
3650560,-0.00184796100074891,0.08063324575778097,-0.02126761408726452,0.013671875,0.004181166950729676,3.9153439153439155e-05
3651584,-0.0024886670435080305,0.4117929540807381,-0.03567982187814778,0.00927734375,0.0007848149543860927,3.913637139443591e-05
3652608,-0.0003736857033800334,0.09267772105522454,-0.01955231810643454,0.0029296875,0.0005533599178306758,3.911930363543267e-05
3653632,-0.0007731787773082033,0.16985737439244986,-0.02496949849592056,0.00732421875,0.0007217195379780605,3.9102235876429424e-05
3654656,-0.00045030235196463764,0.03529549029190093,-0.022172205848619342,0.0029296875,0.00028604564431589097,3.9085168117426186e-05
3655680,-0.0005123454902786762,0.056418829364702106,-0.02506145397092041,0.00537109375,0.0005532639042939991,3.906810035842295e-05
3656704,-0.0009072098036995158,0.14450928824953735,-0.02246491345249524,0.0048828125,0.0006944637279957533,3.90510325994197e-05
3657728,-0.0006045490627002437,0.3942439859965816,-0.02563593261038477,0.00830078125,0.0009160776098724455,3.903396484041646e-05
3658752,-0.0012894092651549727,0.05960336816497147,-0.022301330631307792,0.0087890625,0.0017610510985832661,3.9016897081413216e-05
3659776,-0.0011250098759774119,0.1368324300274253,-0.024749333126237616,0.00634765625,0.0007518049533246085,3.8999829322409964e-05
3660800,-0.0014246888749767095,0.057863374473527074,-0.024156516621587798,0.00439453125,0.005151272504008375,3.8982761563406725e-05
3661824,-0.0012976122088730335,0.7353852395899594,-0.033409268624382094,0.00390625,0.0004336848796810955,3.896569380440348e-05
3662848,-0.0006203603697940707,0.04346576542593539,-0.02014083249741816,0.00439453125,0.0004601914406521246,3.894862604540024e-05
3663872,-0.00024631372070871294,0.44649130920879543,-0.02920843067840906,0.00146484375,0.00012672158482018858,3.8931558286396995e-05
3664896,-0.0017295287252636626,0.525684792548418,-0.03192167074303143,0.01318359375,0.0026122752024093643,3.8914490527393756e-05
3665920,-0.0026614309463184327,0.6697637343313545,-0.04070887190755457,0.01220703125,0.0011690285755321383,3.889742276839051e-05
3666944,-0.0013820270396536216,0.07245379302185029,-0.017155279048893135,0.00439453125,0.0015181965427473187,3.888035500938727e-05
3667968,-0.0002162567398045212,0.10364810843020678,-0.02820372689893702,0.005859375,0.0006799087423132733,3.8863287250384026e-05
3668992,-0.0010253159125568345,0.061436471063643694,-0.022229719819733873,0.00390625,0.0002622973406687379,3.884621949138079e-05
3670016,-0.0011956040398217738,0.6378484326414764,-0.03520438998384634,0.00439453125,0.0006903185858391225,3.882915173237755e-05
3671040,-0.00038624057197012007,0.03243107919115573,-0.022424572613090277,0.00390625,0.0006664900574833155,3.88120839733743e-05
3672064,-0.00040115062438417226,0.39944387529976666,-0.028575208998518065,0.009765625,0.001239351840922609,3.879501621437106e-05
3673088,-0.0017416866321582347,0.37005812395364046,-0.03601485330727883,0.00732421875,0.00044963715481571853,3.8777948455367804e-05
3674112,0.0004577120707836002,0.06032915855757892,-0.021845710290563147,0.00830078125,0.0015935749688651413,3.8760880696364565e-05
3675136,6.166506500449032e-05,0.11414676939602941,-0.01997405222209636,0.00244140625,0.0002132847876055166,3.8743812937361326e-05
3676160,-0.00102067795523908,0.052922115952242166,-0.0211451408144967,0.00390625,0.0003794791700784117,3.872674517835808e-05
3677184,-0.0007978583889780566,0.08838888246100396,-0.022064948845581966,0.00390625,0.0002893416676670313,3.870967741935484e-05
3678208,-0.0007452375866705552,0.36728837178088725,-0.036928816203726456,0.00732421875,0.0004599890817189589,3.8692609660351596e-05
3679232,-0.0010144391853827983,0.05824798799585551,-0.023817975277779624,0.00390625,0.0010330621880711988,3.867554190134836e-05
3680256,-0.001238879922311753,0.05121460440568626,-0.0190626104013063,0.00341796875,0.0009575506846886128,3.865847414234511e-05
3681280,-0.0012238939089002088,0.05853069724980742,-0.025149958081783552,0.0078125,0.001661222951952368,3.864140638334187e-05
3682304,-0.0018694731988944113,0.04350778448861092,-0.02193770337908063,0.00830078125,0.001519994650152512,3.862433862433863e-05
3683328,-0.0012174672592664137,1.0799693646840751,-0.060094261076301336,0.00439453125,0.0003621961805038154,3.860727086533539e-05
3684352,-0.0004693071823567152,0.44724532472901046,-0.033597269328311086,0.00244140625,0.000318649661494419,3.859020310633214e-05
3685376,-0.000910319882677868,0.42685976496431977,-0.029414524484309368,0.00732421875,0.00048355304170399904,3.857313534732889e-05
3686400,-0.0011619915312621742,1.440433037467301,-0.0673607480712235,0.0078125,0.0008643390174256638,3.855606758832565e-05
3687424,-0.00308940903050825,0.4236227278597653,-0.0336559167917585,0.0107421875,0.0011894504859810695,3.8538999829322405e-05
3688448,-0.0013281939318403602,0.07516742683947086,-0.023409206554788398,0.005859375,0.0010859312897082418,3.8521932070319166e-05
3689472,-0.0009376245870953426,0.4050711307208985,-0.029916700965259224,0.0048828125,0.0003794754156842828,3.850486431131593e-05
3690496,-0.0008144224739226047,0.09508100314997137,-0.021087442815769464,0.005859375,0.0011168311175424606,3.848779655231268e-05
3691520,-0.0020303791170590557,0.3615135634317994,-0.028940867981873453,0.0029296875,0.0005658487061737105,3.847072879330944e-05
3692544,-0.0006273350882111117,0.08781305595766753,-0.022312141278234776,0.00244140625,0.00035606241726782173,3.84536610343062e-05
3693568,-0.003301517106592655,1.0445251064375043,-0.046211712586227804,0.0166015625,0.001911756451590918,3.843659327530296e-05
3694592,-0.0010876577580347657,0.40817230101674795,-0.027947440919888322,0.00927734375,0.0012733850307995453,3.841952551629971e-05
3695616,-0.0005983546579955146,0.05279966979287565,-0.02096691702172393,0.00390625,0.0004800463648280129,3.8402457757296474e-05
3696640,-0.001080483547411859,0.05654620938003063,-0.025022734014783055,0.00390625,0.0008340193890035152,3.838538999829323e-05
3697664,-7.01559183653444e-05,0.041832514049019665,-0.02226069879543502,0.00732421875,0.0005565622413996607,3.8368322239289976e-05
3698688,-0.0016582368116360158,0.084833073313348,-0.022720642310559924,0.00830078125,0.0014006960118422285,3.835125448028674e-05
3699712,-0.0015079393197083846,0.3518013444263488,-0.033256801005336456,0.013671875,0.0018827177700586617,3.833418672128349e-05
3700736,-0.0010881008201977238,0.17958968016318977,-0.02871511900684709,0.01025390625,0.0014684705820400268,3.831711896228025e-05
3701760,-0.0010108973074238747,0.07837012421805412,-0.024454069458442973,0.0048828125,0.0004524367250269279,3.8300051203277006e-05
3702784,-0.001332457788521424,0.12135648948606104,-0.02257669005484786,0.00634765625,0.0005082900606794283,3.828298344427377e-05
3703808,-0.00037787476321682334,0.06758668145630509,-0.021672113754902966,0.0068359375,0.0007655441731913015,3.826591568527053e-05
3704832,-0.0008495325746480376,0.09230631892569363,-0.01895396886538947,0.0029296875,0.001498277168138884,3.824884792626728e-05
3705856,-0.00019735220848815516,0.419034136692062,-0.029153024006518535,0.00439453125,0.000374270835891366,3.8231780167264044e-05
3706880,-0.002156170114176348,0.4041410649660975,-0.0349513509136159,0.01123046875,0.0017507874290458858,3.82147124082608e-05
3707904,-0.0013653076530317776,0.48971224785782397,-0.031303893963922746,0.0048828125,0.00035878506605513394,3.819764464925756e-05
3708928,-0.0004884352456429042,0.3463442127685994,-0.02593469736893894,0.00146484375,9.141037298832089e-05,3.8180576890254314e-05
3709952,-0.0005213269178057089,0.0674842424923554,-0.02175653216727369,0.00390625,0.001066047276253812,3.8163509131251075e-05
3710976,-0.0009020292345667258,0.43815524969249964,-0.03369652714172844,0.0048828125,0.00048070467892102897,3.814644137224782e-05
3712000,-0.001430556658306159,0.15620252396911383,-0.026856405689613894,0.0068359375,0.0008482410630676895,3.812937361324458e-05
3713024,-0.0015630150446668267,0.08000113081652671,-0.021557870815740898,0.00732421875,0.0022029131650924683,3.811230585424134e-05
3714048,-0.0008882884067134,0.7857188361231238,-0.03439307812368497,0.0048828125,0.0004938240308547392,3.809523809523809e-05
3715072,-0.0009769948082976043,0.06508790876250714,-0.023347153335635085,0.00537109375,0.0005732680292567238,3.807817033623485e-05
3716096,-0.0011012254690285772,0.05179526575375348,-0.01707338655978674,0.00732421875,0.001248917615157552,3.806110257723161e-05
3717120,-0.0010836563596967608,0.3702593215275556,-0.03177507856162265,0.00390625,0.00026722688926383853,3.804403481822837e-05
3718144,-0.0008717426971998066,0.08373687707353383,-0.019230291072744876,0.0068359375,0.0005767284310422838,3.802696705922513e-05
3719168,-0.0011277562734903768,0.7014132081530988,-0.0432544982759282,0.009765625,0.0008657164435135201,3.8009899300221884e-05
3720192,-2.1609972463920712e-05,0.41584817692637444,-0.03651367293787189,0.0048828125,0.0005455841455841437,3.7992831541218645e-05
3721216,-0.0026443850074429065,0.9950226496439427,-0.04774882210767828,0.01806640625,0.0024320959782926366,3.79757637822154e-05
3722240,-0.002231596241472289,0.11061802110634744,-0.020883961915387772,0.005859375,0.002500517322914675,3.795869602321216e-05
3723264,-0.0020786280219908804,0.48558255727402866,-0.04398460121592507,0.00732421875,0.0006408877525245771,3.794162826420891e-05
3724288,-0.0008485266589559615,0.03773828991688788,-0.019744016201002523,0.001953125,0.00017907148867379874,3.792456050520566e-05
3725312,-0.0018393530772300437,0.0748877819860354,-0.02223445873187302,0.009765625,0.001249948749318719,3.7907492746202424e-05
3726336,0.0007477060426026583,0.08061798557173461,-0.01843331091777145,0.00634765625,0.0012614151055458933,3.789042498719918e-05
3727360,-0.0010169049201067537,0.07164112420286983,-0.022659337948425673,0.005859375,0.000572640827158466,3.787335722819594e-05
3728384,-0.00019954884191974998,0.05857955774990842,-0.022183263092301786,0.00439453125,0.0004283119196770713,3.7856289469192693e-05
3729408,-0.000748843711335212,0.20411600498482585,-0.019614841006841743,0.00341796875,0.0006770119944121689,3.7839221710189455e-05
3730432,0.0005589863067143597,0.1006317682331428,-0.02721825963089941,0.0087890625,0.001134464589995332,3.782215395118621e-05
3731456,-0.0006451942535932176,0.08158353314502165,-0.027234787863562815,0.009765625,0.0009976103174267337,3.780508619218297e-05
3732480,-0.000640008962363936,0.059479500458110124,-0.018714879493472836,0.00732421875,0.0008477990631945431,3.778801843317973e-05
3733504,-0.0003334807697683573,0.049145600001793355,-0.024013615346120787,0.00732421875,0.0011061606783187017,3.7770950674176485e-05
3734528,-0.0018700349173741415,0.7016295334324241,-0.0385706333181588,0.00537109375,0.0002773892629193142,3.7753882915173246e-05
3735552,-0.0025137783668469638,0.7960415133275092,-0.04271384942694567,0.01123046875,0.0010801047465065494,3.7736815156169994e-05
3736576,-0.0009151305421255529,0.12503829482011497,-0.017157730293547502,0.00634765625,0.0009433634695596993,3.771974739716675e-05
3737600,-0.0011438680230639875,0.34294138208497316,-0.02922445215517655,0.0068359375,0.0004489333659876138,3.770267963816351e-05
3738624,-0.0005378499918151647,0.044715228490531445,-0.026142965543840546,0.00830078125,0.0007696732209296897,3.7685611879160264e-05
3739648,-0.0019315891404403374,0.8803610661998391,-0.04365502917789854,0.0048828125,0.0005573922535404563,3.7668544120157025e-05
3740672,-0.0007408905657939613,0.08940214209724218,-0.018980787812324706,0.00390625,0.001051504208589904,3.765147636115378e-05
3741696,-0.0005352719454094768,0.06404654122889042,-0.020134391448664246,0.0078125,0.0012799644464394078,3.763440860215054e-05
3742720,-0.0006871825462440029,0.0497109885327518,-0.021428249547170708,0.00244140625,0.000362458624294959,3.7617340843147295e-05
3743744,-0.0015123665798455477,0.08638139243703336,-0.02246683534758631,0.0048828125,0.0005367971753003076,3.7600273084144056e-05
3744768,-0.0004827320735785179,0.07852265052497387,-0.021115993047715165,0.00390625,0.00041169000905938447,3.758320532514081e-05
3745792,-0.0006724797276547179,0.37604556896258146,-0.029357391671510413,0.0078125,0.0011209804069949314,3.756613756613757e-05
3746816,-0.0009504272893536836,0.44567355746403337,-0.0299009112695785,0.001953125,0.0002704410144360736,3.754906980713433e-05
3747840,0.00010154883784707636,0.049725788237992674,-0.020113377571760793,0.00341796875,0.0005099379341118038,3.7532002048131087e-05
3748864,-0.0006764306162949651,0.2149484344990924,-0.026796755963005126,0.00146484375,0.00018299432122148573,3.7514934289127834e-05
3749888,-0.0011044653074350208,0.18770906468853354,-0.013084245149002527,0.00390625,0.001263434678548947,3.7497866530124595e-05
3750912,4.095054464414716e-07,0.0646171944681555,-0.01959866067409166,0.00146484375,0.00014241549069993198,3.748079877112135e-05
3751936,-0.0013702868891414255,0.08074043254600838,-0.019133624692585727,0.0087890625,0.001325241639278829,3.746373101211811e-05
3752960,-0.00045247691741678864,0.08237612131051719,-0.02168797993363114,0.0087890625,0.0011935505899600685,3.7446663253114865e-05
3753984,-0.00011735130101442337,0.5534541916567832,-0.04119685053592548,0.00146484375,0.00022998616623226553,3.7429595494111626e-05
3755008,-0.0022639344970230013,0.07938468991778791,-0.024584639962995425,0.0107421875,0.002603918022941798,3.741252773510838e-05
3756032,-0.00033797566720750183,0.058784834924153984,-0.018029839519158486,0.0048828125,0.00048138857528101653,3.739545997610514e-05
3757056,-0.0019037174643017352,0.4242590214125812,-0.037901681498624384,0.005859375,0.0005688129604095593,3.7378392217101896e-05
3758080,-0.0003161353452014737,0.07665172591805458,-0.022361686424119398,0.00439453125,0.0004505839024204761,3.736132445809866e-05
3759104,-0.0003303081321064383,0.04604544909670949,-0.01593568117095856,0.00634765625,0.0015838297549635172,3.734425669909541e-05
3760128,-0.0011107692553196102,0.46745476906653494,-0.020163606783171417,0.00244140625,0.00019264707225374877,3.732718894009217e-05
3761152,-0.0004904538072878495,0.29759600886609405,-0.03126537537900731,0.0029296875,0.0003440862346906215,3.731012118108892e-05
3762176,-0.0016595691413385794,0.3863044537138194,-0.031768628368809004,0.013671875,0.0015749697486171499,3.7293053422085674e-05
3763200,-0.00031170083093456924,0.1291828687535599,-0.023129883062210865,0.0048828125,0.0007620049873366952,3.7275985663082435e-05
3764224,-0.0007697420369368047,0.04411802819231525,-0.017456873500123038,0.00634765625,0.0012519363372121006,3.7258917904079196e-05
3765248,-0.00037347705801948905,0.044304423325229436,-0.02113138759159483,0.001953125,0.0004002269415650517,3.724185014507595e-05
3766272,-0.00029544116114266217,0.048334344348404557,-0.01878739679023056,0.00341796875,0.0005647288635373116,3.722478238607271e-05
3767296,-0.0004280299472156912,0.07145924726501107,-0.01912051547333249,0.0107421875,0.0015806577575858682,3.7207714627069466e-05
3768320,-0.0009383045398863032,0.06507693650200963,-0.020835421251831576,0.00341796875,0.0003138879546895623,3.719064686806623e-05
3769344,-0.0008024707349250093,0.05357166670728475,-0.024561369602452032,0.00732421875,0.0007249157497426495,3.717357910906298e-05
3770368,6.583660433534533e-05,0.054890604922547936,-0.020994856356992386,0.00927734375,0.0018662066286196932,3.715651135005974e-05
3771392,-0.001963730828720145,0.47662751842290163,-0.03398317329447309,0.00830078125,0.0009695241460576653,3.71394435910565e-05
3772416,-0.0012880549911642447,0.09196068940218538,-0.02063253868254833,0.0107421875,0.001802145896363072,3.712237583205326e-05
3773440,-0.0003835607785731554,0.03722672240110114,-0.01838845992460847,0.001953125,0.00024656027380842716,3.710530807305001e-05
3774464,-0.0022859277087263763,0.04577020450960845,-0.023041671491228044,0.0078125,0.0014215794362826273,3.708824031404676e-05
3775488,-0.0008948922040872276,0.7938503704499453,-0.036088173219468445,0.00830078125,0.0005603940080618486,3.707117255504352e-05
3776512,-0.00044502728269435465,0.06362073344644159,-0.027670258699799888,0.00830078125,0.0009302413236582652,3.7054104796040275e-05
3777536,-0.00015646345855202526,0.33659563842229545,-0.03020093304803595,0.00927734375,0.0006069798400858417,3.7037037037037037e-05
3778560,-0.006735274466336705,0.40839123958721757,-0.03707911184756085,0.0107421875,0.0018511784583097324,3.70199692780338e-05
3779584,-0.0005536826283787377,0.14623009995557368,-0.026990239857695997,0.015625,0.002554352307925001,3.700290151903055e-05
3780608,-0.00016884071555978153,0.31670912308618426,-0.02585900604026392,0.00390625,0.0003342444688314572,3.698583376002731e-05
3781632,-0.0012155135918874294,0.05650590138975531,-0.017733298715029377,0.00634765625,0.0010051983699668199,3.696876600102407e-05
3782656,-0.0009353337663924322,0.48453013645485044,-0.029008547877310775,0.009765625,0.0013138867070665583,3.695169824202083e-05
3783680,-0.0006873506354168057,0.08271353575401008,-0.020840651988692116,0.00634765625,0.0016290642670355737,3.693463048301758e-05
3784704,-0.0006253886676859111,0.08017810620367527,-0.022531967304530554,0.0029296875,0.0005172379169380292,3.6917562724014344e-05
3785728,-0.0012436882825568318,0.06647897232323885,-0.02686127532069804,0.00634765625,0.000859647145261988,3.69004949650111e-05
3786752,-0.00025155998446280137,0.04821340041235089,-0.018156762860598974,0.00634765625,0.0007741154986433685,3.6883427206007846e-05
3787776,-0.0010712988005252555,0.7542138684075326,-0.0393153149925638,0.00390625,0.0004192362102912739,3.686635944700461e-05
3788800,-0.0005325992096913978,0.07436443818733096,-0.02291091072402196,0.00732421875,0.0013917497562943026,3.684929168800136e-05
3789824,-0.0007954649918247014,0.07354220154229552,-0.019170448069417034,0.0048828125,0.0005666039214702323,3.683222392899812e-05
3790848,-0.000563415938813705,0.04897116590291262,-0.02220363031119632,0.0048828125,0.001109750141040422,3.681515616999488e-05
3791872,-0.0010750712172011845,0.06826527288649231,-0.022848588432680117,0.00634765625,0.001054301974363625,3.679808841099164e-05
3792896,-0.0020680307352449745,0.9825570480898023,-0.049224686285015196,0.01025390625,0.0011744402145268396,3.67810206519884e-05
3793920,-0.001037161666317843,0.08077487663831562,-0.019978978659082713,0.0087890625,0.0011636675335466862,3.676395289298515e-05
3794944,-0.0006181447533890605,0.06507386558223516,-0.017988987230637576,0.0078125,0.00144623224332463,3.6746885133981914e-05
3795968,-0.0013543983513955027,0.03521252941573039,-0.02115755950580933,0.01123046875,0.0018238316988572478,3.672981737497867e-05
3796992,-0.0018304291515960358,0.06548297044355422,-0.0222474621841684,0.0087890625,0.0005313440196914598,3.671274961597543e-05
3798016,-0.0011086578451795503,0.4206929021747783,-0.034174862725194544,0.00341796875,0.0003334150242153555,3.6695681856972184e-05
3799040,-0.00479353512491798,0.7483986725565046,-0.038144306861795485,0.0205078125,0.004299271342460997,3.667861409796893e-05
3800064,-0.0007443702488671988,0.5029320907779038,-0.03293359273811802,0.00341796875,0.0010463386861374602,3.666154633896569e-05
3801088,-0.000137284878292121,0.05583524098619819,-0.02333780903791194,0.00244140625,0.00017826120893005282,3.664447857996245e-05
3802112,-0.0023830005375202745,0.38736417435575277,-0.029076872888254002,0.0087890625,0.0013992667227284983,3.662741082095921e-05
3803136,-0.001286801227251999,0.09473697014618665,-0.022349458318785764,0.00830078125,0.001403817965183407,3.661034306195596e-05
3804160,-0.0005638686416205019,0.06782805419061333,-0.02235855745675508,0.00146484375,0.00041233087540604174,3.6593275302952724e-05
3805184,-0.0006181110511533916,0.05966347403591499,-0.018035285364021547,0.0029296875,0.00028809010109398514,3.657620754394948e-05
3806208,-0.0002663432533154264,0.04452053736895323,-0.01786509893281618,0.00634765625,0.0010272841318510473,3.655913978494624e-05
3807232,-0.0016213032940868288,0.3967087861383334,-0.03147841023746878,0.00634765625,0.0004935232427669689,3.6542072025943e-05
3808256,-0.002009862626437098,0.7706856343429536,-0.03501181275350973,0.00927734375,0.0014783162623643875,3.6525004266939754e-05
3809280,-0.0006312673795036972,0.10102373897098005,-0.02262284381868085,0.00390625,0.00040875322883948684,3.6507936507936515e-05
3810304,-0.0008352930162800476,0.09991525555960834,-0.024333228222531034,0.0068359375,0.0010417984303785488,3.649086874893327e-05
3811328,-0.0010502009827177972,0.05178013304248452,-0.026646171121683437,0.0126953125,0.0015022956649772823,3.647380098993003e-05
3812352,-0.002204089061706327,0.2481803473783657,-0.0296693746058736,0.00732421875,0.0008201372111216187,3.645673323092678e-05
3813376,-0.0005099801055621356,0.05012122873449698,-0.021412414964288473,0.00439453125,0.0008505103032803163,3.643966547192353e-05
3814400,-0.0016574840701650828,0.05628748406888917,-0.020827018487580062,0.00732421875,0.002093045855872333,3.6422597712920294e-05
3815424,-0.0005145645991433412,0.7029922436922789,-0.03140301757957786,0.00146484375,0.0001479682541685179,3.640552995391705e-05
3816448,0.0006671795999864116,0.3733790343394503,-0.03071648119839665,0.00341796875,0.0003120535548077896,3.638846219491381e-05
3817472,-0.0020773331489181146,0.37707145139575005,-0.02741534967208281,0.00390625,0.0004995488707209006,3.6371394435910564e-05
3818496,-0.0014049182645976543,0.036197171779349446,-0.015254259593348252,0.00537109375,0.002274773913086392,3.6354326676907325e-05
3819520,-0.0005741669738199562,0.07297765102703124,-0.0216404614111525,0.00341796875,0.00031969978590495884,3.633725891790408e-05
3820544,-0.00044959731167182326,0.04536384280072525,-0.018777572289764066,0.0048828125,0.0004344878252595663,3.632019115890084e-05
3821568,-0.0008160894212778658,0.04783504077931866,-0.022619890012720134,0.00927734375,0.0010232036438537762,3.63031233998976e-05
3822592,-0.0020206283661536872,0.6662106262519956,-0.03728059906279668,0.00634765625,0.0005086344899609685,3.6286055640894356e-05
3823616,-0.0004436934686964378,0.04174072900786996,-0.02017959821387194,0.00537109375,0.0007383919000858441,3.626898788189112e-05
3824640,-0.0006825752061558887,0.041561989462934434,-0.018573156368347554,0.00537109375,0.0008842949027894065,3.6251920122887864e-05
3825664,-0.0012002746807411313,0.041678389767184854,-0.02212900326048839,0.01123046875,0.0015284288820112124,3.623485236388462e-05
3826688,-0.0007820402388460934,0.0841648286441341,-0.019068139266892103,0.00341796875,0.0001853625290095806,3.621778460488138e-05
3827712,-0.0005965839336568024,0.05605581298004836,-0.016600603492406663,0.00390625,0.0003855420363834128,3.6200716845878134e-05
3828736,-0.0005368150159483775,0.06442841852549464,-0.02107592314860085,0.00537109375,0.0009830480121308938,3.6183649086874895e-05
3829760,-0.0013248339528217912,0.3464028831804171,-0.03518180566607043,0.005859375,0.0006990540423430502,3.616658132787165e-05
3830784,-9.159219916909933e-05,0.07806358265224844,-0.022034502380847698,0.00732421875,0.002297723971423693,3.614951356886841e-05
3831808,-0.0008966608729679137,0.08077259897254407,-0.02503141332999803,0.0029296875,0.0003930434613721445,3.6132445809865165e-05
3832832,-0.0014917349617462605,0.09968105296138674,-0.020884547284822474,0.0068359375,0.001362452094326727,3.6115378050861926e-05
3833856,-0.00013533560559153557,0.05103915650397539,-0.01755747945207986,0.0048828125,0.0009116359142353758,3.609831029185868e-05
3834880,-0.0022978871129453182,0.057170070766005665,-0.029015139531111345,0.0068359375,0.0014907654403941706,3.608124253285544e-05
3835904,-0.000760140348575078,0.09259316022507846,-0.027128119603730738,0.0087890625,0.0015072989044710994,3.60641747738522e-05
3836928,-0.0005503407155629247,0.07120432739611715,-0.017529263692267705,0.00390625,0.0002991922083310783,3.604710701484896e-05
3837952,-0.0006859915592940524,0.03887662052875385,-0.021442190773086622,0.00244140625,0.0004186595033388585,3.6030039255845704e-05
3838976,-0.0010280796705046669,0.0989172252593562,-0.020535316964014783,0.00390625,0.001351706639979966,3.6012971496842465e-05
3840000,-0.0007610498578287661,0.0907942873891443,-0.020833643684454728,0.0048828125,0.0004046337999170646,3.599590373783922e-05
3841024,0.006270585668971762,0.05743700859602541,-0.02339310773095349,0.00830078125,0.0023573340149596334,3.597883597883598e-05
3842048,-0.001995417900616303,0.5184376020915806,-0.033471838338300586,0.0068359375,0.00046323549759108573,3.5961768219832735e-05
3843072,-0.0007847832457628101,0.03416642505908385,-0.014432386052249058,0.0029296875,0.0002119719429174438,3.5944700460829496e-05
3844096,-0.0002975859388243407,0.039275930379517376,-0.024955971266535926,0.0048828125,0.0006455550173996016,3.592763270182625e-05
3845120,-0.0014440832019317895,0.0869639387819916,-0.021405592910014093,0.009765625,0.0013539224019041285,3.591056494282301e-05
3846144,-3.762127016671002e-05,0.060831688286270946,-0.018586115398647962,0.0048828125,0.0003799587138928473,3.5893497183819766e-05
3847168,0.0001167204900411889,0.04546079755527899,-0.0220973520881671,0.0048828125,0.0016673884965712205,3.587642942481653e-05
3848192,-0.0009407526813447475,0.05110315978527069,-0.02107386438001413,0.009765625,0.001778194899088703,3.585936166581328e-05
3849216,-0.0019196727080270648,0.40222218818962574,-0.02841150583117269,0.0087890625,0.0009464102768106386,3.584229390681004e-05
3850240,-1.618912210687995e-05,0.07320530142169446,-0.022567506770428736,0.001953125,0.0001848189567681402,3.582522614780679e-05
3851264,-0.0012060831795679405,0.38152298517525196,-0.032523019617656246,0.00634765625,0.0004552059981506318,3.5808158388803544e-05
3852288,-0.00017247912182938308,0.055197127629071474,-0.019722003935385146,0.00048828125,0.00017127592582255602,3.5791090629800306e-05
3853312,-0.0004908675036858767,0.09208749793469906,-0.024280981262563728,0.00341796875,0.000323379019391723,3.577402287079707e-05
3854336,-7.157912477850914e-05,0.07195356057491153,-0.019471535422781017,0.00146484375,0.0001352858089376241,3.575695511179382e-05
3855360,-0.0001560098899062723,0.06828559015411884,-0.02401917497627437,0.0048828125,0.0006660851795459166,3.573988735279058e-05
3856384,-0.0009677395573817194,0.03218093200121075,-0.014649124961579219,0.00634765625,0.0012340910325292498,3.5722819593787336e-05
3857408,-0.000756692883442156,0.24851615400984883,-0.023334800185693894,0.001953125,0.00028441048925742507,3.57057518347841e-05
3858432,-0.0012617671600310132,0.12496982736047357,-0.020551890644128434,0.00537109375,0.0009397558314958587,3.568868407578085e-05
3859456,-0.0006050760857760906,0.3336159740574658,-0.030948318672017194,0.001953125,0.00011236536374781281,3.567161631677761e-05
3860480,-0.0005612152453977615,0.05486367328558117,-0.02645105191913899,0.00537109375,0.0020524470455711707,3.565454855777437e-05
3861504,-0.0004449764091987163,0.05723536154255271,-0.01962729449314793,0.0029296875,0.0004811882390640676,3.563748079877113e-05
3862528,-0.0009901496523525566,0.7590813376009464,-0.04275439045159146,0.00146484375,0.00015068826905917376,3.5620413039767876e-05
3863552,-0.001400879496941343,0.04790153127396479,-0.021274670303682797,0.009765625,0.001289963722229004,3.560334528076463e-05
3864576,-0.00018958948203362525,0.03048571979161352,-0.016789857497315097,0.0009765625,0.0001860894844867289,3.558627752176139e-05
3865600,-0.001228601555339992,0.27384427282959223,-0.02866936454665847,0.0048828125,0.00044930419244337827,3.5569209762758146e-05
3866624,-0.002067490539047867,0.06228595844004303,-0.022442195426265243,0.0146484375,0.002077403449220583,3.555214200375491e-05
3867648,-0.0008489306783303618,0.045618922158610076,-0.014841305084701162,0.00244140625,0.0007992404425749555,3.553507424475167e-05
3868672,-0.002539060893468559,1.9256715904921293,-0.06729673407971859,0.01806640625,0.0026254712138324976,3.551800648574842e-05
3869696,-0.0006236919143702835,0.15313816699199378,-0.025129782123258337,0.001953125,0.0003906328056473285,3.550093872674518e-05
3870720,-0.0027044001617468894,0.2580930587137118,-0.03220739872267586,0.0068359375,0.0011846681736642495,3.548387096774194e-05
3871744,-0.00041459748172201216,0.05963358306325972,-0.01685350448678946,0.00439453125,0.00048813446483109146,3.54668032087387e-05
3872768,-0.0014713969721924514,0.9959178548306227,-0.05437686343793757,0.01513671875,0.0010819269809871912,3.544973544973545e-05
3873792,-0.001255132825463079,0.3608112207148224,-0.02973668461345369,0.001953125,0.00023363466607406735,3.5432667690732214e-05
3874816,-0.0004920371575281024,0.07165825495030731,-0.016581231753661996,0.00341796875,0.0006069092632969841,3.541559993172897e-05
3875840,0.0001818262244341895,0.14168582437559962,-0.019819257271592505,0.00048828125,3.654968168120831e-05,3.5398532172725716e-05
3876864,-0.0005866152350790799,0.0784293741453439,-0.021802255315378716,0.00634765625,0.0004993384936824441,3.538146441372248e-05
3877888,-0.0011538398975972086,0.09808808786328882,-0.022029989555448992,0.00634765625,0.0008115966920740902,3.536439665471923e-05
3878912,-0.0002529435878386721,0.04208574601216242,-0.015128516504319123,0.00146484375,0.00016530384891666472,3.534732889571599e-05
3879936,-0.0018994967394974083,1.256558584049344,-0.07052220578771085,0.00927734375,0.0009299521916545928,3.533026113671275e-05
3880960,0.0008444636478088796,0.5575012019835413,-0.033315259774099104,0.00927734375,0.000953320151893422,3.531319337770951e-05
3881984,-0.00949242981732823,0.957620675675571,-0.05804866936523467,0.02978515625,0.002553369529778138,3.529612561870627e-05
3883008,-0.000818284839624539,0.06527434044983238,-0.02148842845690524,0.00537109375,0.0009793624776648358,3.5279057859703023e-05
3884032,-0.0006719728698953986,0.3041812900919467,-0.03299696551403031,0.0048828125,0.001233545073773712,3.5261990100699785e-05
3885056,-0.004296784769394435,0.07341318239923567,-0.027451403240775107,0.01123046875,0.003062379691982642,3.524492234169654e-05
3886080,-0.0011295166914351285,0.09486913890577853,-0.023885456641437486,0.00439453125,0.0012080785672878847,3.52278545826933e-05
3887104,-0.0006684390245936811,0.033738637750502676,-0.017510185150968027,0.00244140625,0.00032691657543182373,3.5210786823690054e-05
3888128,-0.0003840778663288802,0.06635076901875436,-0.023482795513700694,0.00732421875,0.0008078577375272289,3.51937190646868e-05
3889152,-1.5389239706564695e-05,0.06223371217492968,-0.02308558494405588,0.00244140625,0.00018757367797661573,3.517665130568356e-05
3890176,0.00010472990106791258,0.06545307778287679,-0.02185771063886932,0.00146484375,9.941990720108151e-05,3.515958354668032e-05
3891200,-0.0008836060587782413,1.2941593760624528,-0.05683454830432311,0.00341796875,0.0003272608882980421,3.514251578767708e-05
3892224,-0.0003972581762354821,0.10808971023652703,-0.020071118357009254,0.0029296875,0.0003190306306350976,3.512544802867383e-05
3893248,-0.0013476817694026977,0.0429456714191474,-0.018813536297784594,0.00634765625,0.0008471118344459683,3.5108380269670594e-05
3894272,-0.0006513701810035855,0.03879521565977484,-0.01780596813023294,0.0029296875,0.00031541314092464745,3.509131251066735e-05
3895296,-0.000527568394318223,0.45673014083877206,-0.03842224524123594,0.00390625,0.0005612186796497554,3.507424475166411e-05
3896320,-0.0007159806555137038,0.17226643371395767,-0.02835803535708692,0.00244140625,0.0005608476203633472,3.505717699266087e-05
3897344,-0.0006166959356050938,0.041445628565270454,-0.020734392943268176,0.00439453125,0.0009090685925912112,3.5040109233657625e-05
3898368,0.0015515600534854457,0.0548067856580019,-0.020563836824294413,0.00244140625,0.0003434249956626445,3.5023041474654386e-05
3899392,-0.0003528806264512241,0.07242641830816865,-0.024036655195232015,0.00390625,0.0005115211097290739,3.500597371565114e-05
3900416,-9.792274795472622e-05,0.07639974029734731,-0.022089433514338452,0.00439453125,0.00034012629475910217,3.498890595664789e-05
3901440,-0.0009019827994052321,0.08406024158466607,-0.020986016781535,0.00830078125,0.0011635721748461947,3.497183819764465e-05
3902464,-0.0011195871338713914,0.04941504244925454,-0.02505918111273786,0.00732421875,0.000595336314290762,3.49547704386414e-05
3903488,-0.0003344750148244202,0.07364454702474177,-0.02525100470666075,0.00341796875,0.00078358463360928,3.4937702679638164e-05
3904512,-0.0037028682017989922,0.8099174823146313,-0.038717144227121025,0.0107421875,0.0011612073867581785,3.492063492063492e-05
3905536,-3.5853416193276644e-05,0.121641144156456,-0.022083304700572626,0.001953125,0.000258610729360953,3.490356716163168e-05
3906560,-0.0004240107227815315,0.14773773588240147,-0.021675614852938452,0.00732421875,0.0011363321536919102,3.4886499402628434e-05
3907584,-0.00035132686025463045,0.06106137565802783,-0.02358771607396193,0.00244140625,0.0005967290489934385,3.4869431643625195e-05
3908608,-0.0010982657404383644,0.069244634360075,-0.02013902281009905,0.00927734375,0.0016992215387290344,3.485236388462195e-05
3909632,-0.001055324508342892,0.07320702658034861,-0.024911979933676776,0.0068359375,0.000650493340799585,3.483529612561871e-05
3910656,-6.508662772830576e-05,0.04929231898859143,-0.01801856631936971,0.00244140625,0.0005712528509320691,3.481822836661547e-05
3911680,-0.00010814441338879988,0.4147323057986796,-0.027789418283646228,0.00732421875,0.0008556012326152995,3.4801160607612226e-05
3912704,-0.0014062912669032812,0.08793819404672831,-0.01756811433187977,0.00634765625,0.0010630393226165324,3.478409284860899e-05
3913728,-0.00032139630638994277,0.043125376862008125,-0.024217260397563223,0.0029296875,0.00016515243623871356,3.4767025089605734e-05
3914752,-0.0012831262865802273,0.06239431060384959,-0.025363985281728674,0.01220703125,0.001609847487998195,3.474995733060249e-05
3915776,-0.0013806148199364543,0.047505682334303856,-0.02425633899110835,0.00927734375,0.0011755993327824399,3.473288957159925e-05
3916800,-0.0038300914893625304,0.7427438229788095,-0.03647499607177451,0.015625,0.001198387166368775,3.4715821812596004e-05
3917824,7.974056643433869e-06,0.056690222409088165,-0.023199598050268833,0.0048828125,0.00040117616299539804,3.4698754053592765e-05
3918848,-0.0005540638812817633,0.04601258831098676,-0.020998553234676365,0.0068359375,0.0007026258099358529,3.468168629458952e-05
3919872,-0.0007286720210686326,0.04494272859301418,-0.021945362334008678,0.00390625,0.0006449239590438083,3.466461853558628e-05
3920896,-0.0018438219267409295,0.023544178548036143,-0.019246889067289885,0.01025390625,0.0031288493773899972,3.4647550776583035e-05
3921920,-0.0003805727610597387,0.10233505058567971,-0.019389467384826276,0.001953125,0.00033948310010600835,3.4630483017579796e-05
3922944,-0.00087781494949013,0.08830623375251889,-0.021938121106359176,0.00439453125,0.0005660733295371756,3.461341525857655e-05
3923968,-0.00040534563595429063,0.037050163198728114,-0.018656740758160595,0.001953125,0.0003205017274012789,3.459634749957331e-05
3924992,-0.0004687115579145029,0.03846697951667011,-0.018353952629695414,0.00439453125,0.0012256394111318514,3.457927974057007e-05
3926016,-0.0006049394723959267,0.12462785630486906,-0.026208284121821634,0.00439453125,0.0002935312513727695,3.4562211981566813e-05
3927040,-0.00043952885607723147,0.4843250537524,-0.03171204339741962,0.00244140625,0.0002044484717771411,3.4545144222563575e-05
3928064,-0.0012323182745603845,0.061774049303494394,-0.02976483287420706,0.0068359375,0.00043177838961128145,3.4528076463560336e-05
3929088,-0.002584695816040039,0.4694080934859812,-0.03509144728741376,0.00390625,0.0003708169242599979,3.451100870455709e-05
3930112,-0.0020897111389786005,0.3760619101813063,-0.03236468826071359,0.0126953125,0.0009722556424094364,3.449394094555385e-05
3931136,-0.0010678439430193976,0.3445174371590838,-0.030472287398879416,0.00537109375,0.0006227906851563603,3.4476873186550605e-05
3932160,-0.0009480708686169237,0.03859673591796309,-0.02020582628392731,0.00341796875,0.0006742483528796583,3.4459805427547367e-05
3933184,-0.0017188919591717422,0.04647925158496946,-0.024577717718784697,0.01171875,0.001640172820771113,3.444273766854412e-05
3934208,-0.0017062754777725786,0.4135053214849904,-0.028102721695177024,0.01025390625,0.0010642923007253557,3.442566990954088e-05
3935232,0.0001285225444007665,0.041476226586382836,-0.01508807277627966,0.00146484375,0.0001364779018331319,3.4408602150537636e-05
3936256,-0.0007083758791850414,0.5592447274830192,-0.030263564840424806,0.00732421875,0.000602065454586409,3.43915343915344e-05
3937280,0.00012925524788443,0.3247970568481833,-0.028993052517762408,0.00537109375,0.00034095573937520385,3.437446663253115e-05
3938304,-0.001210185742820613,0.036590622912626714,-0.01588217407470438,0.00390625,0.0010958136554108933,3.435739887352791e-05
3939328,-0.0004574965132633224,0.0531522094970569,-0.018915885681053624,0.00341796875,0.0009040928416652605,3.434033111452466e-05
3940352,6.41769147478044e-05,0.09823683614376932,-0.022803588239185046,0.00341796875,0.0004762660537380725,3.4323263355521415e-05
3941376,-0.0003396834945306182,0.04989704553736374,-0.0220407290626099,0.0048828125,0.0004922899679513648,3.4306195596518176e-05
3942400,-0.00035357175511308014,0.07272442115936428,-0.021201186365942704,0.00244140625,0.00044237260590307415,3.428912783751494e-05
3943424,-0.0005486091249622405,0.06544522172771394,-0.020534583352855407,0.00537109375,0.00037399414577521384,3.427206007851169e-05
3944448,-0.0006805542652728036,0.14457814022898674,-0.023094155141734518,0.0029296875,0.00029681145679205656,3.425499231950845e-05
3945472,-1.7938422388397157e-05,0.04465664876624942,-0.0187927309521001,0.001953125,0.00021363461564760655,3.423792456050521e-05
3946496,-0.0001189127578982152,0.4241053981240839,-0.027743240701965988,0.00537109375,0.000686825078446418,3.422085680150197e-05
3947520,-0.0006470334628829733,0.05005559331038967,-0.02191420834788005,0.00634765625,0.0011493684287415817,3.420378904249872e-05
3948544,-0.0004220975679345429,0.42510714777745306,-0.03234071016777307,0.0107421875,0.001378921078867279,3.418672128349548e-05
3949568,-0.00104918034048751,0.29454200656618923,-0.026797595426614862,0.0087890625,0.001378892600769177,3.416965352449224e-05
3950592,-0.00040692772017791867,0.173605274874717,-0.022946351549762767,0.00341796875,0.0009738336520968005,3.4152585765489e-05
3951616,-0.0011829652648884803,0.13679899415001273,-0.014897410219418816,0.00634765625,0.0025850254896795377,3.4135518006485746e-05
3952640,-0.0007750675285933539,0.3259363108081743,-0.028302072372753173,0.0009765625,0.00010265791206620634,3.41184502474825e-05
3953664,-0.0006360886036418378,0.05757629463914782,-0.024938648528404883,0.0087890625,0.0007179191743489355,3.410138248847926e-05
3954688,-0.0002455362700857222,0.49190699006430805,-0.030825201887637377,0.001953125,0.0002053579082712531,3.4084314729476016e-05
3955712,-0.0009910750668495893,0.07594456779770553,-0.02081468026881339,0.0048828125,0.0009847542678471655,3.406724697047278e-05
3956736,-0.0009724033152451739,0.6910202102735639,-0.03791395402367925,0.00537109375,0.000659512443235144,3.405017921146954e-05
3957760,-0.0007682678406126797,0.29687199043110013,-0.03372186599881388,0.00341796875,0.0003442901943344623,3.403311145246629e-05
3958784,-0.0012197442702017725,0.06390305561944842,-0.02126580679032486,0.00927734375,0.0010445407388033345,3.4016043693463054e-05
3959808,-0.0011541273925104178,0.32451283547561616,-0.03009759186534211,0.0029296875,0.00034632916504051536,3.399897593445981e-05
3960832,-0.0005165277543710545,0.30396544584073126,-0.03731645818334073,0.013671875,0.0017900458187796175,3.398190817545657e-05
3961856,-0.0005253760900814086,0.07567589241079986,-0.024152216676156968,0.00634765625,0.0005911452317377552,3.396484041645332e-05
3962880,-0.0004190945910522714,0.13554658344946802,-0.024864123118277348,0.00634765625,0.0005380491056712344,3.3947772657450084e-05
3963904,-0.0005457553779706359,0.058057271875441074,-0.019355687978531932,0.00390625,0.0003018262650584802,3.393070489844683e-05
3964928,-0.00042769924039021134,0.0720494802808389,-0.018486072971427348,0.00341796875,0.0003528186643961817,3.3913637139443586e-05
3965952,-0.0007162942056311294,0.09317240177188069,-0.023323064713622443,0.0078125,0.002108106840751134,3.389656938044035e-05
3966976,0.00019373778195586056,0.03707118210149929,-0.017612977609587688,0.005859375,0.0008007284632185474,3.38795016214371e-05
3968000,0.00011058268137276173,0.047717368230223656,-0.02436680869141128,0.01025390625,0.0018654939049156383,3.386243386243386e-05
3969024,-0.0009475599799770862,0.05751474865246564,-0.021455160509503912,0.00390625,0.0006409977795556188,3.384536610343062e-05
3970048,-0.0001273680099984631,0.17705112718977034,-0.02473397015273804,0.00537109375,0.00048365065595135093,3.382829834442738e-05
3971072,-0.002032662305282429,0.39587774174287915,-0.02914954175503226,0.01513671875,0.002148339423001744,3.381123058542414e-05
3972096,-0.00046727171138627455,0.08762294671032578,-0.016256946793873794,0.001953125,0.0002691419649636373,3.3794162826420894e-05
3973120,-3.56565578840673e-05,0.08370646007824689,-0.02498684186321043,0.00390625,0.000937882432481274,3.3777095067417655e-05
3974144,-0.0005170652875676751,0.039070134167559445,-0.018012909926710563,0.00146484375,0.00038714784022886306,3.376002730841441e-05
3975168,-0.00032855261815711856,0.04027503955876455,-0.017997289983668452,0.005859375,0.0008574426028644666,3.374295954941117e-05
3976192,-0.0005513463111128658,0.040248241857625544,-0.023461444876829773,0.00927734375,0.000895599092473276,3.3725891790407924e-05
3977216,0.002812347578583285,0.4850652711465955,-0.03131131011468824,0.00439453125,0.0004949439462507144,3.370882403140467e-05
3978240,-0.0010550602310104296,0.5226294172462076,-0.03470348339760676,0.009765625,0.000866784030222334,3.369175627240143e-05
3979264,-0.0006675017793895677,0.06020836718380451,-0.019890084164217114,0.00146484375,0.0006443927268264815,3.367468851339819e-05
3980288,-0.00046802539145573974,0.0557088318746537,-0.016802014737550053,0.001953125,0.0001848092651925981,3.365762075439495e-05
3981312,-0.0007812645053490996,0.0504380707279779,-0.02018445183057338,0.00634765625,0.0011005982232745737,3.36405529953917e-05
3982336,-0.00024315422342624515,0.04945953865535557,-0.024535124809517583,0.0068359375,0.0007188411836978048,3.3623485236388464e-05
3983360,-0.0019256365194451064,0.37358411436434835,-0.028389774350216612,0.01220703125,0.000916069868253544,3.360641747738522e-05
3984384,-0.001032758184010163,0.03324779152171686,-0.02201548800803721,0.0068359375,0.0005448340816656128,3.358934971838198e-05
3985408,-0.00018287860439158976,0.09199730295222253,-0.021317186498890806,0.00341796875,0.0002063182182610035,3.357228195937874e-05
3986432,-0.0010155980417039245,0.45201292517594993,-0.035312705193064176,0.00732421875,0.0005132155783940107,3.3555214200375495e-05
3987456,0.0005926736630499363,0.06133663380751386,-0.02242714175781657,0.00341796875,0.00021685980027541518,3.3538146441372256e-05
3988480,-0.0006647275295108557,0.02772350056329742,-0.019096815391094424,0.00537109375,0.0016195943753700703,3.352107868236901e-05
3989504,-0.0007663424439670052,0.45019408012740314,-0.03193652251502499,0.00390625,0.0003505766944726929,3.350401092336576e-05
3990528,-0.0004420606419444084,0.058243836858309805,-0.016522738949788618,0.001953125,0.00034126738319173455,3.348694316436252e-05
3991552,-0.0007110441947588697,0.1285232671070844,-0.024172602003091015,0.0048828125,0.0009588387620169669,3.346987540535927e-05
3992576,-0.0007047266117297113,0.06798286695266142,-0.022434062033426017,0.00146484375,0.0003231079172110185,3.3452807646356034e-05
3993600,-0.0006149821565486491,0.0484759405371733,-0.024087725003482774,0.00390625,0.00036449947219807655,3.343573988735279e-05
3994624,0.0004546891723293811,0.05130740761524066,-0.01854702992204693,0.00634765625,0.000551934790564701,3.341867212834955e-05
3995648,-0.0012996503282920457,0.06300687766633928,-0.02164227868706803,0.01220703125,0.0012836192618124187,3.3401604369346304e-05
3996672,-0.0036761412338819355,0.6756149102002382,-0.038211822567973286,0.0185546875,0.002219742687884718,3.3384536610343065e-05
3997696,-0.0006614596568397246,0.07604142115451396,-0.018260534654473304,0.00341796875,0.0005483119457494467,3.336746885133982e-05
3998720,-0.0004587438306771219,0.09973571647424251,-0.024782726402918343,0.0078125,0.001080941263353452,3.335040109233658e-05
3999744,0.001970854587852955,0.06308704358525574,-0.023713130427495344,0.0087890625,0.0014944584836484864,3.333333333333334e-05
4000768,-0.0015530899618170224,0.07291898259427398,-0.02119749033045082,0.01123046875,0.0020375953608890995,3.3316265574330096e-05
4001792,-0.0013337326381588355,0.06670702795963734,-0.02036659304940258,0.005859375,0.0005951734347036108,3.329919781532686e-05
4002816,-0.00037575395981548354,0.060313541907817125,-0.021425216969873873,0.00341796875,0.00035805047082249075,3.3282130056323605e-05
4003840,-0.001069891921360977,0.1371249423827976,-0.025830319475062424,0.0048828125,0.0012071682431269437,3.326506229732036e-05
4004864,-0.0006299337183008902,0.3169090810697526,-0.029894730094383704,0.00341796875,0.0006019297579769045,3.324799453831712e-05
4005888,-0.0011065862199757248,0.14435511745978147,-0.03050237325078342,0.00146484375,0.00016644188144709915,3.3230926779313874e-05
4006912,-0.0009191618737531826,0.054831313784234226,-0.02361409350851318,0.0029296875,0.00045589958608616143,3.3213859020310636e-05
4007936,-0.0024789565650280565,0.7267945781350136,-0.039984812086913735,0.0107421875,0.0010267990437569097,3.319679126130739e-05
4008960,-0.0012435403768904507,0.23992860270664096,-0.032461494076414965,0.0009765625,0.00020458547805901617,3.317972350230415e-05
4009984,-0.0021079051948618144,0.325477791717276,-0.027521887473994866,0.00634765625,0.0010287750337738544,3.3162655743300905e-05
4011008,-0.002341200612136163,0.07641909911762923,-0.023627111222594976,0.009765625,0.0021385272120824084,3.3145587984297666e-05
4012032,-0.0019356871925992891,0.25529380375519395,-0.025881125024170615,0.0029296875,0.0002385173283983022,3.312852022529442e-05
4013056,-0.0008675938806845807,0.05168800812680274,-0.019456314144008502,0.00390625,0.0002613128162920475,3.311145246629118e-05
4014080,-0.0005909984174650162,0.04522896243724972,-0.017502792467894324,0.001953125,0.00019656126096379012,3.309438470728794e-05
4015104,-0.00025526720855850726,0.23527517495676875,-0.021908243135840166,0.0048828125,0.0005898082017665729,3.3077316948284684e-05
4016128,-0.0003887059137923643,0.42940258723683655,-0.030265059001976624,0.00146484375,0.00015474013343919069,3.3060249189281445e-05
4017152,-0.0005403700051829219,0.08351977216079831,-0.026128191726456862,0.00537109375,0.0007107011479092762,3.3043181430278206e-05
4018176,-0.0008888436350389384,0.06230663205496967,-0.025308445852715522,0.00732421875,0.0008174819522537291,3.302611367127496e-05
4019200,-0.0007881407800596207,0.13429856719449162,-0.02474876419910288,0.0078125,0.001728984250803478,3.300904591227172e-05
4020224,-0.0013930382920079865,0.0658652043202892,-0.019382559272344224,0.005859375,0.0009295546769862995,3.2991978153268476e-05
4021248,-0.0009502982720732689,0.42932108975946903,-0.03444229994784109,0.0107421875,0.0007046972605166957,3.297491039426524e-05
4022272,0.0027400613471399993,0.08954250463284552,-0.0246441973868059,0.00439453125,0.0009408726473338902,3.295784263526199e-05
4023296,0.00022945809178054333,0.07709296082612127,-0.02243939278378093,0.005859375,0.0010664224828360602,3.294077487625875e-05
4024320,-0.0010948866693070158,0.43754926102701575,-0.022693738388625206,0.00439453125,0.0008799572678981349,3.2923707117255506e-05
4025344,-0.0009946604113793,0.08444821112789214,-0.021087126660859212,0.00390625,0.0005375049804570153,3.290663935825227e-05
4026368,-0.0004811211838386953,0.06587279390078038,-0.024822113155096304,0.005859375,0.0005351305590011179,3.288957159924902e-05
4027392,-0.00193835973914247,0.11393391189631075,-0.023712290154435323,0.00732421875,0.0018146335351048037,3.287250384024577e-05
4028416,-0.0005951572966296226,0.9360670037567616,-0.04012900643283501,0.00244140625,0.00021169192041270435,3.285543608124253e-05
4029440,-0.002252097096061334,0.060288049338851124,-0.03299406853329856,0.01416015625,0.0013967073755338788,3.2838368322239285e-05
4030464,0.00022186123533174396,0.3684589358745143,-0.03116845171280147,0.001953125,0.00016763208259362727,3.2821300563236046e-05
4031488,-0.001137014667619951,0.07042444415856153,-0.02049289320530079,0.0087890625,0.0014270014798967168,3.280423280423281e-05
4032512,-0.0010637581144692376,0.06698250607587397,-0.018898963695392013,0.005859375,0.0005271809495752677,3.278716504522956e-05
4033536,-7.160112727433443e-05,0.03266251634340733,-0.015498420546464331,0.00244140625,0.0001464871020289138,3.277009728622632e-05
4034560,-0.0006645580579061061,0.47734424960799515,-0.038413040951127186,0.001953125,0.0001538345532026142,3.275302952722308e-05
4035584,-0.0029441325459629297,0.046960709732957184,-0.01995974939018197,0.00830078125,0.001983999813091941,3.273596176821984e-05
4036608,-0.001178136037196964,0.04441431106533855,-0.022760035673854873,0.00732421875,0.001141931366873905,3.271889400921659e-05
4037632,-0.0006620357307838276,0.09209357330109924,-0.02247265614278149,0.00634765625,0.0010054415615741163,3.270182625021335e-05
4038656,-0.0006819302361691371,0.06018640368711203,-0.022960916961892508,0.00537109375,0.0007449748663930222,3.268475849121011e-05
4039680,-0.0012501456367317587,0.30718727433122694,-0.031958702427800745,0.0068359375,0.0006590760312974453,3.266769073220687e-05
4040704,-0.0005540747079066932,0.0718380666221492,-0.02149240082144388,0.0029296875,0.0001888366969069466,3.2650622973203616e-05
4041728,-0.0017571383432368748,0.897233999799937,-0.03700038981332909,0.00439453125,0.000863027831655927,3.263355521420037e-05
4042752,-0.0002898139209719375,0.08257421746384352,-0.0258368696377147,0.00341796875,0.0004920091741951182,3.261648745519713e-05
4043776,-0.0009758915839483961,0.3440398962702602,-0.024178329156711698,0.0029296875,0.00028746640600729734,3.2599419696193886e-05
4044800,-0.0012426077882992104,0.08730228710919619,-0.023555809842946474,0.01025390625,0.0016815429698908702,3.258235193719065e-05
4045824,-0.0016768014029366896,0.2784676444134675,-0.033570457133464515,0.001953125,0.00022293871734291315,3.256528417818741e-05
4046848,-0.0012793262139894068,0.058335293317213655,-0.02434324774367269,0.009765625,0.0008618861174909398,3.254821641918416e-05
4047872,-0.0016155693010659888,0.059562049456872046,-0.02340722898952663,0.0068359375,0.0019513994920998812,3.2531148660180924e-05
4048896,-0.0028559301026689354,0.3299932600930333,-0.03624816265073605,0.0068359375,0.0005127862095832825,3.251408090117768e-05
4049920,-0.0011942956189159304,0.09105379437096417,-0.021446958475280553,0.005859375,0.0005778404156444594,3.249701314217444e-05
4050944,-0.00033149220689665526,0.05946059443522245,-0.020286049795686267,0.001953125,0.0001445272791897878,3.2479945383171193e-05
4051968,-0.0015972630208125338,0.4109578065108508,-0.03284873810480349,0.0078125,0.0006441657751565799,3.2462877624167955e-05
4052992,-0.0011462657785159536,0.2614613836631179,-0.030118282171315514,0.00927734375,0.0021084327017888427,3.24458098651647e-05
4054016,-0.0026578926044749096,0.29882068280130625,-0.0364214574219659,0.009765625,0.0008643146866234019,3.2428742106161456e-05
4055040,-0.0027473670634208247,1.694251712411642,-0.0794554817257449,0.005859375,0.0008772377186687663,3.241167434715822e-05
4056064,-0.0016327269986504689,1.6420356296002865,-0.08877731719985604,0.01123046875,0.0011488112213555723,3.239460658815497e-05
4057088,0.0011142871080664918,0.9514928827993572,-0.059611218282952905,0.0126953125,0.0011216247075935826,3.237753882915173e-05
4058112,-0.0022895513102412224,0.6185671943239868,-0.03819473600015044,0.00634765625,0.0006664004613412544,3.236047107014849e-05
4059136,-0.0012877504996140487,0.6413346221670508,-0.046207524748751894,0.00244140625,0.00010704802116379142,3.234340331114525e-05
4060160,-0.00032366844243369997,0.39565591141581535,-0.034726610276266,0.00146484375,0.00013264997687656432,3.232633555214201e-05
4061184,-0.0007012374408077449,0.04409233294427395,-0.01888099497591611,0.00244140625,0.0007607139996252954,3.2309267793138764e-05
4062208,-0.0007624448626302183,0.06288891972508281,-0.022649948823527666,0.00439453125,0.0002710073022171855,3.2292200034135525e-05
4063232,-0.0024078809947241098,0.3884487864561379,-0.03286486564320512,0.0087890625,0.0007557908684248105,3.227513227513228e-05
4064256,-0.0009219423518516123,0.05391446780413389,-0.024101471222820692,0.00634765625,0.0010442944476380944,3.225806451612904e-05
4065280,-0.0010587188007775694,0.8391353022307158,-0.03657925548031926,0.0087890625,0.00069906932185404,3.224099675712579e-05
4066304,-0.0010212366541964002,0.3327431743964553,-0.057578827429097146,0.0068359375,0.0012926873750984669,3.222392899812254e-05
4067328,-0.0007595010829390958,0.39063653629273176,-0.033953600126551464,0.0029296875,0.00019652172341011465,3.22068612391193e-05
4068352,-0.0008572555525461212,0.09628779767081141,-0.026789707597345114,0.0029296875,0.0007098395872162655,3.218979348011606e-05
4069376,-0.0007429290999425575,0.0799073277739808,-0.02707442411337979,0.0029296875,0.0008768357947701588,3.217272572111282e-05
4070400,-0.0003040648043679539,0.33385285444092005,-0.028426298318663612,0.0009765625,9.425042662769556e-05,3.215565796210957e-05
4071424,-0.001058709851349704,0.0757417012937367,-0.025872925256408053,0.00732421875,0.0005359686765586957,3.2138590203106334e-05
4072448,-0.0006053613178664818,0.08279423019848764,-0.024357541886274703,0.00244140625,0.00028911807748954743,3.212152244410309e-05
4073472,-0.0003499636659398675,0.06668519088998437,-0.02572273252735613,0.00244140625,0.000247919510002248,3.210445468509985e-05
4074496,-0.0018400844128336757,0.7147639868780971,-0.04631170560605824,0.00830078125,0.0008333578734891489,3.208738692609661e-05
4075520,-0.002380393067141995,0.9767946368083358,-0.049986555299256,0.005859375,0.0008852850296534598,3.2070319167093365e-05
4076544,-0.001304554520174861,0.36745194462127984,-0.04766304756049067,0.00732421875,0.0005495336808962747,3.2053251408090126e-05
4077568,-0.0018720940861385316,1.535402974113822,-0.09196379408240318,0.0126953125,0.0008968079491751269,3.203618364908688e-05
4078592,-0.00045438026427291334,0.05920148111181334,-0.023823337018257007,0.001953125,0.0003404661692911759,3.201911589008363e-05
4079616,-0.0007501043291995302,0.06173584773205221,-0.02557312080534757,0.0048828125,0.0018650466809049249,3.200204813108039e-05
4080640,-0.0028752429061569273,0.9824190936051309,-0.07202160789165646,0.013671875,0.0011869476293213665,3.1984980372077143e-05
4081664,-0.0006115778815001249,0.08647094236221164,-0.021577303428784944,0.00244140625,0.0005098554829601198,3.1967912613073905e-05
4082688,-0.0012821191921830177,0.05185303511098027,-0.020706740051537054,0.005859375,0.0005470483301905915,3.195084485407066e-05
4083712,-0.002600431558676064,0.04538362333551049,-0.025502670716377907,0.01171875,0.0025053879362531006,3.193377709506742e-05
4084736,-0.0005438033404061571,0.09258913085795939,-0.025920745712937787,0.00439453125,0.0004999270458938554,3.1916709336064174e-05
4085760,-0.0004611951590050012,0.047358959913253784,-0.01665735813367064,0.00244140625,0.00011675729183480144,3.1899641577060935e-05
4086784,4.445675585884601e-05,0.05588404246373102,-0.022644794444204308,0.001953125,0.0002472657652106136,3.188257381805769e-05
4087808,-0.0012339983077254146,0.7299313694238663,-0.03599516151007265,0.0029296875,0.00024111094535328448,3.186550605905445e-05
4088832,-0.00046396206016652286,0.08705646183807403,-0.026702147095420514,0.00634765625,0.0004368554800748825,3.184843830005121e-05
4089856,-0.0008218351867981255,0.06319135695230216,-0.019505582964484347,0.0029296875,0.0004624480934580788,3.1831370541047966e-05
4090880,-0.0009960670286091045,0.06010244833305478,-0.022865028819069266,0.00244140625,0.00017438230861444026,3.1814302782044714e-05
4091904,-0.000980349475867115,1.2805272582918406,-0.055602505221031606,0.0048828125,0.000518217944772914,3.1797235023041475e-05
4092928,-0.001558119161927607,0.3583370849955827,-0.025362367239722516,0.00732421875,0.0007694976084167138,3.178016726403823e-05
4093952,-0.0001305202313233167,0.03724122670246288,-0.021735673515649978,0.00146484375,8.555727254133672e-05,3.176309950503499e-05
4094976,-0.0011965457233600318,0.04356505942996591,-0.025178028387017548,0.0087890625,0.0009992148698074743,3.1746031746031745e-05
4096000,-0.0006313296034932137,0.36197897233068943,-0.031765211635502055,0.0087890625,0.0006583146459888667,3.1728963987028506e-05
4097024,-0.0011172545491717756,0.6215106844902039,-0.044186915358295664,0.005859375,0.0004024184017907828,3.171189622802526e-05
4098048,-0.000518514119903557,0.22719844267703593,-0.02104785232222639,0.00146484375,0.0001293957611778751,3.169482846902202e-05
4099072,-6.987276719883084e-06,0.9199353372678161,-0.047567658533807844,0.009765625,0.000707760569639504,3.1677760710018776e-05
4100096,-0.0006320173997664824,0.06399008957669139,-0.01800889559672214,0.0068359375,0.0009824224543990567,3.1660692951015537e-05
4101120,-0.0017805943061830476,0.08398527617100626,-0.02004458306168999,0.0078125,0.0011180524452356622,3.164362519201229e-05
4102144,-0.0024221956700785086,0.6381433559581637,-0.047185445320792496,0.0126953125,0.0014190549700288102,3.162655743300905e-05
4103168,-0.0007788618968334049,0.05602727667428553,-0.01685462036220997,0.00341796875,0.00026988270110450685,3.160948967400581e-05
4104192,-0.0009181448258459568,0.06284051778493449,-0.022017484617208538,0.0048828125,0.0007086845143930987,3.1592421915002554e-05
4105216,-0.000316628284053877,0.089636807795614,-0.02346841689723078,0.00146484375,0.00024119473528116941,3.1575354155999315e-05
4106240,-0.0007609533495269716,0.07634142157621682,-0.016423627763288096,0.00244140625,0.0005252903210930526,3.1558286396996076e-05
4107264,-0.0003517892328090966,0.09169379086233675,-0.016287362574075814,0.00244140625,0.0004994423215975985,3.154121863799283e-05
4108288,-0.00025125881074927747,0.038575814629439265,-0.020506852359176264,0.00439453125,0.0005910849431529641,3.152415087898959e-05
4109312,-0.0003779175749514252,0.044019758177455515,-0.015589394577546045,0.0029296875,0.00021710323926527053,3.1507083119986346e-05
4110336,-0.0004597590886987746,0.3461357041960582,-0.030741805541765643,0.001953125,0.00017765747907105833,3.149001536098311e-05
4111360,-0.00022297225950751454,0.4219148944830522,-0.03079993522260338,0.001953125,0.00022063399956095964,3.147294760197986e-05
4112384,-0.0012690145667875186,0.33428750094026327,-0.031050898222019896,0.0029296875,0.0002771698054857552,3.145587984297662e-05
4113408,-0.000884089335158933,0.06147290940862149,-0.020781400438863784,0.00537109375,0.0007367170182988048,3.143881208397338e-05
4114432,-0.0014754407748114318,0.5729942703619599,-0.03931397721316898,0.00390625,0.00019159921794198453,3.142174432497014e-05
4115456,-0.002077975201245863,0.07854137849062681,-0.02651275535390596,0.01025390625,0.0017153862281702459,3.140467656596689e-05
4116480,-0.0004399971367092803,0.4146486120298505,-0.026896119336015545,0.001953125,0.0005554226809181273,3.138760880696364e-05
4117504,-0.0005075377848697826,0.1246252846904099,-0.021955052829071064,0.0048828125,0.0006817991525167599,3.13705410479604e-05
4118528,-2.8793321689590812e-05,0.06879216502420604,-0.023356739853625186,0.00537109375,0.0012264425749890506,3.1353473288957155e-05
4119552,-0.0012698694335995242,0.05047564912820235,-0.02272067841840908,0.0078125,0.0024610346736153588,3.1336405529953916e-05
4120576,-0.0016077945183496922,0.37294255034066737,-0.029390661657089368,0.0029296875,0.00039404749986715615,3.131933777095068e-05
4121600,2.97605583909899e-06,0.07945559336803854,-0.022085848278948106,0.0009765625,6.979408499319106e-05,3.130227001194743e-05
4122624,-0.001569044339703396,0.09623798064421862,-0.019659446748846676,0.00439453125,0.0006603116344194859,3.128520225294419e-05
4123648,-0.0012667105620494112,0.0800207230495289,-0.018772146249830257,0.0048828125,0.0003644779935711995,3.126813449394095e-05
4124672,-0.0004398706369102001,0.05590726382797584,-0.023436950099494425,0.00341796875,0.0005072682833997533,3.125106673493771e-05
4125696,-0.0006768677849322557,0.06816694082226604,-0.024869892018614337,0.0087890625,0.0007636578811798245,3.123399897593446e-05
4126720,-0.0015588911628583446,0.04686803132062778,-0.025597357118385844,0.0087890625,0.000833171172416769,3.1216931216931224e-05
4127744,-0.0009842364233918488,0.09235005837399513,-0.023426155879860744,0.00439453125,0.0006626204703934491,3.119986345792798e-05
4128768,-0.0006607557006645948,0.3728389353491366,-0.02697770767554175,0.00390625,0.0007560356752946973,3.1182795698924725e-05
4129792,-0.0009376767266076058,0.07226308184908703,-0.02354419682524167,0.00537109375,0.0014820458745816723,3.1165727939921487e-05
4130816,-0.0011968585022259504,0.6848748777993023,-0.04944980709115043,0.01171875,0.0009618870244594291,3.114866018091824e-05
4131840,-0.001466990972403437,0.08814741985406727,-0.02590243794111302,0.0029296875,0.0009406923927599564,3.1131592421915e-05
4132864,-0.000962165417149663,0.2925964994356036,-0.0294874791870825,0.005859375,0.0004788693622685969,3.1114524662911756e-05
4133888,-0.0006911273303558119,0.33070335211232305,-0.033345981646561995,0.00439453125,0.0003610138228395954,3.109745690390852e-05
4134912,-7.002585334703326e-06,0.2976660719141364,-0.03482475476630498,0.00048828125,7.772054232191294e-05,3.108038914490528e-05
4135936,-0.001349524041870609,0.08379123162012547,-0.02073051039405982,0.00439453125,0.000506053474964574,3.106332138590203e-05
4136960,-0.0006011008590576239,0.3826737728668377,-0.032785907067591324,0.00146484375,0.00014564418233931065,3.1046253626898794e-05
4137984,-0.0012952439064974897,0.049991480773314834,-0.022652079744148068,0.005859375,0.002788477169815451,3.102918586789555e-05
4139008,-0.0007042503712000325,0.10648929106537253,-0.028194235943374224,0.0048828125,0.0006299750093603507,3.101211810889231e-05
4140032,-0.0006458741991082206,0.059165781596675515,-0.022758493203582475,0.00439453125,0.00029204371094238013,3.0995050349889064e-05
4141056,-0.0008614113612566143,0.08298951748292893,-0.021494090440683067,0.0029296875,0.0009510690724710003,3.0977982590885825e-05
4142080,-0.0004648637113859877,0.08999915339518338,-0.02674810294411145,0.00390625,0.0011257614387432113,3.096091483188257e-05
4143104,-0.001381123234750703,0.07217877340735868,-0.02987889651558362,0.00927734375,0.0015231226134346798,3.094384707287933e-05
4144128,-0.0023494716151617467,0.3300757312681526,-0.03273093741881894,0.00341796875,0.00036743552482221276,3.092677931387609e-05
4145152,-0.001264548656763509,0.1172093350905925,-0.0254138345917454,0.00439453125,0.0005769032431999221,3.090971155487284e-05
4146176,-0.0005382275267038494,0.03219077890389599,-0.01715847103332635,0.00390625,0.0003689826116897166,3.08926437958696e-05
4147200,-0.0004899761115666479,0.1541024420876056,-0.022007410298101604,0.0009765625,0.00023740515462122858,3.087557603686636e-05
4148224,-0.0010961794760078192,0.05873777682427317,-0.021982027936246595,0.00537109375,0.000841390632558614,3.085850827786312e-05
4149248,-0.0008520637493347749,0.051889895810745656,-0.023814755280909594,0.00634765625,0.001046399469487369,3.084144051885988e-05
4150272,-0.00022586138220503926,0.364825734635815,-0.031640310073271394,0.0048828125,0.0004413783608470112,3.0824372759856634e-05
4151296,-0.0038415095186792314,0.8356151795014739,-0.0562254338292405,0.013671875,0.0012264454417163506,3.0807305000853395e-05
4152320,-0.0029552144114859402,0.42089585727080703,-0.04548487171996385,0.01611328125,0.0012011729268124327,3.079023724185015e-05
4153344,-0.001502893544966355,0.5718139824457467,-0.03139111484051682,0.00634765625,0.00041460999636910856,3.077316948284691e-05
4154368,-0.0011239815648877993,0.06149896397255361,-0.01969714202641626,0.0048828125,0.0002774495369521901,3.075610172384366e-05
4155392,-0.0003247136191930622,0.08854036498814821,-0.02328992022376042,0.00830078125,0.000889465693035163,3.073903396484041e-05
4156416,-0.0010131540620932356,0.05084632581565529,-0.019177195472366293,0.0107421875,0.0015417218673974276,3.0721966205837174e-05
4157440,-0.001103719841921702,0.05099428090034053,-0.021333456388674676,0.00390625,0.0012884954776382074,3.070489844683393e-05
4158464,1.7462880350649357e-05,0.4362405196297914,-0.030381561897229403,0.00439453125,0.0004011848504887894,3.068783068783069e-05
4159488,-0.00034867132490035146,0.03304591559572145,-0.015609051028150134,0.00390625,0.0003797501703957096,3.067076292882744e-05
4160512,-0.0007835146243451163,0.3905104601290077,-0.029335758415982127,0.00048828125,5.626979691442102e-05,3.0653695169824204e-05
4161536,-0.0004375671414891258,0.07387084106449038,-0.021760293369879946,0.00732421875,0.0005679805617546663,3.063662741082096e-05
4162560,-0.0002485953154973686,0.3135870329570025,-0.028202754794619977,0.0029296875,0.00025394963449798524,3.061955965181772e-05
4163584,-0.0008697003213455901,0.04722140450030565,-0.02205902940931992,0.0087890625,0.00115585932508111,3.060249189281448e-05
4164608,-0.0002492248604539782,0.052549321204423904,-0.01674433858715929,0.00244140625,0.00042894443322438747,3.0585424133811235e-05
4165632,-0.0006133565912023187,0.440937734907493,-0.02555702363315504,0.00439453125,0.0008384412794839591,3.0568356374807996e-05
4166656,-0.002330968825845048,0.3960548697505146,-0.033024322299752384,0.0087890625,0.000613872442045249,3.055128861580475e-05
4167680,-0.0009490098018432036,0.13493518042378128,-0.022667971596092684,0.00830078125,0.001283378413063474,3.05342208568015e-05
4168704,-0.0009312067559221759,0.051672752597369254,-0.016347551663784543,0.00537109375,0.0008590559591539204,3.0517153097798256e-05
4169728,-0.0002264778158860281,0.0895989773562178,-0.024091539533401374,0.00390625,0.0004002878849860281,3.0500085338795014e-05
4170752,-0.0020521065162029117,0.057209466060157865,-0.023451199347618967,0.0087890625,0.0012146991793997586,3.048301757979177e-05
4171776,-0.0009741978865349665,0.43621850525960326,-0.027217480208491907,0.00732421875,0.0005490883631864563,3.046594982078853e-05
4172800,-0.0025014349084813148,0.40434524416923523,-0.03279768751235679,0.01611328125,0.0015873359807301313,3.044888206178529e-05
4173824,-0.0011444086558185518,0.3761153866071254,-0.026635459405952133,0.00390625,0.0005354404711397365,3.0431814302782048e-05
4174848,-0.0012626952666323632,0.07923378376290202,-0.020089440877200104,0.0068359375,0.0014876716304570436,3.0414746543778806e-05
4175872,-0.0006478643335867673,0.033418045146390796,-0.01997832475535688,0.00537109375,0.0011614346003625542,3.0397678784775563e-05
4176896,-0.000794305291492492,0.4895870841573924,-0.03737765323603526,0.0078125,0.0005620480078505352,3.038061102577232e-05
4177920,-0.00024829361063893884,0.08907822670880705,-0.021835385756276082,0.001953125,0.000582650100113824,3.036354326676908e-05
4178944,-0.001171534982859157,0.09616782260127366,-0.025092590247368207,0.00634765625,0.0010991971648763865,3.0346475507765836e-05
4179968,-0.0006229108257684857,0.7843880876898766,-0.043862222228199244,0.00146484375,0.0002544957824284211,3.0329407748762584e-05
4180992,-0.0010125378903467208,0.051580108993221074,-0.0215882978081936,0.00634765625,0.0004636125813703984,3.0312339989759342e-05
4182016,-0.0003439925785642117,0.04977994953515008,-0.016673476944561116,0.0009765625,0.00039170432137325406,3.02952722307561e-05
4183040,-0.0015150757681112736,0.040007912553846836,-0.024116151791531593,0.00439453125,0.0004389050300233066,3.0278204471752857e-05
4184064,-0.0005217060243012384,0.09116733144037426,-0.024898088064219337,0.0068359375,0.0005620605952572078,3.0261136712749615e-05
4185088,-0.0017079441458918154,0.8021044218912721,-0.04173594126768876,0.0048828125,0.0003588522522477433,3.0244068953746373e-05
4186112,-0.0016335506807081401,0.3071363102644682,-0.029180984962295042,0.00390625,0.0004090413567610085,3.022700119474313e-05
4187136,-0.0015121517499210313,0.07356057805009186,-0.021836348714714404,0.0107421875,0.0018836517992895097,3.020993343573989e-05
4188160,-0.0013419227034319192,0.1402124259620905,-0.02372716191894142,0.0068359375,0.0009194179438054562,3.019286567673665e-05
4189184,-0.0011130052880616859,0.10129823244642466,-0.02015533993835561,0.0048828125,0.0010048717813333496,3.0175797917733407e-05
4190208,-0.0014764086954528466,0.09722371876705438,-0.01972517088142922,0.0068359375,0.001148005307186395,3.0158730158730165e-05
4191232,0.0008883420523488894,0.4670022348873317,-0.02985884631925728,0.00439453125,0.0005162075831321999,3.0141662399726922e-05
4192256,-0.0006450034707086161,0.091481365961954,-0.02519608585680544,0.00341796875,0.0010599762026686221,3.012459464072367e-05
4193280,-0.002268344040203374,0.3757094658212736,-0.032446342418552376,0.01416015625,0.0018151803087675944,3.0107526881720428e-05
4194304,-0.0006931715179234743,0.1474642097018659,-0.027893673846847378,0.00390625,0.00033288716804236174,3.0090459122717185e-05
4195328,-0.0005746814422309399,0.3786282518412918,-0.036007214890560135,0.0048828125,0.0003672407183330506,3.0073391363713943e-05
4196352,0.0009665950492490083,0.07007750996854156,-0.018580145442683715,0.0048828125,0.0006723623082507402,3.00563236047107e-05
4197376,-0.0003469465736998245,0.06432372506242245,-0.023804142845619936,0.00244140625,0.00016661477275192738,3.003925584570746e-05
4198400,-0.0035176651290385053,0.752535113831982,-0.04810829524649307,0.01171875,0.0008088932081591338,3.0022188086704216e-05
4199424,0.00014629385259468108,0.17116168816573918,-0.022587745959754102,0.009765625,0.0011391218577045947,3.0005120327700974e-05
4200448,-0.000469566453830339,0.3941987083526328,-0.030376934475498274,0.00244140625,0.0003570363624021411,2.998805256869773e-05
4201472,-0.000491837301524356,0.046426844026427716,-0.019198801951461064,0.001953125,0.00021748480503447354,2.9970984809694493e-05
4202496,-0.0009133200946962461,0.056649270467460155,-0.023110917827580124,0.00537109375,0.0008733689319342375,2.995391705069125e-05
4203520,-0.0004044374145451002,0.39286449644714594,-0.03371001812047325,0.001953125,0.0001674252125667408,2.9936849291688008e-05
4204544,-0.0014551692001987249,0.5045751768629998,-0.030865598877426237,0.00732421875,0.0016232726484304294,2.9919781532684766e-05
4205568,-0.0007407347729895264,0.32907553273253143,-0.03623678378062323,0.00390625,0.0005840385420015082,2.9902713773681513e-05
4206592,-0.001259663637029007,0.06339193612802774,-0.025983776002249215,0.00634765625,0.00042516404937487096,2.988564601467827e-05
4207616,-0.00235266299569048,0.42456415365450084,-0.03484465192013886,0.0078125,0.0006727345753461123,2.986857825567503e-05
4208640,-0.0005915447254665196,0.09491315390914679,-0.023728888656478375,0.00244140625,0.00015316794451791793,2.9851510496671786e-05
4209664,-0.00010246838792227209,0.07348265370819718,-0.018371330326772295,0.00048828125,4.89455705974251e-05,2.9834442737668544e-05
4210688,-0.0006140658515505493,0.4056415921077132,-0.034465193370124325,0.00390625,0.00046451116213575006,2.9817374978665302e-05
4211712,-0.0020037693757331,0.09371948684565723,-0.02725028277200181,0.0078125,0.0014680110762128606,2.980030721966206e-05
4212736,0.00152246214565821,0.4285634821280837,-0.045389663020614535,0.00390625,0.0009029543434735388,2.9783239460658817e-05
4213760,-0.00046009881771169603,0.11619783623609692,-0.02415954941898235,0.00634765625,0.0010436543525429443,2.9766171701655575e-05
4214784,-6.541777111124247e-05,0.060421105881687254,-0.021885481313802302,0.00341796875,0.0005379252543207258,2.9749103942652333e-05
4215808,-0.0010227913153357804,0.05021741392556578,-0.020805105414183345,0.00390625,0.0007139806548366323,2.9732036183649094e-05
4216832,-0.00012597143359016627,0.10851941944565624,-0.026137331333302427,0.00341796875,0.000632051785942167,2.971496842464585e-05
4217856,-0.0014774392438994255,0.3619864695938304,-0.03380810172529891,0.0048828125,0.0005054790526628494,2.9697900665642596e-05
4218880,-0.00042066624155268073,0.3918850217014551,-0.030903011065674946,0.0048828125,0.0004917572223348543,2.9680832906639357e-05
4219904,-0.0009400798589922488,0.1317050028592348,-0.027680043218424544,0.005859375,0.0005950716586085036,2.9663765147636114e-05
4220928,-0.0005646536010317504,0.13137902249582112,-0.02440475307230372,0.005859375,0.000842010136693716,2.9646697388632872e-05
4221952,-0.0007592491165269166,0.41309533396270126,-0.03025695148971863,0.00341796875,0.0002759702911134809,2.962962962962963e-05
4222976,-0.0007301977020688355,0.05394051794428378,-0.020593541417838424,0.00537109375,0.00037378711567725986,2.9612561870626388e-05
4224000,-0.0017752393323462456,0.5968740559183061,-0.042888427575235255,0.00732421875,0.000998909235931933,2.9595494111623145e-05
4225024,-0.00070871168281883,0.05395750387106091,-0.0177882277766912,0.00341796875,0.000344384738127701,2.9578426352619903e-05
4226048,-0.0004051371361128986,0.08131378807593137,-0.02563056058716029,0.00244140625,0.0002671023685252294,2.956135859361666e-05
4227072,-0.002015409030718729,0.37545678310561925,-0.026559536872809986,0.01220703125,0.0007446612435160205,2.954429083461342e-05
4228096,-0.003785481007071212,0.7626525638625026,-0.05128769809380174,0.00439453125,0.0005294240399962291,2.9527223075610176e-05
4229120,-0.00037020264426246285,0.1239232145017013,-0.019296626505820313,0.00537109375,0.0010936539765680209,2.9510155316606934e-05
4230144,-0.0005994386374368332,0.34677550045307726,-0.02282438473048387,0.00390625,0.00033851734769996256,2.9493087557603695e-05
4231168,-0.001718574232654646,0.08251591213047504,-0.036806919728405774,0.0068359375,0.001568332067108713,2.947601979860044e-05
4232192,-0.0015892732481006533,0.06645336153451353,-0.02196392613404896,0.005859375,0.0013500903733074665,2.9458952039597197e-05
4233216,-0.002200583039666526,0.3781820413423702,-0.03222467424347997,0.00439453125,0.0003839790297206491,2.9441884280593958e-05
4234240,-0.0007184813730418682,0.05332114966586232,-0.022029028767519776,0.00341796875,0.00029814722074661404,2.9424816521590716e-05
4235264,-0.0017250762466574088,0.404366314294748,-0.03581288826535456,0.0029296875,0.0024319487129105255,2.9407748762587473e-05
4236288,-0.0002614627737784758,0.4495370180811733,-0.03367249053553678,0.00341796875,0.000640973390545696,2.939068100358423e-05
4237312,-0.0006736815703334287,0.1367079206975177,-0.022529491543537006,0.00390625,0.0008882871334208176,2.937361324458099e-05
4238336,-0.0007415600121021271,0.08988150919321924,-0.014388506046088878,0.00439453125,0.0011085222067777067,2.9356545485577747e-05
4239360,-0.0017663345352048054,0.055046510649845004,-0.023553483697469346,0.00439453125,0.000371025555068627,2.9339477726574504e-05
4240384,-0.00038736683200113475,0.09420347434934229,-0.023166753904661164,0.00244140625,0.0002636196877574548,2.9322409967571262e-05
4241408,-0.0010040060733444989,0.04656732128933072,-0.021053885255241767,0.00537109375,0.0009458918066229671,2.930534220856802e-05
4242432,0.0003593388828448951,0.03693550656316802,-0.023701465921476483,0.0078125,0.0015228273841785267,2.9288274449564777e-05
4243456,-2.8502574423328042e-05,0.06325740355532616,-0.023731694382149726,0.0048828125,0.00032661171280778944,2.9271206690561525e-05
4244480,-0.0016351337544620037,0.862421220401302,-0.043315379560226575,0.0029296875,0.0003165236848872155,2.9254138931558283e-05
4245504,-0.001438094550394453,0.04540827561868355,-0.023551237585706986,0.0107421875,0.0012991698313271627,2.923707117255504e-05
4246528,-0.0027505346515681595,0.714630238711834,-0.042714709823485464,0.01123046875,0.0010062845394713804,2.9220003413551798e-05
4247552,-0.0008614006655989215,0.0924950015032664,-0.02271186998405028,0.00341796875,0.00034174000029452145,2.920293565454856e-05
4248576,-0.00027318260981701314,0.4755144534865394,-0.028226966598595027,0.001953125,0.0004634085635188967,2.9185867895545317e-05
4249600,-0.0021823662100359797,0.41565479221753776,-0.028255814424483106,0.00830078125,0.0007241118437377736,2.9168800136542075e-05
4250624,-0.001958824635948986,0.06102134205866605,-0.024371231544137117,0.009765625,0.0015515240374952555,2.9151732377538832e-05
4251648,-0.0002864143389160745,0.3197146189631894,-0.024906185848522,0.00244140625,0.000207295102882199,2.913466461853559e-05
4252672,-0.0007717475818935782,0.05919882457237691,-0.02164987330615986,0.00634765625,0.0006631035357713699,2.9117596859532348e-05
4253696,-0.0002492890926077962,0.06023173441644758,-0.02569553149442072,0.00439453125,0.0012832446373067796,2.9100529100529105e-05
4254720,-0.00029083865229040384,0.44656609278172255,-0.03790082909108605,0.00048828125,0.0001538737997179851,2.9083461341525863e-05
4255744,-0.00045517807302530855,0.07198156672529876,-0.021441011267597787,0.005859375,0.0008587868214817718,2.906639358252261e-05
4256768,-0.00023692661488894373,0.6497978453990072,-0.03433712347759865,0.00390625,0.0008726282394491136,2.904932582351937e-05
4257792,-0.000991155524388887,0.043223803339060396,-0.02243885026746284,0.00634765625,0.000738069778890349,2.9032258064516126e-05
4258816,-0.0014204487088136375,0.6436530877836049,-0.037147424067370594,0.005859375,0.0003789773618336767,2.9015190305512884e-05
4259840,-0.001573247165651992,0.0523540445137769,-0.024793314310954884,0.01171875,0.0016846299840835854,2.899812254650964e-05
4260864,-0.0008634169498691335,0.05445177777437493,-0.024285176161356503,0.01220703125,0.0008892789774108678,2.89810547875064e-05
4261888,0.001394432329107076,0.7155536422505975,-0.052556356822606176,0.005859375,0.0007063223602017388,2.896398702850316e-05
4262912,-0.00031681555265095085,0.33899681246839464,-0.025557447122992016,0.0009765625,9.21650935197249e-05,2.8946919269499918e-05
4263936,-0.0014234487753128633,0.38136208115611225,-0.027832311774545815,0.00537109375,0.0005230425158515573,2.8929851510496676e-05
4264960,-0.0006529318779939786,0.048601313144899905,-0.019361418831977062,0.0029296875,0.0002218037989223376,2.8912783751493434e-05
4265984,-2.509243495296687e-05,0.3165391229558736,-0.03033406921895221,0.0009765625,9.951289393939078e-05,2.889571599249019e-05
4267008,-0.0010634277132339776,0.6009420617483556,-0.034180704882601276,0.00439453125,0.00048575429536867887,2.887864823348695e-05
4268032,-7.960974471643567e-05,0.05271371908020228,-0.018945616768178297,0.0009765625,0.00010689489135984331,2.8861580474483707e-05
4269056,-0.00010161979298572987,0.07679789036046714,-0.020808031877095345,0.00146484375,7.58551323087886e-05,2.8844512715480454e-05
4270080,0.0011881755199283361,0.06294693890959024,-0.017400170438122586,0.00341796875,0.0006846887554274872,2.8827444956477212e-05
4271104,-0.0014970983029343188,0.37113977409899235,-0.0318912242364604,0.00390625,0.00022681502741761506,2.881037719747397e-05
4272128,-0.000540821100003086,0.338064425624907,-0.028350157925160602,0.00048828125,4.848929529543966e-05,2.8793309438470727e-05
4273152,-0.0005644798511639237,0.054010167019441724,-0.014849795425107004,0.00244140625,0.0006114926800364628,2.8776241679467485e-05
4274176,-0.0010676880337996408,0.427128933602944,-0.030190040342858993,0.00390625,0.0006256155320443213,2.8759173920464243e-05
4275200,-0.0007789021183270961,0.04310801433166489,-0.01950464734909474,0.00390625,0.000675022296491079,2.8742106161461e-05
4276224,-0.0008810102153802291,0.06444396928418428,-0.01797831775729719,0.0029296875,0.0011527475144248456,2.872503840245776e-05
4277248,-0.00035977821971755475,0.3851826798636466,-0.029883024930313695,0.001953125,0.00022657110821455717,2.870797064345452e-05
4278272,-0.0021152832050574943,0.7844759663566947,-0.046006386168301105,0.0087890625,0.0008712438284419477,2.8690902884451277e-05
4279296,-0.0007744126196485013,0.036362674727570266,-0.0236422186717391,0.001953125,0.0002184256154578179,2.8673835125448035e-05
4280320,-0.0014229745720513165,0.08837890182621777,-0.02209993231736007,0.0087890625,0.001338994043180719,2.8656767366444792e-05
4281344,-0.000800867477664724,0.1254589915042743,-0.01937137861023075,0.0029296875,0.00017994343943428248,2.863969960744154e-05
4282368,-0.0022812188835814595,0.37692432035692036,-0.03041423765171203,0.00537109375,0.0004607615992426872,2.8622631848438298e-05
4283392,-0.0004534615436568856,0.037366816599387676,-0.01895895959023619,0.00146484375,0.00013541601947508752,2.8605564089435055e-05
4284416,-0.001059962116414681,0.08757496118778363,-0.02043811274052132,0.0068359375,0.0005101452406961471,2.8588496330431813e-05
4285440,-0.0004054086748510599,0.05474725930253044,-0.01828071513409668,0.00390625,0.0005571216606767848,2.857142857142857e-05
4286464,-4.021353379357606e-05,0.07589918212033808,-0.021203101736318786,0.001953125,0.0001516294141765684,2.855436081242533e-05
4287488,-0.00011076447844970971,0.49748022691346705,-0.02929505129577592,0.00439453125,0.0004137313226237893,2.8537293053422086e-05
4288512,-0.0018664817907847464,0.05978319107089192,-0.023751369226374663,0.005859375,0.0012628621479962021,2.8520225294418844e-05
4289536,-0.001338690723059699,0.670683950651437,-0.04060627785656834,0.001953125,0.00014464468404185027,2.8503157535415602e-05
4290560,-0.000734398650820367,0.06175089435419068,-0.02286495443786407,0.00341796875,0.0002752693253569305,2.8486089776412363e-05
4291584,-0.0009831297502387315,0.06328166171442717,-0.020206513960147277,0.00439453125,0.0006979145109653473,2.846902201740912e-05
4292608,-0.0010864390642382205,0.0728517301613465,-0.021354619493649807,0.0029296875,0.000563297639018856,2.8451954258405878e-05
4293632,-0.001167701295344159,0.4782772093312815,-0.03288405744388001,0.00830078125,0.0005461199616547674,2.8434886499402626e-05
4294656,-0.0004308434436097741,0.07610710337758064,-0.015325118944019778,0.00634765625,0.0005817488417960703,2.8417818740399384e-05
4295680,-0.0031198383367154747,1.5324715003371239,-0.06995976361213252,0.01025390625,0.0007148262375267223,2.840075098139614e-05
4296704,0.000670493784127757,1.4032769557088614,-0.09304118517320603,0.005859375,0.0006390255293808877,2.83836832223929e-05
4297728,-2.4150533135980368e-05,0.1326640023617074,-0.022578529562451877,0.0029296875,0.0001847645326051861,2.8366615463389657e-05
4298752,0.00039979371649678797,2.1348665468394756,-0.12942748167552054,0.0146484375,0.0010621245164657012,2.8349547704386414e-05
4299776,-0.0020400839566718787,0.07752836553845555,-0.023443649344699224,0.0107421875,0.0010966932168230414,2.8332479945383172e-05
4300800,-0.0004033622099086642,0.12259376188740134,-0.017429606297810096,0.00244140625,0.00037874392000958323,2.831541218637993e-05
4301824,-0.0004645831650123,0.1293761427514255,-0.02132216667814646,0.00390625,0.0002717956231208518,2.8298344427376687e-05
4302848,-0.0043989580881316215,0.7858764086849988,-0.042991168273147196,0.00830078125,0.0007367673679254949,2.8281276668373445e-05
4303872,-0.0007465258095180616,0.10884466883726418,-0.020488376445428003,0.0029296875,0.00025946940877474844,2.8264208909370203e-05
4304896,-0.0010843825002666563,0.3978076409548521,-0.025887502284604125,0.00537109375,0.0005342421791283414,2.8247141150366964e-05
4305920,-0.00021250305871944875,0.3327726243296638,-0.027296357191517018,0.001953125,8.072525088209659e-05,2.8230073391363722e-05
4306944,-0.00033494766103103757,0.0795901317615062,-0.024088815858704038,0.00537109375,0.00043682040995918214,2.8213005632360466e-05
4307968,-0.00014500024553854018,0.7290674883406609,-0.038246100972173735,0.00146484375,0.000105468207038939,2.8195937873357227e-05
4308992,-3.587413812056184e-05,0.0821663805982098,-0.023721213874523528,0.00830078125,0.0011709104146575555,2.8178870114353985e-05
4310016,-0.0010793624096550047,0.31546068633906543,-0.028180074688862078,0.001953125,0.00013682988355867565,2.8161802355350742e-05
4311040,-0.000512008773512207,0.20808169711381197,-0.01935594372844207,0.00537109375,0.0006026815390214324,2.81447345963475e-05
4312064,-0.0020250767847755924,0.35739832534454763,-0.0337577080358642,0.00927734375,0.0011697511072270572,2.8127666837344258e-05
4313088,-0.00023044231056701392,0.04993977735284716,-0.017712070902689447,0.00244140625,0.00010158127406612039,2.8110599078341016e-05
4314112,-0.0015303905529435724,0.06332257192116231,-0.02578357479069382,0.005859375,0.00044620668631978333,2.8093531319337773e-05
4315136,-0.000968480235314928,0.0714488971279934,-0.021995599643560126,0.00537109375,0.0005232675903243944,2.807646356033453e-05
4316160,-0.0016143026296049356,0.06751236482523382,-0.024203990877140313,0.0048828125,0.0010016962914960459,2.805939580133129e-05
4317184,-0.00029205778264440596,0.040352668322157115,-0.01601770177603612,0.001953125,0.00017239364387933165,2.8042328042328046e-05
4318208,-0.0005912860360695049,0.05449242971371859,-0.01943278353360256,0.00341796875,0.0005581610021181405,2.8025260283324804e-05
4319232,-0.0004987228312529624,0.0874457397731021,-0.01804015202651499,0.00341796875,0.00033377418003510684,2.800819252432155e-05
4320256,-0.0008178017305908725,0.10202651307918131,-0.023453901434550062,0.00341796875,0.0010353261168347672,2.799112476531831e-05
4321280,-0.0005734771693823859,0.10641113470774144,-0.018898694317613263,0.0048828125,0.00061685913533438,2.7974057006315067e-05
4322304,3.723386907950044e-05,0.36354314535856247,-0.03346615913324058,0.00341796875,0.00016990404401440173,2.7956989247311828e-05
4323328,-0.0011502040142659098,0.041916039830539376,-0.02041972425286076,0.0029296875,0.0003122271446045488,2.7939921488308586e-05
4324352,-0.001102362759411335,0.43916869233362377,-0.026701894749749044,0.0029296875,0.0004121585370739922,2.7922853729305344e-05
4325376,-0.003059541922993958,1.1217713714577258,-0.06046615750528872,0.00732421875,0.0006742052210029215,2.79057859703021e-05
4326400,-0.0006100641912780702,0.03435751487268135,-0.014190243993652984,0.0009765625,0.00013951296568848193,2.788871821129886e-05
4327424,-0.0005213156109675765,0.058585582533851266,-0.018460925020917784,0.00244140625,0.00032658709096722305,2.7871650452295617e-05
4328448,-0.0008968901674961671,0.04816232423763722,-0.02202872565612779,0.009765625,0.0009024411410791799,2.7854582693292374e-05
4329472,-0.0010199016469414346,0.30067984422203153,-0.03705310387886129,0.0048828125,0.0004867280076723546,2.7837514934289132e-05
4330496,-0.0007458520703949034,0.028608351305592805,-0.018137101553293178,0.00341796875,0.00031375783146359026,2.782044717528589e-05
4331520,-0.0013524305395549163,0.450850056251511,-0.03771519390284084,0.00537109375,0.0004904009110759944,2.7803379416282648e-05
4332544,-0.0004074043536093086,0.1045021292520687,-0.024735976825468242,0.00390625,0.00023060431703925133,2.7786311657279395e-05
4333568,-0.0005519309197552502,0.3670644161757082,-0.024059287602995028,0.00244140625,0.00016790174413472414,2.7769243898276153e-05
4334592,-0.0016143765533342957,0.07797933672554791,-0.024035485097556375,0.01220703125,0.0016001074254745618,2.775217613927291e-05
4335616,-0.000425034377258271,0.37442384008318186,-0.028867372690001503,0.00390625,0.00025576043117325753,2.773510838026967e-05
4336640,-0.0022714544174959883,0.38262068037874997,-0.029686263498660992,0.00732421875,0.0008341972279595211,2.771804062126643e-05
4337664,-0.0015686021361034364,0.04023121198406443,-0.019245461382752183,0.00439453125,0.0007694041123613715,2.7700972862263187e-05
4338688,-0.00018237875337945297,0.40486114216037095,-0.032360311306547374,0.0029296875,0.00029465981060639024,2.7683905103259945e-05
4339712,-0.0007604710117448121,0.0549463015049696,-0.022430142913435702,0.00439453125,0.0003535472205840051,2.7666837344256703e-05
4340736,-0.00021336664212867618,0.0847362563945353,-0.01790499269554857,0.00146484375,0.00024058340932242572,2.764976958525346e-05
4341760,-0.00042393805051688105,0.13178209692705423,-0.02013193895254517,0.001953125,0.00041567999869585037,2.7632701826250218e-05
4342784,-0.0007007449494267348,0.06742992729414254,-0.019787916975474218,0.0029296875,0.0005163766763871536,2.7615634067246976e-05
4343808,-0.00033392931800335646,0.05655985890189186,-0.024839863210218027,0.00390625,0.0006997855962254107,2.7598566308243733e-05
4344832,-0.0008998353441711515,0.05738606886006892,-0.02047289775509853,0.0048828125,0.0010688430484151468,2.758149854924048e-05
4345856,-0.00039766145346220583,0.3975922828540206,-0.0296316197309352,0.00146484375,0.00014704823843203485,2.756443079023724e-05
4346880,-0.0002874026831705123,0.08422500151209533,-0.018158117771235993,0.0029296875,0.0003736813960131258,2.7547363031233996e-05
4347904,-0.00032789711258374155,0.13344672694802284,-0.020066690936801024,0.00439453125,0.00032614519295748323,2.7530295272230754e-05
4348928,-0.0004025942471344024,0.052274181856773794,-0.017792504411772825,0.00244140625,0.0005416607309598476,2.7513227513227512e-05
4349952,-0.001314788925810717,0.035926085081882775,-0.018545458933658665,0.00634765625,0.0008849132718751207,2.749615975422427e-05
4350976,-0.00045610545203089714,0.4168166443705559,-0.03396056628844235,0.00244140625,0.0001711288932710886,2.747909199522103e-05
4352000,-0.00036940161953680217,0.035788573091849685,-0.01867703435164003,0.00390625,0.00039074978849384934,2.746202423621779e-05
4353024,-0.0007068538543535396,1.1475193502847105,-0.033989945717621595,0.001953125,0.0002964886953122914,2.7444956477214546e-05
4354048,-0.0007354279950959608,0.3981301477178931,-0.030537953251041472,0.00537109375,0.000494531195727177,2.7427888718211304e-05
4355072,-0.0009411386272404343,0.1344722049543634,-0.027582157315919176,0.00439453125,0.0011519014951772988,2.741082095920806e-05
4356096,-0.0008592275698902085,0.23100661614444107,-0.028103763470426202,0.001953125,0.00016034705913625658,2.739375320020482e-05
4357120,-0.0007569606241304427,0.03605256386799738,-0.018653171729965834,0.0048828125,0.0006538644229294732,2.7376685441201567e-05
4358144,-0.0004350870003690943,0.6296806153841317,-0.03411993908230215,0.00146484375,9.590960689820349e-05,2.7359617682198324e-05
4359168,-0.0003437941850279458,0.08200296526774764,-0.023750996362650767,0.0029296875,0.0002928756730398163,2.7342549923195082e-05
4360192,-0.000566974762477912,0.05067481758305803,-0.02181548454973381,0.005859375,0.0005323731020325795,2.732548216419184e-05
4361216,-0.002354813157580793,0.37278410722501576,-0.032511113458895124,0.01220703125,0.0012772665795637295,2.7308414405188598e-05
4362240,-0.002855000493582338,0.5417561340145767,-0.031243350356817245,0.005859375,0.0006096938013797626,2.7291346646185355e-05
4363264,0.00014407998241949826,0.07550674019148573,-0.026582327613141388,0.00537109375,0.0004803471820196137,2.7274278887182113e-05
4364288,-0.0010623662965372205,0.0343512671533972,-0.02255823658197187,0.0078125,0.0005541689170058817,2.725721112817887e-05
4365312,-0.0010021310517913662,0.3271370199508965,-0.027504211786435917,0.0048828125,0.00044353627890814096,2.7240143369175632e-05
4366336,9.828901966102421e-05,0.07371774676721543,-0.021214104308455717,0.00634765625,0.0009782863926375285,2.722307561017239e-05
4367360,0.00018777785589918494,0.37518686812836677,-0.03218847907555755,0.001953125,0.00014711004041600972,2.7206007851169147e-05
4368384,-0.0006796799425501376,0.882358456030488,-0.05173323428607546,0.0048828125,0.0005362742813304067,2.7188940092165905e-05
4369408,-0.0026918409421341494,0.6518258373253047,-0.0421770091925282,0.00634765625,0.00043723240378312767,2.7171872333162663e-05
4370432,-0.001646771179366624,0.38847552542574704,-0.0271820117113748,0.00390625,0.0003508472291287035,2.715480457415941e-05
4371456,-0.0006581636844202876,0.07550827250815928,-0.022878490955918096,0.00341796875,0.00031456953729502857,2.7137736815156168e-05
4372480,-0.0010858319437829778,0.06421002605929971,-0.02192606007156428,0.0048828125,0.0013171356840757653,2.7120669056152926e-05
4373504,-0.00147593482688535,0.5752272845711559,-0.032307171131833456,0.00390625,0.0003509822563501075,2.7103601297149683e-05
4374528,-0.00038159462565090507,0.07156595424748957,-0.020706748397060437,0.00146484375,0.00023891600721981376,2.708653353814644e-05
4375552,-0.0007941452931845561,0.05478812917135656,-0.018029899256362114,0.005859375,0.000495578206027858,2.70694657791432e-05
4376576,-0.00035623366420622915,0.03032159258145839,-0.01675259258627193,0.00146484375,0.00022687941964250058,2.7052398020139957e-05
4377600,-0.0005383150273701176,0.053199091635178775,-0.02179901604904444,0.00341796875,0.00039176936843432486,2.7035330261136714e-05
4378624,-0.000519385896041058,0.39867275417782366,-0.03456799959531054,0.0029296875,0.00024889213091228157,2.7018262502133472e-05
4379648,0.0011754415172617882,0.8667550154495984,-0.044303184578893706,0.0048828125,0.000599342878558673,2.7001194743130233e-05
4380672,-0.0006039427244104445,0.07041217293590307,-0.018324224547541235,0.00390625,0.0005149944627191871,2.698412698412699e-05
4381696,-0.0020701679022749886,0.41756454773712903,-0.03372124421002809,0.0048828125,0.0004212033236399293,2.696705922512375e-05
4382720,-0.0012509239531937055,0.4110367975663394,-0.03266834518581163,0.00390625,0.0003429500065976754,2.6949991466120496e-05
4383744,-0.0007863558857934549,0.09786576719488949,-0.023341246123891324,0.0048828125,0.00040310264739673585,2.6932923707117254e-05
4384768,-0.0005970928905298933,0.06411571893841028,-0.020917332032695413,0.00341796875,0.0005683267518179491,2.691585594811401e-05
4385792,-0.0012692538148257881,0.6373922718921676,-0.03688148550281767,0.0029296875,0.00046118139289319515,2.689878818911077e-05
4386816,-0.0023862467642175034,0.38318214286118746,-0.029368413001066074,0.0048828125,0.0006423192389775068,2.6881720430107527e-05
4387840,-0.0007793035183567554,0.03778004238847643,-0.019835118684568442,0.00146484375,0.00016230999608524144,2.6864652671104285e-05
4388864,-0.0013296728575369343,0.03912045684410259,-0.01974494190653786,0.009765625,0.0011921212426386774,2.6847584912101042e-05
4389888,-0.002074742347758729,0.6488463785499334,-0.043393185376771726,0.00634765625,0.0006670238799415529,2.68305171530978e-05
4390912,-0.0006062325119273737,0.09942282421980053,-0.02113174766236625,0.0029296875,0.00042052275966852903,2.6813449394094558e-05
4391936,-0.0006653413875028491,0.09708455018699169,-0.019586681977671105,0.01220703125,0.0011433042091084644,2.6796381635091315e-05
4392960,-0.0004508770289248787,0.06375419057440013,-0.020558569951390382,0.0029296875,0.0006005761533742771,2.6779313876088073e-05
4393984,-0.0003597765498852823,0.04982246155850589,-0.023716761155810673,0.00244140625,0.00035320738970767707,2.6762246117084834e-05
4395008,0.0001105134142562747,0.1386929351137951,-0.02802874764893204,0.00439453125,0.0002961639402201399,2.6745178358081592e-05
4396032,1.6660327673889697e-05,0.8768010600470006,-0.0560386938159354,0.00439453125,0.0003452403616392985,2.6728110599078336e-05
4397056,-0.0008392477175220847,0.1065261741168797,-0.02649363518867176,0.0048828125,0.000565586524317041,2.6711042840075097e-05
4398080,-0.0009900521545205265,0.12045606737956405,-0.01960577275713149,0.005859375,0.0007209478644654155,2.6693975081071855e-05
4399104,-0.0037671886893804185,0.4829349417705089,-0.0424703138996847,0.005859375,0.0006084184860810637,2.6676907322068613e-05
4400128,-0.00035360468609724194,0.5800749813206494,-0.048276567220455036,0.01025390625,0.0007833932613721117,2.665983956306537e-05
4401152,-0.0007748663774691522,0.09375342808198184,-0.020947924473148305,0.00048828125,0.0003492230753181502,2.6642771804062128e-05
4402176,-0.00047661419375799596,0.06958494789432734,-0.019159283088811208,0.0029296875,0.000278338382486254,2.6625704045058886e-05
4403200,-0.0003080283058807254,0.051401378004811704,-0.023648115443847928,0.00146484375,0.0001610958279343322,2.6608636286055643e-05
4404224,-0.00042645339271984994,0.10142802656628191,-0.021698463066968543,0.00390625,0.0004314885300118476,2.65915685270524e-05
4405248,-0.0006805758021073416,0.08423413662239909,-0.017873303247142758,0.0029296875,0.0006707422726321965,2.657450076804916e-05
4406272,-0.008566589618567377,0.732288857921958,-0.042751135712023824,0.01708984375,0.0011518156534293666,2.6557433009045917e-05
4407296,-0.0003631198196671903,0.05364088399801403,-0.023800045913958456,0.00244140625,0.0003842536243610084,2.6540365250042674e-05
4408320,-0.0007628078747075051,0.040569699951447546,-0.025307171134045348,0.01123046875,0.0033345739648211747,2.6523297491039422e-05
4409344,-0.000258772648521699,0.1505055814050138,-0.0244420126255136,0.00244140625,0.00023414852330461144,2.650622973203618e-05
4410368,-0.0009856448014033958,0.02916735748294741,-0.015883687214227393,0.00439453125,0.0004689784109359607,2.6489161973032937e-05
4411392,-0.0003588302788557485,0.043001795187592506,-0.0243587878649123,0.0009765625,0.00017610075883567333,2.64720942140297e-05
4412416,-0.0006001281944918446,0.07088574406225234,-0.021578620035143103,0.00390625,0.0004416416632011533,2.6455026455026456e-05
4413440,-0.0007449060794897377,0.061058198916725814,-0.01918051687607658,0.00390625,0.00039351347368210554,2.6437958696023214e-05
4414464,-8.339382475242019e-06,0.07946730311959982,-0.019883261272525488,0.00390625,0.0005469398311106488,2.642089093701997e-05
4415488,-0.0009252454328816384,0.3712664151098579,-0.025802848598686978,0.00244140625,0.0002552059886511415,2.640382317801673e-05
4416512,-0.0008998635021271184,0.06139365560375154,-0.021210210379649652,0.01025390625,0.0007372101972578093,2.6386755419013487e-05
4417536,-0.0005197394057177007,0.09560471714939922,-0.02639091959281359,0.00439453125,0.0005906988080823794,2.6369687660010245e-05
4418560,0.0006658253550995141,0.07521048246417195,-0.02188157959608361,0.00537109375,0.000516128638992086,2.6352619901007002e-05
4419584,-0.0007499905987060629,0.36807767709251493,-0.029693574193515815,0.00146484375,9.586496162228286e-05,2.633555214200376e-05
4420608,-0.0006612506113015115,0.09844673424959183,-0.02839668025262654,0.00341796875,0.0003904574259649962,2.6318484383000508e-05
4421632,-0.0004505546094151214,0.168469718657434,-0.026701641429099254,0.0029296875,0.0001853256835602224,2.6301416623997265e-05
4422656,0.00010368280345574021,0.04905321600381285,-0.023211731244373368,0.0048828125,0.000538398526259698,2.6284348864994023e-05
4423680,-0.0023015064070932567,0.47664895933121443,-0.03313855768647045,0.0087890625,0.0009326133877038956,2.626728110599078e-05
4424704,-0.0008488695457344875,0.04489896510494873,-0.01631254662788706,0.001953125,0.00022557193005923182,2.625021334698754e-05
4425728,-0.0010365257039666176,0.0706623283913359,-0.020375372709054318,0.0078125,0.001075515552656725,2.62331455879843e-05
4426752,-0.0006702143291477114,0.7691222000867128,-0.031679129383519467,0.0009765625,0.000259953347267583,2.6216077828981057e-05
4427776,-0.0002479347604094073,0.04298334819031879,-0.031065826580743305,0.0029296875,0.0009311090543633327,2.6199010069977815e-05
4428800,-0.0013182820257497951,0.08672537666279823,-0.02617765081959078,0.0068359375,0.0007995133491931483,2.6181942310974573e-05
4429824,-0.0011537395184859633,0.04873453825712204,-0.025895143684465438,0.0078125,0.0018376512743998319,2.616487455197133e-05
4430848,-0.0015214955055853352,0.054571644694078714,-0.02413628439535387,0.009765625,0.0007536504999734461,2.6147806792968088e-05
4431872,-0.000960747551289387,0.053580486797727644,-0.018605666464281967,0.00732421875,0.0005945736920693889,2.6130739033964846e-05
4432896,-0.0009094810229726136,0.11245635128580034,-0.02256653492077021,0.0029296875,0.0006130628607934341,2.6113671274961604e-05
4433920,-0.0020100498222745955,0.38334108341950923,-0.03342648298712447,0.0078125,0.0011982973519479856,2.609660351595835e-05
4434944,-0.0015285842819139361,0.629104336258024,-0.046868060337146744,0.00146484375,0.0003299046366009861,2.607953575695511e-05
4435968,-0.0002556053805164993,0.09073648357298225,-0.024973889521788806,0.00244140625,0.0002501902636140585,2.6062467997951867e-05
4436992,-0.001610830397112295,0.9290591534227133,-0.04545420300564729,0.00537109375,0.0005294674629112706,2.6045400238948624e-05
4438016,-0.0009425771131645888,0.4758025063201785,-0.030627652959083207,0.00390625,0.0003744992282008752,2.6028332479945382e-05
4439040,7.266888496815227e-05,0.062488785886671394,-0.02034075666597346,0.0029296875,0.0004981630481779575,2.601126472094214e-05
4440064,-0.0025020265093189664,0.3908570446074009,-0.027109374252177076,0.00830078125,0.0007876277813920751,2.59941969619389e-05
4441088,-0.00014143480802886188,0.052531724562868476,-0.015136849448026624,0.001953125,0.00017190910875797272,2.597712920293566e-05
4442112,-0.00021423990256153047,0.05050522350938991,-0.02198270888766274,0.00341796875,0.0004650507034966722,2.5960061443932416e-05
4443136,-0.0005707792879547924,0.05846472876146436,-0.022264634048042353,0.00537109375,0.0005064876313554123,2.5942993684929174e-05
4444160,-0.0010891483107116073,0.061860232264734805,-0.021291164465765178,0.00341796875,0.0007838291785446927,2.592592592592593e-05
4445184,-0.000688144369632937,0.5408993121236563,-0.030786461735260673,0.00244140625,0.00020462959946598858,2.590885816692269e-05
4446208,-0.000688515545334667,0.04186112544266507,-0.022355717985192314,0.001953125,0.00019012852862942964,2.5891790407919437e-05
4447232,-0.0006348558090394363,0.08735666796565056,-0.02183199047431117,0.0029296875,0.0002963594306493178,2.5874722648916195e-05
4448256,0.0003213647287338972,0.046667146554682404,-0.021444749676447827,0.00732421875,0.0008369654242414981,2.5857654889912952e-05
4449280,-0.00033069476194214076,0.0365142910159193,-0.017195188223013247,0.0009765625,0.00022498051112052053,2.584058713090971e-05
4450304,-0.001617289410205558,0.04432670824462548,-0.017541738590807654,0.00634765625,0.0008093083597486839,2.5823519371906468e-05
4451328,-0.0006369045004248619,0.042638573388103396,-0.016008750812943617,0.00537109375,0.0005711291742045432,2.5806451612903226e-05
4452352,-0.0020806523243663833,0.9994413580279797,-0.04855420894455165,0.0087890625,0.0005285483202897012,2.5789383853899983e-05
4453376,-0.0006218773196451366,0.11442737584002316,-0.020001291148219025,0.00244140625,0.00045797869097441435,2.577231609489674e-05
4454400,0.002976978874357883,0.04702065297169611,-0.017180020484374836,0.00439453125,0.0012035053368890658,2.5755248335893502e-05
4455424,-1.415630686096847e-05,0.053905001550447196,-0.017820067811044282,0.00537109375,0.0005205734050832689,2.573818057689026e-05
4456448,-0.0013001159531995654,0.07463470392394811,-0.018185436725616455,0.00537109375,0.0005960031558061019,2.5721112817887017e-05
4457472,-0.0006713715411024168,0.09065364475827664,-0.019759298198550823,0.00341796875,0.0003349936450831592,2.5704045058883775e-05
4458496,-0.0003800317645072937,0.1499027933459729,-0.02574884850764647,0.00439453125,0.0005945028533460572,2.5686977299880523e-05
4459520,-7.403158815577626e-05,0.07072723977034912,-0.021738107312557986,0.00390625,0.0002970645728055388,2.566990954087728e-05
4460544,-0.0019541519723134115,0.2636350365355611,-0.028473168815253302,0.00341796875,0.0003868657804559916,2.5652841781874038e-05
4461568,-0.0011295835865894333,0.05238721240311861,-0.02069783605838893,0.00341796875,0.0005492027557920665,2.5635774022870796e-05
4462592,-0.001180442501208745,0.7305624096188694,-0.04192314838292077,0.00732421875,0.0009693855827208608,2.5618706263867554e-05
4463616,-0.0005639704031636938,0.04112444445490837,-0.016873785520147067,0.001953125,0.00011180400906596333,2.560163850486431e-05
4464640,-0.000209857287700288,0.07620696781668812,-0.020194496908516157,0.00048828125,0.0004107587010366842,2.558457074586107e-05
4465664,-0.00023680285084992647,0.424303297419101,-0.03165907260699896,0.00341796875,0.0005044633726356551,2.5567502986857827e-05
4466688,-0.00018265120161231607,0.046056723629590124,-0.018474919537766255,0.00146484375,0.0002606871275929734,2.5550435227854584e-05
4467712,-0.000745869183447212,0.059199201758019626,-0.022230570219107904,0.00244140625,0.0006295660568866879,2.5533367468851342e-05
4468736,-0.0019997642375528812,0.7460638512857258,-0.040724698395933956,0.00537109375,0.0005886545986868441,2.5516299709848103e-05
4469760,-0.0003799312689807266,0.43556998344138265,-0.027136436703585787,0.0009765625,0.00030546323978342116,2.549923195084486e-05
4470784,0.0013082544173812494,0.443200814537704,-0.037421422195620835,0.005859375,0.000593967255554162,2.548216419184162e-05
4471808,-0.00028631152235902846,0.061079334176611155,-0.020559238764690235,0.00146484375,0.0003343975549796596,2.5465096432838366e-05
4472832,-0.0006855353858554736,0.07771977549418807,-0.018917666442575864,0.00146484375,0.0003416138788452372,2.5448028673835124e-05
4473856,-0.0032754615058365744,0.37581128731835634,-0.029671454321942292,0.0087890625,0.0009990333201130852,2.543096091483188e-05
4474880,-0.001129500444221776,0.041793108568526804,-0.022127030188130448,0.0068359375,0.0009460237924940884,2.541389315582864e-05
4475904,-0.0037544381921179593,0.5838068327866495,-0.04781599121633917,0.0048828125,0.0008533778163837269,2.5396825396825397e-05
4476928,-0.00041865872481139377,0.08190585416741669,-0.019532146237907,0.00439453125,0.00027195722213946283,2.5379757637822155e-05
4477952,-0.00015321567479986697,0.10274840577039868,-0.02159448245220119,0.00146484375,0.00015825334412511438,2.5362689878818913e-05
4478976,-0.0006419353958335705,0.38766352355014533,-0.028565354106831364,0.0009765625,9.114867134485394e-05,2.534562211981567e-05
4480000,-0.0011204426700714976,0.5556227476336062,-0.037355838634539396,0.00341796875,0.00040023586188908666,2.5328554360812428e-05
4481024,-0.0017357966862618923,0.20099950931034982,-0.022721383975294884,0.00927734375,0.001295099369599484,2.5311486601809186e-05
4482048,-0.0003340376715641469,0.07404493854846805,-0.026123680429009255,0.00439453125,0.00029719331359956414,2.5294418842805943e-05
4483072,-0.0005965203890809789,0.05872929212637246,-0.02057653932570247,0.00244140625,0.000502934810356237,2.5277351083802704e-05
4484096,-0.00015816205996088684,0.03644183895085007,-0.022932685664272867,0.00146484375,0.0002326546236872673,2.526028332479945e-05
4485120,-0.003289250591478776,0.3860130571993068,-0.03014491082285531,0.01025390625,0.0011549379269126803,2.5243215565796206e-05
4486144,-0.0009232785814674571,0.033077285275794566,-0.016680365881256876,0.00146484375,0.00019777282432187349,2.5226147806792967e-05
4487168,-0.0015791734986123629,0.056787688576150686,-0.017688157764496282,0.0087890625,0.0011254520213697106,2.5209080047789725e-05
4488192,-0.0009829244227148592,0.0827058149734512,-0.024113579303957522,0.0048828125,0.0006383743020705879,2.5192012288786483e-05
4489216,-0.0010820161260198802,0.1355860891053453,-0.02511797262559412,0.00244140625,0.00017641522572375834,2.517494452978324e-05
4490240,-0.00044649535993812606,0.34076903213281184,-0.028052685025613755,0.00048828125,8.086905290838331e-05,2.5157876770779998e-05
4491264,-0.0014044671406736597,0.3208414751570672,-0.038645179563900456,0.00439453125,0.00043652878957800567,2.5140809011776756e-05
4492288,-0.000999863346805796,0.06127306120470166,-0.021952031267574057,0.00341796875,0.00042855009087361395,2.5123741252773514e-05
4493312,-0.00031856260102358647,0.07342642708681524,-0.02462799964359874,0.0009765625,0.00028658700466621667,2.510667349377027e-05
4494336,-0.000512790385982953,0.05038159678224474,-0.01879059187922394,0.0029296875,0.00019530457211658359,2.508960573476703e-05
4495360,-0.00026131638151127845,0.10179566068109125,-0.022481118809082545,0.00146484375,0.00013963476521894336,2.5072537975763787e-05
4496384,-0.000631849659839645,0.4122409417759627,-0.03155351782334037,0.00341796875,0.0002305960369994864,2.5055470216760545e-05
4497408,0.0016233981150435284,0.0818816008977592,-0.021535347565077245,0.00439453125,0.0004354099801275879,2.5038402457757292e-05
4498432,-0.0005734298611059785,0.11006788141094148,-0.024367026700929273,0.00537109375,0.0003368113102624193,2.502133469875405e-05
4499456,-0.0009067423816304654,0.052444403525441885,-0.022865757418912835,0.00244140625,0.0002946560562122613,2.5004266939750808e-05
4500480,-0.000648936300422065,0.5008140015415847,-0.032584987915470265,0.00146484375,0.0001888053520815447,2.4987199180747565e-05
4501504,-0.0016674003709340468,0.07410462235566229,-0.02003820968548098,0.00634765625,0.0013409243256319314,2.4970131421744326e-05
4502528,-0.0023699479934293777,0.2949753262801096,-0.03150079934857786,0.00732421875,0.0006612614524783567,2.4953063662741084e-05
4503552,-9.640578355174512e-05,0.053998074610717595,-0.021155191389425454,0.00341796875,0.0006528684461954981,2.4935995903737842e-05
4504576,-0.0009319621312897652,0.05300300079397857,-0.021585986687568948,0.00439453125,0.0005163451278349385,2.49189281447346e-05
4505600,-0.001755460849381052,0.28011044301092625,-0.03061951303971,0.00341796875,0.0003399092092877254,2.4901860385731357e-05
4506624,-0.0015586175650241785,0.3981401672353968,-0.035658753744428395,0.00830078125,0.0004047221736982465,2.4884792626728115e-05
4507648,-0.001153220160631463,0.11265595920849591,-0.020820423342229333,0.00390625,0.0005290732660796493,2.4867724867724873e-05
4508672,-0.0001937651541084051,0.0893419508356601,-0.02115850451082224,0.001953125,0.0002766870311461389,2.485065710872163e-05
4509696,8.077092934399843e-05,0.0787772691110149,-0.021460877122081,0.00390625,0.0008170478977262974,2.4833589349718378e-05
4510720,-0.0010004825271607842,0.6122788935899734,-0.04089441377436742,0.0029296875,0.0001998447405640036,2.4816521590715136e-05
4511744,-0.0009588265238562599,0.03923974488861859,-0.01992660830183013,0.0029296875,0.0002937667741207406,2.4799453831711893e-05
4512768,-0.0002769927668850869,0.3452202365733683,-0.03450269132736139,0.00390625,0.0003520615282468498,2.478238607270865e-05
4513792,-0.0003847922198474407,0.08677754178643227,-0.02106286046182504,0.00244140625,0.00024743538233451545,2.476531831370541e-05
4514816,-0.0009039776050485671,0.10479889437556267,-0.022152319839733536,0.00439453125,0.0006420857826014981,2.4748250554702166e-05
4515840,-0.0011461915273685008,0.36429907847195864,-0.031169591573416255,0.0068359375,0.00035785925865639,2.4731182795698928e-05
4516864,-0.0004997009673388675,0.05596769379917532,-0.024056672604274354,0.00341796875,0.00036484652082435787,2.4714115036695685e-05
4517888,-0.0017668861255515367,0.24864428967703134,-0.03053992649074644,0.01123046875,0.0012869249621871859,2.4697047277692443e-05
4518912,-0.0005311534332577139,0.0568958202493377,-0.02027547690886422,0.0029296875,0.000708888575900346,2.46799795186892e-05
4519936,-0.0002975662282551639,0.0419787194696255,-0.0218667468352578,0.001953125,0.00022023377823643386,2.466291175968596e-05
4520960,-0.0005888757004868239,0.06901305250357836,-0.022826871660072356,0.00537109375,0.0006147829699330032,2.4645844000682716e-05
4521984,-0.0005065560690127313,0.1182082979939878,-0.022201950567250606,0.0029296875,0.0002710220287553966,2.4628776241679464e-05
4523008,-0.0002672349801287055,0.1221164605813101,-0.020718833358841948,0.0009765625,0.00011976210225839168,2.461170848267622e-05
4524032,-0.001335628068773076,0.061316787148825824,-0.018095943449679908,0.0068359375,0.0007053831213852391,2.459464072367298e-05
4525056,-0.0006994841533014551,0.3164996725972742,-0.02816019969759509,0.00439453125,0.0013710571802221239,2.4577572964669737e-05
4526080,-0.0012902191956527531,0.08942529128398746,-0.02422273015599785,0.00830078125,0.001769127047737129,2.4560505205666495e-05
4527104,-6.021044100634754e-05,0.044180627970490605,-0.019328879687236622,0.00048828125,9.27881192183122e-05,2.4543437446663252e-05
4528128,-0.0017534505750518292,0.7005393225699663,-0.04345142671081703,0.0068359375,0.0007308234489755705,2.452636968766001e-05
4529152,-0.0003728018782567233,0.3843865491217002,-0.027875674961251207,0.001953125,0.0003295604983577505,2.4509301928656768e-05
4530176,-0.0005563242157222703,0.34694839734584093,-0.0315087155031506,0.001953125,0.0003823917650151998,2.449223416965353e-05
4531200,-0.00012645096285268664,0.0766164620872587,-0.023423656035447493,0.001953125,0.0001580987882334739,2.4475166410650286e-05
4532224,-0.0003563558857422322,0.04117452341597527,-0.018414043392112944,0.00146484375,0.00017973296053241938,2.4458098651647044e-05
4533248,-0.0006854943931102753,0.05358318379148841,-0.02031307241122704,0.00341796875,0.0013350554363569245,2.4441030892643802e-05
4534272,-0.000502769005834125,0.06788033747579902,-0.02081404496129835,0.00732421875,0.0009661913645686582,2.442396313364056e-05
4535296,-0.00023896826314739883,0.4338083965703845,-0.027333464415278286,0.00048828125,0.00016596578643657267,2.4406895374637307e-05
4536320,-0.0009668823331594467,0.08258824539370835,-0.024076859197521117,0.0078125,0.001477847807109356,2.4389827615634065e-05
4537344,-0.0004806916113011539,0.15227476973086596,-0.027566672637476586,0.00244140625,0.0003171027638018131,2.4372759856630823e-05
4538368,-0.0003742749977391213,0.06189282576087862,-0.01958745191950584,0.00244140625,0.000219694382394664,2.435569209762758e-05
4539392,6.463960016844794e-05,0.09062852768693119,-0.02392049379523087,0.0048828125,0.0010768450010800734,2.4338624338624338e-05
4540416,-0.0019005805224878713,0.0497204998973757,-0.018968768288686988,0.0107421875,0.0014953463396523148,2.4321556579621096e-05
4541440,-0.00045490768388845026,0.07610561698675156,-0.01656003493553726,0.00439453125,0.0005560021236306056,2.4304488820617853e-05
4542464,-0.0013362377358134836,0.396195913432166,-0.03523564571514726,0.0029296875,0.00023401854559779167,2.428742106161461e-05
4543488,-0.0009471999364905059,0.05133025930263102,-0.02344725294096861,0.005859375,0.00037130598502699286,2.427035330261137e-05
4544512,-0.0009416511020390317,0.09378667990677059,-0.025450265762628987,0.0107421875,0.00173271942185238,2.425328554360813e-05
4545536,-0.0006965521606616676,0.06727650540415198,-0.02150050197087694,0.00390625,0.0004712256632046774,2.4236217784604888e-05
4546560,-0.0011783453082898632,0.11614304035902023,-0.02206959970499156,0.005859375,0.0007943542732391506,2.4219150025601645e-05
4547584,-0.0023767899110680446,0.4421209329739213,-0.03605094985687174,0.00732421875,0.0006354218639899045,2.4202082266598393e-05
4548608,-0.0007752866949886084,0.38665937609039247,-0.023966136373928748,0.00146484375,0.00014278778689913452,2.418501450759515e-05
4549632,-0.0020309322426328436,0.2780522417742759,-0.03974087018286809,0.0078125,0.0007603603735333309,2.416794674859191e-05
4550656,-0.00043444764014566317,0.07123773288913071,-0.02173143034451641,0.005859375,0.0010585327836452052,2.4150878989588666e-05
4551680,-0.000654134841170162,0.032606210792437196,-0.023071315958532068,0.00732421875,0.0005953897052677348,2.4133811230585424e-05
4552704,-0.0007327666389755905,0.05542852357029915,-0.021051126037491485,0.00439453125,0.0008053804776864126,2.411674347158218e-05
4553728,-0.0011542674183147028,0.09050714154727757,-0.026031728255475173,0.00390625,0.0005905531725147739,2.409967571257894e-05
4554752,-0.000946794418268837,0.06515874061733484,-0.020911908512061927,0.0078125,0.001154112964286469,2.4082607953575697e-05
4555776,-1.250166678801179e-05,0.03481257567182183,-0.018949889950818033,0.00341796875,0.0003282416000729427,2.4065540194572455e-05
4556800,-0.001336870831437409,0.6910516605712473,-0.03866537311114371,0.0087890625,0.0009675263136159629,2.4048472435569212e-05
4557824,-0.0010653951030690223,0.04385506553808227,-0.01980690623713599,0.00537109375,0.0006629145937040448,2.403140467656597e-05
4558848,-0.0003244304170948453,0.11851746158208698,-0.02528785371578124,0.00439453125,0.000445868237875402,2.401433691756273e-05
4559872,-0.002348773370613344,0.6170141065958887,-0.040011208766372874,0.01220703125,0.0008702521590748802,2.399726915855949e-05
4560896,-0.0004646544257411733,0.42299547721631825,-0.026064722311275546,0.00048828125,3.958557499572635e-05,2.3980201399556233e-05
4561920,-0.0007807398214936256,0.06730044109281152,-0.01825229631322145,0.00244140625,0.000638035882730037,2.3963133640552994e-05
4562944,-0.0012853130465373397,0.06685968802776188,-0.01974938788316649,0.00830078125,0.0008113492513075471,2.3946065881549752e-05
4563968,-0.0005069624166935682,0.03718237724388018,-0.01878472238240647,0.00390625,0.0005101720744278282,2.392899812254651e-05
4564992,-0.0004465400052140467,0.061719183693639934,-0.019949248035118217,0.0009765625,7.718430424574763e-05,2.3911930363543267e-05
4566016,-0.0001602776101208292,0.14751033554784954,-0.026397527748486027,0.00146484375,0.00015701493248343468,2.3894862604540025e-05
4567040,-0.0009452345257159323,0.548821916570887,-0.03555052448064089,0.00341796875,0.00046363593719433993,2.3877794845536783e-05
4568064,-0.00032769083918537945,0.06455191969871521,-0.023063195636495948,0.00341796875,0.0004211860796203837,2.386072708653354e-05
4569088,-0.0008510428451700136,0.3385712478775531,-0.02713075680367183,0.00244140625,0.0003384934243513271,2.3843659327530298e-05
4570112,-0.0019619977101683617,0.34309222688898444,-0.02948786612978438,0.001953125,0.00020649548969231546,2.3826591568527056e-05
4571136,-3.695671330206096e-05,0.08287732442840934,-0.017510617930383887,0.001953125,0.00025924091460183263,2.3809523809523814e-05
4572160,-0.0006653117306996137,0.043381882132962346,-0.01829709727280715,0.00341796875,0.0002743611694313586,2.379245605052057e-05
4573184,-0.001585353194968775,0.05917918775230646,-0.020320604420703603,0.0068359375,0.0011658857692964375,2.377538829151732e-05
4574208,-0.0004944896645611152,0.07150703587103635,-0.021985959196626936,0.00390625,0.0002692587877390906,2.3758320532514077e-05
4575232,-0.0009887825872283429,0.46216072607785463,-0.03834640304557979,0.00732421875,0.00045536212564911693,2.3741252773510834e-05
4576256,-0.001168908245745115,0.12005520099774003,-0.022133923317596782,0.00341796875,0.0004725027101812884,2.3724185014507595e-05
4577280,8.673514821566641e-05,0.4054238579701632,-0.03189644039957784,0.00341796875,0.00031713995849713683,2.3707117255504353e-05
4578304,-0.00019859519670717418,0.14597926824353635,-0.023110592246666783,0.0029296875,0.0004643080901587382,2.369004949650111e-05
4579328,-0.0010821688338182867,0.06547327851876616,-0.018040148787804355,0.00439453125,0.0006478072900790721,2.367298173749787e-05
4580352,-0.0007294101233128458,0.6536528444848955,-0.034958596603246406,0.0009765625,9.617302566766739e-05,2.3655913978494626e-05
4581376,-0.0005623642282444052,0.3304532270412892,-0.034979118703631684,0.0048828125,0.0005124612507643178,2.3638846219491384e-05
4582400,-0.0017426587000954896,0.46565531590022147,-0.031367016810690984,0.00927734375,0.0010252965003019199,2.362177846048814e-05
4583424,-0.0008381712686968967,0.4547654874622822,-0.030650754371890798,0.0029296875,0.00016562540258746594,2.36047107014849e-05
4584448,-0.0009435251267859712,0.4197349816095084,-0.030157146946294233,0.0068359375,0.000827748779556714,2.3587642942481657e-05
4585472,-0.0018513089889893308,0.06787161715328693,-0.02077287204519962,0.00390625,0.0007487240945920348,2.3570575183478405e-05
4586496,-0.0004755432455567643,0.08663864340633154,-0.023270399186003488,0.001953125,0.0001955838524736464,2.3553507424475162e-05
4587520,-0.0003579103358788416,0.10362944926600903,-0.02327680190137471,0.00634765625,0.0004163773846812546,2.353643966547192e-05
4588544,-0.00033713766606524587,0.3078375053592026,-0.03114959053345956,0.0029296875,0.0003054938424611464,2.3519371906468678e-05
4589568,-0.0016527059160580393,0.25691879668738693,-0.028382847565808333,0.01171875,0.0011139176203869283,2.3502304147465435e-05
4590592,-0.0005897363735130057,0.04695604520384222,-0.01996006383888016,0.005859375,0.0009419873094884679,2.3485236388462197e-05
4591616,-0.0011368964915163815,0.04002352018142119,-0.021590381664282177,0.001953125,0.00025569635909050703,2.3468168629458954e-05
4592640,-0.00046921754255890846,0.046662496926728636,-0.019427274906774983,0.00244140625,0.0001955180341610685,2.3451100870455712e-05
4593664,0.0006068797956686467,0.10993135266471654,-0.02609833712631371,0.00341796875,0.0011111730127595365,2.343403311145247e-05
4594688,-0.0007142317190300673,0.061899157939478755,-0.023295685939956456,0.005859375,0.0006357649544952437,2.3416965352449227e-05
4595712,-0.0008756818133406341,0.0933562204008922,-0.027747505460865796,0.00439453125,0.0006356668745866045,2.3399897593445985e-05
4596736,-0.001675709689152427,0.03895097010536119,-0.020284527468902525,0.00439453125,0.0005850723246112466,2.3382829834442743e-05
4597760,-0.001100052468245849,0.054261501296423376,-0.021650540322298184,0.01123046875,0.0014438864891417325,2.33657620754395e-05
4598784,0.0004214263171888888,0.11693074507638812,-0.025913107019732706,0.00341796875,0.0006126989756012335,2.3348694316436248e-05
4599808,-0.0028268502064747736,0.6787270405329764,-0.04170362270087935,0.00830078125,0.0006260651134653017,2.3331626557433006e-05
4600832,-0.0014238588482839987,0.39334215060807765,-0.031814847578061745,0.00537109375,0.0006615674210479483,2.3314558798429764e-05
4601856,-0.0005126551914145239,0.04038505698554218,-0.01853336129715899,0.00146484375,0.00021202089556027204,2.329749103942652e-05
4602880,-0.001234967989148572,0.11390766710974276,-0.026262217565090396,0.00439453125,0.0004918222111882642,2.328042328042328e-05
4603904,-0.000430251398938708,0.0564063269412145,-0.021501753042684868,0.001953125,0.00017353551811538637,2.3263355521420037e-05
4604928,-0.0008216701971832663,0.0469981548958458,-0.019655685144243762,0.00390625,0.0005714957078453153,2.3246287762416798e-05
4605952,-0.0003136508457828313,0.04299931071000174,-0.020807949025765993,0.005859375,0.0005545527092181146,2.3229220003413555e-05
4606976,-0.0020540005789371207,0.4130821699509397,-0.029766790321446024,0.00390625,0.0007339365110965446,2.3212152244410313e-05
4608000,-0.0003415644314372912,0.45353968255221844,-0.030079777992796153,0.001953125,0.00014355174789670855,2.319508448540707e-05
4609024,-0.0022819149526185356,0.7836730787530541,-0.044698347759549506,0.00390625,0.00043955520959571004,2.317801672640383e-05
4610048,-0.00021807146549690515,0.461537771159783,-0.03388813362107612,0.001953125,0.00018769381858874112,2.3160948967400586e-05
4611072,3.6343641113489866e-05,0.08127189078368247,-0.021405617873824667,0.00244140625,0.0001103267859434709,2.3143881208397334e-05
4612096,-0.0002365717082284391,0.10394820047076792,-0.020265529896278167,0.00146484375,0.0005033379420638084,2.312681344939409e-05
4613120,-0.0009532815456623212,0.10178405500482768,-0.019913267502488452,0.0029296875,0.0004190095205558464,2.310974569039085e-05
4614144,-0.0011338880576658994,0.476229349616915,-0.039747816597810015,0.00341796875,0.00020930488244630396,2.3092677931387607e-05
4615168,-0.00046155747259035707,0.053582876338623464,-0.01951805044518551,0.001953125,0.00021460466086864471,2.3075610172384365e-05
4616192,-0.0007499557104893029,0.45930478954687715,-0.03328641998814419,0.00341796875,0.0003459987638052553,2.3058542413381122e-05
4617216,-0.0006474527399404906,0.057389646070078015,-0.018275558148161508,0.00244140625,0.0002815849002217874,2.304147465437788e-05
4618240,-0.00023326311202254146,0.06468131591100246,-0.022310415020911023,0.0029296875,0.0011242976470384747,2.3024406895374638e-05
4619264,-0.00011404787073843181,0.0711466547800228,-0.020437989729543915,0.00341796875,0.00044601068657357246,2.30073391363714e-05
4620288,-0.0005606036720564589,0.06820658501237631,-0.024875019502360374,0.001953125,0.0005017734511056915,2.2990271377368157e-05
4621312,-0.0006880943474243395,0.06449640926439315,-0.02344400473521091,0.00537109375,0.0003127672243863344,2.2973203618364914e-05
4622336,-0.0013131785963196307,0.03672260791063309,-0.023530688566097524,0.00732421875,0.0019676393712870777,2.2956135859361672e-05
4623360,-0.0006145905063021928,0.33282507152762264,-0.03257227351423353,0.00146484375,0.00011060875840485096,2.293906810035843e-05
4624384,-0.0006954184646019712,0.06052288168575615,-0.026577835757052526,0.00634765625,0.0007777177088428289,2.2922000341355177e-05
4625408,-0.0004307951021473855,0.08144414180424064,-0.025069160168641247,0.00244140625,0.000430315631092526,2.2904932582351935e-05
4626432,-0.0019944671366829425,0.379264528863132,-0.03187030467961449,0.00341796875,0.0003230227011954412,2.2887864823348693e-05
4627456,-0.0006684880645480007,0.04208358487812802,-0.017955187179722998,0.00244140625,0.0002371215377934277,2.287079706434545e-05
4628480,-4.584567795973271e-05,0.08300879516173154,-0.024710633457289077,0.00537109375,0.0005994841048959643,2.2853729305342208e-05
4629504,-0.0008616134728072211,0.10576786508318037,-0.022706773917889223,0.00634765625,0.0009093583794310689,2.2836661546338966e-05
4630528,-0.0009284128464059904,0.052181193488650024,-0.026135513893677853,0.001953125,0.00020302958728279918,2.2819593787335724e-05
4631552,-0.002616387835587375,0.5744920396246016,-0.04410405515227467,0.0029296875,0.00017967411258723587,2.280252602833248e-05
4632576,-0.0003870938817271963,0.03899866185383871,-0.017023841100126447,0.00146484375,0.0001357105647912249,2.278545826932924e-05
4633600,-0.0004675165837397799,0.3914042330579832,-0.03149794231285341,0.0009765625,0.0001012247521430254,2.2768390510326e-05
4634624,-0.00043564196676015854,0.0574893964221701,-0.02387738597462885,0.0087890625,0.0007912235014373437,2.2751322751322758e-05
4635648,-0.002452352608088404,0.26716642652172595,-0.03402099394588731,0.0048828125,0.0005104945157654583,2.2734254992319516e-05
4636672,-0.0005147005431354046,0.13781436148565263,-0.023656598219531588,0.00146484375,0.0002663202030817047,2.2717187233316263e-05
4637696,-4.007064853794873e-05,0.06941525195725262,-0.025558450317475945,0.00341796875,0.00024100301379803568,2.270011947431302e-05
4638720,-0.00017481153190601617,0.3248578766360879,-0.02939354191039456,0.00341796875,0.00025838479632511735,2.268305171530978e-05
4639744,-0.001140272433985956,0.3065930537413806,-0.030620344390626997,0.005859375,0.00034321176644880325,2.2665983956306536e-05
4640768,-0.0012558032758533955,0.2780659635318443,-0.03494868283451069,0.0009765625,0.00019542797235772014,2.2648916197303294e-05
4641792,-0.0011440056696301326,0.04076931643066928,-0.019588720810133964,0.0029296875,0.0004044952511321753,2.2631848438300052e-05
4642816,-0.0018931076774606481,0.4384246892295778,-0.030572429357562214,0.00830078125,0.0005720882472814992,2.261478067929681e-05
4643840,-9.854490053839982e-05,0.057165246456861496,-0.023515176166256424,0.00244140625,0.0002999791322508827,2.2597712920293567e-05
4644864,-0.00031709857285022736,0.047931586974300444,-0.018248742087962455,0.00146484375,0.0001036847970681265,2.2580645161290325e-05
4645888,-0.001185090426588431,0.5495120382402092,-0.033306723926216364,0.00390625,0.0004330943338572979,2.2563577402287083e-05
4646912,-0.0006813802174292505,0.062209501571487635,-0.02532261109445244,0.0029296875,0.00024052479420788586,2.254650964328384e-05
4647936,-0.0005017973016947508,0.07317362970206887,-0.023825068390578963,0.0029296875,0.00022155955957714468,2.25294418842806e-05
4648960,-0.00028813534299843013,0.6261779314372689,-0.04248244286281988,0.0,1.9584535039030015e-05,2.2512374125277346e-05
4649984,-0.0013594735210062936,0.3962746133329347,-0.029401725449133664,0.00390625,0.000333451374899596,2.2495306366274103e-05
4651008,-0.0008811243751551956,0.1457165942993015,-0.02220561277863453,0.00244140625,0.0001840817858465016,2.2478238607270864e-05
4652032,-0.0012392119970172644,0.4308623466640711,-0.025406029853911605,0.0029296875,0.0002363246021559462,2.2461170848267622e-05
4653056,-0.0010876905580516905,0.058190018171444535,-0.02251037267706124,0.00341796875,0.00042708909313660115,2.244410308926438e-05
4654080,-7.456139428541064e-06,0.765691390261054,-0.04516701918328181,0.0029296875,0.0005783878441434354,2.2427035330261138e-05
4655104,-0.0007699213165324181,0.06386274693068117,-0.025039980828296393,0.00439453125,0.0007600878307130188,2.2409967571257895e-05
4656128,-0.00012929621152579784,0.11081495659891516,-0.025793755754421,0.00390625,0.0003309988387627527,2.2392899812254653e-05
4657152,-0.0003783693064178806,0.36074697179719806,-0.030210116383386776,0.00146484375,0.00021167867816984653,2.237583205325141e-05
4658176,-0.0004998949661967345,0.07316447084303945,-0.02292583292364725,0.009765625,0.001042789372149855,2.235876429424817e-05
4659200,-0.00159008931950666,0.07953742030076683,-0.022179955296451226,0.00439453125,0.0008463289123028517,2.2341696535244926e-05
4660224,-0.001988111987884622,0.7471021264791489,-0.046119198959786445,0.00341796875,0.0004902721993857995,2.2324628776241684e-05
4661248,-0.0006026391929481179,0.04751118703279644,-0.024004273085211025,0.0009765625,0.00010419715545140207,2.230756101723844e-05
4662272,-0.001139345724368468,0.3920935213100165,-0.03852297966659535,0.00341796875,0.00027368571318220347,2.229049325823519e-05
4663296,-0.0016644492861814797,0.6518862959928811,-0.037978956068400294,0.0009765625,8.681735198479146e-05,2.2273425499231947e-05
4664320,-0.0002617962454678491,0.06837256229482591,-0.01908489075503894,0.0048828125,0.0003861972800223157,2.2256357740228704e-05
4665344,-0.001029269624268636,0.1089659562567249,-0.02149346363148652,0.00341796875,0.0009943708137143403,2.2239289981225466e-05
4666368,-0.0002938874822575599,0.45933975698426366,-0.030719889095053077,0.0029296875,0.0002524361334508285,2.2222222222222223e-05
4667392,-0.0003375088272150606,0.7698529274202883,-0.03918663162039593,0.0009765625,0.00010980176739394665,2.220515446321898e-05
4668416,-0.0006625928945140913,0.05430131615139544,-0.01936032900266582,0.00244140625,0.0002736998430918902,2.218808670421574e-05
4669440,-0.0002705118677113205,0.06578046607319266,-0.023487665202992503,0.00341796875,0.0009915116243064404,2.2171018945212496e-05
4670464,-0.00043355164234526455,0.0779080307111144,-0.025288476099376567,0.00341796875,0.00034018255246337503,2.2153951186209254e-05
4671488,-0.0009021205914905295,0.4324611702468246,-0.029192625821451657,0.00537109375,0.0005472360644489527,2.2136883427206012e-05
4672512,-0.0006937873258721083,0.6127971112728119,-0.034098700736649334,0.0009765625,0.0001306575140915811,2.211981566820277e-05
4673536,-0.0004819227760890499,0.038254479062743485,-0.017853198729426367,0.00048828125,9.156228043138981e-05,2.2102747909199527e-05
4674560,-0.0013389899395406246,0.08427724544890225,-0.024547516521124635,0.00634765625,0.00042043818393722177,2.2085680150196275e-05
4675584,-0.0009074941626749933,0.04072020185412839,-0.020506488583123428,0.001953125,0.0001703317539067939,2.2068612391193033e-05
4676608,-0.0008228638034779578,0.04033249121857807,-0.0239093514464912,0.00244140625,0.00037804810563102365,2.205154463218979e-05
4677632,0.00016043857613112777,1.4458617838099599,-0.05970174371032044,0.001953125,0.00018853468645829707,2.2034476873186548e-05
4678656,-0.00015023032028693706,0.35878714721184224,-0.03659584932029247,0.00390625,0.0002978200645884499,2.2017409114183306e-05
4679680,-0.0011029390443582088,0.392802577232942,-0.03391602003830485,0.00537109375,0.000736378540750593,2.2000341355180067e-05
4680704,-0.0013305633328855038,0.39754322706721723,-0.031843700860918034,0.00341796875,0.00023548497119918466,2.1983273596176824e-05
4681728,-0.0011301805061521009,0.0917336946586147,-0.026234954253595788,0.0048828125,0.0006127480592112988,2.1966205837173582e-05
4682752,-0.0007408478704746813,0.062374136643484235,-0.018974534730659798,0.00341796875,0.0006933964905329049,2.194913807817034e-05
4683776,-0.0009418174740858376,0.3412322725635022,-0.02917366981273517,0.00146484375,0.0001090927398763597,2.1932070319167098e-05
4684800,-0.000834891019621864,0.058834929252043366,-0.023494102679251228,0.0048828125,0.0004230334161547944,2.1915002560163855e-05
4685824,-0.0029954546625958756,0.7258640027139336,-0.04082071507582441,0.0068359375,0.0004971465532435104,2.1897934801160613e-05
4686848,-0.001092701881134417,0.3602569008944556,-0.0307672545168316,0.00634765625,0.0005841048114234582,2.188086704215736e-05
4687872,-0.0022851322719361633,0.7181446256581694,-0.03902639399166219,0.00390625,0.0003987440140917897,2.186379928315412e-05
4688896,-0.0009307033178629354,0.055871611693874,-0.01934135708506801,0.00244140625,0.0004596908838720992,2.1846731524150876e-05
4689920,0.00015786888252478093,0.08556127001065761,-0.022388302575564012,0.001953125,0.000272007571766153,2.1829663765147634e-05
4690944,-0.00023131801572162658,0.03751926001859829,-0.013911791496866499,0.001953125,0.00023875020269770175,2.181259600614439e-05
4691968,-0.00016518609481863678,0.06088121817447245,-0.022171892363985535,0.001953125,0.0001237838587258011,2.179552824714115e-05
4692992,-0.0006708895234623924,0.05005527869798243,-0.019687643249199027,0.001953125,0.00024302997917402536,2.1778460488137907e-05
4694016,-0.0006393652001861483,0.06794976582750678,-0.021467221206876275,0.0029296875,0.001077893190085888,2.1761392729134668e-05
4695040,-4.816299770027399e-05,0.0736707504838705,-0.021104831467710028,0.00537109375,0.0006571049452759326,2.1744324970131426e-05
4696064,-0.002511924656573683,0.9884756682440639,-0.045642438519280404,0.01318359375,0.0010250989435007796,2.1727257211128183e-05
4697088,-0.00025517593894619495,0.06541743711568415,-0.02053119177435292,0.0029296875,0.00021434749942272902,2.171018945212494e-05
4698112,-0.0004353965196060017,0.047923625097610056,-0.01557436205985141,0.001953125,0.0003529460809659213,2.16931216931217e-05
4699136,-9.966826473828405e-05,0.05406709521776065,-0.022259715897234855,0.00390625,0.00028105203818995506,2.1676053934118457e-05
4700160,-0.00044885639363201335,0.049551689822692424,-0.02477564440050628,0.00390625,0.0003143557260045782,2.1658986175115204e-05
4701184,-0.00046376133104786277,0.051337797194719315,-0.01701641591353109,0.00146484375,0.0002825693954946473,2.1641918416111962e-05
4702208,-0.0002106710999214556,0.3559858640655875,-0.02779823683522409,0.00048828125,0.00010179741366300732,2.162485065710872e-05
4703232,-0.0006132200287538581,0.3084230098174885,-0.03106490154459607,0.00048828125,0.0001558627118356526,2.1607782898105477e-05
4704256,-0.0014780682540731505,0.04799230181379244,-0.020419759071955923,0.00634765625,0.0011343827209202573,2.1590715139102235e-05
4705280,-0.0002531593054300174,0.04184988746419549,-0.020733083642880956,0.00146484375,0.00025374848337378353,2.1573647380098993e-05
4706304,-0.000617422119830735,0.5051934132352471,-0.02565333736129105,0.0,2.0547857275232673e-05,2.155657962109575e-05
4707328,-0.00040558414184488356,0.03792005102150142,-0.021952494425931945,0.0048828125,0.00031817873241379857,2.1539511862092508e-05
4708352,-0.0011991795909125358,0.2831329220207408,-0.032352915484807454,0.005859375,0.000327248708344996,2.152244410308927e-05
4709376,-0.0003618576592998579,0.11275133350864053,-0.022463188020992675,0.00244140625,0.0005193888355279341,2.1505376344086027e-05
4710400,7.847418601159006e-06,0.6774281761609018,-0.040065117325866595,0.0,3.1594710890203714e-05,2.1488308585082785e-05
4711424,-0.0006321875553112477,0.04227099858690053,-0.017938728311492014,0.0029296875,0.00018938664288725704,2.1471240826079542e-05
4712448,-0.0027565329510252923,0.31285610515624285,-0.03321732595213689,0.00927734375,0.0008144334133248776,2.145417306707629e-05
4713472,-0.00038416500319726765,0.04813047416973859,-0.02131219293983122,0.0068359375,0.0005196025595068932,2.1437105308073048e-05
4714496,-0.0003943542833440006,0.11119776347186416,-0.01942731807139353,0.00439453125,0.00025617697974666953,2.1420037549069805e-05
4715520,-0.0007729665958322585,0.3751376651925966,-0.0268193130614236,0.001953125,0.00025637033104430884,2.1402969790066563e-05
4716544,-0.0022635333734797314,0.9342588055878878,-0.053803402348421514,0.0078125,0.0006247695855563506,2.138590203106332e-05
4717568,-0.0007077633927110583,0.33478935551829636,-0.026424218056490645,0.001953125,0.0002639652229845524,2.136883427206008e-05
4718592,-0.0004050666466355324,0.08976775535847992,-0.019986419858469162,0.0029296875,0.0005826126580359414,2.1351766513056836e-05
4719616,-0.0004910862917313352,0.4339397050207481,-0.03483425560989417,0.0009765625,0.0001834043359849602,2.1334698754053594e-05
4720640,-0.0008691603143233806,0.11377978743985295,-0.01912341551269492,0.00341796875,0.0006223624804988503,2.131763099505035e-05
4721664,-0.00037797269760631025,0.06520426739007235,-0.019873937967531674,0.001953125,0.00011300215555820614,2.130056323604711e-05
4722688,-0.00017150664643850178,0.05000509135425091,-0.020069121823325986,0.00146484375,0.00011325431114528328,2.128349547704387e-05
4723712,-0.00217455523670651,1.070710021071136,-0.04480552859604359,0.009765625,0.0011862406099680811,2.1266427718040628e-05
4724736,-0.0003400337154744193,0.06481739261653274,-0.02639240318967495,0.0029296875,0.000560081607545726,2.1249359959037386e-05
4725760,-0.0029418265548883937,0.34019131655804813,-0.030000279628438875,0.00537109375,0.0008087522728601471,2.1232292200034133e-05
4726784,-0.00042498219409026206,0.12481647729873657,-0.01736174642428523,0.00341796875,0.00036744259705301374,2.121522444103089e-05
4727808,-0.0030493942904286087,0.43636101111769676,-0.03497264886391349,0.00390625,0.0003159250336466357,2.119815668202765e-05
4728832,-0.0004938270431011915,0.07135700667276978,-0.01884823595173657,0.001953125,0.0005526944732991979,2.1181088923024407e-05
4729856,-0.001146787457400933,0.03506084380205721,-0.022617494549194816,0.00634765625,0.0009941174212144688,2.1164021164021164e-05
4730880,-0.000789126381278038,0.10234975605271757,-0.020994132184569025,0.00439453125,0.0002589305950095877,2.1146953405017922e-05
4731904,-0.0006826215831097215,0.12516628857702017,-0.021875226411793847,0.0029296875,0.0004743797762785107,2.112988564601468e-05
4732928,-0.0012814564252039418,0.08508050197269768,-0.021431295992442756,0.00341796875,0.0006402610015356913,2.1112817887011437e-05
4733952,-0.001115559323807247,0.08929257187992334,-0.020414929946127813,0.00732421875,0.000832713267300278,2.1095750128008195e-05
4734976,-0.0008477550290990621,0.06521220598369837,-0.022014183960891387,0.00439453125,0.0006429845670936629,2.1078682369004953e-05
4736000,-0.0005880549579160288,0.35520060546696186,-0.033000861047185026,0.00341796875,0.00032075762283056974,2.106161461000171e-05
4737024,-0.0008885810093488544,0.07366368116345257,-0.02004145342107222,0.00341796875,0.00027811060135718435,2.104454685099847e-05
4738048,-0.002168166625779122,0.4014408334624022,-0.030179292100001476,0.005859375,0.00048364364192821085,2.1027479091995216e-05
4739072,-0.0016172399919014424,0.4143546740524471,-0.031154821976087987,0.0029296875,0.0002813507744576782,2.1010411332991973e-05
4740096,-0.0004841291593038477,0.12479241588152945,-0.023345808425801806,0.005859375,0.00040152453584596515,2.0993343573988735e-05
4741120,-0.00013724860036745667,0.37179074983578175,-0.024072682950645685,0.001953125,0.00017384460079483688,2.0976275814985492e-05
4742144,-0.0006761187687516212,0.3478187727741897,-0.028671783904428594,0.0029296875,0.00017894823395181447,2.095920805598225e-05
4743168,-0.0006376131495926529,0.1637634765356779,-0.024212964282924077,0.001953125,0.0004666447057388723,2.0942140296979008e-05
4744192,-0.0007003902283031493,0.04743856727145612,-0.022777157049858943,0.00341796875,0.00033469434129074216,2.0925072537975765e-05
4745216,-0.0009347266895929351,0.035243266785982996,-0.01661058811350813,0.00146484375,0.0005131326470291242,2.0908004778972523e-05
4746240,-0.0005448040610644966,0.07440231961663812,-0.020383221228257753,0.00390625,0.0008729229593882337,2.089093701996928e-05
4747264,-0.0010674389777705073,0.3930649710819125,-0.03548040687019238,0.00341796875,0.0004764822078868747,2.087386926096604e-05
4748288,-0.0007056692847982049,0.1186290830373764,-0.022839551704237238,0.00341796875,0.00084807860548608,2.0856801501962796e-05
4749312,-0.0030801229586359113,0.39759237808175385,-0.032249643380055204,0.0068359375,0.0006508941587526351,2.0839733742959554e-05
4750336,-0.000974811686319299,0.3004172358196229,-0.03159268354647793,0.005859375,0.0004924527165712789,2.08226659839563e-05
4751360,-0.0003212292504031211,0.1579751952085644,-0.02278996631503105,0.0009765625,0.00016656714433338493,2.080559822495306e-05
4752384,-0.0011612313974183053,0.07435215194709599,-0.024328720595804043,0.005859375,0.000636858501820825,2.0788530465949817e-05
4753408,-0.0008352085424121469,0.041312954446766526,-0.020984869450330734,0.0048828125,0.0003038883296540007,2.0771462706946575e-05
4754432,-0.0005585870239883661,0.12184418179094791,-0.024656181811224087,0.00341796875,0.0003185943787684664,2.0754394947943336e-05
4755456,-0.00044139673991594464,0.11501649767160416,-0.021020570580731146,0.00341796875,0.00026618184347171336,2.0737327188940094e-05
4756480,-0.00042875928920693696,0.08524070552084595,-0.02010312482889276,0.00244140625,0.00020859515643678606,2.072025942993685e-05
4757504,-0.0010797779941640329,0.38555101584643126,-0.03230221738340333,0.00439453125,0.0007941853546071798,2.070319167093361e-05
4758528,-0.0030506141192745417,0.3918421643320471,-0.032486541487742215,0.00732421875,0.0007994922052603215,2.0686123911930367e-05
4759552,-0.0008596648985985667,0.06174091267166659,-0.02349725834937999,0.0029296875,0.00030149043595883995,2.0669056152927124e-05
4760576,-0.0007057910115690902,0.0502338387304917,-0.019214723040931858,0.0048828125,0.000698740710504353,2.0651988393923882e-05
4761600,-0.0007869395631132647,0.08993970951996744,-0.02540125703671947,0.00927734375,0.0007402575138257816,2.063492063492064e-05
4762624,-0.0012102861073799431,0.04825935227563605,-0.021806249555083923,0.00390625,0.0007629778265254572,2.0617852875917397e-05
4763648,-0.0005843667167937383,0.046878011198714375,-0.016214482110626705,0.00048828125,4.453168367035687e-05,2.0600785116914145e-05
4764672,-0.0009056816197698936,0.04669964307686314,-0.023455583010218106,0.00341796875,0.0015392417553812265,2.0583717357910903e-05
4765696,-0.00220804398850305,0.3730648166965693,-0.030993119507911615,0.0078125,0.0007763569738017395,2.056664959890766e-05
4766720,-0.0006590649645659141,0.08647413761354983,-0.022750439384253696,0.0048828125,0.0005776646285085008,2.0549581839904418e-05
4767744,-0.0010725971078500152,0.10112283693160862,-0.023809852813428733,0.0078125,0.0008195750851882622,2.0532514080901176e-05
4768768,-0.001062718714820221,0.07464542076922953,-0.018123083142199903,0.00390625,0.0007858077296987176,2.0515446321897937e-05
4769792,-0.0007494412711821496,0.04032161575742066,-0.021006165610742755,0.00439453125,0.0003413507074583322,2.0498378562894695e-05
4770816,-0.0008328808471560478,0.05105100088985637,-0.023851830481362413,0.00244140625,0.00019306736066937447,2.0481310803891452e-05
4771840,-0.00041395160951651633,0.3183932655956596,-0.0261278354737442,0.0009765625,0.00016271029016934335,2.046424304488821e-05
4772864,-0.0014086028313613497,0.09698120097164065,-0.026939849332848098,0.00439453125,0.00047520438965875655,2.0447175285884968e-05
4773888,-0.0007867329404689372,0.04593685083091259,-0.022349369457515422,0.0048828125,0.002303891262272373,2.0430107526881726e-05
4774912,-0.002200006230850704,0.35803049185778946,-0.028033044596668333,0.00341796875,0.00027841936389449984,2.0413039767878483e-05
4775936,-0.0005303771031321958,0.06567782704951242,-0.024410110592725687,0.0048828125,0.0004423531790962443,2.039597200887523e-05
4776960,-9.614587179385126e-05,0.03956067480612546,-0.016464900565438256,0.00244140625,0.00016905037045944482,2.037890424987199e-05
4777984,-0.0005912532360525802,0.088761048798915,-0.02093869431701023,0.00537109375,0.0006352427153615281,2.0361836490868746e-05
4779008,-0.0013870740076527,0.4883335557533428,-0.023726308048935607,0.00634765625,0.0004087660781806335,2.0344768731865504e-05
4780032,-0.0010518973576836288,0.08397715329192579,-0.02520460947562242,0.00537109375,0.0004749857180286199,2.032770097286226e-05
4781056,-0.0015538597799604759,0.08853511477354914,-0.025344495981698856,0.0068359375,0.0016841570613905787,2.031063321385902e-05
4782080,-0.0014800492499489337,0.1926335385069251,-0.022567850341147278,0.00390625,0.0006811359344283119,2.0293565454855777e-05
4783104,-0.0003094471467193216,0.05258885340299457,-0.031051187615958042,0.0048828125,0.00048119082930497825,2.0276497695852538e-05
4784128,-0.0005025061254855245,0.1452416458632797,-0.022612292123085354,0.00146484375,0.00031123668304644525,2.0259429936849296e-05
4785152,-0.0001663564471527934,0.06452386709861457,-0.024653530799696455,0.00244140625,0.000298145052511245,2.0242362177846054e-05
4786176,-0.0006235456967260689,0.04514868592377752,-0.0230275388348673,0.00244140625,0.00014167935296427459,2.022529441884281e-05
4787200,-0.0006554533320013434,0.0674086514627561,-0.022159490436024498,0.00341796875,0.00034655065974220634,2.020822665983957e-05
4788224,-0.00023355203302344307,0.042720366385765374,-0.020184503162454348,0.00048828125,5.6117773056030273e-05,2.0191158900836327e-05
4789248,-0.0017094262002501637,0.3676881075371057,-0.03373164029471809,0.0009765625,0.00019390697707422078,2.0174091141833074e-05
4790272,-0.0003154373844154179,0.04081777448300272,-0.024384712931350805,0.00146484375,0.00012695106852333993,2.0157023382829832e-05
4791296,-0.00026931616594083607,0.05351949663599953,-0.019826459047180833,0.00146484375,0.0001098870561691001,2.013995562382659e-05
4792320,-0.0006930749950697646,0.35792171652428806,-0.0295539063445176,0.0009765625,8.649949450045824e-05,2.0122887864823347e-05
4793344,-0.0007671673083677888,0.38276925194077194,-0.0288834683742607,0.00390625,0.00025964700034819543,2.0105820105820105e-05
4794368,-0.0006994435098022223,0.07889149209950119,-0.019916982233553426,0.00244140625,0.000217711683944799,2.0088752346816863e-05
4795392,-0.0010849409736692905,0.3967890365747735,-0.0326533783791092,0.00244140625,0.0001756215642672032,2.007168458781362e-05
4796416,-0.00225001250510104,0.3755151308141649,-0.028074695110262837,0.0048828125,0.0003680617082864046,2.005461682881038e-05
4797440,-0.0006239667854970321,0.036305502348113805,-0.01890814593207324,0.0029296875,0.00025517967878840864,2.003754906980714e-05
4798464,-0.0008493942732457072,0.08981154370121658,-0.021670337053365074,0.00390625,0.0015871400682954118,2.0020481310803897e-05
4799488,-0.00023277175205294043,0.040212875173892826,-0.02308986821662984,0.00048828125,0.0002585828478913754,2.0003413551800655e-05
4800512,-0.0012404584704199806,0.3789936735993251,-0.032940980010607745,0.00537109375,0.0003408141928957775,1.9986345792797413e-05
4801536,-0.0005987161421217024,0.06452935305424035,-0.02030945407523177,0.00146484375,0.0001536379859317094,1.996927803379416e-05
4802560,-0.0028501076812972315,0.41838088154327124,-0.028020880708936602,0.009765625,0.0006706089479848742,1.9952210274790918e-05
4803584,-0.00030798884108662605,0.040222307259682566,-0.019379938203201164,0.00048828125,6.786800804547966e-05,1.9935142515787676e-05
4804608,-0.0018065575859509408,0.7516215746290982,-0.03611732576973736,0.0029296875,0.00032947328872978687,1.9918074756784433e-05
4805632,-0.0007241597631946206,0.07547169143799692,-0.020984258415410295,0.0029296875,0.0002548881893744692,1.990100699778119e-05
4806656,-0.000368118955520913,0.06356055056676269,-0.021516138665901963,0.0029296875,0.0002203859476139769,1.988393923877795e-05
4807680,-0.000596433033933863,0.16093410644680262,-0.023390211938931316,0.00244140625,0.00017405315884388983,1.9866871479774706e-05
4808704,-0.0006503501499537379,0.39524144190363586,-0.02750836066843476,0.0029296875,0.00045630341628566384,1.9849803720771464e-05
4809728,-0.0014983997389208525,0.1911618827143684,-0.0225175262967241,0.00341796875,0.0005006569990655407,1.9832735961768222e-05
4810752,-0.0016955978644546121,0.03810239478480071,-0.017705216741887853,0.00341796875,0.0007217907987069339,1.981566820276498e-05
4811776,-0.0005722701171180233,0.09831662196666002,-0.01770904504974169,0.00341796875,0.0004973552422598004,1.979860044376174e-05
4812800,-0.00046202854719012976,0.056743012624792755,-0.024254361476778286,0.001953125,0.0002678307791939005,1.97815326847585e-05
4813824,-1.111066376324743e-05,0.4187218293081969,-0.02999968483345583,0.00146484375,8.141245052684098e-05,1.9764464925755242e-05
4814848,-0.001094210660085082,0.0689820391125977,-0.023878543654973328,0.00732421875,0.000928443594602868,1.9747397166752004e-05
4815872,-0.0016906614328036085,0.4405028955079615,-0.03208482518675737,0.00341796875,0.00025320200074929744,1.973032940774876e-05
4816896,-0.00037582902587018907,0.032398968236520886,-0.01644412739847212,0.00244140625,0.00015121746400836855,1.971326164874552e-05
4817920,-0.0003849970089504495,0.41708134207874537,-0.029616331521538086,0.00439453125,0.000271944678388536,1.9696193889742277e-05
4818944,-0.0008127606852212921,0.40156188793480396,-0.035834650945616886,0.00537109375,0.0003230406146030873,1.9679126130739034e-05
4819968,-0.0007372141844825819,0.07680276653263718,-0.020100072211789666,0.0029296875,0.0004788981459569186,1.9662058371735792e-05
4820992,-0.0013938083429820836,0.06069924193434417,-0.022247361222980544,0.0048828125,0.0006548331002704799,1.964499061273255e-05
4822016,-7.265793101396412e-05,0.28103845741134137,-0.026227559392282274,0.0009765625,0.00010099740757141262,1.9627922853729308e-05
4823040,-0.0011977167596342042,0.3158145910128951,-0.036973309906898066,0.00244140625,0.0001647268218221143,1.9610855094726065e-05
4824064,-0.00015095676644705236,0.05162895820103586,-0.019300822018522013,0.0,2.4059685529209673e-05,1.9593787335722823e-05
4825088,-0.0008475555805489421,0.34552642109338194,-0.03194161420833552,0.00146484375,0.00010583980474621058,1.957671957671958e-05
4826112,-0.000966765743214637,0.057242930051870644,-0.015720773486464168,0.0048828125,0.0003605861566029489,1.9559651817716342e-05
4827136,-0.0002577970444690436,0.07973546662833542,-0.02432807981131191,0.00048828125,0.00010071751603391021,1.9542584058713086e-05
4828160,-0.0009958982118405402,0.33882862888276577,-0.03155346371931955,0.00390625,0.00020908510487060994,1.9525516299709844e-05
4829184,-0.0002239702589577064,0.04869784973561764,-0.021996657131239772,0.001953125,0.0004337169521022588,1.95084485407066e-05
4830208,-0.0013409996026894078,0.3145202061859891,-0.03160548210144043,0.001953125,0.0008177324780263007,1.9491380781703363e-05
4831232,-0.000270037300651893,0.04574006312759593,-0.016290379515339737,0.0029296875,0.0004927952686557546,1.947431302270012e-05
4832256,-9.555250289849937e-05,0.08871983282733709,-0.017592130177945364,0.001953125,0.00013165766722522676,1.9457245263696878e-05
4833280,-0.0006888118659844622,1.1042245598509908,-0.05236940085887909,0.00146484375,0.00014243589248508215,1.9440177504693636e-05
4834304,-0.002379700730671175,1.302999461069703,-0.04176569901756011,0.00390625,0.0002947401371784508,1.9423109745690393e-05
4835328,-0.00119310877926182,0.05688457645010203,-0.019643121668195818,0.00341796875,0.001327575126197189,1.940604198668715e-05
4836352,-0.0027415114745963365,0.3916739614214748,-0.0284792054007994,0.00537109375,0.0006706524145556614,1.938897422768391e-05
4837376,-0.0036787005665246397,0.7446987458970398,-0.04191288026049733,0.00341796875,0.0004631538613466546,1.9371906468680667e-05
4838400,-0.0016935993044171482,0.28259709384292364,-0.028856346965767443,0.00341796875,0.00031227583531290293,1.9354838709677424e-05
4839424,-0.000294608500553295,0.05587467097211629,-0.02379339261824498,0.0029296875,0.00026021775556728244,1.9337770950674172e-05
4840448,-0.00058848547632806,0.05707479588454589,-0.018053104552564037,0.0029296875,0.0005138608976267278,1.932070319167093e-05
4841472,-7.696531247347593e-05,0.360457100905478,-0.029482821526471525,0.001953125,0.0001244454615516588,1.9303635432667687e-05
4842496,-0.0012921913003083318,0.09663534257560968,-0.020254967661458068,0.00537109375,0.0005661749455612153,1.9286567673664445e-05
4843520,-0.0003562841302482411,0.07859406352508813,-0.01783160363265779,0.00048828125,0.0001068040874088183,1.9269499914661203e-05
4844544,0.0007566425629192963,0.06688744458369911,-0.020137183857514174,0.00244140625,0.0004153316403971985,1.9252432155657964e-05
4845568,-0.0007758020365145057,0.3778659595991485,-0.02923449774243636,0.0009765625,0.00011810472642537206,1.923536439665472e-05
4846592,-0.0007892011635703966,0.40509226359426975,-0.02722269663354382,0.001953125,0.00017891846073325723,1.921829663765148e-05
4847616,-2.177631904487498e-05,0.06713073200080544,-0.01812405557211605,0.00537109375,0.00042174752161372453,1.9201228878648237e-05
4848640,-0.00020237560966052115,0.05750071280635893,-0.015579156490275636,0.0009765625,0.00019583314133342355,1.9184161119644995e-05
4849664,-0.0009687100246082991,0.06498911511152983,-0.020209103253364447,0.0048828125,0.0009909884392982349,1.9167093360641752e-05
4850688,-0.00017276850121561438,0.09436347684822977,-0.017543997084430885,0.00244140625,0.00030562718166038394,1.915002560163851e-05
4851712,-0.00014221214223653078,0.07400690711801872,-0.019210542071959935,0.00048828125,4.815553256776184e-05,1.9132957842635258e-05
4852736,-0.003764834487810731,0.6140518579632044,-0.04371135352994315,0.01220703125,0.0007561535458080471,1.9115890083632015e-05
4853760,-0.00044078372593503445,0.06759215821512043,-0.015111596090719104,0.00146484375,0.00011893911869265139,1.9098822324628773e-05
4854784,-0.0003179270715918392,0.06615960790077224,-0.021308036775735673,0.00439453125,0.00032514939084649086,1.908175456562553e-05
4855808,-0.000728672937839292,0.05236129951663315,-0.021408903807241586,0.0029296875,0.0004949945287080482,1.906468680662229e-05
4856832,-7.564274710603058e-05,0.3841325375251472,-0.02675386454211548,0.00048828125,4.087164415977895e-05,1.9047619047619046e-05
4857856,-0.0010056696773972362,0.042170597007498145,-0.018636347336723702,0.005859375,0.0006583948852494359,1.9030551288615804e-05
4858880,-0.0012963789195055142,0.3753022315213457,-0.027894692590052728,0.005859375,0.0005377409397624433,1.9013483529612565e-05
4859904,-0.001134636055212468,0.06274840980768204,-0.019489375191369618,0.00634765625,0.0006618759070988744,1.8996415770609323e-05
4860928,-0.0016693527286406606,0.41256766486912966,-0.02952223389002029,0.00927734375,0.0007538930221926421,1.897934801160608e-05
4861952,-0.00048494923976249993,0.04352381912758574,-0.0199981718978961,0.00244140625,0.00017698064038995653,1.8962280252602838e-05
4862976,-0.0008685299253556877,0.42831634473986924,-0.03522574278758839,0.001953125,0.00033418802195228636,1.8945212493599596e-05
4864000,-0.001280450014746748,0.09277251933235675,-0.0216478403963265,0.0048828125,0.0006505630735773593,1.8928144734596353e-05
4865024,-0.0006776304435334168,0.052266154205426574,-0.02030638533688034,0.00390625,0.0006690097361570224,1.89110769755931e-05
4866048,-0.0003235126059735194,0.4091479538474232,-0.032517322833882645,0.0,5.051855987403542e-05,1.889400921658986e-05
4867072,-0.0017982185090659186,1.0576548264361918,-0.048700267216190696,0.00537109375,0.00034811302612069994,1.8876941457586616e-05
4868096,-0.0002628899092087522,0.03632281825412065,-0.017128781128121773,0.00244140625,0.00045793950266670436,1.8859873698583374e-05
4869120,-0.0003218593483325094,0.2782934121787548,-0.02642931166337803,0.0029296875,0.0002994162932736799,1.8842805939580132e-05
4870144,-0.0006381683924701065,0.09042890090495348,-0.02297121517767664,0.00341796875,0.0002654163399711251,1.882573818057689e-05
4871168,-0.0006475919944932684,0.07671832374762744,-0.017772748324205168,0.00244140625,0.00029727775836363435,1.8808670421573647e-05
4872192,-0.0011785962560679764,0.031240244570653886,-0.018022382146227756,0.00390625,0.00040601448563393205,1.8791602662570405e-05
4873216,-0.0009031881563714705,1.201662533916533,-0.04485066485358402,0.0029296875,0.00026964928838424385,1.8774534903567166e-05
4874240,-0.00019134565081913024,0.0513048549182713,-0.023947713867528364,0.001953125,0.00022440735483542085,1.8757467144563924e-05
4875264,-0.0007630373656866141,0.06098126689903438,-0.018624974773047143,0.00537109375,0.0010685065062716603,1.874039938556068e-05
4876288,-0.0009602845966583118,0.03948722666245885,-0.022948650177568197,0.0029296875,0.00018379495304543525,1.872333162655744e-05
4877312,-0.000505623291246593,0.09396448777988553,-0.018780330346089613,0.00390625,0.0007299985300051048,1.8706263867554187e-05
4878336,-0.0006263775067054667,0.07372167042922229,-0.019954165451053996,0.00244140625,0.0005566137842833996,1.8689196108550945e-05
4879360,-0.0016878053211257793,0.7582548377104104,-0.03378725929360371,0.001953125,0.000227750584599562,1.8672128349547702e-05
4880384,-0.0008640108862891793,0.0732913512038067,-0.021466672093083616,0.00244140625,0.0002131237997673452,1.865506059054446e-05
4881408,7.113933679647744e-05,0.3787093402352184,-0.02883723891864065,0.00048828125,0.00010144784755539149,1.8637992831541218e-05
4882432,-0.0007423656934406608,0.0482993118930608,-0.022602584067499265,0.0048828125,0.0004502407246036455,1.8620925072537975e-05
4883456,-0.0013346250780159608,0.3886993045452982,-0.028254382338673167,0.00341796875,0.00030417097150348127,1.8603857313534733e-05
4884480,-0.0014545623562298715,0.08463703270535916,-0.02215794784206082,0.00634765625,0.0006843897135695443,1.858678955453149e-05
4885504,-0.0009955985296983272,0.03655705484561622,-0.015485764848108374,0.001953125,0.0004982533864676952,1.856972179552825e-05
4886528,-0.0016087758704088628,0.08073138224426657,-0.021953075171040837,0.0068359375,0.0011620039294939488,1.8552654036525006e-05
4887552,-0.0003757877857424319,0.39312480262015015,-0.028903185366289108,0.00244140625,0.00024208056856878102,1.8535586277521767e-05
4888576,-0.002195772103732452,0.3823873442597687,-0.030577381752664223,0.00244140625,0.0002911713672801852,1.8518518518518525e-05
4889600,-0.0005489146133186296,0.05138615798205137,-0.022191707110323478,0.00439453125,0.0002521717979107052,1.8501450759515283e-05
4890624,-0.0007651643973076716,0.08293072902597487,-0.01782364844257245,0.00341796875,0.00025172039750032127,1.848438300051203e-05
4891648,-0.002577809791546315,0.4564430088503286,-0.03090085649455432,0.00537109375,0.0005155742255738005,1.8467315241508788e-05
4892672,-0.0005586443658103235,0.0746244260808453,-0.019009963874850655,0.00244140625,0.0003894800174748525,1.8450247482505546e-05
4893696,-0.001340699236607179,0.05739429238019511,-0.02200795491808094,0.0068359375,0.0010936160542769358,1.8433179723502303e-05
4894720,-0.0008240339084295556,0.04027215548558161,-0.018323573297607254,0.00390625,0.0005807621637359262,1.841611196449906e-05
4895744,-0.0011344804806867614,0.037928536999970675,-0.022354576514771907,0.00732421875,0.0012393161741783842,1.839904420549582e-05
4896768,-0.0012739302546833642,0.30195274762809277,-0.02766970216180198,0.00341796875,0.00018399636610411108,1.8381976446492577e-05
4897792,-0.0003733200137503445,0.10985587746836245,-0.021168555023905355,0.0029296875,0.00033885340963024646,1.8364908687489334e-05
4898816,-0.0017755214794306085,0.4217427112162113,-0.03308331058360636,0.00341796875,0.0003165991947753355,1.8347840928486092e-05
4899840,-0.00042595615377649665,0.10753940581344068,-0.022577979681955185,0.00244140625,0.00041672300721984357,1.833077316948285e-05
4900864,-0.0010965864057652652,0.32180383359082043,-0.030998133835964836,0.001953125,0.00038466624391730875,1.8313705410479607e-05
4901888,-0.0005237354926066473,0.1171714219963178,-0.02360967745335074,0.00146484375,0.000135745809529908,1.829663765147637e-05
4902912,-0.0020003182580694556,1.0726804994046688,-0.049117826274596155,0.0029296875,0.0003181304346071556,1.8279569892473113e-05
4903936,7.463552174158394e-05,0.062009783927351236,-0.0232514295821602,0.00439453125,0.00032836598984431475,1.826250213346987e-05
4904960,-0.0008785279424046166,0.06744420260656625,-0.016522452231583884,0.00439453125,0.00036009257019031793,1.824543437446663e-05
4905984,-0.0012012655206490308,0.09204931987915188,-0.022450742955697933,0.00244140625,0.0006931821117177606,1.822836661546339e-05
4907008,-0.0002757495967671275,0.04313843557611108,-0.01649607661875052,0.00146484375,0.00012770446483045816,1.8211298856460147e-05
4908032,-0.00019793819228652865,0.06388359883567318,-0.018804047644152888,0.00146484375,7.921854557935148e-05,1.8194231097456905e-05
4909056,-0.0013199572131270543,0.05359058396425098,-0.023507493948272895,0.0048828125,0.0009241883963113651,1.8177163338453662e-05
4910080,-0.0009022563317557797,0.04164752020733431,-0.019867268889356637,0.00537109375,0.0005870117602171376,1.816009557945042e-05
4911104,-0.0008810854633338749,0.03160517476499081,-0.016786480075097643,0.005859375,0.00073377595981583,1.8143027820447178e-05
4912128,0.0012547817459562793,0.052805795159656554,-0.015191024461955749,0.0029296875,0.001002845077891834,1.8125960061443936e-05
4913152,-0.000656494332361035,0.07822782930452377,-0.025201949756592512,0.00390625,0.00030321720987558365,1.8108892302440693e-05
4914176,-0.0010686158202588558,0.09154116699937731,-0.019671987924084533,0.00537109375,0.00047030333371367306,1.809182454343745e-05
4915200,-0.004286938026780263,0.7108212760649621,-0.04067149281036109,0.00537109375,0.00038639275589957833,1.80747567844342e-05
4916224,-0.0002791309016174637,0.04635154944844544,-0.019055875298590763,0.0029296875,0.00020904744451399893,1.8057689025430956e-05
4917248,-0.001101133180782199,0.04528152506100014,-0.019835017732475535,0.00341796875,0.00035120917891617864,1.8040621266427714e-05
4918272,-0.0004219994880259037,0.0882999220630154,-0.019295443602459272,0.001953125,0.0001439328189007938,1.802355350742447e-05
4919296,-0.0003641825169324875,0.07815577101428062,-0.023119256933568977,0.00439453125,0.0002298379986314103,1.8006485748421233e-05
4920320,-0.0014692286786157638,0.056583088473416865,-0.021023691526352195,0.00439453125,0.0005658002046402544,1.798941798941799e-05
4921344,-0.00013003806816413999,0.08248981146607548,-0.02438794901536312,0.001953125,0.00015200198686216027,1.7972350230414748e-05
4922368,-0.0002468631573719904,0.04422014928422868,-0.018259697488247184,0.0009765625,0.0001738748251227662,1.7955282471411506e-05
4923392,-0.00019200282986275852,0.317055324499961,-0.0276824500906514,0.001953125,0.0002298457984579727,1.7938214712408264e-05
4924416,-0.0015613035066053271,0.040513214422389865,-0.021661624254193157,0.0078125,0.0012637589679798111,1.792114695340502e-05
4925440,-0.00013709289487451315,0.35055286320857704,-0.02675106844981201,0.00146484375,0.00028398701397236437,1.790407919440178e-05
4926464,-0.0004669852205552161,0.044497645169030875,-0.021496334265975747,0.001953125,0.0002137409901479259,1.7887011435398537e-05
4927488,-0.0006553081111633219,0.40496943914331496,-0.03339385534127359,0.0009765625,8.582214650232345e-05,1.7869943676395294e-05
4928512,-0.0006381010462064296,0.038252882892265916,-0.01900729585395311,0.0009765625,0.00020160178246442229,1.7852875917392042e-05
4929536,-0.00016047556709963828,0.0410539765143767,-0.019556234910851344,0.00244140625,0.00014809062122367322,1.78358081583888e-05
4930560,-0.00036879202889394946,0.03612064273329452,-0.01974419540465533,0.00244140625,0.00021229381673038006,1.7818740399385557e-05
4931584,-0.0006307457369985059,0.06530522432876751,-0.022175413013428624,0.00341796875,0.0003564470825949684,1.7801672640382315e-05
4932608,-0.0009604463266441599,0.051511276164092124,-0.022875717557326425,0.00537109375,0.000609410330071114,1.7784604881379073e-05
4933632,-4.349774826550856e-05,0.12780662870500237,-0.021741669173934497,0.0,7.658424146939069e-05,1.7767537122375834e-05
4934656,-0.0011022201215382665,0.25738443434238434,-0.03679531789384782,0.0009765625,0.00015301462553907186,1.775046936337259e-05
4935680,-0.001017459886497818,0.03820291708689183,-0.01859970730765781,0.005859375,0.0010135187621926889,1.773340160436935e-05
4936704,-0.0005296620583976619,0.38331679510883987,-0.028663978358963504,0.00439453125,0.00028734540683217347,1.7716333845366107e-05
4937728,-0.00042373932956252247,0.37808557238895446,-0.028381304000504315,0.0029296875,0.0001849023683462292,1.7699266086362865e-05
4938752,-0.00042846344149438664,0.31293672148603946,-0.02761658831150271,0.00390625,0.0003639076749095693,1.7682198327359623e-05
4939776,-0.0006637526530539617,0.06227684207260609,-0.017671398181846598,0.0029296875,0.00019617720681708306,1.766513056835638e-05
4940800,-0.0014928393648006022,1.0036474550142884,-0.04035434982506558,0.001953125,0.00025723635917529464,1.7648062809353128e-05
4941824,-0.0005042424018029124,0.34152178233489394,-0.032037943543400615,0.0048828125,0.00027858687099069357,1.7630995050349885e-05
4942848,-0.00021533158724196255,0.16415283968672156,-0.020282501362089533,0.00244140625,0.0001515866897534579,1.7613927291346643e-05
4943872,-0.0006360010738717392,0.09549366205465049,-0.022972312530328054,0.00341796875,0.0002824489201884717,1.75968595323434e-05
4944896,-0.0005464231944642961,0.08556223544292152,-0.019880908439517953,0.00390625,0.0005342024960555136,1.757979177334016e-05
4945920,-0.0001451021380489692,0.23436806444078684,-0.029146111191948876,0.0009765625,0.0001099593355320394,1.7562724014336916e-05
4946944,-0.000283682020381093,0.05881054443307221,-0.01935417654021876,0.001953125,0.00017306597146671265,1.7545656255333674e-05
4947968,-9.43338091019541e-05,0.10106410481967032,-0.0201752204739023,0.00048828125,9.452506492380053e-05,1.7528588496330435e-05
4948992,-0.0011338951335346792,1.0852144602686167,-0.04419736941053998,0.005859375,0.00028712434868793935,1.7511520737327193e-05
4950016,-0.0008494340509059839,0.29055853257887065,-0.030762997037527384,0.00244140625,0.0004056281759403646,1.749445297832395e-05
4951040,-0.0015180643822532147,0.4207074537407607,-0.03458160636364482,0.00439453125,0.0002892720513045788,1.7477385219320708e-05
4952064,-0.0012363623245619237,0.3343066794332117,-0.03173575023538433,0.00146484375,0.00014265165373217314,1.7460317460317466e-05
4953088,-0.00041886651888489723,0.03866016317624599,-0.022443334964918904,0.0029296875,0.0003650587168522179,1.7443249701314224e-05
4954112,-0.0015217908658087254,0.2985996926436201,-0.029835475872459938,0.00537109375,0.00038833828875795007,1.742618194231097e-05
4955136,-0.0007324557809624821,0.1841851999051869,-0.02808880779775791,0.0048828125,0.0006036025297362357,1.740911418330773e-05
4956160,-0.0001646271557547152,0.09278026211541146,-0.02270053850952536,0.00146484375,0.00013754495012108237,1.7392046424304487e-05
4957184,-0.0007319438154809177,0.10774500831030309,-0.022572981295525096,0.00341796875,0.0006245814292924479,1.7374978665301244e-05
4958208,-0.0013168825971661136,0.10720273584593087,-0.021931353243417107,0.00390625,0.0006112598057370633,1.7357910906298002e-05
4959232,-0.0014791659486945719,0.6914944439195096,-0.042165477032540366,0.00048828125,9.45199717534706e-05,1.734084314729476e-05
4960256,-0.0011537564569152892,0.09612918004859239,-0.025166064348013606,0.00439453125,0.00040152751898858696,1.7323775388291518e-05
4961280,-0.0006901271844981238,0.05253244284540415,-0.020706399969640188,0.00244140625,0.00022202661784831434,1.7306707629288275e-05
4962304,-0.0002699729084270075,0.05198718752944842,-0.020881910211755894,0.001953125,0.0002580376312835142,1.7289639870285036e-05
4963328,-0.0018801286350935698,0.7119276258163154,-0.04443084559898125,0.00537109375,0.00043441494926810265,1.7272572111281794e-05
4964352,-0.0009548442612867802,0.05878679035231471,-0.023352539625193458,0.00244140625,0.0004866048548137769,1.7255504352278552e-05
4965376,-0.000800333684310317,0.07847978069912642,-0.019797322202066425,0.001953125,0.00010096600453834981,1.723843659327531e-05
4966400,-0.0011386873084120452,0.44348768168129027,-0.030785820388700813,0.00244140625,0.00018528217333368957,1.7221368834272057e-05
4967424,-0.002143868026905693,0.34097779728472233,-0.03373683070822153,0.0078125,0.001058862719219178,1.7204301075268815e-05
4968448,-0.002581845605163835,1.2417907901108265,-0.0626939416397363,0.00732421875,0.0006192600267240778,1.7187233316265572e-05
4969472,-0.0016287681501125917,0.6183576587354764,-0.032722709904192016,0.00732421875,0.0005925117438891903,1.717016555726233e-05
4970496,-0.00036333923344500363,0.043531219533178955,-0.016769084888437646,0.00048828125,6.184745870996267e-05,1.7153097798259088e-05
4971520,-0.0005713104328606278,0.3253654510481283,-0.026228502538288012,0.00048828125,5.5145559599623084e-05,1.7136030039255846e-05
4972544,-0.0010439659890835173,0.1210883988533169,-0.020002555142127676,0.00146484375,0.00047607143642380834,1.7118962280252603e-05
4973568,-0.0008931742631830275,0.05512914224527776,-0.01942202286591055,0.00146484375,0.00039965190808288753,1.710189452124936e-05
4974592,-0.00014340723282657564,0.060556021984666586,-0.020837531927099917,0.001953125,0.00017778425535652786,1.708482676224612e-05
4975616,-0.0005661780014634132,0.05001439497573301,-0.020417107978573767,0.00146484375,0.00018010768690146506,1.7067759003242876e-05
4976640,-0.0006949886010261253,0.08483196713496,-0.02324619676801376,0.0087890625,0.0008133014052873477,1.7050691244239638e-05
4977664,-0.0004226395321893506,0.1414979617111385,-0.017805360599595588,0.001953125,0.0003251263260608539,1.7033623485236395e-05
4978688,-0.0014869444421492517,0.4217688625212759,-0.03623739548493177,0.00341796875,0.0002307443501194939,1.701655572623314e-05
4979712,-0.00013412683620117605,0.3715677601285279,-0.028252861637156457,0.0048828125,0.00023346692614722997,1.69994879672299e-05
4980736,-0.0012067070929333568,0.0794264308642596,-0.02353158700861968,0.0048828125,0.0006726781139150262,1.6982420208226658e-05
4981760,-0.0007042030920274556,0.08486704190727323,-0.022064201897592284,0.00341796875,0.0002397922071395442,1.6965352449223416e-05
4982784,-0.0008287921227747574,0.04392849589930847,-0.0228989512543194,0.00244140625,0.00023823331866879016,1.6948284690220174e-05
4983808,-0.0007086711848387495,0.048594129271805286,-0.019697503812494688,0.005859375,0.0005773137672804296,1.693121693121693e-05
4984832,-0.0008727449749130756,0.046117079618852586,-0.018688704920350574,0.001953125,0.0003218829078832641,1.691414917221369e-05
4985856,-0.000417631832533516,0.06819382990943268,-0.020880647711237543,0.00390625,0.00046186188410501927,1.6897081413210447e-05
4986880,-0.00015305547276511788,0.367918519070372,-0.03067740752157988,0.00048828125,7.907280814833939e-05,1.6880013654207205e-05
4987904,-0.0006479281146312132,0.061869427911005914,-0.021302616407410824,0.00390625,0.00046720021055079997,1.6862945895203962e-05
4988928,-0.0003965709765907377,0.08001370396232232,-0.022068930629757233,0.00634765625,0.0004515392938628793,1.684587813620072e-05
4989952,-0.0005546063766814768,0.03862754110014066,-0.02009087058104342,0.00439453125,0.00046607937838416547,1.6828810377197478e-05
4990976,-0.0015094857662916183,0.6390569149516523,-0.042486865422688425,0.00732421875,0.0005069338949397206,1.681174261819424e-05
4992000,-0.0004122363607166335,0.06009016640018672,-0.020902997923258226,0.001953125,0.00012874085223302245,1.6794674859190983e-05
4993024,-0.0005623955803457648,0.038784953008871526,-0.01754491367501032,0.00390625,0.000566764923860319,1.677760710018774e-05
4994048,-0.0007203617278719321,0.400130596710369,-0.03006577202177141,0.00146484375,0.00018667837139219046,1.6760539341184502e-05
4995072,-0.0006887056224513799,0.04852551012299955,-0.02571438352606492,0.00244140625,0.00036645443469751626,1.674347158218126e-05
4996096,-0.000755228305933997,0.38509923277888447,-0.032531937467865646,0.0048828125,0.0003598020557546988,1.6726403823178017e-05
4997120,-0.0006003552989568561,0.04471282393205911,-0.015441289040609263,0.001953125,0.0001708647614577785,1.6709336064174775e-05
4998144,-0.0013000937324250117,0.03129444213118404,-0.017119959999035927,0.00390625,0.0002752622385742143,1.6692268305171533e-05
4999168,-0.000489941710839048,0.07386588118970394,-0.020323845728853485,0.00146484375,0.00040833027742337435,1.667520054616829e-05
5000192,-0.0008158970886142924,0.10160846868529916,-0.018814170009136433,0.00146484375,0.0005160172149771824,1.6658132787165048e-05
5001216,-0.0012407771864673123,0.045411311904899776,-0.02044739520533767,0.00390625,0.00028223200934007764,1.6641065028161806e-05
5002240,-0.002136882692866493,0.40707562887109816,-0.03566312702605501,0.00537109375,0.0003604977537179366,1.6623997269158563e-05
5003264,-0.0005791558505734429,0.07406212540809065,-0.020244255269062705,0.00341796875,0.0003037202695850283,1.660692951015532e-05
5004288,-0.0006112627015681937,0.03303259797394276,-0.020248029904905707,0.00146484375,0.00045750416757073253,1.658986175115207e-05
5005312,-0.0002652661351021379,0.08341038902290165,-0.017933787015863345,0.001953125,0.00010679250408429652,1.6572793992148826e-05
5006336,-0.0013889174442738295,0.06279840995557606,-0.019286983197162044,0.005859375,0.0003798487159656361,1.6555726233145584e-05
5007360,-0.0007738355343462899,0.0849551463034004,-0.0181962024216773,0.001953125,0.0004942797386320308,1.6538658474142342e-05
5008384,-0.00031228343868860975,0.05450180021580309,-0.015332822084019426,0.00390625,0.0002885147841880098,1.6521590715139103e-05
5009408,-0.0001719002320896834,0.31160251307301223,-0.024245515176517074,0.00146484375,0.00010333332465961576,1.650452295613586e-05
5010432,-0.00047965437988750637,1.2721486357040703,-0.06535063544288278,0.00439453125,0.00032791188277769834,1.648745519713262e-05
5011456,-0.0004471156280487776,0.03470659733284265,-0.016283061888316297,0.00244140625,0.0003593872970668599,1.6470387438129376e-05
5012480,-0.0004906125395791605,0.0401343367411755,-0.01745841147203464,0.00146484375,0.0001874390000011772,1.6453319679126134e-05
5013504,-0.000622652361926157,0.0422785576665774,-0.01746425171586452,0.00244140625,0.00019623975094873458,1.643625192012289e-05
5014528,-0.0010277737019350752,0.3737579451408237,-0.024681967523065396,0.00244140625,0.00015376375813502818,1.641918416111965e-05
5015552,-0.0012371027187327854,0.9095655614510179,-0.04684470361098647,0.00390625,0.00039801240200176835,1.6402116402116407e-05
5016576,-0.00037806658656336367,0.03829735558247194,-0.01662130592194444,0.0009765625,6.750169268343598e-05,1.6385048643113165e-05
5017600,-0.0002037820522673428,0.16447950177825987,-0.02250257223204244,0.00244140625,0.0002057409583358094,1.6367980884109912e-05
5018624,-0.0008427489083260298,0.035668936965521425,-0.018167555128457025,0.001953125,0.0002552747610025108,1.635091312510667e-05
5019648,-0.0004287485789973289,0.04944293724838644,-0.021354634871386224,0.00048828125,6.503809709101915e-05,1.6333845366103428e-05
5020672,-0.00039564043981954455,0.06078012438956648,-0.018942884969874285,0.00146484375,0.00013556193152908236,1.6316777607100185e-05
5021696,-0.0005287219246383756,0.6996138086542487,-0.031875639644567855,0.001953125,0.0001899213675642386,1.6299709848096943e-05
5022720,-0.001260406948858872,0.08892886072862893,-0.019070949039814877,0.005859375,0.001057482382748276,1.6282642089093704e-05
5023744,-0.0005075653170933947,0.05056134599726647,-0.015008729256351216,0.00146484375,0.00023811105347704142,1.6265574330090462e-05
5024768,-0.0006958604935789481,0.03969080635579303,-0.019640989339677617,0.00244140625,0.00016041035996749997,1.624850657108722e-05
5025792,-0.000619511200056877,0.07835116051137447,-0.017654808303632308,0.0029296875,0.0003662035014713183,1.6231438812083977e-05
5026816,-0.0006274561019381508,0.07166309037711471,-0.02145164491957985,0.00341796875,0.000257943946053274,1.6214371053080735e-05
5027840,-0.0006600044434890151,0.3908331220736727,-0.02763756823969743,0.00244140625,0.00016388908261433244,1.6197303294077493e-05
5028864,-0.006448152882512659,1.2518317583017051,-0.04752579005435109,0.01416015625,0.0010656380036380142,1.618023553507425e-05
5029888,-0.0010745910549303517,0.2609004557598382,-0.027541200499399565,0.00146484375,0.00013082969235256314,1.6163167776070998e-05
5030912,-0.0007105949916876853,0.04274653072934598,-0.01942536630667746,0.001953125,0.00011746505333576351,1.6146100017067756e-05
5031936,-0.00012680974032264203,0.09147849422879517,-0.022672920244076522,0.0029296875,0.0003767001471715048,1.6129032258064513e-05
5032960,-0.000411242654081434,0.0870732725597918,-0.020908616465021623,0.00146484375,0.00015832112694624811,1.611196449906127e-05
5033984,-0.00013801302702631801,0.133607123978436,-0.02065040890374803,0.0029296875,0.00016175689233932644,1.609489674005803e-05
5035008,-0.0009943343175109476,0.05605774337891489,-0.021628146248986013,0.00244140625,0.0006446260376833379,1.6077828981054787e-05
5036032,-0.0008559820125810802,0.3998975839931518,-0.03349392474046908,0.00048828125,7.124888361431658e-05,1.6060761222051544e-05
5037056,-0.0020303837081883103,0.2644078938756138,-0.0341058213962242,0.0048828125,0.0003470174124231562,1.6043693463048305e-05
5038080,-0.0003316855145385489,0.03292531135957688,-0.019163479140843265,0.001953125,0.00022076208551879972,1.6026625704045063e-05
5039104,-0.0007068795384839177,0.08770823385566473,-0.021432091773021966,0.0009765625,9.461093577556312e-05,1.600955794504182e-05
5040128,-0.0006749479507561773,0.07496312202420086,-0.023390970156469848,0.00341796875,0.0002923776628449559,1.599249018603858e-05
5041152,-0.0005843101971549913,0.05358541139867157,-0.020259679107766715,0.00146484375,8.67664348334074e-05,1.5975422427035336e-05
5042176,-0.0001634868240216747,0.36352524207904935,-0.031118971510295523,0.00244140625,0.00017047229630406946,1.5958354668032084e-05
5043200,-0.0006189148116391152,0.040655819058883935,-0.018473826348781586,0.001953125,0.00019484272343106568,1.594128690902884e-05
5044224,-0.001031417712511029,0.05701020511332899,-0.01862676936434582,0.00244140625,0.0005769659182988107,1.59242191500256e-05
5045248,-0.0007151934114517644,0.03865268226945773,-0.017164904056699015,0.00341796875,0.00042989452776964754,1.5907151391022357e-05
5046272,-0.0005207540671108291,0.10288415499962866,-0.02967566775078012,0.0048828125,0.0005988264747429639,1.5890083632019115e-05
5047296,-0.0006385733722709119,0.06254773103864864,-0.023251116163919505,0.00341796875,0.00036042326246388257,1.5873015873015872e-05
5048320,5.339681956684217e-05,0.04555727035040036,-0.016046326720243087,0.00146484375,9.33627161430195e-05,1.585594811401263e-05
5049344,-0.0006934330303920433,0.029745552397798747,-0.015559954472337267,0.0048828125,0.0003804726875387132,1.5838880355009388e-05
5050368,-0.0010255019151372835,0.08982602157630026,-0.026238516535840972,0.005859375,0.000508922355948016,1.5821812596006145e-05
5051392,-0.0003330461331643164,0.4165805426891893,-0.03253695581224747,0.00146484375,0.00021829010802321136,1.5804744837002907e-05
5052416,-0.0009498544677626342,0.0697477338835597,-0.023232176183228148,0.00244140625,0.00048757017066236585,1.5787677077999664e-05
5053440,-0.001028363680234179,0.44707142002880573,-0.025828403914147202,0.0009765625,0.00012036607949994504,1.5770609318996422e-05
5054464,-0.0004480788338696584,0.07561468495987356,-0.024649462751767715,0.001953125,0.00035606113669928163,1.575354155999318e-05
5055488,-0.0004528136632870883,0.3298389039700851,-0.027824328586575575,0.00146484375,0.00017408280109521002,1.5736473800989927e-05
5056512,-0.0007968832214828581,0.07001675106585026,-0.02492681062358315,0.00390625,0.0005385111580835655,1.5719406041986685e-05
5057536,-0.0006656532787019387,0.03421784425154328,-0.01933848256157944,0.00390625,0.00043204170651733875,1.5702338282983443e-05
5058560,-0.0007024392762104981,0.052302185795269907,-0.019501144934110926,0.00244140625,0.00019972826703451574,1.56852705239802e-05
5059584,0.0009366043377667665,0.03660348695120774,-0.018415265913063195,0.00146484375,0.00015340045501943678,1.5668202764976958e-05
5060608,-0.0007941857766127214,0.6402425174601376,-0.037694326136261225,0.001953125,0.00022035898291505873,1.5651135005973716e-05
5061632,-0.0007648719474673271,0.39184866950381547,-0.032844465487869456,0.0009765625,0.00023803500516805798,1.5634067246970474e-05
5062656,-0.0023965575092006475,0.7499889209866524,-0.042491185071412474,0.0048828125,0.000391879104427062,1.561699948796723e-05
5063680,-1.6749152564443648e-05,0.03976206624065526,-0.019010461517609656,0.0,1.3386932550929487e-05,1.559993172896399e-05
5064704,-0.0007181042310548946,0.05349868844496086,-0.022040782612748444,0.00244140625,0.00020916020730510354,1.5582863969960747e-05
5065728,-0.00036672975693363696,0.032827540853759274,-0.018784027175570372,0.00048828125,5.629252700600773e-05,1.5565796210957508e-05
5066752,-0.0005613244429696351,0.03778697579400614,-0.019834121834719554,0.00048828125,7.85068841651082e-05,1.5548728451954265e-05
5067776,-0.0005576986804953776,0.6887792882043868,-0.03603617934277281,0.00146484375,0.00016507018881384283,1.553166069295101e-05
5068800,-0.000733544111426454,0.025590690143872052,-0.018955572272489007,0.0009765625,8.674664422869682e-05,1.551459293394777e-05
5069824,-0.00015540746971964836,0.3637817183043808,-0.031845643708948046,0.0009765625,0.00010356459824834019,1.549752517494453e-05
5070848,-0.002328062226297334,0.527107099769637,-0.032485881296452135,0.00634765625,0.000451281841378659,1.5480457415941286e-05
5071872,-0.0006014963364577852,0.06893552117981017,-0.020653669157582044,0.001953125,0.0002560056163929403,1.5463389656938044e-05
5072896,-0.0013862866908311844,0.4089467206504196,-0.0316578836645931,0.00390625,0.00033304665703326464,1.54463218979348e-05
5073920,-0.0007554969633929431,0.06675239920150489,-0.018926221231595264,0.00390625,0.00037701717519667,1.542925413893156e-05
5074944,-0.000611910640145652,0.3199119381606579,-0.026046018620945688,0.00146484375,0.00021549753728322685,1.5412186379928317e-05
5075968,-0.0006686570995952934,0.06940659903921187,-0.025501396958134137,0.0009765625,0.00014508746971841902,1.5395118620925075e-05
5076992,-0.0008386052504647523,0.06964988866820931,-0.01791854700059048,0.00390625,0.0011079324613092467,1.5378050861921832e-05
5078016,-7.909891428425908e-05,0.02252235877676867,-0.019781926548603224,0.0009765625,6.966793444007635e-05,1.536098310291859e-05
5079040,-0.0026790552874444984,0.4884895299328491,-0.03075566877669189,0.00439453125,0.000300090090604499,1.5343915343915348e-05
5080064,-0.00025856177671812475,0.09132752870209515,-0.024079623763100244,0.0,2.8488837415352464e-05,1.5326847584912095e-05
5081088,-0.0003209743881598115,0.035174256190657616,-0.020117314141316456,0.0009765625,0.00016957655316218734,1.5309779825908853e-05
5082112,-0.0003049718652619049,0.055815412546508014,-0.02178950387315126,0.00146484375,0.0001748390932334587,1.529271206690561e-05
5083136,-0.00032750991522334516,0.06439933646470308,-0.02110219939640956,0.00146484375,0.00011608416389208287,1.5275644307902372e-05
5084160,-0.0003456198755884543,0.043063726858235896,-0.019020106803509407,0.00341796875,0.00025221542455255985,1.5258576548899128e-05
5085184,-0.001573360525071621,0.3809106353437528,-0.028299873774813022,0.0029296875,0.0001976170897250995,1.5241508789895886e-05
5086208,-0.00045415409476845525,0.052582366042770445,-0.017145775035714905,0.00390625,0.0002795195032376796,1.5224441030892645e-05
5087232,-0.0006511442916234955,0.36754402110818774,-0.03110186188678199,0.0,3.3608186640776694e-05,1.5207373271889403e-05
5088256,-0.0008617037819931284,0.03473794285673648,-0.018570655480289133,0.001953125,0.00022845888452138752,1.519030551288616e-05
5089280,-0.0003364803778822534,0.0321369202574715,-0.01478039808171161,0.00146484375,0.00018764343985822052,1.5173237753882918e-05
5090304,-0.0006057504069758579,0.42914287047460675,-0.024668430693964183,0.0009765625,0.00021810874750372022,1.5156169994879676e-05
5091328,-0.0011923176280106418,0.05392718082293868,-0.02194848832732532,0.0029296875,0.00029879795329179615,1.5139102235876434e-05
5092352,-0.0008120409911498427,0.11661388631910086,-0.026383002012153156,0.001953125,0.0001774313423084095,1.5122034476873193e-05
5093376,-0.0005576998955802992,1.616458721458912,-0.06460065365536138,0.00048828125,9.994763240683824e-05,1.5104966717869939e-05
5094400,-0.0007086086843628436,0.0480833895271644,-0.025703088205773383,0.00244140625,0.0002437347429804504,1.5087898958866697e-05
5095424,-0.00027841157861985266,0.08502564992522821,-0.022695312945870683,0.00244140625,0.00044237675319891423,1.5070831199863456e-05
5096448,-0.0006966058281250298,0.05916591204004362,-0.022657878944301046,0.0048828125,0.0007327938656089827,1.5053763440860214e-05
5097472,-0.0008060437976382673,0.0565122232073918,-0.017501069902209565,0.00341796875,0.00031957759347278625,1.5036695681856971e-05
5098496,-0.0004591764882206917,0.08134113752748817,-0.025826810709986603,0.0009765625,8.422392420470715e-05,1.501962792285373e-05
5099520,-0.0005609447543974966,0.10786884371191263,-0.021333231990865897,0.00146484375,0.0001321082963841036,1.5002560163850487e-05
5100544,-0.0008112596115097404,0.32182282296707854,-0.026056989721837454,0.00048828125,5.982501897960901e-05,1.4985492404847246e-05
5101568,-0.002855378210369963,0.2944731789175421,-0.032033557733484486,0.00830078125,0.0008516063826391473,1.4968424645844004e-05
5102592,-0.00035706243943423033,0.9018715182319283,-0.040390569949522614,0.001953125,0.0004774700792040676,1.4951356886840762e-05
5103616,-0.0009073386318050325,0.07585634221322834,-0.026327790270443074,0.00830078125,0.0006612914585275576,1.493428912783752e-05
5104640,-0.0006895619881106541,0.0636718210298568,-0.02265908800472971,0.001953125,0.0010110761068062857,1.4917221368834277e-05
5105664,-0.00030862880521453917,0.4600974675267935,-0.03428648753470043,0.00048828125,9.346737351734191e-05,1.4900153609831025e-05
5106688,-0.00021436938550323248,0.0437708807294257,-0.018976991734234616,0.00048828125,4.3578853365033865e-05,1.4883085850827782e-05
5107712,-0.0005244523345027119,0.043137979053426534,-0.019041873449168634,0.001953125,0.0003035205736523494,1.486601809182454e-05
5108736,-0.000901784427696839,0.04933109774719924,-0.018032399493677076,0.0029296875,0.000430333791882731,1.4848950332821298e-05
5109760,-1.0940450010821223e-05,0.40979790152050555,-0.031697752441687044,0.00048828125,6.429808854591101e-05,1.4831882573818057e-05
5110784,-0.0013346805644687265,0.06868528656195849,-0.024156291510735173,0.009765625,0.000792272636317648,1.4814814814814815e-05
5111808,-0.002027329945121892,0.3753065625205636,-0.03228554831002839,0.0009765625,0.00016024087381083518,1.4797747055811573e-05
5112832,-0.0010182893020100892,0.04403393337270245,-0.0156356244442577,0.00244140625,0.00032384357473347336,1.478067929680833e-05
5113856,-0.0005013643021811731,0.4091990409651771,-0.03100487588380929,0.001953125,0.00012723577674478292,1.4763611537805088e-05
5114880,-0.0011616227420745417,0.5725280777551234,-0.032469562138430774,0.00390625,0.00040219203219749033,1.4746543778801848e-05
5115904,-0.0011785622627940029,0.03583000716753304,-0.017629528549150564,0.0029296875,0.0003450620861258358,1.4729476019798605e-05
5116928,-0.00016157575009856373,0.031107658927794546,-0.02115511638839962,0.00146484375,7.502610969822854e-05,1.4712408260795363e-05
5117952,-0.00020950211910530925,1.0022242330014706,-0.0471912017383147,0.0,2.3948930902406573e-05,1.469534050179212e-05
5118976,-0.00016341650916729122,0.08802620240021497,-0.018885088044044096,0.00244140625,0.00012298898946028203,1.4678272742788868e-05
5120000,-0.0013056335301371291,0.41563576902262866,-0.031529265237622894,0.0009765625,0.00010176798969041556,1.4661204983785626e-05
5121024,-0.0006920248561073095,0.03601037431508303,-0.015784774790517986,0.00146484375,7.987437129486352e-05,1.4644137224782384e-05
5122048,-0.00032824717345647514,0.39193007920403033,-0.02984457519778516,0.00390625,0.00071091485733632,1.4627069465779141e-05
5123072,-0.0012257589332875796,0.08884495298843831,-0.01977245519810822,0.00439453125,0.0004356544523034245,1.4610001706775899e-05
5124096,0.0001988976146094501,0.07776710146572441,-0.024479168150719488,0.00048828125,0.00012217691983096302,1.4592933947772658e-05
5125120,-0.0005092726787552238,0.06563733459915966,-0.021826362166393665,0.00146484375,0.0001624922442715615,1.4575866188769416e-05
5126144,-0.0010768147840281017,0.37455544248223305,-0.028063346428098157,0.00146484375,0.0001304175821132958,1.4558798429766174e-05
5127168,-0.0019840111781377345,0.3939520993735641,-0.02388184347364586,0.00244140625,0.000249914126470685,1.4541730670762932e-05
5128192,-0.0002160938165616244,0.07213458674959838,-0.021255558618577197,0.00048828125,6.274323095567524e-05,1.452466291175969e-05
5129216,-0.0004616014630300924,0.06452215928584337,-0.020322194028267404,0.001953125,0.00016165881243068725,1.4507595152756449e-05
5130240,-0.00010321949957869947,0.41629714192822576,-0.024674166612385307,0.0,2.1552405087277293e-05,1.4490527393753206e-05
5131264,-0.0008466048748232424,0.0730557570932433,-0.02433751939679496,0.00244140625,0.00036200491013005376,1.4473459634749952e-05
5132288,-0.00019650960166472942,0.035185131593607366,-0.017543702280818252,0.00048828125,0.0001594973000464961,1.4456391875746712e-05
5133312,-0.0006752396438969299,0.0367758508073166,-0.020220175565100362,0.0029296875,0.0002313058212166652,1.443932411674347e-05
5134336,-0.0004958030913257971,0.36820535734295845,-0.03407323622377589,0.0009765625,8.270576654467732e-05,1.4422256357740227e-05
5135360,5.477761442307383e-05,0.14227857952937484,-0.020177883525320794,0.00146484375,0.0001935096806846559,1.4405188598736985e-05
5136384,-0.00024246738030342385,0.1161225838586688,-0.024827937413647305,0.0,3.0232477001845837e-05,1.4388120839733743e-05
5137408,-0.0010593075276119635,0.054818772012367845,-0.022074680375226308,0.0068359375,0.0005657947331201285,1.43710530807305e-05
5138432,-0.0005216057761572301,0.12107567163184285,-0.019862571141857188,0.00341796875,0.0003892342501785606,1.435398532172726e-05
5139456,-0.0004039234481751919,0.07782815641257912,-0.017024626165948575,0.00048828125,9.641554788686335e-05,1.4336917562724017e-05
5140480,-0.00045959629642311484,0.08777388301678002,-0.02131351564457873,0.00390625,0.0005842282262165099,1.4319849803720775e-05
5141504,-0.0009359849354950711,0.049290922353975475,-0.020239659010258038,0.00244140625,0.00024490998475812376,1.4302782044717533e-05
5142528,-0.0008156665280694142,0.10543199221137911,-0.025367099791765213,0.001953125,0.0002538803964853287,1.428571428571429e-05
5143552,-0.0005221084284130484,0.03991381637752056,-0.0214378514647251,0.0029296875,0.00021102855680510402,1.4268646526711038e-05
5144576,-0.0004692639922723174,0.06872415903490037,-0.019609445429523475,0.00341796875,0.00035783454950433224,1.4251578767707796e-05
5145600,-0.0005785816174466163,0.07445201714290306,-0.017006162906909594,0.0009765625,0.00014122868014965206,1.4234511008704553e-05
5146624,-0.0006802662974223495,0.04578433354618028,-0.019315385085064918,0.0009765625,9.668010170571506e-05,1.4217443249701313e-05
5147648,-0.0011115202796645463,0.04752357810502872,-0.02307837726402795,0.0029296875,0.00026412049192003906,1.420037549069807e-05
5148672,-0.0006049549556337297,0.05456767085706815,-0.020354450030936277,0.00146484375,7.250216731335968e-05,1.4183307731694828e-05
5149696,-0.0005426163552328944,0.07581683155149221,-0.01828386425768258,0.00244140625,0.0001638105750316754,1.4166239972691586e-05
5150720,-0.0005727380776079372,0.3461556469555944,-0.02907674723701348,0.00146484375,0.00020126430899836123,1.4149172213688344e-05
5151744,-0.0004252048674970865,0.6031453150790185,-0.03901044905069284,0.0009765625,0.00024321312957908958,1.4132104454685101e-05
5152768,-9.06353525351733e-05,0.038548953365534544,-0.02059370100232627,0.00048828125,0.0003675659536384046,1.4115036695681861e-05
5153792,-0.0006328758172458038,0.06443274283083156,-0.019370873407751787,0.001953125,0.0005903367418795824,1.4097968936678619e-05
5154816,-0.00038440287607954815,0.27643192163668573,-0.02801273952354677,0.00048828125,6.42097438685596e-05,1.4080901177675376e-05
5155840,-0.0003809277550317347,0.05153998773312196,-0.02062160475543351,0.0,8.028993033804e-05,1.4063833418672134e-05
5156864,0.00124411191791296,0.6096708290278912,-0.031256255315383896,0.0029296875,0.00025409225781913847,1.4046765659668882e-05
5157888,-0.0006692826573271304,0.05298226425657049,-0.022309529609628953,0.0029296875,0.000387201172998175,1.402969790066564e-05
5158912,-0.0002220414753537625,0.051862213178537786,-0.016103919961096835,0.00048828125,0.00022518678451888263,1.4012630141662397e-05
5159936,-0.0008927468734327704,0.08485136344097555,-0.024145620162016712,0.0029296875,0.0003841797006316483,1.3995562382659155e-05
5160960,-0.0008641707681817934,0.035700930980965495,-0.01794723132843501,0.00244140625,0.00019323696324136108,1.3978494623655914e-05
5161984,-0.0005319616466294974,0.05071291350759566,-0.02054450216019177,0.0009765625,0.0001244501181645319,1.3961426864652672e-05
5163008,-0.0013491868157871068,0.6672485833987594,-0.036715757712954655,0.0048828125,0.0003510922979330644,1.394435910564943e-05
5164032,-0.0003240512451156974,0.3304820363409817,-0.03239926238893531,0.001953125,0.00018558319425210357,1.3927291346646187e-05
5165056,-0.0005124652816448361,0.04555661656195298,-0.01493091056522644,0.00048828125,4.698657721746713e-05,1.3910223587642945e-05
5166080,-0.001593633060110733,0.45756928413175046,-0.028111627500038594,0.00537109375,0.0004191801854176447,1.3893155828639703e-05
5167104,-0.000152756052557379,0.12565823958721012,-0.020122650395933306,0.00146484375,0.00015515729319304228,1.3876088069636462e-05
5168128,-0.000906887580640614,0.05190358654363081,-0.01876104223447328,0.00390625,0.0002780143404379487,1.385902031063322e-05
5169152,-0.00029896554769948125,0.04578857100568712,-0.01726135180615529,0.00048828125,5.1068578613922e-05,1.3841952551629966e-05
5170176,-0.0006101918552303687,0.07427904580254108,-0.02208274352233275,0.0029296875,0.00021286414994392544,1.3824884792626725e-05
5171200,-0.0011525062000146136,0.1273780585033819,-0.023096946737496182,0.00390625,0.0005373015883378685,1.3807817033623483e-05
5172224,-0.0007146234711399302,0.3903956292197108,-0.03162880035233684,0.00048828125,0.00010283669689670205,1.379074927462024e-05
5173248,-0.000954253293457441,0.05325807328335941,-0.025336750491987914,0.0029296875,0.0002427721774438396,1.3773681515616998e-05
5174272,-0.0011100145347882062,0.05037071608239785,-0.016041149195189064,0.00244140625,0.00012540853640530258,1.3756613756613756e-05
5175296,-0.001195522941998206,0.04588943888666108,-0.02337694553716574,0.0048828125,0.00041271177178714424,1.3739545997610515e-05
5176320,-0.00035507687425706536,0.07301617797929794,-0.02199328065762529,0.00146484375,0.00022040864860173315,1.3722478238607273e-05
5177344,-0.00038908616988919675,0.046132767281960696,-0.015610362741199424,0.00244140625,0.00023151929781306535,1.370541047960403e-05
5178368,-0.0005727505631512031,0.0666691098595038,-0.018768340754832025,0.0029296875,0.00017041777027770877,1.3688342720600788e-05
5179392,-0.0011133577500004321,0.4078626314876601,-0.024765593036136124,0.001953125,0.00016597294597886503,1.3671274961597546e-05
5180416,-0.00025607080897316337,0.7070725236553699,-0.04055011019227095,0.0,1.8572420231066644e-05,1.3654207202594304e-05
5181440,-0.001102076144888997,0.28472563170362264,-0.03145096809021197,0.0029296875,0.00041443630470894277,1.3637139443591063e-05
5182464,-0.00024345518613699824,0.04365473811049014,-0.019535903178621083,0.00048828125,3.967867814935744e-05,1.3620071684587809e-05
5183488,-0.0005262122140266001,0.37577311880886555,-0.0329006313404534,0.00048828125,9.28633235162124e-05,1.3603003925584567e-05
5184512,-0.00037561914359685034,0.3259094241075218,-0.03141081641661003,0.0009765625,0.0002615675621200353,1.3585936166581326e-05
5185536,-0.0013087419356452301,0.4219449865631759,-0.03239838985609822,0.00146484375,0.0001531031884951517,1.3568868407578084e-05
5186560,-0.0013132940366631374,0.08252542116679251,-0.027259409902399057,0.00537109375,0.00048250649706460536,1.3551800648574842e-05
5187584,-0.0006969383539399132,0.33942007552832365,-0.0307393378825509,0.00048828125,6.334886711556464e-05,1.35347328895716e-05
5188608,-0.0004088768328074366,0.13618675409816206,-0.025055475984117948,0.0009765625,6.876383849885315e-05,1.3517665130568357e-05
5189632,-0.00016857462469488382,0.03418642625911161,-0.015155872941249982,0.00048828125,2.3352607968263328e-05,1.3500597371565117e-05
5190656,-0.00048527489707339555,0.03841313242446631,-0.02003307972336188,0.00146484375,0.000169853083207272,1.3483529612561874e-05
5191680,-0.0006017971390974708,0.10847535915672779,-0.016323501120496076,0.001953125,0.00013070664135739207,1.3466461853558632e-05
5192704,-0.00043691803875844926,0.053471410647034645,-0.022408621149224928,0.0048828125,0.0002712648711167276,1.344939409455539e-05
5193728,-0.001106689072912559,0.044732405920512974,-0.019211970391552313,0.00390625,0.00026078897644765675,1.3432326335552147e-05
5194752,-0.000197840592591092,0.0649471734650433,-0.018069139915496635,0.0009765625,0.00014567491598427296,1.3415258576548895e-05
5195776,-0.0006226262776181102,0.04666612658184022,-0.01712113765643153,0.00146484375,0.00011125663877464831,1.3398190817545653e-05
5196800,-0.0004448757608770393,0.028217016893904656,-0.02343209116588696,0.00244140625,0.00027836310619022697,1.338112305854241e-05
5197824,-0.0005919982722843997,0.08761717251036316,-0.019486755126763455,0.00146484375,0.0003160528722219169,1.3364055299539168e-05
5198848,-0.0007767915376462042,0.04234626336256042,-0.020101961723412387,0.00146484375,0.00019491960119921714,1.3346987540535927e-05
5199872,5.685142241418362e-06,0.33107418031431735,-0.029624318034620956,0.00048828125,8.023926056921482e-05,1.3329919781532685e-05
5200896,-0.0003384582814760506,0.10906057769898325,-0.023784974066074938,0.00048828125,4.4937332859262824e-05,1.3312852022529443e-05
5201920,-0.0006517889269161969,0.5954035962931812,-0.04285150906071067,0.0,3.509623638819903e-05,1.32957842635262e-05
5202944,-0.0009197339495585766,0.288208547513932,-0.03311013190250378,0.0029296875,0.00043664917757268995,1.3278716504522958e-05
5203968,-0.0005540041165659204,0.5413311950396746,-0.030107443142696866,0.00146484375,9.498177678324282e-05,1.3261648745519718e-05
5204992,-0.0005012396723031998,0.05924865277484059,-0.02002263236499857,0.0009765625,0.0001786385546438396,1.3244580986516475e-05
5206016,-0.000344726795447059,0.3645115453982726,-0.027952293981797993,0.00341796875,0.0002261526242364198,1.3227513227513233e-05
5207040,-0.0003835829847957939,0.058757881401106715,-0.017255643102998874,0.0009765625,0.00010898153414018452,1.321044546850998e-05
5208064,-0.0005141666333656758,0.10430820856709033,-0.022546297856024466,0.00146484375,0.00011560652637854218,1.3193377709506738e-05
5209088,-0.0005951146595180035,0.048735147109255195,-0.018579366838821443,0.001953125,0.0001755885168677196,1.3176309950503496e-05
5210112,-0.0005739988700952381,0.11024546017870307,-0.023946764107677154,0.00439453125,0.0002467773883836344,1.3159242191500254e-05
5211136,-0.0004185749203315936,0.38788838766049594,-0.031182268357952125,0.0009765625,4.8857080400921404e-05,1.3142174432497012e-05
5212160,-0.0008251623657997698,0.04640655289404094,-0.023789930040948093,0.00341796875,0.0002576309925643727,1.312510667349377e-05
5213184,-0.0005099115878692828,0.37146540463436395,-0.02914343551674392,0.00244140625,0.00018349157471675426,1.3108038914490529e-05
5214208,-0.0012186420353827998,0.7722254856489599,-0.04824129765620455,0.0009765625,0.00015213701408356428,1.3090971155487286e-05
5215232,-0.0004354939446784556,0.05260950163938105,-0.02299255706020631,0.00244140625,0.0001821712648961693,1.3073903396484044e-05
5216256,-0.0005741250060964376,0.06724508869228885,-0.01984115786763141,0.0009765625,6.857101107016206e-05,1.3056835637480802e-05
5217280,-0.0004055115859955549,0.3869687339756638,-0.0323259090364445,0.0,4.096854536328465e-05,1.303976787847756e-05
5218304,-0.0003170771524310112,0.39649600407574326,-0.03337751705839764,0.0009765625,0.00014304211072158068,1.3022700119474319e-05
5219328,-0.0009356466616736725,0.07117508875671774,-0.022489287388452794,0.0029296875,0.0001746700145304203,1.3005632360471077e-05
5220352,-0.000416977476561442,0.07482770120259374,-0.024577441246947274,0.00146484375,0.0002108894259436056,1.2988564601467822e-05
5221376,-0.00030518908170051873,0.09117935528047383,-0.023261049689608626,0.00146484375,0.0001291212538490072,1.2971496842464582e-05
5222400,-0.0016679087129887193,0.4115444617345929,-0.03505518939346075,0.0087890625,0.0011112617066828534,1.295442908346134e-05
5223424,-0.0018807847882271744,0.4652339452877641,-0.03244314056064468,0.00146484375,0.00014358162297867239,1.2937361324458097e-05
5224448,-0.0005008328007534146,0.06839173554908484,-0.02479289145048824,0.00390625,0.00028327574545983225,1.2920293565454855e-05
5225472,-0.0007938194030430168,0.04195450834231451,-0.0208357632291154,0.0009765625,0.00010642249253578484,1.2903225806451613e-05
5226496,-0.0015106492210179567,0.041120038426015526,-0.022947778768866556,0.00439453125,0.0005484338325913996,1.288615804744837e-05
5227520,-0.00010852594277821481,0.36443969630636275,-0.02601425717875827,0.0,1.5375408111140132e-05,1.286909028844513e-05
5228544,-0.00018212557188235223,0.29210545076057315,-0.029063554815365933,0.00048828125,4.852288111578673e-05,1.2852022529441888e-05
5229568,-0.00014322760398499668,0.13529004901647568,-0.02149393706349656,0.0009765625,0.00012694040196947753,1.2834954770438645e-05
5230592,-0.00045975188550073653,0.4119903561659157,-0.03165295145299751,0.00048828125,6.507907528430223e-05,1.2817887011435403e-05
5231616,-0.00018034390814136714,0.06597925047390163,-0.01962737263966119,0.0009765625,0.0001183949934784323,1.280081925243216e-05
5232640,-0.0004422839992912486,0.3113978956826031,-0.03160221870348323,0.00146484375,0.00014371672295965254,1.2783751493428908e-05
5233664,-0.0010090989526361227,0.06799986504483968,-0.018818417607690208,0.00244140625,0.00018127620569430292,1.2766683734425666e-05
5234688,-0.00018176228331867605,0.6427789363078773,-0.03863967931829393,0.00048828125,5.908068851567805e-05,1.2749615975422424e-05
5235712,-0.00183255277806893,0.7492965199053288,-0.055512307735625654,0.00390625,0.0005071825871709734,1.2732548216419183e-05
5236736,-0.0005927470992901362,0.08135426230728626,-0.023674886411754414,0.00439453125,0.0002787748380796984,1.271548045741594e-05
5237760,-0.00041554254858056083,0.08308973314706236,-0.023232705862028524,0.00146484375,0.000209344201721251,1.2698412698412699e-05
5238784,-0.0009768676100065932,0.37146973598282784,-0.03123549127485603,0.00244140625,0.00014537066454067826,1.2681344939409456e-05
5239808,-0.0014655170234618708,0.2633399225305766,-0.03183299062948208,0.00390625,0.00033621837792452425,1.2664277180406214e-05
5240832,-0.00016858991875778884,0.04460833000484854,-0.023369103044387884,0.0009765625,9.848266199696809e-05,1.2647209421402972e-05
5241856,-0.0002212375693488866,0.0781626160023734,-0.01810206868685782,0.00146484375,0.00017190039216075093,1.2630141662399731e-05
5242880,-0.0005168345669517294,0.29702564235776663,-0.027936409848280164,0.0,2.514311927370727e-05,1.2613073903396489e-05
5243904,-0.0004696289834100753,0.1305360693950206,-0.01819385219278047,0.0009765625,0.0001187948219012469,1.2596006144393247e-05
5244928,-5.03054034197703e-05,0.3842201526276767,-0.031972635946658556,0.0,2.4556444259360433e-05,1.2578938385389994e-05
5245952,-0.0009248589194612578,0.08982437325175852,-0.021936219259259815,0.00146484375,0.00030039690318517387,1.2561870626386752e-05
5246976,-2.2983702365309e-05,0.10669513593893498,-0.023643644566618605,0.00146484375,9.968063386622816e-05,1.254480286738351e-05
5248000,-0.0007176608487498015,0.5970850014127791,-0.03862872696481645,0.00048828125,7.750089571345598e-05,1.2527735108380267e-05
5249024,-0.0004159019881626591,0.12009597884025425,-0.02049069892927946,0.0009765625,5.3914496675133705e-05,1.2510667349377025e-05
5250048,-0.0007720571738900617,0.25098693976178765,-0.03154314459243324,0.00048828125,7.520784856751561e-05,1.2493599590373783e-05
5251072,-0.0006677322089672089,0.06515852909069508,-0.021315383910405217,0.0009765625,8.608729694969952e-05,1.2476531831370542e-05
5252096,-0.0019451922998996451,0.2647365864831954,-0.03446194215212017,0.0009765625,0.00013868420501239598,1.24594640723673e-05
5253120,-0.00037053033884149045,0.047887785476632416,-0.02094876378396293,0.0009765625,0.00011941148841287941,1.2442396313364057e-05
5254144,-0.0006869161588838324,0.05026635841932148,-0.019568973839341197,0.0009765625,0.000244429858867079,1.2425328554360815e-05
5255168,-0.0006278379296418279,0.10492732096463442,-0.026020076766144484,0.001953125,0.0002912345953518525,1.2408260795357573e-05
5256192,-0.0003271625319030136,0.05359921627677977,-0.01878941790346289,0.0009765625,8.451525354757905e-05,1.2391193036354332e-05
5257216,-0.00023149523622123525,0.05284339695936069,-0.020153954629677173,0.0,4.465223173610866e-05,1.237412527735109e-05
5258240,-0.0006507427315227687,0.04389658063882962,-0.019397622764699918,0.00146484375,0.0001950057048816234,1.2357057518347836e-05
5259264,-0.0003453138779150322,0.0654493352631107,-0.01981292766504339,0.0,2.6079665985889733e-05,1.2339989759344595e-05
5260288,-0.0011178083368577063,0.09515370544977486,-0.020836029842030257,0.005859375,0.0005841049132868648,1.2322922000341353e-05
5261312,-0.0015904240281088278,0.535253532929346,-0.03131598807522096,0.0068359375,0.0006282658141572028,1.230585424133811e-05
5262336,-0.0013896639429731295,0.3433245859341696,-0.030634046779596247,0.00146484375,0.00020521198166534305,1.2288786482334868e-05
5263360,-0.0007769396179355681,0.09200161090120673,-0.02472000125271734,0.00146484375,0.0001278321724385023,1.2271718723331626e-05
5264384,-0.0005532504146685824,0.0922495893901214,-0.014986490990850143,0.0029296875,0.00022326067846734077,1.2254650964328384e-05
5265408,-0.0004390811955090612,0.03888588340487331,-0.016610830200988858,0.00146484375,0.00013331595982890576,1.2237583205325143e-05
5266432,-0.0006417621116270311,0.0614274829858914,-0.016472274430270772,0.0009765625,0.000133123088744469,1.2220515446321901e-05
5267456,-0.0007840672333259135,0.03670635336311534,-0.01871376680355752,0.0029296875,0.00022466755763161927,1.2203447687318659e-05
5268480,-9.22378821996972e-05,0.04686205607140437,-0.02026922968434519,0.0,2.5248678866773844e-05,1.2186379928315416e-05
5269504,-0.0006467804632848129,0.07882141944719478,-0.022564643615623936,0.00341796875,0.0003303255216451362,1.2169312169312174e-05
5270528,-0.0008181885350495577,0.08159970911219716,-0.021515527503652265,0.00341796875,0.00026724115014076233,1.2152244410308922e-05
5271552,-9.877412230707705e-05,0.4114467146573588,-0.023970517717316397,0.00048828125,6.629225390497595e-05,1.213517665130568e-05
5272576,-0.0025880917528411373,0.41210311668692157,-0.025199910363880917,0.00244140625,0.00014682271284982562,1.2118108892302437e-05
5273600,-0.0005438907974166796,0.38026439712848514,-0.02701812091981992,0.001953125,0.0001434773876098916,1.2101041133299196e-05
5274624,-0.00040206784615293145,0.07809865125454962,-0.020201423321850598,0.00146484375,9.797944221645594e-05,1.2083973374295954e-05
5275648,-0.0003269255903433077,1.0105830752290785,-0.040902895882027224,0.00048828125,9.64049540925771e-05,1.2066905615292712e-05
5276672,-0.0003914672997780144,0.055082589329686016,-0.015008739871518628,0.001953125,0.00012644546222873032,1.204983785628947e-05
5277696,-0.00037436149432323873,0.058976083528250456,-0.025788528866542038,0.00341796875,0.00023343870998360217,1.2032770097286227e-05
5278720,-0.0005347653059288859,0.04536865063710138,-0.021661676189978607,0.00146484375,0.0002351250732317567,1.2015702338282985e-05
5279744,-0.0005062739219283685,0.10240339417941868,-0.022785391947763856,0.00244140625,0.00017516338266432285,1.1998634579279744e-05
5280768,-0.0001848483516369015,0.0698674283339642,-0.022196197372977622,0.00146484375,0.00013884715735912323,1.1981566820276502e-05
5281792,-0.0006732940091751516,0.058057776652276516,-0.019274400423455518,0.00390625,0.0002970229252241552,1.196449906127326e-05
5282816,-0.00040423245809506625,0.10149669379461557,-0.023298043728573248,0.00048828125,7.604474376421422e-05,1.1947431302270018e-05
5283840,-0.0007617659430252388,0.08241653011646122,-0.023958228362971568,0.001953125,0.00016815491835586727,1.1930363543266765e-05
5284864,-6.987786036916077e-05,0.0461164356674999,-0.018777415141812526,0.0,3.9976395783014596e-05,1.1913295784263523e-05
5285888,-0.00022464938228949904,0.08818431023973972,-0.02419340657070279,0.00244140625,0.00021325134730432183,1.189622802526028e-05
5286912,-0.0008235727436840534,0.3791392856510356,-0.02501384359493386,0.00048828125,5.555478855967522e-05,1.1879160266257038e-05
5287936,-9.908954962156713e-05,0.8353833253495395,-0.040180661249905825,0.0,2.879253588616848e-05,1.1862092507253798e-05
5288960,-0.00011086212543887086,0.08858326578047127,-0.01824844111024504,0.0,1.5931829693727195e-05,1.1845024748250555e-05
5289984,-0.0006141944468254223,0.057677024975419044,-0.01829794362129178,0.00146484375,0.00010853752610273659,1.1827956989247313e-05
5291008,-0.00030437887471634895,0.40751749102491885,-0.030423109245020896,0.00048828125,5.6308708735741675e-05,1.181088923024407e-05
5292032,-0.00032853076118044555,0.04851018317276612,-0.020662545066443272,0.00048828125,4.3313135392963886e-05,1.1793821471240829e-05
5293056,-0.00020551576744765043,0.06979394576046616,-0.019413593501667492,0.00146484375,0.0001393186248606071,1.1776753712237586e-05
5294080,-0.0004005228402093053,0.0771410739980638,-0.02144552221579943,0.001953125,9.828133624978364e-05,1.1759685953234346e-05
5295104,-0.0003298274750704877,0.03848344460129738,-0.01925538778414193,0.00048828125,5.3996307542547584e-05,1.1742618194231103e-05
5296128,-0.0031959104526322335,0.5116319090593606,-0.033703619163134135,0.00927734375,0.0005475345387822017,1.172555043522785e-05
5297152,-0.0004138111253269017,0.12933899299241602,-0.023784444951161277,0.00146484375,0.00011676031863316894,1.1708482676224609e-05
5298176,-5.4848918807692826e-05,0.11775129707530141,-0.02099322331196163,0.00146484375,0.00013236550148576498,1.1691414917221366e-05
5299200,-0.0005866690771654248,0.061636697384528816,-0.018509877918404527,0.00048828125,7.646634185221046e-05,1.1674347158218124e-05
5300224,-0.0016118242856464349,0.30265230615623295,-0.031896391505142674,0.00244140625,0.00022895674919709563,1.1657279399214882e-05
5301248,-0.0005914160865359008,0.05393685935996473,-0.020399725199240493,0.00048828125,6.513608968816698e-05,1.164021164021164e-05
5302272,-0.00017567507165949792,0.07183380809146911,-0.01939601382764522,0.0029296875,0.00028566515538841486,1.1623143881208399e-05
5303296,-0.0006857224070699885,0.06262145010987297,-0.024668042184202932,0.00244140625,0.0002473228960298002,1.1606076122205157e-05
5304320,-8.352252189069986e-05,0.08296242635697126,-0.02133953347674833,0.00048828125,4.503029049374163e-05,1.1589008363201914e-05
5305344,-0.0011540940322447568,0.40800174698233604,-0.029325187977519818,0.00048828125,7.347181963268667e-05,1.1571940604198672e-05
5306368,-0.0010520525538595393,0.4674081242410466,-0.029604266601381823,0.0029296875,0.0003923166077584028,1.155487284519543e-05
5307392,-0.0011047196894651279,0.055811455473303795,-0.02151756024977658,0.00341796875,0.0003858332638628781,1.1537805086192187e-05
5308416,-0.0011192030942765996,0.12647373648360372,-0.01919332022225717,0.00244140625,0.0002717000315897167,1.1520737327188935e-05
5309440,-0.00015333217015722767,0.06567072623874992,-0.018635172906215303,0.0009765625,5.716635496355593e-05,1.1503669568185693e-05
5310464,-0.0013827730144839734,0.35503975150641054,-0.02010547144982411,0.0029296875,0.0001902740477817133,1.148660180918245e-05
5311488,-0.0009635360038373619,0.8045204803347588,-0.053029005095595494,0.001953125,0.0001964326511370018,1.146953405017921e-05
5312512,-0.0003071035607717931,0.08429768146015704,-0.022203872809768654,0.00244140625,0.00015981867909431458,1.1452466291175968e-05
5313536,-0.0004038719416712411,0.07060456945328042,-0.01946022123684088,0.00048828125,0.00010785444465000182,1.1435398532172725e-05
5314560,-0.0003045125340577215,0.0402186083374545,-0.01766211332869716,0.0009765625,9.60154429776594e-05,1.1418330773169483e-05
5315584,-0.0004207804304314777,0.04639170703012496,-0.023007504300039727,0.00146484375,0.00011841933883260936,1.140126301416624e-05
5316608,-0.003573279085685499,0.06805837189313024,-0.020701591049146373,0.0048828125,0.001210151458508335,1.1384195255163e-05
5317632,0.0025988281558966264,0.7265283067245036,-0.04858002968830988,0.005859375,0.0004887369432253763,1.1367127496159758e-05
5318656,-0.001464960558223538,0.5456087763886899,-0.04612296720733866,0.00146484375,0.00011858493962790817,1.1350059737156516e-05
5319680,-0.0004217333989799954,0.09956247662194073,-0.021565512455708813,0.0009765625,7.149131852202117e-05,1.1332991978153273e-05
5320704,-0.0006748306914232671,0.32967906538397074,-0.028272761082916986,0.00048828125,0.0001318340073339641,1.1315924219150031e-05
5321728,-0.0009357054659631103,0.3977032346301712,-0.02910417593193415,0.00341796875,0.00026357333990745246,1.1298856460146778e-05
5322752,-0.00046646856935694814,0.11139740818180144,-0.020618139082216658,0.00341796875,0.0003034302353626117,1.1281788701143536e-05
5323776,-0.001102960559364874,0.4118467078078538,-0.038733615994715365,0.0009765625,0.0001469702401664108,1.1264720942140294e-05
5324800,-0.00040473989793099463,0.05105836992152035,-0.019174129600287415,0.0009765625,7.861152698751539e-05,1.1247653183137052e-05
5325824,-0.0007263852894539014,0.2738152554957196,-0.026338894269429147,0.0,3.1358140404336154e-05,1.1230585424133811e-05
5326848,-0.00044396467274054885,0.1092919441871345,-0.023692105743975844,0.00048828125,7.003240170888603e-05,1.1213517665130569e-05
5327872,-0.00019973484450019896,0.04556046630023047,-0.015655176124710124,0.00048828125,5.080830305814743e-05,1.1196449906127326e-05
5328896,-0.0004947722336510196,0.059922792948782444,-0.02009161555179162,0.0009765625,0.00011768718832172453,1.1179382147124084e-05
5329920,-0.001215297234011814,0.06986179039813578,-0.027497810959630442,0.00390625,0.00021791750623378903,1.1162314388120842e-05
5330944,-0.000747949190554209,0.3584168778033927,-0.02825987556570908,0.0,2.670491812750697e-05,1.1145246629117601e-05
5331968,-0.0006803261931054294,0.054488936555571854,-0.02222234474538709,0.0048828125,0.0002943686558865011,1.1128178870114359e-05
5332992,-0.0006116899021435529,0.040190206782426685,-0.022233169169339817,0.00146484375,0.00021938621648587286,1.1111111111111117e-05
5334016,-0.0005148407653905451,0.1417478120420128,-0.021084848063765094,0.001953125,0.00030809205782134086,1.1094043352107864e-05
5335040,-0.0003330279141664505,0.38187953049782664,-0.0331877252610866,0.00146484375,0.00014401106454897672,1.1076975593104622e-05
5336064,-0.0004652298812288791,0.031115140416659415,-0.017217422247995273,0.0009765625,8.661467290949076e-05,1.105990783410138e-05
5337088,-0.0006362642452586442,0.10180420591495931,-0.02197001008062216,0.00146484375,0.00011236000864300877,1.1042840075098137e-05
5338112,-0.0004060251812916249,0.07005937257781625,-0.019928120112126635,0.0009765625,0.00012756108480971307,1.1025772316094895e-05
5339136,-0.0005900450050830841,0.3499971453566104,-0.033629093872150406,0.00146484375,0.0001923853124026209,1.1008704557091653e-05
5340160,-0.00044537319627124816,0.0519604641594924,-0.0189883247949183,0.001953125,0.0001245641178684309,1.0991636798088412e-05
5341184,-0.0006561989721376449,0.03361851314548403,-0.022230879336348153,0.00244140625,0.00026658478600438684,1.097456903908517e-05
5342208,-6.841091089881957e-05,1.0281590977683663,-0.05122871871571988,0.0,3.4543758374638855e-05,1.0957501280081928e-05
5343232,-0.0006516872381325811,0.037680614506825805,-0.020279381787986495,0.001953125,0.00028932384157087654,1.0940433521078685e-05
5344256,-0.0018693342135520652,0.3759447898482904,-0.03969641661387868,0.00244140625,0.0002222366165369749,1.0923365762075443e-05
5345280,-0.00026424278621561825,0.16549864690750837,-0.025647682152339257,0.0009765625,7.567722059320658e-05,1.0906298003072203e-05
5346304,-0.0005430276360129938,0.06999257986899465,-0.0213221018348122,0.00390625,0.0003618847986217588,1.088923024406896e-05
5347328,-0.00036475657543633133,0.08082952548284084,-0.017924522813700605,0.0,2.7571411919780076e-05,1.0872162485065706e-05
5348352,-0.000994538320810534,0.44850036897696555,-0.03948607508209534,0.00048828125,0.00012133063864894211,1.0855094726062465e-05
5349376,-0.0009593039430910721,0.46631179144605994,-0.02748572161362972,0.0009765625,0.00011559877020772547,1.0838026967059223e-05
5350400,-0.0005587846098933369,0.2886212926823646,-0.031200529479974648,0.0009765625,9.691041486803442e-05,1.0820959208055981e-05
5351424,-0.0007075302710290998,0.08994988142512739,-0.021895523212151602,0.00244140625,0.0002954866795334965,1.0803891449052739e-05
5352448,-0.0004634080978576094,0.08413107658270746,-0.01933793182070076,0.0009765625,0.0001305214682361111,1.0786823690049496e-05
5353472,-0.0006049627045285888,0.3063842998817563,-0.027923388217459433,0.00048828125,0.0002511169295758009,1.0769755931046254e-05
5354496,-0.00021482694137375802,0.0487071928801015,-0.0177872146214213,0.00146484375,0.00010070031567011029,1.0752688172043013e-05
5355520,-0.0007580158999189734,0.06462307553738356,-0.017999117844738066,0.001953125,0.00023603247245773673,1.0735620413039771e-05
5356544,-0.000284498673863709,0.05931098619475961,-0.018732932840066496,0.00048828125,4.19891148339957e-05,1.0718552654036529e-05
5357568,-0.00039513703086413443,0.3161721043288708,-0.029295900239958428,0.0,4.8192974645644426e-05,1.0701484895033287e-05
5358592,-0.00018289126455783844,0.05015909066423774,-0.019160463999469357,0.00048828125,4.675981472246349e-05,1.0684417136030044e-05
5359616,-0.0009541322360746562,0.40511421603150666,-0.03283803183876444,0.00048828125,5.355561734177172e-05,1.0667349377026792e-05
5360640,-0.0002193577674916014,0.048257931135594845,-0.015046518777126039,0.00048828125,6.790130282752216e-05,1.065028161802355e-05
5361664,-0.00034522812347859144,0.13834196818061173,-0.021438420022604987,0.00244140625,0.00014790530258323997,1.0633213859020307e-05
5362688,-0.00044870784040540457,0.08436656009871513,-0.024322103054146282,0.001953125,0.00016796161071397364,1.0616146100017067e-05
5363712,2.778896305244416e-05,0.08843097923090681,-0.02208190507008112,0.0,3.673684841487557e-05,1.0599078341013824e-05
5364736,-0.00046844224561937153,0.04252858937252313,-0.018722427907050587,0.00146484375,0.00016561908705625683,1.0582010582010582e-05
5365760,-0.0005561623693211004,0.05052628112025559,-0.01550595764820173,0.001953125,0.00025073581491596997,1.056494282300734e-05
5366784,0.00039758143248036504,0.07094038731884211,-0.02387107266622479,0.0029296875,0.00027452044014353305,1.0547875064004098e-05
5367808,-0.0004834278515772894,0.45109063608106226,-0.03128222270606784,0.0,2.880491956602782e-05,1.0530807305000855e-05
5368832,-0.0003717924701049924,0.05977196991443634,-0.0174791569916124,0.001953125,0.00013849334209226072,1.0513739545997615e-05
5369856,-0.0001931328370119445,0.0648001286899671,-0.0190304797670251,0.00146484375,5.634727131109685e-05,1.0496671786994372e-05
5370880,-0.0004865768423769623,0.042321367480326444,-0.020048126143592526,0.0009765625,0.0001161039836006239,1.047960402799113e-05
5371904,-0.0002083162107737735,0.04674431378953159,-0.01836101750814123,0.00048828125,4.76147688459605e-05,1.0462536268987878e-05
5372928,-4.9430644139647484e-05,0.06155455356929451,-0.01578674440679606,0.00146484375,0.00011883115803357214,1.0445468509984635e-05
5373952,-0.0003871327862725593,0.05706600961275399,-0.01767240569279238,0.001953125,0.00020948574820067734,1.0428400750981393e-05
5374976,-0.0018399525433778763,0.42058590904343873,-0.03610773165564751,0.001953125,0.0001594245113665238,1.041133299197815e-05
5376000,-0.0008174823960871436,0.314971741521731,-0.030721172166522592,0.0009765625,8.412275929003954e-05,1.0394265232974908e-05
5377024,0.00015252316370606422,0.04419545567361638,-0.015660054958061664,0.00146484375,0.00014311370614450425,1.0377197473971668e-05
5378048,-0.0006095082935644314,0.04551514866761863,-0.019752361295104492,0.00390625,0.00029285931668709964,1.0360129714968426e-05
5379072,-1.8301696400158107e-05,0.08825924340635538,-0.018599687737150816,0.0,1.8026548787020147e-05,1.0343061955965183e-05
5380096,-9.70491673797369e-05,0.16802310873754323,-0.023590836732182652,0.00048828125,4.081676888745278e-05,1.0325994196961941e-05
5381120,-0.0007483351364498958,0.07057191955391318,-0.025675290306026,0.00244140625,0.0002557063999120146,1.0308926437958699e-05
5382144,-0.0007371881547442172,0.06373215315397829,-0.01854665878636297,0.00146484375,8.291167614515871e-05,1.0291858678955456e-05
5383168,-0.0003142840214422904,0.04584276460809633,-0.021142517194675747,0.001953125,0.0001166671427199617,1.0274790919952216e-05
5384192,-0.0003170779236825183,0.038837599800899625,-0.022002565739967395,0.0029296875,0.00021204266522545367,1.0257723160948974e-05
5385216,-0.00035438705526757985,0.08291236194781959,-0.01729973723195144,0.0009765625,3.53343493770808e-05,1.024065540194572e-05
5386240,-0.0011141097493236884,0.06362645805347711,-0.020963522867532447,0.0029296875,0.00031665970163885504,1.0223587642942479e-05
5387264,-0.000806945376098156,1.0687627336010337,-0.05598560569342226,0.00146484375,0.00012055528350174427,1.0206519883939237e-05
5388288,-0.00023002803209237754,0.044186164042912424,-0.017605000317416852,0.0,4.1048231651075184e-05,1.0189452124935994e-05
5389312,-0.00025567175180185586,0.042467624123673886,-0.01973972709311056,0.00048828125,5.182791210245341e-05,1.0172384365932752e-05
5390336,-0.00046256804489530623,0.055320903833489865,-0.01841463202435989,0.00146484375,0.0001334936823695898,1.015531660692951e-05
5391360,-0.0006775918300263584,0.45583286765031517,-0.0376207909284858,0.0009765625,9.785778820514679e-05,1.0138248847926269e-05
5392384,-0.0006031587836332619,0.1075783617561683,-0.02559957409175695,0.001953125,0.00026970673934556544,1.0121181088923027e-05
5393408,-0.000593941193073988,0.45198005228303373,-0.02996068200445734,0.00048828125,0.00010605888382997364,1.0104113329919785e-05
5394432,-0.0006553437124239281,0.403721293900162,-0.028201042114233132,0.00048828125,4.012112913187593e-05,1.0087045570916542e-05
5395456,-0.0005836825876031071,0.057266240066383034,-0.017499175970442593,0.00146484375,0.0002222517941845581,1.00699778119133e-05
5396480,-0.0008753893635002896,0.10733162076212466,-0.02077201152314956,0.00146484375,0.0001365507923765108,1.0052910052910058e-05
5397504,-0.0011505909933475778,0.08044533198699355,-0.022693144350341754,0.001953125,0.00025834163534455,1.0035842293906805e-05
5398528,-0.0004963250394212082,0.09150253096595407,-0.022782144401389814,0.0009765625,6.209009734448045e-05,1.0018774534903563e-05
5399552,-0.00023179774871096015,0.0378426329116337,-0.018024593093286967,0.0009765625,6.132421549409628e-05,1.000170677590032e-05
5400576,-0.0013628234737552702,0.07419158786069602,-0.022657273682852974,0.0029296875,0.00020160197163932025,9.98463901689708e-06
5401600,-0.0005291160923661664,0.3571658805012703,-0.032063488877611235,0.00146484375,9.438687993679196e-05,9.967571257893838e-06
5402624,-0.0002635089913383126,0.048200177727267146,-0.01875611270952504,0.001953125,0.00010401042527519166,9.950503498890595e-06
5403648,-0.0005313580622896552,0.40276891365647316,-0.03185768247931264,0.0,2.995604882016778e-05,9.933435739887353e-06
5404672,-0.00027506194601301104,0.0876855255337432,-0.024784612884559465,0.00048828125,5.576765397563577e-05,9.916367980884111e-06
5405696,-0.00033130793599411845,0.0579688228899613,-0.017878272126836237,0.00048828125,5.2834657253697515e-05,9.89930022188087e-06
5406720,-0.00010281385038979352,0.039729494135826826,-0.019723951831110753,0.0009765625,8.907589653972536e-05,9.882232462877628e-06
5407744,-0.00011543009168235585,0.05373607622459531,-0.020628118848890153,0.00146484375,0.00014119363913778216,9.865164703874386e-06
5408768,-5.8027333579957485e-05,0.05304467468522489,-0.015967284822181682,0.00048828125,2.8151189326308668e-05,9.848096944871143e-06
5409792,-0.00021445882157422602,0.06462830712553114,-0.01892101956764236,0.00048828125,4.220608389005065e-05,9.831029185867901e-06
5410816,-0.0004779223818331957,0.046156501630321145,-0.018166204587032553,0.00146484375,7.492526492569596e-05,9.813961426864649e-06
5411840,-0.0007888237596489489,0.0818506769137457,-0.020166453570709564,0.00146484375,0.00012803658319171518,9.796893667861406e-06
5412864,-9.072422108147293e-05,0.057256086729466915,-0.018171338157117134,0.0,2.077937824651599e-05,9.779825908858164e-06
5413888,-0.000993335124803707,0.039806364686228335,-0.021434741145640146,0.0029296875,0.00040944942156784236,9.762758149854922e-06
5414912,-7.182864646892995e-05,0.04188198136398569,-0.02353634538667393,0.0,7.457754691131413e-06,9.745690390851681e-06
5415936,-0.000763360905693844,0.02635502867633477,-0.019683915437781252,0.001953125,0.0002508573088562116,9.728622631848439e-06
5416960,-0.00023176542890723795,0.05475621926598251,-0.021205046388786286,0.00146484375,0.00014841376105323434,9.711554872845197e-06
5417984,-0.0011630262160906568,0.11172147118486464,-0.02061997194596188,0.00341796875,0.0002314591547474265,9.694487113841954e-06
5419008,-0.00030010526825208217,0.4364363643107936,-0.02677262712677475,0.0,2.786515688057989e-05,9.677419354838712e-06
5420032,-0.00025071437266888097,0.05297006294131279,-0.02068341757330927,0.00146484375,8.40849825181067e-05,9.660351595835472e-06
5421056,-0.00041139338281936944,0.09148998197633773,-0.016921322823691298,0.00146484375,8.658009755890816e-05,9.64328383683223e-06
5422080,-0.0006097252771724015,0.06462750595528632,-0.014888077101204544,0.0029296875,0.000189265760127455,9.626216077828987e-06
5423104,-0.0007192278280854225,0.43703233846463263,-0.03338287945371121,0.00048828125,4.8357833293266594e-05,9.609148318825733e-06
5424128,-6.606765964534134e-05,0.0609674071893096,-0.020146589023170236,0.0,3.553180431481451e-05,9.592080559822492e-06
5425152,-0.00026860770594794303,0.05789975414518267,-0.021262876558466814,0.00146484375,8.303479989990592e-05,9.57501280081925e-06
5426176,-0.0005271485424600542,0.03974316280800849,-0.016411861495726043,0.0009765625,7.777844439260662e-05,9.557945041816008e-06
5427200,-0.0005955033993814141,0.0644448785460554,-0.022062249139708,0.0009765625,8.421453821938485e-05,9.540877282812765e-06
5428224,-0.0009068964573089033,0.045011872542090714,-0.01810463105357485,0.00146484375,0.00023985287407413125,9.523809523809523e-06
5429248,-0.0005780049541499466,0.05157371290260926,-0.020722464993014,0.00146484375,0.00011681941396091133,9.506741764806282e-06
5430272,-0.0010803861077874899,0.41555464733392,-0.03250056045362726,0.00390625,0.0004021328059025109,9.48967400580304e-06
5431296,-0.00034491792030166835,0.6355503150261939,-0.035573295812355354,0.0,2.0448293071240187e-05,9.472606246799798e-06
5432320,-3.0491079087369144e-05,0.0559007627889514,-0.017721297870593844,0.0009765625,8.670889656059444e-05,9.455538487796556e-06
5433344,-0.0003978976601501927,0.08539717295207083,-0.01872329747857293,0.00048828125,3.734916390385479e-05,9.438470728793313e-06
5434368,-0.00042394686897750944,0.07271336583653465,-0.014948394807561272,0.00048828125,6.057255086489022e-05,9.421402969790071e-06
5435392,-0.0008315148734254763,0.29558663023635745,-0.028740137844579294,0.00048828125,0.00012204807717353106,9.404335210786819e-06
5436416,-0.00020632285668398254,0.465954891173169,-0.032752575556514785,0.00048828125,5.427405994851142e-05,9.387267451783576e-06
5437440,-0.0007248448964674026,0.05323784041684121,-0.021336472767870873,0.00146484375,0.00010493304580450058,9.370199692780334e-06
5438464,-0.00020633722306229174,0.04612916201585904,-0.023260240424860967,0.00048828125,3.9382066461257637e-05,9.353131933777093e-06
5439488,-0.0006092934345360845,0.03954017226351425,-0.018103343250459147,0.0009765625,7.264739542733878e-05,9.336064174773851e-06
5440512,-0.001480728344176896,0.3234167802147567,-0.03510531425126828,0.0009765625,0.00012728667934425175,9.318996415770609e-06
5441536,-0.0004719944845419377,0.05600046506151557,-0.018251487221277785,0.00048828125,4.832692502532154e-05,9.301928656767367e-06
5442560,-8.815022010821849e-05,0.7252381751313806,-0.043411759892478585,0.0,1.9387443899177015e-05,9.284860897764124e-06
5443584,-7.657627429580316e-05,0.04226158472010866,-0.019242224530898966,0.0,1.4882942195981741e-05,9.267793138760884e-06
5444608,-1.6457823221571743e-05,0.04285007040016353,-0.017098830654504127,0.0,1.2574688298627734e-05,9.250725379757641e-06
5445632,-0.001290424304897897,0.03806955472100526,-0.018562232653493993,0.0029296875,0.000344829008099623,9.233657620754399e-06
5446656,-0.0008042875124374405,0.12092861847486347,-0.02105373505037278,0.001953125,9.927555220201612e-05,9.216589861751157e-06
5447680,-0.0003482057509245351,0.03647220169659704,-0.016146744126672274,0.00048828125,5.8281802921555936e-05,9.199522102747915e-06
5448704,-0.00026541153783909976,0.02901208703406155,-0.014766150453624505,0.00048828125,5.069673352409154e-05,9.182454343744662e-06
5449728,-0.00017014306649798527,0.09613422269467264,-0.022887284896569327,0.001953125,0.000120564378448762,9.16538658474142e-06
5450752,-9.514400153420866e-05,0.04410121397813782,-0.017289370429352857,0.00048828125,2.430519089102745e-05,9.148318825738177e-06
5451776,-0.0014040246023796499,0.4509005791042,-0.035391163488384336,0.00244140625,0.00017220502195414156,9.131251066734935e-06
5452800,-0.00045657309237867594,0.05161493131890893,-0.02249017424765043,0.0009765625,6.042700260877609e-05,9.114183307731695e-06
5453824,-0.00047397188609465957,0.43939736613538116,-0.030865876440657303,0.0009765625,0.00011646428902167827,9.097115548728452e-06
5454848,-0.0005970055863144808,0.37987799278926104,-0.028318346114247106,0.0,5.1062641432508826e-05,9.08004778972521e-06
5455872,-0.000439394818386063,0.033926711475942284,-0.018857078754081158,0.001953125,0.0001133712794398889,9.062980030721968e-06
5456896,-0.000865038251504302,0.06610833469312638,-0.018604760725793312,0.00146484375,0.0002215283748228103,9.045912271718725e-06
5457920,-0.0005288314714562148,0.42814416997134686,-0.0379993848328013,0.0,4.025196540169418e-05,9.028844512715485e-06
5458944,-0.0001997613289859146,0.31131874304264784,-0.031396284146467224,0.0,2.127316838596016e-05,9.011776753712243e-06
5459968,-0.0004025934322271496,0.060057331749703735,-0.01558919828676153,0.0009765625,7.149360317271203e-05,8.994708994709e-06
5460992,-0.0007532235031249002,0.04193975654197857,-0.018992918952790205,0.00341796875,0.00020398254855535924,8.977641235705748e-06
5462016,-0.0005105380005261395,0.111135896993801,-0.020781998515303712,0.0009765625,8.613246609456837e-05,8.960573476702506e-06
5463040,-0.0018976874998770654,0.49832085566595197,-0.03855975129408762,0.001953125,0.00020611910440493375,8.943505717699263e-06
5464064,-0.00021209678379818797,0.059420989942736924,-0.020003434712862145,0.001953125,0.00013888883404433727,8.926437958696021e-06
5465088,-0.0003020275034941733,0.03280718653695658,-0.019750238541746512,0.00048828125,0.0002120415010722354,8.909370199692779e-06
5466112,-0.00017299568571615964,0.03293702378869057,-0.01775406600199858,0.00048828125,6.226359982974827e-05,8.892302440689536e-06
5467136,-0.0004790471793967299,0.04715821810532361,-0.019198859303287463,0.00146484375,8.35502432892099e-05,8.875234681686296e-06
5468160,-0.0008045905560720712,0.06319722079206258,-0.017891623654577415,0.00244140625,0.00013922035577706993,8.858166922683054e-06
5469184,-3.942803596146405e-05,0.043737104744650424,-0.01751133786092396,0.0,4.503308446146548e-06,8.841099163679811e-06
5470208,-0.000447497091954574,0.06006214441731572,-0.02701644055196084,0.001953125,0.00017536140512675047,8.824031404676569e-06
5471232,-0.0009409698395757005,0.4927162460517138,-0.029376138307270594,0.00048828125,8.218613220378757e-05,8.806963645673327e-06
5472256,-1.0605013812892139e-05,0.7201188122853637,-0.03446875550434925,0.0,1.814546703826636e-05,8.789895886670086e-06
5473280,-0.0005088778270874172,0.03865506174042821,-0.019039687540043815,0.0009765625,8.61304288264364e-05,8.772828127666832e-06
5474304,-0.00042947634938172996,0.4179014847613871,-0.033442407089751214,0.001953125,0.0001597616501385346,8.75576036866359e-06
5475328,-0.00028255453798919916,0.07516894885338843,-0.020275071874493733,0.0,3.0022463761270046e-05,8.738692609660349e-06
5476352,-0.0026853885647142306,0.7444111914373934,-0.04425624443683773,0.00439453125,0.0003288227308075875,8.721624850657107e-06
5477376,-0.0005230658571235836,0.052709783834870905,-0.0219307208826649,0.00146484375,0.00016774087271187454,8.704557091653864e-06
5478400,-0.0010261816623824416,0.6813221699558198,-0.0399854734132532,0.00048828125,7.577630458399653e-05,8.687489332650622e-06
5479424,-0.0006672842428088188,0.05670858721714467,-0.02029235595909995,0.00048828125,3.290775930508971e-05,8.67042157364738e-06
5480448,-0.00038693452370353043,0.03579591104062274,-0.018983305599249434,0.0009765625,6.704209954477847e-05,8.653353814644138e-06
5481472,-0.001123187321354635,0.1116367572103627,-0.018416263631479524,0.00146484375,0.00011767266551032662,8.636286055640897e-06
5482496,-0.00025792449014261365,0.08606673870235682,-0.022859224021431146,0.0009765625,0.00010144565021619201,8.619218296637655e-06
5483520,-0.0004366785433376208,0.0970964643638581,-0.021475453904713504,0.0009765625,0.00020979376859031618,8.602150537634412e-06
5484544,-0.0006313411286100745,0.07055701268836856,-0.02149211482537794,0.00146484375,0.0001071654842235148,8.58508277863117e-06
5485568,-0.0003652776576927863,0.0572111849905923,-0.01744746577423939,0.0009765625,0.00011448423902038485,8.568015019627928e-06
5486592,-6.323745765257627e-05,0.04758959624450654,-0.0194347073957033,0.0,1.4354634913615882e-05,8.550947260624675e-06
5487616,-0.0011252348995185457,0.4009194050449878,-0.03120241636497667,0.001953125,0.00011973001528531313,8.533879501621433e-06
5488640,-0.0004291641089366749,0.1434724284335971,-0.021236453565506963,0.00146484375,0.00012078182771801949,8.516811742618191e-06
5489664,-0.0012043714959872887,0.05039074242813513,-0.021431448531984643,0.00390625,0.0005540856363950297,8.49974398361495e-06
5490688,-0.0005480048421304673,0.06426563917193562,-0.025295043917139992,0.001953125,0.0001519985671620816,8.482676224611708e-06
5491712,-0.0005259627796476707,0.03586389677366242,-0.021341268014566595,0.00146484375,0.00016147378482855856,8.465608465608466e-06
5492736,-0.00026204923051409423,0.4224412471521646,-0.026928532257443294,0.00048828125,3.886588092427701e-05,8.448540706605223e-06
5493760,-0.00043958707829006016,1.0208249455317855,-0.04669272503815591,0.0,1.2029646313749254e-05,8.431472947601981e-06
5494784,-0.0008393291791435331,0.7220575464889407,-0.04560705251060426,0.0,3.083307819906622e-05,8.414405188598739e-06
5495808,-0.0003126245428575203,0.06498966424260288,-0.01808091006387258,0.00048828125,4.87062061438337e-05,8.397337429595498e-06
5496832,-0.0001213264768011868,0.05209336942061782,-0.01713101913446735,0.0,1.4749079127795994e-05,8.380269670592256e-06
5497856,1.0565156117081642e-05,0.08853103639557958,-0.021128718497493537,0.00048828125,4.514782631304115e-05,8.363201911589014e-06
5498880,-0.00015840507694520056,0.6587319755926728,-0.0348405358963646,0.00048828125,3.0945840990170836e-05,8.346134152585761e-06
5499904,-3.251260204706341e-05,0.04047238756902516,-0.017436851107049733,0.0,7.354698027484119e-06,8.329066393582519e-06
5500928,-0.0006010960496496409,0.4096368739847094,-0.027943223249167204,0.00048828125,3.533146809786558e-05,8.311998634579277e-06
5501952,-0.00026797273312695324,0.650678840931505,-0.04129720635683043,0.0009765625,5.6116856285370886e-05,8.294930875576034e-06
5502976,-0.00030974834226071835,0.05718358315061778,-0.02265929885834339,0.0009765625,8.375353354495019e-05,8.277863116572792e-06
5504000,-0.0003728796073119156,0.0538085195585154,-0.016286925502527083,0.00048828125,4.07402403652668e-05,8.260795357569551e-06
5505024,-0.0004156218492425978,0.05127384758088738,-0.02219263423467055,0.0009765625,6.714263872709125e-05,8.24372759856631e-06
5506048,-0.0009864619496511295,0.041067279933486134,-0.0201104211355414,0.00341796875,0.00021236756583675742,8.226659839563067e-06
5507072,0.0005142566078575328,0.059938941907603294,-0.021626119181746617,0.00244140625,0.00016978230269160122,8.209592080559825e-06
5508096,-0.00046836592082399875,0.05687584856059402,-0.02204941789750592,0.00048828125,0.0001535506162326783,8.192524321556582e-06
5509120,-0.0001697496700217016,0.33934589684940875,-0.02597825687553268,0.0,8.191782399080694e-06,8.17545656255334e-06
5510144,-0.0011007802677340806,0.1078239509370178,-0.02373598047415726,0.0029296875,0.00017557197134010494,8.1583888035501e-06
5511168,-0.001058692141668871,0.4563884590752423,-0.03224417693854775,0.00048828125,9.70349065028131e-05,8.141321044546857e-06
5512192,-0.0005872894544154406,0.043705316667910665,-0.01749836102135305,0.0009765625,9.046036575455219e-05,8.124253285543603e-06
5513216,-0.0008435837153228931,0.3036224103998393,-0.035109741205815226,0.0,2.8331400244496763e-05,8.107185526540362e-06
5514240,-0.0005400143418228254,0.0783332105493173,-0.018750813567748992,0.00048828125,6.267662683967501e-05,8.09011776753712e-06
5515264,-0.0007390176469925791,0.07453601132147014,-0.019621964631369337,0.001953125,0.00015608333342242986,8.073050008533878e-06
5516288,-0.0002828773867804557,0.1056747087277472,-0.022024549820343964,0.0,2.1237749024294317e-05,8.055982249530636e-06
5517312,-0.00015423382865265012,0.06971725565381348,-0.01964699924155866,0.0,1.6141289961524308e-05,8.038914490527393e-06
5518336,-0.002447576538543217,0.5523545783944428,-0.03614813671447337,0.001953125,0.00012435669486876577,8.021846731524153e-06
5519360,-0.00016362727183150128,0.0409415639587678,-0.023233140738739166,0.0,1.723261084407568e-05,8.00477897252091e-06
5520384,-0.00012103239714633673,0.030634773371275514,-0.016177636981410615,0.0,1.106398121919483e-05,7.987711213517668e-06
5521408,-0.0002443644916638732,0.050168970483355224,-0.01967278722440824,0.00048828125,6.825871241744608e-05,7.970643454514426e-06
5522432,-0.0006050711817806587,0.0327686172677204,-0.01884214892561431,0.00244140625,0.00012012083607260138,7.953575695511184e-06
5523456,-8.382575470022857e-05,0.10963103058747947,-0.018295345783371886,0.0,7.330309017561376e-06,7.936507936507941e-06
5524480,-9.240611689165235e-05,0.07665795518551022,-0.02192826952159521,0.0,2.2172433091327548e-05,7.919440177504689e-06
5525504,-8.707585220690817e-05,0.07970240904251114,-0.02075117384447367,0.0,1.8600185285322368e-05,7.902372418501447e-06
5526528,-0.00039328689308604226,0.058833090122789145,-0.019045625707803993,0.00048828125,8.807770791463554e-05,7.885304659498204e-06
5527552,-0.0011854839394800365,0.030124225886538625,-0.020468529335630592,0.001953125,9.012938244268298e-05,7.868236900494964e-06
5528576,-0.0002528604381950572,0.058987953001633286,-0.020387816533911973,0.0,2.9730421374551952e-05,7.851169141491721e-06
5529600,-0.00015592367708450183,0.03714602853870019,-0.016966401672107168,0.0,3.263611870352179e-05,7.834101382488479e-06
5530624,-0.0004464189478312619,0.08267067663837224,-0.01561729839158943,0.0,1.8457270925864577e-05,7.817033623485237e-06
5531648,-0.0002435387868899852,0.321477101999335,-0.03020706382812932,0.0,1.133672776632011e-05,7.799965864481994e-06
5532672,-0.00028639523952733725,0.055802539922297,-0.018631668703164905,0.0,2.5473753339610994e-05,7.782898105478754e-06
5533696,-0.0002761460345936939,0.028601720405276865,-0.020297031423979206,0.0,2.4609907995909452e-05,7.765830346475512e-06
5534720,-0.0005859590310137719,0.05711541068740189,-0.017031495681294473,0.00048828125,0.00011756659660022706,7.74876258747227e-06
5535744,-0.000168192433193326,0.4093652981100604,-0.026174635480856523,0.0,2.1462939912453294e-05,7.731694828469027e-06
5536768,-0.00046945360372774303,0.06185363093391061,-0.02700043773802463,0.0009765625,0.00010049533739220351,7.714627069465775e-06
5537792,-0.00029017706401646137,0.049454460211563855,-0.02042252122919308,0.00048828125,4.230337799526751e-05,7.697559310462532e-06
5538816,-0.00027412708732299507,0.06969462416600436,-0.01849955604848219,0.0009765625,4.80037706438452e-05,7.68049155145929e-06
5539840,-0.0007784879926475696,0.43287960113957524,-0.03546050615841523,0.0,5.852081812918186e-05,7.663423792456048e-06
5540864,-0.0001780020829755813,0.5243953259196132,-0.028903815764351748,0.00048828125,4.612651537172496e-05,7.646356033452805e-06
5541888,-0.0004936419572914019,0.04957957792794332,-0.0239539087342564,0.00048828125,5.1440641982480884e-05,7.629288274449564e-06
5542912,-0.0004299307329347357,0.4030419699847698,-0.02618454530602321,0.0,4.066484689246863e-05,7.6122205154463225e-06
5543936,-0.0015098139047040604,0.41682181414216757,-0.033370194025337696,0.00048828125,7.402787741739303e-05,7.59515275644308e-06
5544960,-0.001190848066471517,0.04576177801936865,-0.018977846462803427,0.00048828125,0.00015231211727950722,7.578084997439838e-06
5545984,4.760904994327575e-05,0.601804306730628,-0.03777796737267636,0.0,2.0728912204504013e-05,7.5610172384365965e-06
5547008,-0.0004291300574550405,0.04014640371315181,-0.01866007156786509,0.00048828125,2.7999805752187967e-05,7.543949479433354e-06
5548032,-0.0001323005126323551,0.06238063832279295,-0.021443275531055406,0.0,2.0188046619296074e-05,7.526881720430112e-06
5549056,-0.0003602696015150286,0.04700694250641391,-0.02131265666866966,0.00048828125,8.949886250775307e-05,7.5098139614268705e-06
5550080,4.915069439448416e-06,0.3250682516954839,-0.03289263605256565,0.0,2.2392006940208375e-05,7.492746202423617e-06
5551104,-0.00015058531425893307,0.33636496600229293,-0.028941141523318947,0.0,1.0218442184850574e-05,7.475678443420375e-06
5552128,-0.001580128984642215,0.36811154102906585,-0.034362155667622574,0.0009765625,0.00011334114242345095,7.4586106844171335e-06
5553152,-0.0008870851524989121,0.03341732214903459,-0.016664310799569648,0.00244140625,0.0002494874788681045,7.441542925413891e-06
5554176,-0.00033549593354109675,0.04756014951271936,-0.019926790637555314,0.00048828125,4.490287392400205e-05,7.424475166410649e-06
5555200,-0.0005459825188154355,0.6598501023836434,-0.03934200090589002,0.0,5.343562224879861e-05,7.4074074074074075e-06
5556224,-0.00028572624432854354,0.03956269228365272,-0.021169677733269054,0.00048828125,3.479178121779114e-05,7.390339648404165e-06
5557248,-0.0001693306548986584,0.042836195963900536,-0.014526625447615515,0.00048828125,3.565510269254446e-05,7.373271889400924e-06
5558272,-0.0007324892358155921,0.04974515229696408,-0.019065676049649483,0.00048828125,9.976838191505522e-05,7.3562041303976815e-06
5559296,-0.0006281793030211702,0.03745071875164285,-0.019089075562078506,0.00048828125,9.158147440757602e-05,7.339136371394439e-06
5560320,-0.00032522059336770326,0.0473253708332777,-0.018183101516569877,0.0009765625,6.632758595515043e-05,7.322068612391198e-06
5561344,-0.001596628877450712,0.3892342929029837,-0.028085545200156048,0.0009765625,7.311302761081606e-05,7.3050008533879555e-06
5562368,-0.00025818303402047604,0.060460933949798346,-0.019900950424926123,0.00048828125,4.7337409341707826e-05,7.287933094384702e-06
5563392,-0.00031904444040264934,0.041589989385101944,-0.018605350800498854,0.0,9.453753591515124e-06,7.270865335381461e-06
5564416,-0.0007289426284842193,0.033725734159816056,-0.01607515727232567,0.00244140625,0.00017249769007321447,7.2537975763782184e-06
5565440,-0.0008008938020793721,0.03927879995899275,-0.014070753919440904,0.00048828125,8.2976563135162e-05,7.236729817374976e-06
5566464,-0.00033329674624837935,0.08565524010919034,-0.01654061702402032,0.0009765625,5.6260338169522583e-05,7.219662058371735e-06
5567488,-0.000288648676360026,0.0715177736710757,-0.021019592117227148,0.0009765625,9.225655230693519e-05,7.202594299368492e-06
5568512,-6.993561692070216e-05,0.08662088750861585,-0.02432324165420141,0.0,1.1303520295768976e-05,7.18552654036525e-06
5569536,-0.0004506668192334473,0.7554975184611976,-0.040821494956617244,0.0,2.455325738992542e-05,7.168458781362009e-06
5570560,-0.0005614169422187842,0.06480068259406835,-0.01706676427079401,0.00244140625,0.0002267402596771717,7.151391022358766e-06
5571584,-0.0001565395505167544,0.0831868244567886,-0.021813160536112264,0.00048828125,2.9555943910963833e-05,7.134323263355525e-06
5572608,-0.0012110194365959615,0.04930893692653626,-0.01806334538559895,0.0029296875,0.00019926874665543437,7.117255504352283e-06
5573632,-0.0008076863014139235,0.06749942223541439,-0.017776281997612386,0.001953125,9.171932470053434e-05,7.10018774534904e-06
5574656,-0.0008248021040344611,0.34146101656369865,-0.03803860534389969,0.0,2.4939203285612166e-05,7.083119986345799e-06
5575680,-0.00011886937136296183,0.06636989105027169,-0.022246943253776408,0.0,2.355726610403508e-05,7.066052227342546e-06
5576704,-0.00026844791136682034,0.0740660922601819,-0.021947419838397764,0.0,4.75210981676355e-05,7.048984468339303e-06
5577728,-0.00028486068185884506,0.525747073115781,-0.03835170004458632,0.0009765625,4.85026539536193e-05,7.031916709336062e-06
5578752,-0.0004841898917220533,0.638646611245349,-0.03651349987217145,0.0,1.5871075447648764e-05,7.01484895033282e-06
5579776,-0.00039439715328626335,0.06916404922958463,-0.028218218794791028,0.0,2.304563531652093e-05,6.997781191329577e-06
5580800,-0.0002757873444352299,0.06387518777046353,-0.02341645180422347,0.0,3.744583227671683e-05,6.980713432326336e-06
5581824,-0.000790318677900359,0.07406299456488341,-0.019208056590287015,0.0009765625,7.04910489730537e-05,6.963645673323094e-06
5582848,-6.228606071090326e-05,0.3672975830268115,-0.02984840598946903,0.0,1.820322358980775e-05,6.946577914319851e-06
5583872,-0.0007620157557539642,0.07802340120542794,-0.023385097989375936,0.00048828125,9.300636884290725e-05,6.92951015531661e-06
5584896,-0.00019999708456452936,0.18631539912894368,-0.02280080036871368,0.0,2.7990288799628615e-05,6.912442396313368e-06
5585920,-0.0004222135976306163,0.4127640950027853,-0.031673413554017316,0.0,1.5773519407957792e-05,6.895374637310126e-06
5586944,-0.0008436345815425739,0.0573214516043663,-0.0205357052132058,0.00146484375,0.0001301961747230962,6.878306878306884e-06
5587968,-0.0006210983847267926,0.08048681356012821,-0.022566422792806407,0.00048828125,7.124051626306027e-05,6.861239119303631e-06
5588992,-0.0008567906406824477,0.45934185362420976,-0.028489430202171206,0.0009765625,8.909999451134354e-05,6.844171360300389e-06
5590016,-0.00039820364327169955,0.0505550685338676,-0.01598281790211331,0.00048828125,7.466979150194675e-05,6.827103601297147e-06
5591040,-0.0002760258794296533,0.05894975771661848,-0.023131416008254746,0.00048828125,4.97273140354082e-05,6.8100358422939046e-06
5592064,-0.0008599557986599393,0.05082686559762806,-0.01900460774959356,0.00146484375,0.00017199812282342464,6.792968083290663e-06
5593088,-0.0003801744896918535,0.06518748414237052,-0.015797289823240135,0.00048828125,5.5053329560905695e-05,6.775900324287421e-06
5594112,-0.0005184724141145125,0.43023282941430807,-0.024843441795383114,0.0009765625,8.438747317995876e-05,6.7588325652841786e-06
5595136,-0.00043812175863422453,0.35363762348424643,-0.028486715233157156,0.0,1.2806325685232878e-05,6.741764806280937e-06
5596160,0.00013170839520171285,0.4592493928503245,-0.030551196512533352,0.0,1.187472662422806e-05,6.724697047277695e-06
5597184,-0.00011018538498319685,0.27375896589364856,-0.02843597792525543,0.00048828125,2.6012639864347875e-05,6.7076292882744525e-06
5598208,-6.246057455427945e-05,0.058484944980591536,-0.016184263753530104,0.0,5.6018761824816465e-06,6.690561529271211e-06
5599232,-0.0003006533079314977,0.3275864301249385,-0.037014073837781325,0.0009765625,0.0001346355420537293,6.673493770267969e-06
5600256,-0.0009364279685541987,0.0450966646312736,-0.017222501974629267,0.00146484375,0.0001552953472128138,6.6564260112647155e-06
5601280,-0.0006189229898154736,0.06474819360300899,-0.018027881233138032,0.00048828125,3.9742313674651086e-05,6.639358252261474e-06
5602304,-3.4841359592974186e-05,1.1376693523488939,-0.050088492047507316,0.00048828125,3.939068119507283e-05,6.622290493258232e-06
5603328,-0.0002551335492171347,0.30697048804722726,-0.02813396605779417,0.0,1.785295899026096e-05,6.60522273425499e-06
5604352,-0.00020823853265028447,0.041982368333265185,-0.02019513724371791,0.0,2.2623949917033315e-05,6.588154975251748e-06
5605376,5.5630269343964756e-05,0.027637984632747248,-0.018231725251098396,0.0,1.6200850950554013e-05,6.571087216248506e-06
5606400,-0.0006643707165494561,0.3555807235534303,-0.030384225741727278,0.0,4.4443790102377534e-05,6.554019457245264e-06
5607424,-0.0002625029592309147,0.0693261802662164,-0.022042260988200724,0.0,1.795096613932401e-05,6.536951698242022e-06
5608448,-0.000113850568595808,0.09289153618738055,-0.021165457714232616,0.0,1.904505188576877e-05,6.51988393923878e-06
5609472,-0.0010449955880176276,0.37687770556658506,-0.03338328504469246,0.0029296875,0.0002470136387273669,6.502816180235538e-06
5610496,-0.000186118675628677,0.6110287511255592,-0.037938438646961004,0.0,5.521945422515273e-05,6.485748421232296e-06
5611520,-0.0004137711657676846,0.05805335444165394,-0.01651965467226546,0.00048828125,4.502097726799548e-05,6.468680662229054e-06
5612544,-0.0005535995733225718,0.11893599946051836,-0.018683445510760066,0.00146484375,8.690624963492155e-05,6.451612903225812e-06
5613568,-0.0002463223208906129,0.10108890326227993,-0.023169112973846495,0.0,3.3827294828370214e-05,6.434545144222559e-06
5614592,-0.0004158160008955747,0.7143120742402971,-0.039529332949314266,0.0,4.0488564991392195e-05,6.417477385219317e-06
5615616,-0.0008343036897713318,0.09596759092528373,-0.021394731527834665,0.00146484375,0.00012228076229803264,6.400409626216075e-06
5616640,-0.0003595535090425983,0.03946051554521546,-0.0182896240030459,0.0009765625,5.2794028306379914e-05,6.383341867212833e-06
5617664,-0.0005020511744078249,0.05191422544885427,-0.020867939909294364,0.00146484375,0.00010839613969437778,6.3662741082095916e-06
5618688,-0.0005694361461792141,0.1262212530709803,-0.021465847227773338,0.0,6.377554382197559e-05,6.349206349206349e-06
5619712,-0.0004863803624175489,0.0572314967866987,-0.013159115073904104,0.0009765625,0.00022069091210141778,6.332138590203107e-06
5620736,-0.0002759801282081753,1.0538447839207947,-0.04203647434769664,0.0,1.32040586322546e-05,6.3150708311998655e-06
5621760,-0.0004279187269276008,0.0735145831713453,-0.02347273740451783,0.0009765625,5.1519833505153656e-05,6.298003072196623e-06
5622784,-0.0012619581393664703,0.38336393935605884,-0.04106217416119762,0.00048828125,8.317368337884545e-05,6.280935313193381e-06
5623808,-0.000342974322848022,0.1320854164659977,-0.025635499514464755,0.0009765625,7.68582831369713e-05,6.2638675541901395e-06
5624832,-0.0004924978566123173,0.06733771390281618,-0.018493913434213027,0.0009765625,8.591348887421191e-05,6.246799795186897e-06
5625856,-0.0008254693238995969,0.37190373812336475,-0.027146757893206086,0.00048828125,6.0306410887278616e-05,6.229732036183644e-06
5626880,-0.00031064597715158015,0.07221011887304485,-0.022213809941604268,0.001953125,6.978902092669159e-05,6.2126642771804025e-06
5627904,-0.00042597114224918187,0.0791879955213517,-0.020851505450082186,0.0,4.900197382085025e-05,6.19559651817716e-06
5628928,-0.0007224331930046901,0.06431757542304695,-0.01928559606312774,0.00146484375,0.00010393685079179704,6.178528759173918e-06
5629952,-0.0002228624070994556,0.2901893814560026,-0.02678612271847669,0.0,3.2084062695503235e-06,6.1614610001706765e-06
5630976,-0.0007518568600062281,0.04262185358675197,-0.017446984515117947,0.00146484375,8.709134999662638e-05,6.144393241167434e-06
5632000,-0.0003352794155944139,0.09454478416591883,-0.019791170983808115,0.0009765625,3.398717672098428e-05,6.127325482164192e-06
5633024,-0.0005264279316179454,0.3870355145772919,-0.03083338944998104,0.00048828125,5.9390164096839726e-05,6.1102577231609505e-06
5634048,-0.0014039468005648814,0.6814968371763825,-0.047275151591748,0.00048828125,0.00011202480527572334,6.093189964157708e-06
5635072,-0.0013469806872308254,0.38706586859188974,-0.02898057724814862,0.0009765625,0.00012628224794752896,6.076122205154467e-06
5636096,-0.0005503243301063776,0.06966520077548921,-0.026360970827226993,0.00146484375,0.00013074495655018836,6.0590544461512245e-06
5637120,-0.0006194022280396894,0.04517241124995053,-0.019234365281590726,0.00146484375,6.84202677803114e-05,6.041986687147982e-06
5638144,-0.0005310616834321991,0.7852650773711503,-0.037636048306012526,0.0,2.5622037355788052e-05,6.02491892814473e-06
5639168,1.060616341419518e-06,0.06621643854305148,-0.019830361379717942,0.0,3.6511337384581566e-06,6.0078511691414874e-06
5640192,-0.00019265612354502082,0.06111641018651426,-0.01616620262120705,0.0,8.101633284240961e-06,5.990783410138245e-06
5641216,-4.6775268856436014e-05,0.049735484179109335,-0.017169404678725186,0.0,6.837537512183189e-06,5.973715651135004e-06
5642240,-0.0010627725860103965,0.0484862863086164,-0.018278131450188084,0.0009765625,7.023371290415525e-05,5.956647892131761e-06
5643264,-0.0005309527332428843,0.04284459515474737,-0.01923131566218217,0.0009765625,8.545660239178687e-05,5.939580133128519e-06
5644288,-0.00012484336912166327,0.3580896717030555,-0.025621281849453226,0.0,2.2488151444122195e-05,5.922512374125278e-06
5645312,-0.0003278525109635666,0.08435409446246922,-0.02543544136460696,0.00048828125,2.2906417143531144e-05,5.905444615122035e-06
5646336,-0.0002833323087543249,0.34559868392534554,-0.027872703634784557,0.00048828125,3.315888170618564e-05,5.888376856118793e-06
5647360,-0.00048277083260472864,0.38168962218333036,-0.03182544425362721,0.0,2.033883356489241e-05,5.871309097115552e-06
5648384,-0.001071250269887969,0.36904875800246373,-0.03266011335290386,0.0,6.960138853173703e-05,5.854241338112309e-06
5649408,-0.0004969741567038,0.11245630995836109,-0.021616185683342337,0.00048828125,4.906186950393021e-05,5.837173579109068e-06
5650432,-6.615086749661714e-05,0.044700446946080774,-0.0163097821878182,0.0,7.337948773056269e-06,5.820105820105826e-06
5651456,-0.0003446957271080464,0.28279099299106747,-0.026857915509026498,0.001953125,9.782207780517638e-05,5.803038061102572e-06
5652480,-0.0005089558253530413,0.6092244987376034,-0.03107849569641985,0.00048828125,3.1058210879564285e-05,5.785970302099331e-06
5653504,-0.0002650389214977622,0.05641629104502499,-0.021208434751315508,0.0,1.243500446435064e-05,5.768902543096089e-06
5654528,-0.001901594252558425,0.40392623213119805,-0.03026875426303377,0.0,6.921877502463758e-05,5.751834784092846e-06
5655552,-0.00036134946276433766,0.0575005384744145,-0.016967644667602144,0.0,3.8168844184838235e-05,5.734767025089605e-06
5656576,-0.0003470203882898204,0.026734064507763833,-0.013979073637528927,0.00244140625,0.00015325468848459423,5.717699266086363e-06
5657600,-9.782848064787686e-05,0.03832139039877802,-0.019292883676826023,0.0,1.8824226572178304e-05,5.70063150708312e-06
5658624,-7.6731012086384e-05,0.030603554216213524,-0.01714353123861656,0.0,1.4647841453552246e-05,5.683563748079879e-06
5659648,8.309965778607875e-05,0.4213900937465951,-0.028169919263746124,0.0,8.737144526094198e-06,5.666495989076637e-06
5660672,-0.0005683209164999425,0.08077338733710349,-0.021738947893027216,0.0,4.144301055930555e-05,5.649428230073394e-06
5661696,0.0007075603643897921,0.981184636708349,-0.046359657659195364,0.0,3.0712035368196666e-05,5.632360471070153e-06
5662720,-0.00026125517615582794,0.05454267282038927,-0.017996690545260208,0.0009765625,9.412941290065646e-05,5.615292712066911e-06
5663744,-0.0004819122259505093,0.08370460371952504,-0.018275865758369036,0.0009765625,0.00016547905397601426,5.598224953063657e-06
5664768,-0.0001814138377085328,0.3423314783722162,-0.03483841574052349,0.0,3.285557613708079e-05,5.581157194060416e-06
5665792,-0.0011719488684320822,0.050640649104025215,-0.018284906538156065,0.001953125,0.00014985946472734213,5.564089435057174e-06
5666816,-0.00018688099225983024,0.19308866397477686,-0.022808906694990583,0.0,2.2314474335871637e-05,5.547021676053932e-06
5667840,-0.00034350663190707564,0.08126313763204962,-0.018700220934988465,0.00048828125,1.9144266843795776e-05,5.52995391705069e-06
5668864,-0.000783194846007973,0.08363105857279152,-0.019593201177485753,0.0009765625,6.433873204514384e-05,5.5128861580474476e-06
5669888,-0.0003303653793409467,0.05555614200420678,-0.015022516585304402,0.00048828125,2.6243040338158607e-05,5.495818399044206e-06
5670912,-0.00030333940230775625,0.10636496171355247,-0.021703610167605802,0.0029296875,0.00024331324675586075,5.478750640040964e-06
5671936,-0.00015472565428353846,0.05868858424946666,-0.018237113450595643,0.0,1.0839386959560215e-05,5.4616828810377215e-06
5672960,-0.0012400589766912162,0.42444499814882874,-0.031087351162568666,0.0029296875,0.00023676852288190275,5.44461512203448e-06
5673984,-0.0002894603821914643,0.09340198943391442,-0.021070943927043118,0.0,2.825495903380215e-05,5.427547363031238e-06
5675008,-0.00024025121820159256,0.30902828846592456,-0.028161205802462064,0.0,3.348063910380006e-05,5.4104796040279955e-06
5676032,-0.0002324569650227204,0.06264782254584134,-0.019064611438807333,0.00146484375,5.6983306421898305e-05,5.393411845024754e-06
5677056,-0.000293389821308665,0.06211188330780715,-0.0193815884522337,0.0,1.4319070032797754e-05,5.376344086021501e-06
5678080,-0.00022441596229327843,0.39536075480282307,-0.03337854572600918,0.0,2.1624713554047048e-05,5.3592763270182585e-06
5679104,-0.0003870284272124991,0.31464602146297693,-0.03649175516329706,0.0,3.073552215937525e-05,5.342208568015017e-06
5680128,-0.00014464068226516247,0.04840303095988929,-0.016483569124829955,0.0,8.753893780522048e-06,5.325140809011775e-06
5681152,-0.0009857934928731993,0.38931036787107587,-0.032466728560393676,0.0,3.8006328395567834e-05,5.308073050008533e-06
5682176,-0.0007907863328000531,0.0986241230275482,-0.024701862737856572,0.0009765625,0.00011216038546990603,5.291005291005291e-06
5683200,-0.0002720708725973964,0.07645627355668694,-0.02157268248265609,0.0,4.474086745176464e-05,5.273937532002049e-06
5684224,-0.0005034766218159348,0.046642164001241326,-0.01915826302865753,0.00146484375,0.00014784433005843312,5.256869772998807e-06
5685248,-0.00020259588200133294,0.030384848767425865,-0.018695911259101194,0.0,1.6112506273202598e-05,5.239802013995565e-06
5686272,-0.00010748326894827187,0.34420492220669985,-0.02717327257641955,0.0,2.124885213561356e-05,5.222734254992323e-06
5687296,-0.00012665409303735942,0.04914067330537364,-0.01766508031869307,0.0,5.083391442894936e-06,5.205666495989081e-06
5688320,-2.8518632461782545e-05,0.031103137822356075,-0.018792362649037386,0.0,6.108864909037948e-06,5.188598736985839e-06
5689344,-0.00023622035223525017,0.05063533270731568,-0.020409609169291798,0.0,2.7991554816253483e-05,5.171530977982586e-06
5690368,-0.0006670362927252427,0.9035209631547332,-0.04896089207613841,0.0,2.6501569664105773e-05,5.154463218979344e-06
5691392,-2.3077765945345163e-05,0.041455978236626834,-0.023371931216388475,0.0,2.1127649233676493e-05,5.137395459976102e-06
5692416,-0.00041449209675192833,0.02952934056520462,-0.01711712592157255,0.0,2.0087274606339633e-05,5.12032770097286e-06
5693440,0.0002419092779746279,0.5344052205327898,-0.026531336465268396,0.00048828125,1.6363264876417816e-05,5.103259941969618e-06
5694464,-0.0005513685318874195,0.2912104995921254,-0.03066391622996889,0.001953125,0.0002296995953656733,5.086192182966376e-06
5695488,-0.0003318624512758106,0.05832736351294443,-0.020716484523291,0.00048828125,3.1369709176942706e-05,5.0691244239631346e-06
5696512,-0.0005737587052863091,0.06547190732089803,-0.0196579245648536,0.0,2.6897556381300092e-05,5.052056664959892e-06
5697536,-6.544787902384996e-05,0.031341770896688104,-0.019304560795717407,0.0,4.642730345949531e-06,5.03498890595665e-06
5698560,0.00031265601865015924,0.9054350256919861,-0.04243337904335931,0.0,2.108795160893351e-05,5.0179211469534085e-06
5699584,-0.0007043503283057362,0.06403519085142761,-0.01676731920997554,0.00146484375,0.0001211586786666885,5.000853387950166e-06
5700608,-0.0005390544101828709,0.3051452289801091,-0.029771792673273012,0.00048828125,1.71590072568506e-05,4.983785628946924e-06
5701632,-0.00025602648383937776,0.03426390388631262,-0.013328637121048814,0.0,2.392497844994068e-05,4.9667178699436715e-06
5702656,-0.0004978065408067778,0.03944946842966601,-0.012335679460647953,0.00048828125,3.5003191442228854e-05,4.949650110940429e-06
5703680,-0.00033238480682484806,0.040527124248910695,-0.020062072268046904,0.00048828125,5.347016849555075e-05,4.932582351937187e-06
5704704,4.149548476561904e-05,0.5075225234031677,-0.030331272835610434,0.0,1.5099401935003698e-05,4.9155145929339455e-06
5705728,-0.0009628826519474387,0.4352041876409203,-0.030461706321148085,0.0009765625,0.00010172146721743047,4.898446833930703e-06
5706752,-0.0002202855539508164,0.06709810951724648,-0.022980830094184057,0.00048828125,4.6044442569836974e-05,4.881379074927461e-06
5707776,-0.00019182107644155622,0.03777019714470953,-0.01571871004125569,0.0,2.374759060330689e-05,4.8643113159242195e-06
5708800,-0.00016227706510107964,0.04127970623085275,-0.020916780704283156,0.00048828125,5.430231976788491e-05,4.847243556920977e-06
5709824,-0.0005405819247243926,0.03019345097709447,-0.01630487843431183,0.0009765625,9.19591257115826e-05,4.830175797917736e-06
5710848,-0.0002497994719306007,0.02731953776674345,-0.0171035480016144,0.0,1.0865041986107826e-05,4.8131080389144935e-06
5711872,-0.00033960842119995505,0.08692033868283033,-0.02074003150482895,0.001953125,0.0001231983333127573,4.796040279911251e-06
5712896,-0.0003400714340386912,0.04498267255257815,-0.021502330848306883,0.00048828125,3.097212174907327e-05,4.77897252090801e-06
5713920,-5.0219648983329535e-05,0.3522934435168281,-0.03265893545540166,0.0,1.731887459754944e-05,4.7619047619047675e-06
5714944,-0.00028326646861387417,0.697863984387368,-0.030474605882773176,0.0,1.799267192836851e-05,4.744837002901514e-06
5715968,-7.660144183319062e-05,0.07289636170025915,-0.01736930076185672,0.0,4.217465175315738e-06,4.727769243898273e-06
5716992,-0.00031517674506176263,0.08733441343065351,-0.021607021590170916,0.00048828125,2.9092247132211924e-05,4.7107014848950304e-06
5718016,-0.0006785178266000003,0.4722089886199683,-0.03561295141116716,0.0,3.3556862035766244e-05,4.693633725891788e-06
5719040,-0.0003369548066984862,0.06426215701503679,-0.021789783208078006,0.00048828125,3.826564352493733e-05,4.676565966888547e-06
5720064,-0.00018946274212794378,0.3551588458940387,-0.029600411566207185,0.0,1.4936711522750556e-05,4.659498207885304e-06
5721088,-9.052563109435141e-05,0.07207644998561591,-0.02181014508823864,0.0,7.301481673493981e-06,4.642430448882062e-06
5722112,-0.00035538657175493427,0.3220993948634714,-0.033402443878003396,0.0,1.715902180876583e-05,4.625362689878821e-06
5723136,-2.803266397677362e-05,0.11732181638944894,-0.022618154428073467,0.0,6.753587513230741e-06,4.608294930875578e-06
5724160,-0.0005042862758273259,0.3278059307485819,-0.027337821977198473,0.0,1.5489087672904134e-05,4.591227171872336e-06
5725184,-0.00012332412006799132,0.08706372312735766,-0.02378445563203968,0.0,1.665031595621258e-05,4.574159412869095e-06
5726208,-5.1758717745542526e-05,0.33642516075633466,-0.02800605323864147,0.0,3.694935003295541e-06,4.557091653865852e-06
5727232,-0.00013443341595120728,0.042122419690713286,-0.020289496671466623,0.0,1.9341197912581265e-05,4.540023894862599e-06
5728256,-8.164426253642887e-05,0.061163672944530845,-0.01831740036868723,0.0,1.0014555300585926e-05,4.522956135859358e-06
5729280,-0.00011436372733442113,0.3508525067009032,-0.0291703081857122,0.0,5.800800863653421e-06,4.505888376856115e-06
5730304,-0.0002350902468606364,0.3138842049520463,-0.033301747927907854,0.0,9.713548934087157e-06,4.488820617852874e-06
5731328,-4.864850779995322e-06,0.057821633759886026,-0.019844540638587205,0.0,1.5923898899927735e-05,4.471752858849632e-06
5732352,-0.00017305051005678251,0.10896024783141911,-0.017473790743679274,0.00048828125,4.522943345364183e-05,4.454685099846389e-06
5733376,-0.00015655354945920408,0.05048240988980979,-0.018485215452074044,0.0,5.623383913189173e-06,4.437617340843148e-06
5734400,2.744109951891005e-05,0.03863570303656161,-0.01440370322598028,0.0,6.44405372440815e-06,4.420549581839906e-06
5735424,-0.0003886674530804157,0.37909083371050656,-0.028712115512462333,0.0,2.237521403003484e-05,4.403481822836663e-06
5736448,-0.00037864990008529276,0.06853863911237568,-0.02002766913983578,0.0,1.9616069039329886e-05,4.386414063833422e-06
5737472,-2.5738365366123617e-05,0.34220736974384636,-0.02919647569069639,0.0,2.1639280021190643e-06,4.36934630483018e-06
5738496,-0.0005262593185761943,0.055862636072561145,-0.017518936463602586,0.0,4.405311483424157e-05,4.352278545826937e-06
5739520,-0.0007572200556751341,0.06015898357145488,-0.019689835306053283,0.00146484375,0.00010088959243148565,4.335210786823696e-06
5740544,-0.00022225052816793323,0.04854351206449792,-0.016650130735797575,0.00048828125,3.317232767585665e-05,4.318143027820443e-06
5741568,-0.0003596768219722435,0.06327268143650144,-0.01808735402300954,0.0009765625,7.2166119934991e-05,4.3010752688172e-06
5742592,-0.00040365733730141073,0.037705518945585936,-0.016379281667468604,0.0,3.242680395487696e-05,4.284007509813959e-06
5743616,-4.01223951485008e-05,0.35898415511474013,-0.03158691729186103,0.0,2.0068298908881843e-05,4.2669397508107166e-06
5744640,-5.455919017549604e-05,0.04958782409084961,-0.017533259666038248,0.0,8.803035598248243e-06,4.249871991807475e-06
5745664,-0.0003052602260140702,0.04546604066854343,-0.018476147552064504,0.0,2.529940684325993e-05,4.232804232804233e-06
5746688,-0.0006258570647332817,0.34794510691426694,-0.03200396936153993,0.0,1.4643577742390335e-05,4.2157364738009906e-06
5747712,-0.00043172836012672633,0.36283670901320875,-0.030683199904160574,0.0,2.3557920940220356e-05,4.198668714797749e-06
5748736,-0.0005170600488781929,0.08877582650166005,-0.020268138716346584,0.00048828125,3.4934651921503246e-05,4.181600955794507e-06
5749760,-0.00021864307927899063,0.07998778449837118,-0.021853854552318808,0.00048828125,4.4050568249076605e-05,4.1645331967912645e-06
5750784,-0.0005841177480760962,0.07856910675764084,-0.016249963709924486,0.00048828125,2.570146170910448e-05,4.147465437788023e-06
5751808,-0.000252602098044008,0.05526636866852641,-0.01777466473140521,0.0,2.7054775273427367e-05,4.130397678784781e-06
5752832,-0.0002123984304489568,0.45082309003919363,-0.03209956735372543,0.0,6.582864443771541e-06,4.1133299197815275e-06
5753856,-3.3300901122856885e-05,0.3888491782126948,-0.024153876256605145,0.0,3.7057616282254457e-06,4.096262160778286e-06
5754880,3.5122211556881666e-06,0.0628998230677098,-0.024383875395869836,0.0,2.5534507585689425e-05,4.079194401775044e-06
5755904,-0.00039553418901050463,0.052485507912933826,-0.01416141738081933,0.0009765625,4.554346378426999e-05,4.0621266427718015e-06
5756928,-0.00011674287088681012,0.3654142718296498,-0.02480732000549324,0.0,3.160632331855595e-06,4.04505888376856e-06
5757952,-8.380699728149921e-05,0.07362680626101792,-0.01880812855233671,0.0,7.68910103943199e-06,4.027991124765318e-06
5758976,-0.00037234551564324647,0.4176490989048034,-0.033857890048238914,0.0,9.995856089517474e-06,4.010923365762076e-06
5760000,-0.0004255180829204619,0.37100626213941723,-0.028785215819425503,0.0,1.507069100625813e-05,3.993855606758834e-06
5761024,-0.0007580845704069361,0.052613781474065036,-0.020700481116364244,0.00048828125,4.054645251017064e-05,3.976787847755592e-06
5762048,-0.0002614935801830143,0.05972975946497172,-0.021242851893475745,0.0,3.166646638419479e-05,3.95972008875235e-06
5763072,-0.0006966040527913719,0.055539610562846065,-0.019510760605044197,0.0,2.010431489907205e-05,3.942652329749108e-06
5764096,-0.0017447230784455314,0.35588836029637605,-0.0342442436813144,0.0009765625,9.552773553878069e-05,3.925584570745866e-06
5765120,-0.0005250895628705621,0.03174944774946198,-0.021385627187555656,0.00146484375,8.281772898044437e-05,3.908516811742613e-06
5766144,-0.00021454159286804497,0.37169335782527924,-0.030923167621949688,0.0,5.759211489930749e-06,3.891449052739371e-06
5767168,-0.0003772549025597982,0.3359644648153335,-0.026033635858766502,0.0,1.375302963424474e-05,3.874381293736129e-06
5768192,-0.00040547954267822206,0.07950183062348515,-0.019550855078705354,0.00048828125,3.609350824262947e-05,3.857313534732887e-06
5769216,-0.00015792800695635378,0.37161333730909973,-0.03300837647111621,0.0,1.6094505554065108e-05,3.840245775729645e-06
5770240,-0.00020161064458079636,0.04260967159643769,-0.016044989100919338,0.00048828125,2.454739296808839e-05,3.823178016726403e-06
5771264,-0.00017388466221746057,0.07513403950724751,-0.01846730591114465,0.0,7.128532161004841e-06,3.8061102577231613e-06
5772288,-9.926306665875018e-05,0.06853791361209005,-0.015272077727786382,0.0,3.6634301068261266e-06,3.789042498719919e-06
5773312,-0.00016284961020573974,0.05142791022080928,-0.017118183697220957,0.0,5.675785359926522e-06,3.771974739716677e-06
5774336,-0.0003253866743762046,0.05021098646102473,-0.02497274045163067,0.0,2.374206087552011e-05,3.7549069807134353e-06
5775360,-3.918015863746405e-06,0.3767358266049996,-0.02757541398750618,0.0,2.3396569304168224e-06,3.737839221710193e-06
5776384,-9.20159654924646e-05,0.4010294812032953,-0.027989807778794784,0.0,6.701986421830952e-06,3.720771462706951e-06
5777408,-0.0002835525228874758,0.07306248659733683,-0.021822822571266443,0.00048828125,1.994339982047677e-05,3.7037037037037092e-06
5778432,-0.00034895582939498127,0.4998842152999714,-0.02802415042242501,0.0,1.1219570296816528e-05,3.686635944700456e-06
5779456,-0.0001054748281603679,0.28216826275456697,-0.026204839919955702,0.0,3.588720574043691e-06,3.669568185697214e-06
5780480,4.5954715460538864e-05,0.3924752757884562,-0.02792832429986447,0.0,1.5674406313337386e-05,3.6525004266939722e-06
5781504,-0.00018887400074163452,0.10400861268863082,-0.02236978000291856,0.0,1.1653944966383278e-05,3.6354326676907304e-06
5782528,-0.00043877742427866906,0.043909392959903926,-0.016340618571121013,0.00048828125,3.116819425486028e-05,3.618364908687488e-06
5783552,-0.00019903590145986527,0.6600070188287646,-0.029319414257770404,0.0,5.521796992979944e-06,3.601297149684246e-06
5784576,-0.00014165303582558408,0.0526265783701092,-0.017163964337669313,0.0,1.2612785212695599e-05,3.5842293906810043e-06
5785600,-9.850075730355456e-05,0.4281965120462701,-0.030133146050502546,0.0,7.899492629803717e-06,3.5671616316777625e-06
5786624,-0.0007206205045804381,0.13287296530324966,-0.020068208294105716,0.00048828125,3.8269005017355084e-05,3.55009387267452e-06
5787648,-0.0007520116923842579,0.09179888176731765,-0.021313300501788035,0.0009765625,4.94662526762113e-05,3.5330261136712783e-06
5788672,-0.0001296221453230828,0.058834666560869664,-0.024673658556821465,0.0,9.974290151149035e-06,3.5159583546680365e-06
5789696,-0.0005871661414857954,0.054541741556022316,-0.016525379553968378,0.0,2.44977418333292e-05,3.498890595664794e-06
5790720,-2.672907430678606e-05,0.05318919965066016,-0.018809596382197924,0.0,6.797679816372693e-06,3.4818228366615413e-06
5791744,-0.00031263551500160247,0.9381117549492046,-0.037300059164408594,0.0,6.8657827796414495e-06,3.4647550776582994e-06
5792768,-0.00045479055552277714,0.10579607158433646,-0.021431460521853296,0.00048828125,5.464421701617539e-05,3.447687318655057e-06
5793792,-6.102866609580815e-05,0.07527321786619723,-0.0186543908494059,0.0,1.953405444510281e-06,3.4306195596518153e-06
5794816,-0.00023523985873907804,0.04740812664385885,-0.017984873253226397,0.0,9.331080946139991e-06,3.4135518006485734e-06
5795840,-3.754367935471237e-05,0.051521755871362984,-0.018277432733157184,0.0,4.753601388074458e-06,3.3964840416453316e-06
5796864,-0.0004900311832898296,0.03433078102534637,-0.02321510673209559,0.00048828125,7.859134348109365e-05,3.3794162826420893e-06
5797888,-0.00016027450328692794,0.061080495885107666,-0.021826226340635912,0.0,1.0088959243148565e-05,3.3623485236388474e-06
5798912,-0.0003076977882301435,0.3729936344316229,-0.02700705113238655,0.0,7.514623575843871e-06,3.3452807646356056e-06
5799936,-0.00020605564350262284,0.34493780112825334,-0.029765866114757955,0.0,6.241243681870401e-06,3.3282130056323637e-06
5800960,-0.0007093780004652217,0.046066641283687204,-0.020001060707727447,0.00146484375,6.968351954128593e-05,3.3111452466291214e-06
5801984,-0.00019019978935830295,0.31934758846182376,-0.028133773483205005,0.0,1.9760700524784625e-05,3.2940774876258795e-06
5803008,-0.001203375548357144,0.040414858842268586,-0.021495933455298655,0.001953125,8.48489289637655e-05,3.2770097286226377e-06
5804032,1.5475816326215863e-06,0.05742173042381182,-0.01759043405218108,0.0,1.957203494384885e-06,3.2599419696193844e-06
5805056,-0.00018956183339469135,0.07561596989398822,-0.017605561419259175,0.0,1.4133896911516786e-05,3.2428742106161425e-06
5806080,-7.641551201231778e-05,0.026327210012823343,-0.011891607857251074,0.0,4.953049938194454e-06,3.2258064516129006e-06
5807104,-0.0001323657634202391,0.052165835280902684,-0.017097079743507493,0.0,1.1072028428316116e-05,3.2087386926096584e-06
5808128,-0.00015540211461484432,0.06785499682882801,-0.016099751632282278,0.0,8.952556527219713e-06,3.1916709336064165e-06
5809152,-8.217981667257845e-05,0.040054228506051004,-0.014306904653494712,0.0,7.971771992743015e-06,3.1746031746031746e-06
5810176,-0.00020648978534154594,0.037039792630821466,-0.020136859549893416,0.0,1.3507393305189908e-05,3.1575354155999328e-06
5811200,-0.0004763494071085006,0.08378564222948626,-0.02247787883516139,0.0,1.1492666089907289e-05,3.1404676565966905e-06
5812224,-0.0001163773049484007,0.18140920635778457,-0.030544220266165212,0.0,1.4310324331745505e-05,3.1233998975934486e-06
5813248,-5.2569892432074994e-05,0.3914314639987424,-0.025839718931820244,0.0,1.223728759214282e-05,3.1063321385902068e-06
5814272,-9.840690472628921e-05,0.02690350788179785,-0.02124093283782713,0.0,6.043919711373746e-06,3.089264379586965e-06
5815296,-0.00024165958166122437,0.04659688065294176,-0.020110875550017226,0.0,2.4625202058814466e-05,3.0721966205837226e-06
5816320,-0.00048724596854299307,0.7291180184110999,-0.04338987457595067,0.0,1.471124414820224e-05,3.0551288615804697e-06
5817344,-0.0005433672777144238,0.4062227027025074,-0.0329986756114522,0.0,2.0130741177126765e-05,3.0380611025772274e-06
5818368,-0.0004857333187828772,0.10890723741613328,-0.018377070759015623,0.00048828125,4.003768844995648e-05,3.0209933435739856e-06
5819392,-0.00033750978764146566,0.04077932774089277,-0.018562916022347054,0.0,1.0947143891826272e-05,3.0039255845707437e-06
5820416,-0.0005069719045422971,0.04519538872409612,-0.01644273945930763,0.00048828125,3.114058927167207e-05,2.986857825567502e-06
5821440,3.700754314195365e-05,0.4480376085266471,-0.03424594372700085,0.0,2.383705577813089e-06,2.9697900665642596e-06
5822464,-0.00025940625346265733,0.39435170707292855,-0.02453341720683966,0.0,2.686996595002711e-06,2.9527223075610177e-06
5823488,-0.00041716751002240926,0.36444507725536823,-0.025120646268987912,0.0,4.076195182278752e-06,2.935654548557776e-06
5824512,-0.00029201366123743355,0.08163070667069405,-0.019316328194690868,0.0,1.4631805242970586e-05,2.918586789554534e-06
5825536,-1.7999642295762897e-05,0.30176604946609586,-0.03393093677004799,0.0,5.018882802687585e-06,2.9015190305512917e-06
5826560,-0.00011089503823313862,0.061439045413862914,-0.01939373469667771,0.0,3.2961397664621472e-06,2.88445127154805e-06
5827584,-0.0003535405558068305,0.05112651491072029,-0.018479145220680948,0.0,1.3466429663822055e-05,2.867383512544808e-06
5828608,-0.0004291964432923123,0.2756478782976046,-0.029828695633113966,0.0,6.591712008230388e-06,2.8503157535415547e-06
5829632,-6.044877227395773e-05,0.0613511533010751,-0.017630292422836646,0.0,4.532746970653534e-06,2.833247994538313e-06
5830656,-1.0103627573698759e-05,0.07940585038159043,-0.018761338485091983,0.0,1.631342456676066e-06,2.816180235535071e-06
5831680,-0.00013750776270171627,0.036756724293809384,-0.01692264257849274,0.0,5.225534550845623e-06,2.7991124765318287e-06
5832704,-0.00020219238649588078,0.06644264218630269,-0.01664623276610655,0.0,6.544767529703677e-06,2.782044717528587e-06
5833728,-4.545292176771909e-05,0.057145761558786035,-0.018463213222275954,0.0,2.8594076866284013e-06,2.764976958525345e-06
5834752,1.8984617781825364e-05,1.0683434009552002,-0.03879640728700906,0.0,3.9071892388165e-06,2.747909199522103e-06
5835776,-0.00021122142061358318,0.07415685395244509,-0.02527144647319801,0.0,6.46525586489588e-06,2.7308414405188608e-06
5836800,-0.0002802919698297046,0.4177732983371243,-0.030444603762589395,0.0,5.950802005827427e-06,2.713773681515619e-06
5837824,-7.485537207685411e-05,0.9442949504591525,-0.038183201220817864,0.0,3.8871512515470386e-06,2.696705922512377e-06
5838848,-0.00011025162530131638,0.04749203217215836,-0.018234670467791148,0.0,4.210334736853838e-06,2.679638163509135e-06
5839872,-0.0003394383820705116,0.31009537843056023,-0.03289743873756379,0.0,1.3445576769299805e-05,2.662570404505893e-06
5840896,-0.00026112826890312135,0.06501544691855088,-0.017339186017352404,0.0,1.20659387903288e-05,2.645502645502651e-06
5841920,-0.00016958708874881268,0.04166956298286095,-0.020914642511343118,0.0,6.10126880928874e-06,2.628434886499398e-06
5842944,1.69874110724777e-05,0.16923512006178498,-0.02225980444200104,0.0,5.2895775297656655e-06,2.611367127496156e-06
5843968,-0.00019349070498719811,0.04890034475829452,-0.017015536705912382,0.0,4.562301910482347e-06,2.594299368492914e-06
5844992,-2.3785498342476785e-05,0.14112384780310094,-0.0195617120116367,0.0,4.203466232866049e-07,2.577231609489672e-06
5846016,-0.0003082698240177706,0.13776588754262775,-0.02287786487431731,0.0,1.339367008768022e-05,2.56016385048643e-06
5847040,-2.5001339963637292e-05,0.38992201955989003,-0.03138336943811737,0.0,3.954017302021384e-06,2.543096091483188e-06
5848064,-0.0005104970769025385,0.0906721429200843,-0.019188065354683204,0.0,3.1848117941990495e-05,2.526028332479946e-06
5849088,9.422947186976671e-05,0.061040167580358684,-0.018970012781210244,0.00048828125,4.168087616562843e-05,2.5089605734767043e-06
5850112,-0.00025166707928292453,0.05771127168554813,-0.02042408660054207,0.0,1.2999676982872188e-05,2.491892814473462e-06
5851136,-0.0004395681171445176,0.30603553471155465,-0.03434459355776198,0.0,6.498055881820619e-06,2.47482505547022e-06
5852160,-0.00012126061483286321,0.050235342408996075,-0.0173597306238662,0.0,2.687884261831641e-06,2.4577572964669783e-06
5853184,-0.0006335832003969699,0.6333457352593541,-0.041243683015636634,0.0,1.0040224879048765e-05,2.4406895374637364e-06
5854208,-0.0004000660192104988,0.0845403743442148,-0.01734751970434445,0.0,1.3840937754139304e-05,2.423621778460483e-06
5855232,-0.0009915538248606026,0.37802703713532537,-0.030255202582338825,0.0,2.6934445486404002e-05,2.4065540194572412e-06
5856256,1.795434218365699e-05,0.058875407790765166,-0.02181677965563722,0.0,1.0330506484024227e-05,2.389486260453999e-06
5857280,-0.00034687113657128066,0.39928705315105617,-0.03297642565894421,0.0,4.340618033893406e-06,2.372418501450757e-06
5858304,3.2434327295050025e-06,0.05410124245099723,-0.021053352902526967,0.0,2.9762304620817304e-06,2.3553507424475152e-06
5859328,-0.00014611563528887928,0.46192554174922407,-0.027758011041441932,0.0,1.7077982192859054e-06,2.3382829834442734e-06
5860352,-8.026158320717514e-05,0.7003258126787841,-0.03546021817601286,0.0,6.025729817338288e-06,2.321215224441031e-06
5861376,-0.00036873980570817366,0.4011340292636305,-0.028681135590886697,0.0,1.1900643585249782e-05,2.304147465437789e-06
5862400,-5.617018905468285e-05,0.03660107095493004,-0.022424507318646647,0.0,3.6074634408578277e-06,2.2870797064345473e-06
5863424,-3.298021329101175e-05,0.03984344762284309,-0.01823063312622253,0.0,2.2778112906962633e-06,2.2700119474313055e-06
5864448,-8.792168227955699e-05,0.0809816550463438,-0.018636997243447695,0.0,2.7375499485060573e-06,2.252944188428063e-06
5865472,-7.513695163652301e-05,0.0608281665481627,-0.019302389551739907,0.0,3.374268999323249e-06,2.2358764294248213e-06
5866496,-0.00020860327640548348,0.06520830385852605,-0.01685908151193871,0.0,1.2039250577799976e-05,2.2188086704215685e-06
5867520,-9.638245683163404e-05,0.2965181430336088,-0.028396572248311713,0.0,3.894398105330765e-06,2.201740911418326e-06
5868544,-0.0001836522715166211,0.050476920790970325,-0.016349129891750636,0.0,3.3954856917262077e-06,2.1846731524150843e-06
5869568,-0.00016077133477665484,0.07070735318120569,-0.019378542572667357,0.0,1.0555959306657314e-05,2.1676053934118424e-06
5870592,-0.00032813847064971924,0.6764209317043424,-0.041152217381750233,0.0,6.534624844789505e-06,2.1505376344086e-06
5871616,-6.611651042476296e-05,0.42376275814604014,-0.02966174331959337,0.0,2.6340712793171406e-06,2.1334698754053583e-06
5872640,-0.00026371111744083464,0.052925364521797746,-0.02016237552561506,0.0,1.740975130815059e-05,2.1164021164021164e-06
5873664,-8.713451097719371e-05,0.051122785080224276,-0.020031613872561138,0.0,1.7892743926495314e-06,2.0993343573988746e-06
5874688,-0.0002433710906188935,0.12097457144409418,-0.020416393777850317,0.0,1.0994539479725063e-05,2.0822665983956323e-06
5875712,-0.0001987325376830995,0.09257793508004397,-0.02390592712617945,0.0,1.4686287613585591e-05,2.0651988393923904e-06
5876736,-6.233606836758554e-05,0.3918902992736548,-0.030379827512660995,0.0,2.6352499844506383e-06,2.0481310803891485e-06
5877760,-0.00023011135635897517,0.048758389661088586,-0.01597344066385631,0.0,7.926340913400054e-06,2.0310633213859067e-06
5878784,-0.00011683443153742701,0.3999580094823614,-0.024703038186999038,0.0,3.272885805927217e-06,2.0139955623826644e-06
5879808,-8.292216807603836e-05,0.27303465676959604,-0.028314176219282672,0.0,6.598900654353201e-06,1.9969278033794115e-06
5880832,1.4075580111239105e-05,0.3781773551600054,-0.02100328964752407,0.0,1.8908613128587604e-06,1.9798600443761697e-06
5881856,-0.00013687851605936885,0.055332726798951626,-0.024790036084596068,0.0,1.046992838382721e-05,1.9627922853729274e-06
5882880,-0.0002032821939792484,0.02896338904974982,-0.01636329243228829,0.0,7.77828972786665e-06,1.9457245263696855e-06
5883904,-0.0004405680374475196,0.5014208487700671,-0.031363515387056395,0.0,4.51059895567596e-06,1.9286567673664436e-06
5884928,-0.0001815291470848024,0.38075266731902957,-0.030788106872932985,0.0,1.1922238627448678e-05,1.9115890083632014e-06
5885952,-7.052380533423275e-05,0.0566690880805254,-0.021296880773661542,0.0,2.9570073820650578e-06,1.8945212493599595e-06
5886976,-0.00036017922684550285,0.42327824560925364,-0.028394264991220552,0.0,4.50863444712013e-06,1.8774534903567176e-06
5888000,-5.282614438328892e-05,0.06163679726887494,-0.018634863412444247,0.0,3.8835423765704036e-06,1.8603857313534756e-06
5889024,-5.459848034661263e-05,0.0433528742287308,-0.015382370555016678,0.0,2.0213628886267543e-06,1.8433179723502337e-06
5890048,-6.513793778140098e-05,0.07805299456231296,-0.01873308791209638,0.0,3.799665137194097e-06,1.8262502133469916e-06
5891072,-8.803358650766313e-05,0.04059954977128655,-0.020448368159122765,0.0,2.57384090218693e-06,1.8091824543437498e-06
5892096,-0.0002018159138970077,0.27878598333336413,-0.028417859572073212,0.0,3.0951923690736294e-06,1.7921146953404967e-06
5893120,-0.0002678027594811283,0.34914546739310026,-0.03393034538021311,0.0,5.948269972577691e-06,1.7750469363372546e-06
5894144,-0.0002802050494210562,0.0743080850224942,-0.020126904171775095,0.0,1.8975231796503067e-05,1.7579791773340127e-06
5895168,-4.394770076032728e-05,0.13179777842015028,-0.02392288854025537,0.0,4.067682311870158e-06,1.7409114183307707e-06
5896192,-0.0002700461191125214,0.043480922002345324,-0.021619917504722252,0.0,8.892646292224526e-06,1.7238436593275286e-06
5897216,-5.803887324873358e-05,0.064544374239631,-0.02076535361607057,0.0,1.7743004718795419e-06,1.7067759003242867e-06
5898240,-6.255513289943337e-05,0.11538257589563727,-0.020087021061044652,0.0,1.10853579826653e-06,1.6897081413210446e-06
5899264,-3.211431612726301e-05,0.06379619444487616,-0.021475214380188845,0.0,1.3497337931767106e-06,1.6726403823178028e-06
5900288,-1.6005720681278035e-05,0.039105945092160255,-0.016951304453868943,0.0,2.795568434521556e-07,1.6555726233145607e-06
5901312,-0.00012315656204009429,0.7300945050083101,-0.0387862782808952,0.0,1.022737706080079e-06,1.6385048643113188e-06
5902336,-0.0001297782437177375,0.06520914693828672,-0.020703452864836436,0.0,5.2336836233735085e-06,1.6214371053080768e-06
5903360,-5.7481316616758704e-05,0.1142730371793732,-0.0200265368912369,0.0,7.891794666647911e-07,1.604369346304835e-06
5904384,-4.311257362132892e-05,0.3227640639524907,-0.02736492436088156,0.0,4.3862382881343365e-07,1.5873015873015928e-06
5905408,-0.00010776336421258748,0.3673421856947243,-0.03328812218387611,0.0,4.049827111884952e-06,1.5702338282983397e-06
5906432,-0.00023922394029796124,0.6804040130227804,-0.04158681514672935,0.0,2.361615770496428e-06,1.5531660692950979e-06
5907456,-9.053394023794681e-05,0.03697759594069794,-0.0189794818052178,0.0,6.33695162832737e-06,1.5360983102918558e-06
5908480,-0.00023985229927347973,0.46167057333514094,-0.029453351227857638,0.0,4.04057209379971e-06,1.5190305512886137e-06
5909504,-2.9688671929761767e-05,0.3808868322521448,-0.034221180831082165,0.0,7.585476851090789e-07,1.5019627922853719e-06
5910528,-6.756624497938901e-05,0.05516740691382438,-0.021726341961766593,0.0,1.129636075347662e-06,1.4848950332821298e-06
5911552,-0.0001972368627320975,0.06535737169906497,-0.020982009407816804,0.0,4.708825144916773e-06,1.467827274278888e-06
5912576,-5.633337423205376e-05,0.0425016462104395,-0.018318551301490515,0.0,1.6780977603048086e-06,1.4507595152756458e-06
5913600,-5.3005431254860014e-05,0.09035907359793782,-0.018547053325164597,0.0,1.291875378228724e-06,1.433691756272404e-06
5914624,-0.0007830942922737449,0.3792236717417836,-0.02593289938158705,0.0,1.0182804544456303e-05,1.416623997269162e-06
5915648,-0.00010399863822385669,0.06390078994445503,-0.025316824874607846,0.0,2.8534705052152276e-06,1.39955623826592e-06
5916672,-2.6055604394059628e-05,0.06325874000322074,-0.01995999296923401,0.0,1.3124954421073198e-06,1.382488479262678e-06
5917696,-6.360640691127628e-05,0.07717711653094739,-0.0208620592711668,0.0,1.2868113117292523e-06,1.3654207202594249e-06
5918720,-0.00024124258197844028,0.4538756984984502,-0.03516385584953241,0.0,3.0204973882064223e-06,1.348352961256183e-06
5919744,-0.00010120599472429603,0.09994859748985618,-0.022917200563824736,0.0,2.446220605634153e-06,1.331285202252941e-06
5920768,-0.00026526983128860593,0.08094233903102577,-0.020479621784033952,0.0,8.349568815901875e-06,1.314217443249699e-06
5921792,-0.0001343260519206524,0.04348636866779998,-0.019351436334545724,0.0,5.946654709987342e-06,1.297149684246457e-06
5922816,-0.0002551756115281023,0.4436014734674245,-0.03381606443144847,0.0,9.574738214723766e-06,1.280081925243215e-06
5923840,-8.984626037999988e-05,0.05036939732963219,-0.01639857475925055,0.0,1.4168035704642534e-06,1.263014166239973e-06
5924864,-1.4304518117569387e-05,0.05515682219993323,-0.022217974525119644,0.0,4.463654477149248e-07,1.245946407236731e-06
5925888,-0.0003986364317825064,0.23347949492745101,-0.03014183134655468,0.0,4.260189598426223e-06,1.2288786482334891e-06
5926912,-3.28638416249305e-05,0.11638632894027978,-0.02457944647903787,0.0,1.1412339517846704e-06,1.211810889230247e-06
5927936,-0.0001550788147142157,0.09403791383374482,-0.027880591860593995,0.0,4.889356205239892e-06,1.1947431302270052e-06
5928960,-3.1106697861105204e-05,0.07043381582479924,-0.01685965808428591,0.0,1.3169192243367434e-06,1.1776753712237631e-06
5929984,-0.0002640978491399437,0.041641717485617846,-0.022396495929569937,0.0,8.251736289821565e-06,1.16060761222051e-06
5931008,-4.028875264339149e-05,0.04907051124610007,-0.02210086624836549,0.0,4.966568667441607e-07,1.1435398532172682e-06
5932032,5.090842023491859e-07,0.05229273432632908,-0.017756037748767994,0.0,3.3462129067629576e-07,1.126472094214026e-06
5933056,-3.030239895451814e-05,0.7877102142665535,-0.050013988686259836,0.0,6.417976692318916e-07,1.1094043352107842e-06
5934080,-2.9489703592844307e-05,0.05015831935452297,-0.01752904912154918,0.0,1.2423552107065916e-06,1.0923365762075421e-06
5935104,-8.386803528992459e-05,0.41661347611807287,-0.029313359897059854,0.0,1.6841222532093525e-06,1.0752688172043e-06
5936128,-0.00013889143883716315,0.07502672250848264,-0.02053351424729044,0.0,3.2272509997710586e-06,1.0582010582010582e-06
5937152,-0.00013803403999190778,0.029507042258046567,-0.01961802363712195,0.0,2.37541098613292e-06,1.0411332991978161e-06
5938176,-3.394386840227526e-05,0.04403999767964706,-0.019187307464562764,0.0,1.97319604922086e-06,1.0240655401945743e-06
5939200,3.125199873466045e-05,0.6460569081827998,-0.04768346491619013,0.0,2.6008638087660074e-06,1.0069977811913322e-06
5940224,-1.1394236935302615e-05,0.657271116040647,-0.0396237890527118,0.0,2.2329913917928934e-07,9.899300221880903e-07
5941248,-0.00021715904586017132,0.40142560796812177,-0.031179447105387226,0.0,1.5520781744271517e-06,9.728622631848483e-07
5942272,-5.5805998272262514e-05,0.06848103483207524,-0.01908455724696978,0.0,1.3831013347953558e-06,9.557945041816064e-07
5943296,-3.581575583666563e-06,0.07890772505197674,-0.02222685032756999,0.0,3.8729922380298376e-07,9.387267451783532e-07
5944320,-0.00020849102293141186,0.05981245869770646,-0.019512547107296996,0.0,6.684131221845746e-06,9.216589861751112e-07
5945344,-0.00012708501162705943,0.6201653820462525,-0.03714132167806383,0.0,2.0170846255496144e-06,9.045912271718693e-07
5946368,-0.00024298523203469813,0.3947422532364726,-0.03059592172212433,0.0,3.926761564798653e-06,8.875234681686273e-07
5947392,-2.8443602786865085e-05,0.09238181367982179,-0.02417611222335836,0.0,1.3382959878072143e-06,8.704557091653853e-07
5948416,-8.60807194840163e-05,0.420328103704378,-0.028935729865224857,0.0,1.0796065907925367e-06,8.533879501621434e-07
5949440,-4.2878411477431655e-05,0.3281985109206289,-0.035010493360459805,0.0,3.5170523915439844e-07,8.363201911589014e-07
5950464,-0.00018584240751806647,0.0656544246012345,-0.021354756878281478,0.0,3.718741936609149e-06,8.192524321556594e-07
5951488,-3.6689540138468146e-05,0.8196484823711216,-0.03021500664181076,0.0,8.127099135890603e-07,8.021846731524174e-07
5952512,-0.00013485003728419542,0.06116767879575491,-0.03273473986337194,0.0,1.4390971045941114e-06,7.851169141491755e-07
5953536,-4.8359870561398566e-05,0.047045724117197096,-0.020486751323915087,0.0,7.374619599431753e-07,7.680491551459334e-07
5954560,-0.00016364461043849587,0.07717124954797328,-0.02217628387234072,0.0,4.262343281880021e-06,7.509813961426914e-07
5955584,1.0795367415994406e-05,0.3739325483329594,-0.029703072817937937,0.0,3.33995558321476e-07,7.339136371394383e-07
5956608,-0.00013770870282314718,0.05207108473405242,-0.02524903386438382,0.0,4.811372491531074e-06,7.168458781361964e-07
5957632,-0.00014468669542111456,0.05265547672752291,-0.021092951561513473,0.0,1.739870640449226e-06,6.997781191329544e-07
5958656,5.860216333530843e-06,0.7999609299004078,-0.039625240402529016,0.0,1.4661054592579603e-07,6.827103601297124e-07
5959680,-5.391184822656214e-05,0.11269770085345954,-0.021416215211502276,0.0,6.422196747735143e-07,6.656426011264705e-07
5960704,-4.153800546191633e-05,0.05157897528260946,-0.016443522017652867,0.0,8.330971468240023e-07,6.485748421232285e-07
5961728,-2.332584699615836e-05,0.03898214106447995,-0.018969804765220033,0.0,2.10275175049901e-07,6.315070831199865e-07
5962752,-8.716731099411845e-05,0.044769565283786505,-0.017179560435579333,0.0,1.4373508747667074e-06,6.144393241167446e-07
5963776,-1.85431053978391e-05,0.5651207133196294,-0.03234056392102502,0.0,2.594024408608675e-07,5.973715651135026e-07
5964800,-1.307700586039573e-05,0.33223460568115115,-0.02681426164053846,0.0,7.737253326922655e-08,5.803038061102606e-07
5965824,-0.00012150511611253023,0.1750433063134551,-0.01893546290375525,0.0,2.8946378733962774e-06,5.632360471070187e-07
5966848,-2.3793865693733096e-05,0.053187292302027345,-0.020283827354433015,0.0,2.9602961149066687e-07,5.461682881037766e-07
5967872,9.110663086175919e-07,0.4179762591375038,-0.031935006903950125,0.0,1.131265889853239e-07,5.291005291005346e-07
5968896,3.66513486369513e-05,0.6068140950519592,-0.03607467177789658,0.0,1.4177931006997824e-07,5.120327700972815e-07
5969920,-2.8082708013243973e-05,0.060736240819096565,-0.015402007806187612,0.0,1.1990778148174286e-07,4.949650110940396e-07
5970944,-6.632463191635907e-05,0.3930801546666771,-0.02493585327283654,0.0,1.075095497071743e-07,4.778972520907976e-07
5971968,-0.00011351730790920556,0.3177892214152962,-0.033141083957161754,0.0,4.6350760385394096e-07,4.608294930875556e-07
5972992,-9.797076927497983e-06,0.0653914586873725,-0.01980239483236801,0.0,7.942435331642628e-08,4.4376173408431365e-07
5974016,-1.832119596656412e-05,0.04214877856429666,-0.01999612242798321,0.0,1.2035889085382223e-07,4.266939750810717e-07
5975040,-4.22412995249033e-05,0.1258151560323313,-0.023291499050174025,0.0,3.6132405512034893e-07,4.096262160778297e-07
5976064,-9.670486906543374e-05,0.06579650403000414,-0.01875776314500399,0.0,6.280315574258566e-07,3.9255845707458774e-07
5977088,-9.276678611058742e-06,0.08339586656074971,-0.020159896994300652,0.0,7.583003025501966e-08,3.754906980713457e-07
5978112,-1.8540071323513985e-05,0.08817674894817173,-0.01917956315446645,0.0,1.0927033144980669e-07,3.5842293906810375e-07
5979136,-1.5363184502348304e-05,0.03799904481275007,-0.01612303331057774,0.0,7.895869202911854e-08,3.413551800648618e-07
5980160,-4.9194786697626114e-05,0.07942524552345276,-0.01942507378407754,0.0,1.7925049178302288e-07,3.242874210616198e-07
5981184,-1.1415831977501512e-05,0.03562840528320521,-0.020342479343526065,0.0,1.3058888725936413e-07,3.072196620583667e-07
5982208,-4.046190588269383e-05,0.0406223360914737,-0.016985318725346588,0.0,3.6008714232593775e-07,2.9015190305512475e-07
5983232,-2.6530178729444742e-06,0.06038864597212523,-0.019374086498828547,0.0,2.130400389432907e-08,2.730841440518828e-07
5984256,-9.415991371497512e-06,0.3123052652226761,-0.027087678241514368,0.0,5.046604201197624e-08,2.5601638504864076e-07
5985280,-1.343288749922067e-05,0.08416076831053942,-0.026205463818769203,0.0,1.2043165042996407e-07,2.389486260453988e-07
5986304,-6.198330083861947e-06,0.08728979877196252,-0.021391710211901227,0.0,5.0538801588118076e-08,2.2188086704215682e-07
5987328,-9.364172001369298e-06,0.0639315745793283,-0.018752857777144527,0.0,2.4607288651168346e-08,2.0481310803891485e-07
5988352,-4.7473935410380363e-05,0.13108761049807072,-0.01861172938515665,0.0,2.6781344786286354e-07,1.8774534903567286e-07
5989376,-8.290793630294502e-06,0.06103568314574659,-0.017296517733484507,0.0,3.070454113185406e-08,1.706775900324309e-07
5990400,-6.325593858491629e-06,0.667769814375788,-0.034264040004927665,0.0,8.250935934484005e-09,1.5360983102918892e-07
5991424,-1.3562195817939937e-05,0.05784057860728353,-0.01792353672317404,0.0,2.7997884899377823e-08,1.3654207202594692e-07
5992448,-9.900046279653907e-06,0.0639842483215034,-0.02044892379126395,0.0,3.8300640881061554e-08,1.1947431302270496e-07
5993472,-3.609689883887768e-06,0.0432181183132343,-0.01796410546376137,0.0,2.5029294192790985e-09,1.0240655401945187e-07
5994496,-1.8797421944327652e-05,0.09576036175712943,-0.022740980522939935,0.0,2.075103111565113e-08,8.53387950162099e-08
5995520,-2.3971369955688715e-06,0.04239938809769228,-0.017530727418488823,0.0,3.8708094507455826e-09,6.827103601296792e-08
5996544,-6.811023922637105e-08,0.03274864476406947,-0.01632807451824192,0.0,3.521563485264778e-09,5.1203277009725934e-08
5997568,-2.2345047909766436e-06,0.43083964567631483,-0.02937570388894528,0.0,7.712515071034431e-10,3.413551800648396e-08
5998592,-6.559421308338642e-07,0.06855281663592905,-0.02187676376706804,0.0,4.220055416226387e-10,1.706775900324198e-08
5999616,-2.3283064365386963e-09,0.06714289233786985,-0.01812813816104608,0.0,-5.820766091346741e-11,0.0
