timestep,policy_loss,value_loss,entropy_loss,clip_fraction,approx_kl,learning_rate
1024,0.00020570497144944966,4.22034639492631,-0.6898999931290746,0.0,0.003341298521263525,0.0002996926229508197
2048,-0.004872009230894037,4.118486423045397,-0.687571220099926,0.033203125,0.00587568998162169,0.0002993852459016393
3072,-0.007176174462074414,2.3196774534881115,-0.6751859271898866,0.09423828125,0.009116018525674008,0.000299077868852459
4096,-0.007956288463901728,1.224795120768249,-0.6512718824669719,0.079345703125,0.006828089302871376,0.00029877049180327867
5120,-0.015396763614262454,0.9185000322759151,-0.6079441197216511,0.116455078125,0.008418290948611684,0.0002984631147540983
6144,-0.020928240250214003,0.4681446277536452,-0.5509193716570735,0.16162109375,0.011991443156148307,0.000298155737704918
7168,-0.013145068602170795,0.17240892525296658,-0.4929422540590167,0.10400390625,0.007553993695182726,0.00029784836065573767
8192,-0.01521409978158772,0.2084187165601179,-0.411482990719378,0.11083984375,0.012993233423912898,0.00029754098360655737
9216,-0.02157679667288903,0.20950078504392877,-0.42611565021798015,0.143310546875,0.01320246871910058,0.000297233606557377
10240,-0.010920977190835401,0.023973475908860564,-0.4169375831261277,0.072265625,0.005938325499300845,0.0002969262295081967
11264,-0.012045135808875784,0.06620319015928544,-0.3694904330186546,0.11767578125,0.01035012193460716,0.00029661885245901637
12288,-0.012107349088182673,0.06021533100283705,-0.3775536031462252,0.090087890625,0.006908922834554687,0.00029631147540983607
13312,-0.02115568103181431,0.1598828795249574,-0.3620969457551837,0.080322265625,0.010443035360367503,0.0002960040983606557
14336,-0.007886781269917265,0.1693451323080808,-0.3473565811291337,0.05810546875,0.005857661475602072,0.00029569672131147536
15360,-0.011792845187301282,0.22210064250975847,-0.35875765373930335,0.088134765625,0.010739919343905058,0.00029538934426229506
16384,-0.010602036345517263,0.2580487593077123,-0.3639157800935209,0.096923828125,0.013029640256718267,0.0002950819672131147
17408,-0.005319793403032236,0.20216381386853755,-0.35093845427036285,0.06591796875,0.006135907540738117,0.0002947745901639344
18432,-0.009961334719264414,0.1476786123821512,-0.3520682421512902,0.0888671875,0.011279766287771054,0.00029446721311475406
19456,-0.014320352769573219,0.1448021437972784,-0.3363912459462881,0.081298828125,0.009478764535742812,0.00029415983606557376
20480,-0.0069813316949876025,0.1385177894262597,-0.2889149966649711,0.0791015625,0.008952363168646116,0.0002938524590163934
21504,-0.004897853963484522,0.13460703450255096,-0.2899321587756276,0.099609375,0.011959360308537725,0.0002935450819672131
22528,-0.008367784608708462,0.11763248103670776,-0.25908382376655936,0.09130859375,0.01426359757897444,0.00029323770491803276
23552,-0.00847662313026376,0.06487673817900941,-0.2978574796579778,0.12109375,0.01249903262942098,0.0002929303278688524
24576,-0.01297925591643434,0.11816617276053876,-0.328255370259285,0.065185546875,0.006570951976755168,0.0002926229508196721
25600,-0.014547496131854132,0.11854964843951166,-0.3630327843129635,0.1357421875,0.01635659770545317,0.00029231557377049175
26624,-0.008104509986878838,0.18983718182425946,-0.3637640792876482,0.099365234375,0.009554172764183022,0.00029200819672131145
27648,-0.013305891334312037,0.16233324841596186,-0.32778653036803007,0.11865234375,0.017061212165572215,0.0002917008196721311
28672,-0.009685300108685624,0.10900400625541806,-0.3103095933329314,0.108642578125,0.010393416960141622,0.0002913934426229508
29696,-0.007582667178212432,0.24030284164473414,-0.3508326858282089,0.076171875,0.007462063331331592,0.00029108606557377045
30720,-0.012795718019333435,0.133388917776756,-0.3366672405973077,0.09765625,0.009001765822176822,0.00029077868852459015
31744,-0.007314952803426422,0.14369673770852387,-0.3025956484489143,0.055908203125,0.005366836579923984,0.0002904713114754098
32768,-0.011611616166192107,0.14441395667381585,-0.31834372598677874,0.075439453125,0.0077785484900232404,0.00029016393442622945
33792,-0.009714024381537456,0.13933474465738982,-0.3065436838660389,0.076904296875,0.008641634478408378,0.00028985655737704915
34816,-0.012471805279346881,0.09731605852721259,-0.29538043052889407,0.108154296875,0.009087614613235928,0.00028954918032786885
35840,-0.005925827463215683,0.18880656990222633,-0.28047492168843746,0.05908203125,0.00746606237225933,0.0002892418032786885
36864,-0.00487730088934768,0.08894999889889732,-0.28208929928950965,0.08447265625,0.010121639978024177,0.0002889344262295082
37888,-0.011552512216439936,0.12435596238356084,-0.3182112853974104,0.126953125,0.011868511661305092,0.00028862704918032785
38912,-0.007946340941998642,0.09898981833248399,-0.2843421157449484,0.083251953125,0.01010038784443168,0.00028831967213114755
39936,-0.010058776519144885,0.15737569954944775,-0.2602137627545744,0.1201171875,0.011899276978510898,0.0002880122950819672
40960,-0.01066034748509992,0.13166457891929895,-0.29532715445384383,0.089111328125,0.010066260656458326,0.00028770491803278684
41984,-0.009707595396321267,0.10400642192689702,-0.2916582585312426,0.109130859375,0.009892090463836212,0.00028739754098360654
43008,-0.008841216294968035,0.2961623359005898,-0.28671744279563427,0.08544921875,0.010463124432135373,0.0002870901639344262
44032,-0.01472141269914573,0.2691512368619442,-0.2892630354035646,0.07958984375,0.007817379650077783,0.0002867827868852459
45056,-0.0035981297769467346,0.18312559701735154,-0.27826375840231776,0.125244140625,0.013399807750829495,0.00028647540983606554
46080,-0.009390776343934704,0.41712743509560823,-0.2876561584416777,0.099365234375,0.010133780422620475,0.00028616803278688524
47104,-0.009146854936261661,0.2445413414388895,-0.3087690561078489,0.08642578125,0.00941286217130255,0.0002858606557377049
48128,-0.012201728372019716,0.8609141013585031,-0.36652813851833344,0.100341796875,0.007219652456115,0.0002855532786885246
49152,-0.01089948377921246,0.9211689252406359,-0.379558514803648,0.08349609375,0.007730064215138555,0.00028524590163934424
50176,-0.011363304700353183,0.5265294178389013,-0.2836020558606833,0.08056640625,0.008864806666679215,0.0002849385245901639
51200,-0.009549167727527674,0.20948102266993374,-0.2478135817218572,0.076416015625,0.010226687496469822,0.0002846311475409836
52224,-0.011385229969164357,0.26667596865445375,-0.2369102886877954,0.094482421875,0.017192430430441163,0.00028432377049180323
53248,-0.009628663508919999,0.1540788314305246,-0.2210841525811702,0.07421875,0.010600738038192503,0.00028401639344262294
54272,-0.007804814988048747,0.20707486104220152,-0.24663275014609098,0.078369140625,0.008957323145295959,0.0002837090163934426
55296,-0.0071167139103636146,0.17751126480288804,-0.20304809999652207,0.068603515625,0.009109979888307862,0.0002834016393442623
56320,-0.007005686496995622,0.1113918119808659,-0.1868113811360672,0.0654296875,0.010046872470411472,0.00028309426229508193
57344,-0.008135219919495285,0.19729367503896356,-0.22986805229447782,0.126708984375,0.017121930788562167,0.00028278688524590163
58368,-0.0016563355893595144,0.0939293357077986,-0.20051983383018523,0.0712890625,0.013503393252904061,0.0002824795081967213
59392,-0.0002893700002459809,0.06594153813784942,-0.20749893807806075,0.0830078125,0.011211359189474024,0.00028217213114754093
60416,-0.009493221426964737,0.12068163452204317,-0.22218023403547704,0.08935546875,0.009323757120000664,0.00028186475409836063
61440,-0.005971416598185897,0.1505364525364712,-0.216287761926651,0.0966796875,0.012736455981212202,0.0002815573770491803
62464,-0.0008785168756730855,0.09891895967302844,-0.22694264049641788,0.076171875,0.009403814350662287,0.00028125
63488,-0.0034499471075832844,0.1918390418868512,-0.24807445146143436,0.089599609375,0.009480891603743657,0.0002809426229508196
64512,-0.006257110959268175,0.16364115744363517,-0.23497678292915225,0.06201171875,0.007778318562486675,0.00028063524590163933
65536,-0.005162913235835731,0.12798129068687558,-0.22604510956443846,0.057373046875,0.00825968790013576,0.00028032786885245903
66560,-0.005750500444264617,0.07360423661884852,-0.20290266769006848,0.07958984375,0.007570277382910717,0.0002800204918032787
67584,-0.007705329466261901,0.10046622494701296,-0.23867796338163316,0.06884765625,0.009280636426410638,0.0002797131147540983
68608,-0.008923612105718348,0.13338096981169656,-0.24010762386023998,0.06103515625,0.007950888641062193,0.00027940573770491797
69632,-0.010147638560738415,0.2225525474641472,-0.2362271600868553,0.073486328125,0.009086595084227156,0.00027909836065573767
70656,-0.008775393071118742,0.24757818994112313,-0.2375216030050069,0.078369140625,0.014497213560389355,0.0002787909836065574
71680,0.001757015532348305,0.30491350998636335,-0.2741855983622372,0.117431640625,0.015856881043873727,0.000278483606557377
72704,0.0012392758071655408,1.2449515033513308,-0.3332331217825413,0.082763671875,0.007107512188667897,0.0002781762295081967
73728,-0.0053982113968231715,0.428341202205047,-0.2881005199160427,0.0986328125,0.008641772459668573,0.00027786885245901637
74752,-0.006316554572549649,0.6557877832092345,-0.28684936952777207,0.052001953125,0.0051850016170646995,0.00027756147540983607
75776,-0.008695003183674999,0.9625235740095377,-0.3319241660647094,0.121826171875,0.011145386939460877,0.0002772540983606557
76800,-0.0019146551057929173,0.396523225819692,-0.27006345824338496,0.06298828125,0.0055914010081323795,0.00027694672131147537
77824,-0.008388442030991428,0.4124981811037287,-0.24908637790940702,0.088134765625,0.010789438274514396,0.00027663934426229507
78848,-0.012435837401426397,0.6177553320303559,-0.28259124560281634,0.10107421875,0.009863304119789973,0.0002763319672131147
79872,-0.007699958165176213,0.42777040030341595,-0.2352157023269683,0.068603515625,0.006554664949362632,0.0002760245901639344
80896,-0.0135945412403089,0.31059790099970996,-0.2110594678670168,0.10205078125,0.010506222031835932,0.00027571721311475406
81920,-0.009777507963008247,0.08136251429095864,-0.19480670313350856,0.07275390625,0.008506284197210334,0.00027540983606557377
82944,-0.01067844396311557,0.08824317523976788,-0.20052089181263,0.1044921875,0.013605908061435912,0.0002751024590163934
83968,-0.006321846431092126,0.06830398176680319,-0.21481093275360763,0.080810546875,0.013344721832254436,0.0002747950819672131
84992,-0.007954260112455813,0.08056634571403265,-0.20222061267122626,0.084228515625,0.014457443423452787,0.00027448770491803276
86016,-0.011790626085712574,0.08684434785391204,-0.22474009077996016,0.06640625,0.010026028649008367,0.0002741803278688524
87040,-0.0011178110362379812,0.07651514158351347,-0.23755410546436906,0.066650390625,0.009255331642634701,0.0002738729508196721
88064,-0.005231399401964154,0.03480091526580509,-0.1917743415106088,0.0595703125,0.0069789651679457165,0.00027356557377049176
89088,-0.006027800285664853,0.09048730941140093,-0.2065291036851704,0.084228515625,0.013893553463276476,0.00027325819672131146
90112,-0.008759498392464593,0.08910173733602278,-0.20524143893271685,0.0791015625,0.015378901458461769,0.0002729508196721311
91136,-0.0006995300791459158,0.05550012848107144,-0.2122532611247152,0.072021484375,0.008453945643850602,0.0002726434426229508
92160,-0.005379866390285315,0.08496539469342679,-0.20966897788457572,0.061279296875,0.00657693030370865,0.00027233606557377046
93184,-0.009898001590045169,0.09825437108520418,-0.21971052954904735,0.075927734375,0.013611576323455665,0.0002720286885245901
94208,-0.010614187973260414,0.1724716970929876,-0.216512763639912,0.08740234375,0.009734399842272978,0.0002717213114754098
95232,-0.011056650007958524,0.14573877747170627,-0.24150065216235816,0.091796875,0.011544039814907592,0.00027141393442622945
96256,-0.010158040866372176,0.2306843401165679,-0.26908477768301964,0.0732421875,0.009206438830005936,0.00027110655737704915
97280,-0.007993290841113776,0.4716764912009239,-0.2704872926697135,0.095458984375,0.01089239899738459,0.0002707991803278688
98304,-0.003208602916856762,0.4782004307489842,-0.26527265296317637,0.056884765625,0.0052255272239563055,0.0002704918032786885
99328,-0.01058678147091996,0.8924408266320825,-0.3054751215968281,0.09130859375,0.006123353530711029,0.0002701844262295082
100352,0.00465866104059387,0.48498114268295467,-0.26660071942023933,0.0654296875,0.006299104592471849,0.00026987704918032785
101376,-0.007042563200229779,0.569363106507808,-0.27717973408289254,0.0693359375,0.006972639195737429,0.00026956967213114755
102400,-0.010493318099179305,0.4613932769279927,-0.2779974890872836,0.076416015625,0.008014505736355204,0.00026926229508196715
103424,-0.006377894740580814,0.1573948187287897,-0.23396552470512688,0.060791015625,0.005379379552323371,0.00026895491803278685
104448,-0.010401483687019208,0.17917916149599478,-0.1951636963058263,0.079345703125,0.010266179597238079,0.00026864754098360655
105472,-0.00861252105096355,0.08105154652730562,-0.20156393689103425,0.081787109375,0.008423243918514345,0.0002683401639344262
106496,-0.008673760377860162,0.08667173952562734,-0.1943460034672171,0.072509765625,0.01009075695037609,0.0002680327868852459
107520,-0.009058720483153593,0.17007173300953582,-0.1925398666644469,0.066162109375,0.010135017684660852,0.00026772540983606555
108544,-0.0017223566173925065,0.23597297281958163,-0.23494650144129992,0.09423828125,0.010804565827129409,0.00026741803278688525
109568,-0.010968384507577866,0.08808546949876472,-0.23384591634385288,0.108642578125,0.014105111345998012,0.0002671106557377049
110592,-0.0012809527470381,0.24660569848492742,-0.22789246821776032,0.08935546875,0.012088698604202364,0.0002668032786885246
111616,-0.012790533597581089,0.1654411275521852,-0.23018780024722219,0.085693359375,0.009855607961071655,0.00026649590163934424
112640,-0.012581766131916083,0.1464347222354263,-0.22922110394574702,0.069580078125,0.007924086843559053,0.0002661885245901639
113664,-0.010589332327072043,0.49371358565986156,-0.23617188935168087,0.07958984375,0.009138506851741113,0.0002658811475409836
114688,-0.011168021897901781,0.455478050513193,-0.22621020022779703,0.075439453125,0.009578837707522325,0.00026557377049180324
115712,-0.007703507566475309,0.21901001315563917,-0.1999045533593744,0.06591796875,0.011601322337810416,0.00026526639344262294
116736,-0.011725713731721044,0.09884189331205562,-0.2212491175159812,0.10986328125,0.015035466727567837,0.0002649590163934426
117760,-0.005724519418436103,0.05327222475898452,-0.22396168345585465,0.0810546875,0.020814551098737866,0.0002646516393442623
118784,-0.009713185878354125,0.09769583941670135,-0.2310303868725896,0.100341796875,0.016417195969552267,0.00026434426229508194
119808,-0.010913551217527129,0.31105784652754664,-0.2638220980297774,0.091064453125,0.009806833215407096,0.00026403688524590164
120832,-0.007128054327040445,0.4040992660447955,-0.28561924933455884,0.093994140625,0.010827648831764236,0.0002637295081967213
121856,-0.009487835428444669,0.312868129927665,-0.27546104276552796,0.09423828125,0.009589329398295376,0.00026342213114754093
122880,-0.014079193832003511,0.24774011422414333,-0.2643999217543751,0.116455078125,0.014312862265796866,0.00026311475409836063
123904,-0.02218682089005597,0.5813887645490468,-0.3245085417293012,0.16162109375,0.03064665393321775,0.0002628073770491803
124928,0.000220068046473898,0.7737552342005074,-0.39059189427644014,0.1220703125,0.013708773694816045,0.0002625
125952,-0.0035371219273656607,0.617720550391823,-0.409256957937032,0.104736328125,0.010254593355057295,0.00026219262295081963
126976,-0.004438936077349354,0.19501983269583434,-0.42497533513233066,0.08837890625,0.006732356931024697,0.00026188524590163933
128000,-0.010310359168215655,0.06596851398353465,-0.44176118029281497,0.1337890625,0.014651720091933385,0.000261577868852459
129024,-0.0014386477414518595,0.028783746805856936,-0.43623891985043883,0.123046875,0.01240799294464523,0.0002612704918032787
130048,-0.005989494973619003,0.04686677183053689,-0.43708121683448553,0.089111328125,0.00904545536468504,0.00026096311475409833
131072,-0.00564449728699401,0.0057846525796776405,-0.4452625634148717,0.132568359375,0.00918594947870588,0.000260655737704918
132096,-0.006007190197124146,0.024396415101364255,-0.4498763009905815,0.12060546875,0.01070809939847095,0.0002603483606557377
133120,-0.007226921210531145,0.07147710351273417,-0.4588442975655198,0.056396484375,0.005245970700343605,0.0002600409836065573
134144,-0.004753448320116149,0.13517545850481838,-0.4281752025708556,0.070068359375,0.006629049064940773,0.000259733606557377
135168,-0.010678728347556898,0.07531950864358805,-0.46124680899083614,0.060791015625,0.008064392721280456,0.00025942622950819673
136192,-0.008646444854093716,0.012193655904411571,-0.47258947882801294,0.11572265625,0.014252837783715222,0.0002591188524590164
137216,-0.014829201536485925,0.05550606678298209,-0.47843636153265834,0.136962890625,0.015108386272913776,0.000258811475409836
138240,-0.009741162328282371,0.22167424263898283,-0.4168984303250909,0.0849609375,0.009229936251358595,0.0002585040983606557
139264,-0.005483171116793528,0.470571874640882,-0.3630032683722675,0.06298828125,0.008600560664490331,0.00025819672131147537
140288,-0.009971752180717885,0.4396245018579066,-0.2763004826847464,0.071044921875,0.007360892697761301,0.0002578893442622951
141312,-0.015410479492857121,0.42026939895004034,-0.27773316157981753,0.07080078125,0.008238197850005236,0.0002575819672131147
142336,-0.009178357126074843,0.43797175819054246,-0.2650415028911084,0.05712890625,0.0059958451965940185,0.0002572745901639344
143360,-0.013420144954579882,0.31595175829716027,-0.2575665363110602,0.0693359375,0.007594935050292406,0.00025696721311475407
144384,-0.008472875364532229,0.35284568602219224,-0.26398452115245163,0.077392578125,0.008383268359466456,0.00025665983606557377
145408,-0.009623008401831612,0.2560250428505242,-0.2562327270861715,0.068603515625,0.006817609413701575,0.0002563524590163934
146432,-0.012110087351175025,0.23085249972064048,-0.233658482786268,0.094482421875,0.011658595380140468,0.00025604508196721307
147456,-0.010878777669859119,0.26853285264223814,-0.24845921085216105,0.061767578125,0.006970854090468492,0.00025573770491803277
148480,-0.008840091970341746,0.17628688749391586,-0.22822629055008292,0.048828125,0.007314441550988704,0.0002554303278688524
149504,-0.01392627273889957,0.16550585720688105,-0.26107830461114645,0.109375,0.012865014185081236,0.0002551229508196721
150528,-0.009818967766477726,0.15102807123912498,-0.253936369670555,0.078125,0.008768084859184455,0.00025481557377049176
151552,-0.01138315474963747,0.1571124136680737,-0.22879320941865444,0.052978515625,0.007588544860482216,0.00025450819672131146
152576,-0.010796738599310629,0.11222436267416924,-0.24387708958238363,0.123779296875,0.01498356627416797,0.0002542008196721311
153600,-0.013225813643657602,0.20527007337659597,-0.25342848035506904,0.07177734375,0.008795577326964121,0.0002538934426229508
154624,-0.01341510458587436,0.4092328823171556,-0.23653524345718324,0.069091796875,0.007952748863317538,0.00025358606557377046
155648,-0.0054976842511678115,0.12124221789417788,-0.21875992068089545,0.0654296875,0.0076775940106017515,0.0002532786885245901
156672,-0.011016380725777708,0.3028880020137876,-0.21350422338582575,0.0732421875,0.009689978869573679,0.0002529713114754098
157696,-0.011329272427246906,0.1371822421788238,-0.23311956995166838,0.072509765625,0.013192065991461277,0.00025266393442622946
158720,-0.009098113128857221,0.2991387314395979,-0.24570174934342504,0.07080078125,0.008251365507021546,0.00025235655737704916
159744,-0.012050851313688327,0.12129155563889071,-0.23416122561320662,0.057861328125,0.007310971072001848,0.0002520491803278688
160768,-0.012138027763285208,0.3016955351922661,-0.22787300613708794,0.073974609375,0.008363055443624035,0.0002517418032786885
161792,-0.00904384239402134,0.13616703235311434,-0.22238893737085164,0.05517578125,0.00536596158053726,0.00025143442622950816
162816,-0.004671807389968308,0.0937333531328477,-0.2322712205350399,0.046630859375,0.0047276319965021685,0.00025112704918032786
163840,-0.005896569273318164,0.4250833070836961,-0.23617732734419405,0.053466796875,0.006005342642311007,0.00025081967213114756
164864,-0.007793343174853362,0.0751700768887531,-0.2008389262482524,0.06689453125,0.005894426481972914,0.00025051229508196715
165888,-0.010412676914711483,0.24177057424094528,-0.21088933432474732,0.08349609375,0.009573127717885654,0.0002502049180327869
166912,-0.007780546206049621,0.17363474372541532,-0.20710052805952728,0.092529296875,0.013194701132306363,0.0002498975409836065
167936,-0.007167583433329128,0.08463558641960844,-0.20181543182116002,0.04150390625,0.00899172398931114,0.0002495901639344262
168960,-0.007925690624688286,0.27699399401899427,-0.18689414917025715,0.06591796875,0.007844075335015077,0.0002492827868852459
169984,-0.01061929100251291,0.06323243121732958,-0.18443922162987292,0.078369140625,0.01128423675254453,0.00024897540983606555
171008,-0.007539159276348073,0.10230689961463213,-0.17587138898670673,0.065673828125,0.007469486576155759,0.00024866803278688525
172032,-0.010314534021745203,0.14270042080897838,-0.17465524084400386,0.06884765625,0.00948298394359881,0.0002483606557377049
173056,-0.0070898571430007,0.08436602444271557,-0.17323544865939766,0.061767578125,0.010244547651382163,0.0002480532786885246
174080,-0.0066909975139424205,0.11744088080013171,-0.18549680011346936,0.06396484375,0.011445314972661436,0.00024774590163934425
175104,-0.004590949174598791,0.11541315593058243,-0.19686791487038136,0.0625,0.009712021237646695,0.00024743852459016395
176128,0.012904829141916707,0.2475172362755984,-0.19789394887629896,0.044189453125,0.012891962003777735,0.0002471311475409836
177152,-0.005251160589978099,0.15383214369649068,-0.18722295213956386,0.060302734375,0.00873877076082863,0.00024682377049180324
178176,-0.005384470576245803,0.0882590140827233,-0.2196337734349072,0.1064453125,0.009467275092902128,0.00024651639344262295
179200,-0.006263357485295273,0.10502819242537953,-0.21788081363774836,0.064208984375,0.005883159567019902,0.0002462090163934426
180224,-0.007822404375474434,0.24989867757540196,-0.2019088271772489,0.068359375,0.009796079670195468,0.0002459016393442623
181248,-0.00864296562212985,0.2681161069776863,-0.20621447241865098,0.054931640625,0.007316771254409105,0.00024559426229508194
182272,-0.008965073924628086,0.0825293728557881,-0.201119962381199,0.074462890625,0.008290016441605985,0.00024528688524590164
183296,-0.008355702013432165,0.17208433733321726,-0.2045079693198204,0.05517578125,0.0056556393901701085,0.0002449795081967213
184320,-0.006740712902683299,0.4458095566369593,-0.24862669757567346,0.07666015625,0.007938002258015331,0.00024467213114754094
185344,-0.008467063395073637,0.7251048926264048,-0.25486649782396853,0.07763671875,0.007052997731079813,0.00024436475409836064
186368,-0.0017160853167297319,0.9909290936775506,-0.27395091857761145,0.064208984375,0.006054961180780083,0.00024405737704918031
187392,-0.009731232392368838,0.2603980270214379,-0.18937449948862195,0.06982421875,0.007762352717691101,0.00024375
188416,-0.008006959767953958,0.1902896712999791,-0.20013176382053643,0.04541015625,0.006423117600206751,0.00024344262295081966
189440,-0.009242635816917755,0.23760402167681605,-0.19217670848593116,0.057861328125,0.011047946391045116,0.00024313524590163934
190464,-0.006237655259610619,0.15620977291837335,-0.17076082807034254,0.05419921875,0.005310524866217747,0.000242827868852459
191488,-0.00775957773294067,0.17609128914773464,-0.1860325422603637,0.08154296875,0.007787048576574307,0.0002425204918032787
192512,-0.010246991194435395,0.5193062433972955,-0.18425787112209946,0.07763671875,0.010029403776570689,0.00024221311475409833
193536,-0.01117472943951725,0.3486509944777936,-0.17461828072555363,0.048828125,0.00786824797251029,0.000241905737704918
194560,-0.005891327426070347,0.35638518794439733,-0.1538293493213132,0.037109375,0.005406540760304779,0.00024159836065573768
195584,-0.010293314182490576,0.3890416400972754,-0.2039460341911763,0.0380859375,0.006386104199918918,0.00024129098360655736
196608,-0.0066378405899740756,0.23763158172369003,-0.19327353849075735,0.040771484375,0.009451496727706399,0.00024098360655737703
197632,-0.00999539410986472,0.6620815484784544,-0.20319681568071246,0.07666015625,0.016358644330466632,0.0002406762295081967
198656,-0.007553077768534422,0.22518081322778016,-0.17151234834454954,0.055419921875,0.00580584371346049,0.00024036885245901638
199680,-0.0068996679910924286,0.24162244435865432,-0.16969490854535252,0.04541015625,0.006825761767686345,0.00024006147540983603
200704,-0.003571922017727047,1.1601674361154437,-0.24058832158334553,0.05712890625,0.006913409888511524,0.00023975409836065573
201728,-0.01012959244690137,0.5231162600684911,-0.14916630054358393,0.044189453125,0.007692100865824614,0.00023944672131147538
202752,-0.005993728504108731,0.466883547604084,-0.15586694225203246,0.024169921875,0.0034403080207994208,0.00023913934426229505
203776,-0.00563993192918133,0.5906712748110294,-0.14467578660696745,0.048828125,0.0056256774987559766,0.00023883196721311473
204800,-0.002632127594552003,1.2533568940125406,-0.14868486381601542,0.04296875,0.0048825409830897115,0.0002385245901639344
205824,-0.004645439636078663,0.7517592343501747,-0.14131031616125256,0.044677734375,0.004756056347105186,0.00023821721311475407
206848,-0.0035397331885178573,0.38997804396785796,-0.10976448759902269,0.024658203125,0.0027822833508253098,0.00023790983606557375
207872,-0.004058718011947349,0.6288887709379196,-0.09736892802175134,0.02880859375,0.002698326345125679,0.00023760245901639342
208896,-0.0077447372386814095,0.6098855650052428,-0.1354867343325168,0.03515625,0.006566737407410983,0.00023729508196721307
209920,-0.005461227956402581,0.5708538684993982,-0.12430076533928514,0.0224609375,0.004606899427017197,0.00023698770491803277
210944,-0.007402496790746227,0.9252853225916624,-0.15134439314715564,0.054443359375,0.0048269317267113365,0.00023668032786885242
211968,-0.0032674867688911036,0.45535754365846515,-0.10418752185069025,0.030029296875,0.00612934613309335,0.0002363729508196721
212992,-0.005213919859670568,0.5781165300868452,-0.12017541017848998,0.0234375,0.0038576462538912892,0.00023606557377049177
214016,-0.005004598620871548,0.7992866612039506,-0.1500600439030677,0.019287109375,0.003296516035334207,0.00023575819672131144
215040,-0.004770062456373125,0.5577715532854199,-0.08056331845000386,0.0322265625,0.005650573024468031,0.00023545081967213112
216064,-0.004239578411215916,0.5428446140140295,-0.11136237345635891,0.028564453125,0.003441311295318883,0.00023514344262295082
217088,-0.00455721108301077,0.6446374910883605,-0.11093667038949206,0.023681640625,0.002335602039238438,0.0002348360655737705
218112,-0.0034527789321145974,0.6127141951583326,-0.10189465468283743,0.02099609375,0.0020279405362089165,0.0002345286885245901
219136,-0.005962369410553947,0.6082894550636411,-0.1003024656092748,0.05078125,0.005097356784972362,0.00023422131147540984
220160,-0.006488445811555721,0.6110391118563712,-0.11813204432837665,0.040771484375,0.005154321879672352,0.0002339139344262295
221184,-0.007327046128921211,1.1654127817600965,-0.1524193601217121,0.041748046875,0.0040385525790043175,0.00023360655737704916
222208,-0.0028965447563678026,1.3852755073457956,-0.14932144433259964,0.047119140625,0.004535678199317772,0.00023329918032786884
223232,-0.0026158728906011675,0.6671633806545287,-0.08156164988758974,0.015869140625,0.0018390915283816867,0.0002329918032786885
224256,-0.007405926451610867,1.032985552214086,-0.13057439238764346,0.05126953125,0.005208549366216175,0.0002326844262295082
225280,-0.003211760391423013,1.637659770436585,-0.18343129276763648,0.054443359375,0.005165781061805319,0.00023237704918032786
226304,-0.005060722935013473,1.286937695927918,-0.16034017433412373,0.0380859375,0.003451893775491044,0.00023206967213114754
227328,-0.0035489829097059555,1.1634573051705956,-0.15264186006970704,0.034912109375,0.003910404884663876,0.00023176229508196718
228352,-0.0006237224224605598,1.393954492174089,-0.14989863079972565,0.0185546875,0.0023631759104318917,0.00023145491803278688
229376,-0.008458743381197564,1.5931909689679742,-0.1539563392288983,0.046142578125,0.005623413788271137,0.00023114754098360653
230400,-0.005893501554965042,0.9869737317785621,-0.12036112416535616,0.028564453125,0.005213141594140325,0.0002308401639344262
231424,-0.004024960329843452,1.4253005841746926,-0.18102535197976977,0.043212890625,0.003239604724512901,0.00023053278688524588
232448,-0.0016801229721750133,0.812346410471946,-0.09749490005197003,0.030029296875,0.0032029510475695133,0.00023022540983606556
233472,-0.005053503467934206,1.036806220188737,-0.11084756866330281,0.039306640625,0.005735395126976073,0.00022991803278688523
234496,-0.004992504145775456,0.8255542470142245,-0.09480551985325292,0.039306640625,0.006187175895320252,0.0002296106557377049
235520,-0.007825883018085733,0.6012977953068912,-0.07522619297378697,0.0361328125,0.004976244948920794,0.00022930327868852458
236544,-0.004359837315860204,1.157575087621808,-0.10174312244635075,0.03564453125,0.0038760478928452358,0.00022899590163934423
237568,-0.007775599537126254,0.6803731261752546,-0.11161379015538841,0.037109375,0.004568830889184028,0.00022868852459016393
238592,-0.004186627724266145,0.6146584381349385,-0.08568922866834328,0.028076171875,0.003513722258503549,0.00022838114754098358
239616,-0.0033840397372841835,0.5415597474202514,-0.10761887341504917,0.03125,0.004200603310891893,0.00022807377049180325
240640,-0.002185095028835349,0.5861473372206092,-0.05360194548848085,0.020751953125,0.002757822905550711,0.00022776639344262292
241664,-0.0041670900682220235,0.7378135533072054,-0.07569442718522623,0.02783203125,0.0033472237264504656,0.0002274590163934426
242688,-0.006912465862114914,0.8185434616170824,-0.10393561271484941,0.03173828125,0.006107416375016328,0.00022715163934426227
243712,-0.0031542683427687734,1.4352362034842372,-0.1537165583577007,0.028076171875,0.004269864301022608,0.00022684426229508195
244736,-0.0052276279020588845,1.6434951582923532,-0.15450255549512804,0.038818359375,0.00465334238106152,0.00022653688524590162
245760,-0.003668868805107195,0.8851502942852676,-0.1304145794128999,0.026611328125,0.004731627268483862,0.00022622950819672127
246784,-0.006543872368638404,2.066461023874581,-0.19806837011128664,0.05078125,0.006409845766029321,0.00022592213114754094
247808,-0.0033173411939060315,0.7540726107545197,-0.13358095020521432,0.044921875,0.005521400285942946,0.00022561475409836062
248832,-0.006441509853175376,1.319100999739021,-0.13206863403320312,0.048583984375,0.009047956875292584,0.0002253073770491803
249856,-0.0019307585607748479,0.7534594642929733,-0.07850888825487345,0.017578125,0.0025259873073082417,0.000225
250880,-0.0031024200361571275,0.6924541592597961,-0.07239976996788755,0.029052734375,0.004831690370338038,0.00022469262295081967
251904,-0.0030391856707865372,1.3277152571827173,-0.11799558537313715,0.034912109375,0.004180101816018578,0.00022438524590163934
252928,-0.0018972483449033462,0.48656561551615596,-0.09075843397295102,0.0390625,0.008568037635996006,0.00022407786885245896
253952,-0.003225899847166147,0.4283113977871835,-0.08982202730840072,0.034423828125,0.007256136719661299,0.0002237704918032787
254976,-0.0048450662434333935,0.4016105066984892,-0.07263305806554854,0.03076171875,0.004813772073248401,0.00022346311475409834
256000,-0.006001286761602387,1.0230368161574006,-0.13048831187188625,0.044189453125,0.006601395230973139,0.00022315573770491804
257024,-0.004282291531126248,0.6288241376169026,-0.05508488879422657,0.01416015625,0.0019064863154198974,0.0002228483606557377
258048,-0.008580164721934125,0.9513329560868442,-0.11261015082709491,0.04248046875,0.009550807837513275,0.00022254098360655736
259072,-0.0030318137287395075,0.4748995113186538,-0.08227550296578556,0.023681640625,0.005366765755752567,0.00022223360655737704
260096,-0.005841820711793844,0.5582774092908949,-0.08098914654692635,0.023681640625,0.005023176323447842,0.0002219262295081967
261120,-0.005077620007796213,0.5263371313922107,-0.06741704844171181,0.02490234375,0.004271722515113652,0.00022161885245901639
262144,-0.003944838070310652,0.7244796645827591,-0.09069405595073476,0.0205078125,0.002249628996651154,0.00022131147540983603
263168,-0.005681698330590734,0.7793830567970872,-0.1220521624200046,0.036865234375,0.00503136265615467,0.00022100409836065573
264192,-0.0038838450782350264,0.7198401489295065,-0.09396475291578099,0.024658203125,0.0046695870769326575,0.00022069672131147538
265216,-0.002553028560214443,1.918480983003974,-0.12332560447975993,0.043701171875,0.00547325980005553,0.00022038934426229508
266240,-0.0033333313767798245,0.8750132210552692,-0.1018449972034432,0.0263671875,0.0032940056116785854,0.00022008196721311473
267264,-0.004197245154500706,1.2056651045568287,-0.09354489750694484,0.028564453125,0.002587310336821247,0.0002197745901639344
268288,-0.004525099364400376,0.7557114944793284,-0.10222032939782366,0.02001953125,0.001877784299722407,0.00021946721311475408
269312,-0.002198403497459367,0.790779166854918,-0.0916199316852726,0.04296875,0.0053727302147308365,0.00021915983606557375
270336,-0.005917485956160817,0.8082376914098859,-0.0964400414377451,0.0361328125,0.0035822961290250532,0.00021885245901639343
271360,-0.002515835964004509,0.527489660307765,-0.07253471729927696,0.023681640625,0.004161916222074069,0.00021854508196721308
272384,-0.005036029007897014,0.9047608934342861,-0.07532961573451757,0.016845703125,0.002596448983240407,0.00021823770491803278
273408,-0.005958036839729175,1.1007677880115807,-0.08046148234279826,0.0244140625,0.0028026754371239804,0.00021793032786885242
274432,-0.0031940597618813626,1.3158267503604293,-0.10203750617802143,0.0244140625,0.0024732638121349737,0.0002176229508196721
275456,-0.006142112586530857,1.1580874738283455,-0.09331159549765289,0.04052734375,0.0069023089308757335,0.00021731557377049177
276480,-0.004895644946373068,0.8471454149112105,-0.08231297403108329,0.020751953125,0.002810783109453041,0.00021700819672131145
277504,-0.004616939415427623,0.6970810329075903,-0.08474889711942524,0.014404296875,0.002433830057270825,0.00021670081967213112
278528,-0.004306654816900846,1.3597630048170686,-0.10301885480294004,0.036865234375,0.0050118416620534845,0.0002163934426229508
279552,-0.0036789314981433563,0.9234350738115609,-0.059704408049583435,0.026123046875,0.0055796233646105975,0.00021608606557377047
280576,-0.005693389204679988,1.0396587955765426,-0.10895695723593235,0.04345703125,0.007096152970916592,0.00021577868852459012
281600,-0.002251702349894913,0.5798091744072735,-0.07226588256889954,0.02490234375,0.0058466116825002246,0.00021547131147540985
282624,-0.0038331747346092016,0.8012222377583385,-0.09103431418770924,0.027587890625,0.005802436702651903,0.00021516393442622947
283648,-0.00635709309426602,0.7829814907163382,-0.09326235926710069,0.029541015625,0.003328294631501194,0.00021485655737704914
284672,-0.00328060668107355,1.011575372889638,-0.06821800547186285,0.02099609375,0.006162309124192689,0.00021454918032786884
285696,-0.0044804624922107905,1.159119201824069,-0.09348075481830165,0.020263671875,0.00343737692310242,0.00021424180327868852
286720,-0.003526022410369478,0.7777426401153207,-0.078282042988576,0.028076171875,0.003289959844551049,0.0002139344262295082
287744,-0.00297887648048345,1.7617309018969536,-0.12291742931120098,0.041748046875,0.00710597590659745,0.00021362704918032787
288768,-0.004338355407526251,0.4440925703383982,-0.08065098250517622,0.0361328125,0.00381590399047127,0.00021331967213114754
289792,-0.0016716821119189262,1.239015935920179,-0.0955335121252574,0.016845703125,0.002647465364134405,0.0002130122950819672
290816,-0.005458372776047327,0.6063228882849216,-0.07808698440203443,0.028564453125,0.0031478130840696394,0.0002127049180327869
291840,-0.004638655576854944,1.0529023935087025,-0.10365363903110847,0.0224609375,0.0023466186685254797,0.00021239754098360654
292864,-0.004335795390943531,1.361380826216191,-0.10525259515270591,0.02490234375,0.0038342174811987206,0.0002120901639344262
293888,-0.007198385399533436,1.7606799462810159,-0.14286617294419557,0.040283203125,0.006375510682119057,0.00021178278688524589
294912,-0.003851094939818722,0.8895166600123048,-0.09079250186914578,0.03515625,0.004177950351731852,0.00021147540983606556
295936,-0.005255116135231219,1.154595305211842,-0.12694881216157228,0.041015625,0.005298254036461003,0.00021116803278688524
296960,-0.007877394389652181,1.076332119293511,-0.10837878583697602,0.029296875,0.003311485175800044,0.00021086065573770488
297984,-0.005268395689199679,2.8620538394898176,-0.18245358171407133,0.063720703125,0.019790833895967808,0.00021055327868852458
299008,-0.002724231206229888,1.2660057889297605,-0.1041853599017486,0.037353515625,0.004382637162052561,0.00021024590163934423
300032,-0.006841163340141065,0.44266493851318955,-0.06423283583717421,0.025390625,0.003998418789706193,0.00020993852459016393
301056,-0.008155787974828854,0.9060299303382635,-0.08981636335374787,0.036376953125,0.00974396811943734,0.00020963114754098358
302080,-0.004736882779980078,0.5611564244609326,-0.08470051776384935,0.023681640625,0.003536379233992193,0.00020932377049180325
303104,-0.004141758516198024,1.2629139926284552,-0.11613304249476641,0.022216796875,0.0034489817116991617,0.00020901639344262293
304128,-0.0035627714387374,1.0894580371677876,-0.10176038183271885,0.023681640625,0.003394327373825945,0.0002087090163934426
305152,-0.008506007870892063,1.0079276715405285,-0.12767375528346747,0.035888671875,0.004430745051649865,0.00020840163934426228
306176,-0.006075542696635239,0.8515885514207184,-0.08916251518530771,0.03515625,0.006043236797268037,0.00020809426229508193
307200,-0.0071376177365891635,1.1314174821600318,-0.1165479541523382,0.039794921875,0.005968179408228025,0.00020778688524590163
308224,-0.004126660765905399,0.8993881461210549,-0.1094365458120592,0.0263671875,0.004075081473274622,0.00020747950819672127
309248,-0.0035656085165101103,0.6728345672599971,-0.08036464359611273,0.035400390625,0.003915884917660151,0.00020717213114754098
310272,-0.004498012436670251,1.0361587554216385,-0.09427453787066042,0.0390625,0.009248851383745205,0.00020686475409836062
311296,-0.005731512632337399,0.7730842805467546,-0.09904237528098747,0.039794921875,0.0052053986946702935,0.0002065573770491803
312320,-0.0037754606673843227,0.4635640298947692,-0.082289868616499,0.024169921875,0.0034983022342203185,0.00020624999999999997
313344,-0.005428071497590281,1.0577100324444473,-0.10429849894717336,0.02734375,0.005382750299759209,0.00020594262295081965
314368,-0.00371314947551582,1.0136375883594155,-0.1429763095220551,0.056396484375,0.010148241111892276,0.00020563524590163932
315392,-0.010797635906783398,0.7776507646776736,-0.13434505747864023,0.0537109375,0.01229974179295823,0.00020532786885245897
316416,-0.008434337447397411,0.7888304190710187,-0.11419810581719503,0.03564453125,0.0139801854165853,0.0002050204918032787
317440,0.00556450604199199,1.7734273513779044,-0.13949954567942768,0.03466796875,0.0051720330156967975,0.00020471311475409832
318464,-0.00040718507079873234,1.085048251785338,-0.10852301120758057,0.0322265625,0.006018015214067418,0.00020440573770491805
319488,-0.004073913689353503,0.586549548432231,-0.08828409598208964,0.03076171875,0.002822944530635141,0.0002040983606557377
320512,-0.003996797924628481,0.47144919401034713,-0.06896177664748393,0.013427734375,0.0028222644177731127,0.00020379098360655737
321536,-0.004827713702979963,1.0539572723209858,-0.10699304298032075,0.05615234375,0.00963560843229061,0.00020348360655737704
322560,-0.007274207397131249,0.8806309518404305,-0.12758247915189713,0.033203125,0.003667460427095648,0.00020317622950819672
323584,-0.004702899052063003,0.5289365220814943,-0.09864436485804617,0.030517578125,0.0030567019930458628,0.0002028688524590164
324608,-0.0041093118852586485,0.680720454081893,-0.07991943982779048,0.029296875,0.009135345986578614,0.00020256147540983604
325632,-0.008382581476325868,0.5812252736650407,-0.06789872108493,0.028076171875,0.0060474167912616394,0.00020225409836065574
326656,-0.0030575114287785254,0.48000373551622033,-0.06319273891858757,0.02294921875,0.004809296799066942,0.0002019467213114754
327680,-0.005403019167715684,0.4246180427726358,-0.051284597866469994,0.02099609375,0.003982157555583399,0.0002016393442622951
328704,-0.006860940957267303,0.7214163057506084,-0.08873301930725574,0.028564453125,0.004036784259369597,0.00020133196721311474
329728,-0.0033661200213828124,0.3478631996549666,-0.040920446008385625,0.021484375,0.003748721632291563,0.0002010245901639344
330752,-0.0019491690982249565,0.5772944549098611,-0.06271515000844374,0.0234375,0.00396724801248638,0.00020071721311475408
331776,-0.0028496147206169553,0.45321555179543793,-0.0524449136282783,0.0263671875,0.00441848230548203,0.00020040983606557376
332800,-0.0038066696579335257,0.7682325481437147,-0.08251450018724427,0.032470703125,0.005074509834230412,0.00020010245901639343
333824,-0.0009618585099815391,0.5674717989750206,-0.0607637553330278,0.015625,0.003558049284038134,0.00019979508196721308
334848,-0.003246535827202024,0.471394524211064,-0.048922127520199865,0.02001953125,0.0017426166596123949,0.00019948770491803278
335872,-0.004742455821542535,0.8576714978553355,-0.07651955098845065,0.024169921875,0.004443097503099125,0.00019918032786885243
336896,-0.004183847133390373,0.2209307502489537,-0.052012460451805964,0.02880859375,0.005856606090674177,0.0001988729508196721
337920,-0.00429563475336181,0.8029611981473863,-0.10097554366802797,0.0263671875,0.0027216596135986038,0.00019856557377049178
338944,-0.003536407748470083,0.9277868056669831,-0.08494614937808365,0.0234375,0.004871887584158685,0.00019825819672131145
339968,-0.0028950444102520123,0.5198963470757008,-0.06754233664833009,0.024169921875,0.003142524918075651,0.00019795081967213113
340992,-0.0026262974133715034,0.2277270124759525,-0.04145873412198853,0.022216796875,0.003463937624474056,0.0001976434426229508
342016,-0.0018521555175539106,0.548147230874747,-0.05305964658327866,0.016845703125,0.0033474473748356104,0.00019733606557377048
343040,-0.007529001217335463,0.9253209074959159,-0.07814383914228529,0.034912109375,0.006941158280824311,0.00019702868852459012
344064,-0.003104735485976562,0.6173351949546486,-0.0761011365102604,0.025146484375,0.0034217904685647227,0.00019672131147540983
345088,-0.0041606866143411025,1.538041157182306,-0.08447739318944514,0.021728515625,0.0026673190004657954,0.00019641393442622947
346112,-0.003442233086389024,0.8680950608104467,-0.0738011050852947,0.025390625,0.004057567501149606,0.00019610655737704915
347136,-0.004714254420832731,0.2968541141599417,-0.05918346774706151,0.024658203125,0.007008592212514486,0.00019579918032786882
348160,-0.003987978372606449,0.5863310904242098,-0.04923574099666439,0.023681640625,0.004047049515065737,0.0001954918032786885
349184,-0.00819052759470651,0.6912093709688634,-0.07704426540294662,0.035888671875,0.006693445589917246,0.0001951844262295082
350208,0.0049273266340605915,8.184016861021519,-0.3604952385649085,0.096923828125,0.012852314481278881,0.00019487704918032787
351232,-0.001543553102237638,4.684251556172967,-0.2505958550609648,0.0771484375,0.0076499502756632864,0.00019456967213114755
352256,-0.003375321910425555,0.2833150348160416,-0.04658684002060909,0.023193359375,0.003724936301296111,0.00019426229508196717
353280,-0.00724689090566244,0.8113866052590311,-0.06650515733053908,0.037353515625,0.007957665526191704,0.0001939549180327869
354304,-0.0033548656610946637,0.2504576640203595,-0.041792342395638116,0.01953125,0.004189365281490609,0.00019364754098360654
355328,-0.001994587822991889,0.2794859199784696,-0.03155577268626075,0.017333984375,0.006417963246349245,0.00019334016393442622
356352,-0.0008814520042506047,0.3415382787352428,-0.03180783419520594,0.019287109375,0.005017755247536115,0.0001930327868852459
357376,-0.0037363831943366677,0.9257812164723873,-0.06452525474014692,0.026123046875,0.004305602153181098,0.00019272540983606557
358400,-0.0029348844836931676,0.44743955857120454,-0.05407564126653597,0.01904296875,0.005234853022557218,0.00019241803278688524
359424,-0.0030616956792073324,0.5970077025704086,-0.04744444423704408,0.021484375,0.0037553549263975583,0.0001921106557377049
360448,-0.007803878441336565,1.3388190204277635,-0.08377672429196537,0.04296875,0.007083742319082376,0.0001918032786885246
361472,0.0031359651766251773,0.17476112209260464,-0.030172930099070072,0.013427734375,0.0027438370598247275,0.00019149590163934424
362496,-0.004888494993792847,1.0474384003318846,-0.07842404500115663,0.0166015625,0.005337793474609498,0.00019118852459016394
363520,-0.004044373403303325,0.5282671714667231,-0.06178860180079937,0.02685546875,0.004675551950640511,0.00019088114754098359
364544,-0.0023397362456307746,0.6518293560948223,-0.055035434663295746,0.01953125,0.004429213309776969,0.00019057377049180326
365568,-0.00444895020336844,0.5285944537026808,-0.051832075929269195,0.026123046875,0.00477196308929706,0.00019026639344262293
366592,-0.001998718740651384,0.7155335505958647,-0.06573786056833342,0.0322265625,0.005362714451621287,0.0001899590163934426
367616,-0.0055764118587831035,0.6919320868328214,-0.0751632736355532,0.037353515625,0.005006986961234361,0.00018965163934426228
368640,-0.005993432991090231,1.3770019551739097,-0.08486133272526786,0.04443359375,0.004592546742060222,0.00018934426229508193
369664,-0.0020949588069925085,0.21130062465090305,-0.03461256298760418,0.0205078125,0.005243559375230689,0.00018903688524590163
370688,0.0005813980096718296,2.9742643856443465,-0.15193604468367994,0.0830078125,0.008229087077779695,0.00018872950819672128
371712,0.003311653868877329,4.969036739319563,-0.23550269985571504,0.1171875,0.010723328865424264,0.00018842213114754098
372736,-0.0042967311455868185,3.497802121564746,-0.15493947837967426,0.044677734375,0.003919886505173054,0.00018811475409836063
373760,-0.0032173103390960023,4.746944431215525,-0.2086008251644671,0.04931640625,0.007576085670734756,0.0001878073770491803
374784,-0.005847387823450845,5.191582020372152,-0.2374169654212892,0.084716796875,0.005916914829867892,0.00018749999999999998
375808,-0.006323883884761017,9.743321284651756,-0.4071202795021236,0.136962890625,0.013884719024645165,0.00018719262295081965
376832,-0.0004826826334465295,2.253284150734544,-0.15976778627373278,0.050537109375,0.005194073877646588,0.00018688524590163933
377856,0.0014280782779678702,1.3015918415039778,-0.08605471166083589,0.0263671875,0.0021137481453479268,0.00018657786885245897
378880,-0.0029438746641972102,0.8773870780132711,-0.06738022132776678,0.025146484375,0.002893756238336209,0.00018627049180327867
379904,-0.0071199679805431515,0.6302059930749238,-0.06267963955178857,0.052001953125,0.008542316063540056,0.00018596311475409832
380928,-0.002457117101585027,0.9405472697690129,-0.08321650355355814,0.031494140625,0.006426746869692579,0.00018565573770491805
381952,-0.004803333489689976,1.041285403072834,-0.09464581476640888,0.026611328125,0.0041074104883591644,0.00018534836065573767
382976,-0.003064952754357364,0.43756680143997073,-0.04480801634781528,0.017333984375,0.0042541012007859536,0.00018504098360655735
384000,-0.006720091027091257,1.0114638758823276,-0.07286759346607141,0.024658203125,0.003267512693128083,0.00018473360655737705
385024,-0.0015654374001314864,0.1643920720089227,-0.03484275242954027,0.017333984375,0.0032744802738307044,0.00018442622950819672
386048,-0.004198275142698549,0.9447344676591456,-0.0825136955245398,0.032470703125,0.005410390978795476,0.0001841188524590164
387072,-0.006272038699535187,0.2710003398824483,-0.04003047462902032,0.0234375,0.0044030553617631085,0.00018381147540983602
388096,-0.0028394542532623746,0.33852386474609375,-0.042280059758923016,0.0205078125,0.0038230861973715946,0.00018350409836065574
389120,-0.004066698980750516,1.4302085563540459,-0.07385191094363108,0.032470703125,0.006054434627003502,0.0001831967213114754
390144,-0.00711581738141831,1.1453015585429966,-0.07132163509959355,0.020263671875,0.0020105955554754473,0.0001828893442622951
391168,-0.004124890481762122,0.4038779786787927,-0.043903346959268674,0.023193359375,0.004333449440309778,0.00018258196721311474
392192,-0.0066818135674111545,2.3462417777627707,-0.1654981883475557,0.074462890625,0.008943639739300124,0.00018227459016393442
393216,-0.005543874896829948,2.036350986920297,-0.156564686098136,0.082763671875,0.007139086206734646,0.0001819672131147541
394240,-0.00424005241075065,0.7583800214342773,-0.050371218407235574,0.027587890625,0.0036749928985955194,0.00018165983606557376
395264,-0.0029582928691525012,0.6831420757807791,-0.044894868216942996,0.013916015625,0.0033947104966500774,0.00018135245901639344
396288,-0.0015756218490423635,0.5594701734371483,-0.0501565178274177,0.018310546875,0.005120353802340105,0.00018104508196721309
397312,-0.0027902025358343963,0.3198097498388961,-0.05121442499512341,0.035888671875,0.005146216972207185,0.0001807377049180328
398336,0.0015494612598558888,0.18432060373015702,-0.039536735814181156,0.02197265625,0.004760679839819204,0.00018043032786885243
399360,-0.0026448175340192392,0.6070387200452387,-0.05861132047721185,0.027587890625,0.006138803189969622,0.0001801229508196721
400384,-0.005750512325903401,0.5033378943335265,-0.0439216130762361,0.021240234375,0.0065319886125507765,0.00017981557377049178
401408,-0.0022186601599969435,1.1084610954858363,-0.05482863410725258,0.0205078125,0.0025271219565183856,0.00017950819672131146
402432,-0.002204658190748887,0.7771831683348864,-0.046334857841429766,0.0234375,0.004121115918678697,0.00017920081967213113
403456,-0.003220790771592874,0.4663847293704748,-0.04379021705244668,0.024169921875,0.008727686050406191,0.0001788934426229508
404480,-0.004183397119049914,0.23584732227027416,-0.03689289325848222,0.0234375,0.00466639638034394,0.00017858606557377048
405504,-0.003155108090140857,0.5868967033457011,-0.06740050145890564,0.03662109375,0.005549570450966712,0.00017827868852459013
406528,-0.0030828107992419973,0.6096817839425057,-0.04124844030593522,0.017333984375,0.0043187872870475985,0.00017797131147540983
407552,-0.0031695336947450414,0.8750699625816196,-0.06359379540663213,0.02880859375,0.0029407786423689686,0.00017766393442622948
408576,-0.0012680595827987418,0.5343366854358464,-0.04809393032337539,0.0166015625,0.0032228572745225392,0.00017735655737704915
409600,-0.0019064490297751036,0.22468907060101628,-0.0309918532075244,0.018798828125,0.003244614701543469,0.00017704918032786883
410624,-0.0012680788058787584,0.707241352647543,-0.06076629788731225,0.025634765625,0.006883083071443252,0.0001767418032786885
411648,-0.002281755609146785,0.21019274310674518,-0.029051347642962355,0.016357421875,0.0029374291116255336,0.00017643442622950818
412672,-0.002334309792786371,0.3846853374270722,-0.04171125193533953,0.0205078125,0.004286024777684361,0.00017612704918032785
413696,-0.0024842445127433166,0.19013647339306772,-0.02944218500488205,0.01318359375,0.0052215927935321815,0.00017581967213114755
414720,-0.0026343667414039373,0.2892139973118901,-0.03950845757208299,0.028076171875,0.005511756993655581,0.00017551229508196717
415744,-0.002301714917848585,0.4418549094116315,-0.038089331254013814,0.013916015625,0.004345668356108945,0.0001752049180327869
416768,-0.007985574004123919,0.7114751401823014,-0.06702865866827779,0.033203125,0.0056242965802084655,0.00017489754098360652
417792,-0.0022708755859639496,0.43169446667889133,-0.03670600445184391,0.017578125,0.0021220021226326935,0.0001745901639344262
418816,-0.003135107304842677,0.12368158716708422,-0.027686738714692183,0.016845703125,0.0037852058158023283,0.0001742827868852459
419840,-0.0021901199652347714,0.3573853758862242,-0.04007071448722854,0.0166015625,0.0023580523338750936,0.00017397540983606557
420864,-0.00040275930587085895,0.5704258708283305,-0.049326200009090826,0.02197265625,0.003971562153310515,0.00017366803278688525
421888,-0.0033746385743143037,0.8162225093692541,-0.056963302922667935,0.0224609375,0.0031309048135881312,0.00017336065573770487
422912,-0.006996523363341112,0.10863634117413312,-0.03980879982555052,0.042236328125,0.01600587192660896,0.0001730532786885246
423936,-0.0028067308958270587,0.11597186734434217,-0.038168013703398174,0.02490234375,0.005806610963190906,0.00017274590163934424
424960,-0.002147139617591165,2.9896876458078623,-0.15713142917957157,0.0673828125,0.0063213377725332975,0.00017243852459016394
425984,-0.00804816485469928,1.973531449213624,-0.1138906687265262,0.048583984375,0.004426987768965773,0.0001721311475409836
427008,-0.004650669718103018,0.9990650829859078,-0.06339253662736155,0.02490234375,0.005075039196526632,0.00017182377049180326
428032,0.0006008607451803982,0.8425831655040383,-0.071031342522474,0.033203125,0.0032673030655132607,0.00017151639344262294
429056,-0.0008196432172553614,0.49117969919461757,-0.0526127686680411,0.023681640625,0.005827749089803547,0.0001712090163934426
430080,-0.0024019222692004405,0.16845402284525335,-0.03414122985122958,0.024169921875,0.004477534952457063,0.0001709016393442623
431104,-0.00017681054305285215,3.54428019374609,-0.24475603667087853,0.056640625,0.005303917721903417,0.00017059426229508194
432128,-0.0007366239951807074,1.5710764713585377,-0.11025683872867376,0.04931640625,0.004298890751670115,0.00017028688524590164
433152,-0.00642286789661739,0.8162878404837102,-0.07050270578474738,0.03564453125,0.0034440794188412838,0.00016997950819672128
434176,-0.005861374651431106,1.2995992209762335,-0.08811445225728676,0.02880859375,0.004110822032089345,0.00016967213114754099
435200,-0.002968111184600275,0.13800986303249374,-0.03351538519200403,0.017578125,0.005464928864967078,0.00016936475409836063
436224,-0.003071957857173402,0.12615580018609762,-0.028325471561402082,0.01953125,0.0061855728417867795,0.0001690573770491803
437248,-0.008636130523882457,0.3948016008362174,-0.040306195412995294,0.032470703125,0.005964770061837044,0.00016874999999999998
438272,-0.005855752322531771,0.6710859639570117,-0.06445120842545293,0.032958984375,0.00533081990579376,0.00016844262295081966
439296,-0.0034328106085013133,0.485482570133172,-0.04853576171444729,0.024169921875,0.0037735727964900434,0.00016813524590163933
440320,-0.001581324147991836,0.8325748497154564,-0.0773929784190841,0.0302734375,0.005604750906059053,0.00016782786885245898
441344,-0.006358612343319692,0.43845801684074104,-0.057743488578125834,0.02490234375,0.006925829591637012,0.00016752049180327868
442368,-0.0049083119665738195,1.5047773038968444,-0.09198608534643427,0.034423828125,0.003519799982313998,0.00016721311475409833
443392,-0.0022339425231621135,0.8080092167947441,-0.054045588069129735,0.0302734375,0.005047516533522867,0.00016690573770491803
444416,-0.005477540194988251,1.219492461066693,-0.09834371542092413,0.028564453125,0.003197098347300198,0.00016659836065573768
445440,-0.003528989107508096,0.9307689645793289,-0.05695278462371789,0.017822265625,0.002945675005321391,0.00016629098360655735
446464,-0.006321009364910424,1.245760418009013,-0.0768056740052998,0.02197265625,0.002951121990918182,0.00016598360655737702
447488,-0.0015671310902689584,0.46709036151878536,-0.04211598712390696,0.01318359375,0.0019237347005400807,0.0001656762295081967
448512,-0.005332523338438477,1.438990299589932,-0.09377495374064893,0.03466796875,0.0052690097654704005,0.0001653688524590164
449536,-0.006956159479159396,1.249256884213537,-0.0916091093677096,0.039306640625,0.004002432979177684,0.00016506147540983602
450560,-0.009496156097156927,0.5678461538627744,-0.07397464982932433,0.04345703125,0.004937364639772568,0.00016475409836065575
451584,-0.0011597296070249286,0.4804749714676291,-0.04021104265120812,0.015869140625,0.00608081969403429,0.00016444672131147537
452608,-0.005748165986005915,0.5874332895036787,-0.06447785336058587,0.03369140625,0.005584271981206257,0.0001641393442622951
453632,-0.00696440690808231,1.3668677429668605,-0.08937273343326524,0.0498046875,0.006154455797513947,0.00016383196721311475
454656,-0.0029162861974327825,1.5098628299310803,-0.10114080703351647,0.03466796875,0.0031952226272551343,0.00016352459016393442
455680,-0.005373402964323759,2.289103296585381,-0.10049921501195058,0.0458984375,0.004759271352668293,0.0001632172131147541
456704,-0.005443976917376858,2.2367601403966546,-0.11441279284190387,0.025634765625,0.003829642620985396,0.00016290983606557377
457728,-0.004986864936654456,1.196946760173887,-0.06843831407604739,0.01953125,0.0023758203751640394,0.00016260245901639344
458752,-0.006601759960176423,0.6787772453390062,-0.0603510252549313,0.02734375,0.006741241129930131,0.0001622950819672131
459776,-0.0031446939829038456,0.19484727003145963,-0.030340750086907065,0.014892578125,0.003362329771334771,0.0001619877049180328
460800,-0.002667630797077436,0.30629551387391984,-0.03202328427141765,0.015869140625,0.004331694915890694,0.00016168032786885244
461824,-0.003432394289120566,0.6206473633646965,-0.04876580776181072,0.015625,0.0023592237921548076,0.00016137295081967211
462848,-0.002782745628792327,1.0915411384776235,-0.06684691144619137,0.018310546875,0.0036306094480096363,0.0001610655737704918
463872,-0.0019413389709370676,0.42531649745069444,-0.03584618137392681,0.0146484375,0.005730576413043309,0.00016075819672131146
464896,-0.002129022788722068,0.5237362736370414,-0.05252392354304902,0.014892578125,0.0017829751232056879,0.00016045081967213114
465920,-0.006226535784662701,0.3421780418138951,-0.04255890935019124,0.021240234375,0.005137925727467518,0.0001601434426229508
466944,-0.0008884744529495947,0.7214814049657434,-0.058347022539237514,0.025634765625,0.004215869201289024,0.00015983606557377049
467968,-0.004109089393750764,1.5348966596648097,-0.07961635373067111,0.024658203125,0.004585112779750489,0.00015952868852459013
468992,-0.003431932822422823,0.41441265877801925,-0.05863377670175396,0.01416015625,0.0017201052978634834,0.00015922131147540984
470016,-0.004509396221692441,0.9171303906477988,-0.052326459233881906,0.0205078125,0.00865954217442777,0.00015891393442622948
471040,-0.002118547447025776,0.13671807805076241,-0.036639817008108366,0.01806640625,0.004683494094933849,0.00015860655737704916
472064,-0.0032351765694329515,0.768388036871329,-0.06291493109893054,0.02490234375,0.0058028916755574755,0.00015829918032786883
473088,-0.004481780692003667,0.566020455211401,-0.05139143284759484,0.018798828125,0.0029900869412813336,0.0001579918032786885
474112,-0.0031136874749790877,0.6397130033001304,-0.06027143044047989,0.017333984375,0.0023569433178636245,0.00015768442622950818
475136,-0.0011481020483188331,0.23202163353562355,-0.03283958727843128,0.011962890625,0.0020588950719684362,0.00015737704918032785
476160,-0.0035090099190711044,0.21397993911523372,-0.044915510501596145,0.023193359375,0.004802665003808215,0.00015706967213114753
477184,-0.0015358857999672182,0.4054597116773948,-0.04786605163826607,0.015869140625,0.0019683002392412163,0.00015676229508196718
478208,-0.003212864867236931,0.3549081307137385,-0.041430010125623085,0.015625,0.0023309803582378663,0.00015645491803278688
479232,-0.0032245028924080543,0.09926354372873902,-0.033490005385829136,0.01806640625,0.0018539790689828806,0.00015614754098360653
480256,-0.0019011916156159714,0.1381791428430006,-0.02925246000813786,0.015869140625,0.003648097175755538,0.0001558401639344262
481280,-0.0027210589760215953,0.40769762720447034,-0.042608429925167,0.017578125,0.003459882689639926,0.00015553278688524587
482304,0.0059090038485010155,0.09727881010621786,-0.033929202836588956,0.028564453125,0.010258489681291394,0.00015522540983606555
483328,-0.0029981151965330355,0.6922991196624935,-0.04780392977409065,0.01611328125,0.003281598816101905,0.00015491803278688525
484352,-0.0022518159021274187,0.5443299778271466,-0.04451840490219183,0.018310546875,0.004554100443783682,0.00015461065573770487
485376,-0.003107926000666339,0.6888876927550882,-0.05336226930376142,0.017578125,0.0026686964629334398,0.0001543032786885246
486400,-0.005965928168734536,0.25693941849749535,-0.03603909708908759,0.0244140625,0.006710805384500418,0.00015399590163934422
487424,-0.0018235151583212428,0.48821667465381324,-0.04829301354766358,0.02734375,0.004741282180475537,0.00015368852459016395
488448,-0.002358181751333177,0.8078246358782053,-0.04697256427971297,0.02978515625,0.003720058739418164,0.0001533811475409836
489472,-0.001769121030520182,0.5424049845896661,-0.03865668584330706,0.01806640625,0.0037525059378822334,0.00015307377049180327
490496,-0.0012516689021140337,0.11030480568297207,-0.024640158208057983,0.017578125,0.004860137254581787,0.00015276639344262294
491520,-0.0013454812142299488,0.6175644248723984,-0.03945173409738345,0.014892578125,0.0032276555721182376,0.00015245901639344262
492544,-0.002000456297537312,0.37716585863381624,-0.04447724361671135,0.017822265625,0.0023390460046357475,0.0001521516393442623
493568,-0.0017409907595720142,0.26606428623199463,-0.037515560041356366,0.01611328125,0.0022244825668167323,0.00015184426229508194
494592,-0.004391725509776734,1.230336245149374,-0.05921525222947821,0.01708984375,0.003022938130015973,0.00015153688524590164
495616,-0.0021303779940353706,0.5221667925361544,-0.041308966421638615,0.024169921875,0.005779229475592729,0.0001512295081967213
496640,-0.004512771207373589,0.23004568391479552,-0.03637620445806533,0.021240234375,0.0038698074567946605,0.000150922131147541
497664,-0.0029916948114987463,0.8551631378941238,-0.05978641449473798,0.01416015625,0.0015732589017716236,0.00015061475409836064
498688,-0.004790548380697146,0.9144715610891581,-0.0682195077824872,0.023681640625,0.004723905825812835,0.0001503073770491803
499712,-0.0013812537072226405,0.26548562478274107,-0.03560798637045082,0.020751953125,0.0060539367914316244,0.00015
500736,-0.0022274406874203123,0.16374187159817666,-0.04064036473573651,0.01953125,0.004192660424450878,0.00014969262295081966
501760,-0.004743128578411415,0.28697309410199523,-0.04752290353644639,0.016845703125,0.004000988286861684,0.00014938524590163934
502784,-0.0032417021138826385,0.4344686110271141,-0.0444025656033773,0.0234375,0.006031010132574011,0.000149077868852459
503808,-0.004318747945944779,0.1457990831695497,-0.03241095849807607,0.021728515625,0.006760773758287542,0.00014877049180327868
504832,-0.0031135730459936894,0.8373257699422538,-0.06271883195222472,0.01953125,0.005234554584603757,0.00014846311475409833
505856,-0.001752794356434606,0.3050822678487748,-0.039368307843687944,0.02099609375,0.0036860812397208065,0.000148155737704918
506880,-0.0001821750011004042,0.4128823756473139,-0.04626542897312902,0.02978515625,0.005975452186248731,0.00014784836065573768
507904,-0.005580641911365092,0.3938923333771527,-0.04912629138561897,0.028076171875,0.007229673792608082,0.00014754098360655736
508928,-0.002181538424338214,0.09503676387248561,-0.027808414579340024,0.014404296875,0.0037064709395053796,0.00014723360655737703
509952,-0.00199821796559263,0.4029695250792429,-0.039426531599019654,0.010009765625,0.0025207698126905598,0.0001469262295081967
510976,-0.003939519687264692,0.42040922737214714,-0.04352575045777485,0.025634765625,0.004676101736549754,0.00014661885245901638
512000,-0.006487615522928536,0.5257586380466819,-0.05282762768911198,0.024169921875,0.007108593905286398,0.00014631147540983605
513024,-0.0027778922449215315,0.6588304268661886,-0.055157748982310295,0.015625,0.001811655136407353,0.00014600409836065575
514048,-0.00226732457667822,0.5043677061330527,-0.04419332495672279,0.024169921875,0.005216514946368989,0.00014569672131147537
515072,-0.0018791622278513387,0.8050238105934113,-0.04721017548581585,0.0126953125,0.0012277240311959758,0.00014538934426229505
516096,-0.0022554524039151147,0.444437796715647,-0.04090798081779212,0.017822265625,0.004083795152837411,0.00014508196721311472
517120,-0.0023192315184132895,0.35950830089859664,-0.037852233930607326,0.0185546875,0.0069211715963319875,0.00014477459016393443
518144,-0.002221142127382336,0.43200567178428173,-0.03491485463746358,0.01318359375,0.0032523819099878892,0.0001444672131147541
519168,-0.0029756315634585917,0.6962415422312915,-0.05132699079695158,0.03173828125,0.005437090650957543,0.00014415983606557377
520192,-0.0015427965263370425,0.1424528505303897,-0.02583505620350479,0.015869140625,0.003932093299226835,0.00014385245901639345
521216,-0.005297850075294264,0.3956902850186452,-0.03377370430098381,0.016845703125,0.004633512122381944,0.00014354508196721312
522240,-0.003504190819512587,0.11611549067310989,-0.03471655861358158,0.01904296875,0.005223163629125338,0.00014323770491803277
523264,-0.0016745775355957448,0.7154683128464967,-0.040628744318382815,0.01416015625,0.0025178325377055444,0.00014293032786885244
524288,-0.0019697051393450238,0.47703807172365487,-0.03779627933181473,0.013671875,0.003777322948735673,0.00014262295081967212
525312,-0.002214101084973663,0.5940496267285198,-0.03964408543106401,0.01416015625,0.003632052495959215,0.0001423155737704918
526336,-0.0024308941356139258,0.08680859819287434,-0.02346605274033209,0.018798828125,0.0053124744445085526,0.00014200819672131147
527360,-0.0033311588267679326,0.09517624590080231,-0.030556932393665193,0.0234375,0.004621387641236652,0.00014170081967213114
528384,-0.004146885970840231,0.6828989560017362,-0.05030389520106837,0.027099609375,0.006461420431151055,0.00014139344262295082
529408,-0.0052494946285150945,0.8273038158658892,-0.0506452059635194,0.020751953125,0.002666556989424862,0.0001410860655737705
530432,-0.0024132050966727547,0.3633784370031208,-0.04837389341992093,0.022705078125,0.002302213710208889,0.00014077868852459017
531456,0.0011305011794320308,0.07632562704384327,-0.029647204304637853,0.02197265625,0.007857426098780707,0.0001404713114754098
532480,-0.0014883579497109167,0.365015582065098,-0.03579002026344824,0.01416015625,0.003964078881836031,0.0001401639344262295
533504,-0.002336357723834226,0.517246785108,-0.03072182053801953,0.013671875,0.0043005584593629465,0.00013985655737704916
534528,-0.0015481591763091274,0.38218639593105763,-0.03988966121687554,0.01513671875,0.00453071480296785,0.00013954918032786884
535552,-0.0009976508881663904,0.20235626969952136,-0.033507467866002116,0.0166015625,0.0030012699207873084,0.0001392418032786885
536576,-0.0006309715390671045,0.15051877545192838,-0.03319875845409115,0.014892578125,0.0034864799163187854,0.00013893442622950819
537600,-0.002708490406803321,0.6397211010335013,-0.04260261924719089,0.016357421875,0.0032181927090277895,0.00013862704918032786
538624,-0.004350059505668469,1.1857868023216724,-0.05605568434111774,0.022705078125,0.0030501725486828946,0.00013831967213114753
539648,-0.003056918882066384,0.17630548879969865,-0.03409069204644766,0.021484375,0.004240017959091347,0.0001380122950819672
540672,-0.001852420493378304,0.16536996746435761,-0.02809479634743184,0.015625,0.002865265640139114,0.00013770491803278686
541696,-0.00259096657828195,1.0213462682440877,-0.06157128501217812,0.017822265625,0.004601105138135608,0.00013739754098360653
542720,-0.004347296766354702,0.36305080144666135,-0.04718280694214627,0.020751953125,0.0040360153434448875,0.0001370901639344262
543744,-0.004893875739071518,0.3440123224281706,-0.05241979446145706,0.0224609375,0.002463835204252973,0.00013678278688524588
544768,-6.471568121924065e-05,0.1470159071031958,-0.032148584024980664,0.013427734375,0.003824117622571066,0.00013647540983606555
545792,-0.0036176100256852806,0.07353659608634189,-0.03370040653680917,0.022705078125,0.0043301253754179925,0.00013616803278688523
546816,-0.004473622742807493,0.3253412654157728,-0.04029269516468048,0.020751953125,0.004021124404971488,0.0001358606557377049
547840,-0.0032839702689670958,1.0863254743162543,-0.062247778187156655,0.02197265625,0.0036030172632308677,0.0001355532786885246
548864,-0.002037338876107242,0.10982990718912333,-0.03556009236490354,0.01220703125,0.0016014394714147784,0.00013524590163934422
549888,-0.0032921966194408014,0.5251089178491384,-0.05557457552640699,0.02392578125,0.002424506936222315,0.0001349385245901639
550912,-0.001972350735741202,0.8012736581731588,-0.04663077036093455,0.0107421875,0.0017903659027069807,0.00013463114754098357
551936,-0.0038680191355524585,0.9855839121155441,-0.07591820633388124,0.0283203125,0.0026796059173648246,0.00013432377049180327
552960,-0.0025287277094321325,0.1781346726929769,-0.025833712868916336,0.0146484375,0.0028560683203977533,0.00013401639344262295
553984,-0.0006951793548068963,0.38108227029442787,-0.03765381120319944,0.0244140625,0.003654225976788439,0.00013370901639344262
555008,-0.00217161486580153,0.10016267449827865,-0.02956952517706668,0.017822265625,0.003264314029365778,0.0001334016393442623
556032,-0.0021378334204200655,0.111878152936697,-0.022888076924573397,0.01220703125,0.002932346185843926,0.00013309426229508197
557056,-0.002580782995210029,0.48579680174589157,-0.03105241658340674,0.014404296875,0.00432947635272285,0.00013278688524590165
558080,-0.001871366908744676,0.10876059858128428,-0.0300760216305207,0.018798828125,0.0031788636188139208,0.0001324795081967213
559104,-0.0025800732037168927,0.9878572109155357,-0.041500847932184115,0.0234375,0.00966555001650704,0.00013217213114754097
560128,-0.0026244635446346365,0.8367189462296665,-0.04406843947072048,0.018798828125,0.003880160722474102,0.00013186475409836064
561152,-0.0006453970781876706,0.16055144532583654,-0.027622991790849483,0.0087890625,0.0019722409415408038,0.00013155737704918032
562176,-0.001908108068164438,0.8352464600466192,-0.058786814799532294,0.01220703125,0.0016677664461894892,0.00013125
563200,-0.0010140998456336092,0.13372605561744422,-0.03372737504832912,0.015625,0.0029642668305314146,0.00013094262295081967
564224,-0.0038238913293753285,0.4346104810247198,-0.03720661112311063,0.025390625,0.006676062854239717,0.00013063524590163934
565248,-0.00045102783769834787,0.0970821023802273,-0.019112226167635527,0.0068359375,0.0010696861645556055,0.00013032786885245902
566272,-0.002115702340233838,0.181856824667193,-0.025909313390002353,0.01513671875,0.0020044377743033692,0.0001300204918032787
567296,-0.006828106677858159,0.45842112915124744,-0.04245356375759002,0.02392578125,0.002267149669933133,0.00012971311475409834
568320,-0.002097748096275609,0.5286469905404374,-0.03734017498209141,0.014404296875,0.00394075685471762,0.000129405737704918
569344,-0.0009031354347825982,0.36336222290992737,-0.038279376218270045,0.011474609375,0.002330046525457874,0.00012909836065573769
570368,-0.003164896792441141,0.2647524264175445,-0.03382907380000688,0.021240234375,0.00491706382308621,0.00012879098360655736
571392,-0.003462676249910146,0.39032609871355817,-0.03922228887677193,0.016357421875,0.0035924631301895715,0.00012848360655737703
572416,-0.003499892591207754,2.399930853396654,-0.08705260918941349,0.029541015625,0.004835740794078447,0.0001281762295081967
573440,-0.0016978810454020277,1.0165240624919534,-0.06647153903031722,0.021484375,0.0032166672972380184,0.00012786885245901638
574464,-0.002637362493260298,0.47029299940913916,-0.04156599742418621,0.016845703125,0.00238113415252883,0.00012756147540983606
575488,-0.0020093776111025363,0.895843499340117,-0.06866563612129539,0.016357421875,0.0022556177063961513,0.00012725409836065573
576512,-0.0026957425798173063,0.41773851006291807,-0.04026691587205278,0.019775390625,0.007100083756085951,0.00012694672131147538
577536,-0.004396482851007022,0.5337984622456133,-0.04411792635801248,0.022705078125,0.009975992848922033,0.00012663934426229505
578560,-0.0035661046058521606,0.5907303749118,-0.05288331437623128,0.0166015625,0.00269043766456889,0.00012633196721311473
579584,-0.0016560600197408348,0.5381971730384976,-0.04540192196145654,0.016357421875,0.0026330189502914436,0.0001260245901639344
580608,-0.0007610394241055474,0.8755879022646695,-0.059774354071123526,0.026123046875,0.005237864272203296,0.00012571721311475408
581632,-0.0010579014342511073,0.41341713815927505,-0.03640950127010001,0.010498046875,0.002051856223260984,0.00012540983606557378
582656,-0.0031929720935295336,0.28974025731440634,-0.038526530501258094,0.01953125,0.0029895477782702073,0.00012510245901639345
583680,-0.0006390192720573395,1.2854202981106937,-0.08307511522434652,0.04248046875,0.005146342118678149,0.00012479508196721313
584704,0.005163197100046091,4.215183364227414,-0.19981245999224484,0.08642578125,0.010348534495278727,0.00012448770491803275
585728,-0.0024864071092451923,0.28581320005469024,-0.03308583010948496,0.01220703125,0.002102905564242974,0.00012418032786885242
586752,-0.0035665723044076003,1.035059463698417,-0.07279836991801858,0.0263671875,0.0024076573754427955,0.00012387295081967212
587776,-0.0012469258872442879,0.36083063285332173,-0.03572596276353579,0.01171875,0.0012595579464687034,0.0001235655737704918
588800,0.002171996711695101,1.0597877147374675,-0.04396466001344379,0.021240234375,0.004319627005315851,0.00012325819672131147
589824,-8.1767444498837e-05,3.455974893644452,-0.19706453243270516,0.048095703125,0.005891251494176686,0.00012295081967213115
590848,-0.007777482060191687,1.375032955314964,-0.09358670102665201,0.02880859375,0.004534026942565106,0.00012264344262295082
591872,-0.0036939550045644864,0.84566844208166,-0.05515790171921253,0.018310546875,0.005742985908000264,0.0001223360655737705
592896,-0.0007158771732065361,0.4745431909104809,-0.029117565074557206,0.006103515625,0.0007295745817827992,0.00012202868852459017
593920,-0.0017512182748760097,0.6931996427010745,-0.03686445616767742,0.011962890625,0.0032553023993386887,0.0001217213114754098
594944,-0.0017718227172736079,0.09843110921792686,-0.03174185980606126,0.017578125,0.003890977874107193,0.00012141393442622949
595968,-0.002234328021586407,0.3798824055120349,-0.041425969277042896,0.013916015625,0.0021734478505095467,0.00012110655737704917
596992,-0.00235947071632836,0.11509185575414449,-0.02961955013597617,0.018310546875,0.006159583557746373,0.00012079918032786884
598016,-0.0015565771755063906,1.3493696274235845,-0.07934354327153414,0.0166015625,0.002781558781862259,0.00012049180327868852
599040,-0.0015386842787847854,0.6725545127410442,-0.042322780354879797,0.010986328125,0.00254273086466128,0.00012018442622950819
600064,-0.0016113078745547682,0.3629066951107234,-0.03310548688750714,0.014892578125,0.002642092505993787,0.00011987704918032786
601088,-0.002519915586162824,0.12998078163946047,-0.032456103328513564,0.013916015625,0.0028456415457185358,0.00011956967213114754
602112,-0.0031880956375971437,0.44050411810167134,-0.044723684957716614,0.020263671875,0.00795155829837313,0.00011926229508196721
603136,-0.0017227842690772377,0.08229527022922412,-0.02651561194943497,0.009521484375,0.002302751316165086,0.00011895491803278686
604160,-0.0030754505351069383,0.17978601716458797,-0.028416942488547647,0.015625,0.007412807273794897,0.00011864754098360654
605184,-0.0006799302427680232,0.1242842524079606,-0.03497152640193235,0.028564453125,0.008984657994005829,0.00011834016393442621
606208,-0.00201868533531524,0.11540693754795939,-0.030355918610439403,0.01123046875,0.0008555070380680263,0.00011803278688524588
607232,-0.0030616624499089085,0.1439305393723771,-0.03414120795787312,0.0244140625,0.003578833413484972,0.00011772540983606556
608256,-0.0021978995646350086,0.6800642069429159,-0.0445336003031116,0.02392578125,0.003664388284960296,0.00011741803278688525
609280,-0.000655611431284342,0.45748491247650236,-0.05138185032410547,0.01611328125,0.0027734548784792423,0.00011711065573770492
610304,-0.0038009972777217627,0.10210972843924537,-0.03716034373792354,0.0302734375,0.0075321058902773075,0.0001168032786885246
611328,-0.0015571978947264142,0.17927805823273957,-0.04022776419878937,0.01953125,0.00273494533757912,0.00011649590163934423
612352,-0.0015944737242534757,0.48583831917494535,-0.031121011219511274,0.009033203125,0.001611162442713976,0.00011618852459016392
613376,-0.0017301345287705772,0.4963909488869831,-0.040821431583026424,0.01953125,0.005140356486663222,0.00011588114754098359
614400,-0.006977061486395542,0.8137294966727495,-0.06320696150214644,0.047607421875,0.010089635215990711,0.00011557377049180327
615424,-0.002045995308435522,0.5025462325429544,-0.05054882347758394,0.0126953125,0.002849443262675777,0.00011526639344262294
616448,-0.0029255692788865417,0.3986713747144677,-0.03486822367995046,0.012451171875,0.001319435381446965,0.00011495901639344261
617472,-0.0018737449427135289,0.1847981042228639,-0.032691876689568744,0.017333984375,0.002188602251408156,0.00011465163934426229
618496,-0.0030661242199130356,0.1212389967404306,-0.028757254032825585,0.018798828125,0.004288643038307782,0.00011434426229508196
619520,-3.9647271478315815e-05,0.2214577643899247,-0.026242255913530244,0.016845703125,0.008381848376302514,0.00011403688524590164
620544,-0.0037373721643234603,0.11594407190568745,-0.03152991046499665,0.028564453125,0.00660774037532974,0.00011372950819672129
621568,-0.007042269302473869,1.1317272174637765,-0.06958907964872196,0.035400390625,0.010342844900151249,0.00011342213114754096
622592,-0.00037572415749309584,0.9362600471358746,-0.05881368421250954,0.011474609375,0.00172937945171725,0.00011311475409836063
623616,-0.0007215697332867421,0.13907758332788944,-0.02813531297579175,0.01513671875,0.003450438685831614,0.00011280737704918031
624640,-0.0021814040301251225,0.13636527035851032,-0.029003119954722933,0.0146484375,0.0025830128142843023,0.0001125
625664,-0.0013510374119505286,0.6962143445853144,-0.05367552096140571,0.0107421875,0.0011459866800578311,0.00011219262295081967
626688,-0.0021030290408816654,0.07504789484664798,-0.03312364325392991,0.0224609375,0.005856338175362907,0.00011188524590163935
627712,-0.005094225954962894,0.5967758069746196,-0.044472064124420285,0.021240234375,0.010647273273207247,0.00011157786885245902
628736,-0.0014825915859546512,0.13181809231173247,-0.022583200270673842,0.010498046875,0.0028751362042385153,0.0001112704918032787
629760,-0.0014683370136481244,0.11828536237590015,-0.024430573006611667,0.01416015625,0.005606142149190418,0.00011096311475409834
630784,-0.0031447867550014053,0.3607155216159299,-0.039016014321532566,0.01806640625,0.002865256006771233,0.00011065573770491802
631808,-0.0023727556435915176,1.0330079677514732,-0.06568401723052375,0.023681640625,0.004690240559284575,0.00011034836065573769
632832,-0.0019135610709781758,0.35965730564203113,-0.026141087597352453,0.012451171875,0.002380543046456296,0.00011004098360655737
633856,-0.0018039876595139503,0.08801641204627231,-0.02952532686322229,0.02197265625,0.004196388304990251,0.00010973360655737704
634880,-0.001530068249849137,0.12284474435728043,-0.028133212337706937,0.01513671875,0.001995569000428077,0.00010942622950819671
635904,-0.0018827452149707824,0.6157310663256794,-0.03433513855270576,0.01171875,0.0016442466803709976,0.00010911885245901639
636928,-0.0061331354881986044,0.3620975712547079,-0.0462843573623104,0.035888671875,0.01317544346966315,0.00010881147540983606
637952,-0.001184366898087319,0.10842009709449485,-0.018413445111036708,0.01416015625,0.004662997256673407,0.00010850409836065575
638976,-0.0013270168856251985,0.5124708587536588,-0.03913333545642672,0.010498046875,0.0020308000966906548,0.00010819672131147538
640000,-0.001830288842029404,0.06889840541407466,-0.025200033793225884,0.012451171875,0.0017217560016433708,0.00010788934426229506
641024,-0.0018398691827314906,0.08590782788814977,-0.025775288908334915,0.012451171875,0.0016561764423386194,0.00010758196721311473
642048,-0.0023831466387491673,0.12560794001910836,-0.03036007754599268,0.0205078125,0.0063283953932113945,0.00010727459016393442
643072,-0.0027207382227061316,0.08777636935701594,-0.030276970588602126,0.02197265625,0.004248525401635561,0.0001069672131147541
644096,-0.0029188417393015698,0.04859444184694439,-0.02887414879842254,0.021484375,0.01149485678615747,0.00010665983606557377
645120,-0.0023096730656106956,0.4007087673526257,-0.028806428712414345,0.016357421875,0.0027543602118385024,0.00010635245901639344
646144,-0.0030914081653463654,0.09026206948328763,-0.019852523404551903,0.015625,0.005699484019714873,0.00010604508196721312
647168,-0.004426751518622041,0.08382767747389153,-0.027021202060495852,0.01904296875,0.003721566426975187,0.00010573770491803277
648192,-0.0010455856681801379,0.09533170057693496,-0.023433275509887608,0.00830078125,0.000812158890767023,0.00010543032786885244
649216,-0.0008797120026429184,0.4544436102733016,-0.03237869125950965,0.011962890625,0.0019152767199557275,0.00010512295081967212
650240,-0.0018394801081740297,0.0449066867295187,-0.020129132630245294,0.0107421875,0.0020346635501482524,0.00010481557377049179
651264,-0.001239249628270045,0.21015799115411937,-0.020482171464209387,0.010009765625,0.0012669194184127264,0.00010450819672131146
652288,-0.0021270685756462626,0.5812399574206211,-0.03279391990508884,0.008056640625,0.0011999598209513351,0.00010420081967213114
653312,-0.0015089513908606023,0.06363443413283676,-0.025045082938504493,0.013427734375,0.0029066667266306467,0.00010389344262295081
654336,-0.0035931345919379964,0.1749991385731846,-0.031907373282592744,0.02197265625,0.004670923350204248,0.00010358606557377049
655360,-0.0027132720861118287,0.045270351285580546,-0.03208284339052625,0.01806640625,0.003475332705420442,0.00010327868852459018
656384,-0.0036556535269482993,0.25064624729566276,-0.03711633739294484,0.02685546875,0.006435318631702103,0.00010297131147540981
657408,-0.0026126852790184785,0.09569942363305017,-0.03227865029475652,0.018310546875,0.006102763632952701,0.00010266393442622948
658432,-0.0020499162055784836,0.06976675405167043,-0.031566640609526075,0.018798828125,0.006770782645617146,0.00010235655737704916
659456,-0.005719266220694408,1.6279083518311381,-0.07669282042479608,0.02099609375,0.005770301082520746,0.00010204918032786885
660480,-0.002663450864929473,0.6508111689472571,-0.04919057193910703,0.015625,0.0010934669480775483,0.00010174180327868852
661504,-0.001978070336917881,0.6702458071522415,-0.049376560215023346,0.021240234375,0.0032024536849348806,0.0001014344262295082
662528,-0.0026514983037486672,0.09306648641359061,-0.027881639600309427,0.01171875,0.0025420192105229944,0.00010112704918032787
663552,-0.003580576812964864,0.848484507179819,-0.05566508155607153,0.0166015625,0.004638086524209939,0.00010081967213114754
664576,-0.002030426203418756,0.3429513501469046,-0.04268039191083517,0.021484375,0.002196109970100224,0.00010051229508196722
665600,-0.0012715695920633152,0.3462731289328076,-0.036448422717512585,0.01513671875,0.0019046562811126933,0.00010020491803278687
666624,-0.0027805713025372825,0.3074511269805953,-0.0350618566153571,0.01318359375,0.0014597164990846068,9.989754098360654e-05
667648,-0.0013359028525883332,0.10071890550898388,-0.029712225339608267,0.00732421875,0.0010207537197857164,9.959016393442621e-05
668672,-0.002708687672566157,0.30828867538366467,-0.03545022979233181,0.014892578125,0.0072735810244921595,9.928278688524589e-05
669696,-0.004404634248203365,0.4413113979389891,-0.031104931400477653,0.0166015625,0.004476086382055655,9.897540983606556e-05
670720,-0.0023691736423643306,1.0622633078601211,-0.052081391026149504,0.01904296875,0.0031260270916391164,9.866803278688524e-05
671744,-0.0016474010226374958,0.37689663376659155,-0.03857404911832418,0.012451171875,0.0014518788957502693,9.836065573770491e-05
672768,-0.003035602130694315,0.28999201476108283,-0.039110126468585804,0.013671875,0.0016182215986191295,9.80532786885246e-05
673792,-0.002443332465190906,0.725503076100722,-0.04992964779376052,0.0166015625,0.00230481376638636,9.774590163934423e-05
674816,-0.0015013354131951928,1.0899415854364634,-0.0645536468946375,0.01806640625,0.002840212189767044,9.743852459016391e-05
675840,-0.0010767978383228183,1.3150877300649881,-0.07243828142236453,0.03076171875,0.0039825849526096135,9.713114754098358e-05
676864,-0.001493073687015567,1.4418968874961138,-0.09524281907943077,0.062744140625,0.006775069887225982,9.682377049180327e-05
677888,-0.007666148885618895,1.8222396234050393,-0.10493031633086503,0.028076171875,0.003323526347230654,9.651639344262295e-05
678912,-0.00270444560010219,2.249219744466245,-0.14257604081649333,0.030029296875,0.0023021689339657314,9.620901639344262e-05
679936,-0.000628982947091572,0.3713656040490605,-0.0377672576578334,0.0126953125,0.0016666412775521167,9.59016393442623e-05
680960,4.639034159481525e-06,0.08074473007582128,-0.029185489293013234,0.0166015625,0.003064251461182721,9.559426229508197e-05
681984,-0.0008333374935318716,0.1908312332816422,-0.03545741671405267,0.009521484375,0.0010351674136472866,9.528688524590164e-05
683008,-0.0020556981035042554,0.11952097195899114,-0.03371595665521454,0.01220703125,0.0010490695567568764,9.497950819672129e-05
684032,-0.004026844013424125,1.128846858162433,-0.09402054228121415,0.0322265625,0.003667131379188504,9.467213114754097e-05
685056,-0.006659218750428408,1.3542000208981335,-0.11118903657188639,0.034912109375,0.002776224020635709,9.436475409836064e-05
686080,-0.005282076828734716,2.3150092074647546,-0.12100738228764385,0.025390625,0.0022590096705243923,9.405737704918031e-05
687104,-0.0030142872128635645,0.9768318319693208,-0.08111574716167524,0.022216796875,0.002631088857015129,9.374999999999999e-05
688128,-0.003160073669278063,0.09007976722205058,-0.030174495281244162,0.021484375,0.003977938227762934,9.344262295081966e-05
689152,-0.0004140721903240774,0.3213715940946713,-0.04425143825937994,0.01611328125,0.0036522060181596316,9.313524590163934e-05
690176,-0.0036049177069799043,0.4471725885523483,-0.04250421879987698,0.01904296875,0.003827911874395795,9.282786885245903e-05
691200,-0.002834967424860224,0.3897412868682295,-0.043927903490839526,0.0146484375,0.0031170681249932386,9.25204918032787e-05
692224,-0.002174931127228774,0.10320326848886907,-0.03770147045725025,0.017333984375,0.001750209841702599,9.221311475409833e-05
693248,-0.002767551297438331,0.48322827846277505,-0.04116302781039849,0.023681640625,0.0041582731864764355,9.190573770491801e-05
694272,-0.006817281340772752,0.6528194096754305,-0.05960261310974602,0.027099609375,0.003445800641202368,9.15983606557377e-05
695296,-0.0023716280120424926,0.7642422027420253,-0.04987123954924755,0.01806640625,0.0020933996347594075,9.129098360655737e-05
696320,-0.0014884470947436057,0.2870602855691686,-0.03774270854773931,0.0107421875,0.0017662124810158275,9.098360655737704e-05
697344,-0.004901101769064553,0.25399157183710486,-0.03913020735490136,0.01611328125,0.0027033890146412887,9.067622950819672e-05
698368,-0.002672991562576499,0.8591556160245091,-0.05647239682730287,0.010009765625,0.0012943303663632832,9.03688524590164e-05
699392,-0.0036295296958996914,0.2616191621636972,-0.04040706349769607,0.015380859375,0.002004338188271504,9.006147540983607e-05
700416,-0.003187345981132239,0.8487498087342829,-0.06273710774257779,0.015869140625,0.001740795727528166,8.975409836065574e-05
701440,-0.001967814332601847,0.5141299031674862,-0.06687337852781639,0.00830078125,0.001525205465441104,8.944672131147539e-05
702464,-0.0027966936540906318,0.6933786121662706,-0.0554662415815983,0.0146484375,0.002346435416257009,8.913934426229506e-05
703488,-0.0033405800932087004,0.6150657217949629,-0.06599854684463935,0.0126953125,0.0016280197160085663,8.883196721311474e-05
704512,-0.004435116141394246,0.520928115118295,-0.04889748099958524,0.01513671875,0.002837984648067504,8.852459016393441e-05
705536,-0.003999314067186788,0.6028372538276017,-0.056600443029310554,0.01416015625,0.002264285176352132,8.821721311475409e-05
706560,-0.0032639058772474527,0.18083927349653095,-0.03883695675176568,0.02001953125,0.003726326220203191,8.790983606557378e-05
707584,-0.004450067805009894,0.2630195493111387,-0.05242256770725362,0.021240234375,0.0035067732169409283,8.760245901639345e-05
708608,-0.0016416278158430941,0.09417593159014359,-0.02010214137590083,0.005126953125,0.0004399472090881318,8.729508196721312e-05
709632,-0.0022368375794030726,0.6256116334116086,-0.038722527839127,0.008544921875,0.001156506230472587,8.698770491803276e-05
710656,-0.004902936198050156,0.8475146822165698,-0.06756191828753799,0.027099609375,0.003985779629147146,8.668032786885243e-05
711680,-0.0033742143568815663,0.5968027552589774,-0.03870692060445435,0.02099609375,0.004746861777675804,8.637295081967212e-05
712704,-0.0026091519866895396,0.5222103027626872,-0.041340925061376765,0.015625,0.002411919012956787,8.60655737704918e-05
713728,-0.0018620856426423416,0.3332736649317667,-0.032553172699408606,0.011962890625,0.0022511455608764663,8.575819672131147e-05
714752,-0.002118695691024186,0.1237225808436051,-0.03444200480953441,0.016845703125,0.002079369623970706,8.545081967213114e-05
715776,-0.0035463472522678785,0.23591177351772785,-0.04707610190962441,0.0126953125,0.002054845404927619,8.514344262295082e-05
716800,-0.0041905037505785,0.4124685536371544,-0.036236273577742395,0.014404296875,0.0024338053772225976,8.483606557377049e-05
717824,-0.0013443401476251893,0.4263510152231902,-0.035534546528651845,0.01416015625,0.002829032498993911,8.452868852459017e-05
718848,-0.0013875406220904551,0.37158423964865506,-0.03267313653486781,0.0107421875,0.0019391182067920454,8.422131147540981e-05
719872,-0.0017853950193966739,0.604345784871839,-0.04178773250168888,0.010009765625,0.0016315149623551406,8.391393442622949e-05
720896,-0.004838892440602649,0.38606981141492724,-0.034069444685883354,0.010498046875,0.0012753251576214097,8.360655737704916e-05
721920,-0.001737254140607547,0.3197901351377368,-0.03051075262555969,0.013916015625,0.0022529852722072974,8.329918032786884e-05
722944,-0.0005866998108103871,0.8953459637705237,-0.05955152795650065,0.013916015625,0.0038834616862004623,8.299180327868851e-05
723968,-0.002715508446271997,0.7186774670844898,-0.046183431357349036,0.017578125,0.0018682305599213578,8.26844262295082e-05
724992,-0.0003973545099142939,0.10541887866565958,-0.023723437334410846,0.007080078125,0.0010050486744148657,8.237704918032787e-05
726016,-0.0015353969065472484,0.10949938674457371,-0.023126349311496597,0.01220703125,0.0023378853511530906,8.206967213114755e-05
727040,-0.0003811768037849106,0.3410960237379186,-0.028430844969989266,0.009033203125,0.001771940711478237,8.176229508196722e-05
728064,-0.002727261686231941,0.54681787698064,-0.05367241280328017,0.017333984375,0.0028273634598008357,8.145491803278687e-05
729088,-0.003788749483646825,0.46546205040067434,-0.05252054741140455,0.0205078125,0.0050589649472385645,8.114754098360655e-05
730112,-0.003269587214163039,1.153480887413025,-0.06956518898368813,0.01806640625,0.0016822170873638242,8.084016393442622e-05
731136,-0.001659309898968786,0.08842282567638904,-0.029964814357299474,0.011962890625,0.0022218722879188135,8.05327868852459e-05
732160,-0.0018739718070719391,0.07107989437645301,-0.028545797256811056,0.01708984375,0.0027293818202451803,8.022540983606557e-05
733184,-0.0036831383222306613,0.6818854834418744,-0.052520134042424615,0.017822265625,0.0027218562900088727,7.991803278688524e-05
734208,-0.002318055063369684,0.12639216898242012,-0.022113324028396164,0.0078125,0.0017147001053672284,7.961065573770492e-05
735232,-0.001841083460021764,0.1261313280556351,-0.02663761827352573,0.015625,0.003272960333561059,7.930327868852459e-05
736256,-0.0019232073173043318,0.09033811173867434,-0.018642689766238618,0.013427734375,0.0032908661087276414,7.899590163934424e-05
737280,-0.0014389957068488002,0.054582673008553684,-0.023265592884854414,0.011474609375,0.0021028221599408425,7.868852459016391e-05
738304,-0.001805800748115871,0.6375269037671387,-0.03152347162085789,0.01123046875,0.0024165992363123223,7.838114754098359e-05
739328,-0.0013223711139289662,0.1337139174574986,-0.02299381293141778,0.00830078125,0.0017576961981831118,7.807377049180326e-05
740352,-0.0013847752488800324,0.3133459447417408,-0.03301808707328746,0.010986328125,0.0011850066803162917,7.776639344262294e-05
741376,-0.0017132276116171852,0.16097396262921393,-0.019255072133091744,0.0087890625,0.0025309960401500575,7.745901639344263e-05
742400,-0.001341833733022213,0.12267321191029623,-0.01904646982984559,0.01025390625,0.0022021615295670927,7.71516393442623e-05
743424,-0.0038511994935106486,1.0399273755028844,-0.06014369736658409,0.019287109375,0.0013117369817337021,7.684426229508197e-05
744448,-0.0022265993975452147,0.5423660272499546,-0.03521785735938465,0.0087890625,0.0024779974191915244,7.653688524590165e-05
745472,-0.0024177853483706713,0.05527379710110836,-0.022985843301285058,0.010498046875,0.003637918744061608,7.62295081967213e-05
746496,-0.0032669215215719305,0.5122113954275846,-0.03259823944972595,0.01220703125,0.0012000773713225499,7.592213114754097e-05
747520,-0.0016235388102359138,0.10517642908962443,-0.03000793072351371,0.013671875,0.0028580534490174614,7.561475409836064e-05
748544,-0.0023313118290388957,0.0753444055444561,-0.023757863833452575,0.0166015625,0.004599441330356058,7.530737704918032e-05
749568,-0.0010216960799880326,0.11624616285553202,-0.028572533672559075,0.01123046875,0.001185063083539717,7.5e-05
750592,-0.0017423911049263552,0.08183834538795054,-0.029477168296580203,0.006103515625,0.00040181027725338936,7.469262295081967e-05
751616,-0.0016805435552669223,0.612105633597821,-0.03872282487100165,0.01025390625,0.0008464942293358035,7.438524590163934e-05
752640,-0.0013135135977790924,0.5051502399146557,-0.028964869023184292,0.007080078125,0.0006893493118695915,7.407786885245902e-05
753664,-0.003878182076732628,0.8089188754092902,-0.053739988507004455,0.01513671875,0.0016559733558096923,7.377049180327869e-05
754688,-0.0019448106831987388,0.46095985593274236,-0.05004085930704605,0.010986328125,0.0011914657661691308,7.346311475409834e-05
755712,-0.0013276960817165673,0.1438097022473812,-0.027251229072135175,0.0107421875,0.002756111105554737,7.315573770491801e-05
756736,-0.0025640569983806927,0.04792207517311908,-0.02452328076469712,0.01025390625,0.0014877946232445538,7.284836065573769e-05
757760,-0.0039979524626687635,0.44800118496641517,-0.0473006969114067,0.0126953125,0.002170211933844257,7.254098360655736e-05
758784,-0.0018537942887633108,0.5167873227037489,-0.04921899567125365,0.016357421875,0.001324067598034162,7.223360655737705e-05
759808,-0.00911856301536318,1.5825265906751156,-0.0819010682462249,0.03564453125,0.0045390778468572535,7.192622950819672e-05
760832,-0.006859232315036934,1.7861199406906962,-0.12155367049854249,0.037109375,0.00315621035406366,7.16188524590164e-05
761856,-0.004477189533645287,1.1442322207149118,-0.06315478423493914,0.019775390625,0.0016711488788132556,7.131147540983607e-05
762880,-0.0037415878905449063,0.12355620076414198,-0.031000211001810385,0.016845703125,0.003204185646609403,7.100409836065575e-05
763904,-0.002265396062284708,0.6836830355459824,-0.051340419027837925,0.00830078125,0.0006753674751962535,7.06967213114754e-05
764928,-0.004647278146876488,0.39424966822844,-0.05108719140116591,0.01416015625,0.001446260415832512,7.038934426229507e-05
765952,-0.002099682329571806,0.14011748984921724,-0.022998623966486775,0.011962890625,0.0028650743552134372,7.008196721311474e-05
766976,-0.002388162109127734,0.5607715534279123,-0.041813032592472155,0.01318359375,0.0015290962110157125,6.977459016393442e-05
768000,-0.0023606481481692754,0.30900878144893795,-0.032279966260830406,0.01611328125,0.005458376901515294,6.946721311475409e-05
769024,-0.0031902532136882655,0.379316869773902,-0.043480045402247924,0.023193359375,0.0036572000753949396,6.915983606557377e-05
770048,-0.0037205181797617115,0.5887695997953415,-0.05067354888888076,0.010986328125,0.0024885980965336785,6.885245901639344e-05
771072,-0.0027867090902873315,0.05962392475339584,-0.02383568964614824,0.018798828125,0.006137734861113131,6.854508196721312e-05
772096,-0.003517453995300457,1.337463294621557,-0.07530440093250945,0.021240234375,0.002073126088362187,6.823770491803276e-05
773120,-0.004381476384878624,0.3582098735496402,-0.03326861502137035,0.012939453125,0.0032593741270829923,6.793032786885244e-05
774144,-0.0015474794090550859,0.11267313465941697,-0.0322456175199477,0.01220703125,0.001715678365144413,6.762295081967211e-05
775168,-0.0025946804744307883,0.09332886105403304,-0.02109374259089236,0.00830078125,0.0014845250843791291,6.731557377049179e-05
776192,-0.003630108585639391,0.4607464865548536,-0.04380633657274302,0.013916015625,0.0018215937016066164,6.700819672131147e-05
777216,-0.0028637661889661103,0.40361275360919535,-0.0464585552981589,0.013427734375,0.0030364941267180257,6.670081967213115e-05
778240,-0.004477319649595302,0.5780986082972959,-0.05327502642467152,0.015380859375,0.0020271375396987423,6.639344262295082e-05
779264,-0.0030080848882789724,0.07165846490534022,-0.02398808504040062,0.01171875,0.00157224581198534,6.60860655737705e-05
780288,-0.001274382470001001,0.44695613719522953,-0.031655767546908464,0.012939453125,0.002149375628505368,6.577868852459017e-05
781312,-0.002509044497855939,0.457165174826514,-0.04456300062884111,0.009033203125,0.0013709149934584275,6.547131147540982e-05
782336,-0.003272684851253871,0.48729527241084725,-0.04577066851197742,0.012451171875,0.0018843493744498119,6.51639344262295e-05
783360,-0.004380715432489524,0.40583833877462894,-0.04244357750576455,0.01220703125,0.0012910130244563334,6.485655737704917e-05
784384,-0.002290802545758197,0.627760644769296,-0.04818800967768766,0.012451171875,0.0010534753018873744,6.454918032786884e-05
785408,-0.003612464963225648,0.7941573754651472,-0.05830062544555403,0.016845703125,0.0014677749641123228,6.424180327868852e-05
786432,-0.0030862239691487048,0.3144436444272287,-0.03616773620888125,0.00927734375,0.0011065817307098769,6.393442622950819e-05
787456,-0.0027619467000477016,0.05594567986554466,-0.02907135350324097,0.012451171875,0.0016530139546375722,6.362704918032787e-05
788480,-0.002164298843126744,0.11099898780230433,-0.026866801432333887,0.010498046875,0.0021505552795133553,6.331967213114755e-05
789504,-0.001695995728368871,0.4313226097729057,-0.02950926511311991,0.005615234375,0.0005507048626895994,6.301229508196723e-05
790528,-0.0016789686560514383,0.32127880916232243,-0.0432029239309486,0.013671875,0.001302623910305556,6.270491803278686e-05
791552,-0.006567504373379052,1.1287321178242564,-0.07076338090701029,0.028076171875,0.0027302470116410404,6.239754098360654e-05
792576,-0.006005944655044004,1.3465532923582941,-0.08507650485262275,0.024169921875,0.00233929530804744,6.209016393442621e-05
793600,-0.0015576091464026831,0.11791654425906017,-0.03359262051526457,0.01025390625,0.0010049666598206386,6.17827868852459e-05
794624,-0.002626080869958969,0.12779358739499003,-0.0248879574064631,0.011962890625,0.0016649688841425814,6.147540983606557e-05
795648,-0.00611405919335084,0.8503519225632772,-0.05990246363217011,0.02294921875,0.0017326215383945964,6.116803278688525e-05
796672,-0.0014814111309533473,0.10571367124794051,-0.026897216332145035,0.007080078125,0.00142409247928299,6.086065573770492e-05
797696,-0.002259749086078955,0.8397938245907426,-0.042320889653638005,0.011962890625,0.0009618847907404415,6.05532786885246e-05
798720,-0.0028831033714595833,0.28362242464208975,-0.041994172395789064,0.0185546875,0.0014444512271438725,6.024590163934424e-05
799744,-0.0020150292984908447,0.12542349542491138,-0.02962141692842124,0.01025390625,0.001432332668628078,5.993852459016392e-05
800768,-0.002722356039157603,0.409788497723639,-0.05181357930996455,0.013916015625,0.0027300019282847643,5.963114754098359e-05
801792,-0.0020188107519061305,0.32588424283312634,-0.04145876861002762,0.007568359375,0.0007312578454730101,5.932377049180327e-05
802816,-0.0021981791651342064,0.06393541384022683,-0.026475317114091013,0.015380859375,0.003923401214706246,5.901639344262294e-05
803840,-0.0018834547227015719,0.5508571707177907,-0.04561084836313967,0.008056640625,0.0006947260553715751,5.870901639344262e-05
804864,-0.002351055540202651,0.38490833528339863,-0.04319245071201294,0.00830078125,0.001200700644403696,5.84016393442623e-05
805888,-0.004077787736605387,0.8707557739689946,-0.0669087145361118,0.010986328125,0.0010868619283428416,5.809426229508197e-05
806912,-0.002525333213270642,0.08272738964296877,-0.02575844569673791,0.01318359375,0.002868726704036817,5.778688524590165e-05
807936,-0.0024044775564107113,0.9016734930919483,-0.04737537773326039,0.01318359375,0.0015953771362546831,5.7479508196721294e-05
808960,-0.0019384967163205147,0.4047952169785276,-0.03915158851123124,0.00732421875,0.000857620696478989,5.717213114754097e-05
809984,-0.0024093535685096867,0.7036570196505636,-0.0535662296024384,0.00537109375,0.0004639190301531926,5.686475409836064e-05
811008,-0.005861118777829688,1.1859660553745925,-0.09268499829340726,0.025146484375,0.0019773435342358425,5.655737704918032e-05
812032,-0.0029418508129310794,0.4173122806241736,-0.049741420269128866,0.00830078125,0.0007972464300110005,5.625e-05
813056,-0.0019869963653036393,0.12106720427982509,-0.028082014352548867,0.01123046875,0.0015781674737809226,5.594262295081967e-05
814080,-0.0018567208899185061,0.056272684887517244,-0.02685911292064702,0.00830078125,0.0007410723192151636,5.563524590163935e-05
815104,-0.0008712530034244992,0.16926837945356965,-0.03361402091468335,0.005126953125,0.0004656771125155501,5.532786885245902e-05
816128,-0.006907904109539231,1.2726137693971395,-0.09032756567467004,0.024658203125,0.001998198036744725,5.5020491803278696e-05
817152,-0.0012964599081897177,0.08251595421461388,-0.02746694103916525,0.009765625,0.0010297221524524502,5.4713114754098344e-05
818176,-0.001575611560838297,0.5566683415090665,-0.04769380098878173,0.004638671875,0.0004089505528099835,5.440573770491802e-05
819200,-0.0014058439774089493,0.072789802972693,-0.02539398861608788,0.00830078125,0.0008092997741186991,5.409836065573769e-05
820224,-0.002175686306145508,0.18625589599832892,-0.032397465089161415,0.007568359375,0.0011885123240062967,5.379098360655737e-05
821248,-0.006323843103018589,0.9606098996009678,-0.08694704115623608,0.020263671875,0.0016984156318358146,5.348360655737705e-05
822272,-0.0019468839454930276,0.3849183067213744,-0.03678567938914057,0.009033203125,0.0011897211443283595,5.317622950819672e-05
823296,-0.004414825394633226,1.3027464775368571,-0.08104428637307137,0.017578125,0.0015865743698668666,5.28688524590164e-05
824320,-0.002462433978507761,0.09576985944295302,-0.03204567627835786,0.009765625,0.0012859238850069232,5.256147540983607e-05
825344,-0.003454355628491612,0.38478378811851144,-0.04588349346886389,0.010009765625,0.0009359002215205692,5.225409836065575e-05
826368,-0.0019287021641503088,0.43584245373494923,-0.03802762848499697,0.008056640625,0.002072208204481285,5.194672131147539e-05
827392,-0.005277535739878658,0.5041768522933125,-0.05546346405753866,0.015625,0.0015417961330967955,5.163934426229507e-05
828416,-0.005501000210642815,0.36311094753909856,-0.044650217721937224,0.016357421875,0.0019910666669602506,5.133196721311474e-05
829440,-0.001891571362648392,0.4719861097401008,-0.033300272772976314,0.005859375,0.0007155519560910761,5.102459016393442e-05
830464,-0.0021406811865745112,0.14025540242437273,-0.029399461034699925,0.010498046875,0.0010136559794773348,5.07172131147541e-05
831488,-0.0017386728504789062,0.13891881832387298,-0.031310004836996086,0.012939453125,0.003557716801878996,5.040983606557377e-05
832512,-0.004244920994096901,1.0555102525977418,-0.0606381835823413,0.017578125,0.0017239176595467143,5.0102459016393447e-05
833536,-0.0034799711575033143,0.08713793620700017,-0.02846737465733895,0.009765625,0.001377740285533946,4.979508196721312e-05
834560,-0.0019341246152180247,0.1201133961440064,-0.026598048018058762,0.008056640625,0.0009620438140700571,4.948770491803277e-05
835584,-0.0014827015256742015,0.6230996593367308,-0.04584833623812301,0.005859375,0.0011098205359303392,4.918032786885244e-05
836608,-0.0032068540349428076,0.3909675746690482,-0.03612562741909642,0.01416015625,0.0010445045481901616,4.887295081967212e-05
837632,-0.003758983461011667,0.39719021727796644,-0.04822920690639876,0.0107421875,0.0014034041596460156,4.856557377049179e-05
838656,-0.0019426159706199542,0.1533364310162142,-0.023896563701782725,0.009033203125,0.001014737099467311,4.825819672131147e-05
839680,-0.0017884374974528328,0.06515968783060089,-0.02737283291935455,0.0126953125,0.003120846100500785,4.795081967213115e-05
840704,-0.0019358648023626301,0.15066407714039087,-0.02459276323497761,0.01123046875,0.0022763842716813087,4.764344262295082e-05
841728,-0.004999129268981051,1.014645290095359,-0.062280169426230714,0.0087890625,0.001098029431886971,4.7336065573770496e-05
842752,-0.0019551710720406845,0.3439259504666552,-0.039390289384755306,0.010009765625,0.0014911520265741274,4.702868852459018e-05
843776,-0.001605684643436689,0.47119370580185205,-0.04033685523609165,0.007568359375,0.0005870650566066615,4.672131147540982e-05
844800,-0.0026965210345224477,0.534810409299098,-0.04794753780879546,0.009521484375,0.0009895289258565754,4.641393442622949e-05
845824,-0.0021556470383075066,0.10470292723039165,-0.02376419589654688,0.009033203125,0.0011852421303046867,4.610655737704917e-05
846848,-0.0028394840701366775,0.17793360457289964,-0.030979267630755203,0.013671875,0.0026762021661852486,4.579918032786885e-05
847872,-0.0013280121638672426,0.11412202351493761,-0.028936547190824058,0.00537109375,0.0006042392415110953,4.549180327868852e-05
848896,-0.0019017221202375367,0.08983535965671763,-0.03285723098088056,0.00830078125,0.0007018852411420085,4.51844262295082e-05
849920,-0.0022882237244630232,0.3665663272840902,-0.0323353087369469,0.008544921875,0.0006932753531145863,4.487704918032787e-05
850944,-0.0019164685072610155,0.0965647249831818,-0.025525192904751748,0.006103515625,0.0007275225434568711,4.456967213114755e-05
851968,-0.001783700423402479,0.08091530168894678,-0.0240404003598087,0.00830078125,0.0008548397599952295,4.426229508196723e-05
852992,-0.001958935106813442,0.061975465854629874,-0.02744116069152369,0.007568359375,0.0010300924695911817,4.395491803278687e-05
854016,-0.0017630537768127397,0.14903528324794024,-0.028452972793260756,0.0126953125,0.0018617500900290906,4.364754098360654e-05
855040,-0.0010532352534937672,0.09815958852414042,-0.027434437688498292,0.00634765625,0.00048146928020287305,4.3340163934426216e-05
856064,-0.0035085202107438818,0.11487469787243754,-0.03207155685231555,0.012451171875,0.0012568694291985594,4.30327868852459e-05
857088,-0.004275265557225794,0.6047397780930623,-0.04641986239585094,0.01708984375,0.0012982800326426513,4.272540983606557e-05
858112,-0.001517517419415526,0.06866919354069978,-0.02396179929473874,0.005615234375,0.0006137930467957631,4.2418032786885246e-05
859136,-0.001340592723863665,0.042115218413528055,-0.02575698997134168,0.008056640625,0.0005945118100498803,4.211065573770492e-05
860160,-0.002731312815740239,0.5702999398345128,-0.042344694171333686,0.01318359375,0.001153708843048662,4.18032786885246e-05
861184,-0.001956190295459237,0.36845485132653266,-0.04041185849928297,0.0068359375,0.0008379713544854894,4.149590163934424e-05
862208,-0.002537760228733532,0.5574030774878338,-0.03752475851797499,0.007080078125,0.0004711030996986665,4.118852459016392e-05
863232,-0.002978304080897942,0.41470464353915304,-0.036162474571028724,0.007568359375,0.001313236338319257,4.088114754098359e-05
864256,-0.0023056232203089166,0.4213577341288328,-0.04650620177562814,0.009765625,0.000749239741708152,4.057377049180327e-05
865280,-0.002723662262724247,0.0653365301550366,-0.025912814922776306,0.010986328125,0.0011984012817265466,4.026639344262295e-05
866304,-0.0016166328314284328,0.27348726603668183,-0.031940283901349176,0.00537109375,0.0005794173775939271,3.995901639344262e-05
867328,-0.0025913712452165782,0.12994673976209015,-0.0321514285315061,0.01220703125,0.003067175319301896,3.9651639344262296e-05
868352,-0.0028300490594119765,0.71479177987203,-0.04342464808723889,0.0146484375,0.0015005645909695886,3.934426229508198e-05
869376,-0.001842332974774763,0.07617368246428668,-0.028899378958158195,0.0048828125,0.0006581560446647927,3.903688524590165e-05
870400,-0.00016374837650801055,0.15425184136256576,-0.03336215160379652,0.008056640625,0.0005334837333066389,3.872950819672129e-05
871424,-0.0014756972886971198,0.1004968557972461,-0.02994402618787717,0.011962890625,0.0009750944591360167,3.842213114754097e-05
872448,-0.0009605249288142659,0.11451487016165629,-0.031134905671933666,0.006591796875,0.0007078830531099811,3.811475409836065e-05
873472,-0.001504927706264425,0.4934754027053714,-0.039400383131578565,0.00732421875,0.0008066718364716507,3.780737704918032e-05
874496,-0.0021929877912043594,0.2540121818892658,-0.032554861521930434,0.005859375,0.0005689817262464203,3.75e-05
875520,-0.0010657064121915027,0.07706966405385174,-0.028061518256436102,0.00537109375,0.0005606275954050943,3.719262295081967e-05
876544,-0.0015347398584708571,0.46639374329242855,-0.039026577927870676,0.010009765625,0.0008109459231491201,3.6885245901639346e-05
877568,-0.001654305677220691,0.06589291722048074,-0.025043015004484914,0.009765625,0.0009813070500968024,3.657786885245903e-05
878592,-0.0020075918146176264,0.06836056988686323,-0.02757782700791722,0.008544921875,0.0009922307435772382,3.62704918032787e-05
879616,-0.0022570312066818587,0.272340971394442,-0.03747591777937487,0.003662109375,0.0003959444002248347,3.596311475409834e-05
880640,-0.002066176471998915,0.058936459361575544,-0.033940250432351604,0.00537109375,0.0010810708117787726,3.5655737704918016e-05
881664,-0.0010254532389808446,0.12977352691814303,-0.03140962598263286,0.0048828125,0.00045105614117346704,3.53483606557377e-05
882688,-0.0005755222300649621,0.23319575691130012,-0.030997849789855536,0.0068359375,0.0005440406530397013,3.504098360655737e-05
883712,-0.002433098383335164,0.42605871229898185,-0.044911739823874086,0.00244140625,0.0002814831896102987,3.4733606557377046e-05
884736,-0.0030140843737171963,1.3332179470453411,-0.051229678036179394,0.006103515625,0.0006621617867494933,3.442622950819672e-05
885760,-0.0028093071523471735,0.4316777437925339,-0.04124924882489722,0.00634765625,0.0006795365625293925,3.41188524590164e-05
886784,-0.004967902357748244,0.11913119594100863,-0.03157507521973457,0.013671875,0.0025796002300921828,3.3811475409836076e-05
887808,-0.0034299912040296476,0.3290545364143327,-0.04146383181432611,0.00927734375,0.0009034307149704546,3.350409836065575e-05
888832,-0.004114450923225377,0.4945250041782856,-0.054944806557614356,0.005859375,0.0005109268386149779,3.319672131147539e-05
889856,-0.0015436726171174087,0.11183821188751608,-0.0342635457200231,0.005126953125,0.0007710347126703709,3.288934426229507e-05
890880,-0.002885164816689212,0.3713138970779255,-0.04235963846440427,0.0107421875,0.0013349347354960628,3.258196721311475e-05
891904,-0.0015419994924741331,0.35331449401564896,-0.03798542986623943,0.007568359375,0.0007133113176678307,3.227459016393442e-05
892928,-0.0028417559806257486,0.1265671571600251,-0.0322548227122752,0.00830078125,0.0009372330532642081,3.1967213114754096e-05
893952,-0.003874392485158751,0.45315760490484536,-0.046457790114800446,0.008056640625,0.0005212123869569041,3.165983606557378e-05
894976,-0.0020570205633703154,0.49644109583459795,-0.04811587603762746,0.006103515625,0.0004939521095366217,3.135245901639345e-05
896000,-0.0016546445331186987,0.12208601087331772,-0.027816340017125185,0.005615234375,0.0008010053643374704,3.1045081967213126e-05
897024,-0.001677766973443795,0.13013770000543445,-0.034107137471437454,0.00830078125,0.0013335264738998376,3.0737704918032767e-05
898048,-0.0016023560001485748,0.2754534143023193,-0.035629189223982394,0.003662109375,0.00029800029733451083,3.0430327868852444e-05
899072,-0.0011731901395251043,0.12743377045262605,-0.0319463332707528,0.00537109375,0.0005915211513638496,3.012295081967212e-05
900096,-0.0021429271073429845,0.637965795584023,-0.05701955144468229,0.007568359375,0.000665200495859608,2.9815573770491797e-05
901120,-0.0012652852674364112,0.7364138092380017,-0.04441652708919719,0.005126953125,0.00036707089020637795,2.950819672131147e-05
902144,-0.0014023440598975867,0.08765205158852041,-0.02582678506587399,0.004150390625,0.0003485207926132716,2.920081967213115e-05
903168,-0.0017458868096582592,0.06561431440059096,-0.028580535283253994,0.005126953125,0.0004582612600643188,2.8893442622950823e-05
904192,-0.0011446061653259676,0.31549442664254457,-0.043251476556179114,0.008056640625,0.0007581159006804228,2.85860655737705e-05
905216,-0.0036942575534339994,0.09478164848405868,-0.038314166784402914,0.020751953125,0.001865204299974721,2.8278688524590176e-05
906240,-0.001480413309764117,0.09646795899607241,-0.028991071696509607,0.00537109375,0.00042548096098471433,2.797131147540982e-05
907264,-0.002599009167170152,0.9677452088799328,-0.05170119933609385,0.0078125,0.0013720550341531634,2.7663934426229494e-05
908288,-0.001178495142085012,0.3362182065611705,-0.05751767341280356,0.001953125,0.00024388273595832288,2.7356557377049172e-05
909312,-0.00018296346388524398,0.14349497604416683,-0.034267823066329584,0.00244140625,0.0002749031555140391,2.7049180327868846e-05
910336,-0.0015467649136553518,0.07321492483606562,-0.03534831433353247,0.008544921875,0.0007152215112000704,2.6741803278688524e-05
911360,-0.00214122750912793,0.6238711008918472,-0.04906802813638933,0.0048828125,0.0003206473193131387,2.64344262295082e-05
912384,-0.002014131845498923,0.08583572876523249,-0.036209415877237916,0.005126953125,0.0007173260019044392,2.6127049180327876e-05
913408,-0.0012194428272778168,0.5671180749777704,-0.043373394015361555,0.001953125,0.00018362780974712223,2.581967213114755e-05
914432,-0.002087974709866103,0.08178947240230627,-0.0254497782971157,0.004150390625,0.0005212881878833286,2.5512295081967225e-05
915456,-0.0008841827657306567,0.11972381913801655,-0.03477675259637181,0.004638671875,0.00027132409741170704,2.520491803278687e-05
916480,-0.0018938216162496246,0.05501495525822975,-0.028298679496401746,0.0068359375,0.0004555907507892698,2.4897540983606547e-05
917504,-0.00618562642193865,1.0020060134120286,-0.06482060873531736,0.013671875,0.00110222782677738,2.459016393442622e-05
918528,-0.002580189371656161,0.7875899509526789,-0.04328520345734432,0.00390625,0.00041634344233898446,2.4282786885245896e-05
919552,-0.001096640007745009,0.13444891874678433,-0.027151553131261608,0.00439453125,0.0003063934709643945,2.3975409836065574e-05
920576,-0.0015006627327238675,0.4846473914803937,-0.03271711822162615,0.00341796875,0.00024367548030568287,2.3668032786885248e-05
921600,-0.0017042615363607183,0.07934506423771381,-0.034355536990915425,0.005615234375,0.00045660686009796336,2.3360655737704926e-05
922624,-0.003141748071357142,0.747566597070545,-0.05029445077525452,0.0068359375,0.0006469261570600793,2.30532786885246e-05
923648,-0.001928062607476022,0.07593381573678926,-0.02640245283328113,0.005615234375,0.00043788276525447145,2.2745901639344244e-05
924672,-0.0014914336243236903,0.3624589981045574,-0.03091627279354725,0.00439453125,0.00035440439387457445,2.243852459016392e-05
925696,-0.001850586020736955,0.06374511774629354,-0.029923523099569138,0.0048828125,0.000482491850561928,2.2131147540983597e-05
926720,-0.0018021949144895189,0.08415996329858899,-0.035157123900717124,0.005859375,0.00037182836967986077,2.182377049180327e-05
927744,-0.0013691315489268163,0.5673138712299988,-0.0410809646564303,0.003662109375,0.0003202976658940315,2.151639344262295e-05
928768,-0.0016154622062458657,0.08533749193884432,-0.022400995729185524,0.00439453125,0.0003525762149365619,2.1209016393442623e-05
929792,-0.0014239951087802183,0.12870661751367152,-0.033161024082801305,0.00439453125,0.000561269283934962,2.09016393442623e-05
930816,-0.002405738483503228,0.4165584009606391,-0.05025886124349199,0.00439453125,0.00035773016861639917,2.0594262295081975e-05
931840,-0.0013931254216004163,0.1172814677702263,-0.03696279846190009,0.00341796875,0.0002386017731623724,2.0286885245901653e-05
932864,-0.002314977362402715,0.11892093654023483,-0.031196942945825867,0.00830078125,0.0006107716690166853,1.9979508196721294e-05
933888,-0.00425103757152101,0.10800597775960341,-0.03574545459559886,0.0126953125,0.001044733653543517,1.967213114754097e-05
934912,-0.0009943640707206214,0.08532273973105475,-0.030597337034123484,0.001953125,0.00014618158456869423,1.9364754098360646e-05
935936,-0.0008496650370943826,0.13354732270818204,-0.02946419741056161,0.00244140625,0.00022250995971262455,1.9057377049180324e-05
936960,-0.0011271412222413346,0.5977513691177592,-0.04306496563003748,0.004150390625,0.00024943090829765424,1.875e-05
937984,-0.001884944867924787,0.4856963943457231,-0.03769111793280899,0.00341796875,0.0002130704015144147,1.8442622950819673e-05
939008,-0.002596569775050739,0.4340295005822554,-0.04665736427705269,0.00537109375,0.0004707198095275089,1.813524590163935e-05
940032,-0.0004338241196819581,0.48279782698955387,-0.04237766582809854,0.00244140625,0.00023518876696471125,1.7827868852459025e-05
941056,-0.0016715569618099835,0.08570843155030161,-0.03339769287777017,0.003173828125,0.0004181627227808349,1.7520491803278703e-05
942080,-0.0020728406598209403,1.1851282038260251,-0.06328640798164997,0.005615234375,0.0004294392711017281,1.7213114754098343e-05
943104,-0.0010301159345544875,0.05611633195076138,-0.021523639180941245,0.003662109375,0.0002976047253469005,1.690573770491802e-05
944128,-0.0013186879368731752,0.08384546870365739,-0.025179817159369122,0.004150390625,0.00040192472806666046,1.6598360655737696e-05
945152,-0.001029062557790894,0.4471132227918133,-0.04159002340747975,0.00390625,0.00025742638536030427,1.6290983606557374e-05
946176,-0.001699336527963169,0.06518966174917296,-0.028863733867183328,0.00732421875,0.0004250914789736271,1.5983606557377048e-05
947200,-0.002105828760250006,0.2522491286508739,-0.03447432095708791,0.00390625,0.00027723528910428286,1.5676229508196726e-05
948224,-0.0012738165678456426,0.09667166345752776,-0.03427373587328475,0.005859375,0.0005761169159086421,1.53688524590164e-05
949248,-0.0011810964570031501,0.4320526394294575,-0.05208982602925971,0.002685546875,0.0002051861520158127,1.5061475409836076e-05
950272,-0.0016088250049506314,0.3891805390594527,-0.04048816858266946,0.002197265625,0.0001450557538191788,1.4754098360655752e-05
951296,-0.0015319318117690273,0.47685578546952456,-0.04640542181732599,0.001953125,0.0001744180262903683,1.4446721311475395e-05
952320,-0.0010063058434752747,0.371852780575864,-0.0405451818878646,0.001708984375,0.00012361208064248785,1.413934426229507e-05
953344,-0.002032909877016209,0.603249374893494,-0.06505459637264721,0.0029296875,0.00026017944037448615,1.3831967213114747e-05
954368,-0.002224487019702792,0.3736383212963119,-0.050537356903078035,0.003662109375,0.0002855027196346782,1.3524590163934423e-05
955392,-0.00134228118986357,0.8274539283011109,-0.06459948536939919,0.002197265625,0.00019345597684150562,1.32172131147541e-05
956416,-0.0009385615194332786,0.08214914542622864,-0.023368958460196154,0.002685546875,0.0002119429555023089,1.2909836065573775e-05
957440,-0.0021289663964125793,0.4444414902245626,-0.03769903461125068,0.00341796875,0.00024193486024159938,1.2602459016393451e-05
958464,-0.0009509535957477055,0.22566610970534384,-0.04166571809037123,0.001220703125,0.0001109408913180232,1.2295081967213128e-05
959488,-0.0010972948584822007,0.3657404604018666,-0.03993456743774004,0.001220703125,0.0001082921662600711,1.198770491803277e-05
960512,-0.0012496041235863231,0.4265772276557982,-0.034064158659020904,0.001953125,0.0001415210499544628,1.1680327868852446e-05
961536,-0.0011166309232066851,0.35449802776565775,-0.042103860032511875,0.0009765625,7.332144014071673e-05,1.1372950819672122e-05
962560,-0.0013148285943316296,0.10312250669812784,-0.02865607435393258,0.002685546875,0.00024558804580010474,1.1065573770491798e-05
963584,-0.0009178772306768224,0.3983061721082777,-0.04465869542036671,0.0009765625,0.00011309861292829737,1.0758196721311474e-05
964608,-0.0008807108006294584,0.36165198701201007,-0.04002085540560074,0.001220703125,0.00013154705084161833,1.045081967213115e-05
965632,-0.001323208343819715,0.37823126860894263,-0.03687496139900759,0.001953125,0.00015351959882536903,1.0143442622950827e-05
966656,-0.002494498257874511,0.5586613973136991,-0.05341520215733908,0.0048828125,0.0003353881838847883,9.836065573770501e-06
967680,-0.001406543731718557,0.25736880488693714,-0.042207692851661704,0.00048828125,6.878703425172716e-05,9.528688524590177e-06
968704,-0.0015419338742503896,0.20040279073873535,-0.03842090209946036,0.001953125,0.00018536300194682553,9.221311475409821e-06
969728,-0.0014787963445996866,0.3381939373211935,-0.03738245237764204,0.00146484375,0.00012940866145072505,8.913934426229497e-06
970752,-0.0031025997595861554,1.1553680209908634,-0.06982915774278808,0.002685546875,0.0002670361427590251,8.606557377049172e-06
971776,-0.0013293874508235604,0.11179090547375381,-0.02811284552444704,0.00244140625,0.000200044916709885,8.299180327868848e-06
972800,-0.0007169899508880917,0.10070688120322302,-0.03280032535622013,0.000732421875,7.382405601674691e-05,7.991803278688524e-06
973824,-0.000994343266938813,0.05121695133857429,-0.03211125294910744,0.0009765625,0.00012101081665605307,7.6844262295082e-06
974848,-0.001126031762396451,0.09401405311655253,-0.031037749682582216,0.002197265625,0.00019162227545166388,7.377049180327876e-06
975872,-0.0009391425119247288,0.08338774729054421,-0.030673555702378508,0.00244140625,0.00017890670278575271,7.069672131147552e-06
976896,-0.0007681296119699255,0.08432221482507885,-0.026245404753353796,0.001708984375,0.00012580458860611543,6.7622950819672285e-06
977920,-0.0007478380503016524,0.5015880280407146,-0.04640046974236611,0.00048828125,0.00011237010039621964,6.454918032786871e-06
978944,-0.0016250689077423885,0.28221539012156427,-0.04430501193564851,0.001220703125,0.00011319606710458174,6.147540983606547e-06
979968,-0.0016547618761251215,0.25476477679330856,-0.04360587036353536,0.000732421875,8.215804700739682e-05,5.840163934426223e-06
980992,-0.00037354441883508116,0.3669894263148308,-0.03875198650348466,0.0,1.4136094250716269e-05,5.532786885245899e-06
982016,-0.00025434889539610595,0.06526886814390309,-0.030435177905019373,0.0,9.467272320762277e-06,5.225409836065575e-06
983040,-0.000983023266599048,0.13143751048482955,-0.02674118356026156,0.000732421875,5.61392807867378e-05,4.9180327868852505e-06
984064,-0.0013416215751931304,0.25996851350646466,-0.03321327711091726,0.0009765625,0.00012043578317388892,4.610655737704927e-06
985088,-0.0004135345880058594,0.4324625146109611,-0.036738660259288736,0.0,9.847695764619857e-06,4.303278688524603e-06
986112,-0.00017859847139334306,0.07379798742476851,-0.032425907851575175,0.0,1.0501469660084695e-05,3.995901639344246e-06
987136,-0.00069990032716305,0.11596811137860641,-0.030326080368240582,0.00048828125,5.140947178006172e-05,3.6885245901639216e-06
988160,-0.0006788716054870747,0.0991349890246056,-0.02952493412885815,0.0,2.5300949346274137e-05,3.3811475409835977e-06
989184,-0.0004251601785654202,0.10300057759741321,-0.030720948991074692,0.000244140625,2.555611717980355e-05,3.0737704918032734e-06
990208,-0.00022767790869693272,0.7800651146098971,-0.057473145017866045,0.0,1.574101042933762e-05,2.7663934426229496e-06
991232,3.21229308610782e-05,0.7899861452169716,-0.06957070811768062,0.0,6.942434993106872e-06,2.4590163934426253e-06
992256,-0.00040905687637859955,0.11446832859655842,-0.030918401673261542,0.0,1.009510742733255e-05,2.1516393442623014e-06
993280,-0.0007717297994531691,0.2608248465694487,-0.03567267246580741,0.0,1.738844730425626e-05,1.8442622950819775e-06
994304,-0.00019064372099819593,0.09707985690329224,-0.033745621352863964,0.0,9.88794636214152e-06,1.5368852459016534e-06
995328,-0.00018871151405619457,0.42449667712207884,-0.03743400641542394,0.0,3.215493052266538e-06,1.2295081967212961e-06
996352,-0.0004538627399597317,0.12059303489513695,-0.03385230197454803,0.0,3.6908459151163697e-06,9.22131147540972e-07
997376,-0.0001195272634504363,0.36048386187758297,-0.05455740852630697,0.0,4.812318366020918e-07,6.147540983606481e-07
998400,7.959461072459817e-06,1.0041839992627501,-0.07190566946519539,0.0,4.1193561628460884e-07,3.0737704918032403e-07
999424,-4.802132025361061e-10,0.36014707828871906,-0.044978634316066746,0.0,1.4551915228366852e-10,0.0
