timestep,episode,reward,length
1073,0,-8.099999999999998,50
1123,1,-6.899999999999999,50
1173,2,-7.499999999999998,50
1223,3,-8.099999999999998,50
1273,4,-8.7,50
1323,5,-7.499999999999998,50
1373,6,-8.099999999999998,50
1423,7,-7.499999999999998,50
1473,8,-8.7,50
1523,9,-7.499999999999998,50
1573,10,-6.299999999999999,50
1623,11,-8.7,50
1673,12,-8.099999999999998,50
1723,13,-8.7,50
1773,14,-7.499999999999998,50
1823,15,-6.899999999999999,50
1873,16,-7.499999999999998,50
1923,17,-6.899999999999999,50
1973,18,-8.099999999999998,50
2023,19,-7.499999999999998,50
2073,20,-7.499999999999998,50
2123,21,-8.099999999999998,50
2173,22,-8.7,50
2223,23,-7.499999999999998,50
2273,24,-8.7,50
2323,25,-8.099999999999998,50
2373,26,-6.899999999999999,50
2423,27,-6.899999999999999,50
2473,28,-8.099999999999998,50
2523,29,-6.899999999999999,50
2573,30,-7.499999999999998,50
2623,31,-6.899999999999999,50
2673,32,-8.099999999999998,50
2723,33,-7.499999999999998,50
2773,34,-8.099999999999998,50
2823,35,-8.099999999999998,50
2873,36,-8.099999999999998,50
2923,37,-6.299999999999999,50
2973,38,-8.099999999999998,50
3023,39,-8.099999999999998,50
3073,40,-8.099999999999998,50
3123,41,-8.7,50
3173,42,-8.099999999999998,50
3223,43,-8.7,50
3273,44,-8.7,50
3323,45,-8.7,50
3373,46,-6.899999999999999,50
3423,47,-6.899999999999999,50
3473,48,-8.7,50
3523,49,-8.7,50
3573,50,-8.099999999999998,50
3623,51,-8.7,50
3673,52,-8.7,50
3723,53,-8.099999999999998,50
3773,54,-8.099999999999998,50
3823,55,-8.099999999999998,50
3873,56,-5.099999999999998,50
3923,57,-8.7,50
3973,58,-8.099999999999998,50
4023,59,-8.7,50
4073,60,-7.499999999999998,50
4123,61,-8.7,50
4173,62,-7.499999999999998,50
4223,63,-8.7,50
4273,64,-8.099999999999998,50
4323,65,-7.499999999999998,50
4373,66,-8.099999999999998,50
4423,67,-8.099999999999998,50
4473,68,-7.499999999999998,50
4523,69,-8.7,50
4573,70,-8.099999999999998,50
4623,71,-7.499999999999998,50
4673,72,-8.099999999999998,50
4723,73,-8.099999999999998,50
4773,74,-8.099999999999998,50
4823,75,-8.099999999999998,50
4873,76,-8.7,50
4923,77,-7.499999999999998,50
4973,78,-8.7,50
5023,79,-8.099999999999998,50
5073,80,-8.7,50
5123,81,-8.099999999999998,50
5173,82,-8.099999999999998,50
5223,83,-8.7,50
5273,84,-8.099999999999998,50
5323,85,-6.299999999999999,50
5373,86,-8.099999999999998,50
5423,87,-6.899999999999999,50
5473,88,-7.499999999999998,50
5523,89,-8.7,50
5573,90,-7.499999999999998,50
5623,91,-8.099999999999998,50
5673,92,-6.899999999999999,50
5723,93,-6.899999999999999,50
5773,94,-6.299999999999999,50
5823,95,-8.099999999999998,50
5873,96,-6.899999999999999,50
5923,97,-8.7,50
5973,98,-6.299999999999999,50
6023,99,-8.7,50
6073,100,-8.099999999999998,50
6123,101,-8.7,50
6173,102,-7.499999999999998,50
6223,103,-7.499999999999998,50
6273,104,-8.099999999999998,50
6323,105,-8.099999999999998,50
6373,106,-8.099999999999998,50
6423,107,-6.899999999999999,50
6473,108,-7.499999999999998,50
6523,109,-5.699999999999998,50
6573,110,-8.099999999999998,50
6623,111,-5.099999999999998,50
6673,112,-7.499999999999998,50
6723,113,-8.099999999999998,50
6773,114,-7.499999999999998,50
6823,115,-8.099999999999998,50
6873,116,-7.499999999999998,50
6923,117,-5.699999999999998,50
6973,118,-6.299999999999999,50
7023,119,-5.699999999999998,50
7073,120,-6.299999999999999,50
7123,121,-7.499999999999998,50
7173,122,-8.099999999999998,50
7223,123,-1.4999999999999982,50
7273,124,-5.099999999999998,50
7323,125,-3.899999999999998,50
7373,126,-7.499999999999998,50
7423,127,-2.099999999999998,50
7473,128,-7.499999999999998,50
7523,129,-5.699999999999998,50
7573,130,-6.899999999999999,50
7623,131,-8.099999999999998,50
7673,132,-5.699999999999998,50
7723,133,-6.299999999999999,50
7773,134,-7.499999999999998,50
7823,135,-6.299999999999999,50
7873,136,-6.299999999999999,50
7923,137,-5.099999999999998,50
7973,138,-8.099999999999998,50
8023,139,-6.899999999999999,50
8073,140,-7.499999999999998,50
8123,141,-6.299999999999999,50
8173,142,-4.499999999999998,50
8223,143,-5.099999999999998,50
8273,144,-2.099999999999998,50
8323,145,-7.499999999999998,50
8373,146,-6.899999999999999,50
8423,147,-6.899999999999999,50
8473,148,-4.499999999999998,50
8523,149,-3.299999999999998,50
8573,150,-5.699999999999998,50
8623,151,-3.899999999999998,50
8673,152,-2.699999999999998,50
8723,153,-3.299999999999998,50
8773,154,-3.299999999999998,50
8823,155,-8.099999999999998,50
8873,156,-5.099999999999998,50
8923,157,-1.4999999999999982,50
8973,158,-5.099999999999998,50
9023,159,-6.299999999999999,50
9073,160,-0.8999999999999986,50
9123,161,-6.899999999999999,50
9173,162,-5.099999999999998,50
9223,163,-5.099999999999998,50
9273,164,-0.8999999999999986,50
9323,165,-5.699999999999998,50
9373,166,-6.299999999999999,50
9423,167,-0.8999999999999986,50
9473,168,-6.899999999999999,50
9523,169,-6.299999999999999,50
9573,170,-2.699999999999998,50
9623,171,-2.699999999999998,50
9673,172,-0.8999999999999986,50
9723,173,-5.699999999999998,50
9773,174,-3.299999999999998,50
9823,175,-5.699999999999998,50
9873,176,-5.099999999999998,50
9923,177,-4.499999999999998,50
9973,178,-0.8999999999999986,50
10023,179,-3.899999999999998,50
10073,180,-1.4999999999999982,50
10123,181,-6.299999999999999,50
10173,182,-6.299999999999999,50
10223,183,-4.499999999999998,50
10273,184,-0.8999999999999986,50
10323,185,-6.899999999999999,50
10373,186,-7.499999999999998,50
10423,187,-4.499999999999998,50
10473,188,-4.499999999999998,50
10523,189,-0.8999999999999986,50
10573,190,-2.699999999999998,50
10623,191,-5.699999999999998,50
10673,192,-0.8999999999999986,50
10723,193,-0.8999999999999986,50
10773,194,-0.8999999999999986,50
10823,195,-3.899999999999998,50
10873,196,-3.299999999999998,50
10923,197,-2.699999999999998,50
10973,198,-2.699999999999998,50
11023,199,-2.699999999999998,50
11073,200,-2.099999999999998,50
11123,201,-1.4999999999999982,50
11173,202,-0.8999999999999986,50
11223,203,-3.299999999999998,50
11273,204,-0.8999999999999986,50
11323,205,-0.8999999999999986,50
11373,206,-2.699999999999998,50
11423,207,-0.8999999999999986,50
11473,208,-0.8999999999999986,50
11523,209,-3.299999999999998,50
11573,210,-0.29999999999999893,50
11623,211,-0.8999999999999986,50
11673,212,-0.8999999999999986,50
11723,213,-0.8999999999999986,50
11773,214,-0.8999999999999986,50
11823,215,-1.4999999999999982,50
11873,216,-0.8999999999999986,50
11923,217,-3.899999999999998,50
11973,218,-0.8999999999999986,50
12023,219,-0.8999999999999986,50
12073,220,-2.699999999999998,50
12123,221,-0.8999999999999986,50
12173,222,-0.8999999999999986,50
12223,223,-0.8999999999999986,50
12273,224,-0.8999999999999986,50
12323,225,-1.4999999999999982,50
12373,226,0.3000000000000007,50
12423,227,-0.8999999999999986,50
12477,228,-0.4999999999999982,54
12527,229,-0.8999999999999986,50
12577,230,-0.8999999999999986,50
12627,231,-0.8999999999999986,50
12677,232,-0.8999999999999986,50
12727,233,0.9000000000000004,50
12777,234,-0.8999999999999986,50
12827,235,-0.8999999999999986,50
12877,236,-0.8999999999999986,50
12927,237,-0.8999999999999986,50
12977,238,-0.8999999999999986,50
13027,239,-0.8999999999999986,50
13077,240,-0.8999999999999986,50
13127,241,-0.8999999999999986,50
13177,242,-0.8999999999999986,50
13227,243,-0.8999999999999986,50
13277,244,-0.8999999999999986,50
13327,245,-0.8999999999999986,50
13377,246,-0.8999999999999986,50
13427,247,-0.8999999999999986,50
13477,248,-0.8999999999999986,50
13527,249,0.3000000000000007,50
13577,250,-0.8999999999999986,50
13627,251,-0.8999999999999986,50
13677,252,-0.8999999999999986,50
13727,253,-0.8999999999999986,50
13777,254,-0.8999999999999986,50
13827,255,-0.8999999999999986,50
13877,256,-0.8999999999999986,50
13927,257,-0.29999999999999893,50
13977,258,-0.8999999999999986,50
14027,259,-0.8999999999999986,50
14077,260,-0.8999999999999986,50
14127,261,0.3000000000000007,50
14178,262,2.1999999999999993,51
14228,263,0.9000000000000004,50
14278,264,-0.8999999999999986,50
14328,265,-0.8999999999999986,50
14378,266,-0.8999999999999986,50
14428,267,2.0999999999999996,50
14478,268,-0.8999999999999986,50
14528,269,-0.8999999999999986,50
14578,270,-0.8999999999999986,50
14628,271,-0.8999999999999986,50
14678,272,-0.8999999999999986,50
14728,273,-0.8999999999999986,50
14778,274,-0.8999999999999986,50
14828,275,-0.8999999999999986,50
14878,276,-0.8999999999999986,50
14928,277,2.6999999999999993,50
14978,278,-0.8999999999999986,50
15028,279,-0.8999999999999986,50
15080,280,2.8999999999999986,52
15149,281,0.10000000000000164,69
15199,282,0.3000000000000007,50
15249,283,-0.8999999999999986,50
15299,284,-0.8999999999999986,50
15349,285,-0.8999999999999986,50
15399,286,-0.8999999999999986,50
15449,287,-0.8999999999999986,50
15499,288,-0.8999999999999986,50
15549,289,-0.8999999999999986,50
15599,290,-0.8999999999999986,50
15652,291,0.6000000000000019,53
15702,292,2.0999999999999996,50
15752,293,-0.8999999999999986,50
15802,294,-0.29999999999999893,50
15852,295,-0.8999999999999986,50
15902,296,2.6999999999999993,50
15952,297,-0.8999999999999986,50
16002,298,-0.8999999999999986,50
16054,299,2.299999999999999,52
16104,300,0.3000000000000007,50
16172,301,-1.799999999999998,68
16222,302,-0.8999999999999986,50
16272,303,2.6999999999999993,50
16322,304,-0.8999999999999986,50
16372,305,-0.29999999999999893,50
16423,306,2.799999999999999,51
16481,307,-0.699999999999998,58
16531,308,0.9000000000000004,50
16581,309,-0.8999999999999986,50
16631,310,-0.8999999999999986,50
16681,311,-0.8999999999999986,50
16734,312,0.6000000000000019,53
16784,313,-0.8999999999999986,50
16834,314,-0.8999999999999986,50
16884,315,2.0999999999999996,50
16934,316,-0.8999999999999986,50
16984,317,-0.8999999999999986,50
17034,318,-0.8999999999999986,50
17084,319,-0.8999999999999986,50
17136,320,2.3000000000000007,52
17186,321,2.6999999999999993,50
17236,322,-0.8999999999999986,50
17290,323,0.10000000000000187,54
17340,324,-0.8999999999999986,50
17392,325,1.1000000000000019,52
17442,326,-0.8999999999999986,50
17492,327,-0.8999999999999986,50
17542,328,-0.8999999999999986,50
17592,329,-0.8999999999999986,50
17648,330,-0.8999999999999981,56
17698,331,-0.8999999999999986,50
17748,332,0.9000000000000004,50
17798,333,-0.8999999999999986,50
17848,334,-0.8999999999999986,50
17898,335,-0.8999999999999986,50
17948,336,-0.8999999999999986,50
17998,337,-0.8999999999999986,50
18048,338,-0.8999999999999986,50
18098,339,-0.8999999999999986,50
18148,340,2.6999999999999993,50
18198,341,-0.8999999999999986,50
18248,342,-2.099999999999998,50
18298,343,-0.8999999999999986,50
18348,344,-0.8999999999999986,50
18398,345,-0.8999999999999986,50
18448,346,-0.8999999999999986,50
18498,347,-0.8999999999999986,50
18548,348,-0.8999999999999986,50
18598,349,-0.8999999999999986,50
18651,350,0.6000000000000019,53
18701,351,-0.8999999999999986,50
18751,352,-0.8999999999999986,50
18801,353,-0.8999999999999986,50
18851,354,-0.8999999999999986,50
18901,355,-0.8999999999999986,50
18951,356,-2.699999999999998,50
19005,357,0.10000000000000187,54
19055,358,-0.8999999999999986,50
19105,359,-0.8999999999999986,50
19155,360,-0.8999999999999986,50
19205,361,0.9000000000000004,50
19255,362,-0.8999999999999986,50
19305,363,-0.8999999999999986,50
19355,364,-0.8999999999999986,50
19406,365,2.1999999999999993,51
19461,366,-0.39999999999999813,55
19511,367,-0.8999999999999986,50
19561,368,1.5,50
19611,369,-0.8999999999999986,50
19661,370,-0.8999999999999986,50
19711,371,-0.8999999999999986,50
19761,372,-0.8999999999999986,50
19811,373,-0.8999999999999986,50
19861,374,0.3000000000000007,50
19911,375,-0.8999999999999986,50
19961,376,-0.8999999999999986,50
20011,377,-0.8999999999999986,50
20061,378,0.3000000000000007,50
20114,379,0.6000000000000019,53
20164,380,-0.8999999999999986,50
20214,381,-0.8999999999999986,50
20264,382,-0.29999999999999893,50
20314,383,-0.8999999999999986,50
20364,384,-0.8999999999999986,50
20414,385,-0.8999999999999986,50
20464,386,-0.8999999999999986,50
20514,387,2.0999999999999996,50
20564,388,0.3000000000000007,50
20614,389,0.3000000000000007,50
20664,390,1.5,50
20716,391,1.1000000000000019,52
20766,392,0.3000000000000007,50
20816,393,2.0999999999999996,50
20866,394,-0.8999999999999986,50
20916,395,2.0999999999999996,50
20968,396,1.1000000000000019,52
21018,397,-0.8999999999999986,50
21068,398,2.0999999999999996,50
21118,399,-0.8999999999999986,50
21168,400,-0.8999999999999986,50
21218,401,0.3000000000000007,50
21268,402,1.5,50
21318,403,-0.8999999999999986,50
21368,404,-0.8999999999999986,50
21418,405,2.6999999999999993,50
21468,406,-0.8999999999999986,50
21518,407,0.3000000000000007,50
21571,408,1.200000000000002,53
21621,409,-0.8999999999999986,50
21671,410,0.3000000000000007,50
21721,411,2.0999999999999996,50
21772,412,2.200000000000001,51
21823,413,2.799999999999999,51
21873,414,-0.8999999999999986,50
21923,415,-0.8999999999999986,50
21974,416,2.1999999999999993,51
22026,417,1.1000000000000019,52
22076,418,2.0999999999999996,50
22126,419,0.3000000000000007,50
22178,420,1.1000000000000019,52
22228,421,-0.8999999999999986,50
22280,422,1.1000000000000019,52
22330,423,2.0999999999999996,50
22380,424,0.9000000000000004,50
22431,425,2.799999999999999,51
22483,426,1.1000000000000019,52
22533,427,2.6999999999999993,50
22583,428,2.6999999999999993,50
22634,429,2.1999999999999993,51
22685,430,2.799999999999999,51
22738,431,0.6000000000000019,53
22791,432,0.6000000000000019,53
22845,433,1.8999999999999986,54
22895,434,1.5,50
22945,435,1.5,50
22996,436,2.1999999999999993,51
23046,437,2.0999999999999996,50
23096,438,0.3000000000000007,50
23146,439,1.5,50
23197,440,2.799999999999999,51
23247,441,-0.29999999999999893,50
23297,442,1.5,50
23348,443,2.799999999999999,51
23399,444,2.799999999999999,51
23449,445,0.3000000000000007,50
23499,446,0.9000000000000004,50
23553,447,1.9000000000000021,54
23604,448,2.799999999999999,51
23654,449,2.6999999999999993,50
23705,450,2.1999999999999993,51
23758,451,0.5999999999999996,53
23809,452,2.1999999999999993,51
23859,453,2.0999999999999996,50
23910,454,2.200000000000001,51
23961,455,2.200000000000001,51
24011,456,-0.8999999999999986,50
24061,457,2.6999999999999993,50
24111,458,-0.8999999999999986,50
24161,459,2.6999999999999993,50
24211,460,-0.8999999999999986,50
24261,461,-0.8999999999999986,50
24312,462,2.1999999999999993,51
24362,463,1.5,50
24412,464,-0.8999999999999986,50
24462,465,0.9000000000000004,50
24512,466,2.6999999999999993,50
24563,467,2.1999999999999993,51
24614,468,2.799999999999999,51
24664,469,1.5,50
24714,470,2.0999999999999996,50
24764,471,1.5,50
24817,472,2.3999999999999986,53
24867,473,2.6999999999999993,50
24917,474,2.6999999999999993,50
24969,475,1.1000000000000019,52
25019,476,2.6999999999999993,50
25070,477,2.1999999999999993,51
25122,478,1.6999999999999993,52
25175,479,0.6000000000000019,53
25225,480,-0.8999999999999986,50
25275,481,2.6999999999999993,50
25325,482,0.3000000000000007,50
25376,483,2.799999999999999,51
25426,484,2.6999999999999993,50
25477,485,2.799999999999999,51
25529,486,2.8999999999999986,52
25579,487,2.6999999999999993,50
25630,488,2.1999999999999993,51
25681,489,2.799999999999999,51
25732,490,2.799999999999999,51
25782,491,2.6999999999999993,50
25836,492,3.099999999999998,54
25886,493,2.0999999999999996,50
25936,494,2.6999999999999993,50
25987,495,2.1999999999999993,51
26038,496,2.799999999999999,51
26090,497,2.299999999999999,52
26141,498,2.799999999999999,51
26191,499,1.5,50
26243,500,2.3000000000000007,52
26294,501,2.799999999999999,51
26344,502,2.6999999999999993,50
26394,503,2.6999999999999993,50
26444,504,1.5,50
26494,505,-0.8999999999999986,50
26547,506,2.3999999999999986,53
26600,507,2.9999999999999982,53
26650,508,2.6999999999999993,50
26702,509,1.700000000000002,52
26752,510,2.0999999999999996,50
26804,511,1.700000000000002,52
26857,512,2.9999999999999982,53
26907,513,2.0999999999999996,50
26958,514,2.799999999999999,51
27010,515,2.8999999999999986,52
27060,516,1.5,50
27110,517,2.0999999999999996,50
27161,518,2.799999999999999,51
27211,519,2.0999999999999996,50
27261,520,2.0999999999999996,50
27314,521,2.9999999999999982,53
27366,522,2.8999999999999986,52
27420,523,3.099999999999998,54
27471,524,2.799999999999999,51
27521,525,2.0999999999999996,50
27573,526,2.8999999999999986,52
27625,527,2.8999999999999986,52
27676,528,2.1999999999999993,51
27727,529,2.799999999999999,51
27777,530,2.0999999999999996,50
27828,531,2.799999999999999,51
27878,532,2.6999999999999993,50
27928,533,0.9000000000000004,50
27979,534,2.799999999999999,51
28029,535,-0.8999999999999986,50
28080,536,2.1999999999999993,51
28130,537,2.6999999999999993,50
28180,538,2.0999999999999996,50
28230,539,2.6999999999999993,50
28280,540,2.6999999999999993,50
28330,541,2.6999999999999993,50
28380,542,2.6999999999999993,50
28430,543,2.6999999999999993,50
28480,544,2.6999999999999993,50
28531,545,2.799999999999999,51
28581,546,2.6999999999999993,50
28632,547,2.799999999999999,51
28683,548,2.799999999999999,51
28737,549,3.099999999999998,54
28792,550,2.599999999999998,55
28845,551,2.9999999999999982,53
28895,552,0.3000000000000007,50
28945,553,2.6999999999999993,50
28997,554,2.8999999999999986,52
29049,555,2.8999999999999986,52
29099,556,2.0999999999999996,50
29151,557,2.299999999999999,52
29201,558,2.0999999999999996,50
29252,559,2.799999999999999,51
29307,560,2.599999999999998,55
29361,561,0.700000000000002,54
29419,562,2.899999999999997,58
29470,563,2.799999999999999,51
29525,564,-0.9999999999999973,55
29578,565,2.9999999999999982,53
29629,566,2.799999999999999,51
29680,567,2.799999999999999,51
29731,568,2.1999999999999993,51
29783,569,2.8999999999999986,52
29833,570,2.6999999999999993,50
29887,571,3.099999999999998,54
29937,572,2.0999999999999996,50
29987,573,2.0999999999999996,50
30041,574,3.099999999999998,54
30093,575,2.299999999999999,52
30143,576,2.0999999999999996,50
30195,577,2.299999999999999,52
30246,578,2.799999999999999,51
30296,579,2.6999999999999993,50
30346,580,2.6999999999999993,50
30396,581,2.6999999999999993,50
30446,582,2.0999999999999996,50
30496,583,1.5,50
30547,584,2.1999999999999993,51
30598,585,2.799999999999999,51
30648,586,2.6999999999999993,50
30701,587,2.3999999999999986,53
30751,588,2.6999999999999993,50
30805,589,3.099999999999998,54
30855,590,2.6999999999999993,50
30908,591,2.9999999999999982,53
30959,592,2.799999999999999,51
31012,593,2.9999999999999982,53
31062,594,2.6999999999999993,50
31114,595,2.8999999999999986,52
31165,596,2.1999999999999993,51
31216,597,2.799999999999999,51
31266,598,2.0999999999999996,50
31323,599,3.399999999999997,57
31374,600,2.799999999999999,51
31427,601,2.9999999999999982,53
31478,602,2.799999999999999,51
31528,603,2.6999999999999993,50
31578,604,2.0999999999999996,50
31628,605,2.6999999999999993,50
31679,606,2.799999999999999,51
31729,607,2.0999999999999996,50
31779,608,2.6999999999999993,50
31843,609,3.1999999999999966,64
31898,610,2.599999999999998,55
31949,611,2.799999999999999,51
32000,612,2.799999999999999,51
32053,613,2.9999999999999982,53
32105,614,2.8999999999999986,52
32155,615,0.9000000000000004,50
32206,616,2.799999999999999,51
32263,617,1.0000000000000018,57
32315,618,2.8999999999999986,52
32369,619,2.4999999999999982,54
32419,620,2.6999999999999993,50
32474,621,3.1999999999999975,55
32529,622,3.1999999999999975,55
32579,623,2.6999999999999993,50
32629,624,2.6999999999999993,50
32681,625,2.8999999999999986,52
32739,626,1.6999999999999993,58
32789,627,2.0999999999999996,50
32842,628,2.9999999999999982,53
32896,629,3.099999999999998,54
32947,630,2.799999999999999,51
32998,631,2.799999999999999,51
33048,632,2.0999999999999996,50
33101,633,2.9999999999999982,53
33152,634,2.1999999999999993,51
33205,635,2.9999999999999982,53
33255,636,2.0999999999999996,50
33305,637,0.9000000000000004,50
33356,638,2.799999999999999,51
33407,639,2.799999999999999,51
33459,640,2.8999999999999986,52
33513,641,3.099999999999998,54
33566,642,2.9999999999999982,53
33616,643,2.6999999999999993,50
33668,644,2.8999999999999986,52
33723,645,3.1999999999999975,55
33773,646,2.0999999999999996,50
33827,647,3.099999999999998,54
33880,648,2.9999999999999982,53
33931,649,2.799999999999999,51
33981,650,2.6999999999999993,50
34033,651,2.8999999999999986,52
34084,652,2.799999999999999,51
34138,653,3.099999999999998,54
34189,654,2.799999999999999,51
34241,655,2.299999999999999,52
34292,656,2.799999999999999,51
34342,657,-0.8999999999999986,50
34396,658,2.4999999999999982,54
34446,659,2.6999999999999993,50
34498,660,2.8999999999999986,52
34549,661,2.1999999999999993,51
34599,662,2.0999999999999996,50
34649,663,2.6999999999999993,50
34699,664,2.6999999999999993,50
34754,665,3.1999999999999975,55
34805,666,2.799999999999999,51
34857,667,2.8999999999999986,52
34914,668,2.799999999999997,57
34969,669,3.1999999999999975,55
35027,670,3.4999999999999964,58
35079,671,2.8999999999999986,52
35133,672,3.099999999999998,54
35185,673,2.8999999999999986,52
35239,674,3.099999999999998,54
35293,675,3.099999999999998,54
35344,676,2.799999999999999,51
35400,677,2.6999999999999975,56
35451,678,2.1999999999999993,51
35505,679,3.099999999999998,54
35557,680,2.8999999999999986,52
35614,681,3.399999999999997,57
35664,682,2.6999999999999993,50
35717,683,2.3999999999999986,53
35774,684,3.399999999999997,57
35831,685,3.399999999999997,57
35884,686,2.9999999999999982,53
35937,687,2.9999999999999982,53
35989,688,2.8999999999999986,52
36039,689,2.6999999999999993,50
36090,690,2.799999999999999,51
36144,691,3.099999999999998,54
36198,692,3.099999999999998,54
36251,693,2.9999999999999982,53
36307,694,3.299999999999997,56
36361,695,3.099999999999998,54
36413,696,2.8999999999999986,52
36477,697,2.599999999999998,64
36531,698,3.099999999999998,54
36584,699,2.9999999999999982,53
36636,700,2.299999999999999,52
36690,701,3.099999999999998,54
36741,702,2.1999999999999993,51
36793,703,2.8999999999999986,52
36847,704,3.099999999999998,54
36903,705,2.099999999999998,56
36958,706,3.1999999999999975,55
37012,707,3.099999999999998,54
37066,708,3.099999999999998,54
37119,709,2.9999999999999982,53
37176,710,2.799999999999997,57
37232,711,3.299999999999997,56
37283,712,2.799999999999999,51
37337,713,2.4999999999999982,54
37393,714,3.299999999999997,56
37447,715,3.099999999999998,54
37502,716,3.1999999999999975,55
37558,717,2.099999999999998,56
37608,718,2.6999999999999993,50
37663,719,2.599999999999998,55
37713,720,2.0999999999999996,50
37770,721,3.399999999999997,57
37823,722,2.9999999999999982,53
37878,723,2.599999999999998,55
37928,724,2.0999999999999996,50
37978,725,2.0999999999999996,50
38028,726,2.6999999999999993,50
38079,727,2.799999999999999,51
38131,728,2.8999999999999986,52
38184,729,2.9999999999999982,53
38236,730,2.8999999999999986,52
38287,731,2.799999999999999,51
38340,732,2.9999999999999982,53
38394,733,1.299999999999999,54
38446,734,2.8999999999999986,52
38499,735,2.3999999999999986,53
38552,736,2.9999999999999982,53
38609,737,3.399999999999997,57
38665,738,2.6999999999999975,56
38720,739,2.599999999999998,55
38771,740,2.1999999999999993,51
38824,741,2.9999999999999982,53
38877,742,2.9999999999999982,53
38933,743,2.6999999999999975,56
38983,744,1.5,50
39033,745,2.6999999999999993,50
39085,746,2.8999999999999986,52
39135,747,1.5,50
39185,748,0.3000000000000007,50
39236,749,2.799999999999999,51
39288,750,2.8999999999999986,52
39338,751,2.0999999999999996,50
39388,752,2.0999999999999996,50
39438,753,2.0999999999999996,50
39494,754,3.299999999999997,56
39544,755,2.6999999999999993,50
39594,756,2.6999999999999993,50
39646,757,2.299999999999999,52
39696,758,1.5,50
39746,759,0.9000000000000004,50
39799,760,0.6000000000000001,53
39849,761,2.6999999999999993,50
39900,762,2.799999999999999,51
39950,763,-0.8999999999999986,50
40001,764,1.5999999999999996,51
40051,765,-0.8999999999999986,50
40101,766,2.6999999999999993,50
40151,767,1.5,50
40201,768,-0.8999999999999986,50
40251,769,-0.8999999999999986,50
40301,770,-0.8999999999999986,50
40351,771,1.5,50
40401,772,-0.8999999999999986,50
40451,773,0.9000000000000004,50
40501,774,2.6999999999999993,50
40551,775,-0.8999999999999986,50
40601,776,2.0999999999999996,50
40651,777,-0.8999999999999986,50
40701,778,-0.8999999999999986,50
40751,779,1.5,50
40801,780,1.5,50
40851,781,-0.8999999999999986,50
40901,782,0.9000000000000004,50
40951,783,-0.8999999999999986,50
41001,784,0.9000000000000004,50
41052,785,2.799999999999999,51
41102,786,1.5,50
41152,787,-0.8999999999999986,50
41202,788,-0.8999999999999986,50
41252,789,2.6999999999999993,50
41302,790,1.5,50
41352,791,2.0999999999999996,50
41402,792,-0.8999999999999986,50
41452,793,2.0999999999999996,50
41504,794,2.8999999999999986,52
41557,795,2.9999999999999982,53
41607,796,0.9000000000000004,50
41657,797,2.0999999999999996,50
41712,798,3.1999999999999975,55
41762,799,2.0999999999999996,50
41812,800,1.5,50
41862,801,-0.8999999999999986,50
41912,802,2.0999999999999996,50
41965,803,2.9999999999999982,53
42015,804,-0.8999999999999986,50
42068,805,2.3999999999999986,53
42118,806,2.6999999999999993,50
42168,807,-0.8999999999999986,50
42218,808,-0.8999999999999986,50
42268,809,2.6999999999999993,50
42321,810,2.9999999999999982,53
42372,811,2.1999999999999993,51
42422,812,1.5,50
42479,813,3.399999999999997,57
42536,814,2.799999999999997,57
42586,815,-0.8999999999999986,50
42636,816,-0.8999999999999986,50
42686,817,0.3000000000000007,50
42736,818,-0.8999999999999986,50
42786,819,-0.8999999999999986,50
42840,820,2.4999999999999982,54
42895,821,3.1999999999999975,55
42945,822,-0.8999999999999986,50
42995,823,-0.8999999999999986,50
43052,824,3.399999999999997,57
43104,825,2.8999999999999986,52
43162,826,2.299999999999997,58
43212,827,-0.29999999999999893,50
43262,828,2.6999999999999993,50
43314,829,2.8999999999999986,52
43365,830,2.799999999999999,51
43419,831,3.099999999999998,54
43472,832,2.3999999999999986,53
43522,833,-0.8999999999999986,50
43572,834,-0.8999999999999986,50
43623,835,2.1999999999999993,51
43680,836,3.399999999999997,57
43730,837,-0.8999999999999986,50
43781,838,2.799999999999999,51
43831,839,2.0999999999999996,50
43883,840,2.8999999999999986,52
43936,841,2.9999999999999982,53
43986,842,0.9000000000000004,50
44043,843,3.399999999999997,57
44093,844,-5.099999999999998,50
44143,845,-0.8999999999999986,50
44193,846,-5.099999999999998,50
44243,847,-4.499999999999998,50
44293,848,-3.899999999999998,50
44343,849,-5.099999999999998,50
44393,850,-5.699999999999998,50
44443,851,-7.499999999999998,50
44493,852,-3.899999999999998,50
44543,853,-6.299999999999999,50
44593,854,-4.499999999999998,50
44643,855,-6.299999999999999,50
44693,856,-3.299999999999998,50
44743,857,-5.099999999999998,50
44793,858,-2.099999999999998,50
44843,859,-5.099999999999998,50
44893,860,-6.299999999999999,50
44943,861,-3.299999999999998,50
44993,862,-6.899999999999999,50
45043,863,-7.499999999999998,50
45093,864,-5.699999999999998,50
45143,865,-6.899999999999999,50
45193,866,-3.299999999999998,50
45243,867,-4.499999999999998,50
45293,868,-6.299999999999999,50
45343,869,-5.099999999999998,50
45393,870,-6.899999999999999,50
45443,871,-6.299999999999999,50
45493,872,-5.699999999999998,50
45543,873,-2.099999999999998,50
45599,874,2.6999999999999975,56
45649,875,-6.899999999999999,50
45699,876,-5.099999999999998,50
45749,877,-0.8999999999999986,50
45805,878,0.30000000000000204,56
45855,879,-4.499999999999998,50
45905,880,-2.699999999999998,50
45955,881,-4.499999999999998,50
46005,882,-2.099999999999998,50
46055,883,-5.699999999999998,50
46105,884,-4.499999999999998,50
46155,885,-6.899999999999999,50
46205,886,-5.699999999999998,50
46255,887,-4.499999999999998,50
46309,888,2.4999999999999982,54
46359,889,-0.8999999999999986,50
46409,890,-4.499999999999998,50
46459,891,-6.899999999999999,50
46509,892,-3.899999999999998,50
46559,893,-5.699999999999998,50
46609,894,-5.699999999999998,50
46659,895,-6.899999999999999,50
46709,896,-5.099999999999998,50
46759,897,-6.299999999999999,50
46809,898,-4.499999999999998,50
46859,899,-3.299999999999998,50
46909,900,-3.899999999999998,50
46959,901,-6.299999999999999,50
47009,902,-0.8999999999999986,50
47059,903,-0.8999999999999986,50
47109,904,-2.699999999999998,50
47159,905,-6.899999999999999,50
47209,906,-0.8999999999999986,50
47259,907,-1.4999999999999982,50
47309,908,-3.899999999999998,50
47359,909,-5.699999999999998,50
47409,910,-6.299999999999999,50
47459,911,-4.499999999999998,50
47509,912,-5.099999999999998,50
47559,913,-5.699999999999998,50
47609,914,-7.499999999999998,50
47659,915,-3.899999999999998,50
47709,916,-4.499999999999998,50
47765,917,3.299999999999997,56
47815,918,-6.299999999999999,50
47871,919,3.299999999999997,56
47921,920,-6.899999999999999,50
47974,921,2.3999999999999986,53
48024,922,-3.299999999999998,50
48074,923,-5.699999999999998,50
48124,924,-5.699999999999998,50
48179,925,3.1999999999999975,55
48229,926,-0.8999999999999986,50
48279,927,-4.499999999999998,50
48329,928,-0.8999999999999986,50
48380,929,2.1999999999999993,51
48430,930,-3.899999999999998,50
48487,931,3.399999999999997,57
48537,932,-6.299999999999999,50
48587,933,-0.8999999999999986,50
48637,934,-4.499999999999998,50
48687,935,-3.899999999999998,50
48744,936,2.799999999999997,57
48800,937,2.6999999999999975,56
48857,938,2.799999999999997,57
48907,939,-5.099999999999998,50
48957,940,-5.099999999999998,50
49007,941,-3.299999999999998,50
49061,942,3.099999999999998,54
49116,943,3.1999999999999975,55
49173,944,2.799999999999997,57
49229,945,2.6999999999999975,56
49286,946,2.799999999999997,57
49336,947,-6.299999999999999,50
49386,948,-5.699999999999998,50
49442,949,3.299999999999997,56
49496,950,2.4999999999999982,54
49551,951,2.0,55
49604,952,2.3999999999999986,53
49659,953,3.1999999999999975,55
49709,954,-5.099999999999998,50
49766,955,3.399999999999997,57
49820,956,3.099999999999998,54
49870,957,-7.499999999999998,50
49926,958,3.299999999999997,56
49976,959,-3.299999999999998,50
50034,960,3.4999999999999964,58
50095,961,3.7999999999999954,61
50145,962,-5.699999999999998,50
50199,963,3.099999999999998,54
50249,964,-0.8999999999999986,50
50305,965,3.299999999999997,56
50355,966,-3.299999999999998,50
50405,967,-5.699999999999998,50
50461,968,2.6999999999999975,56
50511,969,-5.099999999999998,50
50567,970,2.0999999999999996,56
50630,971,5.499999999999995,63
50692,972,5.399999999999995,62
50748,973,3.299999999999997,56
50803,974,1.4000000000000004,55
50857,975,1.300000000000002,54
50909,976,2.8999999999999986,52
50959,977,-5.699999999999998,50
51009,978,-2.699999999999998,50
51065,979,3.299999999999997,56
51123,980,2.899999999999997,58
51177,981,3.099999999999998,54
51236,982,3.599999999999996,59
51291,983,3.1999999999999975,55
51341,984,-5.099999999999998,50
51391,985,-0.8999999999999986,50
51450,986,2.9999999999999964,59
51508,987,3.4999999999999964,58
51558,988,-0.8999999999999986,50
51615,989,2.799999999999997,57
51673,990,3.4999999999999964,58
51729,991,2.6999999999999975,56
51790,992,3.7999999999999954,61
51840,993,-0.8999999999999986,50
51890,994,-6.899999999999999,50
51940,995,-0.8999999999999986,50
51990,996,-4.499999999999998,50
52046,997,3.299999999999997,56
52096,998,-5.699999999999998,50
52151,999,3.1999999999999975,55
52201,1000,-3.899999999999998,50
52251,1001,-4.499999999999998,50
52308,1002,2.1999999999999975,57
52366,1003,3.4999999999999964,58
52423,1004,3.399999999999997,57
52482,1005,3.599999999999996,59
52537,1006,3.1999999999999975,55
52594,1007,2.799999999999997,57
52655,1008,3.1999999999999957,61
52712,1009,2.799999999999997,57
52768,1010,3.299999999999997,56
52825,1011,3.399999999999997,57
52881,1012,2.6999999999999975,56
52939,1013,3.4999999999999964,58
53004,1014,3.2999999999999954,65
53064,1015,3.6999999999999957,60
53120,1016,3.299999999999997,56
53179,1017,3.599999999999996,59
53239,1018,3.099999999999996,60
53289,1019,1.5,50
53339,1020,1.5,50
53389,1021,2.6999999999999993,50
53439,1022,2.0999999999999996,50
53489,1023,2.0999999999999996,50
53539,1024,0.9000000000000004,50
53591,1025,2.8999999999999986,52
53647,1026,3.299999999999997,56
53697,1027,0.3000000000000007,50
53747,1028,2.0999999999999996,50
53797,1029,2.0999999999999996,50
53848,1030,2.1999999999999993,51
53898,1031,1.5,50
53948,1032,0.9000000000000004,50
53998,1033,1.5,50
54048,1034,0.3000000000000007,50
54098,1035,1.5,50
54148,1036,1.5,50
54198,1037,-0.8999999999999986,50
54248,1038,2.0999999999999996,50
54298,1039,-0.8999999999999986,50
54348,1040,0.3000000000000007,50
54398,1041,1.5,50
54448,1042,-0.8999999999999986,50
54498,1043,-0.8999999999999986,50
54548,1044,0.9000000000000004,50
54598,1045,2.0999999999999996,50
54648,1046,2.0999999999999996,50
54698,1047,2.0999999999999996,50
54748,1048,-0.29999999999999893,50
54798,1049,-0.29999999999999893,50
54848,1050,-0.29999999999999893,50
54898,1051,0.3000000000000007,50
54948,1052,1.5,50
54998,1053,2.0999999999999996,50
55051,1054,2.9999999999999982,53
55103,1055,1.1000000000000019,52
55153,1056,0.3000000000000007,50
55203,1057,1.5,50
55253,1058,0.9000000000000004,50
55303,1059,2.0999999999999996,50
55353,1060,1.5,50
55403,1061,0.9000000000000004,50
55453,1062,-0.8999999999999986,50
55503,1063,2.0999999999999996,50
55553,1064,2.6999999999999993,50
55603,1065,1.5,50
55653,1066,-0.8999999999999986,50
55703,1067,1.5,50
55753,1068,1.5,50
55803,1069,0.9000000000000004,50
55853,1070,-0.8999999999999986,50
55903,1071,-0.8999999999999986,50
55953,1072,0.9000000000000004,50
56003,1073,1.5,50
56054,1074,2.799999999999999,51
56104,1075,-0.29999999999999893,50
56161,1076,3.399999999999997,57
56212,1077,2.799999999999999,51
56262,1078,0.9000000000000004,50
56312,1079,-0.8999999999999986,50
56362,1080,2.0999999999999996,50
56412,1081,2.0999999999999996,50
56462,1082,2.0999999999999996,50
56516,1083,1.8999999999999986,54
56566,1084,2.0999999999999996,50
56616,1085,0.3000000000000007,50
56666,1086,0.9000000000000004,50
56716,1087,-0.8999999999999986,50
56766,1088,2.0999999999999996,50
56816,1089,1.5,50
56866,1090,2.0999999999999996,50
56916,1091,-0.29999999999999893,50
56966,1092,0.3000000000000007,50
57016,1093,2.6999999999999993,50
57070,1094,2.4999999999999982,54
57120,1095,0.9000000000000004,50
57170,1096,2.0999999999999996,50
57220,1097,0.9000000000000004,50
57270,1098,2.6999999999999993,50
57320,1099,1.5,50
57370,1100,2.6999999999999993,50
57420,1101,2.0999999999999996,50
57470,1102,1.5,50
57520,1103,2.0999999999999996,50
57572,1104,1.700000000000002,52
57622,1105,2.0999999999999996,50
57675,1106,2.3999999999999986,53
57725,1107,2.6999999999999993,50
57775,1108,2.0999999999999996,50
57825,1109,0.9000000000000004,50
57875,1110,2.6999999999999993,50
57925,1111,2.0999999999999996,50
57975,1112,0.9000000000000004,50
58025,1113,-0.8999999999999986,50
58075,1114,1.5,50
58133,1115,2.899999999999997,58
58183,1116,2.0999999999999996,50
58233,1117,0.3000000000000007,50
58283,1118,-0.8999999999999986,50
58335,1119,2.8999999999999986,52
58388,1120,1.200000000000002,53
58439,1121,2.799999999999999,51
58496,1122,1.0000000000000004,57
58546,1123,2.6999999999999993,50
58596,1124,2.0999999999999996,50
58646,1125,2.0999999999999996,50
58697,1126,2.799999999999999,51
58747,1127,2.6999999999999993,50
58798,1128,2.799999999999999,51
58848,1129,2.0999999999999996,50
58899,1130,2.799999999999999,51
58949,1131,2.6999999999999993,50
58999,1132,2.0999999999999996,50
59049,1133,2.6999999999999993,50
59103,1134,2.499999999999999,54
59155,1135,2.8999999999999986,52
59205,1136,2.0999999999999996,50
59255,1137,2.6999999999999993,50
59305,1138,1.5,50
59361,1139,2.1000000000000014,56
59416,1140,-0.39999999999999813,55
59474,1141,-1.2999999999999985,58
59530,1142,2.6999999999999975,56
59583,1143,2.9999999999999982,53
59638,1144,2.599999999999998,55
59688,1145,1.5,50
59738,1146,-0.29999999999999893,50
59792,1147,3.099999999999998,54
59842,1148,2.6999999999999993,50
59892,1149,0.3000000000000007,50
59951,1150,2.9999999999999964,59
60001,1151,2.6999999999999993,50
60053,1152,2.3,52
60103,1153,2.0999999999999996,50
60155,1154,1.6999999999999993,52
60208,1155,2.3999999999999986,53
60258,1156,2.0999999999999996,50
60311,1157,2.3999999999999986,53
60361,1158,2.6999999999999993,50
60414,1159,2.4000000000000004,53
60474,1160,3.6999999999999957,60
60525,1161,2.799999999999999,51
60580,1162,1.9999999999999991,55
60640,1163,3.6999999999999957,60
60691,1164,2.799999999999999,51
60741,1165,-0.8999999999999986,50
60794,1166,2.9999999999999982,53
60847,1167,1.200000000000002,53
60898,1168,2.799999999999999,51
60948,1169,0.9000000000000004,50
60998,1170,0.9000000000000004,50
61054,1171,3.299999999999997,56
61110,1172,3.299999999999997,56
61161,1173,2.799999999999999,51
61211,1174,-0.8999999999999986,50
61261,1175,2.6999999999999993,50
61312,1176,2.799999999999999,51
61363,1177,2.1999999999999993,51
61418,1178,3.1999999999999975,55
61471,1179,2.9999999999999982,53
61524,1180,2.9999999999999982,53
61574,1181,-0.8999999999999986,50
61624,1182,2.6999999999999993,50
61675,1183,2.799999999999999,51
61725,1184,1.5,50
61782,1185,3.399999999999997,57
61836,1186,3.099999999999998,54
61894,1187,3.4999999999999964,58
61945,1188,2.799999999999999,51
61998,1189,2.9999999999999982,53
62048,1190,-0.8999999999999986,50
62106,1191,2.899999999999997,58
62157,1192,2.799999999999999,51
62207,1193,2.6999999999999993,50
62258,1194,2.799999999999999,51
62314,1195,3.299999999999997,56
62372,1196,3.4999999999999964,58
62432,1197,3.6999999999999957,60
62485,1198,2.9999999999999982,53
62537,1199,2.8999999999999986,52
62598,1200,3.1999999999999957,61
62649,1201,2.799999999999999,51
62706,1202,3.399999999999997,57
62763,1203,3.399999999999997,57
62819,1204,3.299999999999997,56
62875,1205,3.299999999999997,56
62925,1206,2.6999999999999993,50
62983,1207,3.4999999999999964,58
63039,1208,3.299999999999997,56
63097,1209,3.4999999999999964,58
63153,1210,3.299999999999997,56
63206,1211,2.9999999999999982,53
63261,1212,2.599999999999998,55
63317,1213,2.6999999999999975,56
63372,1214,3.1999999999999975,55
63428,1215,3.299999999999997,56
63485,1216,3.399999999999997,57
63543,1217,3.4999999999999964,58
63597,1218,3.099999999999998,54
63652,1219,3.1999999999999975,55
63711,1220,3.599999999999996,59
63767,1221,3.299999999999997,56
63824,1222,3.399999999999997,57
63884,1223,3.6999999999999957,60
63945,1224,3.7999999999999954,61
64000,1225,3.1999999999999975,55
64054,1226,3.099999999999998,54
64111,1227,3.399999999999997,57
64164,1228,2.4000000000000004,53
64219,1229,2.599999999999998,55
64276,1230,2.799999999999997,57
64332,1231,3.299999999999997,56
64388,1232,3.299999999999997,56
64445,1233,3.399999999999997,57
64504,1234,3.599999999999996,59
64558,1235,2.5,54
64612,1236,2.5,54
64670,1237,3.4999999999999964,58
64731,1238,3.7999999999999954,61
64791,1239,3.6999999999999957,60
64844,1240,2.9999999999999982,53
64902,1241,3.4999999999999964,58
64955,1242,2.9999999999999982,53
65011,1243,3.299999999999997,56
65065,1244,0.700000000000002,54
65126,1245,3.7999999999999954,61
65189,1246,4.899999999999995,63
65244,1247,3.1999999999999975,55
65294,1248,0.9000000000000004,50
65354,1249,1.8999999999999968,60
65409,1250,2.0000000000000018,55
65462,1251,2.9999999999999982,53
65517,1252,2.599999999999998,55
65568,1253,2.799999999999999,51
65623,1254,2.000000000000001,55
65678,1255,3.1999999999999975,55
65734,1256,3.299999999999997,56
65798,1257,3.7999999999999954,64
65853,1258,2.0,55
65906,1259,2.9999999999999982,53
65958,1260,2.299999999999999,52
66010,1261,2.8999999999999986,52
66069,1262,3.599999999999996,59
66121,1263,2.8999999999999986,52
66175,1264,2.4999999999999982,54
66228,1265,2.9999999999999982,53
66278,1266,1.5,50
66332,1267,3.099999999999998,54
66388,1268,2.6999999999999975,56
66445,1269,2.1999999999999993,57
66505,1270,1.899999999999999,60
66561,1271,2.0999999999999996,56
66612,1272,2.799999999999999,51
66665,1273,2.9999999999999982,53
66725,1274,3.6999999999999957,60
66787,1275,4.799999999999995,62
66846,1276,2.9999999999999964,59
66899,1277,2.9999999999999982,53
66955,1278,3.299999999999997,56
67007,1279,2.8999999999999986,52
67057,1280,2.0999999999999996,50
67111,1281,2.4999999999999982,54
67161,1282,2.0999999999999996,50
67214,1283,2.3999999999999986,53
67265,1284,2.799999999999999,51
67327,1285,4.799999999999995,62
67379,1286,2.8999999999999986,52
67433,1287,2.4999999999999982,54
67485,1288,2.299999999999999,52
67537,1289,2.8999999999999986,52
67601,1290,4.399999999999995,64
67662,1291,3.1999999999999957,61
67713,1292,2.799999999999999,51
67770,1293,2.799999999999999,57
67822,1294,2.8999999999999986,52
67875,1295,2.9999999999999982,53
67928,1296,2.3999999999999986,53
67996,1297,5.399999999999993,68
68048,1298,2.8999999999999986,52
68098,1299,2.0999999999999996,50
68160,1300,4.799999999999995,62
68216,1301,3.299999999999997,56
68277,1302,2.599999999999996,61
68327,1303,2.6999999999999993,50
68379,1304,2.299999999999999,52
68435,1305,2.6999999999999975,56
68487,1306,2.3000000000000007,52
68548,1307,3.1999999999999957,61
68611,1308,4.299999999999995,63
68663,1309,2.8999999999999986,52
68724,1310,3.7999999999999954,61
68782,1311,3.4999999999999964,58
68839,1312,3.399999999999997,57
68894,1313,2.599999999999998,55
68953,1314,3.599999999999996,59
69014,1315,3.7999999999999954,61
69076,1316,4.799999999999995,62
69129,1317,2.9999999999999982,53
69186,1318,2.1999999999999993,57
69248,1319,4.799999999999995,62
69300,1320,2.8999999999999986,52
69357,1321,1.5999999999999996,57
69419,1322,5.399999999999995,62
69482,1323,4.899999999999995,63
69543,1324,3.1999999999999957,61
69593,1325,2.6999999999999993,50
69645,1326,2.299999999999999,52
69706,1327,2.599999999999996,61
69763,1328,3.399999999999997,57
69822,1329,2.9999999999999964,59
69881,1330,3.599999999999996,59
69945,1331,3.7999999999999954,64
69998,1332,2.9999999999999982,53
70064,1333,5.199999999999994,66
70125,1334,3.7999999999999954,61
70185,1335,3.6999999999999957,60
70238,1336,2.9999999999999982,53
70298,1337,3.6999999999999957,60
70359,1338,3.7999999999999954,61
70418,1339,3.599999999999996,59
70481,1340,4.299999999999995,63
70533,1341,2.8999999999999986,52
70596,1342,4.899999999999995,63
70646,1343,2.6999999999999993,50
70706,1344,3.099999999999996,60
70766,1345,3.099999999999996,60
70830,1346,4.399999999999995,64
70895,1347,4.499999999999995,65
70956,1348,3.7999999999999954,61
71014,1349,3.4999999999999964,58
71074,1350,3.099999999999996,60
71138,1351,4.399999999999995,64
71202,1352,4.399999999999995,64
71258,1353,2.6999999999999975,56
71312,1354,3.099999999999998,54
71369,1355,3.399999999999997,57
71426,1356,3.399999999999997,57
71484,1357,3.4999999999999964,58
71548,1358,4.399999999999995,64
71605,1359,2.799999999999997,57
71664,1360,3.599999999999996,59
71714,1361,1.5,50
71771,1362,3.399999999999997,57
71821,1363,2.0999999999999996,50
71873,1364,2.8999999999999986,52
71923,1365,2.6999999999999993,50
71984,1366,3.1999999999999957,61
72043,1367,3.599999999999996,59
72098,1368,3.1999999999999975,55
72148,1369,2.6999999999999993,50
72204,1370,2.6999999999999975,56
72263,1371,3.599999999999996,59
72313,1372,1.5,50
72363,1373,2.6999999999999993,50
72421,1374,2.899999999999997,58
72483,1375,5.399999999999995,62
72537,1376,2.4999999999999982,54
72597,1377,3.099999999999996,60
72648,1378,2.1999999999999993,51
72700,1379,2.8999999999999986,52
72752,1380,2.8999999999999986,52
72807,1381,3.1999999999999975,55
72858,1382,2.799999999999999,51
72910,1383,2.299999999999999,52
72961,1384,2.1999999999999993,51
73023,1385,4.799999999999995,62
73080,1386,2.799999999999997,57
73131,1387,2.799999999999999,51
73190,1388,3.599999999999996,59
73247,1389,3.399999999999997,57
73304,1390,3.399999999999997,57
73355,1391,2.799999999999999,51
73406,1392,2.799999999999999,51
73460,1393,2.4999999999999982,54
73517,1394,3.399999999999997,57
73568,1395,2.799999999999999,51
73618,1396,2.0999999999999996,50
73671,1397,2.9999999999999982,53
73728,1398,3.399999999999997,57
73792,1399,4.999999999999995,64
73848,1400,2.1000000000000014,56
73899,1401,2.799999999999999,51
73953,1402,3.099999999999998,54
74003,1403,2.6999999999999993,50
74056,1404,2.9999999999999982,53
74107,1405,2.1999999999999993,51
74163,1406,3.299999999999997,56
74222,1407,2.9999999999999964,59
74275,1408,2.9999999999999982,53
74327,1409,2.8999999999999986,52
74381,1410,3.099999999999998,54
74431,1411,2.0999999999999996,50
74494,1412,5.499999999999995,63
74546,1413,2.8999999999999986,52
74600,1414,2.4999999999999982,54
74650,1415,1.5,50
74700,1416,-0.8999999999999986,50
74762,1417,4.799999999999995,62
74824,1418,5.399999999999995,62
74874,1419,2.6999999999999993,50
74925,1420,2.799999999999999,51
74975,1421,0.3000000000000007,50
75039,1422,4.399999999999995,64
75091,1423,2.8999999999999986,52
75141,1424,0.9000000000000004,50
75199,1425,2.899999999999997,58
75250,1426,2.799999999999999,51
75303,1427,2.9999999999999982,53
75367,1428,4.399999999999995,64
75418,1429,2.799999999999999,51
75468,1430,2.6999999999999993,50
75519,1431,2.1999999999999993,51
75579,1432,3.099999999999996,60
75642,1433,5.499999999999995,63
75703,1434,3.7999999999999954,61
75760,1435,2.799999999999997,57
75821,1436,3.7999999999999954,61
75880,1437,3.599999999999996,59
75934,1438,3.099999999999998,54
75997,1439,5.499999999999995,63
76059,1440,4.799999999999995,62
76125,1441,4.599999999999994,66
76193,1442,5.399999999999993,68
76250,1443,3.399999999999997,57
76310,1444,3.6999999999999957,60
76373,1445,5.499999999999995,63
76434,1446,3.7999999999999954,61
76494,1447,3.6999999999999957,60
76559,1448,3.899999999999995,65
76622,1449,5.499999999999995,63
76687,1450,4.499999999999995,65
76754,1451,4.699999999999994,67
76810,1452,2.1000000000000014,56
76873,1453,4.299999999999999,63
76936,1454,5.499999999999995,63
77003,1455,5.299999999999994,67
77065,1456,5.399999999999995,62
77122,1457,3.399999999999997,57
77181,1458,3.599999999999996,59
77243,1459,5.399999999999995,62
77305,1460,4.799999999999995,62
77362,1461,2.799999999999997,57
77421,1462,3.599999999999996,59
77485,1463,4.999999999999995,64
77548,1464,5.499999999999995,63
77610,1465,5.399999999999995,62
77672,1466,5.399999999999995,62
77727,1467,3.1999999999999975,55
77791,1468,4.999999999999995,64
77855,1469,4.999999999999995,64
77918,1470,5.499999999999995,63
77980,1471,5.399999999999995,62
78043,1472,5.499999999999995,63
78106,1473,5.499999999999995,63
78168,1474,5.399999999999995,62
78218,1475,-0.8999999999999986,50
78280,1476,5.399999999999995,62
78346,1477,3.9999999999999947,66
78406,1478,3.6999999999999957,60
78469,1479,4.299999999999995,63
78531,1480,5.399999999999995,62
78598,1481,4.699999999999994,67
78661,1482,4.899999999999997,63
78720,1483,3.599999999999996,59
78783,1484,5.499999999999995,63
78843,1485,3.6999999999999957,60
78904,1486,3.7999999999999954,61
78967,1487,5.499999999999995,63
79029,1488,5.399999999999995,62
79091,1489,4.799999999999995,62
79149,1490,2.299999999999997,58
79211,1491,5.399999999999995,62
79274,1492,4.299999999999995,63
79336,1493,5.399999999999995,62
79398,1494,5.399999999999995,62
79461,1495,5.499999999999995,63
79524,1496,5.499999999999995,63
79586,1497,4.799999999999995,62
79648,1498,5.399999999999995,62
79711,1499,4.899999999999995,63
79772,1500,3.7999999999999954,61
79834,1501,4.799999999999995,62
79897,1502,4.899999999999995,63
79947,1503,-0.8999999999999986,50
80008,1504,3.7999999999999954,61
80058,1505,-0.8999999999999986,50
80121,1506,4.899999999999995,63
80179,1507,3.4999999999999964,58
80241,1508,5.399999999999995,62
80304,1509,5.499999999999995,63
80364,1510,3.099999999999996,60
80426,1511,4.799999999999995,62
80489,1512,4.899999999999995,63
80549,1513,3.6999999999999957,60
80599,1514,0.3000000000000007,50
80657,1515,3.4999999999999964,58
80719,1516,5.399999999999995,62
80781,1517,5.399999999999995,62
80843,1518,5.399999999999995,62
80905,1519,5.399999999999995,62
80972,1520,4.699999999999994,67
81036,1521,4.999999999999995,64
81099,1522,4.899999999999995,63
81154,1523,3.1999999999999975,55
81217,1524,4.899999999999995,63
81281,1525,4.999999999999995,64
81348,1526,5.299999999999994,67
81410,1527,4.799999999999995,62
81476,1528,5.199999999999994,66
81539,1529,4.899999999999997,63
81600,1530,3.7999999999999954,61
81664,1531,4.999999999999995,64
81727,1532,4.899999999999995,63
81790,1533,4.899999999999995,63
81858,1534,5.399999999999993,68
81919,1535,3.7999999999999954,61
81981,1536,5.399999999999995,62
82042,1537,3.7999999999999954,61
82105,1538,4.899999999999995,63
82167,1539,5.399999999999995,62
82229,1540,5.399999999999995,62
82292,1541,5.499999999999995,63
82354,1542,5.399999999999995,62
82408,1543,3.099999999999998,54
82474,1544,5.799999999999994,66
82538,1545,4.399999999999995,64
82603,1546,4.499999999999995,65
82667,1547,4.399999999999995,64
82728,1548,3.1999999999999957,61
82792,1549,4.999999999999995,64
82855,1550,5.499999999999995,63
82918,1551,5.499999999999995,63
82975,1552,2.799999999999999,57
83037,1553,4.799999999999995,62
83100,1554,4.899999999999995,63
83164,1555,4.999999999999995,64
83231,1556,5.299999999999994,67
83294,1557,4.899999999999995,63
83356,1558,5.399999999999995,62
83418,1559,5.399999999999995,62
83482,1560,4.999999999999995,64
83543,1561,3.7999999999999954,61
83593,1562,1.5,50
83656,1563,5.499999999999995,63
83719,1564,5.499999999999995,63
83781,1565,4.799999999999995,62
83843,1566,5.399999999999995,62
83901,1567,3.4999999999999964,58
83964,1568,4.899999999999995,63
84032,1569,5.399999999999993,68
84094,1570,5.399999999999995,62
84155,1571,3.7999999999999954,61
84223,1572,4.199999999999994,68
84283,1573,3.6999999999999957,60
84343,1574,3.099999999999996,60
84404,1575,3.7999999999999954,61
84467,1576,4.899999999999995,63
84528,1577,3.7999999999999954,61
84592,1578,4.399999999999995,64
84653,1579,3.1999999999999957,61
84713,1580,3.6999999999999957,60
84772,1581,3.599999999999996,59
84834,1582,4.799999999999995,62
84897,1583,4.899999999999997,63
84959,1584,1.1999999999999997,62
85021,1585,5.399999999999995,62
85081,1586,2.4999999999999964,60
85145,1587,2.599999999999996,64
85205,1588,3.099999999999996,60
85264,1589,3.599999999999996,59
85326,1590,5.399999999999995,62
85392,1591,5.199999999999994,66
85452,1592,3.6999999999999957,60
85512,1593,3.6999999999999957,60
85570,1594,0.5000000000000022,58
85633,1595,4.899999999999995,63
85688,1596,3.1999999999999975,55
85747,1597,3.599999999999996,59
85811,1598,4.999999999999995,64
85873,1599,5.399999999999995,62
85935,1600,5.399999999999995,62
85997,1601,4.799999999999995,62
86057,1602,3.099999999999996,60
86124,1603,3.5000000000000018,67
86186,1604,5.399999999999995,62
86248,1605,5.399999999999995,62
86300,1606,2.299999999999999,52
86362,1607,5.399999999999995,62
86425,1608,5.499999999999995,63
86487,1609,4.799999999999995,62
86553,1610,5.199999999999994,66
86615,1611,4.799999999999995,62
86676,1612,3.1999999999999957,61
86737,1613,3.7999999999999954,61
86798,1614,3.7999999999999954,61
86862,1615,4.999999999999995,64
86924,1616,5.399999999999995,62
86989,1617,4.499999999999995,65
87050,1618,3.7999999999999954,61
87113,1619,5.499999999999995,63
87176,1620,4.899999999999995,63
87238,1621,5.399999999999995,62
87301,1622,5.499999999999995,63
87364,1623,5.499999999999995,63
87427,1624,5.499999999999995,63
87488,1625,2.599999999999996,61
87551,1626,4.299999999999995,63
87614,1627,4.299999999999995,63
87676,1628,5.399999999999995,62
87740,1629,4.999999999999995,64
87802,1630,4.799999999999995,62
87866,1631,4.999999999999995,64
87927,1632,3.7999999999999954,61
87989,1633,5.399999999999995,62
88051,1634,4.799999999999995,62
88114,1635,5.499999999999995,63
88176,1636,5.399999999999995,62
88239,1637,4.899999999999995,63
88289,1638,-2.099999999999998,50
88351,1639,5.399999999999995,62
88401,1640,-4.499999999999998,50
88451,1641,-4.499999999999998,50
88514,1642,4.899999999999995,63
88576,1643,5.399999999999995,62
88626,1644,-2.099999999999998,50
88676,1645,-3.299999999999998,50
88740,1646,2.600000000000003,64
88790,1647,-5.699999999999998,50
88852,1648,5.399999999999995,62
88914,1649,5.399999999999995,62
88976,1650,5.399999999999995,62
89039,1651,5.499999999999995,63
89089,1652,-3.299999999999998,50
89151,1653,4.799999999999995,62
89215,1654,4.999999999999995,64
89279,1655,4.999999999999995,64
89340,1656,3.7999999999999954,61
89403,1657,4.899999999999995,63
89469,1658,5.199999999999994,66
89531,1659,5.399999999999995,62
89593,1660,5.399999999999995,62
89648,1661,1.9999999999999982,55
89710,1662,4.799999999999995,62
89775,1663,4.499999999999995,65
89825,1664,-0.8999999999999986,50
89887,1665,5.399999999999995,62
89950,1666,4.899999999999995,63
90013,1667,4.299999999999999,63
90075,1668,5.399999999999995,62
90137,1669,5.399999999999995,62
90203,1670,3.9999999999999947,66
90266,1671,4.899999999999995,63
90328,1672,5.399999999999995,62
90391,1673,4.899999999999995,63
90454,1674,5.499999999999995,63
90517,1675,5.499999999999995,63
90579,1676,5.399999999999995,62
90639,1677,3.6999999999999957,60
90700,1678,3.7999999999999954,61
90762,1679,5.399999999999995,62
90824,1680,5.399999999999995,62
90886,1681,5.399999999999995,62
90948,1682,5.399999999999995,62
91011,1683,4.899999999999995,63
91074,1684,5.499999999999995,63
91137,1685,4.899999999999995,63
91201,1686,4.399999999999995,64
91261,1687,3.6999999999999957,60
91324,1688,4.299999999999997,63
91390,1689,4.599999999999994,66
91456,1690,5.199999999999994,66
91520,1691,4.999999999999995,64
91582,1692,5.399999999999995,62
91648,1693,4.599999999999994,66
91710,1694,4.799999999999995,62
91774,1695,4.399999999999995,64
91837,1696,5.499999999999995,63
91900,1697,5.499999999999995,63
91965,1698,3.899999999999995,65
92027,1699,5.399999999999995,62
92089,1700,5.399999999999995,62
92154,1701,4.499999999999995,65
92215,1702,3.7999999999999954,61
92279,1703,4.399999999999995,64
92329,1704,-1.4999999999999982,50
92392,1705,4.899999999999995,63
92454,1706,5.399999999999995,62
92516,1707,5.399999999999995,62
92577,1708,3.7999999999999954,61
92639,1709,4.799999999999995,62
92701,1710,5.399999999999995,62
92763,1711,5.399999999999995,62
92824,1712,3.7999999999999954,61
92874,1713,-0.8999999999999986,50
92936,1714,5.399999999999995,62
92998,1715,4.799999999999995,62
93060,1716,4.1999999999999975,62
93110,1717,-5.699999999999998,50
93172,1718,5.399999999999995,62
93236,1719,4.399999999999995,64
93299,1720,5.499999999999995,63
93363,1721,4.999999999999995,64
93427,1722,4.999999999999995,64
93490,1723,5.499999999999995,63
93552,1724,5.399999999999995,62
93615,1725,5.499999999999995,63
93676,1726,2.0000000000000018,61
93738,1727,5.399999999999995,62
93802,1728,4.399999999999995,64
93864,1729,4.799999999999995,62
93914,1730,-0.8999999999999986,50
93978,1731,3.799999999999999,64
94040,1732,5.399999999999995,62
94104,1733,4.999999999999995,64
94166,1734,5.399999999999995,62
94229,1735,4.899999999999995,63
94293,1736,2.5999999999999996,64
94359,1737,5.799999999999994,66
94421,1738,5.399999999999995,62
94484,1739,5.499999999999995,63
94547,1740,4.899999999999995,63
94611,1741,4.999999999999995,64
94673,1742,5.399999999999995,62
94735,1743,5.399999999999995,62
94797,1744,4.1999999999999975,62
94858,1745,0.7999999999999972,61
94920,1746,5.399999999999995,62
94984,1747,4.999999999999995,64
95046,1748,5.399999999999995,62
95096,1749,-0.8999999999999986,50
95159,1750,5.499999999999995,63
95222,1751,1.9,63
95284,1752,5.399999999999995,62
95346,1753,5.399999999999995,62
95408,1754,5.399999999999995,62
95470,1755,5.399999999999995,62
95533,1756,5.499999999999995,63
95596,1757,4.899999999999995,63
95660,1758,4.999999999999995,64
95724,1759,4.999999999999995,64
95786,1760,5.399999999999995,62
95849,1761,5.499999999999995,63
95911,1762,5.399999999999995,62
95973,1763,5.399999999999995,62
96035,1764,5.399999999999995,62
96097,1765,5.399999999999995,62
96160,1766,5.499999999999995,63
96222,1767,5.399999999999995,62
96285,1768,4.899999999999995,63
96335,1769,-3.899999999999998,50
96398,1770,5.499999999999995,63
96460,1771,4.799999999999995,62
96511,1772,2.799999999999999,51
96561,1773,-5.099999999999998,50
96614,1774,1.200000000000002,53
96673,1775,1.8000000000000025,59
96735,1776,5.399999999999995,62
96801,1777,5.199999999999994,66
96865,1778,4.999999999999995,64
96927,1779,5.399999999999995,62
96977,1780,-3.899999999999998,50
97040,1781,5.499999999999995,63
97090,1782,-3.899999999999998,50
97152,1783,5.399999999999995,62
97202,1784,-4.499999999999998,50
97264,1785,4.799999999999995,62
97327,1786,4.299999999999999,63
97389,1787,4.799999999999995,62
97451,1788,5.399999999999995,62
97517,1789,5.799999999999994,66
97579,1790,5.399999999999995,62
97643,1791,4.999999999999995,64
97705,1792,5.399999999999995,62
97767,1793,5.399999999999995,62
97830,1794,4.299999999999995,63
97880,1795,-0.29999999999999893,50
97930,1796,-3.899999999999998,50
97993,1797,4.899999999999995,63
98057,1798,4.999999999999995,64
98120,1799,4.299999999999999,63
98183,1800,5.499999999999995,63
98247,1801,4.999999999999995,64
98310,1802,5.499999999999995,63
98373,1803,4.899999999999995,63
98435,1804,5.399999999999995,62
98497,1805,5.399999999999995,62
98559,1806,5.399999999999995,62
98622,1807,3.6999999999999957,63
98684,1808,5.399999999999995,62
98747,1809,5.499999999999995,63
98797,1810,-6.299999999999999,50
98861,1811,4.999999999999995,64
98911,1812,-3.299999999999998,50
98973,1813,5.399999999999995,62
99023,1814,-5.699999999999998,50
99085,1815,5.399999999999995,62
99148,1816,4.299999999999995,63
99210,1817,5.399999999999995,62
99273,1818,4.899999999999996,63
99336,1819,5.499999999999995,63
99399,1820,5.499999999999995,63
99462,1821,4.899999999999995,63
99524,1822,5.399999999999995,62
99574,1823,-2.099999999999998,50
99624,1824,-6.299999999999999,50
99686,1825,5.399999999999995,62
99748,1826,4.799999999999995,62
99810,1827,4.199999999999997,62
99873,1828,5.499999999999995,63
99923,1829,-5.099999999999998,50
99986,1830,5.499999999999995,63
100048,1831,5.399999999999995,62
100098,1832,-3.899999999999998,50
100161,1833,5.499999999999995,63
100223,1834,5.399999999999995,62
100285,1835,4.799999999999995,62
100347,1836,5.399999999999995,62
100397,1837,-6.299999999999999,50
100447,1838,-4.499999999999998,50
100497,1839,-5.699999999999998,50
100560,1840,5.499999999999995,63
100623,1841,5.499999999999995,63
100685,1842,5.399999999999995,62
100748,1843,5.499999999999995,63
100798,1844,-6.299999999999999,50
100861,1845,5.499999999999995,63
100911,1846,-5.699999999999998,50
100973,1847,5.399999999999995,62
101035,1848,5.399999999999995,62
101097,1849,5.399999999999995,62
101159,1850,5.399999999999995,62
101221,1851,5.399999999999995,62
101283,1852,5.399999999999995,62
101346,1853,5.499999999999995,63
101409,1854,4.899999999999995,63
101472,1855,5.499999999999995,63
101534,1856,5.399999999999995,62
101596,1857,5.399999999999995,62
101658,1858,5.399999999999995,62
101720,1859,4.799999999999995,62
101782,1860,5.399999999999995,62
101844,1861,5.399999999999995,62
101906,1862,5.399999999999995,62
101969,1863,4.899999999999995,63
102031,1864,5.399999999999995,62
102093,1865,5.399999999999995,62
102143,1866,-5.699999999999998,50
102205,1867,4.199999999999996,62
102267,1868,4.799999999999995,62
102329,1869,4.799999999999995,62
102392,1870,4.899999999999997,63
102456,1871,4.999999999999995,64
102521,1872,5.099999999999994,65
102583,1873,5.399999999999995,62
102646,1874,5.499999999999995,63
102710,1875,4.999999999999995,64
102773,1876,5.499999999999995,63
102835,1877,5.399999999999995,62
102885,1878,-6.299999999999999,50
102948,1879,5.499999999999995,63
103010,1880,5.399999999999995,62
103072,1881,5.399999999999995,62
103134,1882,5.399999999999995,62
103197,1883,4.899999999999995,63
103258,1884,3.7999999999999954,61
103323,1885,5.099999999999994,65
103385,1886,5.399999999999995,62
103448,1887,5.499999999999995,63
103514,1888,5.199999999999994,66
103577,1889,5.499999999999995,63
103639,1890,5.399999999999995,62
103702,1891,4.899999999999995,63
103768,1892,3.399999999999995,66
103832,1893,4.999999999999995,64
103895,1894,5.499999999999995,63
103960,1895,4.499999999999995,65
104022,1896,5.399999999999995,62
104086,1897,4.999999999999995,64
104152,1898,4.599999999999994,66
104217,1899,4.499999999999995,65
104279,1900,5.399999999999995,62
104342,1901,5.499999999999995,63
104405,1902,5.499999999999995,63
104468,1903,5.499999999999995,63
104531,1904,5.499999999999995,63
104594,1905,5.499999999999995,63
104656,1906,5.399999999999995,62
104719,1907,5.499999999999995,63
104780,1908,3.1999999999999957,61
104841,1909,3.1999999999999957,61
104904,1910,4.899999999999995,63
104967,1911,5.499999999999995,63
105030,1912,4.899999999999997,63
105092,1913,5.399999999999995,62
105155,1914,4.899999999999995,63
105217,1915,4.799999999999995,62
105280,1916,5.499999999999995,63
105344,1917,4.999999999999995,64
105405,1918,3.7999999999999954,61
105467,1919,5.399999999999995,62
105530,1920,4.899999999999995,63
105584,1921,1.300000000000002,54
105648,1922,4.999999999999995,64
105712,1923,4.999999999999995,64
105774,1924,5.399999999999995,62
105837,1925,4.899999999999997,63
105900,1926,5.499999999999995,63
105963,1927,5.499999999999995,63
106027,1928,4.999999999999995,64
106091,1929,4.999999999999995,64
106154,1930,4.299999999999995,63
106218,1931,4.399999999999997,64
106282,1932,2.600000000000003,64
106345,1933,5.499999999999995,63
106408,1934,5.499999999999995,63
106470,1935,4.799999999999995,62
106533,1936,5.499999999999995,63
106596,1937,4.899999999999995,63
106658,1938,5.399999999999995,62
106720,1939,5.399999999999995,62
106782,1940,5.399999999999995,62
106843,1941,3.7999999999999954,61
106906,1942,5.499999999999995,63
106971,1943,3.2999999999999963,65
107034,1944,5.499999999999995,63
107096,1945,5.399999999999995,62
107158,1946,5.399999999999995,62
107211,1947,2.9999999999999982,53
107280,1948,6.0999999999999925,69
107345,1949,3.299999999999999,65
107405,1950,3.099999999999996,60
107466,1951,3.7999999999999954,61
107529,1952,5.499999999999995,63
107591,1953,5.399999999999995,62
107652,1954,3.7999999999999954,61
107714,1955,5.399999999999995,62
107775,1956,3.7999999999999954,61
107834,1957,2.399999999999997,59
107897,1958,5.499999999999995,63
107959,1959,5.399999999999995,62
108021,1960,4.799999999999995,62
108083,1961,5.399999999999995,62
108146,1962,5.499999999999995,63
108209,1963,2.5,63
108272,1964,5.499999999999995,63
108322,1965,0.9000000000000004,50
108383,1966,3.7999999999999954,61
108446,1967,4.899999999999995,63
108513,1968,5.899999999999993,67
108577,1969,4.999999999999995,64
108639,1970,5.399999999999995,62
108692,1971,2.9999999999999982,53
108754,1972,5.399999999999995,62
108822,1973,4.799999999999995,68
108886,1974,4.399999999999995,64
108936,1975,-6.899999999999999,50
108986,1976,1.5,50
109050,1977,4.999999999999995,64
109114,1978,4.399999999999995,64
109166,1979,2.8999999999999986,52
109219,1980,2.9999999999999982,53
109269,1981,-5.099999999999998,50
109331,1982,5.399999999999995,62
109381,1983,-0.8999999999999986,50
109431,1984,0.3000000000000007,50
109491,1985,2.4999999999999973,60
109555,1986,4.999999999999995,64
109616,1987,3.7999999999999954,61
109678,1988,5.399999999999995,62
109740,1989,5.399999999999995,62
109803,1990,5.499999999999995,63
109853,1991,0.9000000000000004,50
109903,1992,-5.099999999999998,50
109969,1993,5.199999999999994,66
110031,1994,5.399999999999995,62
110096,1995,4.499999999999995,65
110157,1996,3.7999999999999954,61
110218,1997,3.1999999999999957,61
110281,1998,5.499999999999995,63
110343,1999,5.399999999999995,62
110393,2000,-3.299999999999998,50
110459,2001,5.199999999999994,66
110523,2002,4.399999999999995,64
110586,2003,5.499999999999995,63
110648,2004,5.399999999999995,62
110698,2005,-2.099999999999998,50
110760,2006,5.399999999999995,62
110828,2007,5.399999999999993,68
110891,2008,5.499999999999995,63
110953,2009,5.399999999999995,62
111003,2010,-7.499999999999998,50
111066,2011,5.499999999999995,63
111129,2012,5.499999999999995,63
111189,2013,3.6999999999999957,60
111252,2014,5.499999999999995,63
111312,2015,3.6999999999999957,60
111373,2016,3.1999999999999957,61
111437,2017,4.999999999999995,64
111503,2018,4.599999999999994,66
111565,2019,5.399999999999995,62
111628,2020,5.499999999999995,63
111691,2021,5.499999999999995,63
111754,2022,4.899999999999995,63
111823,2023,5.499999999999993,69
111886,2024,4.299999999999999,63
111949,2025,5.499999999999995,63
112001,2026,2.299999999999999,52
112064,2027,5.499999999999995,63
112127,2028,5.499999999999995,63
112193,2029,4.599999999999994,66
112255,2030,5.399999999999995,62
112318,2031,5.499999999999995,63
112381,2032,4.299999999999999,63
112444,2033,5.499999999999995,63
112509,2034,5.099999999999994,65
112572,2035,5.499999999999995,63
112634,2036,5.399999999999995,62
112697,2037,5.499999999999995,63
112749,2038,2.8999999999999986,52
112803,2039,2.4999999999999982,54
112867,2040,4.999999999999995,64
112930,2041,5.499999999999995,63
112980,2042,2.6999999999999993,50
113043,2043,5.499999999999995,63
113112,2044,5.499999999999993,69
113175,2045,5.499999999999995,63
113238,2046,4.899999999999995,63
113301,2047,5.499999999999995,63
113352,2048,2.799999999999999,51
113415,2049,5.499999999999995,63
113479,2050,4.999999999999995,64
113542,2051,4.899999999999995,63
113606,2052,4.999999999999995,64
113669,2053,5.499999999999995,63
113719,2054,-0.8999999999999986,50
113781,2055,5.399999999999995,62
113831,2056,-0.8999999999999986,50
113893,2057,5.399999999999995,62
113943,2058,-0.8999999999999986,50
114005,2059,4.799999999999995,62
114055,2060,-0.8999999999999986,50
114105,2061,-0.8999999999999986,50
114155,2062,-0.8999999999999986,50
114218,2063,5.499999999999995,63
114268,2064,-0.8999999999999986,50
114318,2065,2.6999999999999993,50
114368,2066,-0.8999999999999986,50
114418,2067,-0.8999999999999986,50
114480,2068,5.399999999999995,62
114530,2069,-0.8999999999999986,50
114580,2070,-0.8999999999999986,50
114630,2071,-0.8999999999999986,50
114680,2072,-0.8999999999999986,50
114730,2073,-0.8999999999999986,50
114780,2074,-0.8999999999999986,50
114830,2075,-0.8999999999999986,50
114891,2076,3.7999999999999954,61
114953,2077,5.399999999999995,62
115003,2078,-0.8999999999999986,50
115065,2079,5.399999999999995,62
115115,2080,-0.8999999999999986,50
115165,2081,-6.899999999999999,50
115215,2082,-0.8999999999999986,50
115265,2083,-0.8999999999999986,50
115315,2084,-0.8999999999999986,50
115365,2085,-0.8999999999999986,50
115427,2086,5.399999999999995,62
115477,2087,-0.8999999999999986,50
115527,2088,-0.8999999999999986,50
115577,2089,-0.8999999999999986,50
115627,2090,-0.8999999999999986,50
115677,2091,-0.8999999999999986,50
115740,2092,5.499999999999995,63
115790,2093,-0.8999999999999986,50
115840,2094,-1.4999999999999982,50
115890,2095,-0.8999999999999986,50
115940,2096,-0.8999999999999986,50
115990,2097,-0.8999999999999986,50
116052,2098,5.399999999999995,62
116102,2099,-0.8999999999999986,50
116152,2100,-0.8999999999999986,50
116202,2101,-0.8999999999999986,50
116252,2102,-0.8999999999999986,50
116316,2103,4.999999999999995,64
116366,2104,-0.8999999999999986,50
116429,2105,4.899999999999995,63
116490,2106,3.7999999999999954,61
116540,2107,-6.899999999999999,50
116590,2108,-4.499999999999998,50
116640,2109,-0.8999999999999986,50
116690,2110,-0.8999999999999986,50
116740,2111,-0.8999999999999986,50
116804,2112,4.999999999999995,64
116866,2113,5.399999999999995,62
116916,2114,-0.8999999999999986,50
116966,2115,-0.8999999999999986,50
117029,2116,4.899999999999995,63
117091,2117,5.399999999999995,62
117141,2118,-0.8999999999999986,50
117191,2119,-0.8999999999999986,50
117254,2120,5.499999999999995,63
117304,2121,-0.8999999999999986,50
117354,2122,-0.8999999999999986,50
117417,2123,5.499999999999995,63
117467,2124,-6.899999999999999,50
117517,2125,-0.8999999999999986,50
117579,2126,4.799999999999995,62
117642,2127,5.499999999999995,63
117692,2128,-0.8999999999999986,50
117742,2129,-0.8999999999999986,50
117792,2130,-0.8999999999999986,50
117854,2131,5.399999999999995,62
117916,2132,5.399999999999995,62
117966,2133,-0.8999999999999986,50
118028,2134,5.399999999999995,62
118078,2135,-0.8999999999999986,50
118128,2136,-0.8999999999999986,50
118178,2137,-0.8999999999999986,50
118241,2138,5.499999999999995,63
118303,2139,5.399999999999995,62
118366,2140,4.899999999999995,63
118416,2141,-0.8999999999999986,50
118466,2142,-0.8999999999999986,50
118529,2143,5.499999999999995,63
118579,2144,-0.8999999999999986,50
118643,2145,4.999999999999995,64
118705,2146,5.399999999999995,62
118755,2147,-0.8999999999999986,50
118815,2148,3.6999999999999957,60
118865,2149,-0.8999999999999986,50
118915,2150,-0.8999999999999986,50
118965,2151,-0.8999999999999986,50
119026,2152,3.7999999999999954,61
119089,2153,4.899999999999995,63
119152,2154,5.499999999999995,63
119214,2155,4.799999999999995,62
119264,2156,-0.8999999999999986,50
119327,2157,5.499999999999995,63
119390,2158,5.499999999999995,63
119452,2159,5.399999999999995,62
119502,2160,-0.8999999999999986,50
119564,2161,5.399999999999995,62
119614,2162,-5.099999999999998,50
119675,2163,3.7999999999999954,61
119738,2164,4.899999999999995,63
119788,2165,-0.8999999999999986,50
119850,2166,5.399999999999995,62
119900,2167,-6.299999999999999,50
119950,2168,-5.099999999999998,50
120000,2169,-8.099999999999998,50
120062,2170,5.399999999999995,62
120112,2171,-0.8999999999999986,50
120175,2172,4.899999999999995,63
120225,2173,-5.699999999999998,50
120275,2174,-5.099999999999998,50
120339,2175,4.399999999999995,64
120389,2176,-7.499999999999998,50
120439,2177,-0.8999999999999986,50
120489,2178,-6.299999999999999,50
120539,2179,-5.699999999999998,50
120589,2180,-0.8999999999999986,50
120639,2181,-0.8999999999999986,50
120689,2182,-5.699999999999998,50
120739,2183,-0.8999999999999986,50
120789,2184,-2.099999999999998,50
120839,2185,-0.8999999999999986,50
120889,2186,-0.8999999999999986,50
120939,2187,-0.8999999999999986,50
120989,2188,-2.699999999999998,50
121051,2189,5.399999999999995,62
121101,2190,-0.8999999999999986,50
121151,2191,-0.8999999999999986,50
121201,2192,-0.8999999999999986,50
121264,2193,5.499999999999995,63
121314,2194,-7.499999999999998,50
121364,2195,-1.4999999999999982,50
121427,2196,5.499999999999995,63
121477,2197,-0.8999999999999986,50
121527,2198,-6.899999999999999,50
121577,2199,-5.699999999999998,50
121639,2200,5.399999999999995,62
121701,2201,5.399999999999995,62
121751,2202,-7.499999999999998,50
121801,2203,-3.899999999999998,50
121851,2204,-8.099999999999998,50
121914,2205,5.499999999999995,63
121964,2206,-0.8999999999999986,50
122014,2207,-7.499999999999998,50
122076,2208,5.399999999999995,62
122142,2209,5.199999999999994,66
122192,2210,-0.8999999999999986,50
122242,2211,-6.899999999999999,50
122292,2212,-0.8999999999999986,50
122342,2213,-0.8999999999999986,50
122392,2214,-0.8999999999999986,50
122442,2215,-0.8999999999999986,50
122507,2216,4.499999999999995,65
122570,2217,5.499999999999995,63
122633,2218,5.499999999999995,63
122683,2219,-6.899999999999999,50
122746,2220,5.499999999999995,63
122808,2221,5.399999999999995,62
122871,2222,4.899999999999995,63
122935,2223,4.999999999999995,64
122997,2224,5.399999999999995,62
123047,2225,-5.099999999999998,50
123110,2226,1.8999999999999986,63
123172,2227,5.399999999999995,62
123234,2228,5.399999999999995,62
123297,2229,5.499999999999995,63
123347,2230,-0.8999999999999986,50
123397,2231,-1.4999999999999982,50
123447,2232,-0.8999999999999986,50
123497,2233,-2.099999999999998,50
123547,2234,-5.099999999999998,50
123610,2235,5.499999999999995,63
123672,2236,5.399999999999995,62
123734,2237,5.399999999999995,62
123784,2238,-3.899999999999998,50
123834,2239,-0.8999999999999986,50
123884,2240,-0.8999999999999986,50
123948,2241,4.999999999999995,64
123998,2242,-0.8999999999999986,50
124060,2243,5.399999999999995,62
124110,2244,-0.8999999999999986,50
124172,2245,5.399999999999995,62
124234,2246,5.399999999999995,62
124284,2247,-0.8999999999999986,50
124346,2248,4.199999999999996,62
124409,2249,5.499999999999995,63
124473,2250,4.999999999999995,64
124535,2251,5.399999999999995,62
124599,2252,4.999999999999995,64
124662,2253,5.499999999999995,63
124725,2254,5.499999999999995,63
124775,2255,-0.8999999999999986,50
124837,2256,5.399999999999995,62
124901,2257,4.399999999999995,64
124951,2258,-0.8999999999999986,50
125015,2259,4.999999999999995,64
125078,2260,5.499999999999995,63
125141,2261,4.899999999999995,63
125204,2262,5.499999999999995,63
125264,2263,3.099999999999996,60
125326,2264,5.399999999999995,62
125388,2265,5.399999999999995,62
125451,2266,5.499999999999995,63
125515,2267,3.200000000000001,64
125578,2268,3.700000000000002,63
125628,2269,-0.8999999999999986,50
125691,2270,4.899999999999995,63
125753,2271,5.399999999999995,62
125816,2272,4.899999999999995,63
125881,2273,4.499999999999995,65
125944,2274,5.499999999999995,63
126006,2275,4.799999999999995,62
126069,2276,5.499999999999995,63
126132,2277,4.899999999999995,63
126195,2278,4.899999999999995,63
126258,2279,4.899999999999995,63
126320,2280,5.399999999999995,62
126382,2281,5.399999999999995,62
126444,2282,4.799999999999995,62
126507,2283,5.499999999999995,63
126571,2284,4.399999999999995,64
126634,2285,4.899999999999995,63
126696,2286,3.0,62
126758,2287,5.399999999999995,62
126820,2288,5.399999999999995,62
126882,2289,4.799999999999995,62
126942,2290,1.899999999999999,60
127007,2291,4.499999999999995,65
127068,2292,3.7999999999999954,61
127130,2293,5.399999999999995,62
127193,2294,5.499999999999995,63
127257,2295,4.999999999999995,64
127310,2296,1.799999999999999,53
127373,2297,4.899999999999995,63
127434,2298,3.7999999999999954,61
127496,2299,5.399999999999995,62
127558,2300,5.399999999999995,62
127618,2301,3.099999999999996,60
127680,2302,5.399999999999995,62
127742,2303,4.799999999999995,62
127806,2304,4.999999999999995,64
127856,2305,-0.8999999999999986,50
127919,2306,5.499999999999995,63
127979,2307,2.4999999999999982,60
128040,2308,2.599999999999996,61
128100,2309,3.6999999999999957,60
128161,2310,3.7999999999999954,61
128223,2311,5.399999999999995,62
128285,2312,4.799999999999995,62
128344,2313,3.599999999999996,59
128394,2314,-1.4999999999999982,50
128456,2315,5.399999999999995,62
128513,2316,3.399999999999997,57
128574,2317,3.1999999999999957,61
128636,2318,5.399999999999995,62
128699,2319,5.499999999999995,63
128761,2320,5.399999999999995,62
128813,2321,2.8999999999999986,52
128875,2322,5.399999999999995,62
128938,2323,5.499999999999995,63
128996,2324,3.4999999999999964,58
129059,2325,5.499999999999995,63
129123,2326,4.399999999999995,64
129182,2327,3.599999999999996,59
129244,2328,5.399999999999995,62
129306,2329,5.399999999999995,62
129360,2330,3.099999999999998,54
129414,2331,3.099999999999998,54
129465,2332,2.799999999999999,51
129527,2333,5.399999999999995,62
129590,2334,5.499999999999995,63
129650,2335,0.7000000000000024,60
129712,2336,5.399999999999995,62
129776,2337,4.999999999999995,64
129829,2338,2.9999999999999982,53
129885,2339,2.6999999999999993,56
129949,2340,4.999999999999995,64
130010,2341,3.1999999999999957,61
130073,2342,4.899999999999995,63
130125,2343,2.8999999999999986,52
130188,2344,4.899999999999995,63
130251,2345,5.499999999999995,63
130313,2346,5.399999999999995,62
130367,2347,3.099999999999998,54
130429,2348,5.399999999999995,62
130483,2349,2.4999999999999982,54
130546,2350,5.499999999999995,63
130599,2351,2.9999999999999982,53
130653,2352,2.4999999999999982,54
130716,2353,4.299999999999999,63
130781,2354,4.499999999999995,65
130844,2355,5.499999999999995,63
130894,2356,2.6999999999999993,50
130948,2357,2.4999999999999982,54
131010,2358,4.199999999999999,62
131072,2359,5.399999999999995,62
131122,2360,2.0999999999999996,50
131172,2361,-0.8999999999999986,50
131234,2362,5.399999999999995,62
131298,2363,4.999999999999995,64
131348,2364,-0.8999999999999986,50
131398,2365,-0.8999999999999986,50
131448,2366,2.6999999999999993,50
131498,2367,2.6999999999999993,50
131549,2368,2.1999999999999993,51
131612,2369,4.899999999999995,63
131663,2370,2.799999999999999,51
131726,2371,4.899999999999995,63
131777,2372,2.1999999999999993,51
131828,2373,2.1999999999999993,51
131879,2374,2.1999999999999993,51
131943,2375,2.0000000000000027,64
132006,2376,4.899999999999995,63
132056,2377,-0.8999999999999986,50
132120,2378,4.399999999999995,64
132182,2379,5.399999999999995,62
132233,2380,2.1999999999999993,51
132298,2381,4.499999999999995,65
132361,2382,5.499999999999995,63
132424,2383,5.499999999999995,63
132486,2384,2.9999999999999996,62
132549,2385,2.5,63
132610,2386,3.7999999999999954,61
132672,2387,5.399999999999995,62
132735,2388,4.899999999999995,63
132785,2389,2.6999999999999993,50
132848,2390,5.499999999999995,63
132911,2391,5.499999999999995,63
132961,2392,2.6999999999999993,50
133011,2393,2.0999999999999996,50
133063,2394,2.299999999999999,52
133113,2395,-0.8999999999999986,50
133176,2396,4.899999999999995,63
133240,2397,3.7999999999999954,64
133303,2398,5.499999999999995,63
133366,2399,5.499999999999995,63
133434,2400,5.999999999999993,68
133496,2401,5.399999999999995,62
133560,2402,4.399999999999997,64
133611,2403,2.1999999999999993,51
133674,2404,4.899999999999995,63
133738,2405,4.399999999999995,64
133801,2406,4.899999999999995,63
133864,2407,4.899999999999995,63
133926,2408,5.399999999999995,62
133989,2409,4.899999999999995,63
134051,2410,5.399999999999995,62
134113,2411,5.399999999999995,62
134175,2412,5.399999999999995,62
134237,2413,4.799999999999995,62
134300,2414,4.299999999999995,63
134363,2415,5.499999999999995,63
134422,2416,3.599999999999996,59
134484,2417,4.799999999999995,62
134547,2418,5.499999999999995,63
134608,2419,2.5999999999999996,61
134670,2420,5.399999999999995,62
134733,2421,4.899999999999997,63
134795,2422,5.399999999999995,62
134845,2423,2.0999999999999996,50
134908,2424,4.899999999999995,63
134971,2425,5.499999999999995,63
135035,2426,4.999999999999995,64
135099,2427,4.999999999999995,64
135162,2428,5.499999999999995,63
135224,2429,4.799999999999995,62
135287,2430,4.299999999999999,63
135350,2431,5.499999999999995,63
135413,2432,4.899999999999995,63
135478,2433,3.2999999999999954,65
135543,2434,4.499999999999995,65
135605,2435,5.399999999999995,62
135668,2436,4.299999999999995,63
135732,2437,4.999999999999995,64
135795,2438,4.899999999999995,63
135857,2439,5.399999999999995,62
135919,2440,5.399999999999995,62
135982,2441,5.499999999999995,63
136046,2442,4.999999999999995,64
136109,2443,4.899999999999995,63
136172,2444,5.499999999999995,63
136234,2445,5.399999999999995,62
136299,2446,5.099999999999994,65
136362,2447,4.899999999999995,63
136425,2448,4.899999999999995,63
136487,2449,5.399999999999995,62
136551,2450,4.999999999999995,64
136615,2451,4.399999999999995,64
136678,2452,4.899999999999995,63
136741,2453,5.499999999999995,63
136804,2454,5.499999999999995,63
136867,2455,4.899999999999995,63
136932,2456,5.099999999999994,65
136995,2457,4.299999999999999,63
137057,2458,5.399999999999995,62
137119,2459,5.399999999999995,62
137182,2460,4.899999999999995,63
137240,2461,2.899999999999997,58
137302,2462,4.799999999999995,62
137364,2463,4.799999999999995,62
137425,2464,3.1999999999999957,61
137487,2465,4.799999999999995,62
137546,2466,3.599999999999996,59
137608,2467,4.799999999999995,62
137671,2468,5.499999999999995,63
137734,2469,5.499999999999995,63
137795,2470,3.1999999999999957,61
137857,2471,5.399999999999995,62
137919,2472,5.399999999999995,62
137970,2473,2.1999999999999993,51
138031,2474,3.1999999999999957,61
138092,2475,3.1999999999999957,61
138154,2476,4.799999999999995,62
138214,2477,3.6999999999999957,60
138267,2478,2.9999999999999982,53
138320,2479,2.9999999999999982,53
138374,2480,3.099999999999998,54
138433,2481,2.9999999999999964,59
138487,2482,3.099999999999998,54
138550,2483,4.899999999999995,63
138607,2484,3.399999999999997,57
138662,2485,2.599999999999998,55
138716,2486,3.099999999999998,54
138771,2487,3.1999999999999975,55
138825,2488,3.099999999999998,54
138886,2489,3.1999999999999957,61
138938,2490,2.8999999999999986,52
138995,2491,0.40000000000000213,57
139053,2492,3.4999999999999964,58
139108,2493,3.1999999999999975,55
139164,2494,2.6999999999999975,56
139218,2495,3.099999999999998,54
139269,2496,2.1999999999999993,51
139322,2497,2.3999999999999986,53
139372,2498,2.6999999999999993,50
139424,2499,2.8999999999999986,52
139475,2500,2.1999999999999993,51
139525,2501,2.6999999999999993,50
139578,2502,1.200000000000002,53
139630,2503,2.8999999999999986,52
139681,2504,2.799999999999999,51
139731,2505,2.6999999999999993,50
139790,2506,3.599999999999996,59
139840,2507,2.0999999999999996,50
139894,2508,1.8999999999999986,54
139945,2509,2.799999999999999,51
139995,2510,2.6999999999999993,50
140045,2511,2.6999999999999993,50
140095,2512,2.0999999999999996,50
140145,2513,2.6999999999999993,50
140197,2514,2.8999999999999986,52
140247,2515,1.5,50
140297,2516,2.6999999999999993,50
140352,2517,2.599999999999998,55
140405,2518,2.9999999999999982,53
140468,2519,4.899999999999995,63
140520,2520,2.299999999999999,52
140570,2521,2.6999999999999993,50
140626,2522,3.299999999999997,56
140678,2523,2.8999999999999986,52
140728,2524,2.0999999999999996,50
140778,2525,0.9000000000000004,50
140838,2526,-2.8999999999999986,60
140888,2527,2.6999999999999993,50
140943,2528,0.800000000000002,55
140994,2529,2.799999999999999,51
141044,2530,2.0999999999999996,50
141094,2531,2.6999999999999993,50
141147,2532,2.9999999999999982,53
141198,2533,2.799999999999999,51
141251,2534,1.200000000000002,53
141303,2535,2.8999999999999986,52
141365,2536,4.799999999999995,62
141415,2537,-0.8999999999999986,50
141466,2538,2.799999999999999,51
141517,2539,2.799999999999999,51
141567,2540,2.6999999999999993,50
141617,2541,-0.8999999999999986,50
141673,2542,3.299999999999997,56
141723,2543,2.0999999999999996,50
141779,2544,2.6999999999999975,56
141829,2545,2.0999999999999996,50
141886,2546,-0.799999999999998,57
141948,2547,3.599999999999998,62
141998,2548,1.5,50
142061,2549,2.4999999999999987,63
142111,2550,0.9000000000000004,50
142161,2551,0.9000000000000004,50
142211,2552,2.6999999999999993,50
142261,2553,2.6999999999999993,50
142311,2554,1.5,50
142365,2555,3.099999999999998,54
142421,2556,3.299999999999997,56
142473,2557,2.8999999999999986,52
142531,2558,2.899999999999997,58
142583,2559,1.6999999999999993,52
142633,2560,2.6999999999999993,50
142683,2561,2.0999999999999996,50
142733,2562,2.0999999999999996,50
142783,2563,0.3000000000000007,50
142833,2564,2.0999999999999996,50
142883,2565,2.6999999999999993,50
142933,2566,2.6999999999999993,50
142993,2567,2.4999999999999964,60
143043,2568,0.9000000000000004,50
143093,2569,-0.29999999999999893,50
143145,2570,2.299999999999999,52
143198,2571,2.3999999999999986,53
143248,2572,1.5,50
143298,2573,2.0999999999999996,50
143348,2574,1.5,50
143410,2575,4.199999999999996,62
143470,2576,3.6999999999999957,60
143532,2577,4.799999999999995,62
143586,2578,3.099999999999998,54
143636,2579,-0.8999999999999986,50
143687,2580,2.799999999999999,51
143739,2581,2.8999999999999986,52
143789,2582,1.5,50
143852,2583,5.499999999999995,63
143913,2584,2.599999999999996,61
143963,2585,1.5,50
144025,2586,4.799999999999995,62
144086,2587,3.1999999999999957,61
144149,2588,5.499999999999995,63
144199,2589,0.9000000000000004,50
144249,2590,-0.29999999999999893,50
144311,2591,5.399999999999995,62
144361,2592,2.0999999999999996,50
144422,2593,2.599999999999998,61
144484,2594,4.799999999999995,62
144546,2595,4.799999999999995,62
144608,2596,4.799999999999995,62
144667,2597,2.3999999999999977,59
144726,2598,1.1999999999999984,59
144789,2599,5.499999999999995,63
144852,2600,4.899999999999995,63
144912,2601,3.6999999999999957,60
144962,2602,1.5,50
145025,2603,4.899999999999995,63
145084,2604,2.9999999999999964,59
145146,2605,4.799999999999995,62
145209,2606,5.499999999999995,63
145272,2607,3.0999999999999996,63
145327,2608,0.800000000000002,55
145390,2609,4.299999999999995,63
145452,2610,4.199999999999996,62
145521,2611,6.0999999999999925,69
145584,2612,4.899999999999995,63
145637,2613,2.3999999999999986,53
145697,2614,3.6999999999999957,60
145759,2615,4.199999999999996,62
145822,2616,4.299999999999999,63
145885,2617,4.299999999999995,63
145948,2618,4.899999999999995,63
146008,2619,3.099999999999996,60
146075,2620,3.4999999999999956,67
146135,2621,3.6999999999999957,60
146198,2622,4.299999999999996,63
146261,2623,4.899999999999995,63
146324,2624,4.299999999999995,63
146387,2625,3.6999999999999984,63
146450,2626,3.099999999999996,63
146500,2627,-5.099999999999998,50
146550,2628,-0.8999999999999986,50
146600,2629,-2.699999999999998,50
146662,2630,1.7999999999999998,62
146712,2631,2.0999999999999996,50
146762,2632,0.9000000000000004,50
146825,2633,4.299999999999995,63
146886,2634,3.1999999999999957,61
146947,2635,3.7999999999999954,61
147010,2636,5.499999999999995,63
147078,2637,5.399999999999993,68
147141,2638,4.299999999999995,63
147203,2639,4.799999999999995,62
147264,2640,3.7999999999999954,61
147329,2641,4.499999999999995,65
147379,2642,-5.099999999999998,50
147443,2643,4.399999999999995,64
147505,2644,5.399999999999995,62
147555,2645,-5.099999999999998,50
147619,2646,3.7999999999999954,64
147682,2647,4.899999999999995,63
147745,2648,5.499999999999995,63
147809,2649,3.7999999999999954,64
147859,2650,-4.499999999999998,50
147921,2651,4.799999999999995,62
147986,2652,3.2999999999999963,65
148036,2653,-4.499999999999998,50
148102,2654,5.199999999999994,66
148164,2655,3.5999999999999988,62
148227,2656,4.899999999999995,63
148280,2657,2.9999999999999982,53
148342,2658,2.999999999999999,62
148404,2659,5.399999999999995,62
148457,2660,2.9999999999999982,53
148507,2661,-0.8999999999999986,50
148570,2662,5.499999999999995,63
148632,2663,5.399999999999995,62
148695,2664,4.899999999999995,63
148758,2665,3.6999999999999975,63
148808,2666,-2.099999999999998,50
148871,2667,4.899999999999995,63
148938,2668,5.299999999999994,67
148999,2669,2.599999999999996,61
149065,2670,5.199999999999994,66
149128,2671,3.6999999999999975,63
149191,2672,4.299999999999995,63
149257,2673,2.800000000000002,66
149357,2674,4.699999999999987,100
149408,2675,2.1999999999999993,51
149471,2676,4.299999999999995,63
149521,2677,-3.899999999999998,50
149584,2678,3.6999999999999984,63
149650,2679,5.199999999999994,66
149707,2680,2.1999999999999975,57
149757,2681,2.0999999999999996,50
149819,2682,4.799999999999995,62
149878,2683,2.9999999999999964,59
149941,2684,5.499999999999995,63
149998,2685,3.399999999999997,57
150061,2686,5.499999999999995,63
150126,2687,1.4999999999999982,65
150191,2688,4.499999999999995,65
150253,2689,4.799999999999995,62
150316,2690,5.499999999999995,63
150380,2691,4.999999999999995,64
150442,2692,5.399999999999995,62
150505,2693,3.6999999999999993,63
150555,2694,-5.099999999999998,50
150606,2695,2.1999999999999993,51
150670,2696,4.399999999999995,64
150733,2697,5.499999999999995,63
150796,2698,5.499999999999995,63
150847,2699,2.799999999999999,51
150913,2700,5.199999999999994,66
150980,2701,5.899999999999993,67
151039,2702,1.8000000000000025,59
151103,2703,4.399999999999995,64
151170,2704,4.699999999999994,67
151229,2705,2.9999999999999964,59
151293,2706,4.999999999999995,64
151346,2707,2.9999999999999982,53
151396,2708,2.6999999999999993,50
151459,2709,4.899999999999995,63
151526,2710,4.099999999999994,67
151588,2711,5.399999999999995,62
151638,2712,1.5,50
151700,2713,4.799999999999995,62
151764,2714,4.399999999999995,64
151827,2715,4.899999999999995,63
151883,2716,3.299999999999997,56
151944,2717,3.7999999999999954,61
152007,2718,3.099999999999996,63
152071,2719,4.999999999999995,64
152133,2720,5.399999999999995,62
152197,2721,4.399999999999995,64
152260,2722,5.499999999999995,63
152318,2723,3.4999999999999964,58
152382,2724,4.999999999999995,64
152444,2725,5.399999999999995,62
152507,2726,5.499999999999995,63
152560,2727,2.3999999999999986,53
152612,2728,2.8999999999999986,52
152667,2729,3.1999999999999975,55
152728,2730,3.7999999999999954,61
152784,2731,2.6999999999999993,56
152841,2732,1.6000000000000014,57
152893,2733,2.8999999999999986,52
152953,2734,3.099999999999996,60
153016,2735,5.499999999999995,63
153079,2736,5.499999999999995,63
153129,2737,1.5,50
153182,2738,2.9999999999999982,53
153233,2739,2.799999999999999,51
153286,2740,2.9999999999999982,53
153339,2741,2.9999999999999982,53
153405,2742,5.199999999999994,66
153467,2743,5.399999999999995,62
153531,2744,4.999999999999995,64
153591,2745,2.4999999999999964,60
153656,2746,5.099999999999994,65
153706,2747,2.0999999999999996,50
153756,2748,2.0999999999999996,50
153806,2749,2.0999999999999996,50
153856,2750,1.5,50
153915,2751,3.599999999999996,59
153965,2752,2.0999999999999996,50
154017,2753,1.700000000000002,52
154079,2754,5.399999999999995,62
154130,2755,2.799999999999999,51
154192,2756,5.399999999999995,62
154243,2757,2.799999999999999,51
154306,2758,4.899999999999995,63
154357,2759,2.799999999999999,51
154419,2760,4.199999999999996,62
154480,2761,-0.999999999999998,61
154530,2762,0.3000000000000007,50
154582,2763,1.1000000000000019,52
154645,2764,5.499999999999995,63
154695,2765,2.0999999999999996,50
154746,2766,2.799999999999999,51
154801,2767,2.0000000000000018,55
154859,2768,2.899999999999997,58
154917,2769,2.899999999999997,58
154973,2770,3.299999999999997,56
155035,2771,4.799999999999995,62
155085,2772,1.5,50
155135,2773,1.5,50
155186,2774,2.1999999999999993,51
155248,2775,5.399999999999995,62
155334,2776,1.7999999999999936,86
155388,2777,1.9000000000000021,54
155438,2778,2.6999999999999993,50
155488,2779,0.9000000000000004,50
155538,2780,0.3000000000000007,50
155597,2781,1.7999999999999972,59
155647,2782,2.0999999999999996,50
155709,2783,4.199999999999996,62
155759,2784,0.9000000000000004,50
155809,2785,0.3000000000000007,50
155859,2786,1.5,50
155910,2787,2.799999999999999,51
155960,2788,0.9000000000000004,50
156010,2789,-0.8999999999999986,50
156060,2790,-0.29999999999999893,50
156123,2791,5.499999999999995,63
156186,2792,4.299999999999995,63
156238,2793,2.8999999999999986,52
156288,2794,1.5,50
156338,2795,0.9000000000000004,50
156388,2796,1.5,50
156438,2797,0.3000000000000007,50
156501,2798,5.499999999999995,63
156560,2799,2.9999999999999964,59
156616,2800,2.6999999999999975,56
156666,2801,-0.8999999999999986,50
156716,2802,-0.8999999999999986,50
156778,2803,5.399999999999995,62
156841,2804,4.899999999999995,63
156891,2805,1.5,50
156941,2806,-0.29999999999999893,50
156991,2807,-0.8999999999999986,50
157053,2808,4.799999999999995,62
157119,2809,5.199999999999994,66
157169,2810,0.9000000000000004,50
157224,2811,3.1999999999999975,55
157274,2812,-0.8999999999999986,50
157333,2813,3.599999999999996,59
157393,2814,3.099999999999996,60
157443,2815,-0.29999999999999893,50
157505,2816,4.799999999999995,62
157555,2817,-0.29999999999999893,50
157605,2818,-0.8999999999999986,50
157655,2819,-0.8999999999999986,50
157705,2820,-0.8999999999999986,50
157764,2821,3.599999999999996,59
157827,2822,5.499999999999995,63
157888,2823,2.599999999999996,61
157938,2824,0.9000000000000004,50
158000,2825,5.399999999999995,62
158053,2826,2.9999999999999982,53
158115,2827,3.599999999999996,62
158165,2828,-0.8999999999999986,50
158225,2829,3.6999999999999957,60
158277,2830,2.8999999999999986,52
158340,2831,5.499999999999995,63
158402,2832,5.399999999999995,62
158454,2833,2.8999999999999986,52
158504,2834,0.3000000000000007,50
158567,2835,5.499999999999995,63
158629,2836,5.399999999999995,62
158692,2837,5.499999999999995,63
158756,2838,4.999999999999995,64
158806,2839,1.5,50
158868,2840,5.399999999999995,62
158931,2841,5.499999999999995,63
158994,2842,5.499999999999995,63
159056,2843,5.399999999999995,62
159119,2844,4.899999999999995,63
159181,2845,4.799999999999995,62
159243,2846,5.399999999999995,62
159305,2847,5.399999999999995,62
159368,2848,4.899999999999995,63
159421,2849,2.3999999999999986,53
159484,2850,4.899999999999995,63
159546,2851,5.399999999999995,62
159608,2852,5.399999999999995,62
159671,2853,5.499999999999995,63
159734,2854,5.499999999999995,63
159784,2855,2.6999999999999993,50
159834,2856,-8.7,50
159884,2857,-8.099999999999998,50
159934,2858,-8.7,50
159984,2859,-7.499999999999998,50
160034,2860,-8.7,50
160084,2861,-5.699999999999998,50
160134,2862,-8.7,50
160184,2863,-8.7,50
160234,2864,-8.099999999999998,50
160284,2865,-8.099999999999998,50
160334,2866,-8.7,50
160384,2867,-9.299999999999999,50
160434,2868,-6.299999999999999,50
160492,2869,3.4999999999999964,58
160542,2870,-8.7,50
160592,2871,-8.099999999999998,50
160642,2872,-8.7,50
160692,2873,-8.7,50
160742,2874,-7.499999999999998,50
160792,2875,-8.7,50
160842,2876,-7.499999999999998,50
160892,2877,-8.099999999999998,50
160951,2878,3.599999999999996,59
161001,2879,-8.099999999999998,50
161051,2880,-6.299999999999999,50
161101,2881,-6.899999999999999,50
161151,2882,-8.7,50
161201,2883,-8.099999999999998,50
161251,2884,-3.899999999999998,50
161301,2885,-7.499999999999998,50
161351,2886,-7.499999999999998,50
161401,2887,-6.899999999999999,50
161451,2888,-8.7,50
161501,2889,-7.499999999999998,50
161551,2890,-8.7,50
161601,2891,-7.499999999999998,50
161651,2892,-8.099999999999998,50
161712,2893,2.599999999999996,61
161762,2894,-8.099999999999998,50
161812,2895,-7.499999999999998,50
161872,2896,3.099999999999996,60
161922,2897,-7.499999999999998,50
161972,2898,-5.099999999999998,50
162022,2899,-8.099999999999998,50
162072,2900,-8.099999999999998,50
162122,2901,-5.099999999999998,50
162172,2902,-7.499999999999998,50
162222,2903,-8.7,50
162272,2904,-8.099999999999998,50
162330,2905,2.3,58
162380,2906,-7.499999999999998,50
162430,2907,-5.699999999999998,50
162480,2908,-8.099999999999998,50
162530,2909,-8.7,50
162580,2910,-5.699999999999998,50
162630,2911,-8.099999999999998,50
162680,2912,-8.099999999999998,50
162731,2913,2.799999999999999,51
162781,2914,-5.699999999999998,50
162831,2915,-7.499999999999998,50
162892,2916,2.000000000000001,61
162942,2917,-5.699999999999998,50
162992,2918,-5.699999999999998,50
163048,2919,2.6999999999999975,56
163098,2920,-6.299999999999999,50
163160,2921,4.799999999999995,62
163213,2922,1.7999999999999998,53
163263,2923,-7.499999999999998,50
163313,2924,-6.899999999999999,50
163363,2925,-7.499999999999998,50
163413,2926,-6.299999999999999,50
163463,2927,-6.899999999999999,50
163522,2928,3.599999999999996,59
163572,2929,-0.8999999999999986,50
163622,2930,-5.699999999999998,50
163672,2931,-6.899999999999999,50
163722,2932,-8.099999999999998,50
163772,2933,2.0999999999999996,50
163822,2934,-0.8999999999999986,50
163875,2935,2.9999999999999982,53
163925,2936,-5.699999999999998,50
163975,2937,-3.299999999999998,50
164034,2938,2.9999999999999964,59
164084,2939,-0.29999999999999893,50
164134,2940,-5.699999999999998,50
164184,2941,-5.699999999999998,50
164234,2942,-8.099999999999998,50
164284,2943,-6.299999999999999,50
164334,2944,-6.299999999999999,50
164393,2945,2.9999999999999964,59
164443,2946,-3.899999999999998,50
164505,2947,5.399999999999995,62
164568,2948,4.899999999999995,63
164618,2949,-0.8999999999999986,50
164672,2950,2.4999999999999982,54
164734,2951,5.399999999999995,62
164796,2952,5.399999999999995,62
164853,2953,3.399999999999997,57
164903,2954,-0.8999999999999986,50
164961,2955,2.299999999999997,58
165021,2956,3.6999999999999957,60
165071,2957,-6.899999999999999,50
165133,2958,4.1999999999999975,62
165194,2959,3.7999999999999954,61
165257,2960,3.6999999999999957,63
165307,2961,-0.8999999999999986,50
165367,2962,3.099999999999996,60
165427,2963,3.6999999999999957,60
165477,2964,2.6999999999999993,50
165539,2965,4.799999999999995,62
165602,2966,4.899999999999995,63
165652,2967,-0.8999999999999986,50
165702,2968,-6.299999999999999,50
165760,2969,2.899999999999997,58
165810,2970,-2.699999999999998,50
165872,2971,5.399999999999995,62
165922,2972,-0.8999999999999986,50
165984,2973,4.799999999999995,62
166046,2974,0.6000000000000014,62
166105,2975,2.9999999999999964,59
166168,2976,1.8999999999999986,63
166231,2977,3.1000000000000023,63
166281,2978,0.3000000000000007,50
166339,2979,3.4999999999999964,58
166389,2980,-0.8999999999999986,50
166455,2981,3.9999999999999956,66
166505,2982,-0.8999999999999986,50
166555,2983,-0.8999999999999986,50
166605,2984,-0.8999999999999986,50
166669,2985,-0.399999999999999,64
166730,2986,3.1999999999999957,61
166780,2987,-0.8999999999999986,50
166842,2988,3.000000000000001,62
166892,2989,-0.8999999999999986,50
166955,2990,4.899999999999995,63
167014,2991,2.9999999999999964,59
167064,2992,2.0999999999999996,50
167122,2993,3.4999999999999964,58
167186,2994,4.999999999999995,64
167248,2995,5.399999999999995,62
167306,2996,1.7000000000000002,58
167366,2997,2.4999999999999964,60
167429,2998,3.6999999999999957,63
167490,2999,3.7999999999999954,61
167540,3000,1.5,50
167598,3001,3.4999999999999964,58
167659,3002,3.7999999999999954,61
167718,3003,2.9999999999999964,59
167768,3004,-0.8999999999999986,50
167837,3005,1.2999999999999985,69
167888,3006,2.799999999999999,51
167946,3007,3.4999999999999964,58
168008,3008,4.799999999999996,62
168069,3009,3.1999999999999957,61
168125,3010,3.299999999999997,56
168181,3011,2.099999999999998,56
168238,3012,3.399999999999997,57
168303,3013,3.2999999999999963,65
168365,3014,4.799999999999995,62
168417,3015,2.299999999999999,52
168472,3016,2.599999999999998,55
168536,3017,4.399999999999995,64
168593,3018,2.799999999999997,57
168656,3019,4.899999999999995,63
168713,3020,3.399999999999997,57
168769,3021,0.9000000000000012,56
168820,3022,2.799999999999999,51
168870,3023,1.5,50
168930,3024,3.099999999999996,60
168980,3025,1.5,50
169030,3026,-0.8999999999999986,50
169080,3027,1.5,50
169130,3028,0.3000000000000007,50
169180,3029,0.9000000000000004,50
169230,3030,2.6999999999999993,50
169280,3031,1.5,50
169330,3032,-0.29999999999999893,50
169386,3033,0.30000000000000204,56
169444,3034,2.299999999999997,58
169494,3035,0.3000000000000007,50
169548,3036,2.5,54
169598,3037,-0.29999999999999893,50
169652,3038,3.099999999999998,54
169702,3039,-0.29999999999999893,50
169752,3040,0.3000000000000007,50
169803,3041,2.1999999999999993,51
169853,3042,1.5,50
169903,3043,0.3000000000000007,50
169953,3044,0.9000000000000004,50
170003,3045,1.5,50
170066,3046,3.6999999999999957,63
170116,3047,-0.8999999999999986,50
170166,3048,-0.8999999999999986,50
170216,3049,-0.8999999999999986,50
170266,3050,2.0999999999999996,50
170323,3051,2.2,57
170373,3052,-0.8999999999999986,50
170423,3053,-0.8999999999999986,50
170475,3054,2.8999999999999986,52
170525,3055,1.5,50
170582,3056,2.799999999999997,57
170632,3057,-0.8999999999999986,50
170682,3058,-0.29999999999999893,50
170732,3059,-0.8999999999999986,50
170782,3060,-0.8999999999999986,50
170832,3061,-0.8999999999999986,50
170882,3062,-0.8999999999999986,50
170932,3063,-0.8999999999999986,50
170982,3064,-0.8999999999999986,50
171036,3065,2.4999999999999982,54
171086,3066,-0.8999999999999986,50
171148,3067,5.399999999999995,62
171209,3068,3.7999999999999954,61
171259,3069,-0.8999999999999986,50
171310,3070,2.799999999999999,51
171371,3071,3.7999999999999954,61
171421,3072,0.3000000000000007,50
171471,3073,-0.8999999999999986,50
171530,3074,2.9999999999999964,59
171580,3075,-0.8999999999999986,50
171630,3076,-0.8999999999999986,50
171680,3077,-0.8999999999999986,50
171730,3078,-0.8999999999999986,50
171783,3079,2.9999999999999982,53
171833,3080,-0.29999999999999893,50
171883,3081,-0.8999999999999986,50
171933,3082,-0.8999999999999986,50
171983,3083,-0.8999999999999986,50
172033,3084,1.5,50
172083,3085,-0.8999999999999986,50
172133,3086,-0.8999999999999986,50
172196,3087,4.899999999999995,63
172246,3088,-0.8999999999999986,50
172296,3089,-0.8999999999999986,50
172346,3090,-0.8999999999999986,50
172396,3091,-0.8999999999999986,50
172446,3092,-0.8999999999999986,50
172508,3093,4.799999999999995,62
172558,3094,-0.8999999999999986,50
172610,3095,2.8999999999999986,52
172663,3096,2.9999999999999982,53
172713,3097,-0.8999999999999986,50
172763,3098,-0.8999999999999986,50
172813,3099,-0.8999999999999986,50
172863,3100,0.9000000000000004,50
172928,3101,3.899999999999997,65
172978,3102,-0.8999999999999986,50
173028,3103,-0.8999999999999986,50
173078,3104,-2.699999999999998,50
173128,3105,2.0999999999999996,50
173178,3106,-0.8999999999999986,50
173228,3107,-0.8999999999999986,50
173292,3108,4.399999999999995,64
173351,3109,2.399999999999997,59
173412,3110,3.7999999999999954,61
173474,3111,4.799999999999995,62
173524,3112,-2.099999999999998,50
173574,3113,-0.8999999999999986,50
173624,3114,-0.8999999999999986,50
173687,3115,4.899999999999995,63
173737,3116,-2.099999999999998,50
173787,3117,-0.8999999999999986,50
173851,3118,4.399999999999995,64
173913,3119,2.4000000000000004,62
173964,3120,2.799999999999999,51
174027,3121,4.899999999999995,63
174086,3122,3.599999999999996,59
174149,3123,4.899999999999995,63
174199,3124,1.5,50
174249,3125,-0.8999999999999986,50
174310,3126,3.1999999999999957,61
174373,3127,4.899999999999995,63
174435,3128,4.799999999999995,62
174485,3129,2.0999999999999996,50
174535,3130,-0.8999999999999986,50
174598,3131,4.299999999999995,63
174648,3132,2.6999999999999993,50
174707,3133,3.599999999999996,59
174775,3134,4.199999999999999,68
174837,3135,4.799999999999995,62
174899,3136,4.799999999999995,62
174959,3137,3.099999999999996,60
175022,3138,4.899999999999995,63
175075,3139,2.9999999999999982,53
175137,3140,5.399999999999995,62
175193,3141,3.299999999999997,56
175257,3142,4.399999999999995,64
175317,3143,3.099999999999996,60
175375,3144,3.4999999999999964,58
175433,3145,2.899999999999997,58
175496,3146,3.6999999999999966,63
175551,3147,2.599999999999998,55
175613,3148,4.199999999999996,62
175670,3149,3.399999999999997,57
175733,3150,4.299999999999995,63
175796,3151,4.899999999999995,63
175846,3152,-0.8999999999999986,50
175901,3153,3.1999999999999975,55
175963,3154,4.799999999999995,62
176021,3155,3.4999999999999964,58
176071,3156,2.6999999999999993,50
176133,3157,4.799999999999995,62
176189,3158,0.9000000000000021,56
176250,3159,2.599999999999996,61
176311,3160,2.599999999999996,61
176367,3161,3.299999999999997,56
176426,3162,3.599999999999996,59
176484,3163,3.4999999999999964,58
176546,3164,4.799999999999995,62
176602,3165,3.299999999999997,56
176664,3166,4.799999999999995,62
176726,3167,4.799999999999995,62
176785,3168,2.9999999999999964,59
176841,3169,2.6999999999999975,56
176903,3170,4.799999999999995,62
176962,3171,2.9999999999999964,59
177024,3172,5.399999999999995,62
177088,3173,4.999999999999995,64
177144,3174,3.299999999999997,56
177206,3175,4.799999999999995,62
177268,3176,5.399999999999995,62
177330,3177,5.399999999999995,62
177386,3178,2.6999999999999975,56
177448,3179,4.799999999999995,62
177510,3180,5.399999999999995,62
177569,3181,3.599999999999996,59
177631,3182,4.199999999999996,62
177686,3183,3.1999999999999975,55
177748,3184,4.199999999999996,62
177806,3185,3.4999999999999964,58
177861,3186,2.5999999999999988,55
177913,3187,2.8999999999999986,52
177975,3188,4.199999999999996,62
178030,3189,2.599999999999998,55
178086,3190,3.299999999999997,56
178147,3191,3.7999999999999954,61
178202,3192,2.599999999999998,55
178252,3193,0.3000000000000007,50
178308,3194,2.6999999999999984,56
178361,3195,2.3999999999999986,53
178415,3196,3.099999999999998,54
178478,3197,5.499999999999995,63
178539,3198,3.7999999999999954,61
178595,3199,2.0999999999999996,56
178657,3200,2.399999999999999,62
178719,3201,4.799999999999995,62
178772,3202,2.9999999999999982,53
178837,3203,3.899999999999995,65
178899,3204,4.799999999999995,62
178956,3205,-0.19999999999999796,57
179011,3206,3.1999999999999975,55
179064,3207,2.9999999999999982,53
179119,3208,3.1999999999999975,55
179182,3209,4.899999999999995,63
179237,3210,2.599999999999998,55
179292,3211,3.1999999999999975,55
179344,3212,2.8999999999999986,52
179403,3213,2.399999999999997,59
179469,3214,3.9999999999999956,66
179521,3215,2.8999999999999986,52
179572,3216,2.799999999999999,51
179634,3217,5.399999999999995,62
179699,3218,3.2999999999999963,65
179749,3219,-0.8999999999999986,50
179801,3220,2.8999999999999986,52
179853,3221,2.8999999999999986,52
179905,3222,2.8999999999999986,52
179957,3223,2.299999999999999,52
180013,3224,3.299999999999997,56
180068,3225,2.599999999999998,55
180121,3226,2.9999999999999982,53
180175,3227,3.099999999999998,54
180233,3228,3.4999999999999964,58
180283,3229,-0.29999999999999893,50
180345,3230,5.399999999999995,62
180395,3231,0.9000000000000004,50
180457,3232,2.4000000000000012,62
180514,3233,2.799999999999997,57
180564,3234,1.5,50
180614,3235,1.5,50
180664,3236,0.9000000000000004,50
180714,3237,1.5,50
180768,3238,0.700000000000002,54
180818,3239,2.0999999999999996,50
180868,3240,0.9000000000000004,50
180927,3241,3.599999999999996,59
180977,3242,1.5,50
181029,3243,2.8999999999999986,52
181079,3244,2.0999999999999996,50
181139,3245,3.099999999999996,60
181189,3246,0.3000000000000007,50
181239,3247,2.0999999999999996,50
181289,3248,-0.8999999999999986,50
181339,3249,2.0999999999999996,50
181389,3250,0.3000000000000007,50
181439,3251,1.5,50
181489,3252,2.0999999999999996,50
181539,3253,2.6999999999999993,50
181589,3254,-0.29999999999999893,50
181649,3255,2.4999999999999964,60
181701,3256,2.299999999999999,52
181766,3257,5.099999999999994,65
181816,3258,1.5,50
181866,3259,0.9000000000000004,50
181916,3260,0.9000000000000004,50
181966,3261,0.9000000000000004,50
182016,3262,0.9000000000000004,50
182066,3263,1.5,50
182128,3264,5.399999999999995,62
182193,3265,4.499999999999995,65
182243,3266,0.9000000000000004,50
182302,3267,-0.5999999999999983,59
182364,3268,4.799999999999995,62
182414,3269,0.9000000000000004,50
182466,3270,2.8999999999999986,52
182517,3271,2.1999999999999993,51
182579,3272,5.399999999999995,62
182642,3273,5.499999999999995,63
182693,3274,2.799999999999999,51
182743,3275,2.0999999999999996,50
182793,3276,2.6999999999999993,50
182845,3277,1.6999999999999993,52
182895,3278,1.5,50
182945,3279,1.5,50
182996,3280,2.799999999999999,51
183046,3281,1.5,50
183108,3282,4.799999999999995,62
183158,3283,2.6999999999999993,50
183220,3284,3.5999999999999988,62
183270,3285,1.5,50
183320,3286,1.5,50
183370,3287,0.3000000000000007,50
183420,3288,0.9000000000000004,50
183470,3289,0.9000000000000004,50
183525,3290,2.599999999999998,55
183575,3291,2.6999999999999993,50
183638,3292,4.899999999999995,63
183688,3293,-0.8999999999999986,50
183751,3294,5.499999999999995,63
183816,3295,2.6999999999999993,65
183866,3296,0.9000000000000004,50
183916,3297,2.0999999999999996,50
183966,3298,1.5,50
184028,3299,4.799999999999995,62
184091,3300,5.499999999999995,63
184157,3301,4.599999999999994,66
184207,3302,0.9000000000000004,50
184257,3303,-0.8999999999999986,50
184307,3304,2.0999999999999996,50
184370,3305,4.899999999999995,63
184420,3306,1.5,50
184483,3307,5.499999999999995,63
184533,3308,1.5,50
184597,3309,4.999999999999995,64
184663,3310,4.000000000000001,66
184733,3311,6.199999999999992,70
184795,3312,5.399999999999995,62
184863,3313,5.399999999999993,68
184925,3314,5.399999999999995,62
184975,3315,-0.8999999999999986,50
185025,3316,2.6999999999999993,50
185087,3317,5.399999999999995,62
185137,3318,0.9000000000000004,50
185200,3319,5.499999999999995,63
185250,3320,1.5,50
185317,3321,5.899999999999993,67
185379,3322,3.599999999999996,62
185429,3323,0.3000000000000007,50
185479,3324,0.3000000000000007,50
185529,3325,-0.8999999999999986,50
185594,3326,4.499999999999995,65
185644,3327,-0.8999999999999986,50
185709,3328,5.099999999999994,65
185761,3329,1.6999999999999993,52
185811,3330,-6.899999999999999,50
185880,3331,4.899999999999993,69
185943,3332,5.499999999999995,63
186010,3333,4.699999999999994,67
186073,3334,4.899999999999995,63
186139,3335,5.799999999999994,66
186201,3336,5.399999999999995,62
186251,3337,-6.899999999999999,50
186301,3338,-0.8999999999999986,50
186364,3339,4.899999999999995,63
186427,3340,5.499999999999995,63
186491,3341,4.999999999999995,64
186541,3342,-3.899999999999998,50
186604,3343,3.700000000000002,63
186654,3344,1.5,50
186704,3345,-0.8999999999999986,50
186773,3346,5.499999999999993,69
186839,3347,3.400000000000002,66
186904,3348,2.700000000000002,65
186954,3349,-0.8999999999999986,50
187004,3350,-3.299999999999998,50
187054,3351,2.0999999999999996,50
187116,3352,5.399999999999995,62
187180,3353,3.200000000000002,64
187242,3354,5.399999999999995,62
187304,3355,5.399999999999995,62
187366,3356,4.799999999999995,62
187429,3357,4.899999999999995,63
187495,3358,4.599999999999994,66
187562,3359,5.899999999999993,67
187624,3360,5.399999999999995,62
187688,3361,4.999999999999995,64
187754,3362,2.7999999999999994,66
187819,3363,4.499999999999995,65
187869,3364,-5.099999999999998,50
187935,3365,4.599999999999994,66
187985,3366,2.0999999999999996,50
188042,3367,3.399999999999997,57
188092,3368,-2.699999999999998,50
188142,3369,-3.899999999999998,50
188208,3370,4.000000000000001,66
188308,3371,7.699999999999983,100
188371,3372,3.1000000000000023,63
188435,3373,4.999999999999995,64
188503,3374,5.399999999999993,68
188565,3375,5.399999999999995,62
188627,3376,5.399999999999995,62
188691,3377,4.999999999999995,64
188753,3378,5.399999999999995,62
188816,3379,5.499999999999995,63
188881,3380,5.099999999999994,65
188944,3381,4.899999999999997,63
188994,3382,-6.299999999999999,50
189060,3383,5.199999999999994,66
189125,3384,4.499999999999995,65
189187,3385,5.399999999999995,62
189251,3386,4.999999999999995,64
189313,3387,4.799999999999995,62
189363,3388,0.3000000000000007,50
189427,3389,4.999999999999995,64
189489,3390,5.399999999999995,62
189539,3391,2.0999999999999996,50
189601,3392,5.399999999999995,62
189664,3393,5.499999999999995,63
189730,3394,5.799999999999994,66
189798,3395,5.999999999999993,68
189859,3396,3.7999999999999954,61
189922,3397,5.499999999999995,63
189984,3398,5.399999999999995,62
190052,3399,4.799999999999994,68
190114,3400,5.399999999999995,62
190176,3401,5.399999999999995,62
190239,3402,4.299999999999995,63
190289,3403,0.3000000000000007,50
190349,3404,3.6999999999999957,60
190414,3405,4.499999999999995,65
190482,3406,5.999999999999993,68
190547,3407,5.099999999999994,65
190612,3408,3.899999999999997,65
190677,3409,5.099999999999994,65
190740,3410,4.899999999999995,63
190790,3411,0.3000000000000007,50
190853,3412,4.299999999999995,63
190916,3413,4.299999999999995,63
190981,3414,4.499999999999995,65
191031,3415,-0.8999999999999986,50
191098,3416,5.899999999999993,67
191164,3417,5.199999999999994,66
191214,3418,-2.699999999999998,50
191280,3419,5.199999999999994,66
191342,3420,1.8000000000000003,62
191407,3421,3.899999999999995,65
191474,3422,5.899999999999993,67
191539,3423,4.499999999999995,65
191606,3424,5.299999999999994,67
191672,3425,3.9999999999999947,66
191734,3426,4.799999999999995,62
191796,3427,5.399999999999995,62
191863,3428,5.899999999999993,67
191928,3429,4.499999999999995,65
191990,3430,4.199999999999996,62
192052,3431,5.399999999999995,62
192115,3432,4.299999999999997,63
192177,3433,5.399999999999995,62
192241,3434,4.399999999999995,64
192304,3435,4.299999999999999,63
192369,3436,2.1000000000000023,65
192432,3437,4.899999999999995,63
192495,3438,3.6999999999999993,63
192558,3439,5.499999999999995,63
192622,3440,4.999999999999995,64
192684,3441,5.399999999999995,62
192746,3442,4.199999999999996,62
192809,3443,4.899999999999995,63
192874,3444,4.499999999999995,65
192940,3445,4.000000000000001,66
193002,3446,5.399999999999995,62
193064,3447,3.0000000000000027,62
193132,3448,5.999999999999993,68
193196,3449,4.999999999999995,64
193262,3450,4.599999999999994,66
193324,3451,4.1999999999999975,62
193389,3452,3.899999999999995,65
193449,3453,1.3000000000000007,60
193514,3454,4.499999999999995,65
193581,3455,5.899999999999993,67
193645,3456,4.399999999999995,64
193710,3457,5.099999999999994,65
193771,3458,3.7999999999999954,61
193832,3459,3.7999999999999954,61
193894,3460,5.399999999999995,62
193956,3461,5.399999999999995,62
194006,3462,-0.8999999999999986,50
194070,3463,4.999999999999995,64
194132,3464,5.399999999999995,62
194195,3465,3.1000000000000023,63
194258,3466,3.6999999999999975,63
194320,3467,5.399999999999995,62
194383,3468,5.499999999999995,63
194448,3469,3.899999999999995,65
194510,3470,5.399999999999995,62
194572,3471,4.799999999999995,62
194658,3472,1.1999999999999966,86
194720,3473,5.399999999999995,62
194790,3474,6.199999999999992,70
194858,3475,5.399999999999993,68
194925,3476,2.900000000000003,67
194988,3477,3.700000000000002,63
195053,3478,3.8999999999999986,65
195118,3479,4.4999999999999964,65
195180,3480,5.399999999999995,62
195243,3481,4.899999999999995,63
195310,3482,5.899999999999993,67
195376,3483,5.199999999999994,66
195437,3484,3.7999999999999954,61
195503,3485,5.799999999999994,66
195568,3486,2.100000000000003,65
195631,3487,5.499999999999995,63
195693,3488,5.399999999999995,62
195761,3489,5.399999999999993,68
195827,3490,4.599999999999994,66
195889,3491,4.799999999999995,62
195952,3492,5.499999999999995,63
196019,3493,5.299999999999994,67
196069,3494,-6.299999999999999,50
196129,3495,3.6999999999999957,60
196191,3496,4.799999999999995,62
196253,3497,5.399999999999995,62
196320,3498,5.899999999999993,67
196382,3499,5.399999999999995,62
196449,3500,5.299999999999997,67
196511,3501,5.399999999999995,62
196561,3502,0.3000000000000007,50
196611,3503,-0.8999999999999986,50
196671,3504,2.4999999999999982,60
196734,3505,5.499999999999995,63
196785,3506,2.1999999999999993,51
196847,3507,5.399999999999995,62
196915,3508,4.199999999999994,68
196977,3509,5.399999999999995,62
197047,3510,5.599999999999994,70
197109,3511,5.399999999999995,62
197173,3512,4.999999999999995,64
197236,3513,4.299999999999995,63
197304,3514,5.999999999999993,68
197367,3515,5.499999999999995,63
197430,3516,5.499999999999995,63
197491,3517,3.7999999999999954,61
197554,3518,5.499999999999995,63
197617,3519,4.899999999999995,63
197682,3520,5.099999999999994,65
197746,3521,4.999999999999995,64
197810,3522,4.999999999999995,64
197860,3523,-0.29999999999999893,50
197923,3524,4.899999999999995,63
197984,3525,3.7999999999999954,61
198034,3526,2.0999999999999996,50
198100,3527,5.799999999999994,66
198162,3528,5.399999999999995,62
198229,3529,5.299999999999994,67
198294,3530,5.099999999999994,65
198380,3531,1.79999999999999,86
198444,3532,4.999999999999995,64
198506,3533,5.399999999999995,62
198568,3534,5.399999999999995,62
198629,3535,3.7999999999999954,61
198679,3536,-6.899999999999999,50
198741,3537,5.399999999999995,62
198807,3538,5.199999999999994,66
198872,3539,4.499999999999995,65
198939,3540,5.299999999999994,67
199003,3541,4.999999999999995,64
199069,3542,5.199999999999994,66
199133,3543,4.999999999999995,64
199196,3544,5.499999999999995,63
199263,3545,5.899999999999993,67
199324,3546,3.7999999999999954,61
199386,3547,5.399999999999995,62
199450,3548,4.999999999999995,64
199501,3549,2.1999999999999993,51
199563,3550,5.399999999999995,62
199625,3551,5.399999999999995,62
199692,3552,5.899999999999993,67
199755,3553,5.499999999999995,63
199818,3554,4.899999999999995,63
199879,3555,3.1999999999999957,61
199941,3556,5.399999999999995,62
200004,3557,5.499999999999995,63
200066,3558,5.399999999999995,62
200128,3559,3.0000000000000018,62
200188,3560,2.4999999999999964,60
200253,3561,4.499999999999995,65
200319,3562,5.199999999999994,66
200381,3563,5.399999999999995,62
200449,3564,5.999999999999993,68
200514,3565,5.099999999999994,65
200580,3566,5.799999999999994,66
200643,3567,5.499999999999995,63
200693,3568,-0.8999999999999986,50
200756,3569,4.899999999999997,63
200820,3570,3.7999999999999954,64
200883,3571,4.899999999999995,63
200949,3572,5.799999999999994,66
201016,3573,5.299999999999997,67
201079,3574,3.100000000000003,63
201141,3575,5.399999999999995,62
201207,3576,5.799999999999994,66
201273,3577,5.199999999999994,66
201336,3578,5.499999999999995,63
201394,3579,3.4999999999999964,58
201461,3580,4.699999999999994,67
201524,3581,5.499999999999995,63
201587,3582,5.499999999999995,63
201653,3583,5.199999999999994,66
201719,3584,5.199999999999994,66
201784,3585,5.099999999999994,65
201847,3586,5.499999999999995,63
201907,3587,3.6999999999999957,60
201975,3588,5.999999999999993,68
202037,3589,4.199999999999996,62
202098,3590,3.1999999999999975,61
202164,3591,5.199999999999994,66
202228,3592,4.999999999999995,64
202291,3593,5.499999999999995,63
202360,3594,6.0999999999999925,69
202427,3595,4.699999999999994,67
202489,3596,5.399999999999995,62
202551,3597,4.799999999999995,62
202617,3598,5.799999999999994,66
202667,3599,0.9000000000000004,50
202731,3600,4.999999999999995,64
202793,3601,3.0000000000000027,62
202861,3602,5.999999999999993,68
202923,3603,5.399999999999995,62
202986,3604,5.499999999999995,63
203049,3605,5.499999999999995,63
203114,3606,5.099999999999994,65
203181,3607,5.899999999999993,67
203244,3608,5.499999999999995,63
203307,3609,4.899999999999995,63
203368,3610,3.1999999999999957,61
203431,3611,5.499999999999995,63
203497,3612,5.799999999999994,66
203563,3613,5.799999999999994,66
203624,3614,3.7999999999999954,61
203687,3615,5.499999999999995,63
203749,3616,5.399999999999995,62
203815,3617,4.599999999999998,66
203881,3618,5.199999999999994,66
203943,3619,4.799999999999995,62
204005,3620,5.399999999999995,62
204069,3621,4.999999999999995,64
204131,3622,5.399999999999995,62
204194,3623,5.499999999999995,63
204256,3624,5.399999999999995,62
204315,3625,2.4000000000000004,59
204377,3626,4.799999999999995,62
204440,3627,5.499999999999995,63
204506,3628,4.599999999999994,66
204572,3629,4.599999999999996,66
204635,3630,5.499999999999995,63
204701,3631,5.799999999999994,66
204763,3632,5.399999999999995,62
204829,3633,5.799999999999994,66
204892,3634,5.499999999999995,63
204958,3635,5.799999999999994,66
205020,3636,5.399999999999995,62
205083,3637,4.899999999999995,63
205133,3638,-0.29999999999999893,50
205195,3639,5.399999999999995,62
205259,3640,4.999999999999995,64
205309,3641,-0.8999999999999986,50
205371,3642,5.399999999999995,62
205438,3643,5.299999999999997,67
205498,3644,2.4999999999999973,60
205561,3645,4.899999999999995,63
205611,3646,-0.8999999999999986,50
205674,3647,4.899999999999997,63
205736,3648,5.399999999999995,62
205802,3649,5.199999999999994,66
205867,3650,3.8999999999999986,65
205929,3651,5.399999999999995,62
205993,3652,4.999999999999995,64
206043,3653,-0.8999999999999986,50
206106,3654,5.499999999999995,63
206168,3655,4.799999999999995,62
206234,3656,5.799999999999994,66
206296,3657,3.6000000000000023,62
206346,3658,-0.8999999999999986,50
206411,3659,3.899999999999995,65
206464,3660,2.3999999999999986,53
206525,3661,3.7999999999999954,61
206588,3662,4.899999999999995,63
206650,3663,5.399999999999995,62
206713,3664,4.899999999999995,63
206775,3665,2.4000000000000026,62
206836,3666,3.7999999999999954,61
206902,3667,5.199999999999994,66
206968,3668,5.799999999999994,66
207036,3669,5.999999999999993,68
207100,3670,4.999999999999995,64
207163,3671,5.499999999999995,63
207227,3672,4.999999999999995,64
207289,3673,5.399999999999995,62
207350,3674,3.7999999999999954,61
207413,3675,4.899999999999995,63
207476,3676,4.899999999999997,63
207542,3677,5.199999999999994,66
207608,3678,5.799999999999994,66
207670,3679,5.399999999999995,62
207734,3680,4.999999999999995,64
207800,3681,5.799999999999994,66
207866,3682,5.799999999999994,66
207930,3683,4.399999999999995,64
207994,3684,4.999999999999995,64
208058,3685,4.999999999999995,64
208121,3686,5.499999999999995,63
208183,3687,4.799999999999995,62
208245,3688,5.399999999999995,62
208312,3689,5.299999999999995,67
208380,3690,4.8,68
208441,3691,3.7999999999999954,61
208505,3692,4.999999999999995,64
208570,3693,4.499999999999995,65
208633,3694,5.499999999999995,63
208701,3695,5.399999999999995,68
208764,3696,5.499999999999995,63
208825,3697,3.1999999999999957,61
208887,3698,5.399999999999995,62
208944,3699,3.399999999999997,57
209007,3700,5.499999999999995,63
209070,3701,5.499999999999995,63
209131,3702,3.1999999999999957,61
209197,3703,4.599999999999996,66
209259,3704,5.399999999999995,62
209325,3705,4.599999999999994,66
209388,3706,5.499999999999995,63
209456,3707,5.999999999999993,68
209517,3708,3.1999999999999957,61
209579,3709,5.399999999999995,62
209646,3710,5.899999999999995,67
209713,3711,5.899999999999993,67
209775,3712,5.399999999999995,62
209837,3713,4.799999999999995,62
209906,3714,6.0999999999999925,69
209972,3715,5.199999999999994,66
210040,3716,5.999999999999993,68
210102,3717,5.399999999999995,62
210169,3718,5.299999999999994,67
210232,3719,5.499999999999995,63
210294,3720,5.399999999999995,62
210360,3721,5.799999999999994,66
210425,3722,5.099999999999994,65
210488,3723,4.299999999999999,63
210555,3724,5.899999999999993,67
210622,3725,6.499999999999993,67
210690,3726,5.999999999999993,68
210757,3727,5.899999999999993,67
210820,3728,5.499999999999995,63
210889,3729,4.8999999999999995,69
210951,3730,5.399999999999995,62
211018,3731,4.699999999999994,67
211086,3732,5.999999999999993,68
211152,3733,5.199999999999994,66
211220,3734,4.200000000000001,68
211290,3735,5.5999999999999925,70
211357,3736,5.299999999999994,67
211426,3737,6.0999999999999925,69
211494,3738,5.399999999999993,68
211562,3739,5.999999999999993,68
211630,3740,5.999999999999993,68
211693,3741,4.899999999999995,63
211762,3742,6.0999999999999925,69
211828,3743,5.799999999999994,66
211891,3744,5.499999999999995,63
211958,3745,5.899999999999993,67
212020,3746,5.399999999999995,62
212088,3747,5.399999999999993,68
212156,3748,5.999999999999993,68
212224,3749,5.999999999999993,68
212286,3750,5.399999999999995,62
212352,3751,4.599999999999994,66
212410,3752,3.4999999999999964,58
212476,3753,5.199999999999994,66
212542,3754,5.799999999999994,66
212604,3755,5.399999999999995,62
212672,3756,5.999999999999993,68
212740,3757,5.399999999999993,68
212802,3758,5.399999999999995,62
212868,3759,5.199999999999994,66
212930,3760,5.399999999999995,62
212998,3761,5.999999999999993,68
213060,3762,5.399999999999995,62
213126,3763,5.199999999999994,66
213194,3764,5.999999999999993,68
213262,3765,5.399999999999993,68
213324,3766,5.399999999999995,62
213389,3767,4.499999999999995,65
213451,3768,5.399999999999995,62
213519,3769,5.999999999999993,68
213582,3770,5.499999999999995,63
213649,3771,5.899999999999993,67
213712,3772,5.499999999999995,63
213779,3773,5.899999999999993,67
213846,3774,5.899999999999993,67
213913,3775,4.699999999999994,67
213976,3776,5.499999999999995,63
214042,3777,5.199999999999994,66
214111,3778,5.499999999999993,69
214178,3779,5.299999999999995,67
214247,3780,6.0999999999999925,69
214314,3781,5.899999999999993,67
214380,3782,3.9999999999999947,66
214447,3783,5.899999999999993,67
214516,3784,5.499999999999993,69
214578,3785,5.399999999999995,62
214644,3786,4.599999999999998,66
214711,3787,5.899999999999993,67
214775,3788,4.999999999999995,64
214838,3789,4.299999999999999,63
214900,3790,5.399999999999995,62
214968,3791,4.2,68
215029,3792,3.7999999999999954,61
215092,3793,5.499999999999995,63
215154,3794,5.399999999999995,62
215221,3795,5.299999999999994,67
215307,3796,1.7999999999999936,86
215368,3797,3.1999999999999957,61
215430,3798,5.399999999999995,62
215495,3799,3.899999999999995,65
215563,3800,3.6000000000000005,68
215630,3801,5.899999999999993,67
215691,3802,2.599999999999996,61
215759,3803,5.999999999999993,68
215827,3804,4.199999999999994,68
215896,3805,5.499999999999993,69
215958,3806,5.399999999999995,62
216021,3807,5.499999999999995,63
216084,3808,5.499999999999995,63
216142,3809,3.4999999999999964,58
216206,3810,4.399999999999995,64
216273,3811,3.5000000000000018,67
216336,3812,4.899999999999995,63
216397,3813,3.1999999999999957,61
216458,3814,1.4000000000000026,61
216526,3815,5.999999999999993,68
216588,3816,4.799999999999995,62
216651,3817,4.899999999999995,63
216719,3818,5.999999999999993,68
216774,3819,2.599999999999998,55
216836,3820,5.399999999999995,62
216904,3821,5.999999999999993,68
216973,3822,6.0999999999999925,69
217039,3823,5.199999999999994,66
217089,3824,-0.8999999999999986,50
217157,3825,5.999999999999993,68
217218,3826,3.7999999999999954,61
217281,3827,5.499999999999995,63
217348,3828,6.499999999999993,67
217415,3829,5.299999999999994,67
217477,3830,5.399999999999995,62
217527,3831,-5.699999999999998,50
217594,3832,5.899999999999993,67
217662,3833,5.999999999999993,68
217725,3834,5.499999999999995,63
217788,3835,5.499999999999995,63
217855,3836,6.499999999999993,67
217923,3837,5.999999999999993,68
217988,3838,4.499999999999995,65
218056,3839,5.399999999999997,68
218118,3840,5.399999999999995,62
218175,3841,3.399999999999997,57
218238,3842,5.499999999999995,63
218304,3843,5.199999999999994,66
218364,3844,3.099999999999996,60
218431,3845,5.899999999999993,67
218493,3846,5.399999999999995,62
218560,3847,5.899999999999993,67
218627,3848,5.899999999999993,67
218677,3849,-0.8999999999999986,50
218737,3850,3.6999999999999957,60
218802,3851,4.499999999999995,65
218868,3852,2.7999999999999976,66
218935,3853,5.899999999999993,67
218997,3854,4.799999999999995,62
219059,3855,4.799999999999995,62
219109,3856,-6.299999999999999,50
219172,3857,4.899999999999995,63
219239,3858,5.899999999999993,67
219298,3859,2.4000000000000004,59
219359,3860,3.7999999999999954,61
219427,3861,5.999999999999993,68
219495,3862,5.999999999999993,68
219556,3863,3.7999999999999954,61
219625,3864,6.0999999999999925,69
219687,3865,5.399999999999995,62
219754,3866,5.899999999999993,67
219817,3867,4.899999999999995,63
219883,3868,5.199999999999994,66
219950,3869,5.899999999999993,67
220019,3870,5.499999999999993,69
220086,3871,5.299999999999995,67
220148,3872,5.399999999999995,62
220210,3873,4.799999999999995,62
220277,3874,5.899999999999993,67
220340,3875,5.499999999999995,63
220401,3876,3.7999999999999954,61
220469,3877,6.5999999999999925,68
220536,3878,5.899999999999993,67
220603,3879,5.299999999999994,67
220663,3880,3.6999999999999957,60
220722,3881,3.599999999999996,59
220782,3882,3.6999999999999957,60
220846,3883,4.999999999999995,64
220906,3884,2.4999999999999964,60
220965,3885,2.4000000000000004,59
221028,3886,5.499999999999995,63
221095,3887,5.899999999999995,67
221157,3888,5.399999999999995,62
221217,3889,-1.0999999999999979,60
221278,3890,3.7999999999999954,61
221344,3891,5.799999999999994,66
221411,3892,1.7000000000000024,67
221474,3893,5.499999999999995,63
221540,3894,5.799999999999994,66
221607,3895,5.899999999999995,67
221675,3896,4.8,68
221725,3897,-2.699999999999998,50
221790,3898,5.099999999999994,65
221857,3899,5.899999999999993,67
221924,3900,6.499999999999993,67
221983,3901,1.8000000000000012,59
222050,3902,5.899999999999993,67
222117,3903,5.899999999999993,67
222183,3904,4.599999999999995,66
222250,3905,6.499999999999993,67
222312,3906,5.399999999999995,62
222375,3907,5.499999999999995,63
222437,3908,4.799999999999995,62
222503,3909,5.199999999999994,66
222566,3910,4.899999999999995,63
222633,3911,6.499999999999993,67
222699,3912,5.799999999999994,66
222761,3913,5.399999999999995,62
222827,3914,5.799999999999994,66
222893,3915,5.799999999999994,66
222955,3916,5.399999999999995,62
223020,3917,4.499999999999995,65
223087,3918,5.899999999999993,67
223154,3919,5.899999999999993,67
223221,3920,5.899999999999993,67
223288,3921,5.899999999999993,67
223353,3922,3.899999999999995,65
223416,3923,4.899999999999995,63
223480,3924,4.399999999999995,64
223546,3925,4.599999999999994,66
223613,3926,5.899999999999993,67
223678,3927,4.499999999999995,65
223745,3928,5.899999999999995,67
223810,3929,3.9000000000000012,65
223876,3930,5.199999999999994,66
223943,3931,5.899999999999993,67
224009,3932,5.199999999999994,66
224075,3933,5.199999999999994,66
224142,3934,5.299999999999997,67
224208,3935,5.199999999999994,66
224275,3936,5.899999999999993,67
224341,3937,5.199999999999994,66
224407,3938,3.9999999999999947,66
224472,3939,5.099999999999994,65
224536,3940,4.999999999999995,64
224602,3941,4.599999999999994,66
224652,3942,1.5,50
224718,3943,5.199999999999994,66
224785,3944,5.899999999999993,67
224852,3945,5.899999999999993,67
224918,3946,5.199999999999994,66
224980,3947,5.399999999999995,62
225046,3948,5.799999999999994,66
225105,3949,2.9999999999999964,59
225171,3950,3.3999999999999995,66
225238,3951,4.1000000000000005,67
225305,3952,6.499999999999993,67
225371,3953,5.199999999999994,66
225438,3954,5.899999999999993,67
225501,3955,3.0999999999999996,63
225567,3956,3.3999999999999986,66
225629,3957,1.200000000000002,62
225691,3958,4.199999999999996,62
225758,3959,5.899999999999993,67
225827,3960,4.3,69
225893,3961,5.799999999999994,66
225955,3962,4.799999999999995,62
226022,3963,5.899999999999993,67
226090,3964,5.999999999999993,68
226156,3965,5.799999999999994,66
226219,3966,5.499999999999995,63
226284,3967,5.099999999999994,65
226352,3968,5.999999999999993,68
226415,3969,4.899999999999995,63
226483,3970,5.999999999999993,68
226542,3971,3.599999999999996,59
226610,3972,5.999999999999993,68
226673,3973,5.499999999999995,63
226740,3974,5.899999999999995,67
226802,3975,5.399999999999995,62
226870,3976,6.5999999999999925,68
226935,3977,5.099999999999994,65
227001,3978,5.799999999999994,66
227051,3979,-0.8999999999999986,50
227117,3980,5.799999999999994,66
227184,3981,5.2999999999999945,67
227249,3982,4.499999999999995,65
227316,3983,5.899999999999993,67
227384,3984,5.399999999999993,68
227446,3985,4.799999999999995,62
227512,3986,5.799999999999994,66
227579,3987,6.499999999999993,67
227646,3988,5.299999999999994,67
227715,3989,6.699999999999992,69
227780,3990,4.499999999999995,65
227848,3991,5.999999999999993,68
227916,3992,5.999999999999993,68
227981,3993,4.499999999999995,65
228031,3994,-6.899999999999999,50
228094,3995,5.499999999999995,63
228160,3996,4.599999999999995,66
228227,3997,4.099999999999998,67
228294,3998,6.499999999999993,67
228362,3999,5.999999999999993,68
228429,4000,6.499999999999993,67
228496,4001,6.499999999999993,67
228555,4002,0.6000000000000023,59
228623,4003,6.5999999999999925,68
228690,4004,5.899999999999993,67
228754,4005,4.999999999999995,64
228817,4006,3.6999999999999957,63
228867,4007,-0.8999999999999986,50
228933,4008,5.199999999999994,66
229000,4009,5.899999999999993,67
229068,4010,5.399999999999993,68
229133,4011,4.499999999999995,65
229201,4012,5.999999999999993,68
229269,4013,5.999999999999993,68
229337,4014,5.999999999999993,68
229400,4015,3.6999999999999993,63
229462,4016,5.399999999999995,62
229524,4017,5.399999999999995,62
229591,4018,5.899999999999993,67
229653,4019,5.399999999999995,62
229720,4020,5.299999999999997,67
229784,4021,2.600000000000003,64
229851,4022,5.899999999999993,67
229917,4023,5.199999999999994,66
229985,4024,5.399999999999997,68
230052,4025,5.899999999999993,67
230114,4026,5.399999999999995,62
230182,4027,6.5999999999999925,68
230248,4028,5.799999999999994,66
230316,4029,6.5999999999999925,68
230366,4030,-0.8999999999999986,50
230432,4031,5.799999999999994,66
230502,4032,6.199999999999992,70
230569,4033,6.499999999999993,67
230637,4034,5.399999999999993,68
230703,4035,5.199999999999994,66
230771,4036,5.999999999999993,68
230834,4037,3.0999999999999996,63
230901,4038,5.899999999999993,67
230968,4039,6.499999999999993,67
231034,4040,5.799999999999994,66
231102,4041,5.999999999999993,68
231170,4042,5.999999999999993,68
231233,4043,5.499999999999995,63
231297,4044,4.999999999999995,64
231365,4045,5.999999999999993,68
231427,4046,4.799999999999995,62
231496,4047,6.0999999999999925,69
231564,4048,5.999999999999993,68
231632,4049,5.999999999999993,68
231701,4050,4.3,69
231768,4051,6.499999999999993,67
231835,4052,6.499999999999993,67
231903,4053,5.999999999999993,68
231970,4054,5.299999999999997,67
232038,4055,6.5999999999999925,68
232105,4056,5.899999999999993,67
232175,4057,6.199999999999992,70
232243,4058,6.5999999999999925,68
232312,4059,6.0999999999999925,69
232380,4060,5.399999999999993,68
232448,4061,5.999999999999993,68
232516,4062,5.999999999999993,68
232578,4063,5.399999999999995,62
232645,4064,5.899999999999993,67
232712,4065,3.4999999999999982,67
232776,4066,4.399999999999995,64
232843,4067,5.899999999999993,67
232906,4068,5.499999999999995,63
232969,4069,5.499999999999995,63
233034,4070,4.499999999999995,65
233101,4071,5.299999999999994,67
233168,4072,4.699999999999994,67
233236,4073,5.999999999999993,68
233304,4074,5.999999999999993,68
233372,4075,5.999999999999993,68
233440,4076,5.999999999999993,68
233508,4077,5.999999999999993,68
233577,4078,6.0999999999999925,69
233646,4079,6.0999999999999925,69
233714,4080,5.399999999999997,68
233777,4081,5.499999999999995,63
233847,4082,6.199999999999992,70
233917,4083,4.3999999999999995,70
233986,4084,6.0999999999999925,69
234055,4085,6.0999999999999925,69
234125,4086,5.5999999999999925,70
234194,4087,5.499999999999993,69
234262,4088,5.399999999999993,68
234330,4089,6.5999999999999925,68
234397,4090,5.899999999999993,67
234467,4091,6.199999999999992,70
234528,4092,3.7999999999999954,61
234596,4093,5.999999999999993,68
234664,4094,5.999999999999993,68
234733,4095,6.0999999999999925,69
234801,4096,2.9999999999999996,68
234869,4097,5.999999999999993,68
234932,4098,5.499999999999995,63
235000,4099,5.999999999999993,68
235064,4100,4.399999999999995,64
235132,4101,5.999999999999993,68
235199,4102,5.899999999999993,67
235267,4103,4.8,68
235328,4104,3.7999999999999954,61
235391,4105,5.499999999999995,63
235458,4106,5.299999999999994,67
235526,4107,5.999999999999993,68
235632,4108,9.49999999999998,106
235700,4109,5.999999999999993,68
235768,4110,5.999999999999993,68
235836,4111,4.8,68
235905,4112,4.899999999999993,69
235973,4113,5.999999999999993,68
236038,4114,3.899999999999995,65
236105,4115,5.899999999999993,67
236171,4116,5.799999999999994,66
236240,4117,4.899999999999993,69
236303,4118,5.499999999999995,63
236373,4119,6.199999999999992,70
236442,4120,6.0999999999999925,69
236503,4121,3.7999999999999954,61
236571,4122,5.999999999999993,68
236639,4123,6.5999999999999925,68
236706,4124,5.899999999999993,67
236775,4125,6.0999999999999925,69
236843,4126,5.999999999999993,68
236908,4127,4.499999999999995,65
236976,4128,5.999999999999993,68
237043,4129,5.899999999999993,67
237129,4130,2.9999999999999893,86
237198,4131,6.0999999999999925,69
237284,4132,2.9999999999999893,86
237352,4133,5.999999999999993,68
237421,4134,6.0999999999999925,69
237490,4135,6.0999999999999925,69
237560,4136,6.199999999999992,70
237627,4137,4.699999999999994,67
237695,4138,4.1999999999999975,68
237745,4139,-0.8999999999999986,50
237815,4140,6.199999999999992,70
237884,4141,5.4999999999999964,69
237952,4142,6.5999999999999925,68
238021,4143,6.0999999999999925,69
238090,4144,5.499999999999993,69
238176,4145,2.9999999999999893,86
238246,4146,6.799999999999992,70
238307,4147,3.7999999999999954,61
238376,4148,6.699999999999992,69
238445,4149,4.8999999999999995,69
238513,4150,5.999999999999993,68
238599,4151,2.9999999999999893,86
238666,4152,5.899999999999993,67
238735,4153,6.699999999999992,69
238805,4154,4.999999999999993,70
238871,4155,4.599999999999994,66
238972,4156,5.999999999999985,101
239040,4157,5.999999999999993,68
239108,4158,6.5999999999999925,68
239194,4159,2.9999999999999893,86
239262,4160,5.399999999999993,68
239348,4161,2.9999999999999893,86
239417,4162,4.3,69
239486,4163,6.0999999999999925,69
239554,4164,6.5999999999999925,68
239617,4165,4.299999999999995,63
239685,4166,4.799999999999994,68
239753,4167,6.5999999999999925,68
239822,4168,4.300000000000001,69
239890,4169,4.1999999999999975,68
239959,4170,6.0999999999999925,69
240009,4171,-0.8999999999999986,50
240075,4172,4.599999999999995,66
240145,4173,6.799999999999992,70
240213,4174,5.999999999999993,68
240280,4175,5.899999999999993,67
240348,4176,5.999999999999993,68
240416,4177,5.999999999999993,68
240484,4178,3.0,68
240552,4179,5.399999999999993,68
240621,4180,6.0999999999999925,69
240689,4181,5.999999999999993,68
240757,4182,6.5999999999999925,68
240826,4183,6.699999999999992,69
240896,4184,6.199999999999992,70
240959,4185,3.6999999999999975,63
241027,4186,6.5999999999999925,68
241092,4187,4.499999999999995,65
241159,4188,2.8999999999999995,67
241228,4189,6.0999999999999925,69
241297,4190,6.699999999999992,69
241360,4191,4.899999999999995,63
241427,4192,5.899999999999993,67
241495,4193,5.999999999999993,68
241563,4194,5.399999999999993,68
241631,4195,5.399999999999993,68
241698,4196,5.299999999999994,67
241767,4197,6.699999999999992,69
241826,4198,3.599999999999996,59
241894,4199,5.999999999999993,68
241963,4200,6.0999999999999925,69
242024,4201,3.7999999999999954,61
242187,4202,8.299999999999965,163
242244,4203,3.399999999999997,57
242338,4204,6.799999999999985,94
242406,4205,6.5999999999999925,68
242475,4206,6.699999999999992,69
242538,4207,5.499999999999995,63
242607,4208,6.0999999999999925,69
242669,4209,5.399999999999995,62
242737,4210,5.399999999999997,68
242805,4211,4.8,68
242874,4212,6.0999999999999925,69
242939,4213,3.3000000000000016,65
243009,4214,5.599999999999996,70
243114,4215,5.199999999999986,105
243178,4216,2.600000000000003,64
243247,4217,4.300000000000001,69
243310,4218,3.100000000000003,63
243379,4219,6.0999999999999925,69
243447,4220,4.8,68
243533,4221,3.599999999999989,86
243596,4222,5.499999999999995,63
243662,4223,5.799999999999994,66
243732,4224,6.799999999999992,70
243818,4225,2.3999999999999897,86
243904,4226,5.39999999999999,86
243974,4227,6.799999999999992,70
244060,4228,3.599999999999989,86
244158,4229,5.699999999999985,98
244220,4230,5.399999999999995,62
244290,4231,6.199999999999992,70
244358,4232,6.5999999999999925,68
244420,4233,5.399999999999995,62
244483,4234,5.499999999999995,63
244553,4235,5.599999999999996,70
244621,4236,5.999999999999993,68
244689,4237,5.999999999999993,68
244757,4238,6.5999999999999925,68
244843,4239,2.9999999999999893,86
244929,4240,2.9999999999999893,86
244990,4241,3.7999999999999954,61
245059,4242,6.0999999999999925,69
245157,4243,8.699999999999983,98
245227,4244,6.199999999999992,70
245294,4245,5.899999999999993,67
245380,4246,1.7999999999999963,86
245448,4247,6.5999999999999925,68
245534,4248,3.599999999999989,86
245620,4249,2.3999999999999897,86
245688,4250,5.999999999999993,68
245758,4251,6.799999999999992,70
245844,4252,2.3999999999999897,86
245912,4253,5.399999999999997,68
245974,4254,5.399999999999995,62
246037,4255,5.499999999999995,63
246106,4256,6.0999999999999925,69
246174,4257,4.799999999999994,68
246243,4258,6.0999999999999925,69
246305,4259,5.399999999999995,62
246365,4260,-0.4999999999999978,60
246434,4261,6.699999999999992,69
246502,4262,5.999999999999993,68
246570,4263,6.5999999999999925,68
246639,4264,6.0999999999999925,69
246706,4265,5.899999999999993,67
246773,4266,5.899999999999993,67
246841,4267,5.999999999999993,68
246909,4268,5.999999999999993,68
246976,4269,2.3000000000000003,67
247043,4270,6.499999999999993,67
247112,4271,6.0999999999999925,69
247217,4272,9.99999999999998,105
247285,4273,5.999999999999993,68
247352,4274,4.699999999999994,67
247419,4275,6.499999999999993,67
247505,4276,1.199999999999994,86
247573,4277,5.999999999999993,68
247641,4278,3.599999999999998,68
247710,4279,4.8999999999999995,69
247774,4280,4.999999999999995,64
247837,4281,4.899999999999995,63
247899,4282,5.399999999999995,62
247962,4283,3.6999999999999984,63
248030,4284,5.399999999999993,68
248092,4285,3.599999999999996,62
248161,4286,6.0999999999999925,69
248228,4287,4.699999999999994,67
248287,4288,2.9999999999999964,59
248355,4289,5.999999999999993,68
248417,4290,5.399999999999995,62
248468,4291,2.799999999999999,51
248536,4292,6.5999999999999925,68
248593,4293,3.399999999999997,57
248661,4294,5.999999999999993,68
248727,4295,5.199999999999994,66
248790,4296,4.899999999999995,63
248858,4297,5.999999999999993,68
248909,4298,2.1999999999999993,51
248976,4299,5.899999999999993,67
249042,4300,4.599999999999994,66
249109,4301,5.299999999999994,67
249176,4302,5.299999999999994,67
249244,4303,5.399999999999997,68
249302,4304,2.899999999999997,58
249366,4305,4.399999999999995,64
249432,4306,3.9999999999999947,66
249500,4307,5.999999999999993,68
249586,4308,1.79999999999999,86
249648,4309,5.399999999999995,62
249716,4310,5.999999999999993,68
249778,4311,3.599999999999996,62
249840,4312,4.199999999999997,62
249891,4313,2.799999999999999,51
249944,4314,2.9999999999999982,53
250045,4315,8.399999999999983,101
250114,4316,6.0999999999999925,69
250164,4317,1.5,50
250250,4318,4.199999999999989,86
250317,4319,5.899999999999993,67
250385,4320,5.999999999999993,68
250439,4321,2.4999999999999982,54
250495,4322,1.5000000000000018,56
250563,4323,5.999999999999993,68
250625,4324,4.799999999999995,62
250691,4325,5.199999999999996,66
250760,4326,6.0999999999999925,69
250827,4327,5.2999999999999945,67
250895,4328,6.5999999999999925,68
250958,4329,4.899999999999995,63
251026,4330,5.999999999999993,68
251094,4331,5.999999999999993,68
251144,4332,-0.29999999999999893,50
251211,4333,5.899999999999993,67
251261,4334,0.9000000000000004,50
251312,4335,2.1999999999999993,51
251374,4336,5.399999999999995,62
251437,4337,3.6999999999999975,63
251487,4338,-0.29999999999999893,50
251537,4339,0.9000000000000004,50
251604,4340,5.899999999999993,67
251672,4341,4.799999999999994,68
251722,4342,-0.8999999999999986,50
251784,4343,4.799999999999995,62
251846,4344,4.199999999999996,62
251897,4345,2.799999999999999,51
251966,4346,6.0999999999999925,69
252034,4347,6.5999999999999925,68
252102,4348,5.999999999999993,68
252169,4349,6.499999999999993,67
252238,4350,6.0999999999999925,69
252307,4351,6.0999999999999925,69
252357,4352,1.5,50
252458,4353,7.199999999999983,101
252528,4354,6.199999999999992,70
252596,4355,5.999999999999993,68
252664,4356,5.999999999999993,68
252726,4357,4.799999999999995,62
252788,4358,4.199999999999996,62
252839,4359,2.799999999999999,51
252907,4360,5.999999999999993,68
252974,4361,6.499999999999993,67
253024,4362,2.0999999999999996,50
253091,4363,5.299999999999994,67
253159,4364,5.999999999999993,68
253227,4365,5.999999999999993,68
253283,4366,2.6999999999999975,56
253333,4367,-8.7,50
253419,4368,1.1999999999999975,86
253485,4369,2.800000000000003,66
253552,4370,5.899999999999993,67
253602,4371,-2.699999999999998,50
253652,4372,-8.099999999999998,50
253702,4373,-7.499999999999998,50
253769,4374,5.299999999999994,67
253831,4375,4.199999999999996,62
253891,4376,3.6999999999999957,60
253959,4377,5.999999999999993,68
254009,4378,2.0999999999999996,50
254078,4379,6.0999999999999925,69
254143,4380,4.499999999999995,65
254209,4381,5.199999999999994,66
254263,4382,1.8999999999999986,54
254324,4383,2.599999999999996,61
254374,4384,0.9000000000000004,50
254441,4385,5.899999999999995,67
254502,4386,1.4000000000000026,61
254569,4387,6.499999999999993,67
254655,4388,3.599999999999989,86
254706,4389,2.799999999999999,51
254792,4390,4.199999999999992,86
254842,4391,-7.499999999999998,50
254928,4392,2.9999999999999893,86
254990,4393,5.399999999999995,62
255052,4394,5.399999999999995,62
255120,4395,5.999999999999993,68
255170,4396,-5.099999999999998,50
255233,4397,4.899999999999995,63
255302,4398,6.0999999999999925,69
255370,4399,6.5999999999999925,68
255420,4400,-5.099999999999998,50
255489,4401,3.7,69
255554,4402,4.499999999999995,65
255617,4403,5.499999999999995,63
255686,4404,6.699999999999992,69
255754,4405,5.999999999999993,68
255821,4406,5.899999999999993,67
255890,4407,6.0999999999999925,69
255960,4408,4.4,70
256018,4409,3.4999999999999964,58
256086,4410,5.999999999999993,68
256136,4411,-8.099999999999998,50
256186,4412,-5.699999999999998,50
256236,4413,-5.699999999999998,50
256298,4414,2.9999999999999982,62
256396,4415,9.299999999999983,98
256464,4416,5.999999999999993,68
256532,4417,5.999999999999993,68
256600,4418,4.8,68
256667,4419,5.899999999999995,67
256730,4420,5.499999999999995,63
256793,4421,5.499999999999995,63
256861,4422,5.999999999999993,68
256930,4423,6.0999999999999925,69
256992,4424,4.199999999999996,62
257042,4425,0.9000000000000004,50
257112,4426,6.199999999999992,70
257175,4427,5.499999999999995,63
257243,4428,5.999999999999995,68
257309,4429,4.599999999999994,66
257372,4430,5.499999999999995,63
257475,4431,9.799999999999981,103
257525,4432,-4.499999999999998,50
257593,4433,5.999999999999993,68
257662,4434,5.4999999999999964,69
257731,4435,4.300000000000001,69
257798,4436,6.499999999999993,67
257866,4437,6.5999999999999925,68
257916,4438,-0.29999999999999893,50
257984,4439,6.5999999999999925,68
258034,4440,-6.899999999999999,50
258103,4441,4.300000000000001,69
258172,4442,6.0999999999999925,69
258238,4443,4.599999999999994,66
258302,4444,4.399999999999997,64
258371,4445,6.0999999999999925,69
258438,4446,6.499999999999993,67
258505,4447,5.899999999999993,67
258603,4448,9.299999999999983,98
258670,4449,5.899999999999993,67
258740,4450,5.599999999999996,70
258810,4451,6.199999999999992,70
258872,4452,5.399999999999995,62
258941,4453,5.499999999999994,69
259010,4454,5.4999999999999964,69
259078,4455,5.999999999999993,68
259182,4456,9.89999999999998,104
259251,4457,4.300000000000001,69
259314,4458,4.899999999999995,63
259382,4459,6.5999999999999925,68
259432,4460,-0.8999999999999986,50
259501,4461,4.2999999999999945,69
259599,4462,9.299999999999983,98
259667,4463,5.999999999999995,68
259753,4464,2.3999999999999897,86
259821,4465,4.8,68
259883,4466,5.399999999999995,62
259952,4467,5.499999999999993,69
260021,4468,6.0999999999999925,69
260087,4469,3.9999999999999947,66
260173,4470,2.9999999999999893,86
260242,4471,6.099999999999994,69
260305,4472,4.299999999999995,63
260391,4473,5.399999999999988,86
260441,4474,-7.499999999999998,50
260604,4475,9.499999999999964,163
260690,4476,5.399999999999988,86
260760,4477,6.199999999999992,70
260829,4478,6.0999999999999925,69
260935,4479,8.89999999999998,106
260985,4480,0.9000000000000004,50
261081,4481,8.199999999999983,96
261167,4482,2.3999999999999897,86
261236,4483,6.099999999999994,69
261305,4484,5.499999999999993,69
261373,4485,4.7999999999999945,68
261441,4486,5.999999999999993,68
261508,4487,5.299999999999997,67
261568,4488,3.6999999999999957,60
261637,4489,6.0999999999999925,69
261723,4490,2.9999999999999893,86
261786,4491,3.6999999999999957,63
261885,4492,8.799999999999983,99
261991,4493,9.49999999999998,106
262097,4494,10.09999999999998,106
262166,4495,6.0999999999999925,69
262229,4496,4.899999999999995,63
262297,4497,6.5999999999999925,68
262365,4498,5.999999999999993,68
262435,4499,6.199999999999992,70
262503,4500,4.8,68
262571,4501,5.999999999999993,68
262641,4502,6.199999999999992,70
262739,4503,9.899999999999983,98
262825,4504,5.999999999999988,86
262924,4505,9.999999999999982,99
262992,4506,5.399999999999993,68
263042,4507,-0.29999999999999893,50
263140,4508,8.699999999999983,98
263210,4509,5.599999999999996,70
263349,4510,11.89999999999997,139
263417,4511,5.999999999999993,68
263485,4512,5.999999999999993,68
263552,4513,5.899999999999993,67
263618,4514,5.199999999999994,66
263688,4515,6.199999999999992,70
263755,4516,5.899999999999993,67
263819,4517,4.999999999999995,64
263923,4518,9.899999999999983,104
263993,4519,4.999999999999993,70
264061,4520,5.999999999999993,68
264147,4521,6.599999999999987,86
264253,4522,9.499999999999982,106
264321,4523,6.5999999999999925,68
264389,4524,5.999999999999993,68
264458,4525,6.699999999999992,69
264522,4526,4.999999999999995,64
264585,4527,5.499999999999995,63
264648,4528,5.499999999999995,63
264718,4529,6.799999999999992,70
264781,4530,4.299999999999995,63
264920,4531,11.29999999999997,139
264970,4532,-7.499999999999998,50
265069,4533,8.799999999999983,99
265135,4534,5.199999999999994,66
265204,4535,4.8999999999999995,69
265272,4536,5.999999999999993,68
265376,4537,7.499999999999982,104
265444,4538,5.999999999999993,68
265548,4539,7.499999999999982,104
265615,4540,4.099999999999994,67
265683,4541,5.999999999999993,68
265749,4542,4.599999999999994,66
265817,4543,5.399999999999993,68
265886,4544,6.0999999999999925,69
265972,4545,2.3999999999999897,86
266040,4546,1.7999999999999994,68
266090,4547,-6.299999999999999,50
266158,4548,5.399999999999993,68
266208,4549,-8.099999999999998,50
266312,4550,8.699999999999982,104
266381,4551,6.699999999999992,69
266450,4552,6.0999999999999925,69
266518,4553,5.999999999999993,68
266588,4554,6.199999999999992,70
266692,4555,11.09999999999998,104
266797,4556,9.39999999999998,105
266865,4557,5.999999999999993,68
266915,4558,-7.499999999999998,50
266977,4559,5.399999999999995,62
267079,4560,9.099999999999982,102
267141,4561,4.199999999999996,62
267239,4562,9.899999999999983,98
267309,4563,6.799999999999992,70
267359,4564,-5.099999999999998,50
267427,4565,6.5999999999999925,68
267496,4566,6.0999999999999925,69
267565,4567,6.0999999999999925,69
267664,4568,9.999999999999982,99
267726,4569,4.799999999999995,62
267794,4570,4.1999999999999975,68
267897,4571,8.599999999999982,103
267965,4572,5.399999999999997,68
268033,4573,5.999999999999995,68
268097,4574,4.999999999999995,64
268166,4575,3.0999999999999996,69
268234,4576,5.999999999999993,68
268339,4577,9.99999999999998,105
268389,4578,-4.499999999999998,50
268457,4579,6.5999999999999925,68
268521,4580,4.999999999999995,64
268590,4581,6.699999999999992,69
268659,4582,6.0999999999999925,69
268757,4583,8.699999999999983,98
268826,4584,6.0999999999999925,69
268889,4585,5.499999999999995,63
268954,4586,5.099999999999994,65
269004,4587,-6.299999999999999,50
269090,4588,6.599999999999987,86
269194,4589,6.299999999999983,104
269256,4590,5.399999999999995,62
269306,4591,-6.899999999999999,50
269374,4592,5.999999999999993,68
269478,4593,8.699999999999982,104
269528,4594,-7.499999999999998,50
269590,4595,5.399999999999995,62
269659,4596,5.499999999999993,69
269709,4597,-5.099999999999998,50
269777,4598,6.5999999999999925,68
269847,4599,6.799999999999992,70
269917,4600,6.199999999999992,70
270003,4601,3.599999999999989,86
270107,4602,11.09999999999998,104
270212,4603,9.99999999999998,105
270262,4604,-8.099999999999998,50
270328,4605,5.799999999999994,66
270395,4606,5.899999999999993,67
270500,4607,10.59999999999998,105
270606,4608,10.09999999999998,106
270728,4609,7.499999999999977,122
270778,4610,-8.099999999999998,50
270920,4611,12.79999999999997,142
270987,4612,6.499999999999993,67
271049,4613,4.199999999999996,62
271099,4614,-5.699999999999998,50
271149,4615,-6.299999999999999,50
271248,4616,8.199999999999987,99
271318,4617,6.199999999999992,70
271385,4618,5.899999999999995,67
271482,4619,6.499999999999984,97
271544,4620,4.799999999999995,62
271594,4621,-4.499999999999998,50
271700,4622,8.299999999999981,106
271750,4623,-6.899999999999999,50
271800,4624,-7.499999999999998,50
271850,4625,-5.699999999999998,50
271918,4626,5.399999999999993,68
272099,4627,15.799999999999965,181
272167,4628,5.999999999999993,68
272270,4629,9.199999999999982,103
272406,4630,10.999999999999972,136
272546,4631,9.599999999999973,140
272596,4632,-6.899999999999999,50
272664,4633,6.5999999999999925,68
272806,4634,12.79999999999997,142
272911,4635,10.59999999999998,105
273016,4636,9.99999999999998,105
273066,4637,-6.299999999999999,50
273136,4638,6.199999999999992,70
273240,4639,9.89999999999998,104
273345,4640,9.99999999999998,105
273559,4641,20.000000000000025,214
273609,4642,-1.4999999999999982,50
273659,4643,-6.299999999999999,50
273745,4644,2.9999999999999893,86
273963,4645,18.60000000000002,218
274067,4646,9.89999999999998,104
274172,4647,10.59999999999998,105
274276,4648,9.89999999999998,104
274380,4649,9.89999999999998,104
274448,4650,5.999999999999993,68
274498,4651,-2.699999999999998,50
274567,4652,6.699999999999992,69
274636,4653,6.0999999999999925,69
274700,4654,4.999999999999995,64
274750,4655,-2.099999999999998,50
274856,4656,11.29999999999998,106
274959,4657,9.799999999999981,103
275063,4658,8.699999999999982,104
275280,4659,23.30000000000006,217
275669,4660,27.30000000000016,389
275810,4661,11.49999999999997,141
275877,4662,6.499999999999993,67
275980,4663,9.199999999999982,103
276083,4664,9.199999999999983,103
276414,4665,25.40000000000015,331
276476,4666,3.599999999999996,62
276543,4667,5.899999999999993,67
276613,4668,6.799999999999992,70
276699,4669,6.599999999999989,86
276767,4670,5.399999999999993,68
276835,4671,5.999999999999993,68
277163,4672,31.100000000000193,328
277269,4673,10.09999999999998,106
277337,4674,5.399999999999993,68
277513,4675,16.499999999999975,176
277618,4676,7.599999999999984,105
277688,4677,6.199999999999992,70
277792,4678,9.299999999999981,104
277897,4679,7.599999999999989,105
278080,4680,19.600000000000026,183
278334,4681,26.70000000000011,254
278440,4682,8.299999999999983,106
278508,4683,6.5999999999999925,68
278612,4684,9.299999999999981,104
278717,4685,9.39999999999998,105
278787,4686,6.799999999999992,70
278890,4687,10.39999999999998,103
278976,4688,2.3999999999999932,86
279044,4689,5.399999999999993,68
279114,4690,6.199999999999994,70
279217,4691,6.799999999999983,103
279322,4692,9.399999999999983,105
279391,4693,5.4999999999999964,69
279457,4694,5.199999999999994,66
279524,4695,5.899999999999993,67
279804,4696,25.700000000000138,280
279866,4697,3.599999999999996,62
279964,4698,8.699999999999983,98
280030,4699,5.799999999999994,66
280133,4700,5.599999999999984,103
280198,4701,3.899999999999996,65
280294,4702,7.599999999999984,96
280394,4703,7.699999999999983,100
280536,4704,13.999999999999968,142
280599,4705,5.499999999999995,63
280687,4706,4.999999999999994,88
280787,4707,5.299999999999985,100
280909,4708,7.499999999999977,122
280977,4709,6.5999999999999925,68
281080,4710,10.39999999999998,103
281180,4711,6.499999999999984,100
281362,4712,16.49999999999998,182
281463,4713,8.999999999999982,101
281533,4714,6.799999999999992,70
281639,4715,11.29999999999998,106
281777,4716,11.19999999999997,138
281867,4717,6.999999999999986,90
281971,4718,10.49999999999998,104
282147,4719,18.300000000000015,176
282206,4720,1.8000000000000007,59
282258,4721,2.8999999999999986,52
282363,4722,8.799999999999988,105
282431,4723,5.999999999999993,68
282497,4724,5.799999999999994,66
282597,4725,8.299999999999985,100
282659,4726,4.799999999999995,62
282722,4727,3.6999999999999957,63
282937,4728,17.099999999999984,215
283004,4729,5.899999999999993,67
283072,4730,5.399999999999997,68
283251,4731,14.399999999999963,179
283320,4732,6.0999999999999925,69
283387,4733,5.899999999999993,67
283526,4734,8.899999999999972,139
283665,4735,12.49999999999997,139
283918,4736,23.600000000000094,253
284100,4737,17.099999999999973,182
284279,4738,14.399999999999958,179
284382,4739,10.39999999999998,103
284484,4740,7.899999999999986,102
284583,4741,8.199999999999983,99
284681,4742,9.299999999999983,98
284735,4743,1.8999999999999986,54
284802,4744,4.699999999999994,67
285020,4745,13.799999999999974,218
285235,4746,18.30000000000004,215
285375,4747,10.79999999999997,140
285437,4748,5.399999999999995,62
285728,4749,28.300000000000136,291
286007,4750,27.40000000000014,279
286076,4751,4.299999999999998,69
286139,4752,4.899999999999995,63
286203,4753,4.999999999999995,64
286342,4754,13.099999999999973,139
286441,4755,8.799999999999983,99
286509,4756,5.399999999999997,68
286684,4757,16.099999999999994,175
286819,4758,11.499999999999972,135
286960,4759,6.699999999999976,141
287058,4760,6.2999999999999865,98
287162,4761,8.099999999999982,104
287299,4762,12.89999999999997,137
287439,4763,13.199999999999969,140
287544,4764,9.99999999999998,105
287599,4765,2.599999999999998,55
287853,4766,26.70000000000011,254
287957,4767,10.49999999999998,104
288211,4768,24.900000000000087,254
288314,4769,3.799999999999991,103
288453,4770,12.499999999999977,139
288554,4771,6.599999999999987,101
288693,4772,13.09999999999997,139
288946,4773,22.400000000000073,253
289014,4774,5.999999999999993,68
289152,4775,9.999999999999979,138
289257,4776,7.599999999999982,105
289325,4777,5.999999999999993,68
289544,4778,21.700000000000035,219
289834,4779,24.000000000000103,290
290069,4780,18.500000000000046,235
290252,4781,18.400000000000006,183
290429,4782,15.999999999999979,177
290872,4783,32.10000000000021,443
291124,4784,18.7,252
291455,4785,30.800000000000203,331
291637,4786,17.099999999999984,182
291932,4787,28.700000000000134,295
292023,4788,7.099999999999985,91
292128,4789,9.99999999999998,105
292267,4790,13.699999999999969,139
292635,4791,30.6000000000002,368
292738,4792,7.399999999999983,103
292954,4793,18.40000000000001,216
293321,4794,34.10000000000019,367
293381,4795,3.6999999999999957,60
293449,4796,5.399999999999993,68
293684,4797,17.900000000000045,235
293960,4798,18.100000000000062,276
294256,4799,28.200000000000138,296
294507,4800,25.200000000000095,251
294690,4801,15.399999999999963,183
294904,4802,16.999999999999993,214
295269,4803,30.9000000000002,365
295449,4804,16.29999999999997,180
295665,4805,19.600000000000016,216
295787,4806,6.299999999999978,122
295986,4807,13.99999999999999,199
296090,4808,8.699999999999982,104
296342,4809,24.10000000000008,252
296447,4810,9.99999999999998,105
296741,4811,26.2000000000001,294
297035,4812,24.40000000000006,294
297703,4813,66.00000000000048,668
297922,4814,19.90000000000002,219
298060,4815,11.19999999999997,138
298199,4816,13.699999999999969,139
298604,4817,35.800000000000274,405
298660,4818,2.6999999999999975,56
298727,4819,5.899999999999993,67
298831,4820,9.89999999999998,104
299274,4821,41.70000000000033,443
299377,4822,9.199999999999982,103
299476,4823,8.199999999999983,99
299575,4824,8.799999999999985,99
299645,4825,6.199999999999992,70
299861,4826,20.80000000000001,216
300001,4827,11.99999999999997,140
300062,4828,3.7999999999999954,61
300168,4829,9.49999999999998,106
300419,4830,21.00000000000006,251
300634,4831,18.300000000000008,215
300801,4832,13.499999999999979,167
300934,4833,9.199999999999973,133
301146,4834,18.0,212
301363,4835,20.90000000000003,217
301469,4836,8.299999999999981,106
301535,4837,5.199999999999994,66
301718,4838,14.799999999999956,183
301932,4839,20.000000000000032,214
302143,4840,15.79999999999998,211
302359,4841,18.40000000000003,216
302481,4842,6.299999999999978,122
302775,4843,26.200000000000113,294
302880,4844,9.39999999999998,105
302979,4845,6.399999999999988,99
303233,4846,18.90000000000005,254
303336,4847,6.799999999999983,103
303666,4848,28.900000000000162,330
303918,4849,23.5000000000001,252
303988,4850,4.999999999999993,70
304241,4851,23.00000000000006,253
304343,4852,9.099999999999982,102
304408,4853,2.6999999999999984,65
304513,4854,9.99999999999998,105
304805,4855,23.000000000000057,292
304983,4856,13.699999999999958,178
305198,4857,19.50000000000001,215
305263,4858,4.499999999999995,65
305366,4859,7.39999999999999,103
305768,4860,33.7000000000002,402
305907,4861,11.899999999999972,139
306049,4862,13.399999999999968,142
306335,4863,22.700000000000077,286
306475,4864,9.599999999999975,140
306579,4865,4.499999999999984,104
307022,4866,38.70000000000035,443
307578,4867,46.70000000000044,556
307684,4868,8.299999999999985,106
307747,4869,4.299999999999995,63
307966,4870,19.30000000000004,219
308332,4871,32.200000000000244,366
308512,4872,17.5,180
308694,4873,12.899999999999961,182
308869,4874,14.299999999999969,175
309236,4875,36.50000000000023,367
309294,4876,2.899999999999997,58
309661,4877,34.10000000000025,367
309767,4878,10.09999999999998,106
310021,4879,25.50000000000009,254
310126,4880,8.199999999999982,105
310268,4881,12.799999999999969,142
310390,4882,6.899999999999979,122
310644,4883,17.700000000000003,254
310712,4884,5.999999999999993,68
310947,4885,17.900000000000063,235
311129,4886,9.89999999999996,182
311215,4887,0.5999999999999979,86
311491,4888,22.300000000000125,276
311633,4889,14.599999999999968,142
312340,4890,59.40000000000065,707
312575,4891,14.899999999999956,235
312758,4892,9.399999999999974,183
312863,4893,9.39999999999998,105
313158,4894,29.30000000000014,295
313410,4895,18.70000000000004,252
313508,4896,8.699999999999983,98
313803,4897,25.100000000000126,295
313867,4898,4.399999999999997,64
314162,4899,28.100000000000133,295
314216,4900,2.4999999999999982,54
314548,4901,29.70000000000016,332
314955,4902,36.00000000000027,407
315173,4903,15.600000000000001,218
315391,4904,13.799999999999983,218
315716,4905,30.200000000000156,325
315897,4906,17.59999999999999,181
316306,4907,34.40000000000024,409
316412,4908,7.099999999999982,106
316482,4909,1.3999999999999981,70
316700,4910,21.60000000000005,218
316910,4911,15.100000000000012,210
317318,4912,37.90000000000028,408
317446,4913,3.899999999999995,128
317646,4914,11.699999999999958,200
318277,4915,57.80000000000057,631
318531,4916,22.500000000000064,254
318696,4917,13.899999999999963,165
318802,4918,7.699999999999983,106
319247,4919,41.300000000000345,445
319316,4920,6.0999999999999925,69
319986,4921,56.00000000000063,670
320354,4922,31.200000000000244,368
320404,4923,-6.899999999999999,50
320526,4924,6.899999999999977,122
320858,4925,27.30000000000018,332
321414,4926,40.70000000000047,556
322195,4927,64.40000000000063,781
322630,4928,29.20000000000026,435
322736,4929,8.899999999999988,106
322822,4930,3.599999999999989,86
322926,4931,6.299999999999993,104
323315,4932,32.70000000000024,389
323420,4933,7.599999999999982,105
323476,4934,2.6999999999999975,56
323538,4935,1.800000000000002,62
323588,4936,-4.499999999999998,50
323693,4937,5.199999999999987,105
323947,4938,21.900000000000055,254
324463,4939,46.000000000000405,516
324907,4940,34.600000000000186,444
325501,4941,46.600000000000506,594
325637,4942,10.999999999999972,136
326288,4943,47.800000000000516,651
326697,4944,35.00000000000027,409
327587,4945,89.39999999999918,890
327806,4946,21.10000000000006,219
327910,4947,8.699999999999982,104
328204,4948,25.00000000000012,294
328273,4949,3.699999999999994,69
329525,4950,110.89999999999777,1252
330232,4951,51.000000000000554,707
330338,4952,6.499999999999984,106
330549,4953,17.6,211
330691,4954,12.199999999999976,142
330945,4955,20.700000000000056,254
331164,4956,13.899999999999954,219
331892,4957,63.90000000000033,728
331988,4958,6.399999999999984,96
332433,4959,37.10000000000026,445
332904,4960,35.500000000000284,471
333231,4961,31.000000000000163,327
333656,4962,34.80000000000032,425
333951,4963,24.500000000000114,295
334282,4964,24.200000000000056,331
334332,4965,-5.699999999999998,50
334433,4966,8.999999999999982,101
334483,4967,-8.7,50
334533,4968,-7.499999999999998,50
335620,4969,82.99999999999953,1087
336517,4970,70.90000000000025,897
336659,4971,13.399999999999968,142
336761,4972,7.299999999999983,102
337807,4973,88.79999999999934,1046
338704,4974,73.30000000000024,897
338826,4975,6.899999999999977,122
339271,4976,38.30000000000027,445
339321,4977,-8.099999999999998,50
339913,4978,50.600000000000506,592
340579,4979,53.20000000000049,666
340831,4980,21.700000000000067,252
341272,4981,43.90000000000031,441
341322,4982,-0.8999999999999986,50
342122,4983,69.30000000000015,800
342226,4984,8.699999999999982,104
342368,4985,12.799999999999969,142
342587,4986,16.89999999999999,219
343068,4987,43.40000000000035,481
343174,4988,7.099999999999982,106
344670,4989,134.39999999999645,1496
344720,4990,-3.299999999999998,50
345805,4991,100.1999999999984,1085
345911,4992,5.899999999999983,106
345981,4993,2.599999999999997,70
346200,4994,20.500000000000043,219
346495,4995,20.900000000000052,295
346600,4996,8.799999999999981,105
346931,4997,32.00000000000019,331
348650,4998,148.8999999999954,1719
349547,4999,74.49999999999984,897
349597,5000,-8.7,50
349647,5001,-8.099999999999998,50
349697,5002,-0.8999999999999986,50
349952,5003,20.80000000000006,255
350002,5004,-8.099999999999998,50
351236,5005,104.89999999999776,1234
351529,5006,19.50000000000007,293
351824,5007,22.100000000000065,295
351892,5008,4.199999999999998,68
352430,5009,40.400000000000404,538
352987,5010,46.800000000000495,557
353037,5011,-7.499999999999998,50
353105,5012,1.799999999999999,68
353663,5013,30.70000000000013,558
353730,5014,4.699999999999998,67
354930,5015,83.79999999999865,1200
355148,5016,21.000000000000068,218
355593,5017,37.70000000000029,445
355648,5018,3.1999999999999975,55
355717,5019,6.0999999999999925,69
356162,5020,38.900000000000325,445
357735,5021,113.29999999999671,1573
357868,5022,11.599999999999971,133
358042,5023,11.199999999999964,174
358564,5024,41.200000000000394,522
359706,5025,91.19999999999868,1142
359995,5026,25.100000000000108,289
360403,5027,36.10000000000029,408
360925,5028,34.0000000000004,522
361293,5029,33.00000000000019,368
361964,5030,60.300000000000644,671
362070,5031,10.69999999999998,106
362885,5032,64.50000000000072,815
363099,5033,15.199999999999967,214
364106,5034,77.39999999999955,1007
365151,5035,73.69999999999987,1045
365403,5036,13.300000000000006,252
365473,5037,4.399999999999997,70
367046,5038,113.29999999999765,1573
367263,5039,10.699999999999967,217
367327,5040,3.200000000000001,64
367581,5041,18.90000000000004,254
368136,5042,17.2000000000001,555
368241,5043,4.599999999999985,105
368347,5044,6.499999999999982,106
368489,5045,7.399999999999972,142
369535,5046,89.99999999999926,1046
369789,5047,16.499999999999986,254
369894,5048,8.799999999999983,105
370189,5049,17.300000000000054,295
370285,5050,6.399999999999984,96
371259,5051,79.19999999999914,974
371928,5052,66.10000000000035,669
372258,5053,28.90000000000016,330
372441,5054,16.599999999999973,183
372582,5055,11.49999999999997,141
373043,5056,41.70000000000033,461
373105,5057,5.399999999999995,62
373680,5058,45.60000000000047,575
373786,5059,7.699999999999983,106
374299,5060,43.00000000000039,513
374595,5061,16.800000000000054,296
374890,5062,25.100000000000133,295
375483,5063,46.5000000000005,593
376117,5064,50.900000000000546,634
376256,5065,11.299999999999972,139
376396,5066,11.99999999999997,140
378498,5067,178.79999999999367,2102
379245,5068,61.900000000000595,747
379313,5069,0.6000000000000019,68
379532,5070,19.300000000000047,219
379880,5071,34.90000000000023,348
380135,5072,20.20000000000006,255
380185,5073,-6.899999999999999,50
380235,5074,-7.499999999999998,50
380285,5075,-3.899999999999998,50
381069,5076,68.30000000000047,784
381853,5077,67.10000000000046,784
382488,5078,54.60000000000056,635
382593,5079,9.39999999999998,105
382925,5080,31.500000000000185,332
383031,5081,10.09999999999998,106
383081,5082,-0.8999999999999986,50
383131,5083,-7.499999999999998,50
384009,5084,59.70000000000076,878
384148,5085,14.299999999999969,139
384817,5086,59.5000000000006,669
386080,5087,114.9999999999977,1263
386130,5088,-6.899999999999999,50
386218,5089,4.999999999999995,88
387228,5090,84.29999999999953,1010
387558,5091,28.900000000000155,330
388376,5092,71.40000000000008,818
388481,5093,5.199999999999983,105
388531,5094,-8.099999999999998,50
389391,5095,78.89999999999982,860
389441,5096,-8.7,50
390564,5097,103.69999999999843,1123
390819,5098,21.400000000000063,255
391263,5099,40.00000000000032,444
391517,5100,24.30000000000006,254
393508,5101,179.3999999999938,1991
394933,5102,120.6999999999968,1425
397263,5103,199.79999999999202,2330
398386,5104,102.49999999999807,1123
398453,5105,0.4999999999999982,67
401913,5106,277.99999999999284,3460
403601,5107,146.69999999999575,1688
405514,5108,167.39999999999475,1913
405564,5109,-6.899999999999999,50
405799,5110,19.700000000000074,235
405998,5111,11.599999999999962,199
406330,5112,33.30000000000018,332
406436,5113,9.49999999999998,106
406486,5114,-7.499999999999998,50
407382,5115,86.39999999999935,896
407432,5116,-7.499999999999998,50
407970,5117,48.20000000000045,538
408020,5118,-5.699999999999998,50
408088,5119,4.799999999999997,68
408138,5120,-0.8999999999999986,50
408732,5121,59.20000000000053,594
409253,5122,50.10000000000041,521
409303,5123,-5.699999999999998,50
409353,5124,-4.499999999999998,50
409403,5125,-6.299999999999999,50
409471,5126,5.999999999999993,68
410086,5127,52.30000000000052,615
410172,5128,2.9999999999999893,86
410520,5129,30.70000000000023,348
410570,5130,-8.7,50
410900,5131,30.700000000000173,330
410950,5132,-8.7,50
411092,5133,10.99999999999997,142
411345,5134,23.600000000000076,253
411902,5135,46.80000000000041,557
411971,5136,6.0999999999999925,69
412021,5137,-7.499999999999998,50
412352,5138,31.400000000000176,331
412402,5139,-7.499999999999998,50
412452,5140,-7.499999999999998,50
412502,5141,-7.499999999999998,50
412552,5142,-5.699999999999998,50
413223,5143,61.5000000000006,671
413403,5144,16.9,180
414449,5145,93.59999999999906,1046
414499,5146,-6.899999999999999,50
414549,5147,-7.499999999999998,50
414803,5148,21.900000000000045,254
414853,5149,-8.099999999999998,50
415182,5150,30.60000000000018,329
415232,5151,-7.499999999999998,50
415282,5152,-7.499999999999998,50
415352,5153,6.199999999999992,70
415402,5154,-6.899999999999999,50
415769,5155,31.1000000000002,367
415875,5156,7.099999999999982,106
415925,5157,-8.099999999999998,50
415975,5158,-8.099999999999998,50
417062,5159,98.59999999999859,1087
417112,5160,-7.499999999999998,50
417162,5161,-8.099999999999998,50
417570,5162,36.100000000000215,408
418351,5163,71.60000000000016,781
418418,5164,5.899999999999993,67
418522,5165,2.6999999999999993,104
418737,5166,18.300000000000008,215
418879,5167,12.199999999999969,142
419132,5168,19.4000000000001,253
419202,5169,6.199999999999992,70
419755,5170,54.20000000000048,553
419877,5171,5.699999999999978,122
420394,5172,50.90000000000042,517
420803,5173,38.60000000000031,409
420871,5174,6.5999999999999925,68
420937,5175,5.799999999999994,66
421041,5176,8.099999999999985,104
421108,5177,5.899999999999993,67
421516,5178,28.900000000000162,408
421770,5179,19.500000000000018,254
421840,5180,3.1999999999999966,70
422474,5181,62.90000000000061,634
422542,5182,4.199999999999996,68
422873,5183,28.400000000000155,331
422978,5184,9.99999999999998,105
423309,5185,30.800000000000193,331
424056,5186,72.10000000000015,747
424291,5187,10.699999999999948,235
424341,5188,-0.8999999999999986,50
424973,5189,47.70000000000043,632
425905,5190,80.09999999999948,932
427252,5191,118.29999999999734,1347
427660,5192,30.700000000000195,408
427802,5193,12.199999999999969,142
428244,5194,39.8000000000003,442
428909,5195,61.5000000000006,665
430032,5196,101.29999999999843,1123
430123,5197,5.899999999999986,91
430453,5198,33.1000000000002,330
430503,5199,-7.499999999999998,50
430553,5200,-4.499999999999998,50
430603,5201,-6.299999999999999,50
430670,5202,5.899999999999993,67
430720,5203,-7.499999999999998,50
430790,5204,6.199999999999992,70
431233,5205,39.9000000000003,443
431752,5206,48.7000000000004,519
431854,5207,8.499999999999982,102
432261,5208,39.000000000000284,407
432311,5209,-7.499999999999998,50
432381,5210,4.9999999999999964,70
432822,5211,30.100000000000154,441
433004,5212,6.299999999999965,182
433142,5213,11.19999999999997,138
433547,5214,32.80000000000023,405
433988,5215,34.30000000000032,441
434089,5216,7.799999999999983,101
435097,5217,85.89999999999932,1008
435712,5218,60.10000000000048,615
437586,5219,166.19999999999482,1874
437727,5220,13.299999999999969,141
437863,5221,11.599999999999971,136
438568,5222,59.800000000000594,705
438669,5223,6.599999999999987,101
439001,5224,23.70000000000015,332
439333,5225,29.10000000000015,332
440152,5226,67.89999999999992,819
440972,5227,74.59999999999998,820
441225,5228,25.400000000000105,253
441687,5229,46.00000000000036,462
442053,5230,20.20000000000008,366
443250,5231,103.89999999999851,1197
443355,5232,10.59999999999998,105
443477,5233,9.899999999999975,122
443694,5234,16.699999999999957,217
443836,5235,10.399999999999977,142
444167,5236,25.400000000000112,331
444499,5237,18.89999999999999,332
445090,5238,52.90000000000051,591
445725,5239,62.40000000000059,635
446057,5240,28.500000000000124,332
447512,5241,119.19999999999698,1455
448253,5242,60.10000000000066,741
448621,5243,34.800000000000196,368
449102,5244,37.40000000000026,481
449269,5245,13.499999999999961,167
449487,5246,8.399999999999968,218
449591,5247,10.49999999999998,104
449881,5248,14.399999999999935,290
449967,5249,5.399999999999991,86
450017,5250,-7.499999999999998,50
450498,5251,45.800000000000395,481
451091,5252,41.100000000000485,593
451796,5253,66.40000000000038,705
451902,5254,4.699999999999999,106
452722,5255,74.59999999999982,820
453654,5256,86.69999999999932,932
454967,5257,109.19999999999733,1313
455880,5258,80.2999999999995,913
456306,5259,29.500000000000227,426
456767,5260,37.50000000000034,461
458074,5261,122.39999999999742,1307
458273,5262,15.200000000000017,199
458783,5263,45.100000000000406,510
458905,5264,6.899999999999977,122
459653,5265,65.60000000000042,748
459860,5266,17.800000000000026,207
459914,5267,2.4999999999999982,54
460089,5268,10.69999999999996,175
460416,5269,33.40000000000022,327
460845,5270,39.400000000000276,429
461008,5271,11.89999999999997,163
461402,5272,35.60000000000024,394
461456,5273,2.4999999999999982,54
461511,5274,2.5999999999999996,55
462129,5275,55.600000000000556,618
462179,5276,-0.8999999999999986,50
462270,5277,5.899999999999986,91
462553,5278,24.800000000000107,283
462988,5279,40.60000000000031,435
463151,5280,10.699999999999964,163
463696,5281,48.30000000000045,545
463746,5282,-2.699999999999998,50
464371,5283,50.900000000000524,625
464476,5284,6.999999999999982,105
464573,5285,6.499999999999984,97
464623,5286,-0.8999999999999986,50
465068,5287,37.70000000000032,445
465322,5288,23.1000000000001,254
465417,5289,6.899999999999984,95
465625,5290,16.099999999999987,208
465747,5291,6.299999999999978,122
466072,5292,30.200000000000177,325
466194,5293,2.6999999999999797,122
466284,5294,5.199999999999987,90
466491,5295,19.600000000000037,207
466549,5296,2.3,58
466679,5297,10.699999999999973,130
466821,5298,9.199999999999974,142
466913,5299,4.799999999999993,92
466970,5300,2.2,57
467061,5301,4.699999999999987,91
467164,5302,4.399999999999984,103
467332,5303,15.999999999999993,168
467651,5304,20.300000000000107,319
467821,5305,14.999999999999979,170
468030,5306,15.60000000000002,209
468087,5307,1.6000000000000005,57
468151,5308,1.4000000000000017,64
468237,5309,1.199999999999994,86
468401,5310,11.399999999999963,164
468636,5311,17.300000000000026,235
468731,5312,5.099999999999988,95
469270,5313,43.50000000000043,539
469476,5314,14.099999999999952,206
469534,5315,2.299999999999998,58
469638,5316,6.299999999999985,104
469689,5317,2.1999999999999993,51
470008,5318,23.900000000000134,319
470679,5319,59.10000000000055,671
470737,5320,2.8999999999999986,58
470787,5321,-5.099999999999998,50
470955,5322,14.19999999999997,168
471248,5323,19.50000000000011,293
471467,5324,12.699999999999955,219
471631,5325,13.199999999999974,164
471726,5326,4.4999999999999885,95
471783,5327,0.4000000000000008,57
471905,5328,6.899999999999979,122
472497,5329,53.6000000000005,592
472667,5330,15.599999999999987,170
472808,5331,10.89999999999997,141
473139,5332,26.000000000000167,331
473434,5333,28.700000000000124,295
473556,5334,6.899999999999977,122
473606,5335,-7.499999999999998,50
473700,5336,7.399999999999984,94
474519,5337,75.70000000000005,819
474641,5338,6.899999999999977,122
474744,5339,9.799999999999981,103
474951,5340,17.2,207
475376,5341,32.40000000000029,425
475426,5342,-7.499999999999998,50
475888,5343,42.400000000000375,462
476029,5344,8.499999999999972,141
476192,5345,8.899999999999965,163
476261,5346,4.299999999999997,69
476470,5347,16.800000000000004,209
476562,5348,4.7999999999999865,92
476632,5349,6.799999999999992,70
476700,5350,6.5999999999999925,68
476805,5351,8.799999999999981,105
476900,5352,5.699999999999985,95
477515,5353,45.10000000000051,615
477793,5354,24.300000000000104,278
477879,5355,2.9999999999999902,86
478191,5356,23.800000000000143,312
478410,5357,17.500000000000007,219
478460,5358,-5.699999999999998,50
478634,5359,13.599999999999959,174
478756,5360,6.299999999999978,122
478974,5361,19.20000000000001,218
479481,5362,45.40000000000044,507
479550,5363,6.699999999999992,69
479949,5364,34.90000000000025,399
480002,5365,2.9999999999999982,53
480399,5366,38.30000000000027,397
480642,5367,18.700000000000017,243
480846,5368,16.299999999999994,204
481178,5369,26.700000000000127,332
481698,5370,53.600000000000456,520
482011,5371,27.50000000000014,313
482133,5372,6.299999999999978,122
482274,5373,13.299999999999969,141
482589,5374,31.300000000000182,315
482711,5375,6.899999999999977,122
482836,5376,6.5999999999999766,125
483072,5377,19.80000000000004,236
483465,5378,33.700000000000244,393
483555,5379,5.7999999999999865,90
483772,5380,19.100000000000016,217
483977,5381,15.799999999999983,205
484160,5382,13.599999999999966,183
484246,5383,1.7999999999999954,86
484386,5384,13.199999999999969,140
484569,5385,15.399999999999963,183
484785,5386,19.000000000000025,216
484873,5387,7.399999999999986,88
485691,5388,76.19999999999986,818
485786,5389,6.299999999999985,95
486812,5390,93.69999999999861,1026
487067,5391,20.800000000000026,255
487133,5392,5.199999999999994,66
487410,5393,25.400000000000095,277
487479,5394,6.0999999999999925,69
488000,5395,42.300000000000416,521
488288,5396,23.500000000000107,288
488338,5397,-0.8999999999999986,50
488441,5398,9.799999999999981,103
489318,5399,76.39999999999974,877
489831,5400,46.6000000000004,513
490050,5401,19.300000000000008,219
490492,5402,33.80000000000027,442
490555,5403,3.700000000000001,63
490677,5404,5.699999999999978,122
490879,5405,19.70000000000004,202
491381,5406,41.300000000000395,502
491825,5407,40.000000000000306,444
492111,5408,26.30000000000014,286
492346,5409,17.30000000000005,235
492509,5410,10.699999999999964,163
492952,5411,39.300000000000324,443
493053,5412,8.399999999999983,101
493144,5413,5.299999999999988,91
494266,5414,102.99999999999847,1122
494584,5415,29.8000000000002,318
494747,5416,12.499999999999963,163
495073,5417,29.100000000000126,326
495891,5418,77.99999999999976,818
495994,5419,7.999999999999982,103
496247,5420,21.20000000000005,253
496577,5421,28.900000000000144,330
496783,5422,18.300000000000033,206
496852,5423,2.5000000000000027,69
496994,5424,2.6000000000000005,142
497063,5425,2.499999999999998,69
497232,5426,14.899999999999974,169
497288,5427,-0.8999999999999986,56
497391,5428,3.799999999999992,103
497483,5429,5.999999999999986,92
497701,5430,17.999999999999996,218
497881,5431,16.299999999999997,180
498759,5432,74.69999999999989,878
499126,5433,19.70000000000006,367
499187,5434,3.1999999999999957,61
499398,5435,20.00000000000005,211
499504,5436,10.09999999999998,106
499554,5437,-8.099999999999998,50
499604,5438,-6.299999999999999,50
499972,5439,31.800000000000246,368
500415,5440,35.700000000000244,443
500860,5441,41.900000000000325,445
501266,5442,36.50000000000026,406
501336,5443,1.4000000000000017,70
502083,5444,71.5000000000002,747
502563,5445,46.30000000000038,480
502632,5446,1.2999999999999985,69
502908,5447,21.700000000000053,276
503047,5448,13.699999999999969,139
503248,5449,14.19999999999997,201
504161,5450,85.69999999999915,913
504334,5451,14.69999999999997,173
504439,5452,6.399999999999983,105
505109,5453,63.20000000000063,670
505215,5454,9.49999999999998,106
506334,5455,91.29999999999912,1119
506403,5456,6.0999999999999925,69
506507,5457,9.299999999999983,104
506648,5458,8.499999999999972,141
506753,5459,6.399999999999983,105
506857,5460,10.49999999999998,104
506919,5461,5.399999999999995,62
507364,5462,37.70000000000027,445
507938,5463,50.900000000000475,574
508230,5464,27.800000000000146,292
508638,5465,37.9000000000003,408
509100,5466,43.00000000000037,462
509266,5467,14.59999999999997,166
510155,5468,82.99999999999947,889
510408,5469,23.60000000000006,253
511303,5470,69.5000000000001,895
511516,5471,19.90000000000004,213
511883,5472,32.300000000000225,367
512102,5473,15.099999999999955,219
512660,5474,51.70000000000043,558
512937,5475,25.400000000000134,277
513233,5476,20.400000000000087,296
513791,5477,50.500000000000455,558
514009,5478,18.000000000000043,218
514228,5479,22.900000000000055,219
514558,5480,32.50000000000017,330
514626,5481,5.999999999999993,68
515364,5482,68.5000000000002,738
515581,5483,17.299999999999997,217
516815,5484,110.29999999999788,1234
517466,5485,49.600000000000556,651
517795,5486,27.60000000000017,329
517937,5487,8.599999999999975,142
518624,5488,57.10000000000065,687
519179,5489,55.00000000000048,555
520152,5490,91.69999999999918,973
520816,5491,63.80000000000058,664
520916,5492,8.299999999999985,100
521082,5493,12.199999999999962,166
521413,5494,26.60000000000014,331
522080,5495,64.10000000000052,667
522410,5496,26.500000000000174,330
522515,5497,9.99999999999998,105
522620,5498,6.999999999999992,105
523100,5499,45.700000000000394,480
523990,5500,77.99999999999967,890
524040,5501,-6.899999999999999,50
524438,5502,25.800000000000217,398
524488,5503,-8.099999999999998,50
524659,5504,15.099999999999977,171
524938,5505,26.200000000000102,279
525080,5506,10.39999999999997,142
525624,5507,44.60000000000043,544
525714,5508,1.5999999999999988,90
526252,5509,35.60000000000042,538
526716,5510,26.4000000000003,464
526766,5511,-0.8999999999999986,50
527320,5512,53.70000000000047,554
527759,5513,39.50000000000034,439
527829,5514,3.8,70
528237,5515,33.70000000000026,408
528287,5516,-5.099999999999998,50
528346,5517,3.599999999999996,59
529187,5518,76.6999999999997,841
529539,5519,31.700000000000202,352
530096,5520,40.20000000000041,557
530306,5521,17.500000000000004,210
530448,5522,11.59999999999997,142
530626,5523,13.099999999999964,178
530845,5524,18.099999999999998,219
531400,5525,52.6000000000005,555
532171,5526,72.70000000000006,771
532652,5527,44.60000000000036,481
532702,5528,-8.099999999999998,50
532957,5529,19.00000000000005,255
533592,5530,52.80000000000058,635
533959,5531,28.100000000000236,367
534211,5532,18.10000000000008,252
535068,5533,78.59999999999981,857
535397,5534,28.20000000000017,329
535632,5535,17.30000000000006,235
536057,5536,36.60000000000032,425
536857,5537,69.90000000000006,800
537133,5538,19.30000000000008,276
537409,5539,20.50000000000008,276
537817,5540,34.30000000000023,408
538565,5541,57.2000000000006,748
538954,5542,31.500000000000234,389
539397,5543,36.30000000000023,443
539691,5544,23.800000000000086,294
540023,5545,31.500000000000206,332
540073,5546,-8.099999999999998,50
540369,5547,25.20000000000011,296
540701,5548,30.300000000000182,332
540884,5549,17.799999999999994,183
541849,5550,85.1999999999994,965
541950,5551,5.99999999999999,101
542000,5552,-0.8999999999999986,50
542217,5553,17.90000000000003,217
542585,5554,30.60000000000022,368
542723,5555,12.99999999999997,138
542790,5556,4.699999999999994,67
542932,5557,13.399999999999968,142
542992,5558,3.6999999999999957,60
543433,5559,44.500000000000355,441
543727,5560,28.000000000000117,294
543813,5561,2.3999999999999915,86
543863,5562,-6.299999999999999,50
543913,5563,-8.099999999999998,50
543963,5564,-8.099999999999998,50
544935,5565,90.39999999999925,972
545190,5566,23.200000000000077,255
546425,5567,115.19999999999762,1235
547471,5568,92.99999999999866,1046
548707,5569,102.09999999999847,1236
549435,5570,56.10000000000067,728
551234,5571,152.09999999999513,1799
552393,5572,107.59999999999806,1159
552687,5573,26.200000000000127,294
553279,5574,56.00000000000052,592
553894,5575,54.70000000000053,615
554259,5576,33.900000000000226,365
554966,5577,69.00000000000027,707
556351,5578,122.9999999999969,1385
556533,5579,15.899999999999977,182
557014,5580,45.20000000000036,481
557423,5581,34.40000000000024,409
558579,5582,113.89999999999779,1156
558946,5583,27.500000000000142,367
559633,5584,56.50000000000057,687
559852,5585,19.30000000000003,219
561011,5586,93.79999999999858,1159
561061,5587,-5.699999999999998,50
561244,5588,14.799999999999963,183
561479,5589,16.100000000000026,235
561576,5590,7.099999999999984,97
561645,5591,4.899999999999994,69
561782,5592,8.69999999999998,137
562866,5593,92.8999999999988,1084
562970,5594,8.699999999999982,104
563218,5595,22.50000000000005,248
563774,5596,52.1000000000005,556
563957,5597,17.199999999999974,183
564402,5598,35.90000000000032,445
564731,5599,29.40000000000016,329
564836,5600,6.999999999999982,105
565955,5601,104.49999999999822,1119
566171,5602,14.199999999999951,216
566426,5603,23.800000000000086,255
566681,5604,24.400000000000123,255
566900,5605,15.099999999999966,219
566960,5606,3.6999999999999957,60
567137,5607,15.399999999999984,177
567270,5608,12.19999999999997,133
567324,5609,2.4999999999999982,54
567882,5610,49.90000000000047,558
568059,5611,15.999999999999968,177
568354,5612,25.100000000000108,295
568985,5613,55.40000000000057,631
569053,5614,2.3999999999999995,68
569382,5615,31.200000000000145,329
569784,5616,38.50000000000026,402
569890,5617,5.299999999999983,106
569995,5618,6.3999999999999835,105
570054,5619,3.599999999999996,59
572270,5620,189.89999999999281,2216
572412,5621,13.999999999999968,142
574290,5622,164.19999999999456,1878
574995,5623,61.00000000000063,705
576073,5624,72.80000000000027,1078
576328,5625,23.800000000000104,255
576580,5626,23.500000000000075,252
577215,5627,55.20000000000056,635
578128,5628,66.50000000000038,913
578333,5629,16.39999999999999,205
578741,5630,36.70000000000024,408
579290,5631,47.50000000000039,549
580203,5632,75.49999999999976,913
580293,5633,3.9999999999999947,90
580392,5634,5.799999999999993,99
581007,5635,49.90000000000052,615
581187,5636,13.899999999999958,180
582046,5637,74.59999999999984,859
583169,5638,82.09999999999968,1123
583604,5639,40.6000000000003,435
583895,5640,22.900000000000105,291
584376,5641,38.60000000000034,481
585308,5642,78.29999999999986,932
586262,5643,76.8999999999994,954
588627,5644,171.19999999999314,2365
589106,5645,38.400000000000276,479
589246,5646,13.199999999999969,140
591045,5647,134.6999999999954,1799
593750,5648,242.09999999999002,2705
594607,5649,70.20000000000013,857
595235,5650,46.10000000000051,628
597677,5651,205.89999999999193,2442
598311,5652,57.500000000000554,634
599089,5653,70.70000000000024,778
599139,5654,-6.899999999999999,50
602748,5655,325.9000000000053,3609
605453,5656,246.29999999998995,2705
605707,5657,20.100000000000055,254
608448,5658,251.39999999999003,2741
608506,5659,2.899999999999997,58
608669,5660,13.699999999999974,163
608837,5661,6.99999999999997,168
609245,5662,29.500000000000224,408
609609,5663,29.600000000000158,364
610957,5664,116.59999999999707,1348
612681,5665,143.99999999999542,1724
613125,5666,39.40000000000029,444
614021,5667,76.1999999999999,896
617024,5668,274.29999999999353,3003
618598,5669,146.39999999999583,1574
619233,5670,34.80000000000041,635
620243,5671,89.09999999999906,1010
620575,5672,34.500000000000206,332
621469,5673,82.59999999999943,894
623383,5674,160.89999999999517,1914
627104,5675,334.40000000000805,3721
627154,5676,-7.499999999999998,50
627204,5677,-0.8999999999999986,50
628291,5678,93.79999999999895,1087
628360,5679,6.699999999999992,69
628543,5680,17.799999999999986,183
628648,5681,3.399999999999987,105
629805,5682,110.999999999998,1157
629855,5683,-8.7,50
629905,5684,-8.7,50
629955,5685,-7.499999999999998,50
630060,5686,5.199999999999983,105
630110,5687,-8.099999999999998,50
630252,5688,6.799999999999972,142
630922,5689,59.0000000000006,670
630972,5690,-8.099999999999998,50
631304,5691,30.300000000000175,332
631354,5692,-8.099999999999998,50
631404,5693,-8.099999999999998,50
631454,5694,-8.099999999999998,50
631596,5695,9.199999999999982,142
631646,5696,-8.7,50
631707,5697,3.1999999999999957,61
632002,5698,25.7000000000001,295
632185,5699,9.39999999999997,183
632254,5700,6.0999999999999925,69
633002,5701,71.00000000000023,748
633140,5702,12.99999999999997,138
633472,5703,26.100000000000104,332
633594,5704,6.899999999999977,122
634455,5705,75.99999999999946,861
634674,5706,19.900000000000055,219
634744,5707,6.199999999999992,70
634794,5708,-8.099999999999998,50
635804,5709,98.69999999999847,1010
636588,5710,70.7000000000002,784
637049,5711,38.100000000000335,461
637493,5712,39.40000000000034,444
637633,5713,7.799999999999979,140
637774,5714,13.299999999999969,141
637824,5715,-6.899999999999999,50
638154,5716,31.300000000000168,330
638260,5717,8.899999999999983,106
639758,5718,129.79999999999666,1498
639864,5719,8.89999999999998,106
639933,5720,6.0999999999999925,69
640263,5721,22.900000000000112,330
640631,5722,34.20000000000021,368
641562,5723,87.79999999999922,931
642043,5724,49.40000000000042,481
642260,5725,16.699999999999957,217
643157,5726,82.8999999999992,897
643713,5727,43.700000000000436,556
643817,5728,8.099999999999984,104
643919,5729,7.299999999999983,102
644497,5730,44.700000000000465,578
645166,5731,63.7000000000006,669
645462,5732,23.400000000000105,296
645526,5733,4.399999999999996,64
646272,5734,63.600000000000705,746
646523,5735,22.800000000000054,251
647075,5736,36.70000000000044,552
647216,5737,10.29999999999997,141
650033,5738,222.99999999998965,2817
650929,5739,83.39999999999938,896
651112,5740,13.599999999999957,183
652425,5741,111.59999999999766,1313
652886,5742,36.90000000000032,461
653102,5743,20.800000000000036,216
653224,5744,5.099999999999978,122
653624,5745,34.40000000000025,400
654294,5746,54.20000000000054,670
655135,5747,72.49999999999977,841
655483,5748,24.70000000000012,348
656134,5749,55.60000000000057,651
656238,5750,10.49999999999998,104
656401,5751,8.299999999999965,163
656620,5752,21.700000000000053,219
657178,5753,46.90000000000045,558
657584,5754,33.50000000000024,406
657634,5755,-8.099999999999998,50
658381,5756,69.70000000000006,747
658634,5757,17.599999999999973,253
659155,5758,47.10000000000042,521
659860,5759,55.60000000000064,705
659910,5760,-5.099999999999998,50
660237,5761,31.000000000000178,327
660287,5762,-8.099999999999998,50
660391,5763,9.89999999999998,104
660792,5764,34.500000000000256,401
661079,5765,23.400000000000105,287
661176,5766,7.699999999999983,97
661544,5767,34.80000000000025,368
661613,5768,6.0999999999999925,69
662772,5769,112.39999999999776,1159
662982,5770,13.29999999999996,210
663237,5771,23.80000000000008,255
663307,5772,4.999999999999993,70
663941,5773,64.10000000000053,634
664158,5774,20.30000000000002,217
664264,5775,10.09999999999998,106
664332,5776,2.4000000000000004,68
664548,5777,23.200000000000053,216
665029,5778,45.800000000000395,481
665361,5779,27.300000000000143,332
665615,5780,16.500000000000014,254
665685,5781,3.200000000000002,70
668051,5782,206.6999999999921,2366
668345,5783,26.200000000000152,294
668564,5784,18.700000000000014,219
668964,5785,35.60000000000022,400
669068,5786,1.5000000000000036,104
669251,5787,6.99999999999999,183
669467,5788,19.600000000000016,216
669989,5789,40.000000000000384,522
670547,5790,50.500000000000455,558
670802,5791,22.600000000000083,255
670944,5792,9.79999999999997,142
671066,5793,10.499999999999975,122
672040,5794,75.60000000000005,974
672181,5795,14.499999999999968,141
673640,5796,142.3999999999965,1459
674007,5797,31.100000000000165,367
675052,5798,97.09999999999876,1045
675102,5799,-8.7,50
675962,5800,69.30000000000042,860
676012,5801,-0.8999999999999986,50
677282,5802,114.79999999999784,1270
677612,5803,31.300000000000182,330
677662,5804,-0.8999999999999986,50
678236,5805,49.10000000000049,574
678375,5806,11.29999999999997,139
678742,5807,32.90000000000022,367
679978,5808,102.69999999999848,1236
680369,5809,31.100000000000186,391
682093,5810,158.39999999999495,1724
682143,5811,-7.499999999999998,50
682925,5812,63.9000000000007,782
683067,5813,4.9999999999999805,142
683398,5814,31.400000000000162,331
685348,5815,187.599999999994,1950
686415,5816,89.09999999999911,1067
686968,5817,54.20000000000047,553
687147,5818,17.4,179
687814,5819,50.30000000000057,667
687864,5820,-6.899999999999999,50
688119,5821,18.40000000000005,255
688260,5822,14.499999999999968,141
688556,5823,26.400000000000105,296
689114,5824,51.1000000000005,558
689183,5825,4.899999999999993,69
689287,5826,9.89999999999998,104
689469,5827,14.699999999999957,182
690104,5828,52.20000000000055,635
690775,5829,65.70000000000039,671
691067,5830,26.00000000000013,292
691321,5831,21.900000000000073,254
691463,5832,10.99999999999997,142
691717,5833,20.700000000000017,254
691936,5834,20.50000000000004,219
692623,5835,52.300000000000544,687
692842,5836,19.300000000000015,219
692946,5837,8.099999999999984,104
693047,5838,8.399999999999983,101
693152,5839,6.999999999999982,105
693898,5840,67.20000000000047,746
694297,5841,31.900000000000254,399
694439,5842,9.799999999999976,142
694657,5843,19.80000000000002,218
694953,5844,27.60000000000012,296
695229,5845,20.50000000000011,276
695299,5846,6.199999999999992,70
695440,5847,12.699999999999969,141
695736,5848,27.000000000000117,296
695806,5849,6.199999999999992,70
695946,5850,11.39999999999997,140
696126,5851,18.1,180
696231,5852,9.39999999999998,105
696599,5853,33.00000000000024,368
696816,5854,19.100000000000033,217
697184,5855,26.400000000000194,368
697363,5856,15.599999999999962,179
697468,5857,6.399999999999983,105
697537,5858,5.499999999999993,69
697719,5859,12.299999999999958,182
698164,5860,40.1000000000003,445
698440,5861,21.100000000000122,276
698675,5862,19.100000000000065,235
698779,5863,8.699999999999982,104
698901,5864,6.299999999999978,122
698951,5865,-6.299999999999999,50
699360,5866,36.800000000000296,409
699615,5867,21.400000000000063,255
699756,5868,12.699999999999969,141
700124,5869,33.60000000000023,368
700795,5870,62.100000000000584,671
700901,5871,10.69999999999998,106
700951,5872,-8.099999999999998,50
701283,5873,30.900000000000166,332
701518,5874,17.300000000000043,235
701736,5875,20.40000000000003,218
701858,5876,6.299999999999978,122
701927,5877,6.0999999999999925,69
702372,5878,47.30000000000036,445
702553,5879,18.200000000000003,181
702603,5880,-0.8999999999999986,50
702743,5881,12.59999999999997,140
702848,5882,10.59999999999998,105
702898,5883,-8.7,50
703194,5884,25.800000000000136,296
703558,5885,27.200000000000237,364
703608,5886,-7.499999999999998,50
704088,5887,41.50000000000037,480
705098,5888,88.49999999999905,1010
705279,5889,17.59999999999999,181
706286,5890,92.99999999999883,1007
706468,5891,15.300000000000004,182
706763,5892,23.90000000000013,295
706830,5893,5.299999999999994,67
706880,5894,-7.499999999999998,50
707325,5895,42.50000000000035,445
707733,5896,39.70000000000029,408
707872,5897,11.29999999999997,139
708507,5898,63.60000000000055,635
708875,5899,31.800000000000203,368
708942,5900,6.499999999999993,67
709722,5901,69.70000000000026,780
709828,5902,6.499999999999982,106
710195,5903,27.500000000000195,367
711055,5904,70.50000000000023,860
711351,5905,25.200000000000102,296
711419,5906,5.999999999999993,68
711523,5907,6.299999999999989,104
711686,5908,4.0999999999999766,163
711887,5909,19.000000000000036,201
712634,5910,66.10000000000055,747
713680,5911,91.79999999999895,1046
714048,5912,36.60000000000026,368
714379,5913,30.80000000000016,331
714770,5914,31.10000000000022,391
714988,5915,21.000000000000032,218
715038,5916,-3.299999999999998,50
715447,5917,37.400000000000276,409
715553,5918,9.49999999999998,106
715884,5919,31.400000000000176,331
716704,5920,73.40000000000005,820
716887,5921,9.39999999999996,183
717254,5922,31.70000000000016,367
718472,5923,100.59999999999825,1218
719856,5924,126.49999999999716,1384
719997,5925,12.699999999999969,141
720103,5926,5.899999999999988,106
720545,5927,39.20000000000031,442
720595,5928,-6.899999999999999,50
720662,5929,5.899999999999993,67
720787,5930,4.799999999999978,125
720892,5931,2.200000000000002,105
721034,5932,9.19999999999997,142
721159,5933,8.399999999999975,125
721681,5934,53.20000000000043,522
722386,5935,55.00000000000058,705
723164,5936,56.90000000000075,778
723757,5937,41.100000000000506,593
724012,5938,19.600000000000087,255
724195,5939,17.199999999999974,183
724299,5940,6.299999999999983,104
724667,5941,22.800000000000118,368
724886,5942,19.300000000000036,219
726009,5943,98.89999999999853,1123
726107,5944,9.299999999999983,98
726629,5945,50.20000000000046,522
726846,5946,17.299999999999986,217
727045,5947,15.200000000000017,199
727845,5948,74.69999999999996,800
728326,5949,45.20000000000038,481
728883,5950,56.40000000000048,557
728949,5951,5.799999999999994,66
729429,5952,35.50000000000032,480
729987,5953,50.50000000000044,558
730427,5954,41.400000000000304,440
730717,5955,22.800000000000086,290
730924,5956,11.799999999999951,207
731724,5957,68.09999999999987,800
731940,5958,15.999999999999954,216
732046,5959,10.09999999999998,106
732184,5960,12.399999999999972,138
732306,5961,2.099999999999982,122
732880,5962,48.500000000000476,574
733512,5963,53.70000000000055,632
733680,5964,11.799999999999965,168
733862,5965,15.89999999999997,182
733984,5966,6.299999999999981,122
734503,5967,45.7000000000004,519
734719,5968,20.200000000000028,216
735258,5969,48.90000000000047,539
735356,5970,7.499999999999988,98
736026,5971,62.0000000000006,670
736204,5972,17.300000000000004,178
736302,5973,8.099999999999984,98
736858,5974,55.1000000000005,556
737981,5975,115.09999999999792,1123
738042,5976,3.1999999999999957,61
738205,5977,10.699999999999966,163
738832,5978,46.9000000000005,627
738974,5979,9.799999999999978,142
740393,5980,127.29999999999677,1419
740612,5981,17.500000000000014,219
741161,5982,50.50000000000046,549
741340,5983,16.199999999999996,179
741559,5984,21.70000000000006,219
741835,5985,19.900000000000095,276
743503,5986,151.5999999999954,1668
744755,5987,101.8999999999981,1252
744823,5988,5.999999999999993,68
745040,5989,17.30000000000003,217
745275,5990,19.100000000000072,235
745474,5991,14.59999999999998,199
745645,5992,13.299999999999963,171
746070,5993,36.00000000000026,425
746120,5994,-2.099999999999998,50
746529,5995,34.40000000000025,409
746782,5996,21.200000000000035,253
747284,5997,41.900000000000375,502
747560,5998,16.900000000000023,276
749470,5999,188.09999999999403,1910
749611,6000,13.899999999999968,141
750282,6001,60.300000000000644,671
751292,6002,98.0999999999988,1010
751344,6003,2.299999999999999,52
751999,6004,59.000000000000554,655
754691,6005,238.6999999999903,2692
755092,6006,27.90000000000025,401
757193,6007,199.69999999999305,2101
757412,6008,19.900000000000073,219
757498,6009,2.9999999999999902,86
760054,6010,239.19999999999095,2556
760818,6011,71.99999999999989,764
760887,6012,6.0999999999999925,69
761933,6013,97.19999999999878,1046
762301,6014,30.600000000000154,368
762708,6015,42.00000000000029,407
762813,6016,8.799999999999986,105
763049,6017,19.20000000000003,236
763330,6018,16.19999999999997,281
763436,6019,7.699999999999987,106
763732,6020,29.400000000000148,296
763900,6021,11.799999999999962,168
764135,6022,19.700000000000074,235
764879,6023,69.40000000000032,744
765889,6024,89.69999999999882,1010
766478,6025,44.90000000000044,589
766545,6026,5.299999999999997,67
766639,6027,3.7999999999999936,94
768325,6028,147.69999999999555,1686
768992,6029,67.10000000000038,667
769209,6030,20.90000000000005,217
769463,6031,20.100000000000026,254
769678,6032,20.700000000000017,215
770026,6033,30.700000000000216,348
770455,6034,35.20000000000028,429
770862,6035,36.00000000000029,407
771287,6036,36.00000000000032,425
771949,6037,63.900000000000446,662
772507,6038,56.50000000000049,558
772952,6039,40.100000000000314,445
773154,6040,16.699999999999992,202
773597,6041,45.90000000000037,443
774190,6042,56.70000000000053,593
774928,6043,74.49999999999993,738
775594,6044,51.400000000000574,666
777054,6045,113.69999999999766,1460
777895,6046,64.1000000000003,841
778061,6047,13.999999999999968,166
778111,6048,-0.8999999999999986,50
778626,6049,38.100000000000364,515
778800,6050,14.19999999999996,174
779341,6051,47.90000000000045,541
779400,6052,3.599999999999996,59
779542,6053,10.99999999999997,142
780199,6054,62.20000000000047,657
780928,6055,71.80000000000007,729
781014,6056,-0.5999999999999979,86
781179,6057,14.499999999999968,165
781347,6058,14.199999999999964,168
781998,6059,54.40000000000055,651
782539,6060,50.90000000000048,541
783471,6061,78.89999999999985,932
783981,6062,46.90000000000044,510
784536,6063,51.40000000000041,555
784629,6064,6.099999999999985,93
786148,6065,143.89999999999614,1519
786741,6066,47.100000000000435,593
786863,6067,5.69999999999998,122
787496,6068,62.20000000000058,633
788155,6069,62.400000000000546,659
788600,6070,41.90000000000035,445
789007,6071,38.4000000000003,407
789057,6072,-8.099999999999998,50
789107,6073,-7.499999999999998,50
790080,6074,86.89999999999931,973
790282,6075,12.499999999999952,202
790424,6076,7.399999999999972,142
791208,6077,76.69999999999978,784
791765,6078,38.40000000000034,557
792662,6079,86.49999999999942,897
793662,6080,96.79999999999882,1000
793984,6081,27.200000000000134,322
794034,6082,-8.7,50
794741,6083,69.6000000000002,707
795299,6084,41.50000000000045,558
796724,6085,131.49999999999653,1425
796774,6086,-5.099999999999998,50
797368,6087,51.40000000000048,594
797490,6088,5.699999999999978,122
800272,6089,262.39999999999156,2782
800487,6090,19.500000000000014,215
801271,6091,72.49999999999994,784
801321,6092,-7.499999999999998,50
802286,6093,92.39999999999893,965
803070,6094,79.69999999999952,784
804380,6095,101.69999999999793,1310
804748,6096,31.800000000000203,368
805825,6097,96.09999999999872,1077
806948,6098,99.49999999999831,1123
807356,6099,35.50000000000028,408
807914,6100,43.30000000000047,558
808018,6101,5.699999999999991,104
808426,6102,28.30000000000022,408
808794,6103,34.20000000000025,368
810405,6104,141.39999999999628,1611
811152,6105,68.50000000000024,747
811555,6106,39.200000000000294,403
811697,6107,9.79999999999997,142
811800,6108,8.599999999999984,103
812039,6109,21.900000000000077,239
813144,6110,85.39999999999888,1105
813245,6111,9.599999999999982,101
813724,6112,31.800000000000345,479
813782,6113,3.4999999999999964,58
814792,6114,84.89999999999934,1010
817270,6115,207.9999999999917,2478
818038,6116,70.00000000000003,768
818446,6117,30.100000000000268,408
818496,6118,-0.8999999999999986,50
819131,6119,61.200000000000614,635
819253,6120,6.899999999999977,122
819459,6121,18.300000000000033,206
819565,6122,10.09999999999998,106
819776,6123,15.8,211
819881,6124,6.99999999999999,105
820099,6125,16.200000000000003,218
820240,6126,15.09999999999997,141
820344,6127,8.699999999999982,104
820507,6128,4.699999999999974,163
820803,6129,15.599999999999937,296
821022,6130,15.699999999999974,219
821370,6131,30.10000000000022,348
822154,6132,71.30000000000024,784
822778,6133,56.200000000000585,624
823222,6134,36.40000000000031,444
824099,6135,67.40000000000023,877
824232,6136,7.999999999999975,133
824527,6137,30.500000000000156,295
825839,6138,113.29999999999806,1312
826280,6139,38.5000000000003,441
826347,6140,5.299999999999995,67
828845,6141,236.39999999999108,2498
829141,6142,28.800000000000125,296
829828,6143,51.1000000000006,687
830233,6144,32.80000000000026,405
831300,6145,88.49999999999883,1067
831822,6146,49.000000000000426,522
832457,6147,49.80000000000054,635
832507,6148,-6.899999999999999,50
832803,6149,23.400000000000095,296
832986,6150,17.80000000000001,183
833881,6151,80.89999999999964,895
834116,6152,16.70000000000005,235
834541,6153,34.80000000000025,425
834908,6154,25.100000000000165,367
835196,6155,25.900000000000148,288
835406,6156,18.700000000000028,210
835917,6157,41.600000000000364,511
835967,6158,-8.7,50
837037,6159,96.59999999999872,1070
837276,6160,21.300000000000075,239
837344,6161,5.999999999999995,68
837936,6162,42.80000000000048,592
838643,6163,67.20000000000041,707
839390,6164,61.90000000000073,747
840156,6165,66.20000000000034,766
840373,6166,16.700000000000003,217
840477,6167,5.099999999999996,104
840676,6168,10.399999999999954,199
840859,6169,15.999999999999968,183
841709,6170,75.79999999999973,850
842379,6171,57.80000000000057,670
842891,6172,48.30000000000041,512
843220,6173,28.200000000000156,329
844115,6174,73.09999999999951,895
846332,6175,199.5999999999929,2217
846551,6176,14.49999999999998,219
847897,6177,115.79999999999733,1346
848378,6178,38.00000000000032,481
848483,6179,8.799999999999981,105
849415,6180,83.09999999999944,932
849484,6181,-1.0999999999999992,69
849739,6182,18.400000000000073,255
849881,6183,9.799999999999976,142
850681,6184,66.3000000000001,800
850900,6185,20.50000000000002,219
850950,6186,-5.699999999999998,50
851847,6187,79.29999999999947,897
854063,6188,204.8999999999923,2216
854282,6189,19.30000000000002,219
854386,6190,6.299999999999983,104
857559,6191,294.89999999999833,3173
858117,6192,52.300000000000495,558
858290,6193,10.499999999999961,173
858507,6194,22.10000000000005,217
859932,6195,131.49999999999662,1425
859982,6196,-5.699999999999998,50
860085,6197,7.399999999999986,103
860642,6198,48.00000000000045,557
860784,6199,12.199999999999969,142
860967,6200,15.399999999999984,183
861600,6201,58.600000000000556,633
861740,6202,11.399999999999974,140
862179,6203,37.70000000000031,439
863143,6204,90.49999999999903,964
863850,6205,60.60000000000066,707
864444,6206,54.40000000000051,594
866507,6207,191.9999999999935,2063
867291,6208,67.10000000000038,784
868640,6209,121.49999999999746,1349
868705,6210,3.9000000000000012,65
868809,6211,8.699999999999982,104
868983,6212,14.799999999999972,174
869125,6213,10.99999999999997,142
869760,6214,51.00000000000054,635
871144,6215,133.09999999999664,1384
872303,6216,97.39999999999858,1159
873503,6217,107.1999999999981,1200
874060,6218,53.40000000000048,557
874355,6219,19.70000000000004,295
874747,6220,36.60000000000028,392
875043,6221,16.200000000000042,296
875601,6222,48.100000000000456,558
875741,6223,11.99999999999997,140
876149,6224,37.90000000000027,408
876480,6225,30.80000000000018,331
877716,6226,108.09999999999786,1236
877935,6227,21.700000000000035,219
878154,6228,22.900000000000063,219
879762,6229,147.09999999999616,1608
880130,6230,34.20000000000021,368
881043,6231,85.69999999999915,913
881373,6232,32.500000000000206,330
881931,6233,49.30000000000049,558
882525,6234,53.80000000000054,594
883523,6235,92.39999999999901,998
884795,6236,115.59999999999731,1272
887349,6237,240.79999999999055,2554
887454,6238,9.39999999999998,105
887667,6239,16.900000000000002,213
889052,6240,128.3999999999969,1385
890320,6241,115.19999999999773,1268
890536,6242,21.400000000000055,216
891848,6243,113.8999999999975,1312
891898,6244,-4.499999999999998,50
892646,6245,60.80000000000071,748
892750,6246,9.899999999999983,104
893118,6247,30.600000000000207,368
893258,6248,11.99999999999997,140
893364,6249,2.3000000000000007,106
893651,6250,25.800000000000146,287
894356,6251,70.60000000000021,705
894574,6252,17.400000000000016,218
895651,6253,108.09999999999819,1077
896738,6254,96.79999999999882,1087
897296,6255,51.70000000000048,558
898984,6256,153.89999999999554,1688
899124,6257,7.799999999999978,140
900323,6258,114.29999999999777,1199
900655,6259,30.900000000000176,332
901063,6260,30.700000000000202,408
903409,6261,221.1999999999918,2346
904080,6262,58.50000000000064,671
907313,6263,311.7000000000039,3233
907774,6264,32.10000000000036,461
907896,6265,6.899999999999977,122
909696,6266,161.1999999999948,1800
910366,6267,60.20000000000061,670
910847,6268,40.40000000000037,481
911553,6269,59.90000000000059,706
912710,6270,109.79999999999792,1157
914957,6271,217.29999999999208,2247
915096,6272,10.699999999999974,139
917647,6273,232.69999999999135,2551
919751,6274,173.59999999999368,2104
920837,6275,108.09999999999826,1086
921994,6276,104.39999999999806,1157
922290,6277,16.800000000000004,296
922848,6278,54.7000000000005,558
923180,6279,26.100000000000104,332
923509,6280,25.200000000000138,329
923838,6281,33.0000000000002,329
924343,6282,48.80000000000044,505
926368,6283,177.09999999999428,2025
927039,6284,68.10000000000034,671
929516,6285,216.89999999999148,2477
930827,6286,124.59999999999725,1311
932459,6287,150.69999999999544,1632
933469,6288,89.09999999999903,1010
935173,6289,149.4999999999955,1704
935957,6290,65.90000000000052,784
936737,6291,73.30000000000008,780
937973,6292,120.09999999999748,1236
939833,6293,162.0999999999946,1860
941069,6294,121.29999999999734,1236
941119,6295,-6.299999999999999,50
941580,6296,40.50000000000035,461
942586,6297,89.29999999999896,1006
943612,6298,79.29999999999946,1026
944093,6299,40.40000000000038,481
944161,6300,1.200000000000002,68
946414,6301,205.29999999999282,2253
946822,6302,29.50000000000024,408
949865,6303,294.1999999999981,3043
950536,6304,68.10000000000018,671
953467,6305,257.4999999999908,2931
956475,6306,254.39999999998818,3008
959216,6307,248.99999999998994,2741
960601,6308,127.79999999999723,1385
960651,6309,-7.499999999999998,50
960834,6310,19.000000000000007,183
963727,6311,244.39999999998938,2893
963945,6312,18.000000000000007,218
964597,6313,53.90000000000057,652
968735,6314,357.8000000000165,4138
968988,6315,19.400000000000013,253
971309,6316,203.3999999999926,2321
972054,6317,71.30000000000018,745
975247,6318,285.79999999999785,3193
976178,6319,78.79999999999991,931
979559,6320,313.3000000000031,3381
980081,6321,47.20000000000044,522
980413,6322,27.300000000000157,332
983794,6323,315.70000000000397,3381
984993,6324,111.89999999999785,1199
985043,6325,-0.8999999999999986,50
985337,6326,30.400000000000137,294
987554,6327,204.39999999999227,2217
989504,6328,181.59999999999417,1950
990966,6329,120.49999999999723,1462
991520,6330,48.30000000000046,554
992417,6331,85.29999999999939,897
992693,6332,16.300000000000086,276
994946,6333,205.2999999999925,2253
996937,6334,174.59999999999363,1991
997685,6335,62.60000000000071,748
999389,6336,138.09999999999596,1704
999439,6337,1.5,50
999489,6338,-6.899999999999999,50
