timestep,episode,reward,length
1073,0,-7.499999999999998,50
1123,1,-8.099999999999998,50
1173,2,-7.499999999999998,50
1223,3,-7.499999999999998,50
1273,4,-8.099999999999998,50
1323,5,-8.099999999999998,50
1373,6,-7.499999999999998,50
1423,7,-8.099999999999998,50
1473,8,-6.899999999999999,50
1523,9,-7.499999999999998,50
1573,10,-6.299999999999999,50
1623,11,-8.7,50
1673,12,-6.899999999999999,50
1723,13,-8.099999999999998,50
1773,14,-8.099999999999998,50
1823,15,-6.299999999999999,50
1873,16,-6.899999999999999,50
1923,17,-8.099999999999998,50
1973,18,-7.499999999999998,50
2023,19,-7.499999999999998,50
2073,20,-8.7,50
2123,21,-8.7,50
2173,22,-7.499999999999998,50
2223,23,-8.099999999999998,50
2273,24,-8.099999999999998,50
2323,25,-8.7,50
2373,26,-6.899999999999999,50
2423,27,-8.099999999999998,50
2473,28,-6.299999999999999,50
2523,29,-7.499999999999998,50
2573,30,-7.499999999999998,50
2623,31,-6.899999999999999,50
2673,32,-6.299999999999999,50
2723,33,-8.099999999999998,50
2773,34,-8.099999999999998,50
2823,35,-7.499999999999998,50
2873,36,-8.099999999999998,50
2923,37,-8.099999999999998,50
2973,38,-6.299999999999999,50
3023,39,-8.7,50
3073,40,-6.899999999999999,50
3123,41,-8.099999999999998,50
3173,42,-8.099999999999998,50
3223,43,-8.099999999999998,50
3273,44,-6.899999999999999,50
3323,45,-7.499999999999998,50
3373,46,-8.099999999999998,50
3423,47,-8.099999999999998,50
3473,48,-8.099999999999998,50
3523,49,-7.499999999999998,50
3573,50,-7.499999999999998,50
3623,51,-8.099999999999998,50
3673,52,-8.7,50
3723,53,-7.499999999999998,50
3773,54,-8.099999999999998,50
3823,55,-7.499999999999998,50
3873,56,-6.299999999999999,50
3923,57,-6.299999999999999,50
3973,58,-6.299999999999999,50
4023,59,-7.499999999999998,50
4073,60,-6.899999999999999,50
4123,61,-6.899999999999999,50
4173,62,-6.299999999999999,50
4223,63,-6.899999999999999,50
4273,64,-5.699999999999998,50
4323,65,-8.099999999999998,50
4373,66,-8.099999999999998,50
4423,67,-8.7,50
4473,68,-6.899999999999999,50
4523,69,-7.499999999999998,50
4573,70,-8.099999999999998,50
4623,71,-7.499999999999998,50
4673,72,-7.499999999999998,50
4723,73,-7.499999999999998,50
4773,74,-8.099999999999998,50
4823,75,-6.899999999999999,50
4873,76,-6.299999999999999,50
4923,77,-3.899999999999998,50
4973,78,-8.7,50
5023,79,-6.299999999999999,50
5073,80,-7.499999999999998,50
5123,81,-6.899999999999999,50
5173,82,-6.899999999999999,50
5223,83,-4.499999999999998,50
5273,84,-7.499999999999998,50
5323,85,-5.699999999999998,50
5373,86,-7.499999999999998,50
5423,87,-6.899999999999999,50
5473,88,-7.499999999999998,50
5523,89,-8.099999999999998,50
5573,90,-7.499999999999998,50
5623,91,-8.099999999999998,50
5673,92,-6.899999999999999,50
5723,93,-5.099999999999998,50
5773,94,-8.099999999999998,50
5823,95,-8.099999999999998,50
5873,96,-8.099999999999998,50
5923,97,-8.099999999999998,50
5973,98,-6.899999999999999,50
6023,99,-8.7,50
6073,100,-6.299999999999999,50
6123,101,-6.299999999999999,50
6173,102,-7.499999999999998,50
6223,103,-8.099999999999998,50
6273,104,-5.699999999999998,50
6323,105,-8.099999999999998,50
6373,106,-6.899999999999999,50
6423,107,-8.099999999999998,50
6473,108,-5.699999999999998,50
6523,109,-6.299999999999999,50
6573,110,-6.299999999999999,50
6623,111,-5.699999999999998,50
6673,112,-8.099999999999998,50
6723,113,-6.299999999999999,50
6773,114,-7.499999999999998,50
6823,115,-6.899999999999999,50
6873,116,-5.699999999999998,50
6923,117,-7.499999999999998,50
6973,118,-6.299999999999999,50
7023,119,-7.499999999999998,50
7073,120,-8.099999999999998,50
7123,121,-7.499999999999998,50
7173,122,-6.899999999999999,50
7223,123,-8.099999999999998,50
7273,124,-6.299999999999999,50
7323,125,-3.899999999999998,50
7373,126,-8.099999999999998,50
7423,127,-5.099999999999998,50
7473,128,-6.899999999999999,50
7523,129,-8.099999999999998,50
7573,130,-7.499999999999998,50
7623,131,-7.499999999999998,50
7673,132,-6.899999999999999,50
7723,133,-2.099999999999998,50
7773,134,-6.899999999999999,50
7823,135,-7.499999999999998,50
7873,136,-8.099999999999998,50
7923,137,-6.899999999999999,50
7973,138,-3.899999999999998,50
8023,139,-6.899999999999999,50
8073,140,-6.899999999999999,50
8123,141,-7.499999999999998,50
8173,142,-6.899999999999999,50
8223,143,-6.899999999999999,50
8273,144,-6.899999999999999,50
8323,145,-2.099999999999998,50
8373,146,-6.899999999999999,50
8423,147,-6.299999999999999,50
8473,148,-7.499999999999998,50
8523,149,-6.299999999999999,50
8573,150,-7.499999999999998,50
8623,151,-6.299999999999999,50
8673,152,-6.299999999999999,50
8723,153,-6.899999999999999,50
8773,154,-4.499999999999998,50
8823,155,-6.299999999999999,50
8873,156,-7.499999999999998,50
8923,157,-6.899999999999999,50
8973,158,-4.499999999999998,50
9023,159,-5.699999999999998,50
9073,160,-1.4999999999999982,50
9123,161,-5.099999999999998,50
9173,162,-6.299999999999999,50
9223,163,-6.299999999999999,50
9273,164,-7.499999999999998,50
9323,165,-6.899999999999999,50
9373,166,-7.499999999999998,50
9423,167,-8.099999999999998,50
9473,168,-6.899999999999999,50
9523,169,-7.499999999999998,50
9573,170,-8.099999999999998,50
9623,171,-6.899999999999999,50
9673,172,-3.299999999999998,50
9723,173,-5.699999999999998,50
9773,174,-6.299999999999999,50
9823,175,-5.699999999999998,50
9873,176,-7.499999999999998,50
9923,177,-5.099999999999998,50
9973,178,-6.899999999999999,50
10023,179,-5.699999999999998,50
10073,180,-4.499999999999998,50
10123,181,-2.099999999999998,50
10173,182,-6.899999999999999,50
10223,183,-8.099999999999998,50
10273,184,-5.099999999999998,50
10323,185,-5.099999999999998,50
10373,186,-7.499999999999998,50
10423,187,-5.099999999999998,50
10473,188,-6.299999999999999,50
10523,189,-6.899999999999999,50
10573,190,-5.099999999999998,50
10623,191,-5.099999999999998,50
10673,192,-5.099999999999998,50
10723,193,-2.699999999999998,50
10773,194,-6.899999999999999,50
10823,195,-0.8999999999999986,50
10873,196,-6.899999999999999,50
10923,197,-5.099999999999998,50
10973,198,-2.099999999999998,50
11023,199,-6.899999999999999,50
11073,200,-6.299999999999999,50
11123,201,-8.099999999999998,50
11173,202,-1.4999999999999982,50
11223,203,-6.299999999999999,50
11273,204,-6.899999999999999,50
11323,205,-5.699999999999998,50
11373,206,-0.8999999999999986,50
11423,207,-5.099999999999998,50
11473,208,-0.8999999999999986,50
11523,209,-2.699999999999998,50
11573,210,-1.4999999999999982,50
11623,211,-1.4999999999999982,50
11673,212,-0.8999999999999986,50
11723,213,-4.499999999999998,50
11773,214,-5.699999999999998,50
11823,215,-0.8999999999999986,50
11873,216,-5.699999999999998,50
11923,217,-5.699999999999998,50
11973,218,-2.699999999999998,50
12023,219,-0.8999999999999986,50
12073,220,-4.499999999999998,50
12123,221,-4.499999999999998,50
12173,222,-1.4999999999999982,50
12223,223,-1.4999999999999982,50
12273,224,-4.499999999999998,50
12323,225,-0.8999999999999986,50
12373,226,-0.8999999999999986,50
12423,227,-0.8999999999999986,50
12473,228,-0.8999999999999986,50
12523,229,-0.8999999999999986,50
12573,230,-4.499999999999998,50
12623,231,-1.4999999999999982,50
12673,232,-5.699999999999998,50
12723,233,-0.8999999999999986,50
12773,234,-0.8999999999999986,50
12823,235,-0.8999999999999986,50
12873,236,-0.8999999999999986,50
12923,237,-1.4999999999999982,50
12973,238,-0.8999999999999986,50
13023,239,-4.499999999999998,50
13073,240,-4.499999999999998,50
13123,241,-3.299999999999998,50
13173,242,-0.8999999999999986,50
13223,243,-0.8999999999999986,50
13273,244,-0.8999999999999986,50
13323,245,-0.8999999999999986,50
13373,246,-0.8999999999999986,50
13423,247,-3.899999999999998,50
13473,248,-0.8999999999999986,50
13523,249,-0.8999999999999986,50
13573,250,-2.699999999999998,50
13623,251,-0.8999999999999986,50
13673,252,-0.8999999999999986,50
13723,253,-0.8999999999999986,50
13773,254,-0.8999999999999986,50
13823,255,-2.099999999999998,50
13873,256,-0.8999999999999986,50
13923,257,-0.8999999999999986,50
13973,258,-0.8999999999999986,50
14023,259,-0.8999999999999986,50
14073,260,-0.8999999999999986,50
14123,261,0.3000000000000007,50
14173,262,1.5,50
14223,263,-0.8999999999999986,50
14273,264,-0.8999999999999986,50
14323,265,-5.099999999999998,50
14373,266,-0.8999999999999986,50
14423,267,0.9000000000000004,50
14473,268,-0.8999999999999986,50
14523,269,-0.8999999999999986,50
14585,270,1.7999999999999998,62
14635,271,-0.8999999999999986,50
14685,272,0.9000000000000004,50
14735,273,-0.8999999999999986,50
14785,274,-0.8999999999999986,50
14846,275,3.7999999999999954,61
14896,276,-0.8999999999999986,50
14946,277,-1.4999999999999982,50
14996,278,-0.8999999999999986,50
15046,279,-0.8999999999999986,50
15096,280,-0.8999999999999986,50
15146,281,2.0999999999999996,50
15196,282,-2.699999999999998,50
15246,283,-0.29999999999999893,50
15296,284,-0.8999999999999986,50
15346,285,-0.8999999999999986,50
15396,286,-0.8999999999999986,50
15446,287,-0.8999999999999986,50
15496,288,-0.8999999999999986,50
15546,289,-0.8999999999999986,50
15596,290,1.5,50
15646,291,-0.8999999999999986,50
15696,292,2.1000000000000014,50
15746,293,-0.8999999999999986,50
15796,294,0.3000000000000007,50
15846,295,-0.8999999999999986,50
15896,296,-0.8999999999999986,50
15946,297,-0.8999999999999986,50
15996,298,0.9000000000000004,50
16046,299,-0.29999999999999893,50
16096,300,-0.29999999999999893,50
16146,301,-0.8999999999999986,50
16196,302,-0.8999999999999986,50
16246,303,-0.8999999999999986,50
16296,304,-0.8999999999999986,50
16346,305,-0.29999999999999893,50
16396,306,-0.8999999999999986,50
16457,307,-0.3999999999999977,61
16507,308,-0.8999999999999986,50
16557,309,-0.8999999999999986,50
16607,310,-0.8999999999999986,50
16657,311,-0.8999999999999986,50
16707,312,-2.099999999999998,50
16757,313,1.5,50
16807,314,-0.8999999999999986,50
16868,315,3.1999999999999957,61
16918,316,-1.4999999999999982,50
16968,317,-3.299999999999998,50
17018,318,-0.8999999999999986,50
17068,319,-0.8999999999999986,50
17118,320,-2.699999999999998,50
17168,321,-2.099999999999998,50
17218,322,-0.29999999999999893,50
17272,323,0.10000000000000142,54
17340,324,-2.399999999999998,68
17394,325,1.299999999999999,54
17444,326,2.6999999999999993,50
17494,327,-0.8999999999999986,50
17551,328,2.799999999999997,57
17608,329,2.799999999999997,57
17658,330,-0.8999999999999986,50
17713,331,-0.39999999999999813,55
17763,332,-0.8999999999999986,50
17813,333,1.5,50
17863,334,-0.8999999999999986,50
17913,335,-0.8999999999999986,50
17963,336,-0.8999999999999986,50
18013,337,-0.29999999999999893,50
18063,338,-0.29999999999999893,50
18113,339,2.6999999999999993,50
18163,340,2.0999999999999996,50
18213,341,-0.8999999999999986,50
18263,342,0.9000000000000004,50
18313,343,-0.8999999999999986,50
18363,344,-0.8999999999999986,50
18414,345,2.799999999999999,51
18464,346,-0.8999999999999986,50
18514,347,-0.8999999999999986,50
18564,348,0.9000000000000004,50
18614,349,0.9000000000000004,50
18666,350,2.8999999999999986,52
18752,351,-2.399999999999999,86
18805,352,1.1999999999999993,53
18855,353,-0.8999999999999986,50
18905,354,-0.8999999999999986,50
18959,355,3.099999999999998,54
19009,356,-0.29999999999999893,50
19059,357,-0.8999999999999986,50
19110,358,-1.3999999999999986,51
19160,359,-0.8999999999999986,50
19210,360,-0.29999999999999893,50
19265,361,3.1999999999999975,55
19315,362,-0.8999999999999986,50
19370,363,-0.3999999999999986,55
19421,364,2.799999999999999,51
19471,365,0.3000000000000007,50
19524,366,2.9999999999999982,53
19574,367,-0.8999999999999986,50
19630,368,2.099999999999998,56
19680,369,-0.29999999999999893,50
19730,370,-0.8999999999999986,50
19783,371,1.1999999999999993,53
19843,372,3.099999999999996,60
19893,373,-0.8999999999999986,50
19949,374,2.099999999999998,56
19999,375,-0.29999999999999893,50
20049,376,0.9000000000000004,50
20099,377,-0.29999999999999893,50
20149,378,-0.29999999999999893,50
20201,379,2.8999999999999986,52
20255,380,2.4999999999999982,54
20306,381,2.1999999999999993,51
20356,382,-0.8999999999999986,50
20406,383,-0.29999999999999893,50
20456,384,-0.8999999999999986,50
20542,385,-2.9999999999999982,86
20608,386,2.800000000000003,66
20658,387,-0.29999999999999893,50
20744,388,-3.5999999999999988,86
20799,389,3.1999999999999975,55
20849,390,-0.8999999999999986,50
20899,391,-0.29999999999999893,50
20956,392,2.799999999999997,57
21006,393,-0.29999999999999893,50
21056,394,0.9000000000000004,50
21142,395,2.399999999999994,86
21192,396,0.9000000000000004,50
21256,397,0.2000000000000015,64
21316,398,-2.2999999999999985,60
21409,399,-3.499999999999997,93
21459,400,-0.8999999999999986,50
21509,401,2.6999999999999993,50
21559,402,0.9000000000000004,50
21609,403,-0.29999999999999893,50
21695,404,-3.6000000000000005,86
21752,405,2.1999999999999975,57
21809,406,0.40000000000000124,57
21859,407,-0.8999999999999986,50
21909,408,-0.8999999999999986,50
21959,409,-0.8999999999999986,50
22022,410,5.499999999999995,63
22113,411,-1.899999999999997,91
22181,412,1.7999999999999994,68
22225,413,2.1000000000000014,44
22280,414,-0.9999999999999987,55
22331,415,2.1999999999999993,51
22392,416,3.7999999999999954,61
22444,417,2.299999999999999,52
22494,418,0.9000000000000004,50
22544,419,-0.8999999999999986,50
22604,420,-2.2999999999999994,60
22665,421,2.599999999999997,61
22715,422,0.3000000000000007,50
22768,423,1.7763568394002505e-15,53
22821,424,1.2000000000000015,53
22878,425,1.0000000000000009,57
22928,426,0.3000000000000007,50
22991,427,3.6999999999999993,63
23040,428,-0.3999999999999986,49
23090,429,-0.29999999999999893,50
23140,430,2.6999999999999993,50
23190,431,2.0999999999999996,50
23243,432,2.3999999999999986,53
23296,433,-0.5999999999999983,53
23353,434,-2.5999999999999988,57
23384,435,0.8000000000000012,31
23438,436,-0.4999999999999982,54
23504,437,5.799999999999994,66
23554,438,-0.8999999999999986,50
23610,439,1.5000000000000009,56
23660,440,-0.8999999999999986,50
23715,441,2.599999999999998,55
23765,442,-0.8999999999999986,50
23815,443,2.0999999999999996,50
23901,444,2.3999999999999932,86
23951,445,0.9000000000000004,50
24014,446,0.6999999999999997,63
24076,447,4.1999999999999975,62
24126,448,0.9000000000000004,50
24176,449,1.5,50
24233,450,3.399999999999997,57
24293,451,3.099999999999996,60
24324,452,0.8000000000000012,31
24388,453,-0.9999999999999993,64
24476,454,1.9999999999999982,88
24526,455,2.0999999999999996,50
24594,456,5.999999999999993,68
24647,457,1.7763568394002505e-15,53
24700,458,2.3999999999999986,53
24836,459,0.19999999999999707,136
24890,460,3.099999999999998,54
24940,461,-0.8999999999999986,50
24990,462,1.5,50
25040,463,-0.8999999999999986,50
25133,464,0.09999999999999076,93
25187,465,3.099999999999998,54
25250,466,-2.2999999999999985,63
25300,467,-0.29999999999999893,50
25393,468,1.299999999999991,93
25443,469,1.5,50
25504,470,3.7999999999999954,61
25556,471,2.8999999999999986,52
25606,472,-0.29999999999999893,50
25656,473,-0.8999999999999986,50
25717,474,1.4,61
25767,475,1.5,50
25817,476,-0.29999999999999893,50
25917,477,-3.699999999999999,100
25981,478,3.8000000000000007,64
26045,479,4.999999999999995,64
26106,480,3.1999999999999957,61
26165,481,8.881784197001252e-16,59
26215,482,-0.29999999999999893,50
26282,483,0.4999999999999982,67
26332,484,2.6999999999999993,50
26393,485,-2.1999999999999993,61
26449,486,-0.29999999999999805,56
26499,487,-0.8999999999999986,50
26588,488,0.2999999999999998,89
26638,489,-0.29999999999999893,50
26698,490,2.4999999999999964,60
26784,491,1.7999999999999927,86
26870,492,1.1999999999999975,86
26936,493,5.199999999999996,66
26994,494,2.899999999999997,58
27050,495,3.299999999999997,56
27100,496,-0.8999999999999986,50
27162,497,2.400000000000002,62
27212,498,2.0999999999999996,50
27266,499,3.099999999999998,54
27325,500,-1.799999999999999,59
27382,501,0.40000000000000036,57
27438,502,3.299999999999997,56
27492,503,3.099999999999998,54
27556,504,3.7999999999999954,64
27610,505,0.10000000000000142,54
27664,506,3.099999999999998,54
27725,507,-8.199999999999998,61
27776,508,2.1999999999999993,51
27875,509,3.4000000000000004,99
27925,510,-1.4999999999999978,50
27981,511,-1.4999999999999987,56
28118,512,0.8999999999999924,137
28170,513,0.5,52
28256,514,-0.6000000000000019,86
28316,515,-2.2999999999999976,60
28366,516,2.1000000000000014,50
28452,517,1.7999999999999927,86
28519,518,4.699999999999998,67
28572,519,2.3999999999999986,53
28641,520,1.8999999999999981,69
28700,521,3.599999999999996,59
28750,522,2.6999999999999993,50
28806,523,2.6999999999999975,56
28861,524,3.1999999999999975,55
28964,525,4.999999999999987,103
29018,526,0.6999999999999993,54
29086,527,0.6000000000000023,68
29154,528,1.8000000000000016,68
29217,529,1.8999999999999995,63
29277,530,3.6999999999999957,60
29327,531,-0.8999999999999986,50
29377,532,-0.8999999999999986,50
29469,533,3.599999999999995,92
29562,534,1.2999999999999923,93
29627,535,-0.3000000000000006,65
29682,536,2.599999999999998,55
29742,537,3.099999999999996,60
29795,538,2.9999999999999982,53
29852,539,2.799999999999997,57
29916,540,-1.0000000000000004,64
29980,541,4.999999999999995,64
30031,542,1.5999999999999996,51
30096,543,-0.3000000000000006,65
30146,544,-0.8999999999999986,50
30213,545,1.6999999999999984,67
30270,546,3.399999999999997,57
30411,547,3.699999999999993,141
30473,548,-1.1999999999999993,62
30530,549,-4.399999999999999,57
30583,550,-2.3999999999999986,53
30638,551,-0.39999999999999813,55
30707,552,3.699999999999995,69
30767,553,-1.7000000000000004,60
30833,554,2.7999999999999985,66
30897,555,3.1999999999999993,64
31002,556,1.000000000000004,105
31100,557,3.899999999999987,98
31150,558,0.3000000000000007,50
31204,559,3.099999999999998,54
31256,560,2.8999999999999986,52
31354,561,5.699999999999987,98
31440,562,-2.9999999999999973,86
31526,563,1.7999999999999936,86
31586,564,-2.2999999999999985,60
31652,565,1.5999999999999988,66
31703,566,1.5999999999999996,51
31832,567,-0.8000000000000069,129
31901,568,-0.4999999999999989,69
31961,569,3.6999999999999957,60
32015,570,2.499999999999999,54
32109,571,4.999999999999986,94
32213,572,3.29999999999999,104
32343,573,4.099999999999985,130
32411,574,3.0000000000000018,68
32461,575,0.9000000000000004,50
32511,576,0.3000000000000007,50
32561,577,1.5,50
32615,578,2.4999999999999982,54
32744,579,3.999999999999978,129
32803,580,3.599999999999996,59
32854,581,2.799999999999999,51
32918,582,3.799999999999997,64
32971,583,2.9999999999999982,53
33072,584,5.399999999999984,101
33138,585,1.0000000000000018,66
33189,586,2.1999999999999993,51
33251,587,5.399999999999995,62
33304,588,2.9999999999999982,53
33370,589,4.599999999999994,66
33432,590,1.7999999999999998,62
33494,591,5.399999999999995,62
33580,592,1.1999999999999922,86
33646,593,0.9999999999999996,66
33713,594,0.4999999999999989,67
33799,595,2.999999999999993,86
33928,596,6.999999999999975,129
33989,597,3.1999999999999957,61
34075,598,5.999999999999988,86
34145,599,2.000000000000002,70
34243,600,5.099999999999986,98
34344,601,1.199999999999993,101
34430,602,1.79999999999999,86
34516,603,2.3999999999999897,86
34569,604,2.9999999999999982,53
34704,605,0.6999999999999833,135
34765,606,2.599999999999996,61
34947,607,11.699999999999962,182
35008,608,1.4,61
35094,609,2.9999999999999893,86
35154,610,3.6999999999999957,60
35207,611,1.799999999999999,53
35301,612,1.3999999999999937,94
35361,613,1.9,60
35426,614,4.499999999999996,65
35495,615,2.499999999999998,69
35663,616,5.199999999999972,168
35720,617,2.1999999999999975,57
35778,618,3.4999999999999964,58
35920,619,4.399999999999977,142
36006,620,1.1999999999999988,86
36072,621,4.599999999999999,66
36170,622,3.299999999999989,98
36240,623,3.7999999999999963,70
36374,624,-0.6000000000000076,134
36475,625,4.799999999999987,101
36535,626,1.8999999999999968,60
36590,627,2.599999999999998,55
36652,628,4.799999999999995,62
36714,629,4.1999999999999975,62
36775,630,3.7999999999999954,61
36861,631,2.3999999999999915,86
36928,632,4.699999999999995,67
37029,633,1.1999999999999944,101
37098,634,4.899999999999997,69
37168,635,4.399999999999997,70
37232,636,1.399999999999999,64
37365,637,6.799999999999974,133
37470,638,0.9999999999999916,105
37611,639,3.1000000000000005,141
37675,640,3.7999999999999954,64
37741,641,0.9999999999999973,66
37803,642,4.799999999999995,62
37903,643,6.499999999999984,100
37963,644,2.4999999999999982,60
38053,645,3.3999999999999906,90
38342,646,11.29999999999993,289
38406,647,3.799999999999999,64
38464,648,2.899999999999997,58
38647,649,8.799999999999962,183
38704,650,2.799999999999997,57
38766,651,5.399999999999995,62
38823,652,3.399999999999997,57
38881,653,3.4999999999999964,58
38943,654,1.8000000000000025,62
39079,655,3.799999999999984,136
39177,656,5.699999999999985,98
39245,657,1.799999999999998,68
39303,658,3.4999999999999964,58
39360,659,2.799999999999997,57
39458,660,6.899999999999984,98
39547,661,3.8999999999999906,89
39607,662,3.6999999999999957,60
39669,663,4.799999999999995,62
39738,664,3.6999999999999984,69
39834,665,3.399999999999986,96
39890,666,2.6999999999999975,56
39984,667,5.599999999999985,94
40073,668,4.499999999999988,89
40210,669,5.099999999999981,137
40260,670,0.3000000000000007,50
40328,671,2.4000000000000017,68
40393,672,0.8999999999999995,65
40490,673,4.099999999999989,97
40594,674,5.099999999999993,104
40659,675,3.9000000000000012,65
40723,676,3.799999999999998,64
40785,677,4.799999999999995,62
40888,678,1.4000000000000004,103
40955,679,5.899999999999993,67
41014,680,3.599999999999996,59
41144,681,7.699999999999974,130
41230,682,1.7999999999999918,86
41324,683,4.399999999999986,94
41389,684,2.100000000000002,65
41459,685,4.399999999999995,70
41523,686,1.9999999999999964,64
41697,687,0.3999999999999937,174
41797,688,6.499999999999984,100
41861,689,1.3999999999999986,64
41959,690,5.099999999999987,98
42022,691,3.6999999999999993,63
42160,692,4.59999999999999,138
42289,693,7.599999999999978,129
42349,694,3.6999999999999957,60
42409,695,3.6999999999999957,60
42511,696,2.4999999999999925,102
42578,697,3.4999999999999964,67
42644,698,4.0,66
42740,699,5.199999999999985,96
42809,700,5.499999999999995,69
42877,701,5.399999999999995,68
42973,702,5.799999999999986,96
43071,703,8.099999999999984,98
43177,704,7.099999999999982,106
43278,705,-0.6000000000000087,101
43342,706,3.1999999999999993,64
43404,707,1.7999999999999998,62
43469,708,0.8999999999999986,65
43534,709,4.5,65
43668,710,8.399999999999974,134
43767,711,6.999999999999986,99
43864,712,5.299999999999985,97
43922,713,2.899999999999997,58
43991,714,6.0999999999999925,69
44123,715,7.899999999999974,132
44220,716,6.499999999999984,97
44317,717,4.09999999999999,97
44371,718,2.4999999999999982,54
44429,719,3.4999999999999964,58
44494,720,5.699999999999994,65
44743,721,17.199999999999974,249
44806,722,3.1000000000000023,63
44948,723,4.399999999999977,142
45082,724,10.199999999999976,134
45143,725,3.7999999999999954,61
45229,726,2.999999999999994,86
45299,727,5.599999999999994,70
45362,728,4.899999999999995,63
45495,729,10.399999999999972,133
45555,730,3.6999999999999957,60
45621,731,3.9999999999999964,66
45727,732,7.099999999999984,106
45828,733,1.1999999999999966,101
45963,734,9.099999999999973,135
46028,735,5.099999999999997,65
46097,736,4.299999999999996,69
46193,737,6.999999999999984,96
46299,738,4.099999999999986,106
46474,739,11.299999999999962,175
46720,740,9.999999999999943,246
46788,741,4.1999999999999975,68
46847,742,3.599999999999996,59
46952,743,2.799999999999991,105
47015,744,3.0999999999999996,63
47194,745,8.399999999999967,179
47329,746,11.499999999999972,135
47543,747,15.799999999999962,214
47762,748,12.099999999999948,219
47860,749,2.7000000000000015,98
47987,750,4.39999999999998,127
48050,751,0.7000000000000006,63
48110,752,3.6999999999999957,60
48208,753,4.499999999999989,98
48341,754,9.799999999999972,133
48439,755,8.099999999999984,98
48501,756,5.399999999999995,62
48570,757,2.499999999999998,69
48638,758,2.399999999999998,68
48773,759,10.299999999999974,135
48878,760,6.399999999999985,105
48937,761,3.599999999999996,59
49033,762,5.799999999999985,96
49103,763,1.9999999999999978,70
49199,764,6.399999999999986,96
49331,765,9.099999999999975,132
49465,766,8.399999999999974,134
49530,767,3.9000000000000004,65
49597,768,4.699999999999998,67
49661,769,4.399999999999996,64
49724,770,3.6999999999999993,63
49859,771,7.899999999999974,135
50000,772,9.099999999999971,141
50099,773,6.399999999999984,99
50231,774,5.499999999999975,132
50293,775,2.9999999999999996,62
50389,776,6.999999999999984,96
50456,777,4.1,67
50562,778,7.699999999999983,106
50631,779,4.899999999999993,69
50729,780,9.299999999999983,98
50863,781,9.599999999999977,134
50964,782,5.999999999999984,101
51214,783,11.299999999999956,250
51283,784,5.499999999999995,69
51415,785,5.499999999999975,132
51519,786,8.099999999999984,104
51649,787,8.899999999999974,130
51712,788,5.499999999999995,63
51931,789,16.899999999999984,219
52029,790,5.699999999999988,98
52126,791,6.499999999999986,97
52221,792,6.2999999999999865,95
52274,793,2.9999999999999982,53
52407,794,9.199999999999973,133
52472,795,5.099999999999995,65
52574,796,4.299999999999993,102
52823,797,21.40000000000004,249
52960,798,7.499999999999975,137
53176,799,14.199999999999962,216
53317,800,8.499999999999975,141
53379,801,5.399999999999995,62
53485,802,6.499999999999985,106
53620,803,8.499999999999973,135
53752,804,9.699999999999973,132
53857,805,9.99999999999998,105
53922,806,5.699999999999994,65
54098,807,13.49999999999996,176
54392,808,24.40000000000012,294
54526,809,11.999999999999972,134
54662,810,7.999999999999973,136
54912,811,16.09999999999999,250
55009,812,6.499999999999984,97
55077,813,3.599999999999995,68
55210,814,9.799999999999972,133
55310,815,1.6999999999999904,100
55380,816,3.1999999999999957,70
55515,817,10.299999999999974,135
56059,818,30.800000000000217,544
56192,819,9.199999999999973,133
56372,820,7.899999999999963,180
56440,821,4.1999999999999975,68
56510,822,5.599999999999994,70
56574,823,4.999999999999995,64
56644,824,3.7999999999999936,70
56744,825,8.899999999999983,100
56878,826,10.799999999999972,134
56944,827,4.599999999999999,66
57014,828,4.399999999999997,70
57112,829,8.099999999999987,98
57328,830,17.199999999999974,216
57463,831,7.299999999999976,135
57597,832,2.999999999999984,134
57739,833,8.599999999999971,142
57839,834,1.1,100
57903,835,-1.0000000000000004,64
58194,836,20.500000000000043,291
58292,837,6.299999999999985,98
58430,838,5.799999999999979,138
58726,839,19.800000000000004,296
58832,840,7.099999999999982,106
58889,841,3.399999999999997,57
59021,842,10.299999999999972,132
59125,843,6.899999999999983,104
59221,844,5.799999999999985,96
59361,845,7.799999999999972,140
59837,846,28.50000000000023,476
59899,847,1.7999999999999998,62
59964,848,3.899999999999997,65
60101,849,6.299999999999975,137
60171,850,3.7999999999999936,70
60309,851,8.199999999999976,138
60379,852,3.7999999999999936,70
60449,853,1.4000000000000012,70
60583,854,10.199999999999973,134
60648,855,3.2999999999999954,65
60717,856,5.499999999999995,69
60963,857,11.799999999999942,246
61026,858,4.899999999999995,63
61274,859,17.09999999999997,248
61407,860,4.999999999999975,133
61542,861,10.899999999999972,135
61648,862,1.6999999999999882,106
61859,863,15.79999999999998,211
61993,864,11.399999999999972,134
62128,865,10.299999999999972,135
62225,866,5.899999999999984,97
62295,867,5.599999999999994,70
62365,868,2.599999999999998,70
62577,869,16.79999999999997,212
62712,870,10.299999999999974,135
62818,871,7.699999999999985,106
63145,872,25.00000000000008,327
63280,873,9.699999999999973,135
63348,874,2.3999999999999986,68
63416,875,5.999999999999993,68
63517,876,7.799999999999983,101
63585,877,5.399999999999995,68
63795,878,13.29999999999996,210
63863,879,4.799999999999997,68
64188,880,22.400000000000116,325
64251,881,4.899999999999996,63
64388,882,6.899999999999974,137
64450,883,1.7999999999999998,62
64774,884,25.600000000000115,324
65025,885,19.200000000000045,251
65163,886,5.199999999999982,138
65529,887,26.200000000000106,366
65595,888,5.799999999999994,66
65663,889,5.999999999999993,68
65768,890,0.3999999999999999,105
65832,891,3.799999999999998,64
66193,892,26.900000000000098,361
66258,893,4.499999999999995,65
66435,894,12.39999999999996,177
66536,895,7.799999999999983,101
66641,896,7.599999999999984,105
66707,897,4.599999999999996,66
66962,898,14.799999999999937,255
67141,899,11.999999999999963,179
67323,900,12.899999999999958,182
67571,901,15.299999999999947,248
67817,902,15.999999999999975,246
67995,903,11.299999999999962,178
68435,904,35.400000000000254,440
68679,905,18.20000000000002,244
68927,906,18.900000000000006,248
69253,907,23.700000000000106,326
69385,908,7.299999999999976,132
69484,909,3.9999999999999867,99
69550,910,4.599999999999996,66
69766,911,16.599999999999984,216
70096,912,16.90000000000002,330
70558,913,29.20000000000021,462
70699,914,6.699999999999978,141
71289,915,46.20000000000042,590
71357,916,3.599999999999995,68
71572,917,12.899999999999977,215
71821,918,18.40000000000004,249
71880,919,3.599999999999996,59
71943,920,4.899999999999996,63
72416,921,33.30000000000029,473
72888,922,33.200000000000266,472
73105,923,11.299999999999953,217
73278,924,10.499999999999966,173
73346,925,5.399999999999995,68
73468,926,4.499999999999979,122
73532,927,4.999999999999995,64
73665,928,9.799999999999972,133
73732,929,2.3,67
73985,930,19.400000000000002,253
74089,931,3.299999999999989,104
74194,932,7.599999999999982,105
74408,933,10.999999999999964,214
74589,934,10.99999999999996,181
74656,935,4.699999999999998,67
75323,936,30.500000000000462,667
75502,937,4.199999999999977,179
75571,938,3.699999999999995,69
76272,939,50.40000000000052,701
76374,940,10.299999999999981,102
76587,941,9.099999999999953,213
76656,942,3.699999999999995,69
76726,943,3.7999999999999936,70
76908,944,12.899999999999958,182
77152,945,18.80000000000004,244
77330,946,14.299999999999958,178
77767,947,32.40000000000028,437
78126,948,27.00000000000012,359
78330,949,12.099999999999952,204
78467,950,9.899999999999972,137
78721,951,15.899999999999984,254
78904,952,12.999999999999957,183
79121,953,15.499999999999957,217
79597,954,30.300000000000168,476
79779,955,8.099999999999966,182
80025,956,19.600000000000026,246
80162,957,9.899999999999972,137
80230,958,3.000000000000001,68
80364,959,7.799999999999974,134
80577,960,16.899999999999984,213
80633,961,3.299999999999997,56
80737,962,5.699999999999985,104
80831,963,4.999999999999986,94
81383,964,31.30000000000023,552
81860,965,42.40000000000032,477
81928,966,5.999999999999993,68
81997,967,4.899999999999997,69
82062,968,1.5,65
82313,969,20.40000000000003,251
82662,970,24.800000000000114,349
83055,971,23.50000000000009,393
83382,972,25.600000000000133,327
83581,973,8.599999999999957,199
83832,974,18.0,251
83935,975,6.799999999999983,103
84004,976,5.499999999999995,69
84256,977,18.09999999999999,252
84323,978,4.699999999999998,67
84572,979,20.200000000000035,249
84786,980,16.399999999999974,214
84997,981,17.600000000000012,211
85175,982,13.099999999999959,178
85261,983,1.7999999999999918,86
85479,984,17.4,218
85531,985,2.299999999999999,52
85780,986,19.600000000000026,249
86448,987,38.40000000000045,668
86514,988,4.599999999999999,66
86990,989,44.10000000000036,476
87128,990,11.799999999999972,138
87268,991,8.399999999999977,140
87632,992,28.400000000000126,364
87814,993,12.29999999999996,182
87990,994,6.299999999999963,176
88354,995,28.400000000000126,364
88604,996,22.700000000000063,250
88814,997,13.899999999999949,210
89109,998,25.700000000000113,295
89359,999,11.299999999999953,250
89495,1000,10.999999999999972,136
89861,1001,28.600000000000193,366
90226,1002,23.70000000000018,365
90477,1003,19.200000000000045,251
90546,1004,4.299999999999998,69
91021,1005,35.600000000000314,475
91088,1006,1.6999999999999984,67
91568,1007,33.70000000000027,480
92037,1008,39.50000000000032,469
92173,1009,6.199999999999977,136
92391,1010,14.399999999999983,218
92489,1011,7.499999999999984,98
92889,1012,23.000000000000135,400
93072,1013,16.599999999999966,183
93439,1014,25.100000000000144,367
93503,1015,3.799999999999998,64
93909,1016,33.50000000000024,406
94390,1017,38.60000000000031,481
94829,1018,32.90000000000024,439
95043,1019,15.799999999999955,214
95180,1020,11.69999999999997,137
95343,1021,7.6999999999999655,163
95710,1022,23.30000000000006,367
95845,1023,11.499999999999972,135
96174,1024,22.800000000000082,329
96277,1025,3.199999999999986,103
96496,1026,12.699999999999948,219
96714,1027,12.59999999999995,218
97236,1028,32.800000000000274,522
97415,1029,9.59999999999996,179
97744,1030,25.800000000000114,329
98222,1031,38.900000000000325,478
98700,1032,36.500000000000306,478
98952,1033,16.900000000000063,252
99315,1034,25.300000000000153,363
99642,1035,21.400000000000052,327
100005,1036,30.10000000000019,363
100297,1037,21.20000000000011,292
100460,1038,10.699999999999964,163
100623,1039,7.6999999999999655,163
100690,1040,4.699999999999998,67
100853,1041,1.6999999999999869,163
100956,1042,7.399999999999984,103
101170,1043,15.19999999999995,214
101496,1044,27.300000000000132,326
101633,1045,9.299999999999972,137
101996,1046,25.90000000000009,363
102136,1047,12.59999999999997,140
102353,1048,8.899999999999954,217
102945,1049,50.00000000000051,592
103125,1050,9.699999999999962,180
103190,1051,5.699999999999994,65
103485,1052,24.500000000000078,295
103851,1053,26.200000000000124,366
104728,1054,61.4000000000007,877
105283,1055,41.800000000000416,555
105796,1056,36.40000000000033,513
106012,1057,12.399999999999949,216
106247,1058,11.299999999999947,235
106429,1059,12.899999999999961,182
106759,1060,29.500000000000163,330
107122,1061,24.10000000000016,363
107826,1062,59.100000000000584,704
107892,1063,3.9999999999999947,66
108108,1064,12.99999999999997,216
109148,1065,86.99999999999933,1040
109254,1066,6.499999999999982,106
109585,1067,27.800000000000143,331
110027,1068,36.20000000000023,442
110132,1069,6.999999999999982,105
110689,1070,48.000000000000405,557
110866,1071,12.99999999999996,177
110936,1072,5.599999999999994,70
111413,1073,43.60000000000034,477
111739,1074,24.900000000000098,326
111809,1075,5.599999999999994,70
112251,1076,43.400000000000354,442
112469,1077,17.999999999999986,218
112719,1078,19.10000000000003,250
113012,1079,15.300000000000033,293
113261,1080,22.000000000000053,249
113326,1081,4.499999999999996,65
113395,1082,4.899999999999997,69
114061,1083,56.200000000000564,666
114503,1084,36.20000000000028,442
114716,1085,17.49999999999999,213
114783,1086,3.4999999999999964,67
115034,1087,17.99999999999999,251
115510,1088,39.900000000000304,476
115786,1089,16.900000000000023,276
116117,1090,20.60000000000002,331
116184,1091,4.699999999999998,67
116515,1092,25.400000000000095,331
116879,1093,26.000000000000156,364
117319,1094,42.00000000000032,440
117679,1095,28.300000000000182,360
118267,1096,50.80000000000047,588
118517,1097,22.700000000000056,250
118810,1098,23.700000000000088,293
119139,1099,22.200000000000106,329
119302,1100,5.299999999999967,163
119367,1101,5.099999999999995,65
119584,1102,18.50000000000001,217
120158,1103,42.500000000000426,574
120522,1104,29.60000000000017,364
121209,1105,52.30000000000056,687
121386,1106,11.79999999999996,177
121455,1107,3.1000000000000005,69
121862,1108,27.00000000000011,407
122382,1109,40.40000000000037,520
122749,1110,27.50000000000016,367
123225,1111,41.70000000000033,476
123701,1112,41.10000000000033,476
123841,1113,9.599999999999973,140
124393,1114,48.10000000000044,552
125401,1115,90.69999999999902,1008
125880,1116,34.20000000000027,479
126132,1117,15.099999999999962,252
126368,1118,19.200000000000035,236
126849,1119,30.800000000000225,481
127294,1120,34.10000000000026,445
128022,1121,58.500000000000654,728
128389,1122,23.300000000000193,367
128529,1123,9.599999999999971,140
128632,1124,5.599999999999984,103
129379,1125,55.90000000000065,747
129674,1126,30.500000000000163,295
130150,1127,45.30000000000039,476
130368,1128,11.999999999999948,218
130438,1129,6.199999999999992,70
130883,1130,38.30000000000032,445
130948,1131,2.0999999999999988,65
131202,1132,16.500000000000036,254
131343,1133,6.699999999999973,141
131935,1134,45.80000000000044,592
132828,1135,75.29999999999995,893
133010,1136,11.699999999999958,182
133374,1137,31.400000000000183,364
133629,1138,17.79999999999997,255
134131,1139,37.10000000000035,502
134987,1140,64.70000000000056,856
135509,1141,46.000000000000405,522
135872,1142,33.7000000000002,363
136276,1143,30.30000000000021,404
136531,1144,18.399999999999988,255
136816,1145,20.20000000000008,285
137861,1146,93.49999999999886,1045
137931,1147,4.9999999999999964,70
138712,1148,66.80000000000042,781
139458,1149,52.800000000000615,746
140802,1150,110.1999999999978,1344
141376,1151,44.300000000000445,574
141441,1152,3.899999999999997,65
141692,1153,21.00000000000005,251
142283,1154,51.7000000000005,591
142760,1155,38.20000000000033,477
142825,1156,4.5,65
143008,1157,12.399999999999958,183
143208,1158,12.899999999999952,200
143576,1159,34.800000000000225,368
144017,1160,35.50000000000028,441
144601,1161,49.50000000000048,584
144929,1162,31.70000000000016,328
144996,1163,4.1,67
145082,1164,2.3999999999999915,86
145152,1165,4.9999999999999964,70
145218,1166,4.599999999999999,66
146033,1167,69.3000000000003,815
146623,1168,48.6000000000005,590
146955,1169,23.100000000000083,332
147529,1170,41.90000000000042,574
148005,1171,38.70000000000029,476
148485,1172,37.300000000000296,480
149076,1173,51.70000000000047,591
149328,1174,24.700000000000085,252
149804,1175,44.70000000000037,476
151036,1176,105.2999999999979,1232
152062,1177,73.29999999999993,1026
152355,1178,23.100000000000104,293
152719,1179,33.20000000000021,364
153198,1180,40.2000000000003,479
153868,1181,54.800000000000594,670
154312,1182,37.0000000000003,444
155057,1183,61.100000000000556,745
156174,1184,92.89999999999867,1117
156881,1185,55.20000000000058,707
157428,1186,45.5000000000004,547
157983,1187,40.60000000000039,555
158161,1188,14.899999999999974,178
158550,1189,30.30000000000023,389
158994,1190,35.800000000000274,444
159134,1191,9.599999999999971,140
159918,1192,64.7000000000005,784
160622,1193,59.70000000000064,704
160690,1194,5.999999999999993,68
161130,1195,37.20000000000028,440
161197,1196,4.699999999999998,67
161831,1197,55.10000000000055,634
162159,1198,29.300000000000153,328
162525,1199,30.40000000000015,366
163232,1200,57.600000000000605,707
164011,1201,80.9999999999997,779
164246,1202,4.699999999999948,235
164838,1203,56.6000000000005,592
165166,1204,31.100000000000165,328
166387,1205,109.89999999999792,1221
167021,1206,52.700000000000536,634
167238,1207,16.100000000000037,217
167568,1208,25.30000000000015,330
167933,1209,31.500000000000156,365
169621,1210,138.89999999999588,1688
170099,1211,38.300000000000274,478
170262,1212,11.899999999999963,163
170366,1213,8.699999999999987,104
170844,1214,41.90000000000033,478
171324,1215,42.10000000000035,480
171463,1216,11.89999999999997,139
172321,1217,73.89999999999989,858
173624,1218,115.09999999999742,1303
174554,1219,83.4999999999992,930
175446,1220,76.39999999999999,892
176036,1221,43.80000000000043,590
176853,1222,68.90000000000032,817
177330,1223,35.80000000000032,477
177920,1224,47.40000000000048,590
179041,1225,92.69999999999881,1121
179257,1226,14.799999999999967,216
179622,1227,32.10000000000021,365
180891,1228,114.69999999999762,1269
181258,1229,24.500000000000146,367
181814,1230,49.10000000000044,556
181956,1231,11.59999999999997,142
182026,1232,5.599999999999994,70
183667,1233,138.9999999999959,1641
184144,1234,43.00000000000033,477
184735,1235,48.100000000000485,591
185237,1236,41.90000000000039,502
186052,1237,75.90000000000002,815
186945,1238,74.10000000000012,893
188553,1239,119.49999999999707,1608
190501,1240,166.3999999999943,1948
191278,1241,70.00000000000006,777
191836,1242,48.100000000000435,558
192167,1243,24.800000000000153,331
192837,1244,53.00000000000057,670
195201,1245,208.89999999999216,2364
195792,1246,54.10000000000049,591
196044,1247,21.700000000000042,252
196109,1248,4.5,65
196179,1249,4.399999999999997,70
197450,1250,117.8999999999977,1271
198157,1251,58.20000000000061,707
198711,1252,47.10000000000042,554
198781,1253,4.9999999999999964,70
199709,1254,83.89999999999948,928
200414,1255,62.800000000000644,705
201458,1256,96.99999999999861,1044
202617,1257,99.79999999999804,1159
203659,1258,86.59999999999933,1042
204745,1259,88.29999999999869,1086
205413,1260,57.60000000000059,668
205479,1261,5.799999999999994,66
205996,1262,44.90000000000038,517
206927,1263,78.19999999999987,931
207744,1264,67.70000000000043,817
208597,1265,71.89999999999992,853
208816,1266,19.900000000000016,219
209029,1267,19.90000000000003,213
209248,1268,10.89999999999995,219
209841,1269,52.50000000000048,593
210772,1270,87.19999999999922,931
212008,1271,115.29999999999774,1236
213434,1272,127.39999999999688,1426
214182,1273,59.60000000000065,748
214286,1274,5.099999999999992,104
215780,1275,125.79999999999656,1494
216710,1276,81.09999999999945,930
217413,1277,61.4000000000006,703
218419,1278,95.89999999999878,1006
218524,1279,6.399999999999983,105
219609,1280,95.9999999999988,1085
220279,1281,60.800000000000594,670
220646,1282,27.500000000000174,367
221091,1283,38.900000000000325,445
221345,1284,16.49999999999998,254
221938,1285,54.900000000000546,593
222008,1286,4.399999999999997,70
222058,1287,-5.099999999999998,50
222389,1288,23.600000000000126,331
222756,1289,28.100000000000147,367
222824,1290,4.799999999999997,68
222874,1291,-3.899999999999998,50
223884,1292,83.0999999999994,1010
224293,1293,32.000000000000234,409
224998,1294,61.000000000000654,705
225929,1295,76.9999999999996,931
226030,1296,2.399999999999992,101
227150,1297,88.39999999999917,1120
228196,1298,98.9999999999985,1046
228718,1299,44.80000000000037,522
231419,1300,235.69999999999027,2701
232239,1301,75.19999999999997,820
233358,1302,101.49999999999841,1119
234593,1303,107.39999999999807,1235
237104,1304,209.7999999999916,2511
237698,1305,46.00000000000048,594
239043,1306,131.29999999999686,1345
239749,1307,67.70000000000017,706
240908,1308,95.59999999999879,1159
241614,1309,58.700000000000635,706
242206,1310,58.40000000000052,592
243024,1311,71.99999999999976,818
243955,1312,72.19999999999963,931
244005,1313,-0.8999999999999986,50
244337,1314,26.100000000000176,332
244407,1315,4.9999999999999964,70
244885,1316,37.10000000000036,478
244971,1317,3.599999999999989,86
245360,1318,30.90000000000021,389
245839,1319,37.20000000000028,479
246881,1320,100.39999999999858,1042
247778,1321,75.09999999999984,897
248935,1322,107.99999999999804,1157
249492,1323,39.00000000000038,557
250272,1324,68.50000000000037,780
250455,1325,14.199999999999957,183
250934,1326,37.80000000000029,479
251037,1327,7.399999999999983,103
251631,1328,53.80000000000048,594
252222,1329,51.700000000000465,591
252554,1330,28.500000000000174,332
252717,1331,8.899999999999967,163
253197,1332,40.300000000000324,480
253450,1333,17.60000000000001,253
254457,1334,86.39999999999935,1007
254525,1335,4.799999999999997,68
254595,1336,4.399999999999997,70
255036,1337,40.900000000000304,441
255517,1338,42.20000000000036,481
255845,1339,25.100000000000104,328
256550,1340,61.60000000000065,705
256880,1341,17.500000000000046,330
257247,1342,28.70000000000015,367
257466,1343,11.499999999999948,219
258134,1344,56.400000000000574,668
258460,1345,29.700000000000156,326
259050,1346,52.80000000000048,590
259865,1347,71.70000000000022,815
260532,1348,64.10000000000056,667
261687,1349,104.79999999999836,1155
262581,1350,75.39999999999964,894
263345,1351,67.8000000000002,764
263713,1352,30.600000000000204,368
264045,1353,27.300000000000153,332
264599,1354,54.300000000000466,554
266094,1355,139.6999999999963,1495
266195,1356,8.999999999999982,101
268218,1357,184.69999999999362,2023
268268,1358,-4.499999999999998,50
268523,1359,24.40000000000007,255
269116,1360,53.10000000000048,593
269166,1361,-8.099999999999998,50
269216,1362,-8.7,50
269266,1363,-5.099999999999998,50
269316,1364,-7.499999999999998,50
269366,1365,-8.7,50
269416,1366,-7.499999999999998,50
269466,1367,-9.299999999999999,50
269516,1368,0.9000000000000004,50
269566,1369,-8.099999999999998,50
269616,1370,-9.299999999999999,50
269683,1371,5.299999999999995,67
269733,1372,-6.899999999999999,50
269802,1373,1.9000000000000017,69
269870,1374,4.7999999999999945,68
269920,1375,-8.099999999999998,50
269970,1376,-8.7,50
270020,1377,-8.7,50
270070,1378,-8.099999999999998,50
270120,1379,-8.7,50
270170,1380,-7.499999999999998,50
270220,1381,-6.899999999999999,50
270270,1382,-8.099999999999998,50
270320,1383,-8.099999999999998,50
270370,1384,-8.099999999999998,50
270420,1385,-7.499999999999998,50
270470,1386,2.0999999999999996,50
270520,1387,-6.899999999999999,50
270570,1388,-6.299999999999999,50
270620,1389,-8.7,50
270670,1390,-9.299999999999999,50
270720,1391,-8.7,50
270770,1392,-6.899999999999999,50
270820,1393,-8.7,50
270870,1394,-8.099999999999998,50
270920,1395,-8.099999999999998,50
270988,1396,4.799999999999997,68
271038,1397,-8.7,50
271088,1398,-7.499999999999998,50
271138,1399,-7.499999999999998,50
271188,1400,-8.7,50
271258,1401,1.400000000000003,70
271421,1402,4.099999999999985,163
272280,1403,79.99999999999947,859
272330,1404,-7.499999999999998,50
272380,1405,-8.099999999999998,50
272430,1406,-9.299999999999999,50
272480,1407,-6.899999999999999,50
272530,1408,-8.099999999999998,50
272580,1409,-8.7,50
272630,1410,-8.7,50
272680,1411,-8.7,50
272730,1412,-8.7,50
272780,1413,-8.099999999999998,50
272830,1414,-9.299999999999999,50
272880,1415,-8.7,50
272930,1416,-8.099999999999998,50
272980,1417,-8.099999999999998,50
273030,1418,-8.7,50
273080,1419,-8.7,50
273130,1420,-9.299999999999999,50
273180,1421,-8.7,50
273230,1422,-8.7,50
273280,1423,-6.899999999999999,50
273330,1424,-9.299999999999999,50
273380,1425,-8.099999999999998,50
273430,1426,-8.099999999999998,50
273480,1427,-9.299999999999999,50
273530,1428,-8.099999999999998,50
273580,1429,-9.299999999999999,50
273630,1430,-8.7,50
273680,1431,-9.299999999999999,50
273730,1432,-8.7,50
273780,1433,-8.7,50
273830,1434,-8.7,50
273880,1435,-8.099999999999998,50
273930,1436,-9.299999999999999,50
273980,1437,-8.099999999999998,50
274030,1438,-9.299999999999999,50
274080,1439,-8.099999999999998,50
274130,1440,-9.299999999999999,50
274180,1441,-9.299999999999999,50
274230,1442,-9.299999999999999,50
274280,1443,-9.299999999999999,50
274330,1444,-9.299999999999999,50
274380,1445,-8.099999999999998,50
274430,1446,-8.7,50
274480,1447,-9.299999999999999,50
274530,1448,-8.7,50
274580,1449,-8.099999999999998,50
274630,1450,-9.299999999999999,50
274680,1451,-8.099999999999998,50
274730,1452,-9.299999999999999,50
274780,1453,-8.7,50
274830,1454,-9.299999999999999,50
274880,1455,-8.7,50
274930,1456,-8.7,50
274980,1457,-9.299999999999999,50
275030,1458,-8.7,50
275080,1459,-8.7,50
275130,1460,-8.099999999999998,50
275180,1461,-8.7,50
275230,1462,-8.7,50
275280,1463,-9.299999999999999,50
275330,1464,-8.7,50
275380,1465,-8.7,50
275430,1466,-8.7,50
275480,1467,-9.299999999999999,50
275530,1468,-8.7,50
275580,1469,-5.099999999999998,50
275630,1470,-8.7,50
275716,1471,-0.5999999999999996,86
275766,1472,-6.899999999999999,50
275816,1473,-5.099999999999998,50
275866,1474,-8.7,50
275916,1475,-8.099999999999998,50
275966,1476,-8.7,50
276016,1477,-8.099999999999998,50
276066,1478,-8.099999999999998,50
276116,1479,-8.099999999999998,50
276166,1480,-6.899999999999999,50
276216,1481,-8.7,50
276266,1482,-6.899999999999999,50
276316,1483,-6.299999999999999,50
276366,1484,-7.499999999999998,50
276416,1485,-8.7,50
276466,1486,-8.7,50
276516,1487,-8.099999999999998,50
276584,1488,4.799999999999997,68
276634,1489,-6.899999999999999,50
276684,1490,-7.499999999999998,50
276734,1491,-4.499999999999998,50
276784,1492,-7.499999999999998,50
276834,1493,-6.299999999999999,50
276884,1494,-7.499999999999998,50
276934,1495,-5.699999999999998,50
276984,1496,-8.099999999999998,50
277034,1497,-8.7,50
277084,1498,-8.7,50
277134,1499,-6.299999999999999,50
277184,1500,-8.099999999999998,50
277234,1501,-7.499999999999998,50
277284,1502,-8.099999999999998,50
277334,1503,-7.499999999999998,50
277438,1504,5.099999999999984,104
277488,1505,-8.099999999999998,50
277538,1506,-8.7,50
277588,1507,-7.499999999999998,50
277638,1508,-8.7,50
277688,1509,-7.499999999999998,50
277738,1510,-6.899999999999999,50
277788,1511,-8.099999999999998,50
277838,1512,-6.899999999999999,50
277888,1513,-8.099999999999998,50
277938,1514,-8.7,50
277988,1515,-4.499999999999998,50
278038,1516,-8.7,50
278088,1517,-8.099999999999998,50
278138,1518,-8.099999999999998,50
278188,1519,-6.299999999999999,50
278238,1520,-8.099999999999998,50
278288,1521,-7.499999999999998,50
278338,1522,-8.7,50
278932,1523,52.600000000000485,594
278982,1524,-5.699999999999998,50
279032,1525,-7.499999999999998,50
279099,1526,4.699999999999998,67
279149,1527,-7.499999999999998,50
279199,1528,-7.499999999999998,50
279249,1529,-6.899999999999999,50
279299,1530,-8.099999999999998,50
279349,1531,-6.899999999999999,50
279399,1532,-8.099999999999998,50
279449,1533,-7.499999999999998,50
279499,1534,-7.499999999999998,50
279549,1535,-8.099999999999998,50
281046,1536,118.29999999999744,1497
281096,1537,-8.099999999999998,50
281146,1538,-6.899999999999999,50
281215,1539,3.6999999999999975,69
281265,1540,-6.299999999999999,50
281315,1541,-8.099999999999998,50
281365,1542,-7.499999999999998,50
281415,1543,-7.499999999999998,50
281465,1544,-8.099999999999998,50
281515,1545,-8.7,50
281565,1546,-8.7,50
281615,1547,-8.099999999999998,50
281665,1548,-8.099999999999998,50
281715,1549,-8.099999999999998,50
281821,1550,10.09999999999998,106
281871,1551,-8.7,50
281921,1552,-5.699999999999998,50
281971,1553,-7.499999999999998,50
282041,1554,2.600000000000003,70
282091,1555,-7.499999999999998,50
282141,1556,1.5,50
282191,1557,-8.7,50
282241,1558,-6.299999999999999,50
282291,1559,-4.499999999999998,50
282341,1560,0.3000000000000007,50
283521,1561,100.69999999999816,1180
283571,1562,-8.099999999999998,50
283621,1563,-8.7,50
283671,1564,-8.7,50
283757,1565,-1.1999999999999962,86
283807,1566,-5.699999999999998,50
283857,1567,0.3000000000000007,50
283907,1568,-5.099999999999998,50
284012,1569,6.3999999999999835,105
284062,1570,-7.499999999999998,50
284112,1571,-5.699999999999998,50
284180,1572,5.399999999999995,68
284281,1573,4.799999999999995,101
284331,1574,-5.699999999999998,50
284381,1575,2.6999999999999993,50
284860,1576,45.60000000000037,479
284964,1577,5.099999999999985,104
285014,1578,1.5,50
285083,1579,4.3,69
285133,1580,0.9000000000000004,50
285613,1581,36.700000000000315,480
285663,1582,-0.29999999999999893,50
285713,1583,-4.499999999999998,50
285763,1584,-5.699999999999998,50
285832,1585,4.899999999999997,69
285902,1586,4.9999999999999964,70
286798,1587,60.00000000000069,896
287127,1588,32.40000000000017,329
287196,1589,4.899999999999997,69
287412,1590,15.999999999999972,216
287818,1591,24.50000000000018,406
287920,1592,2.49999999999999,102
288737,1593,53.300000000000686,817
289407,1594,53.00000000000048,670
289737,1595,18.700000000000042,330
290295,1596,36.7000000000004,558
290364,1597,4.899999999999997,69
290470,1598,4.699999999999987,106
290540,1599,4.9999999999999964,70
290642,1600,7.299999999999988,102
291688,1601,92.99999999999882,1046
292390,1602,47.500000000000625,702
294110,1603,152.59999999999553,1720
294970,1604,74.09999999999997,860
296803,1605,150.39999999999517,1833
296869,1606,4.599999999999999,66
297348,1607,39.60000000000032,479
298132,1608,72.50000000000003,784
300304,1609,195.99999999999272,2172
301800,1610,137.3999999999964,1496
302467,1611,55.70000000000061,667
302911,1612,37.600000000000335,444
303730,1613,73.30000000000001,819
305075,1614,121.69999999999737,1345
305484,1615,30.800000000000225,409
305961,1616,37.60000000000033,477
306890,1617,79.19999999999983,929
307785,1618,76.6999999999998,895
308490,1619,61.000000000000654,705
309274,1620,73.69999999999985,784
309488,1621,21.800000000000054,214
311063,1622,129.09999999999627,1575
314446,1623,305.70000000000164,3383
315230,1624,71.29999999999998,784
316500,1625,104.59999999999805,1270
317171,1626,49.50000000000054,671
322246,1627,447.00000000003,5075
323369,1628,100.09999999999826,1123
327014,1629,332.8000000000094,3645
327230,1630,13.599999999999962,216
327335,1631,8.199999999999983,105
327439,1632,5.0999999999999925,104
329461,1633,174.99999999999403,2022
331183,1634,156.99999999999514,1722
332116,1635,90.39999999999911,933
333723,1636,145.79999999999586,1607
334091,1637,33.600000000000186,368
337583,1638,318.10000000000497,3492
338593,1639,96.89999999999883,1010
339149,1640,40.70000000000031,556
339481,1641,25.50000000000013,332
340038,1642,43.20000000000042,557
340201,1643,11.299999999999969,163
340455,1644,20.70000000000007,254
340559,1645,9.299999999999981,104
341117,1646,49.30000000000045,558
341220,1647,6.799999999999986,103
341625,1648,36.40000000000026,405
344027,1649,208.7999999999917,2402
344960,1650,87.3999999999993,933
345143,1651,15.399999999999999,183
345193,1652,-7.499999999999998,50
345243,1653,-6.299999999999999,50
345611,1654,33.00000000000021,368
346056,1655,41.30000000000033,445
346537,1656,48.20000000000037,481
346607,1657,4.399999999999995,70
346823,1658,14.799999999999947,216
347004,1659,15.799999999999962,181
347788,1660,65.9000000000004,784
350978,1661,286.69999999999646,3190
351082,1662,8.699999999999982,104
352015,1663,92.79999999999895,933
352762,1664,66.7000000000002,747
353207,1665,40.100000000000335,445
353426,1666,13.299999999999947,219
354660,1667,108.49999999999767,1234
355440,1668,72.10000000000021,780
356222,1669,61.50000000000063,782
356327,1670,8.199999999999982,105
356397,1671,3.799999999999997,70
356951,1672,51.30000000000045,554
357056,1673,4.599999999999989,105
359160,1674,193.99999999999324,2104
359795,1675,58.20000000000058,635
361027,1676,117.89999999999763,1232
361958,1677,83.59999999999923,931
362400,1678,41.00000000000032,442
363184,1679,65.9000000000004,784
363552,1680,30.0000000000002,368
365239,1681,139.9999999999956,1687
365607,1682,31.800000000000203,368
366581,1683,88.19999999999933,974
367173,1684,59.000000000000526,592
368895,1685,155.799999999995,1722
368997,1686,7.899999999999983,102
369632,1687,54.00000000000056,635
372786,1688,293.5999999999988,3154
374170,1689,118.69999999999705,1384
379053,1690,432.9000000000336,4883
379668,1691,44.50000000000045,615
379770,1692,7.899999999999984,102
379820,1693,-0.8999999999999986,50
380039,1694,13.299999999999953,219
380105,1695,5.199999999999996,66
380211,1696,6.499999999999982,106
380261,1697,-7.499999999999998,50
380329,1698,3.599999999999998,68
380397,1699,4.799999999999997,68
380501,1700,9.299999999999981,104
381172,1701,56.100000000000605,671
381222,1702,-8.099999999999998,50
381272,1703,-6.299999999999999,50
382544,1704,110.199999999998,1272
382594,1705,-9.299999999999999,50
382644,1706,-8.7,50
382694,1707,-8.7,50
382744,1708,-6.299999999999999,50
382794,1709,-8.7,50
382844,1710,-6.899999999999999,50
382949,1711,9.99999999999998,105
382999,1712,-9.299999999999999,50
383049,1713,-8.7,50
383099,1714,-9.299999999999999,50
383149,1715,-9.299999999999999,50
383199,1716,-8.7,50
383249,1717,-9.299999999999999,50
383299,1718,-9.299999999999999,50
383349,1719,-9.299999999999999,50
383399,1720,-9.299999999999999,50
383449,1721,-4.499999999999998,50
383499,1722,-6.899999999999999,50
383549,1723,-8.7,50
383599,1724,-9.299999999999999,50
383667,1725,5.999999999999993,68
383717,1726,-7.499999999999998,50
383767,1727,-9.299999999999999,50
383817,1728,-9.299999999999999,50
383867,1729,-9.299999999999999,50
383917,1730,-8.7,50
383967,1731,-9.299999999999999,50
384017,1732,-9.299999999999999,50
384067,1733,-8.7,50
384117,1734,-8.099999999999998,50
384223,1735,4.699999999999986,106
384273,1736,-8.7,50
384323,1737,-8.099999999999998,50
384373,1738,-8.099999999999998,50
384423,1739,-8.099999999999998,50
384473,1740,-9.299999999999999,50
384523,1741,-8.7,50
384573,1742,-8.7,50
384623,1743,-7.499999999999998,50
384673,1744,-8.099999999999998,50
384723,1745,-8.7,50
384773,1746,-9.299999999999999,50
385593,1747,65.0000000000005,820
385643,1748,-9.299999999999999,50
385693,1749,-8.7,50
385743,1750,-9.299999999999999,50
385793,1751,-8.7,50
385843,1752,-8.7,50
385893,1753,-9.299999999999999,50
385943,1754,-8.7,50
385993,1755,-6.899999999999999,50
386043,1756,-8.7,50
386093,1757,-8.7,50
386143,1758,-7.499999999999998,50
386193,1759,-9.299999999999999,50
386243,1760,-8.7,50
386293,1761,-9.299999999999999,50
386343,1762,-9.299999999999999,50
386393,1763,-8.7,50
386443,1764,-9.299999999999999,50
386493,1765,-9.299999999999999,50
386543,1766,-9.299999999999999,50
386593,1767,-9.299999999999999,50
386643,1768,-9.299999999999999,50
386693,1769,-8.7,50
386743,1770,-7.499999999999998,50
386793,1771,-9.299999999999999,50
386843,1772,-8.7,50
386893,1773,-8.099999999999998,50
386943,1774,-8.7,50
386993,1775,-9.299999999999999,50
387043,1776,-9.299999999999999,50
387093,1777,-8.7,50
387143,1778,-8.099999999999998,50
387193,1779,-9.299999999999999,50
387243,1780,-8.7,50
387293,1781,-9.299999999999999,50
387343,1782,-8.7,50
387393,1783,-8.099999999999998,50
387443,1784,-8.7,50
387493,1785,-9.299999999999999,50
387543,1786,-8.7,50
387593,1787,-8.099999999999998,50
387643,1788,-8.7,50
387693,1789,-9.299999999999999,50
387763,1790,4.399999999999997,70
387813,1791,-7.499999999999998,50
387863,1792,-8.7,50
387913,1793,-8.7,50
387963,1794,-8.7,50
388013,1795,-8.7,50
388063,1796,-8.7,50
388113,1797,-8.7,50
388163,1798,-8.7,50
388213,1799,-8.7,50
388263,1800,-8.7,50
388313,1801,-8.7,50
388363,1802,-8.7,50
388413,1803,-9.299999999999999,50
388463,1804,-8.099999999999998,50
388513,1805,-8.7,50
388563,1806,-9.299999999999999,50
388613,1807,-8.099999999999998,50
388663,1808,-7.499999999999998,50
389560,1809,72.70000000000014,897
389610,1810,-8.7,50
389660,1811,-8.099999999999998,50
389710,1812,-9.299999999999999,50
389760,1813,-8.7,50
389810,1814,-9.299999999999999,50
389860,1815,-9.299999999999999,50
389910,1816,-8.099999999999998,50
389960,1817,-8.099999999999998,50
390010,1818,-8.7,50
390060,1819,-9.299999999999999,50
390110,1820,-8.7,50
390160,1821,-8.7,50
390210,1822,-8.7,50
390260,1823,-9.299999999999999,50
390310,1824,-8.7,50
390360,1825,-8.7,50
390410,1826,-7.499999999999998,50
390460,1827,-8.099999999999998,50
390510,1828,-8.099999999999998,50
390560,1829,-8.099999999999998,50
390628,1830,4.799999999999997,68
390678,1831,-6.299999999999999,50
391975,1832,110.29999999999767,1297
392340,1833,33.300000000000196,365
394287,1834,172.29999999999418,1947
394355,1835,4.199999999999999,68
394651,1836,25.80000000000011,296
394721,1837,4.9999999999999964,70
396782,1838,195.99999999999324,2061
397452,1839,61.40000000000061,670
400192,1840,257.29999999999006,2740
400257,1841,4.499999999999996,65
401041,1842,75.49999999999983,784
401825,1843,59.30000000000066,784
401931,1844,6.499999999999984,106
404217,1845,217.89999999999208,2286
404319,1846,7.299999999999983,102
405325,1847,95.2999999999988,1006
406541,1848,91.99999999999878,1216
407515,1849,85.79999999999922,974
408073,1850,45.10000000000039,558
409419,1851,122.39999999999706,1346
410464,1852,92.89999999999904,1045
410873,1853,35.60000000000024,409
412031,1854,99.699999999998,1158
412098,1855,5.899999999999993,67
412616,1856,50.40000000000045,518
412984,1857,33.60000000000022,368
413087,1858,7.399999999999986,103
414206,1859,99.09999999999852,1119
414369,1860,8.899999999999965,163
415262,1861,84.29999999999941,893
415819,1862,49.80000000000045,557
416074,1863,16.00000000000004,255
416935,1864,81.39999999999958,861
417005,1865,5.599999999999994,70
417412,1866,37.20000000000026,407
417780,1867,32.40000000000018,368
418448,1868,58.80000000000059,668
419379,1869,79.99999999999947,931
419521,1870,11.59999999999997,142
421887,1871,220.4999999999919,2366
422819,1872,90.29999999999912,932
424164,1873,122.29999999999733,1345
424270,1874,6.499999999999982,106
424973,1875,65.00000000000051,703
425225,1876,22.30000000000008,252
425932,1877,61.80000000000056,707
427809,1878,165.89999999999483,1877
428589,1879,72.70000000000006,780
430579,1880,164.29999999999438,1990
431508,1881,88.7999999999992,929
432438,1882,85.89999999999924,930
432770,1883,26.100000000000126,332
433441,1884,54.90000000000057,671
433772,1885,23.600000000000126,331
433955,1886,5.199999999999973,183
434005,1887,0.9000000000000004,50
434372,1888,35.30000000000022,367
434811,1889,43.10000000000031,439
436237,1890,108.79999999999775,1426
437133,1891,79.19999999999955,896
437723,1892,58.80000000000051,590
438277,1893,48.30000000000046,554
439025,1894,62.600000000000655,748
439428,1895,36.200000000000244,403
440209,1896,66.80000000000054,781
440763,1897,45.90000000000044,554
441693,1898,82.29999999999927,930
445451,1899,338.40000000000816,3758
445817,1900,32.800000000000175,366
446257,1901,37.8000000000003,440
446811,1902,47.70000000000044,554
447142,1903,25.40000000000015,331
448374,1904,113.69999999999783,1232
449645,1905,109.4999999999981,1271
449751,1906,7.099999999999982,106
451475,1907,150.59999999999556,1724
451727,1908,24.100000000000076,252
452623,1909,85.79999999999929,896
454569,1910,182.9999999999939,1946
454936,1911,36.500000000000256,367
455493,1912,35.40000000000028,557
455599,1913,10.09999999999998,106
457513,1914,174.69999999999422,1914
458443,1915,84.09999999999955,930
458886,1916,42.30000000000033,443
459670,1917,64.10000000000063,784
460715,1918,87.49999999999906,1045
461308,1919,45.3000000000005,593
461604,1920,25.800000000000146,296
462195,1921,54.10000000000052,591
463806,1922,150.99999999999565,1611
464812,1923,95.89999999999877,1006
465631,1924,72.10000000000004,819
466830,1925,113.09999999999779,1199
466896,1926,2.800000000000003,66
470877,1927,367.90000000001356,3981
471243,1928,32.200000000000216,366
472818,1929,129.69999999999644,1575
474166,1930,117.79999999999775,1348
474647,1931,44.60000000000036,481
476332,1932,146.99999999999557,1685
477374,1933,94.39999999999883,1042
478307,1934,73.00000000000016,933
478372,1935,3.899999999999997,65
480249,1936,158.09999999999476,1877
481069,1937,73.39999999999993,820
481399,1938,19.300000000000093,330
482485,1939,96.0999999999985,1086
483378,1940,79.49999999999989,893
484193,1941,68.70000000000033,815
486071,1942,171.39999999999458,1878
486516,1943,36.500000000000306,445
487786,1944,111.19999999999789,1270
488152,1945,32.2000000000002,366
490063,1946,176.19999999999436,1911
491185,1947,92.79999999999865,1122
491291,1948,9.49999999999998,106
491846,1949,52.000000000000455,555
492327,1950,44.60000000000036,481
492467,1951,10.199999999999976,140
493170,1952,60.8000000000006,703
493234,1953,4.999999999999996,64
493526,1954,22.4000000000001,292
494309,1955,71.20000000000002,783
495169,1956,76.49999999999942,860
495951,1957,71.10000000000025,782
498846,1958,259.59999999999025,2895
500288,1959,115.1999999999971,1442
501108,1960,75.19999999999987,820
501250,1961,11.59999999999997,142
501391,1962,10.89999999999997,141
504077,1963,251.29999999998986,2686
504182,1964,6.399999999999983,105
504250,1965,5.999999999999993,68
506157,1966,175.19999999999413,1907
506525,1967,31.200000000000195,368
508475,1968,167.19999999999416,1950
508804,1969,21.000000000000053,329
508909,1970,7.599999999999987,105
511614,1971,243.2999999999903,2705
512963,1972,125.69999999999708,1349
513013,1973,-5.099999999999998,50
513267,1974,25.50000000000009,254
513370,1975,7.399999999999984,103
513512,1976,13.399999999999968,142
515163,1977,146.8999999999955,1651
519111,1978,372.1000000000144,3948
520493,1979,126.89999999999706,1382
521274,1980,72.80000000000001,781
521602,1981,29.90000000000016,328
521880,1982,24.30000000000011,278
522208,1983,31.10000000000018,328
522649,1984,39.700000000000294,441
523240,1985,52.30000000000051,591
523831,1986,54.70000000000051,591
524386,1987,49.600000000000406,555
526297,1988,171.39999999999446,1911
527000,1989,63.80000000000061,703
529701,1990,247.69999999999018,2701
530485,1991,74.89999999999976,784
531495,1992,92.09999999999891,1010
531750,1993,20.800000000000058,255
531967,1994,19.10000000000003,217
532711,1995,73.60000000000008,744
532964,1996,24.800000000000086,253
533068,1997,8.099999999999982,104
533400,1998,27.900000000000162,332
535124,1999,157.79999999999524,1724
536583,2000,135.19999999999666,1459
537967,2001,122.29999999999708,1384
539126,2002,99.19999999999811,1159
539267,2003,9.099999999999971,141
539634,2004,29.900000000000198,367
539817,2005,14.199999999999958,183
540034,2006,16.099999999999955,217
540102,2007,4.799999999999997,68
540354,2008,13.299999999999939,252
540419,2009,3.9000000000000004,65
541167,2010,60.800000000000686,748
541269,2011,7.899999999999988,102
542050,2012,71.6,781
542418,2013,34.80000000000022,368
543124,2014,58.70000000000064,706
543681,2015,49.80000000000041,557
543863,2016,12.299999999999962,182
545697,2017,170.2999999999947,1834
548512,2018,262.3999999999913,2815
552456,2019,374.1000000000169,3944
552784,2020,32.90000000000018,328
553001,2021,19.700000000000024,217
553106,2022,8.799999999999983,105
554454,2023,111.19999999999779,1348
555069,2024,44.50000000000049,615
555736,2025,56.30000000000053,667
555806,2026,3.7999999999999936,70
556511,2027,60.40000000000066,705
557670,2028,97.39999999999867,1159
557774,2029,6.299999999999987,104
558558,2030,66.5000000000002,784
560357,2031,149.0999999999952,1799
561739,2032,128.09999999999678,1382
562184,2033,37.70000000000028,445
562778,2034,47.80000000000049,594
564426,2035,151.9999999999956,1648
565208,2036,69.9000000000001,782
565842,2037,47.90000000000045,634
565910,2038,4.799999999999997,68
566504,2039,56.20000000000051,594
568903,2040,217.49999999999162,2399
569009,2041,7.099999999999985,106
569640,2042,55.40000000000056,631
569779,2043,7.699999999999974,139
570823,2044,95.79999999999889,1044
572283,2045,129.89999999999634,1460
572990,2046,66.60000000000043,707
573245,2047,21.400000000000055,255
573313,2048,5.999999999999993,68
574772,2049,130.3999999999967,1459
578264,2050,307.9000000000025,3492
579985,2051,167.09999999999485,1721
580089,2052,7.499999999999982,104
580759,2053,62.600000000000485,670
581879,2054,100.99999999999828,1120
582320,2055,30.700000000000315,441
584492,2056,201.39999999999304,2172
585576,2057,94.69999999999867,1084
586281,2058,65.2000000000004,705
586609,2059,31.700000000000195,328
586977,2060,30.600000000000218,368
587987,2061,93.89999999999887,1010
589786,2062,165.2999999999949,1799
590907,2063,111.89999999999795,1121
591611,2064,64.50000000000054,704
592316,2065,62.200000000000614,705
594080,2066,138.6999999999959,1764
594220,2067,6.599999999999976,140
594810,2068,49.800000000000466,590
596044,2069,107.8999999999979,1234
596110,2070,4.599999999999999,66
596893,2071,67.00000000000026,783
596998,2072,8.799999999999983,105
597443,2073,43.70000000000035,445
599467,2074,195.59999999999349,2024
600441,2075,94.19999999999878,974
600658,2076,17.300000000000015,217
600762,2077,2.6999999999999877,104
601433,2078,57.90000000000055,671
601652,2079,14.499999999999954,219
602133,2080,40.40000000000029,481
604270,2081,202.39999999999307,2137
604523,2082,25.400000000000098,253
605418,2083,80.8999999999997,895
606009,2084,57.100000000000506,591
606452,2085,44.10000000000032,443
606671,2086,19.90000000000002,219
606773,2087,9.699999999999982,102
607293,2088,41.60000000000038,520
607396,2089,8.599999999999982,103
608874,2090,116.69999999999682,1478
610558,2091,142.69999999999578,1684
611790,2092,120.2999999999976,1232
612235,2093,38.900000000000276,445
613467,2094,111.29999999999771,1232
613515,2095,0.10000000000000142,48
613734,2096,15.69999999999997,219
613838,2097,6.8999999999999835,104
614204,2098,33.400000000000226,366
614253,2099,-0.3999999999999986,49
616129,2100,171.7999999999943,1876
616649,2101,47.60000000000039,520
616868,2102,18.100000000000026,219
617763,2103,83.89999999999931,895
617833,2104,4.399999999999997,70
618878,2105,92.89999999999881,1045
619623,2106,58.10000000000063,745
619765,2107,9.79999999999997,142
621827,2108,166.69999999999408,2062
623703,2109,167.59999999999434,1876
624183,2110,40.900000000000354,480
625680,2111,132.69999999999652,1497
626350,2112,56.60000000000058,670
626454,2113,8.699999999999982,104
629385,2114,256.89999999999037,2931
629907,2115,41.200000000000394,522
630046,2116,13.699999999999969,139
631508,2117,128.2999999999968,1462
631612,2118,8.099999999999982,104
631941,2119,30.00000000000018,329
632838,2120,76.29999999999983,897
632904,2121,5.799999999999994,66
633348,2122,40.60000000000033,444
633826,2123,46.7000000000004,478
633893,2124,5.899999999999993,67
634694,2125,74.8,801
635930,2126,117.0999999999976,1236
636036,2127,3.499999999999992,106
636141,2128,5.799999999999983,105
636586,2129,17.299999999999926,445
638044,2130,133.2999999999965,1458
638751,2131,62.400000000000595,707
638890,2132,8.899999999999977,139
639369,2133,48.00000000000037,479
639439,2134,6.199999999999992,70
640372,2135,83.19999999999948,933
642588,2136,194.69999999999266,2216
643069,2137,47.000000000000384,481
643433,2138,33.20000000000019,364
645569,2139,195.0999999999928,2136
648464,2140,276.39999999999543,2895
648908,2141,39.400000000000304,444
649837,2142,72.00000000000037,929
650766,2143,85.79999999999944,929
651471,2144,56.80000000000063,705
651839,2145,33.60000000000021,368
652392,2146,49.40000000000046,553
652724,2147,31.5000000000002,332
654523,2148,165.8999999999945,1799
654929,2149,37.10000000000025,406
656015,2150,103.29999999999819,1086
656270,2151,19.60000000000001,255
657616,2152,126.59999999999704,1346
658739,2153,95.2999999999983,1123
659861,2154,99.39999999999856,1122
661924,2155,181.1999999999935,2063
662631,2156,64.20000000000059,707
662963,2157,28.500000000000163,332
664348,2158,126.59999999999684,1385
664418,2159,4.9999999999999964,70
664521,2160,5.599999999999987,103
665529,2161,87.6999999999989,1008
667101,2162,154.59999999999562,1572
667207,2163,6.499999999999983,106
668216,2164,92.59999999999883,1009
668302,2165,2.3999999999999897,86
669726,2166,122.99999999999677,1424
670018,2167,14.599999999999936,292
671218,2168,92.79999999999856,1200
672038,2169,74.6000000000001,820
673331,2170,113.49999999999767,1293
674263,2171,80.69999999999972,932
675195,2172,90.89999999999917,932
675898,2173,65.00000000000051,703
676246,2174,33.10000000000019,348
677705,2175,129.79999999999677,1459
677755,2176,-0.8999999999999986,50
678007,2177,21.700000000000077,252
685152,2178,659.1000000000788,7145
685668,2179,47.20000000000044,516
687467,2180,162.89999999999532,1799
689231,2181,171.69999999999462,1764
691933,2182,253.19999999998979,2702
692568,2183,59.40000000000057,635
694062,2184,135.99999999999636,1494
694317,2185,20.20000000000006,255
694387,2186,5.599999999999994,70
695656,2187,108.69999999999807,1269
696247,2188,58.300000000000516,591
696916,2189,57.10000000000061,669
697438,2190,40.00000000000039,522
701124,2191,337.20000000000664,3686
701379,2192,24.40000000000008,255
701860,2193,38.600000000000314,481
702562,2194,68.5000000000003,702
703152,2195,51.60000000000049,590
703406,2196,25.50000000000009,254
703660,2197,25.500000000000107,254
703909,2198,22.00000000000005,249
704274,2199,31.500000000000213,365
705317,2200,102.89999999999841,1043
705572,2201,22.600000000000076,255
707484,2202,170.29999999999436,1912
708229,2203,69.50000000000021,745
711194,2204,283.3999999999963,2965
711672,2205,36.500000000000334,478
712603,2206,82.9999999999996,931
715078,2207,229.29999999999117,2475
719284,2208,372.40000000001487,4206
719648,2209,33.80000000000019,364
720919,2210,116.09999999999778,1271
721476,2211,51.60000000000042,557
723693,2212,195.39999999999296,2217
724893,2213,113.799999999998,1200
725935,2214,99.19999999999865,1042
726005,2215,4.399999999999997,70
727580,2216,150.69999999999564,1575
729268,2217,162.29999999999544,1688
730084,2218,66.40000000000045,816
730642,2219,54.10000000000045,558
731346,2220,56.100000000000634,704
732581,2221,113.99999999999758,1235
733704,2222,100.69999999999837,1123
734863,2223,94.99999999999896,1159
736584,2224,140.0999999999957,1721
738421,2225,170.5999999999944,1837
739507,2226,104.49999999999838,1086
741044,2227,136.3999999999961,1537
741113,2228,4.899999999999993,69
741183,2229,4.9999999999999964,70
742341,2230,100.89999999999843,1158
743913,2231,137.19999999999678,1572
744887,2232,83.99999999999946,974
748379,2233,296.4999999999985,3492
748743,2234,33.8000000000002,364
748959,2235,19.000000000000025,216
750115,2236,91.6999999999984,1156
750370,2237,23.80000000000008,255
752962,2238,234.0999999999904,2592
754799,2239,165.79999999999453,1837
757388,2240,219.39999999999154,2589
760918,2241,339.00000000000773,3530
762041,2242,94.09999999999852,1123
762635,2243,56.200000000000514,594
763113,2244,44.900000000000375,478
764235,2245,102.99999999999848,1122
764454,2246,18.100000000000033,219
764524,2247,5.599999999999994,70
766325,2248,164.89999999999455,1801
766919,2249,49.60000000000051,594
767362,2250,36.900000000000276,443
771911,2251,418.4000000000275,4549
772014,2252,7.999999999999984,103
775546,2253,324.20000000000397,3532
776026,2254,41.50000000000034,480
779668,2255,320.5000000000071,3642
780791,2256,96.49999999999822,1123
781046,2257,22.000000000000075,255
781188,2258,8.599999999999973,142
782120,2259,84.89999999999937,932
784032,2260,181.09999999999386,1912
784102,2261,4.9999999999999964,70
784243,2262,10.29999999999997,141
785929,2263,139.89999999999574,1686
786823,2264,89.19999999999912,894
787458,2265,60.60000000000057,635
788499,2266,93.09999999999894,1041
788942,2267,41.1000000000003,443
789309,2268,35.90000000000021,367
790428,2269,101.49999999999845,1119
791134,2270,59.90000000000064,706
791916,2271,66.9000000000005,782
792021,2272,6.399999999999983,105
793404,2273,123.39999999999722,1383
794864,2274,133.49999999999645,1460
795421,2275,55.8000000000005,557
799708,2276,358.90000000001373,4287
800490,2277,74.69999999999999,782
800899,2278,34.40000000000026,409
801304,2279,38.80000000000026,405
802346,2280,106.99999999999821,1042
805652,2281,294.3999999999979,3306
808505,2282,250.89999999998935,2853
808608,2283,8.599999999999987,103
811798,2284,260.8999999999901,3190
812844,2285,95.39999999999871,1046
813705,2286,74.79999999999987,861
814146,2287,39.1000000000003,441
814248,2288,8.499999999999984,102
815743,2289,145.0999999999962,1495
816091,2290,28.900000000000176,348
816794,2291,69.20000000000024,703
820662,2292,349.70000000001204,3868
820730,2293,4.799999999999997,68
821659,2294,86.39999999999944,929
821762,2295,4.399999999999997,103
821868,2296,6.499999999999982,106
821972,2297,3.8999999999999915,104
822078,2298,6.499999999999983,106
822555,2299,42.400000000000354,477
823111,2300,53.900000000000475,556
823178,2301,4.699999999999995,67
823768,2302,61.80000000000056,590
824585,2303,71.3000000000002,817
825255,2304,56.6000000000006,670
825849,2305,38.800000000000445,594
827536,2306,138.19999999999627,1687
829258,2307,159.999999999995,1722
830232,2308,81.59999999999964,974
831049,2309,79.69999999999962,817
832284,2310,116.39999999999763,1235
834158,2311,158.99999999999525,1874
834732,2312,47.90000000000049,574
834797,2313,5.699999999999994,65
836596,2314,169.49999999999466,1799
837791,2315,107.29999999999787,1195
838948,2316,116.39999999999777,1157
839619,2317,62.10000000000062,671
839950,2318,29.600000000000158,331
843365,2319,289.99999999999574,3415
844937,2320,140.7999999999962,1572
845269,2321,30.30000000000016,332
845600,2322,32.00000000000018,331
846570,2323,96.19999999999877,970
846934,2324,27.200000000000188,364
847263,2325,33.00000000000018,329
848011,2326,69.80000000000024,748
848758,2327,66.70000000000033,747
851608,2328,243.99999999998985,2850
852050,2329,26.000000000000107,442
852721,2330,63.300000000000566,671
852823,2331,7.299999999999983,102
853528,2332,68.20000000000034,705
855702,2333,197.39999999999264,2174
855771,2334,4.899999999999997,69
856063,2335,23.600000000000076,292
856201,2336,11.79999999999997,138
859392,2337,294.60000000000014,3191
859610,2338,16.200000000000017,218
862505,2339,267.99999999999363,2895
863007,2340,40.70000000000038,502
863372,2341,35.100000000000215,365
864378,2342,82.69999999999935,1006
865873,2343,133.09999999999673,1495
866768,2344,83.29999999999959,895
867099,2345,29.0000000000002,331
869046,2346,172.29999999999444,1947
869943,2347,73.29999999999995,897
870646,2348,63.20000000000063,703
871540,2349,85.59999999999928,894
872132,2350,51.20000000000049,592
872951,2351,73.90000000000008,819
873432,2352,42.80000000000037,481
874100,2353,57.00000000000059,668
875413,2354,113.39999999999765,1313
876457,2355,101.79999999999839,1044
877015,2356,47.50000000000045,558
878925,2357,176.6999999999944,1910
880648,2358,156.4999999999953,1723
883615,2359,241.59999999998928,2967
884394,2360,73.20000000000003,779
884988,2361,53.800000000000516,594
886640,2362,155.99999999999545,1652
887876,2363,114.69999999999733,1236
888206,2364,32.50000000000017,330
889250,2365,93.39999999999884,1044
890147,2366,78.69999999999953,897
890738,2367,56.500000000000504,591
892234,2368,145.19999999999612,1496
892941,2369,66.0000000000004,707
895566,2370,232.29999999999066,2625
896834,2371,113.39999999999796,1268
897539,2372,64.60000000000056,705
898547,2373,100.29999999999868,1008
899408,2374,81.99999999999957,861
900226,2375,76.7999999999995,818
902023,2376,171.6999999999946,1797
902577,2377,49.50000000000044,554
903510,2378,87.99999999999935,933
904101,2379,58.90000000000055,591
905898,2380,174.69999999999487,1797
906266,2381,32.400000000000226,368
913299,2382,629.0000000000801,7033
919878,2383,595.0000000000706,6579
922547,2384,254.99999999998985,2669
923553,2385,97.69999999999878,1006
923603,2386,-5.099999999999998,50
923858,2387,22.600000000000094,255
925542,2388,166.09999999999522,1684
928999,2389,320.9000000000049,3457
930908,2390,166.9999999999946,1909
932108,2391,95.19999999999875,1200
932589,2392,44.000000000000355,481
933595,2393,88.69999999999925,1006
934188,2394,53.700000000000514,593
934746,2395,56.50000000000048,558
934929,2396,17.199999999999992,183
934979,2397,-8.7,50
935047,2398,4.799999999999997,68
935152,2399,9.99999999999998,105
935900,2400,62.600000000000556,748
935950,2401,-9.299999999999999,50
936000,2402,-8.7,50
936784,2403,64.70000000000044,784
937078,2404,25.600000000000072,294
937148,2405,4.399999999999997,70
937738,2406,54.600000000000534,590
938066,2407,28.100000000000158,328
943517,2408,490.000000000043,5451
943587,2409,4.399999999999997,70
944484,2410,88.299999999999,897
944625,2411,8.499999999999973,141
945635,2412,84.89999999999888,1010
946758,2413,95.29999999999845,1123
946808,2414,-6.299999999999999,50
946950,2415,10.39999999999997,142
948783,2416,174.9999999999942,1833
950321,2417,146.6999999999958,1538
956565,2418,594.2000000000646,6244
960509,2419,340.5000000000104,3944
960612,2420,5.599999999999989,103
961021,2421,30.200000000000152,409
961276,2422,20.80000000000006,255
961379,2423,7.999999999999982,103
961520,2424,6.6999999999999735,141
962223,2425,63.800000000000665,703
962632,2426,36.800000000000296,409
963413,2427,72.20000000000022,781
963481,2428,2.399999999999998,68
964714,2429,109.59999999999795,1233
965800,2430,102.09999999999826,1086
966018,2431,8.39999999999995,218
966573,2432,47.200000000000465,555
967014,2433,33.10000000000024,441
968171,2434,109.7999999999981,1157
968349,2435,8.899999999999963,178
968489,2436,11.399999999999972,140
969081,2437,52.4000000000005,592
974756,2438,523.8000000000505,5675
975427,2439,68.10000000000036,671
977339,2440,186.49999999999386,1912
977783,2441,36.40000000000029,444
978644,2442,81.39999999999957,861
978863,2443,16.89999999999999,219
980550,2444,144.19999999999538,1687
981556,2445,100.09999999999869,1006
981662,2446,6.499999999999985,106
983124,2447,139.69999999999646,1462
985074,2448,171.99999999999403,1950
985214,2449,10.79999999999997,140
986598,2450,134.29999999999671,1384
987640,2451,97.39999999999851,1042
987741,2452,8.999999999999984,101
987810,2453,4.299999999999998,69
987878,2454,5.399999999999995,68
987981,2455,7.999999999999984,103
988085,2456,6.899999999999984,104
989998,2457,182.99999999999417,1913
990138,2458,10.199999999999973,140
992988,2459,266.79999999999205,2850
993881,2460,89.09999999999913,893
994435,2461,54.30000000000048,554
995705,2462,108.7999999999979,1270
998558,2463,272.4999999999946,2853
998624,2464,4.599999999999999,66
1000119,2465,137.89999999999648,1495
1006702,2466,579.8000000000658,6583
1007143,2467,39.100000000000314,441
1007623,2468,45.10000000000038,480
1008780,2469,111.5999999999979,1157
1009282,2470,44.90000000000038,502
1012209,2471,272.099999999994,2927
1012276,2472,5.299999999999996,67
1012418,2473,10.399999999999972,142
1017645,2474,478.40000000003977,5227
1019330,2475,156.59999999999536,1685
1019512,2476,9.899999999999963,182
1021649,2477,200.59999999999312,2137
1021752,2478,7.999999999999982,103
1021855,2479,8.599999999999984,103
1022221,2480,32.8000000000002,366
1025265,2481,275.0999999999944,3044
1027403,2482,179.6999999999937,2138
1027771,2483,36.60000000000026,368
1027876,2484,7.599999999999982,105
1028014,2485,11.79999999999997,138
1029472,2486,135.0999999999963,1458
1029951,2487,45.6000000000004,479
1031108,2488,98.99999999999851,1157
1032038,2489,85.29999999999936,930
1033532,2490,130.59999999999667,1494
1033602,2491,4.399999999999997,70
1034271,2492,63.10000000000059,669
1034411,2493,12.59999999999997,140
1034479,2494,4.7999999999999945,68
1037332,2495,277.89999999999486,2853
1037888,2496,52.100000000000435,556
1038253,2497,31.500000000000185,365
1039523,2498,124.99999999999719,1270
1040002,2499,43.80000000000035,479
1040072,2500,5.599999999999994,70
1040553,2501,47.00000000000036,481
1041823,2502,112.99999999999783,1270
1042191,2503,34.800000000000225,368
1042444,2504,21.200000000000042,253
1042740,2505,27.60000000000015,296
1043408,2506,64.20000000000043,668
1044303,2507,80.89999999999971,895
1044440,2508,12.29999999999997,137
1044806,2509,31.600000000000193,366
1045739,2510,90.39999999999897,933
1046633,2511,74.1999999999999,894
1046700,2512,4.699999999999998,67
1046801,2513,8.999999999999982,101
1049615,2514,218.49999999999068,2814
1049834,2515,16.299999999999958,219
1050730,2516,68.40000000000039,896
1050872,2517,10.99999999999997,142
1050940,2518,4.799999999999997,68
1052479,2519,134.7999999999963,1539
1053182,2520,62.600000000000655,703
1053251,2521,4.899999999999997,69
1053842,2522,58.300000000000516,591
1054998,2523,106.69999999999821,1156
1055780,2524,73.50000000000007,782
1055997,2525,19.700000000000028,217
1056099,2526,8.499999999999984,102
1057254,2527,93.39999999999887,1155
1058486,2528,122.6999999999974,1232
1059121,2529,46.80000000000053,635
1060843,2530,137.1999999999955,1722
1062982,2531,176.19999999999365,2139
1063914,2532,85.49999999999936,932
1066615,2533,247.6999999999904,2701
1066684,2534,5.499999999999995,69
1067955,2535,123.89999999999738,1271
1069112,2536,110.39999999999799,1157
1069252,2537,12.59999999999997,140
1069357,2538,5.799999999999986,105
1069573,2539,9.399999999999983,216
1069825,2540,23.500000000000064,252
1075051,2541,474.7000000000407,5226
1075117,2542,4.599999999999999,66
1075448,2543,24.800000000000153,331
1075701,2544,22.400000000000066,253
1076294,2545,49.50000000000045,593
1076344,2546,-7.499999999999998,50
1076413,2547,4.899999999999997,69
1076483,2548,3.1999999999999975,70
1076552,2549,4.899999999999997,69
1076619,2550,5.299999999999995,67
1078044,2551,123.09999999999724,1425
1080557,2552,203.3999999999923,2513
1081037,2553,28.900000000000272,480
1081087,2554,-8.7,50
1081721,2555,56.90000000000055,634
1082049,2556,24.50000000000016,328
1082099,2557,-8.7,50
1082149,2558,-8.099999999999998,50
1082740,2559,49.30000000000052,591
1084505,2560,171.1999999999948,1765
1089922,2561,486.900000000041,5417
1090290,2562,27.60000000000021,368
1090396,2563,10.09999999999998,106
1090579,2564,10.599999999999962,183
1090629,2565,-8.099999999999998,50
1090679,2566,-3.899999999999998,50
1090747,2567,4.1999999999999975,68
1090797,2568,-6.899999999999999,50
1090847,2569,-5.099999999999998,50
1091291,2570,41.200000000000344,444
1091341,2571,-8.099999999999998,50
1092611,2572,118.99999999999741,1270
1093391,2573,79.89999999999971,780
1093458,2574,3.4999999999999964,67
1093524,2575,4.599999999999996,66
1094002,2576,32.90000000000033,478
1096138,2577,198.09999999999278,2136
1096956,2578,70.80000000000005,818
1097660,2579,63.90000000000043,704
1098328,2580,52.8000000000005,668
1099073,2581,52.700000000000514,745
1100047,2582,98.39999999999878,974
1100865,2583,77.9999999999998,818
1102700,2584,180.5999999999944,1835
1103144,2585,39.40000000000034,444
1103211,2586,5.899999999999993,67
1106367,2587,275.1999999999943,3156
1106471,2588,2.7000000000000046,104
1108986,2589,225.19999999999104,2515
1109278,2590,29.000000000000156,292
1110591,2591,119.39999999999712,1313
1111861,2592,103.399999999998,1270
1112078,2593,19.10000000000001,217
1114444,2594,214.49999999999199,2366
1114811,2595,31.100000000000236,367
1117439,2596,240.99999999999037,2628
1118901,2597,124.0999999999965,1462
1119007,2598,6.499999999999985,106
1119675,2599,60.600000000000584,668
1121702,2600,178.49999999999437,2027
1121772,2601,6.199999999999992,70
1123343,2602,149.6999999999956,1571
1123449,2603,6.499999999999986,106
1126077,2604,246.99999999999073,2628
1126216,2605,9.499999999999977,139
1127258,2606,89.59999999999887,1042
1127961,2607,65.6000000000004,703
1129649,2608,151.49999999999534,1688
1130431,2609,75.29999999999987,782
1131328,2610,90.69999999999895,897
1133091,2611,154.19999999999527,1763
1133272,2612,6.7999999999999625,181
1133413,2613,6.699999999999975,141
1133516,2614,8.599999999999984,103
1133735,2615,22.300000000000054,219
1137190,2616,296.70000000000186,3455
1137295,2617,6.3999999999999835,105
1137511,2618,11.799999999999953,216
1139345,2619,163.099999999995,1834
1139451,2620,8.299999999999981,106
1139634,2621,11.199999999999962,183
1139737,2622,7.999999999999986,103
1140521,2623,59.30000000000062,784
1140623,2624,6.699999999999983,102
1141103,2625,42.70000000000037,480
1141172,2626,5.499999999999995,69
1141242,2627,4.9999999999999964,70
1143832,2628,237.49999999999076,2590
1145101,2629,114.6999999999978,1269
1145656,2630,43.60000000000046,555
1145760,2631,8.699999999999982,104
1147143,2632,130.59999999999692,1383
1147588,2633,44.30000000000034,445
1147841,2634,18.199999999999985,253
1148847,2635,94.69999999999862,1006
1151927,2636,267.59999999999303,3080
1152030,2637,10.39999999999998,103
1154694,2638,228.69999999999052,2664
1154799,2639,8.799999999999981,105
1155956,2640,113.39999999999797,1157
1156998,2641,101.5999999999987,1042
1157859,2642,78.99999999999923,861
1158790,2643,82.39999999999941,931
1159158,2644,30.600000000000207,368
1161557,2645,212.09999999999195,2399
1161773,2646,16.599999999999973,216
1162103,2647,21.700000000000077,330
1162284,2648,16.399999999999967,181
1163145,2649,72.40000000000006,861
1163286,2650,10.29999999999997,141
1167267,2651,364.9000000000159,3981
1167370,2652,6.799999999999985,103
1167547,2653,8.19999999999997,177
1167876,2654,31.200000000000173,329
1169189,2655,113.99999999999736,1313
1170763,2656,163.79999999999535,1574
1171394,2657,61.40000000000058,631
1172625,2658,120.7999999999976,1231
1173970,2659,125.89999999999716,1345
1176143,2660,167.8999999999931,2173
1176921,2661,72.50000000000017,778
1177852,2662,81.19999999999968,931
1178067,2663,19.500000000000014,215
1178660,2664,47.10000000000048,593
1179928,2665,121.79999999999757,1268
1182292,2666,223.89999999999148,2364
1182359,2667,2.2999999999999985,67
1184196,2668,156.7999999999951,1837
1190816,2669,624.0000000000708,6620
1191937,2670,94.49999999999866,1121
1192189,2671,25.300000000000097,252
1192259,2672,4.9999999999999964,70
1195378,2673,293.39999999999964,3119
1195744,2674,30.400000000000187,366
1195999,2675,20.20000000000002,255
1196049,2676,-3.899999999999998,50
1196099,2677,-7.499999999999998,50
1199062,2678,271.7999999999936,2963
1199130,2679,5.399999999999995,68
1202659,2680,333.50000000000733,3529
1202726,2681,2.2999999999999985,67
1202830,2682,6.299999999999985,104
1202900,2683,4.399999999999997,70
1204284,2684,124.69999999999676,1384
1204803,2685,40.90000000000037,519
1208295,2686,318.7000000000038,3492
1208885,2687,52.80000000000047,590
1208954,2688,1.899999999999999,69
1209022,2689,4.799999999999997,68
1210823,2690,149.89999999999526,1801
1211640,2691,77.89999999999971,817
1212118,2692,48.50000000000038,478
1213838,2693,170.59999999999494,1720
1213980,2694,10.399999999999972,142
1214686,2695,60.500000000000675,706
1216451,2696,147.19999999999519,1765
1218591,2697,199.6999999999931,2140
1222837,2698,394.7000000000204,4246
1222940,2699,8.599999999999984,103
1224322,2700,128.09999999999695,1382
1226155,2701,174.9999999999943,1833
1227499,2702,123.99999999999727,1344
1227639,2703,10.79999999999997,140
1228871,2704,114.2999999999978,1232
1229009,2705,11.79999999999997,138
1229716,2706,70.20000000000005,707
1230839,2707,113.29999999999798,1123
1231883,2708,99.39999999999856,1044
1232214,2709,24.800000000000136,331
1233675,2710,123.99999999999676,1461
1236190,2711,225.19999999999084,2515
1237200,2712,90.89999999999898,1010
1241407,2713,390.5000000000174,4207
1241626,2714,18.09999999999999,219
1242896,2715,121.39999999999739,1270
1243264,2716,34.200000000000195,368
1244274,2717,94.49999999999866,1010
1245318,2718,105.39999999999841,1044
1246405,2719,98.59999999999842,1087
1247184,2720,76.7999999999999,779
1248077,2721,83.6999999999994,893
1250589,2722,247.0999999999908,2512
1251632,2723,92.69999999999905,1043
1256405,2724,423.40000000003056,4773
1256884,2725,39.00000000000038,479
1257213,2726,31.800000000000168,329
1257918,2727,65.80000000000034,705
1259604,2728,155.49999999999545,1686
1259674,2729,3.1999999999999984,70
1260458,2730,70.09999999999998,784
1263651,2731,311.00000000000233,3193
1263869,2732,18.600000000000033,218
1264650,2733,64.40000000000069,781
1264792,2734,10.39999999999997,142
1264862,2735,4.9999999999999964,70
1264932,2736,6.199999999999992,70
1267298,2737,209.69999999999197,2366
1268680,2738,128.69999999999663,1382
1269271,2739,60.10000000000052,591
1269410,2740,13.09999999999997,139
1269480,2741,4.999999999999993,70
1273731,2742,374.80000000001826,4251
1273835,2743,8.099999999999984,104
1275862,2744,204.29999999999302,2027
1275964,2745,9.099999999999982,102
1278326,2746,217.09999999999192,2362
1279259,2747,79.59999999999928,933
1279964,2748,64.00000000000063,705
1280822,2749,81.69999999999963,858
1282228,2750,119.0999999999971,1406
1283046,2751,67.20000000000054,818
1285671,2752,236.4999999999906,2625
1286905,2753,118.6999999999976,1234
1287120,2754,18.900000000000006,215
1287189,2755,4.899999999999997,69
1289362,2756,197.29999999999282,2173
1291648,2757,214.8999999999927,2286
1292352,2758,62.10000000000061,704
1293058,2759,65.90000000000045,706
1293125,2760,5.899999999999993,67
1298239,2761,469.8000000000401,5114
1298457,2762,16.799999999999958,218
1300448,2763,184.7999999999939,1991
1300927,2764,39.60000000000037,479
1302612,2765,154.19999999999547,1685
1303315,2766,66.20000000000046,703
1304437,2767,107.19999999999814,1122
1307610,2768,308.10000000000133,3173
1307715,2769,5.799999999999987,105
1307819,2770,5.0999999999999925,104
1308151,2771,19.50000000000005,332
1308445,2772,19.60000000000007,294
1309716,2773,121.49999999999743,1271
1310984,2774,118.19999999999736,1268
1311089,2775,6.999999999999984,105
1313375,2776,212.49999999999216,2286
1314269,2777,76.59999999999937,894
1315201,2778,91.49999999999909,932
1315343,2779,9.799999999999974,142
1316914,2780,144.89999999999608,1571
1317696,2781,70.50000000000018,782
1321223,2782,324.900000000005,3527
1323100,2783,173.69999999999445,1877
1323578,2784,49.10000000000039,478
1324588,2785,88.49999999999912,1010
1326536,2786,183.19999999999416,1948
1329726,2787,299.89999999999947,3190
1331561,2788,181.19999999999428,1835
1331701,2789,13.199999999999969,140
1332257,2790,51.50000000000041,556
1332397,2791,12.59999999999997,140
1334682,2792,230.39999999999173,2285
1335840,2793,112.8999999999979,1158
1340273,2794,414.3000000000246,4433
1341203,2795,92.49999999999902,930
1343941,2796,254.0999999999896,2738
1346340,2797,215.09999999999164,2399
1346410,2798,3.7999999999999945,70
1346627,2799,12.49999999999995,217
1346732,2800,7.599999999999985,105
1347026,2801,25.600000000000147,294
1347091,2802,5.099999999999997,65
1347910,2803,69.70000000000027,819
1349407,2804,129.099999999997,1497
1349849,2805,38.0000000000003,442
1350855,2806,102.49999999999858,1006
1351975,2807,97.99999999999844,1120
1352341,2808,35.80000000000025,366
1352446,2809,6.399999999999984,105
1354923,2810,219.89999999999102,2477
1355555,2811,48.90000000000047,632
1355849,2812,24.40000000000013,294
1356100,2813,22.800000000000058,251
1358654,2814,244.3999999999907,2554
1359060,2815,25.70000000000018,406
1359200,2816,11.399999999999972,140
1360469,2817,108.699999999998,1269
1362306,2818,163.99999999999443,1837
1366330,2819,365.9000000000162,4024
1366922,2820,53.60000000000055,592
1367512,2821,43.200000000000394,590
1375675,2822,728.2000000000993,8163
1377475,2823,156.99999999999534,1800
1378291,2824,81.99999999999964,816
1378995,2825,64.50000000000058,704
1381018,2826,172.69999999999465,2023
1382141,2827,103.09999999999822,1123
1382925,2828,68.30000000000041,784
1383820,2829,80.29999999999973,895
1386219,2830,233.09999999999135,2399
1388956,2831,247.99999999999014,2737
1391468,2832,227.299999999991,2512
1396355,2833,446.5000000000322,4887
1397250,2834,83.29999999999939,895
1398744,2835,139.59999999999638,1494
1399563,2836,72.70000000000007,819
1401534,2837,179.49999999999363,1971
1401864,2838,32.500000000000206,330
1405055,2839,293.3999999999976,3191
1405123,2840,4.199999999999998,68
1405942,2841,75.09999999999985,819
1406610,2842,48.60000000000042,668
1408748,2843,194.69999999999314,2138
1408798,2844,-6.899999999999999,50
1409279,2845,38.600000000000364,481
1409645,2846,22.600000000000104,366
1409715,2847,3.1999999999999984,70
1409782,2848,5.299999999999995,67
1412407,2849,234.09999999999138,2625
1412659,2850,21.10000000000003,252
1414795,2851,211.2999999999928,2136
1416405,2852,141.2999999999959,1610
1419074,2853,239.99999999999065,2669
1419667,2854,48.30000000000042,593
1422708,2855,289.19999999999766,3041
1423940,2856,116.69999999999767,1232
1430035,2857,555.3000000000595,6095
1430217,2858,15.899999999999967,182
1430285,2859,4.799999999999997,68
1432538,2860,221.49999999999187,2253
1432588,2861,-8.7,50
1432769,2862,13.99999999999996,181
1433327,2863,46.900000000000425,558
1436708,2864,315.70000000000215,3381
1436927,2865,10.89999999999995,219
1437408,2866,37.40000000000027,481
1440581,2867,263.6999999999906,3173
1440686,2868,6.399999999999984,105
1441241,2869,49.00000000000044,555
1441682,2870,37.900000000000276,441
1444536,2871,268.3999999999924,2854
1444868,2872,21.90000000000005,332
1447137,2873,212.89999999999205,2269
1448030,2874,78.89999999999972,893
1450994,2875,271.29999999999256,2964
1451080,2876,2.3999999999999906,86
1454499,2877,315.60000000000343,3419
1459653,2878,483.70000000004234,5154
1459722,2879,3.0999999999999988,69
1460201,2880,20.400000000000027,479
1463548,2881,311.4000000000042,3347
1465765,2882,190.59999999999283,2217
1477284,2883,1075.5000000001128,11519
1478215,2884,85.99999999999937,931
1479980,2885,165.79999999999504,1765
1481703,2886,159.49999999999534,1723
1482790,2887,102.19999999999824,1087
1485870,2888,284.9999999999958,3080
1486880,2889,93.89999999999904,1010
1491994,2890,465.00000000003917,5114
1492064,2891,5.599999999999994,70
1492880,2892,80.19999999999979,816
1493583,2893,62.00000000000064,703
1493652,2894,4.299999999999996,69
1493722,2895,6.199999999999992,70
1500716,2896,657.8000000000793,6994
1505904,2897,470.00000000004036,5188
1508416,2898,223.69999999999146,2512
1512020,2899,329.60000000000866,3604
1512837,2900,74.30000000000004,817
1513053,2901,21.400000000000055,216
1513380,2902,32.200000000000195,327
1515328,2903,177.79999999999387,1948
1516107,2904,69.00000000000034,779
1521635,2905,491.7000000000438,5528
1522566,2906,87.19999999999922,931
1522705,2907,10.099999999999971,139
1522755,2908,-7.499999999999998,50
1523312,2909,50.40000000000041,557
1524657,2910,125.299999999997,1345
1524763,2911,8.299999999999983,106
1525469,2912,61.10000000000065,706
1526173,2913,69.90000000000018,704
1530043,2914,347.50000000000796,3870
1530483,2915,40.80000000000034,440
1532736,2916,198.09999999999292,2253
1533064,2917,27.500000000000124,328
1534151,2918,98.5999999999985,1087
1538322,2919,380.60000000001816,4171
1540010,2920,149.6999999999957,1688
1540984,2921,86.99999999999913,974
1543498,2922,219.6999999999909,2514
1545294,2923,169.19999999999487,1796
1548107,2924,251.3999999999892,2813
1549039,2925,77.69999999999978,932
1549787,2926,67.4000000000002,748
1551172,2927,133.19999999999663,1385
1551875,2928,57.80000000000059,703
1552203,2929,29.30000000000015,328
1554226,2930,181.69999999999357,2023
1554441,2931,18.900000000000023,215
1554507,2932,4.599999999999999,66
1554575,2933,4.199999999999999,68
1555279,2934,69.30000000000022,704
1555498,2935,12.699999999999948,219
1556505,2936,98.39999999999867,1007
1557434,2937,86.99999999999926,929
1558973,2938,125.1999999999968,1539
1559156,2939,17.199999999999974,183
1560277,2940,90.29999999999922,1121
1563357,2941,277.19999999999413,3080
1565642,2942,210.5999999999921,2285
1565748,2943,7.699999999999985,106
1566078,2944,28.90000000000016,330
1566971,2945,83.69999999999955,893
1570725,2946,333.2000000000089,3754
1572334,2947,147.19999999999598,1609
1573667,2948,113.5999999999976,1333
1575689,2949,183.99999999999375,2022
1581316,2950,520.8000000000497,5627
1582080,2951,45.60000000000059,764
1583691,2952,162.9999999999953,1611
1583758,2953,4.699999999999998,67
1583864,2954,9.49999999999998,106
1583932,2955,5.999999999999993,68
1584069,2956,11.099999999999973,137
1584363,2957,20.200000000000024,294
1584469,2958,8.299999999999983,106
1584571,2959,9.699999999999983,102
1585351,2960,73.30000000000003,780
1586922,2961,146.69999999999604,1571
1587061,2962,12.499999999999972,139
1592514,2963,500.4000000000448,5453
1593372,2964,79.29999999999967,858
1593439,2965,3.4999999999999964,67
1594144,2966,58.60000000000063,705
1594249,2967,7.599999999999985,105
1595675,2968,144.19999999999638,1426
1595763,2969,2.5999999999999943,88
1595982,2970,8.499999999999972,219
1597553,2971,129.89999999999606,1571
1600180,2972,236.69999999999078,2627
1600434,2973,20.700000000000053,254
1601704,2974,108.79999999999822,1270
1602827,2975,103.69999999999841,1123
1602930,2976,6.199999999999987,103
1603182,2977,24.100000000000094,252
1605358,2978,187.39999999999293,2176
1605427,2979,3.0999999999999996,69
1605791,2980,33.80000000000019,364
1606156,2981,26.100000000000108,365
1607841,2982,152.39999999999577,1685
1608283,2983,42.20000000000032,442
1608387,2984,9.89999999999998,104
1611351,2985,266.49999999999204,2964
1611442,2986,5.299999999999988,91
1613240,2987,163.39999999999458,1798
1613307,2988,4.699999999999998,67
1613748,2989,40.90000000000029,441
1613930,2990,13.49999999999996,182
1614145,2991,18.300000000000026,215
1620803,2992,601.1000000000714,6658
1620909,2993,7.099999999999984,106
1621350,2994,36.100000000000314,441
1621415,2995,4.5,65
1630298,2996,807.700000000117,8883
1630776,2997,38.30000000000034,478
1630879,2998,5.599999999999989,103
1631170,2999,17.49999999999996,291
1635304,3000,379.000000000015,4134
1638346,3001,245.49999999998832,3042
1641649,3002,312.10000000000326,3303
1644317,3003,232.6999999999905,2668
1646945,3004,244.5999999999902,2628
1650778,3005,342.30000000000706,3833
1651595,3006,83.29999999999959,817
1653053,3007,127.29999999999677,1458
1653420,3008,27.500000000000234,367
1654541,3009,105.89999999999822,1121
1656566,3010,177.6999999999938,2025
1657461,3011,86.89999999999941,895
1659182,3012,148.49999999999528,1721
1660979,3013,164.49999999999474,1797
1661081,3014,9.699999999999982,102
1661786,3015,66.40000000000043,705
1670251,3016,799.8000000001114,8465
1671225,3017,73.79999999999951,974
1672085,3018,64.50000000000045,860
1672789,3019,66.90000000000039,704
1672839,3020,-4.499999999999998,50
1673813,3021,86.99999999999922,974
1674332,3022,33.100000000000406,519
1674967,3023,60.00000000000053,635
1675149,3024,11.699999999999969,182
1677285,3025,203.49999999999287,2136
1678670,3026,130.1999999999968,1385
1679150,3027,38.5000000000003,480
1679256,3028,6.499999999999986,106
1679396,3029,11.99999999999997,140
1680144,3030,68.00000000000018,748
1680924,3031,79.89999999999971,780
1686905,3032,569.4000000000618,5981
1691676,3033,430.4000000000277,4771
1692799,3034,95.29999999999858,1123
1698929,3035,556.1000000000557,6130
1702086,3036,272.8999999999937,3157
1702753,3037,60.50000000000058,667
1703384,3038,53.600000000000456,631
1703454,3039,5.599999999999994,70
1704348,3040,84.99999999999939,894
1707053,3041,243.8999999999904,2705
1707914,3042,84.39999999999952,861
1710279,3043,237.19999999999138,2365
1711400,3044,93.29999999999838,1121
1712826,3045,126.79999999999711,1426
1713009,3046,2.1999999999999873,183
1717217,3047,385.20000000002057,4208
1717285,3048,4.199999999999999,68
1717951,3049,50.20000000000048,666
1719331,3050,136.29999999999683,1380
1723503,3051,386.1000000000191,4172
1730086,3052,629.6000000000727,6583
1730304,3053,20.400000000000055,218
1732440,3054,205.89999999999264,2136
1737402,3055,448.60000000003504,4962
1737504,3056,9.099999999999982,102
1739079,3057,131.4999999999963,1575
1739524,3058,30.50000000000023,445
1740116,3059,42.200000000000415,592
1740784,3060,55.800000000000516,668
1741871,3061,88.9999999999988,1087
1742732,3062,79.5999999999997,861
1743774,3063,94.99999999999885,1042
1745200,3064,118.39999999999698,1426
1747485,3065,187.79999999999316,2285
1751204,3066,331.80000000000723,3719
1752211,3067,88.79999999999929,1007
1752878,3068,52.7000000000006,667
1754711,3069,163.59999999999462,1833
1755644,3070,81.99999999999966,933
1755713,3071,5.499999999999995,69
1757966,3072,214.2999999999927,2253
1758786,3073,56.00000000000059,820
1760959,3074,207.49999999999284,2173
1761029,3075,4.399999999999997,70
1762262,3076,116.79999999999754,1233
1763119,3077,84.59999999999941,857
1766083,3078,276.6999999999956,2964
1766447,3079,35.60000000000021,364
1770430,3080,345.90000000000833,3983
1771852,3081,128.1999999999967,1422
1771958,3082,6.499999999999986,106
1776581,3083,416.2000000000285,4623
1776799,3084,18.600000000000012,218
1776962,3085,10.099999999999964,163
1779812,3086,261.39999999999065,2850
1781912,3087,196.59999999999326,2100
1783374,3088,134.89999999999634,1462
1785833,3089,214.19999999999146,2459
1786536,3090,61.40000000000065,703
1790145,3091,330.1000000000059,3609
1791981,3092,175.89999999999458,1836
1792349,3093,33.60000000000023,368
1792487,3094,13.59999999999997,138
1792815,3095,31.700000000000166,328
1793032,3096,21.500000000000032,217
1794042,3097,98.09999999999864,1010
1794746,3098,63.30000000000064,704
1795832,3099,97.89999999999878,1086
1798571,3100,252.39999999998977,2739
1798677,3101,8.299999999999983,106
1798782,3102,6.399999999999984,105
1799223,3103,42.70000000000032,441
1801475,3104,196.19999999999288,2252
1804100,3105,246.0999999999903,2625
1807221,3106,280.9999999999974,3121
1810523,3107,322.20000000000493,3302
1810628,3108,5.199999999999992,105
1811221,3109,59.100000000000534,593
1811779,3110,52.30000000000046,558
1813544,3111,162.7999999999951,1765
1813798,3112,24.300000000000097,254
1818081,3113,393.90000000002027,4283
1820445,3114,196.2999999999928,2364
1823373,3115,258.99999999999056,2928
1824305,3116,87.29999999999929,932
1830549,3117,563.6000000000612,6244
1833025,3118,220.9999999999913,2476
1835725,3119,256.5999999999901,2700
1835830,3120,7.599999999999987,105
1837213,3121,138.39999999999657,1383
1837960,3122,63.100000000000605,747
1841585,3123,336.5000000000095,3625
1843193,3124,150.09999999999565,1608
1847966,3125,434.20000000002966,4773
1848016,3126,-6.899999999999999,50
1849930,3127,182.4999999999939,1914
1849980,3128,-8.7,50
1850030,3129,-8.7,50
1850080,3130,-9.299999999999999,50
1851124,3131,83.79999999999917,1044
1851174,3132,-9.299999999999999,50
1851224,3133,-9.299999999999999,50
1851274,3134,-9.299999999999999,50
1851324,3135,-9.299999999999999,50
1851374,3136,-9.299999999999999,50
1851424,3137,-6.299999999999999,50
1851474,3138,-8.7,50
1851580,3139,6.499999999999984,106
1856429,3140,411.20000000003,4849
1856479,3141,-8.099999999999998,50
1857751,3142,123.9999999999974,1272
1857801,3143,-8.099999999999998,50
1857851,3144,-7.499999999999998,50
1858825,3145,83.39999999999944,974
1859305,3146,39.70000000000035,480
1859411,3147,7.699999999999987,106
1859630,3148,16.899999999999974,219
1864290,3149,419.6000000000273,4660
1864506,3150,18.400000000000006,216
1867247,3151,242.39999999999026,2741
1868031,3152,67.10000000000038,784
1868512,3153,42.800000000000345,481
1868618,3154,7.6999999999999815,106
1873958,3155,507.40000000004505,5340
1878842,3156,469.00000000003547,4884
1878912,3157,3.1999999999999966,70
1880972,3158,173.09999999999343,2060
1883109,3159,195.1999999999931,2137
1883248,3160,9.499999999999972,139
1884294,3161,101.39999999999857,1046
1885413,3162,99.69999999999841,1119
1887213,3163,156.99999999999523,1800
1888748,3164,160.19999999999573,1535
1889414,3165,58.000000000000604,666
1890762,3166,118.99999999999693,1348
1891091,3167,28.80000000000013,329
1892836,3168,142.49999999999594,1745
1894445,3169,138.7999999999959,1609
1895790,3170,124.69999999999708,1345
1896118,3171,30.500000000000156,328
1896449,3172,30.800000000000185,331
1896889,3173,45.000000000000334,440
1901397,3174,408.6000000000223,4508
1902178,3175,74.59999999999991,781
1902430,3176,22.30000000000006,252
1902569,3177,11.899999999999972,139
1905835,3178,299.69999999999993,3266
1913209,3179,664.0000000000814,7374
1913259,3180,-6.899999999999999,50
1913309,3181,-7.499999999999998,50
1914658,3182,135.89999999999677,1349
1915362,3183,62.700000000000664,704
1924505,3184,860.4000000001253,9143
1924611,3185,6.499999999999984,106
1926108,3186,130.89999999999654,1497
1926966,3187,82.29999999999957,858
1929029,3188,206.9999999999931,2063
1937572,3189,795.6000000001139,8543
1937755,3190,11.79999999999996,183
1940606,3191,257.29999999999046,2851
1940707,3192,8.999999999999982,101
1940775,3193,2.399999999999998,68
1941141,3194,31.000000000000213,366
1942185,3195,96.99999999999858,1044
1942852,3196,67.10000000000036,667
1946384,3197,327.20000000000766,3532
1947733,3198,125.69999999999705,1349
1947799,3199,5.199999999999996,66
1952348,3200,419.60000000002674,4549
1952398,3201,-7.499999999999998,50
1954122,3202,164.99999999999488,1724
1956033,3203,170.7999999999947,1911
1956094,3204,-3.3999999999999986,61
1957062,3205,86.99999999999932,968
1959767,3206,255.89999999999065,2705
1959950,3207,13.599999999999959,183
1960019,3208,6.0999999999999925,69
1963515,3209,308.900000000001,3496
1963732,3210,16.69999999999996,217
1964741,3211,93.79999999999892,1009
1964811,3212,4.9999999999999964,70
1964881,3213,6.199999999999992,70
1964949,3214,5.399999999999995,68
1966262,3215,115.79999999999741,1313
1968664,3216,223.7999999999915,2402
1970013,3217,117.29999999999725,1349
1970569,3218,51.50000000000049,556
1972858,3219,219.399999999992,2289
1973000,3220,9.19999999999997,142
1973105,3221,4.599999999999991,105
1973171,3222,5.199999999999996,66
1973222,3223,2.1999999999999993,51
1973292,3224,4.9999999999999964,70
1974037,3225,77.29999999999976,745
1974141,3226,8.699999999999983,104
1975978,3227,178.99999999999457,1837
1978908,3228,295.19999999999834,2930
1980088,3229,110.89999999999768,1180
1980138,3230,-0.8999999999999986,50
1981261,3231,109.099999999998,1123
1981367,3232,5.899999999999985,106
1983392,3233,173.4999999999945,2025
1983495,3234,9.799999999999981,103
1986761,3235,305.1000000000003,3266
1987129,3236,36.00000000000021,368
1995558,3237,753.3000000001015,8429
2002634,3238,657.0000000000831,7076
2002740,3239,8.299999999999983,106
2002881,3240,10.899999999999972,141
2003100,3241,15.69999999999996,219
2006858,3242,352.2000000000117,3758
2007113,3243,15.999999999999986,255
2007296,3244,11.79999999999996,183
2008984,3245,143.09999999999593,1688
2009201,3246,17.299999999999976,217
2009342,3247,13.299999999999969,141
2009596,3248,23.700000000000077,254
2009701,3249,6.399999999999984,105
2009802,3250,8.399999999999983,101
2009904,3251,8.499999999999984,102
2009973,3252,4.299999999999998,69
2015127,3253,468.7000000000427,5154
2016552,3254,106.89999999999782,1425
2016880,3255,20.900000000000013,328
2017062,3256,6.89999999999997,182
2017128,3257,4.599999999999996,66
2017456,3258,31.100000000000158,328
2017673,3259,17.899999999999988,217
2018079,3260,31.700000000000202,406
2018147,3261,5.399999999999995,68
2018250,3262,6.1999999999999895,103
2018319,3263,3.0999999999999996,69
2018611,3264,21.800000000000054,292
2023345,3265,449.80000000003326,4734
2023525,3266,13.899999999999958,180
2023890,3267,32.70000000000021,365
2024072,3268,15.899999999999967,182
2024122,3269,0.3000000000000007,50
2024377,3270,18.999999999999996,255
2024447,3271,3.1999999999999966,70
2024512,3272,4.5,65
2024618,3273,7.099999999999984,106
2024760,3274,10.399999999999974,142
2024864,3275,5.699999999999984,104
2025117,3276,12.199999999999942,253
2025526,3277,20.600000000000115,409
2028082,3278,242.19999999999064,2556
2028298,3279,20.800000000000033,216
2028438,3280,10.799999999999974,140
2028543,3281,8.199999999999983,105
2029589,3282,98.99999999999861,1046
2029692,3283,7.999999999999984,103
2029760,3284,5.399999999999995,68
2033591,3285,364.3000000000126,3831
2037765,3286,380.9000000000199,4174
2038662,3287,79.29999999999964,897
2038877,3288,18.30000000000001,215
2044103,3289,467.50000000004115,5226
2046392,3290,188.79999999999217,2289
2046498,3291,6.499999999999982,106
2048484,3292,180.0999999999945,1986
2051525,3293,272.9999999999936,3041
2055360,3294,322.1000000000046,3835
2057197,3295,150.79999999999504,1837
2058058,3296,80.79999999999953,861
2059291,3297,114.39999999999743,1233
2061579,3298,188.69999999999257,2288
2062549,3299,89.5999999999991,970
2063070,3300,48.90000000000045,521
2063137,3301,5.899999999999993,67
2066216,3302,292.6999999999994,3079
2067300,3303,94.69999999999878,1084
2068649,3304,115.49999999999746,1349
2069315,3305,64.00000000000061,666
2072395,3306,259.19999999999027,3080
2072953,3307,49.90000000000047,558
2074754,3308,167.29999999999467,1801
2075348,3309,52.6000000000005,594
2076980,3310,156.69999999999536,1632
2079229,3311,201.8999999999924,2249
2081143,3312,179.49999999999406,1914
2083884,3313,257.39999999999077,2741
2086189,3314,205.99999999999275,2305
2089872,3315,336.90000000000975,3683
2092686,3316,259.89999999999094,2814
2094636,3317,186.9999999999939,1950
2094706,3318,4.9999999999999964,70
2094774,3319,5.399999999999995,68
2095974,3320,111.39999999999789,1200
2097400,3321,130.39999999999662,1426
2101497,3322,392.40000000002266,4097
2103262,3323,153.79999999999515,1765
2105063,3324,152.89999999999574,1801
2108667,3325,338.60000000000747,3604
2109485,3326,77.99999999999982,818
2109622,3327,11.699999999999973,137
2110215,3328,56.700000000000514,593
2111260,3329,99.49999999999866,1045
2112266,3330,84.49999999999926,1006
2113049,3331,75.39999999999988,783
2114208,3332,109.99999999999785,1159
2114278,3333,4.9999999999999964,70
2114384,3334,8.299999999999981,106
2115505,3335,103.49999999999828,1121
2117568,3336,184.19999999999345,2063
2130138,3337,1162.0000000000398,12570
2132952,3338,265.2999999999922,2814
2135202,3339,213.39999999999213,2250
2135307,3340,6.399999999999983,105
2136314,3341,89.39999999999922,1007
2137211,3342,85.2999999999992,897
2139609,3343,237.19999999999143,2398
2146040,3344,598.8000000000674,6431
2147389,3345,120.89999999999749,1349
2147644,3346,22.600000000000076,255
2153396,3347,541.7000000000538,5752
2159037,3348,545.3000000000538,5641
2159481,3349,43.60000000000036,444
2161395,3350,189.69999999999374,1914
2162066,3351,63.900000000000574,671
2165368,3352,301.2000000000001,3302
2166261,3353,81.89999999999948,893
2168817,3354,228.39999999999097,2556
2169375,3355,40.30000000000029,558
2169480,3356,6.399999999999986,105
2169923,3357,39.900000000000304,443
2172850,3358,263.6999999999913,2927
2173217,3359,28.700000000000152,367
2173358,3360,10.89999999999997,141
2173914,3361,44.900000000000446,556
2178010,3362,365.90000000001453,4096
2180113,3363,201.09999999999306,2103
2180590,3364,43.00000000000034,477
2181370,3365,73.29999999999995,780
2182150,3366,73.90000000000003,780
2182934,3367,79.09999999999981,784
2184280,3368,126.59999999999698,1346
2184608,3369,29.30000000000016,328
2185654,3370,102.59999999999835,1046
2187871,3371,210.39999999999236,2217
2187976,3372,5.799999999999985,105
2188045,3373,2.499999999999998,69
2188147,3374,6.699999999999986,102
2188248,3375,9.599999999999982,101
2188431,3376,14.799999999999967,183
2190003,3377,145.59999999999604,1572
2190222,3378,12.099999999999952,219
2194995,3379,464.20000000003654,4773
2195097,3380,7.2999999999999865,102
2196442,3381,128.89999999999702,1345
2196886,3382,41.80000000000034,444
2201886,3383,450.3000000000364,5000
2202330,3384,33.40000000000026,444
2202396,3385,5.199999999999996,66
2202651,3386,17.2,255
2203545,3387,40.000000000000604,894
2203615,3388,3.1999999999999966,70
2208502,3389,439.9000000000336,4887
2208643,3390,11.49999999999997,141
2208693,3391,-4.499999999999998,50
2212299,3392,330.4000000000057,3606
2212777,3393,49.70000000000038,478
2213747,3394,94.3999999999989,970
2215358,3395,155.19999999999533,1611
2215916,3396,48.700000000000415,558
2216470,3397,54.90000000000048,554
2218872,3398,226.19999999999183,2402
2220367,3399,137.89999999999654,1495
2220582,3400,19.500000000000025,215
2221928,3401,128.99999999999713,1346
2227644,3402,493.40000000004255,5716
2230313,3403,252.59999999999033,2669
2230903,3404,58.20000000000054,590
2232625,3405,168.39999999999486,1722
2234119,3406,144.3999999999963,1494
2237502,3407,326.7000000000064,3383
2238173,3408,66.30000000000027,671
2240119,3409,167.99999999999486,1946
2240673,3410,52.500000000000476,554
2243943,3411,282.6999999999953,3270
2246345,3412,215.39999999999142,2402
2246414,3413,3.699999999999995,69
2246464,3414,-6.899999999999999,50
2250296,3415,362.60000000001634,3832
2251476,3416,113.29999999999781,1180
2251844,3417,34.20000000000021,368
2251912,3418,5.999999999999993,68
2259059,3419,667.1000000000816,7147
2261309,3420,209.1999999999922,2250
2261395,3421,2.9999999999999893,86
2262518,3422,110.29999999999811,1123
2268873,3423,600.200000000066,6355
2270370,3424,129.69999999999672,1497
2270420,3425,-6.299999999999999,50
2271430,3426,94.49999999999882,1010
2273831,3427,222.49999999999193,2401
2273935,3428,8.099999999999984,104
2274154,3429,13.299999999999955,219
2274635,3430,28.400000000000283,481
2274888,3431,24.200000000000077,253
2275103,3432,20.100000000000026,215
2275207,3433,9.299999999999981,104
2275312,3434,6.399999999999986,105
2275357,3435,1.6000000000000014,45
2276967,3436,162.89999999999523,1610
2277073,3437,5.899999999999983,106
2277177,3438,8.099999999999985,104
2277845,3439,65.40000000000049,668
2277951,3440,7.099999999999982,106
2278018,3441,5.899999999999993,67
2278835,3442,76.6999999999998,817
2281669,3443,259.49999999999125,2834
2281965,3444,16.199999999999974,296
2282878,3445,82.0999999999995,913
2284150,3446,113.7999999999977,1272
2287793,3447,327.20000000000516,3643
2288010,3448,13.699999999999953,217
2288229,3449,14.499999999999947,219
2288557,3450,29.900000000000144,328
2288774,3451,17.900000000000006,217
2288915,3452,10.89999999999997,141
2290223,3453,97.2999999999985,1308
2290326,3454,6.199999999999983,103
2293819,3455,305.00000000000034,3493
2294487,3456,63.60000000000059,668
2295493,3457,93.49999999999898,1006
2297630,3458,198.799999999993,2137
2299428,3459,162.1999999999945,1798
2305067,3460,521.1000000000498,5639
2312066,3461,662.500000000081,6999
2314767,3462,230.89999999999097,2701
2314836,3463,4.299999999999998,69
2314902,3464,3.399999999999997,66
2314970,3465,4.799999999999997,68
2315038,3466,5.399999999999995,68
2321133,3467,587.7000000000637,6095
2321610,3468,44.80000000000037,477
2325407,3469,368.4000000000137,3797
2325884,3470,41.80000000000035,477
2329867,3471,378.30000000001905,3983
2334186,3472,418.20000000002517,4319
2334629,3473,36.30000000000026,443
2339590,3474,431.1000000000358,4961
2339640,3475,-5.699999999999998,50
2339690,3476,-5.099999999999998,50
2340470,3477,76.8999999999998,780
2341177,3478,63.60000000000052,707
2342674,3479,148.29999999999606,1497
2342780,3480,7.099999999999984,106
2343259,3481,47.4000000000004,479
2343400,3482,12.09999999999997,141
2345310,3483,176.69999999999408,1910
2345828,3484,45.0000000000004,518
2346043,3485,18.900000000000006,215
2346750,3486,62.40000000000064,707
2348834,3487,187.4999999999939,2084
2351874,3488,287.2999999999973,3040
2355107,3489,286.4999999999977,3233
2364213,3490,825.2000000001186,9106
2364956,3491,74.7,743
2366906,3492,159.99999999999488,1950
2369381,3493,210.0999999999924,2475
2372425,3494,269.09999999999314,3044
2376295,3495,373.9000000000178,3870
2377417,3496,103.59999999999822,1122
2377520,3497,7.999999999999986,103
2377963,3498,41.700000000000315,443
2383037,3499,488.30000000004236,5074
2383103,3500,4.599999999999999,66
2389536,3501,614.6000000000714,6433
2389981,3502,42.50000000000035,445
2391971,3503,191.89999999999367,1990
2393355,3504,125.89999999999688,1384
2394930,3505,139.89999999999608,1575
2399180,3506,396.30000000002116,4250
2399435,3507,22.600000000000083,255
2400215,3508,69.70000000000026,780
2402048,3509,184.5999999999942,1833
2406182,3510,398.8000000000221,4134
2407453,3511,119.69999999999744,1271
2407557,3512,9.89999999999998,104
2407699,3513,10.99999999999997,142
2407953,3514,19.500000000000004,254
2412463,3515,434.0000000000271,4510
2413018,3516,53.20000000000049,555
2417341,3517,416.8000000000253,4323
2418652,3518,118.59999999999754,1311
2418720,3519,5.999999999999993,68
2418938,3520,16.200000000000003,218
2418988,3521,-5.099999999999998,50
2420034,3522,97.1999999999989,1046
2420084,3523,-8.099999999999998,50
2426439,3524,592.400000000065,6355
2426658,3525,16.299999999999972,219
2427213,3526,43.00000000000042,555
2427768,3527,32.8000000000003,555
2427910,3528,10.39999999999997,142
2428014,3529,6.2999999999999865,104
2432298,3530,402.40000000002374,4284
2434248,3531,167.19999999999487,1950
2434353,3532,9.39999999999998,105
2439732,3533,464.20000000004006,5379
2439915,3534,16.0,183
2439983,3535,4.799999999999997,68
2441442,3536,133.3999999999965,1459
2451526,3537,921.2000000001407,10084
2451595,3538,4.899999999999997,69
2458703,3539,676.1000000000851,7108
2459034,3540,27.20000000000016,331
2461138,3541,200.59999999999292,2104
2464743,3542,329.7000000000053,3605
2465107,3543,34.40000000000021,364
2465850,3544,71.10000000000022,743
2468777,3545,285.2999999999962,2927
2468847,3546,3.7999999999999936,70
2468951,3547,9.299999999999981,104
2469393,3548,43.40000000000035,442
2469835,3549,34.40000000000025,442
2473818,3550,370.5000000000166,3983
2473887,3551,2.499999999999998,69
2474592,3552,67.0000000000004,705
2477294,3553,247.19999999999018,2702
2477363,3554,4.899999999999997,69
2477694,3555,24.200000000000074,331
2481411,3556,355.6000000000103,3717
2481738,3557,31.600000000000165,327
2481840,3558,9.699999999999982,102
2482396,3559,47.30000000000046,556
2482837,3560,42.70000000000032,441
2483734,3561,75.69999999999978,897
2484462,3562,54.90000000000062,728
2485471,3563,79.39999999999968,1009
2486176,3564,61.6000000000006,705
2489030,3565,262.9999999999919,2854
2489247,3566,19.700000000000028,217
2489316,3567,4.899999999999997,69
2491755,3568,220.59999999999135,2439
2499768,3569,718.6000000000956,8013
2502244,3570,216.79999999999166,2476
2503989,3571,165.8999999999951,1745
2504224,3572,17.300000000000054,235
2508285,3573,375.3000000000174,4061
2510256,3574,183.09999999999383,1971
2510326,3575,3.1999999999999984,70
2515479,3576,474.6000000000411,5153
2520668,3577,473.10000000003913,5189
2522805,3578,185.59999999999383,2137
2526524,3579,341.4000000000093,3719
2529828,3580,313.4000000000021,3304
2531097,3581,116.49999999999767,1269
2531428,3582,26.600000000000144,331
2534694,3583,316.5000000000028,3266
2535627,3584,92.79999999999909,933
2535806,3585,11.999999999999961,179
2535873,3586,4.699999999999998,67
2541625,3587,520.1000000000491,5752
2545270,3588,344.8000000000099,3645
2545485,3589,15.899999999999956,215
2546831,3590,107.39999999999802,1346
2548743,3591,184.0999999999938,1912
2548849,3592,6.499999999999985,106
2549628,3593,80.9999999999997,779
2552708,3594,277.1999999999954,3080
2553343,3595,52.800000000000544,635
2557250,3596,373.70000000001585,3907
2562740,3597,490.0000000000433,5490
2563129,3598,13.49999999999995,389
2564361,3599,114.29999999999768,1232
2565444,3600,82.59999999999933,1083
2565494,3601,2.6999999999999993,50
2566048,3602,48.30000000000045,554
2566116,3603,5.999999999999993,68
2567542,3604,133.99999999999642,1426
2567592,3605,-2.099999999999998,50
2572408,3606,417.800000000027,4816
2573079,3607,60.90000000000061,671
2573129,3608,-8.7,50
2573347,3609,14.399999999999949,218
2576275,3610,263.79999999999154,2928
2577494,3611,112.09999999999772,1219
2578991,3612,132.09999999999633,1497
2580982,3613,167.3999999999945,1991
2581763,3614,73.40000000000005,781
2581813,3615,-0.8999999999999986,50
2582404,3616,48.700000000000486,591
2584544,3617,172.09999999999334,2140
2584759,3618,18.299999999999994,215
2586671,3619,154.09999999999465,1912
2586777,3620,7.6999999999999815,106
2587632,3621,80.19999999999966,855
2587700,3622,5.999999999999993,68
2587770,3623,3.1999999999999984,70
2589345,3624,145.89999999999625,1575
2592577,3625,296.6,3232
2594564,3626,177.19999999999428,1987
2598926,3627,403.00000000002444,4362
2609312,3628,955.6000000001502,10386
2609607,3629,17.299999999999965,295
2611485,3630,178.59999999999445,1878
2612043,3631,47.500000000000455,558
2612262,3632,18.70000000000001,219
2618619,3633,608.8000000000683,6357
2621359,3634,256.6999999999898,2740
2622143,3635,68.30000000000024,784
2623115,3636,97.59999999999856,972
2624273,3637,109.29999999999824,1158
2624456,3638,12.399999999999958,183
2625274,3639,77.99999999999962,818
2627183,3640,175.99999999999412,1909
2628000,3641,70.7000000000002,817
2629084,3642,101.2999999999981,1084
2630466,3643,128.69999999999703,1382
2633281,3644,268.9999999999926,2815
2635192,3645,179.19999999999445,1911
2635710,3646,48.00000000000042,518
2636849,3647,86.0999999999986,1139
2637065,3648,22.000000000000057,216
2638561,3649,135.59999999999678,1496
2639001,3650,46.20000000000035,440
2641835,3651,252.29999999998938,2834
2642843,3652,92.49999999999902,1008
2644266,3653,132.4999999999968,1423
2646822,3654,236.19999999999075,2556
2648544,3655,164.799999999995,1722
2648875,3656,28.400000000000155,331
2649433,3657,51.100000000000456,558
2650404,3658,95.69999999999877,971
2650546,3659,10.39999999999997,142
2651859,3660,112.19999999999759,1313
2652381,3661,29.200000000000266,522
2653615,3662,119.29999999999748,1234
2654624,3663,84.19999999999966,1009
2654729,3664,8.199999999999983,105
2655171,3665,41.00000000000032,442
2657761,3666,226.69999999999087,2590
2658541,3667,74.50000000000004,780
2658722,3668,15.799999999999965,181
2660858,3669,201.6999999999928,2136
2662579,3670,148.49999999999568,1721
2668221,3671,519.6000000000529,5642
2668327,3672,7.699999999999985,106
2668694,3673,35.900000000000226,367
2669172,3674,44.900000000000354,478
2672929,3675,340.70000000000994,3757
2675744,3676,269.5999999999929,2815
2676865,3677,101.69999999999858,1121
2679079,3678,212.49999999999238,2214
2681555,3679,238.39999999999122,2476
2689151,3680,718.6000000000939,7596
2689540,3681,29.70000000000026,389
2689943,3682,37.40000000000026,403
2691628,3683,151.79999999999558,1685
2691696,3684,3.599999999999995,68
2694797,3685,290.0999999999988,3101
2697423,3686,235.99999999999056,2626
2700237,3687,265.8999999999926,2814
2700679,3688,41.600000000000314,442
2701045,3689,27.40000000000014,366
2701262,3690,14.299999999999947,217
2705284,3691,340.5000000000118,4022
2707876,3692,239.49999999999042,2592
2708658,3693,67.50000000000043,782
2708913,3694,20.800000000000036,255
2710524,3695,146.79999999999575,1611
2710629,3696,9.99999999999998,105
2711203,3697,46.70000000000042,574
2713081,3698,176.19999999999428,1878
2713489,3699,34.90000000000025,408
2716642,3700,287.4999999999966,3153
2725446,3701,810.0000000001114,8804
2726038,3702,54.20000000000045,592
2726106,3703,4.199999999999999,68
2726999,3704,81.29999999999983,893
2727069,3705,6.199999999999992,70
2727248,3706,16.19999999999996,179
2731757,3707,415.3000000000292,4509
2731826,3708,4.899999999999997,69
2736370,3709,436.5000000000318,4544
2738054,3710,154.09999999999556,1684
2739401,3711,120.0999999999975,1347
2740898,3712,151.8999999999959,1497
2746408,3713,508.2000000000493,5510
2746738,3714,22.90000000000005,330
2752232,3715,487.40000000004386,5494
2752336,3716,5.699999999999989,104
2752664,3717,28.100000000000108,328
2760827,3718,772.0000000001055,8163
2760933,3719,7.099999999999985,106
2761002,3720,5.499999999999995,69
2775907,3721,1366.69999999984,14905
2775973,3722,4.599999999999999,66
2776378,3723,37.000000000000256,405
2781226,3724,462.1000000000368,4848
2783476,3725,220.59999999999212,2250
2783546,3726,6.199999999999992,70
2786702,3727,302.8000000000012,3156
2786994,3728,27.80000000000013,292
2789132,3729,207.2999999999928,2138
2789254,3730,6.299999999999978,122
2791017,3731,167.99999999999474,1763
2792362,3732,131.29999999999686,1345
2793901,3733,119.19999999999666,1539
2795849,3734,174.7999999999938,1948
2796125,3735,18.100000000000048,276
2796793,3736,64.80000000000054,668
2798291,3737,148.399999999996,1498
2798735,3738,32.80000000000022,444
2800798,3739,195.5999999999932,2063
2801978,3740,105.49999999999811,1180
2802194,3741,18.40000000000001,216
2804334,3742,205.69999999999277,2140
2804440,3743,7.099999999999984,106
2804490,3744,-8.099999999999998,50
2804540,3745,-6.899999999999999,50
2804590,3746,-8.7,50
2804640,3747,-8.7,50
2806195,3748,131.59999999999656,1555
2806299,3749,8.099999999999984,104
2806349,3750,-8.099999999999998,50
2806399,3751,-6.899999999999999,50
2806449,3752,-0.8999999999999986,50
2806499,3753,-6.899999999999999,50
2806549,3754,-8.099999999999998,50
2809895,3755,292.09999999999786,3346
2809945,3756,-6.899999999999999,50
2811972,3757,179.09999999999374,2027
2812040,3758,3.000000000000001,68
2815952,3759,340.0000000000085,3912
2816021,3760,4.899999999999997,69
2816071,3761,-5.699999999999998,50
2817908,3762,164.5999999999949,1837
2818995,3763,95.59999999999869,1087
2819045,3764,-6.299999999999999,50
2821713,3765,240.4999999999904,2668
2822646,3766,73.00000000000006,933
2824298,3767,153.59999999999565,1652
2824820,3768,46.00000000000042,522
2827489,3769,248.9999999999902,2669
2828047,3770,52.30000000000047,558
2828492,3771,31.700000000000294,445
2833344,3772,458.9000000000359,4852
2839098,3773,528.10000000005,5754
2842026,3774,264.39999999999145,2928
2843297,3775,107.69999999999771,1271
2844190,3776,90.29999999999916,893
2846217,3777,191.6999999999933,2027
2846509,3778,28.40000000000012,292
2846615,3779,7.099999999999982,106
2847248,3780,58.000000000000604,633
2851760,3781,422.200000000029,4512
2852055,3782,20.300000000000104,295
2852238,3783,16.0,183
2852568,3784,30.70000000000016,330
2853090,3785,46.000000000000405,522
2853535,3786,34.70000000000024,445
2853980,3787,42.50000000000032,445
2855704,3788,147.59999999999522,1724
2856485,3789,71.60000000000016,781
2856555,3790,4.999999999999993,70
2856661,3791,7.099999999999982,106
2858837,3792,208.9999999999925,2176
2858907,3793,3.7999999999999936,70
2861499,3794,228.69999999999075,2592
2864785,3795,296.9,3286
2866244,3796,137.59999999999647,1459
2869889,3797,323.80000000000473,3645
2873157,3798,299.3000000000004,3268
2873261,3799,7.499999999999982,104
2875659,3800,227.59999999999184,2398
2877308,3801,146.69999999999558,1649
2883060,3802,500.9000000000454,5752
2883110,3803,-3.899999999999998,50
2883216,3804,7.699999999999985,106
2884113,3805,85.29999999999946,897
2885610,3806,142.89999999999623,1497
2893850,3807,757.5000000001039,8240
2894518,3808,64.80000000000052,668
2895073,3809,47.800000000000445,555
2897927,3810,265.3999999999925,2854
2900102,3811,213.69999999999266,2175
2900207,3812,6.399999999999984,105
2903889,3813,347.6000000000104,3682
2903993,3814,5.099999999999986,104
2905378,3815,131.39999999999682,1385
2905674,3816,23.400000000000087,296
2905837,3817,11.299999999999969,163
2907072,3818,110.39999999999807,1235
2907400,3819,31.70000000000021,328
2911007,3820,338.9000000000091,3607
2911601,3821,54.40000000000054,594
2918450,3822,637.3000000000757,6849
2918817,3823,36.50000000000025,367
2920277,3824,135.8999999999969,1460
2920383,3825,9.49999999999998,106
2922859,3826,226.3999999999915,2476
2922960,3827,9.599999999999982,101
2926492,3828,320.000000000004,3532
2933488,3829,668.8000000000826,6996
2937323,3830,350.3000000000119,3835
2937540,3831,20.30000000000002,217
2940209,3832,249.59999999999056,2669
2940502,3833,18.9,293
2940943,3834,43.90000000000036,441
2941157,3835,20.600000000000026,214
2942727,3836,151.99999999999594,1570
2943057,3837,26.500000000000167,330
2945874,3838,254.79999999998967,2817
2947935,3839,194.19999999999328,2061
2953236,3840,509.800000000045,5301
2957975,3841,452.1000000000336,4739
2958045,3842,4.999999999999993,70
2959806,3843,164.7999999999948,1761
2959908,3844,9.099999999999982,102
2960238,3845,28.900000000000123,330
2960344,3846,5.299999999999983,106
2960599,3847,25.000000000000107,255
2961268,3848,66.1000000000004,669
2961374,3849,7.099999999999984,106
2964604,3850,287.99999999999716,3230
2964822,3851,16.199999999999957,218
2964871,3852,-0.3999999999999986,49
2967648,3853,272.69999999999527,2777
2970353,3854,248.0999999999896,2705
2970423,3855,3.7999999999999945,70
2982051,3856,1119.7000000000694,11628
2982457,3857,37.70000000000024,406
2982675,3858,7.799999999999978,218
2983306,3859,60.20000000000053,631
2983747,3860,43.900000000000325,441
2983965,3861,20.40000000000003,218
2985503,3862,136.49999999999594,1538
2987866,3863,222.5999999999917,2363
2987970,3864,7.499999999999986,104
2991235,3865,297.8000000000005,3265
2991339,3866,9.899999999999983,104
2992010,3867,57.90000000000055,671
2992565,3868,40.60000000000034,555
2993119,3869,55.500000000000476,554
2994051,3870,71.7000000000001,932
2995850,3871,149.09999999999505,1799
2996067,3872,18.50000000000001,217
2997638,3873,142.49999999999625,1571
2997780,3874,9.199999999999976,142
2998786,3875,92.29999999999883,1006
3007253,3876,790.4000000001097,8467
3009728,3877,209.49999999999196,2475
3010623,3878,79.69999999999956,895
3014571,3879,349.9000000000143,3948
3014641,3880,3.1999999999999984,70
3016516,3881,170.49999999999483,1875
3016658,3882,12.19999999999997,142
3016821,3883,11.89999999999998,163
3016871,3884,-0.8999999999999986,50
3017013,3885,9.799999999999972,142
3021675,3886,441.40000000003266,4662
3027014,3887,506.10000000004413,5339
3027083,3888,4.899999999999997,69
3027133,3889,-5.699999999999998,50
3027183,3890,-8.099999999999998,50
3027325,3891,13.999999999999968,142
3029613,3892,194.69999999999322,2288
3031430,3893,134.09999999999638,1817
3035679,3894,408.2000000000253,4249
3035975,3895,13.199999999999957,296
3036025,3896,-6.899999999999999,50
3036075,3897,-8.099999999999998,50
3036144,3898,4.899999999999997,69
3036194,3899,-8.099999999999998,50
3037014,3900,73.99999999999993,820
3037064,3901,-8.099999999999998,50
3037114,3902,-9.299999999999999,50
3039064,3903,170.79999999999424,1950
3039114,3904,-5.699999999999998,50
3039164,3905,-3.299999999999998,50
3039214,3906,-5.699999999999998,50
3039695,3907,41.60000000000029,481
3039745,3908,-6.899999999999999,50
3039815,3909,4.9999999999999964,70
3039921,3910,7.099999999999989,106
3039971,3911,-7.499999999999998,50
3043955,3912,345.40000000001334,3984
3044626,3913,71.1000000000001,671
3045693,3914,92.6999999999989,1067
3049040,3915,310.20000000000226,3347
3049372,3916,23.100000000000065,332
3049422,3917,-5.099999999999998,50
3049585,3918,10.699999999999964,163
3052850,3919,306.2000000000008,3265
3052900,3920,-0.8999999999999986,50
3054737,3921,160.9999999999953,1837
3056574,3922,163.39999999999503,1837
3059654,3923,293.999999999999,3080
3061645,3924,188.39999999999404,1991
3062880,3925,108.59999999999805,1235
3064080,3926,120.39999999999756,1200
3065314,3927,101.89999999999814,1234
3067192,3928,161.19999999999507,1878
3069296,3929,177.19999999999368,2104
3070928,3930,143.499999999996,1632
3074421,3931,319.4000000000057,3493
3074487,3932,3.399999999999997,66
3074588,3933,9.599999999999982,101
3075557,3934,90.69999999999902,969
3080783,3935,484.9000000000446,5226
3081489,3936,71.90000000000015,706
3087080,3937,504.90000000004886,5591
3089410,3938,199.79999999999208,2330
3091888,3939,239.79999999999112,2478
3092330,3940,42.200000000000315,442
3101058,3941,827.6000000001201,8728
3101126,3942,4.799999999999997,68
3104393,3943,312.4000000000018,3267
3105403,3944,92.09999999999903,1010
3110819,3945,499.4000000000432,5416
3112730,3946,179.19999999999413,1911
3113889,3947,113.59999999999775,1159
3116480,3948,233.39999999999065,2591
3116810,3949,28.90000000000019,330
3119512,3950,228.5999999999913,2702
3125717,3951,540.2000000000556,6205
3125820,3952,7.999999999999984,103
3126681,3953,84.39999999999938,861
3126731,3954,-8.099999999999998,50
3130905,3955,364.70000000001266,4174
3134134,3956,263.29999999999103,3229
3135519,3957,128.39999999999696,1385
3135569,3958,-6.899999999999999,50
3135619,3959,-7.499999999999998,50
3137343,3960,141.59999999999562,1724
3137393,3961,-7.499999999999998,50
3137443,3962,-7.499999999999998,50
3138375,3963,83.09999999999923,932
3138480,3964,5.199999999999992,105
3138584,3965,8.099999999999984,104
3139141,3966,50.400000000000475,557
3139208,3967,4.699999999999998,67
3140295,3968,106.39999999999812,1087
3140663,3969,27.0000000000002,368
3146982,3970,571.7000000000623,6319
3147798,3971,76.59999999999995,816
3148356,3972,48.70000000000047,558
3149248,3973,73.40000000000008,892
3154177,3974,440.8000000000342,4929
3156089,3975,174.49999999999392,1912
3158681,3976,246.0999999999907,2592
3158896,3977,20.700000000000028,215
3159565,3978,55.30000000000062,669
3159698,3979,1.39999999999998,133
3165000,3980,472.70000000004217,5302
3166006,3981,73.10000000000042,1006
3170288,3982,394.4000000000223,4282
3176381,3983,559.9000000000563,6093
3178630,3984,189.89999999999316,2249
3180205,3985,130.29999999999683,1575
3181477,3986,114.39999999999728,1272
3185122,3987,320.80000000000354,3645
3187298,3988,201.1999999999928,2176
3187404,3989,8.899999999999983,106
3190258,3990,243.19999999998944,2854
3192284,3991,187.9999999999935,2026
3192990,3992,60.50000000000063,706
3195353,3993,223.79999999999205,2363
3196020,3994,60.50000000000057,667
3197255,3995,109.79999999999815,1235
3199165,3996,185.09999999999408,1910
3199379,3997,18.200000000000003,214
3199448,3998,4.899999999999993,69
3199891,3999,45.900000000000354,443
3201127,4000,111.09999999999768,1236
3204621,4001,311.10000000000184,3494
3212896,4002,805.100000000111,8275
3213228,4003,27.90000000000016,332
3224292,4004,1058.2000000001283,11064
3224586,4005,21.400000000000052,294
3231093,4006,623.2000000000734,6507
3232290,4007,114.0999999999978,1197
3233262,4008,83.19999999999968,972
3234195,4009,84.9999999999994,933
3234263,4010,4.799999999999997,68
3236703,4011,220.09999999999192,2440
3236809,4012,10.09999999999998,106
3237930,4013,91.49999999999874,1121
3242632,4014,443.90000000003266,4702
3245259,4015,254.69999999999007,2627
3246154,4016,88.0999999999992,895
3249423,4017,292.19999999999834,3269
3251559,4018,207.099999999993,2136
3254185,4019,231.19999999999106,2626
3256135,4020,176.79999999999413,1950
3261098,4021,436.70000000003415,4963
3261352,4022,22.50000000000006,254
3262474,4023,98.19999999999854,1122
3266192,4024,329.9000000000068,3718
3271491,4025,483.80000000004264,5299
3273028,4026,138.79999999999615,1537
3273133,4027,6.999999999999985,105
3275347,4028,196.8999999999927,2214
3277451,4029,211.39999999999276,2104
3280155,4030,229.99999999999164,2704
3283573,4031,311.90000000000236,3418
3284054,4032,44.00000000000038,481
3284611,4033,45.000000000000355,557
3284979,4034,39.60000000000027,368
3286325,4035,130.79999999999683,1346
3286957,4036,57.30000000000056,632
3288303,4037,124.79999999999706,1346
3288973,4038,60.80000000000061,670
3289039,4039,3.399999999999997,66
3292870,4040,355.3000000000129,3831
3294255,4041,117.59999999999755,1385
3296091,4042,169.29999999999467,1836
3296871,4043,75.69999999999995,780
3300557,4044,340.200000000009,3686
3300920,4045,37.300000000000246,363
3301023,4046,9.199999999999982,103
3303312,4047,210.39999999999225,2289
3307179,4048,365.80000000001377,3867
3307316,4049,12.89999999999997,137
3309567,4050,199.0999999999924,2251
3311215,4051,139.99999999999585,1648
3314634,4052,309.60000000000105,3419
3316056,4053,130.59999999999692,1422
3316106,4054,-3.899999999999998,50
3319525,4055,312.00000000000074,3419
3324149,4056,433.10000000002805,4624
3324476,4057,29.80000000000017,327
3324580,4058,9.299999999999981,104
3325775,4059,114.49999999999788,1195
3326747,4060,99.39999999999874,972
3327643,4061,75.59999999999991,896
3327936,4062,30.300000000000153,293
3328154,4063,11.99999999999995,218
3329275,4064,107.69999999999801,1121
3332807,4065,325.4000000000056,3532
3334186,4066,134.99999999999665,1379
3334364,4067,15.499999999999961,178
3335561,4068,111.69999999999787,1197
3336155,4069,53.80000000000048,594
3337991,4070,163.29999999999438,1836
3338433,4071,37.40000000000027,442
3338651,4072,19.80000000000003,218
3339884,4073,101.19999999999885,1233
3344845,4074,487.5000000000405,4961
3344984,4075,13.699999999999969,139
3346933,4076,173.69999999999393,1949
3347526,4077,43.50000000000038,593
3364094,4078,1576.799999999683,16568
3369621,4079,525.2000000000492,5527
3373981,4080,404.0000000000231,4360
3376346,4081,210.19999999999217,2365
3379313,4082,269.19999999999277,2967
3384840,4083,512.600000000045,5527
3386037,4084,115.2999999999976,1197
3386367,4085,33.100000000000186,330
3386435,4086,2.399999999999998,68
3392301,4087,538.4000000000538,5866
3393275,4088,73.80000000000015,974
3400724,4089,684.100000000089,7449
3401697,4090,92.29999999999902,973
3401765,4091,4.799999999999997,68
3411246,4092,862.1000000001286,9481
3418166,4093,643.800000000075,6920
3418495,4094,33.00000000000018,329
3420405,4095,188.0999999999938,1910
3420960,4096,43.600000000000406,555
3423249,4097,215.19999999999183,2289
3426180,4098,262.89999999999077,2931
3428449,4099,200.89999999999233,2269
3428893,4100,43.000000000000355,444
3436873,4101,673.6000000000965,7980
3444207,4102,707.7000000000894,7334
3451803,4103,688.600000000093,7596
3451909,4104,8.89999999999998,106
3453784,4105,180.69999999999402,1875
3460217,4106,588.8000000000669,6433
3463338,4107,285.1999999999961,3121
3466756,4108,312.50000000000256,3418
3469008,4109,215.39999999999227,2252
3469902,4110,93.39999999999903,894
3472943,4111,269.9999999999923,3041
3473646,4112,52.40000000000051,703
3478494,4113,439.30000000003287,4848
3480292,4114,158.5999999999949,1798
3482543,4115,203.89999999999273,2251
3484135,4116,147.5999999999958,1592
3486049,4117,169.89999999999435,1914
3487623,4118,138.59999999999653,1574
3489762,4119,203.7999999999929,2139
3491223,4120,131.79999999999646,1461
3492342,4121,107.49999999999801,1119
3495836,4122,321.9000000000038,3494
3501137,4123,495.40000000004426,5301
3503632,4124,217.49999999999193,2495
3509953,4125,569.5000000000648,6321
3511075,4126,110.79999999999785,1122
3512537,4127,133.69999999999655,1462
3514110,4128,142.69999999999607,1573
3517376,4129,286.49999999999727,3266
3517707,4130,29.000000000000156,331
3527302,4131,887.0000000001315,9595
3530796,4132,330.9000000000074,3494
3535610,4133,443.40000000003187,4814
3535793,4134,9.999999999999961,183
3536048,4135,22.600000000000076,255
3540333,4136,393.50000000002217,4285
3545976,4137,520.9000000000484,5643
3548455,4138,235.6999999999914,2479
3549765,4139,108.29999999999754,1310
3550206,4140,47.500000000000355,441
3552039,4141,174.9999999999942,1833
3555534,4142,299.80000000000064,3495
3555601,4143,5.299999999999995,67
3555669,4144,4.799999999999997,68
3557241,4145,155.19999999999555,1572
3558587,4146,138.5999999999966,1346
3560804,4147,216.9999999999922,2217
3564336,4148,320.00000000000824,3532
3564591,4149,12.999999999999952,255
3567710,4150,283.1999999999961,3119
3568115,4151,39.40000000000029,405
3569837,4152,164.79999999999515,1722
3570279,4153,44.00000000000034,442
3571798,4154,135.4999999999964,1519
3572579,4155,81.79999999999968,781
3574683,4156,184.99999999999312,2104
3578517,4157,337.0000000000103,3834
3583142,4158,437.40000000002976,4625
3588219,4159,475.40000000004153,5077
3588774,4160,49.60000000000043,555
3590232,4161,136.89999999999665,1458
3592896,4162,246.69999999999024,2664
3602413,4163,880.4000000001319,9517
3602552,4164,11.89999999999997,139
3602957,4165,25.600000000000094,405
3603887,4166,91.89999999999904,930
3604841,4167,78.69999999999942,954
3606790,4168,171.29999999999424,1949
3606971,4169,14.599999999999957,181
3610429,4170,316.20000000000425,3458
3610498,4171,4.899999999999997,69
3611169,4172,64.50000000000051,671
3615040,4173,371.60000000001577,3871
3618875,4174,358.10000000001446,3835
3619057,4175,11.099999999999959,182
3620744,4176,162.79999999999515,1687
3622278,4177,113.8999999999982,1534
3625432,4178,277.3999999999957,3154
3625837,4179,35.800000000000296,405
3633211,4180,659.2000000000852,7374
3639044,4181,548.6000000000538,5833
3639678,4182,52.10000000000049,634
3642157,4183,225.49999999999133,2479
3645198,4184,299.39999999999935,3041
3645247,4185,-0.3999999999999986,49
3650625,4186,480.30000000004,5378
3655814,4187,473.7000000000415,5189
3656335,4188,46.50000000000045,521
3660620,4189,395.90000000002374,4285
3660759,4190,11.29999999999997,139
3668659,4191,736.4000000001005,7900
3670178,4192,142.69999999999595,1519
3670282,4193,8.099999999999984,104
3671779,4194,139.8999999999962,1497
3676065,4195,381.6000000000226,4286
3678958,4196,267.79999999999234,2893
3679099,4197,10.29999999999997,141
3681723,4198,257.9999999999909,2624
3685442,4199,332.40000000000873,3719
3690215,4200,449.2000000000332,4773
3693407,4201,275.4999999999936,3192
3695546,4202,180.39999999999324,2139
3699718,4203,378.9000000000202,4172
3699787,4204,3.699999999999995,69
3705374,4205,535.1000000000541,5587
3708868,4206,332.70000000000783,3494
3711799,4207,264.6999999999913,2931
3712615,4208,73.00000000000018,816
3714676,4209,186.99999999999352,2061
3720619,4210,538.9000000000557,5943
3721476,4211,82.19999999999959,857
3725684,4212,385.8000000000188,4208
3728502,4213,260.8999999999907,2818
3732260,4214,360.60000000001423,3758
3732479,4215,20.500000000000068,219
3732960,4216,46.40000000000037,481
3733178,4217,11.399999999999949,218
3733509,4218,27.800000000000146,331
3738961,4219,527.30000000005,5452
3745243,4220,590.500000000064,6282
3748251,4221,266.39999999999225,3008
3748321,4222,4.999999999999993,70
3749631,4223,119.09999999999712,1310
3751602,4224,149.49999999999406,1971
3753665,4225,187.7999999999937,2063
3753920,4226,23.80000000000008,255
3755117,4227,105.69999999999803,1197
3758803,4228,341.4000000000099,3686
3759133,4229,30.700000000000166,330
3759578,4230,41.90000000000032,445
3762545,4231,264.9999999999917,2967
3763910,4232,122.4999999999969,1365
3763979,4233,4.899999999999997,69
3764085,4234,6.499999999999983,106
3766753,4235,236.89999999999083,2668
3772392,4236,558.3000000000558,5639
3772983,4237,55.30000000000051,591
3776588,4238,325.5000000000042,3605
3778649,4239,185.79999999999356,2061
3785118,4240,572.3000000000605,6469
3790796,4241,537.3000000000503,5678
3791128,4242,21.900000000000034,332
3801776,4243,1000.700000000156,10648
3804102,4244,216.7999999999921,2326
3804621,4245,54.10000000000046,519
3804950,4246,30.000000000000174,329
3805091,4247,12.699999999999969,141
3809978,4248,465.10000000003544,4887
3811175,4249,118.89999999999758,1197
3811316,4250,10.899999999999972,141
3811648,4251,15.299999999999923,332
3813030,4252,140.09999999999636,1382
3814490,4253,137.09999999999656,1460
3815612,4254,101.1999999999983,1122
3815867,4255,12.399999999999942,255
3815972,4256,7.599999999999987,105
3820634,4257,431.80000000002855,4662
3820702,4258,4.799999999999997,68
3825892,4259,486.40000000004187,5190
3826865,4260,78.49999999999976,973
3827005,4261,12.59999999999997,140
3827219,4262,21.20000000000004,214
3827474,4263,25.00000000000009,255
3827578,4264,9.299999999999981,104
3828552,4265,80.99999999999949,974
3829484,4266,77.09999999999994,932
3829719,4267,14.90000000000002,235
3834648,4268,444.40000000003135,4929
3835016,4269,26.400000000000123,368
3836325,4270,131.59999999999704,1309
3844002,4271,712.9000000000901,7677
3844185,4272,9.99999999999996,183
3849452,4273,470.1000000000405,5267
3850349,4274,83.49999999999926,897
3851847,4275,133.3999999999961,1498
3856848,4276,471.40000000003914,5001
3858197,4277,116.69999999999783,1349
3860507,4278,207.0999999999921,2310
3860835,4279,33.500000000000206,328
3862559,4280,166.79999999999498,1724
3865793,4281,306.4000000000017,3234
3865843,4282,-0.8999999999999986,50
3872277,4283,572.1000000000616,6434
3874791,4284,225.6999999999916,2514
3877080,4285,231.3999999999919,2289
3879441,4286,225.9999999999915,2361
3879922,4287,40.40000000000033,481
3880443,4288,47.10000000000043,521
3886256,4289,544.5000000000571,5813
3887264,4290,94.89999999999881,1008
3888874,4291,140.69999999999612,1610
3888980,4292,7.099999999999982,106
3893526,4293,434.9000000000284,4546
3897056,4294,345.00000000001,3530
3898553,4295,131.49999999999662,1497
3900241,4296,154.49999999999548,1688
3902229,4297,188.09999999999363,1988
3906363,4298,379.0000000000176,4134
3907256,4299,91.4999999999991,893
3911540,4300,392.2000000000242,4284
3911646,4301,7.699999999999987,106
3912090,4302,46.00000000000035,444
3914153,4303,178.1999999999943,2063
3923411,4304,840.4000000001257,9258
3930519,4305,687.500000000083,7108
3931755,4306,113.49999999999763,1236
3931897,4307,12.799999999999969,142
3932603,4308,69.50000000000018,706
3932821,4309,21.600000000000033,218
3942566,4310,890.0000000001332,9745
3946775,4311,399.70000000002113,4209
3948084,4312,118.39999999999758,1309
3948264,4313,15.099999999999959,180
3955147,4314,635.0000000000773,6883
3966403,4315,1009.9000000001671,11256
3972383,4316,539.3000000000532,5980
3973953,4317,148.99999999999582,1570
3974207,4318,17.699999999999992,254
3977138,4319,267.6999999999938,2931
3978713,4320,130.89999999999634,1575
3978763,4321,-6.299999999999999,50
3979357,4322,56.80000000000051,594
3980929,4323,158.19999999999558,1572
3983485,4324,248.1999999999906,2556
3985735,4325,200.79999999999245,2250
3987535,4326,167.19999999999501,1800
3990728,4327,307.40000000000117,3193
3992112,4328,136.69999999999655,1384
3995153,4329,286.1999999999973,3041
3999323,4330,415.90000000002556,4170
4000368,4331,99.49999999999851,1045
4002847,4332,235.69999999999106,2479
4004458,4333,161.7999999999952,1611
4004674,4334,22.000000000000057,216
4005154,4335,45.70000000000042,480
4007104,4336,175.599999999994,1950
4010861,4337,358.10000000001463,3757
4011416,4338,47.20000000000044,555
4019545,4339,761.7000000001048,8129
4023342,4340,339.60000000000787,3797
4033353,4341,911.5000000001406,10011
4035038,4342,161.99999999999562,1685
4035365,4343,31.000000000000156,327
4035432,4344,5.299999999999995,67
4037228,4345,152.3999999999956,1796
4038236,4346,91.89999999999893,1008
4038342,4347,8.899999999999983,106
4043646,4348,482.5000000000433,5304
4043829,4349,14.799999999999967,183
4047738,4350,358.3000000000141,3909
4052137,4351,414.8000000000261,4399
4055706,4352,318.60000000000485,3569
4055997,4353,27.100000000000115,291
4060884,4354,468.7000000000387,4887
4061103,4355,15.699999999999957,219
4062225,4356,104.19999999999825,1122
4064701,4357,231.79999999999157,2476
4066312,4358,147.39999999999577,1611
4066790,4359,49.70000000000037,478
4067913,4360,99.49999999999824,1123
4070541,4361,231.99999999999054,2628
4071322,4362,75.20000000000002,781
4072819,4363,138.69999999999646,1497
4076765,4364,368.90000000001515,3946
4077205,4365,39.6000000000003,440
4078627,4366,129.39999999999674,1422
4079107,4367,45.700000000000365,480
4079248,4368,11.49999999999997,141
4084323,4369,458.400000000036,5075
4084804,4370,47.000000000000334,481
4090445,4371,509.9000000000478,5641
4090775,4372,33.1000000000002,330
4091672,4373,80.49999999999946,897
4094372,4374,251.1999999999897,2700
4094591,4375,21.700000000000035,219
4095485,4376,90.39999999999915,894
4096305,4377,73.99999999999994,820
4096355,4378,1.5,50
4096798,4379,36.30000000000028,443
4098635,4380,180.19999999999436,1837
4100884,4381,218.09999999999212,2249
4102476,4382,148.19999999999587,1592
4103145,4383,63.100000000000605,669
4104153,4384,88.29999999999937,1008
4105498,4385,125.29999999999714,1345
4108618,4386,298.90000000000055,3120
4108724,4387,7.699999999999983,106
4111650,4388,274.9999999999939,2926
4111869,4389,22.900000000000055,219
4112766,4390,86.4999999999992,897
4114490,4391,161.99999999999494,1724
4115105,4392,51.10000000000056,615
4115323,4393,19.20000000000001,218
4117085,4394,160.69999999999527,1762
4120880,4395,359.8000000000123,3795
4121999,4396,104.49999999999827,1119
4122311,4397,20.80000000000013,312
4122905,4398,55.00000000000052,594
4123612,4399,51.60000000000051,707
4127331,4400,330.600000000008,3719
4131088,4401,373.70000000001596,3757
4131723,4402,53.40000000000058,635
4131978,4403,26.80000000000011,255
4132084,4404,9.49999999999998,106
4133017,4405,79.5999999999999,933
4136626,4406,345.10000000000844,3609
4141590,4407,471.0000000000401,4964
4142973,4408,140.1999999999965,1383
4144056,4409,97.5999999999987,1083
4144948,4410,82.39999999999962,892
4146332,4411,118.6999999999972,1384
4149433,4412,280.4999999999963,3101
4149652,4413,13.299999999999951,219
4152809,4414,302.3000000000004,3157
4153478,4415,66.10000000000036,669
4155241,4416,164.39999999999512,1763
4155876,4417,54.000000000000554,635
4156055,4418,11.399999999999961,179
4157402,4419,119.49999999999724,1347
4158294,4420,77.59999999999975,892
4158736,4421,43.40000000000033,442
4159144,4422,28.90000000000018,408
4160231,4423,94.99999999999878,1087
4160300,4424,4.899999999999997,69
4160858,4425,37.90000000000036,558
4161225,4426,25.70000000000015,367
4161293,4427,4.799999999999997,68
4161343,4428,-0.8999999999999986,50
4162317,4429,69.60000000000012,974
4164118,4430,143.89999999999566,1801
4165692,4431,133.79999999999632,1574
4166362,4432,57.2000000000006,670
4167598,4433,112.89999999999787,1236
4169398,4434,149.19999999999516,1800
4169616,4435,19.20000000000001,218
4174387,4436,437.0000000000293,4771
4174567,4437,12.099999999999959,180
4176029,4438,140.89999999999625,1462
4177002,4439,79.69999999999929,973
4178613,4440,144.39999999999588,1611
4178718,4441,8.199999999999983,105
4178768,4442,-3.899999999999998,50
4180190,4443,129.99999999999676,1422
4189220,4444,862.0000000001249,9030
4191057,4445,181.3999999999942,1837
4191424,4446,31.70000000000023,367
4194014,4447,240.49999999999065,2590
4200786,4448,632.0000000000736,6772
4204204,4449,323.3000000000037,3418
4205890,4450,148.29999999999555,1686
4207239,4451,117.89999999999766,1349
4210959,4452,328.9000000000053,3720
4219197,4453,759.1000000001006,8238
4224122,4454,469.20000000003733,4925
4226976,4455,284.59999999999684,2854
4227344,4456,33.60000000000021,368
4227675,4457,24.20000000000011,331
4229399,4458,158.39999999999563,1724
4231651,4459,209.3999999999926,2252
4237404,4460,542.4000000000534,5753
4237696,4461,24.20000000000012,292
4239608,4462,179.2999999999943,1912
4239976,4463,34.800000000000246,368
4240873,4464,65.50000000000045,897
4241883,4465,93.89999999999881,1010
4243155,4466,118.59999999999773,1272
4249472,4467,560.1000000000624,6317
4253645,4468,396.40000000002277,4173
4255442,4469,161.49999999999497,1797
4256226,4470,67.10000000000048,784
4261943,4471,544.5000000000539,5717
4268151,4472,578.3000000000604,6208
4275598,4473,690.5000000000886,7447
4277699,4474,203.29999999999305,2101
4279649,4475,172.59999999999437,1950
4279791,4476,9.19999999999997,142
4282118,4477,209.699999999992,2327
4284708,4478,265.09999999999314,2590
4290348,4479,527.8000000000532,5640
4290624,4480,19.9000000000001,276
4291557,4481,67.00000000000061,933
4297426,4482,551.3000000000563,5869
4297835,4483,32.60000000000018,409
4299184,4484,123.29999999999723,1349
4300644,4485,130.49999999999656,1460
4303084,4486,225.49999999999156,2440
4303299,4487,20.100000000000026,215
4303405,4488,8.299999999999983,106
4305263,4489,175.0999999999941,1858
4306045,4490,75.89999999999996,782
4306713,4491,65.40000000000049,668
4308588,4492,163.89999999999478,1875
4315135,4493,604.1000000000721,6547
4321341,4494,609.3000000000675,6206
4324533,4495,286.2999999999964,3192
4326256,4496,154.69999999999513,1723
4326623,4497,35.90000000000025,367
4328234,4498,154.59999999999573,1611
4332856,4499,440.7000000000286,4622
4332960,4500,7.499999999999986,104
4333029,4501,4.899999999999997,69
4338933,4502,543.7000000000559,5904
4339564,4503,46.400000000000425,631
4342382,4504,263.29999999999137,2818
4342562,4505,16.899999999999974,180
4342856,4506,21.400000000000077,294
4343411,4507,52.60000000000046,555
4343516,4508,8.199999999999982,105
4344185,4509,62.50000000000061,669
4346549,4510,211.89999999999162,2364
4349363,4511,253.2999999999898,2814
4350146,4512,71.2000000000001,783
4352060,4513,183.69999999999376,1914
4353595,4514,137.9999999999963,1535
4355093,4515,145.99999999999613,1498
4359715,4516,440.7000000000294,4622
4359931,4517,15.399999999999956,216
4363426,4518,336.4000000000087,3495
4363641,4519,17.69999999999998,215
4364122,4520,41.60000000000036,481
4364339,4521,20.90000000000005,217
4365719,4522,134.49999999999673,1380
4367068,4523,122.0999999999975,1349
4370672,4524,342.80000000000996,3604
4371454,4525,77.09999999999977,782
4371747,4526,26.100000000000144,293
4375392,4527,358.6000000000136,3645
4380578,4528,499.8000000000443,5186
4384602,4529,369.50000000001717,4024
4386852,4530,228.39999999999202,2250
4386920,4531,4.799999999999997,68
4388041,4532,102.29999999999852,1121
4388258,4533,16.699999999999967,217
4394013,4534,539.0000000000547,5755
4396149,4535,217.2999999999923,2136
4396594,4536,43.10000000000034,445
4396664,4537,3.200000000000002,70
4396711,4538,0.6000000000000014,47
4397531,4539,78.19999999999959,820
4400536,4540,272.69999999999317,3005
4401921,4541,121.19999999999717,1385
4407035,4542,478.2000000000394,5114
4409736,4543,251.89999999998994,2701
4413306,4544,330.10000000000736,3570
4416140,4545,248.0999999999899,2834
4417146,4546,98.29999999999858,1006
4418192,4547,95.39999999999864,1046
4425340,4548,645.6000000000815,7148
4426047,4549,64.80000000000051,707
4429317,4550,304.90000000000134,3270
4429798,4551,49.400000000000425,481
4434989,4552,475.70000000004075,5191
4441572,4553,629.6000000000735,6583
4452634,4554,1032.80000000015,11062
4453644,4555,83.09999999999924,1010
4455067,4556,140.29999999999643,1423
4456755,4557,134.6999999999957,1688
4457389,4558,49.10000000000054,634
4458170,4559,67.40000000000036,781
4459403,4560,101.19999999999855,1233
4459847,4561,43.00000000000032,444
4463153,4562,323.8000000000055,3306
4463936,4563,51.40000000000043,783
4465998,4564,172.69999999999408,2062
4466063,4565,5.099999999999997,65
4475397,4566,849.2000000001298,9334
4475503,4567,7.699999999999985,106
4475645,4568,10.999999999999972,142
4476388,4569,64.50000000000055,743
4476458,4570,4.9999999999999964,70
4479160,4571,263.9999999999918,2702
4479600,4572,39.00000000000031,440
4482527,4573,290.0999999999989,2927
4483309,4574,62.700000000000756,782
4484354,4575,94.09999999999891,1045
4487398,4576,287.0999999999973,3044
4487500,4577,9.099999999999982,102
4487642,4578,9.199999999999973,142
4488086,4579,42.400000000000354,444
4489545,4580,142.39999999999637,1459
4491684,4581,192.99999999999278,2139
4495857,4582,418.6000000000258,4173
4497169,4583,108.49999999999719,1312
4499386,4584,199.59999999999263,2217
4509172,4585,901.6000000001347,9786
4509354,4586,7.499999999999986,182
4513187,4587,351.3000000000118,3833
4513237,4588,2.6999999999999993,50
4514018,4589,81.19999999999958,781
4516759,4590,264.5999999999927,2741
4524171,4591,690.3000000000865,7412
4532072,4592,746.1000000000987,7901
4535039,4593,273.3999999999945,2967
4539209,4594,397.9000000000214,4170
4541158,4595,188.699999999994,1949
4542392,4596,118.6999999999976,1234
4542533,4597,13.299999999999969,141
4542864,4598,30.800000000000168,331
4543418,4599,52.500000000000455,554
4544277,4600,78.7999999999998,859
4547317,4601,308.90000000000117,3040
4547683,4602,29.200000000000195,366
4554117,4603,599.100000000069,6434
4554749,4604,62.70000000000057,632
4555230,4605,38.000000000000306,481
4559628,4606,396.70000000002284,4398
4561538,4607,171.29999999999427,1910
4561608,4608,4.9999999999999964,70
4562392,4609,74.89999999999989,784
4562722,4610,31.300000000000203,330
4563614,4611,82.99999999999959,892
4569480,4612,532.4000000000539,5866
4570938,4613,130.89999999999702,1458
4576916,4614,565.500000000056,5978
4582671,4615,537.8000000000536,5755
4585677,4616,278.19999999999675,3006
4586496,4617,76.29999999999974,819
4586826,4618,34.3000000000002,330
4589453,4619,252.29999999999043,2627
4589671,4620,16.199999999999957,218
4590340,4621,67.90000000000029,669
4592138,4622,156.7999999999953,1798
4595856,4623,350.30000000001047,3718
4607296,4624,1065.2000000001262,11440
4613843,4625,622.1000000000745,6547
4614849,4626,98.8999999999986,1006
4615290,4627,40.9000000000003,441
4616260,4628,96.79999999999865,970
4617756,4629,139.79999999999632,1496
4618762,4630,81.49999999999987,1006
4620222,4631,141.8999999999962,1460
4620292,4632,4.399999999999997,70
4623824,4633,329.0000000000078,3532
4625734,4634,176.09999999999442,1910
4626402,4635,64.80000000000054,668
4632158,4636,522.300000000051,5756
4633656,4637,138.7999999999964,1498
4636531,4638,280.6999999999975,2875
4640402,4639,353.00000000001006,3871
4640505,4640,9.199999999999982,103
4641965,4641,138.89999999999623,1460
4644028,4642,196.19999999999345,2063
4644211,4643,13.599999999999957,183
4644692,4644,33.80000000000031,481
4647280,4645,221.09999999999104,2588
4648891,4646,156.99999999999554,1611
4649146,4647,22.00000000000005,255
4649590,4648,41.200000000000315,444
4652254,4649,246.09999999999033,2664
4652699,4650,35.30000000000028,445
4653971,4651,122.1999999999972,1272
4654831,4652,79.49999999999962,860
4655235,4653,41.70000000000027,404
4655979,4654,64.60000000000069,744
4660528,4655,432.80000000003076,4549
4668882,4656,795.6000000001109,8354
4669100,4657,21.00000000000002,218
4670936,4658,175.89999999999455,1836
4672736,4659,163.59999999999496,1800
4673068,4660,24.900000000000183,332
4673925,4661,80.99999999999947,857
4674596,4662,65.10000000000045,671
4675980,4663,125.8999999999969,1384
4677552,4664,140.19999999999624,1572
4683949,4665,598.7000000000694,6397
4684749,4666,72.29999999999983,800
4685908,4667,99.79999999999829,1159
4686240,4668,23.100000000000087,332
4686310,4669,6.199999999999992,70
4688183,4670,167.89999999999432,1873
4690208,4671,174.69999999999396,2025
4692911,4672,249.6999999999906,2703
4693015,4673,6.899999999999985,104
4696023,4674,293.3999999999985,3008
4696956,4675,84.99999999999923,933
4707003,4676,929.8000000001455,10047
4708313,4677,110.69999999999735,1310
4712338,4678,386.4000000000195,4025
4719899,4679,709.400000000091,7561
4726217,4680,623.2000000000681,6318
4727340,4681,106.69999999999821,1123
4732077,4682,458.5000000000361,4737
4732183,4683,8.299999999999983,106
4735335,4684,304.20000000000033,3152
4735437,4685,8.499999999999982,102
4736221,4686,76.69999999999978,784
4737380,4687,107.59999999999815,1159
4739294,4688,175.89999999999404,1914
4740377,4689,105.39999999999813,1083
4742965,4690,243.29999999999058,2588
4749397,4691,622.3000000000677,6432
4751876,4692,237.4999999999911,2479
4753370,4693,138.99999999999642,1494
4755961,4694,244.19999999999064,2591
4766685,4695,1028.1000000001538,10724
4766735,4696,-5.099999999999998,50
4767705,4697,90.19999999999916,970
4768977,4698,115.5999999999975,1272
4769083,4699,7.6999999999999815,106
4770432,4700,137.09999999999687,1349
4770502,4701,3.1999999999999984,70
4780552,4702,948.7000000001449,10050
4783180,4703,249.99999999999022,2628
4785997,4704,273.3999999999951,2817
4786047,4705,-0.8999999999999986,50
4799711,4706,1307.6999999999077,13664
4801248,4707,141.79999999999592,1537
4801430,4708,12.89999999999996,182
4802137,4709,66.60000000000038,707
4803599,4710,137.29999999999626,1462
4804607,4711,95.499999999999,1008
4807873,4712,305.7000000000014,3266
4808544,4713,54.300000000000594,671
4811552,4714,296.3999999999986,3008
4813995,4715,223.9999999999915,2443
4816734,4716,253.5999999999898,2739
4817970,4717,115.29999999999757,1236
4822027,4718,400.10000000002015,4057
4827520,4719,534.1000000000524,5493
4828490,4720,90.79999999999902,970
4828745,4721,22.00000000000004,255
4830807,4722,195.49999999999312,2062
4831364,4723,53.40000000000046,557
4835989,4724,417.60000000002907,4625
4836581,4725,63.20000000000054,592
4845837,4726,874.4000000001294,9256
4846166,4727,32.4000000000002,329
4846345,4728,16.79999999999997,179
4846677,4729,24.900000000000084,332
4847083,4730,35.90000000000026,406
4847979,4731,86.3999999999993,896
4850192,4732,214.19999999999231,2213
4850523,4733,25.40000000000016,331
4850629,4734,7.099999999999982,106
4850960,4735,31.400000000000183,331
4852761,4736,153.4999999999949,1801
4853657,4737,79.79999999999974,896
4856586,4738,269.2999999999927,2929
4860607,4739,378.20000000001795,4021
4864212,4740,335.7000000000082,3605
4873281,4741,856.6000000001229,9069
4878131,4742,465.3000000000376,4850
4884187,4743,565.5000000000578,6056
4887909,4744,364.5000000000144,3722
4888580,4745,68.70000000000036,671
4890982,4746,224.9999999999913,2402
4894474,4747,341.50000000001035,3492
4895406,4748,91.49999999999905,932
4897543,4749,199.99999999999292,2137
4899568,4750,198.09999999999346,2025
4900124,4751,52.10000000000049,556
4901586,4752,140.89999999999642,1462
4909223,4753,728.4000000000931,7637
4912041,4754,262.6999999999915,2818
4915159,4755,291.49999999999767,3118
4916847,4756,141.2999999999953,1688
4917893,4757,94.199999999999,1046
4925907,4758,721.7000000000946,8014
4926802,4759,82.69999999999936,895
4927507,4760,65.80000000000042,705
4933148,4761,521.900000000051,5641
4933590,4762,41.60000000000035,442
4933712,4763,3.8999999999999826,122
4934682,4764,94.39999999999881,970
4940096,4765,511.20000000004643,5414
4941857,4766,155.79999999999484,1761
4942639,4767,78.29999999999971,782
4948205,4768,527.6000000000486,5566
4950309,4769,196.999999999993,2104
4951844,4770,147.59999999999602,1535
4952965,4771,100.49999999999852,1121
4961881,4772,826.90000000012,8916
4962209,4773,32.90000000000019,328
4966269,4774,391.4000000000193,4060
4966937,4775,66.00000000000044,668
4968135,4776,108.79999999999777,1198
4970614,4777,241.09999999999084,2479
4972831,4778,199.59999999999297,2217
4974665,4779,169.69999999999447,1834
4974731,4780,5.199999999999996,66
4976380,4781,147.29999999999612,1649
4976599,4782,16.29999999999996,219
4978361,4783,172.69999999999462,1762
4992477,4784,1360.6999999998743,14116
4992919,4785,41.60000000000035,442
4995622,4786,263.4999999999918,2703
4999118,4787,328.70000000000647,3496
5001105,4788,183.79999999999407,1987
5003920,4789,261.79999999999114,2815
5004627,4790,71.40000000000006,707
5004805,4791,16.699999999999967,178
5007810,4792,298.50000000000045,3005
5008481,4793,68.10000000000036,671
5009907,4794,134.5999999999968,1426
5012833,4795,265.3999999999916,2926
5014029,4796,124.19999999999759,1196
5020648,4797,647.3000000000746,6619
5024480,4798,362.0000000000138,3832
5024622,4799,14.59999999999997,142
5026308,4800,159.69999999999524,1686
5027730,4801,146.1999999999963,1422
5035709,4802,756.3000000000991,7979
5036529,4803,78.79999999999984,820
5037200,4804,65.10000000000045,671
5038245,4805,105.49999999999837,1045
5039515,4806,123.79999999999704,1270
5040749,4807,117.4999999999976,1234
5041079,4808,31.300000000000203,330
5041633,4809,51.30000000000046,554
5043696,4810,183.59999999999357,2063
5046852,4811,291.99999999999847,3156
5049327,4812,232.89999999999137,2475
5051656,4813,229.6999999999914,2329
5052024,4814,34.80000000000021,368
5052353,4815,32.40000000000017,329
5053473,4816,99.19999999999891,1120
5056741,4817,311.30000000000206,3268
5060499,4818,351.6000000000116,3758
5065914,4819,528.7000000000492,5415
5068054,4820,211.09999999999263,2140
5069025,4821,91.49999999999912,971
5069809,4822,77.89999999999957,784
5077182,4823,716.7000000000893,7373
5077365,4824,14.799999999999956,183
5078484,4825,119.49999999999771,1119
5079494,4826,101.69999999999857,1010
5083667,4827,398.20000000001994,4173
5091568,4828,768.3000000001002,7901
5092348,4829,77.49999999999979,780
5092450,4830,9.099999999999982,102
5092591,4831,13.299999999999969,141
5092920,4832,33.000000000000185,329
5094380,4833,149.09999999999613,1460
5095239,4834,81.19999999999956,859
5096020,4835,72.20000000000022,781
5096465,4836,29.300000000000303,445
5097474,4837,99.79999999999876,1009
5098592,4838,103.79999999999802,1118
5098999,4839,36.600000000000236,407
5100122,4840,99.49999999999847,1123
5102149,4841,188.0999999999935,2027
5103306,4842,110.99999999999804,1157
5103525,4843,16.29999999999996,219
5103932,4844,40.2000000000003,407
5104602,4845,57.80000000000056,670
5109115,4846,409.7000000000241,4513
5109221,4847,8.299999999999985,106
5110908,4848,153.19999999999584,1687
5111916,4849,93.09999999999904,1008
5115184,4850,318.5000000000031,3268
5117001,4851,155.09999999999502,1817
5122418,4852,528.3000000000512,5417
5122976,4853,46.900000000000496,558
5129748,4854,652.400000000078,6772
5141714,4855,1160.4000000000387,11966
5145737,4856,379.60000000001685,4023
5149984,4857,386.40000000001834,4247
5154532,4858,435.10000000002964,4548
5155316,4859,76.09999999999985,784
5159789,4860,428.8000000000276,4473
5160344,4861,55.00000000000048,555
5160448,4862,9.299999999999981,104
5169591,4863,867.6000000001286,9143
5175270,4864,542.2000000000528,5679
5177484,4865,222.09999999999246,2214
5180828,4866,326.7000000000044,3344
5180950,4867,5.6999999999999815,122
5184747,4868,355.200000000013,3797
5184966,4869,21.100000000000048,219
5186953,4870,180.79999999999353,1987
5187018,4871,5.099999999999997,65
5191189,4872,410.6000000000223,4171
5192425,4873,107.499999999998,1236
5192756,4874,29.000000000000174,331
5193650,4875,83.1999999999995,894
5193720,4876,3.200000000000002,70
5193862,4877,14.599999999999968,142
5193948,4878,0.5999999999999925,86
5194805,4879,83.39999999999964,857
5196942,4880,204.799999999993,2137
5197423,4881,47.60000000000037,481
5199673,4882,194.79999999999382,2250
5199928,4883,23.800000000000065,255
5200712,4884,63.50000000000061,784
5201190,4885,50.900000000000404,478
5204197,4886,272.299999999994,3007
5205542,4887,126.49999999999709,1345
5207755,4888,210.59999999999206,2213
5208197,4889,42.800000000000345,442
5211577,4890,313.8000000000025,3380
5213453,4891,183.19999999999405,1876
5214348,4892,92.29999999999899,895
5218538,4893,404.7000000000227,4190
5226064,4894,719.4000000000896,7526
5226959,4895,83.89999999999958,895
5235310,4896,788.10000000011,8351
5238842,4897,333.2000000000063,3532
5240642,4898,158.79999999999524,1800
5240825,4899,14.199999999999958,183
5241268,4900,44.70000000000036,443
5244874,4901,334.60000000000775,3606
5245092,4902,17.4,218
5246966,4903,180.59999999999437,1874
5251024,4904,391.2000000000203,4058
5251844,4905,73.40000000000018,820
5252321,4906,44.80000000000039,477
5253443,4907,104.19999999999808,1122
5257165,4908,364.50000000001444,3722
5261789,4909,433.100000000028,4624
5266302,4910,421.10000000002924,4513
5267573,4911,121.49999999999734,1271
5273855,4912,583.9000000000632,6282
5275427,4913,147.3999999999959,1572
5277341,4914,178.2999999999941,1914
5282227,4915,466.80000000003696,4886
5284331,4916,182.5999999999937,2104
5284511,4917,14.499999999999957,180
5291167,4918,645.9000000000756,6656
5291349,4919,17.70000000000001,182
5292470,4920,100.49999999999847,1121
5295288,4921,270.4999999999932,2818
5296334,4922,100.79999999999868,1046
5301411,4923,488.0000000000393,5077
5306033,4924,459.9000000000337,4622
5306249,4925,13.599999999999952,216
5307445,4926,110.99999999999785,1196
5312558,4927,481.7000000000423,5113
5313792,4928,119.89999999999742,1234
5315329,4929,141.19999999999607,1537
5316075,4930,63.000000000000654,746
5316406,4931,27.200000000000152,331
5317416,4932,102.29999999999859,1010
5317744,4933,31.100000000000158,328
5318975,4934,112.39999999999787,1231
5332639,4935,1284.2999999999288,13664
5338657,4936,586.0000000000625,6018
5338762,4937,6.399999999999987,105
5343310,4938,439.9000000000305,4548
5344207,4939,86.49999999999952,897
5353654,4940,890.8000000001306,9447
5354550,4941,83.9999999999994,896
5356348,4942,165.79999999999478,1798
5358561,4943,206.39999999999276,2213
5360474,4944,182.39999999999426,1913
5366004,4945,545.3000000000523,5530
5366559,4946,49.60000000000045,555
5368098,4947,142.59999999999576,1539
5370613,4948,233.59999999999098,2515
5372073,4949,131.6999999999968,1460
5378504,4950,624.0000000000706,6431
5384899,4951,593.1000000000661,6395
5385565,4952,65.80000000000044,666
5386723,4953,115.29999999999767,1158
5390330,4954,347.30000000001,3607
5394015,4955,331.70000000000755,3685
5397508,4956,327.2000000000066,3493
5398628,4957,109.39999999999817,1120
5400878,4958,210.99999999999224,2250
5401963,4959,105.59999999999839,1085
5402858,4960,85.69999999999948,895
5405337,4961,241.0999999999912,2479
5416818,4962,1114.000000000085,11481
5425209,4963,791.8000000001134,8391
5425618,4964,19.399999999999977,409
5428884,4965,301.4999999999991,3266
5429325,4966,36.70000000000025,441
5430183,4967,79.89999999999958,858
5434277,4968,375.90000000001857,4094
5434345,4969,4.799999999999997,68
5436145,4970,162.39999999999515,1800
5440431,4971,376.80000000001735,4286
5440498,4972,4.699999999999998,67
5444330,4973,348.20000000000925,3832
5444472,4974,13.999999999999968,142
5445480,4975,97.89999999999868,1008
5447469,4976,192.39999999999338,1989
5451865,4977,433.70000000002693,4396
5451970,4978,8.199999999999983,105
5453694,4979,150.5999999999956,1724
5455418,4980,163.1999999999951,1724
5460835,4981,516.9000000000462,5417
5465796,4982,490.50000000004206,4961
5467484,4983,156.8999999999954,1688
5468344,4984,75.29999999999988,860
5473531,4985,494.5000000000447,5187
5477288,4986,369.5000000000159,3757
5478298,4987,92.09999999999906,1010
5479534,4988,115.29999999999765,1236
5479640,4989,6.499999999999983,106
5482567,4990,289.49999999999727,2927
5485308,4991,249.59999999998996,2741
5492080,4992,636.8000000000743,6772
5498284,4993,597.7000000000655,6204
5498877,4994,51.300000000000445,593
5501387,4995,237.29999999999131,2510
5502542,4996,113.79999999999798,1155
5504870,4997,206.79999999999245,2328
5509569,4998,451.4000000000319,4699
5510688,4999,100.29999999999826,1119
5512487,5000,163.49999999999494,1799
5513796,5001,132.19999999999698,1309
5515371,5002,153.09999999999565,1575
5517054,5003,147.3999999999958,1683
5517612,5004,49.900000000000496,558
5521218,5005,340.00000000000904,3606
5527388,5006,578.4000000000625,6170
5531785,5007,421.80000000002514,4397
5533924,5008,198.9999999999931,2139
5536778,5009,259.39999999999014,2854
5548991,5010,1151.5000000000487,12213
5549323,5011,30.90000000000019,332
5553756,5012,438.90000000003033,4433
5561014,5013,728.900000000089,7258
5562737,5014,165.49999999999488,1723
5563293,5015,58.1000000000005,556
5564187,5016,87.39999999999911,894
5572540,5017,805.1000000001109,8353
5573436,5018,76.79999999999968,896
5581223,5019,724.8000000000915,7787
5582119,5020,82.19999999999965,896
5589082,5021,679.6000000000806,6963
5591222,5022,210.49999999999258,2140
5595960,5023,470.00000000003615,4738
5596518,5024,54.70000000000051,558
5597187,5025,64.30000000000061,669
5598161,5026,88.7999999999992,974
5599582,5027,130.49999999999682,1421
5604660,5028,466.5000000000384,5078
5607439,5029,233.8999999999907,2779
5611043,5030,341.0000000000098,3604
5616456,5031,502.1000000000442,5413
5619687,5032,318.700000000004,3231
5621940,5033,211.89999999999247,2253
5624794,5034,280.9999999999967,2854
5632471,5035,720.1000000000968,7677
5639127,5036,609.3000000000685,6656
5639269,5037,13.399999999999968,142
5640239,5038,95.59999999999899,970
5641548,5039,121.39999999999745,1309
5642141,5040,55.500000000000504,593
5646426,5041,412.7000000000261,4285
5648526,5042,192.39999999999313,2100
5649911,5043,142.19999999999635,1385
5650657,5044,75.59999999999985,746
5654528,5045,368.0000000000144,3871
5660395,5046,539.1000000000535,5867
5661176,5047,78.19999999999973,781
5668511,5048,710.2000000000896,7335
5671552,5049,294.599999999999,3041
5672523,5050,93.29999999999882,971
5674850,5051,226.49999999999153,2327
5678873,5052,396.40000000002095,4023
5690840,5053,1171.3000000000295,11967
5691472,5054,62.100000000000584,632
5693233,5055,167.19999999999482,1761
5705579,5056,1139.6000000000602,12346
5706284,5057,69.40000000000018,705
5708081,5058,168.69999999999445,1797
5713042,5059,477.9000000000394,4961
5715067,5060,190.29999999999325,2025
5717433,5061,222.29999999999188,2366
5722055,5062,458.7000000000315,4622
5723366,5063,116.19999999999719,1311
5726292,5064,283.9999999999957,2926
5727489,5065,114.69999999999752,1197
5733545,5066,584.7000000000613,6056
5742578,5067,873.1000000001246,9033
5745808,5068,304.19999999999976,3230
5748964,5069,314.2000000000023,3156
5749106,5070,10.399999999999974,142
5750338,5071,111.89999999999783,1232
5753382,5072,290.69999999999794,3044
5755103,5073,155.09999999999545,1721
5760632,5074,515.8000000000508,5529
5761187,5075,47.80000000000045,555
5766829,5076,533.4000000000507,5642
5770549,5077,365.50000000001444,3720
5770691,5078,13.39999999999997,142
5777652,5079,642.2000000000787,6961
5778625,5080,93.49999999999883,973
5781439,5081,260.49999999999187,2814
5785649,5082,402.8000000000227,4210
5785977,5083,32.30000000000018,328
5786191,5084,21.200000000000045,214
5788744,5085,235.89999999999083,2553
5788847,5086,9.199999999999982,103
5790047,5087,112.5999999999978,1200
5797529,5088,727.900000000091,7482
5799442,5089,190.79999999999364,1913
5799546,5090,8.099999999999984,104
5802136,5091,230.89999999999105,2590
5802465,5092,33.00000000000018,329
5803733,5093,121.19999999999726,1268
5806095,5094,222.49999999999176,2362
5819648,5095,1327.499999999881,13553
5819830,5096,14.099999999999959,182
5820725,5097,82.09999999999964,895
5822526,5098,174.49999999999446,1801
5823949,5099,132.4999999999964,1423
5827633,5100,355.00000000001114,3684
5829204,5101,150.8999999999958,1571
5829874,5102,63.80000000000058,670
5832577,5103,246.6999999999902,2703
5836674,5104,403.80000000002224,4097
5839718,5105,256.4999999999893,3044
5848182,5106,788.9000000001064,8464
5849413,5107,123.19999999999739,1231
5852493,5108,308.4000000000018,3080
5852594,5109,8.999999999999982,101
5853375,5110,73.40000000000005,781
5854949,5111,145.19999999999652,1574
5863414,5112,810.0000000001138,8465
5864726,5113,127.69999999999712,1312
5869540,5114,457.2000000000353,4814
5875371,5115,559.8000000000554,5831
5876944,5116,136.69999999999604,1573
5881792,5117,456.7000000000356,4848
5883819,5118,191.69999999999328,2027
5885956,5119,211.39999999999293,2137
5887415,5120,141.79999999999634,1459
5888197,5121,76.49999999999986,782
5889016,5122,81.09999999999964,819
5892282,5123,308.7000000000026,3266
5901237,5124,847.3000000001205,8955
5901454,5125,16.09999999999996,217
5902540,5126,97.2999999999982,1086
5906375,5127,371.90000000001663,3835
5906514,5128,13.09999999999997,139
5908842,5129,213.39999999999185,2328
5909625,5130,70.00000000000023,783
5910596,5131,99.89999999999874,971
5911229,5132,61.00000000000058,633
5915476,5133,396.6000000000221,4247
5916787,5134,117.99999999999717,1311
5926497,5135,897.6000000001327,9710
5932589,5136,582.6000000000604,6092
5933146,5137,55.2000000000005,557
5938447,5138,511.60000000004607,5301
5942505,5139,407.4000000000214,4058
5943286,5140,72.80000000000003,781
5945422,5141,205.8999999999927,2136
5948915,5142,322.4000000000051,3493
5949810,5143,77.29999999999988,895
5950141,5144,33.80000000000021,331
5959283,5145,850.1000000001253,9142
5963647,5146,420.60000000002617,4364
5964015,5147,28.800000000000203,368
5964945,5148,90.6999999999992,930
5966327,5149,135.29999999999677,1382
5970275,5150,368.5000000000149,3948
5978517,5151,775.7000000001065,8242
5979301,5152,71.30000000000008,784
5983362,5153,396.90000000002044,4061
5984784,5154,129.39999999999657,1422
5988167,5155,317.1000000000034,3383
5989853,5156,162.09999999999542,1686
5990786,5157,90.99999999999923,933
5997406,5158,637.800000000076,6620
6000110,5159,252.19999999998973,2704
