timestep,episode,reward,length
1073,0,-8.099999999999998,50
1123,1,-8.099999999999998,50
1173,2,-8.099999999999998,50
1223,3,-6.899999999999999,50
1273,4,-8.7,50
1323,5,-8.7,50
1373,6,-6.899999999999999,50
1423,7,-8.099999999999998,50
1473,8,-6.899999999999999,50
1523,9,-7.499999999999998,50
1573,10,-8.099999999999998,50
1623,11,-6.899999999999999,50
1673,12,-8.099999999999998,50
1723,13,-7.499999999999998,50
1773,14,-8.099999999999998,50
1823,15,-7.499999999999998,50
1873,16,-7.499999999999998,50
1923,17,-8.099999999999998,50
1973,18,-8.099999999999998,50
2023,19,-8.099999999999998,50
2073,20,-8.099999999999998,50
2123,21,-8.099999999999998,50
2173,22,-8.7,50
2223,23,-8.7,50
2273,24,-6.899999999999999,50
2323,25,-7.499999999999998,50
2373,26,-8.099999999999998,50
2423,27,-7.499999999999998,50
2473,28,-8.099999999999998,50
2523,29,-6.299999999999999,50
2573,30,-8.099999999999998,50
2623,31,-8.7,50
2673,32,-8.099999999999998,50
2723,33,-6.899999999999999,50
2773,34,-8.099999999999998,50
2823,35,-6.299999999999999,50
2873,36,-6.299999999999999,50
2923,37,-7.499999999999998,50
2973,38,-7.499999999999998,50
3023,39,-8.7,50
3073,40,-7.499999999999998,50
3123,41,-8.099999999999998,50
3173,42,-7.499999999999998,50
3223,43,-8.7,50
3273,44,-8.7,50
3323,45,-7.499999999999998,50
3373,46,-7.499999999999998,50
3423,47,-6.299999999999999,50
3473,48,-8.7,50
3523,49,-8.7,50
3573,50,-8.099999999999998,50
3623,51,-8.099999999999998,50
3673,52,-8.099999999999998,50
3723,53,-8.099999999999998,50
3773,54,-8.7,50
3823,55,-7.499999999999998,50
3873,56,-6.299999999999999,50
3923,57,-7.499999999999998,50
3973,58,-8.099999999999998,50
4023,59,-8.099999999999998,50
4073,60,-8.099999999999998,50
4123,61,-8.7,50
4173,62,-9.299999999999999,50
4223,63,-8.099999999999998,50
4273,64,-8.7,50
4323,65,-7.499999999999998,50
4373,66,-8.099999999999998,50
4423,67,-8.099999999999998,50
4473,68,-3.899999999999998,50
4523,69,-7.499999999999998,50
4573,70,-7.499999999999998,50
4623,71,-8.7,50
4673,72,-7.499999999999998,50
4723,73,-8.099999999999998,50
4773,74,-8.099999999999998,50
4823,75,-8.099999999999998,50
4873,76,-6.899999999999999,50
4923,77,-8.099999999999998,50
4973,78,-8.099999999999998,50
5023,79,-8.099999999999998,50
5073,80,-7.499999999999998,50
5123,81,-8.099999999999998,50
5173,82,-6.899999999999999,50
5223,83,-7.499999999999998,50
5273,84,-8.099999999999998,50
5323,85,-8.099999999999998,50
5373,86,-6.299999999999999,50
5423,87,-8.099999999999998,50
5473,88,-7.499999999999998,50
5523,89,-5.099999999999998,50
5573,90,-6.299999999999999,50
5623,91,-6.899999999999999,50
5673,92,-7.499999999999998,50
5723,93,-7.499999999999998,50
5773,94,-8.7,50
5823,95,-8.099999999999998,50
5873,96,-8.099999999999998,50
5923,97,-7.499999999999998,50
5973,98,-8.099999999999998,50
6023,99,-5.699999999999998,50
6073,100,-8.7,50
6123,101,-6.899999999999999,50
6173,102,-8.099999999999998,50
6223,103,-8.099999999999998,50
6273,104,-6.899999999999999,50
6323,105,-6.299999999999999,50
6373,106,-6.899999999999999,50
6423,107,-7.499999999999998,50
6473,108,-8.099999999999998,50
6523,109,-7.499999999999998,50
6573,110,-8.099999999999998,50
6623,111,-8.7,50
6673,112,-7.499999999999998,50
6723,113,-8.099999999999998,50
6773,114,-8.099999999999998,50
6823,115,-5.699999999999998,50
6873,116,-8.099999999999998,50
6923,117,-7.499999999999998,50
6973,118,-6.299999999999999,50
7023,119,-8.099999999999998,50
7073,120,-6.299999999999999,50
7123,121,-7.499999999999998,50
7173,122,-8.099999999999998,50
7223,123,-5.699999999999998,50
7273,124,-6.899999999999999,50
7323,125,-2.699999999999998,50
7373,126,-5.699999999999998,50
7423,127,-8.099999999999998,50
7473,128,-4.499999999999998,50
7523,129,-6.899999999999999,50
7573,130,-4.499999999999998,50
7623,131,-6.899999999999999,50
7673,132,-4.499999999999998,50
7723,133,-7.499999999999998,50
7773,134,-7.499999999999998,50
7823,135,-8.099999999999998,50
7873,136,-8.099999999999998,50
7923,137,-8.099999999999998,50
7973,138,-6.899999999999999,50
8023,139,-6.299999999999999,50
8073,140,-5.099999999999998,50
8123,141,-7.499999999999998,50
8173,142,-8.099999999999998,50
8223,143,-7.499999999999998,50
8273,144,-6.299999999999999,50
8323,145,-6.299999999999999,50
8373,146,-6.899999999999999,50
8423,147,-5.099999999999998,50
8473,148,-1.4999999999999982,50
8523,149,-6.299999999999999,50
8573,150,-5.699999999999998,50
8623,151,-5.099999999999998,50
8673,152,-5.699999999999998,50
8723,153,-5.699999999999998,50
8773,154,-4.499999999999998,50
8823,155,-5.699999999999998,50
8873,156,-5.699999999999998,50
8923,157,-3.299999999999998,50
8973,158,-6.899999999999999,50
9023,159,-6.299999999999999,50
9073,160,-7.499999999999998,50
9123,161,-6.899999999999999,50
9173,162,-0.8999999999999986,50
9223,163,-0.8999999999999986,50
9273,164,-3.899999999999998,50
9323,165,-3.899999999999998,50
9373,166,-1.4999999999999982,50
9423,167,-5.099999999999998,50
9473,168,-4.499999999999998,50
9523,169,-0.8999999999999986,50
9573,170,-5.099999999999998,50
9623,171,-2.699999999999998,50
9673,172,-3.899999999999998,50
9723,173,-5.699999999999998,50
9773,174,-6.899999999999999,50
9823,175,-0.8999999999999986,50
9873,176,-3.299999999999998,50
9923,177,-6.299999999999999,50
9973,178,-0.8999999999999986,50
10023,179,-0.8999999999999986,50
10073,180,-3.299999999999998,50
10123,181,0.9000000000000004,50
10173,182,-0.8999999999999986,50
10223,183,-0.8999999999999986,50
10273,184,-3.899999999999998,50
10323,185,-0.8999999999999986,50
10373,186,-0.8999999999999986,50
10423,187,-0.8999999999999986,50
10473,188,-5.099999999999998,50
10523,189,-3.899999999999998,50
10573,190,-4.499999999999998,50
10623,191,-0.8999999999999986,50
10673,192,-0.8999999999999986,50
10723,193,-0.8999999999999986,50
10773,194,-0.8999999999999986,50
10823,195,-2.099999999999998,50
10873,196,-0.8999999999999986,50
10923,197,-0.8999999999999986,50
10973,198,-4.499999999999998,50
11023,199,-3.299999999999998,50
11073,200,-4.499999999999998,50
11123,201,-0.8999999999999986,50
11173,202,-5.099999999999998,50
11223,203,-6.299999999999999,50
11273,204,-0.8999999999999986,50
11323,205,-3.899999999999998,50
11373,206,-0.29999999999999893,50
11423,207,-0.8999999999999986,50
11473,208,-3.899999999999998,50
11528,209,-0.9999999999999987,55
11578,210,-0.8999999999999986,50
11632,211,-0.4999999999999982,54
11682,212,-4.499999999999998,50
11732,213,-0.8999999999999986,50
11782,214,-2.699999999999998,50
11832,215,-0.8999999999999986,50
11882,216,-0.8999999999999986,50
11932,217,-2.699999999999998,50
11982,218,-2.099999999999998,50
12032,219,-0.8999999999999986,50
12082,220,-0.8999999999999986,50
12140,221,-2.4999999999999987,58
12190,222,-3.899999999999998,50
12240,223,-3.899999999999998,50
12290,224,-0.8999999999999986,50
12340,225,-0.8999999999999986,50
12397,226,-1.9999999999999987,57
12447,227,-0.29999999999999893,50
12497,228,-0.8999999999999986,50
12547,229,-3.299999999999998,50
12597,230,-0.8999999999999986,50
12647,231,-0.8999999999999986,50
12697,232,-0.8999999999999986,50
12747,233,-0.8999999999999986,50
12797,234,-0.8999999999999986,50
12847,235,-0.8999999999999986,50
12897,236,-0.8999999999999986,50
12947,237,-0.8999999999999986,50
13001,238,1.299999999999999,54
13051,239,-0.8999999999999986,50
13110,240,-5.399999999999999,59
13167,241,-1.9999999999999987,57
13217,242,-0.8999999999999986,50
13267,243,-0.8999999999999986,50
13317,244,-0.8999999999999986,50
13367,245,-0.8999999999999986,50
13417,246,-0.8999999999999986,50
13467,247,-0.8999999999999986,50
13518,248,1.0000000000000018,51
13568,249,-0.8999999999999986,50
13618,250,-0.8999999999999986,50
13668,251,-0.8999999999999986,50
13718,252,-0.8999999999999986,50
13768,253,-0.8999999999999986,50
13818,254,-0.8999999999999986,50
13868,255,-0.8999999999999986,50
13938,256,-2.1999999999999984,70
13988,257,-0.8999999999999986,50
14038,258,-0.8999999999999986,50
14088,259,0.9000000000000004,50
14138,260,-0.8999999999999986,50
14188,261,0.3000000000000007,50
14238,262,-0.8999999999999986,50
14288,263,-0.8999999999999986,50
14338,264,2.1000000000000014,50
14388,265,-0.8999999999999986,50
14438,266,-0.8999999999999986,50
14488,267,-0.8999999999999986,50
14538,268,-0.8999999999999986,50
14588,269,-0.8999999999999986,50
14674,270,-1.7999999999999985,86
14724,271,-0.8999999999999986,50
14774,272,-0.8999999999999986,50
14824,273,2.1000000000000014,50
14874,274,2.6999999999999993,50
14924,275,-0.8999999999999986,50
14974,276,-6.299999999999999,50
15028,277,0.7000000000000015,54
15078,278,-0.8999999999999986,50
15128,279,-0.8999999999999986,50
15178,280,-1.4999999999999982,50
15228,281,-0.8999999999999986,50
15278,282,-0.8999999999999986,50
15328,283,-0.8999999999999986,50
15378,284,-0.8999999999999986,50
15428,285,-0.8999999999999986,50
15481,286,2.3999999999999986,53
15540,287,-2.9999999999999982,59
15595,288,1.4000000000000021,55
15645,289,-0.8999999999999986,50
15702,290,-1.3999999999999981,57
15755,291,0.6000000000000019,53
15796,292,1.800000000000002,41
15846,293,-0.8999999999999986,50
15932,294,-3.6000000000000005,86
15982,295,-0.8999999999999986,50
16032,296,-0.8999999999999986,50
16082,297,0.9000000000000004,50
16132,298,-0.8999999999999986,50
16182,299,-0.8999999999999986,50
16232,300,-0.8999999999999986,50
16282,301,-0.8999999999999986,50
16332,302,-1.4999999999999982,50
16384,303,2.8999999999999986,52
16434,304,-0.8999999999999986,50
16484,305,0.9000000000000004,50
16534,306,-0.29999999999999893,50
16620,307,1.1999999999999904,86
16670,308,-0.8999999999999986,50
16720,309,-0.8999999999999986,50
16770,310,-0.8999999999999986,50
16820,311,-0.8999999999999986,50
16870,312,2.0999999999999996,50
16920,313,-0.8999999999999986,50
16970,314,-0.8999999999999986,50
17020,315,-0.8999999999999986,50
17070,316,-0.8999999999999986,50
17120,317,-0.8999999999999986,50
17185,318,-1.4999999999999987,65
17235,319,-0.8999999999999986,50
17285,320,2.0999999999999996,50
17335,321,-0.8999999999999986,50
17385,322,0.3000000000000007,50
17435,323,-0.8999999999999986,50
17485,324,-0.8999999999999986,50
17538,325,2.3999999999999986,53
17573,326,1.2000000000000015,35
17623,327,-0.8999999999999986,50
17673,328,-0.8999999999999986,50
17723,329,-0.8999999999999986,50
17773,330,-0.8999999999999986,50
17823,331,0.9000000000000004,50
17893,332,-0.9999999999999981,70
17943,333,-0.8999999999999986,50
17993,334,-0.8999999999999986,50
18044,335,2.1999999999999993,51
18094,336,-0.8999999999999986,50
18180,337,-4.199999999999999,86
18230,338,-0.8999999999999986,50
18280,339,-0.8999999999999986,50
18330,340,-0.8999999999999986,50
18380,341,-2.099999999999998,50
18436,342,1.5000000000000009,56
18486,343,1.5,50
18546,344,-2.8999999999999986,60
18596,345,-0.8999999999999986,50
18654,346,-2.4999999999999987,58
18704,347,-0.8999999999999986,50
18754,348,0.9000000000000004,50
18804,349,0.3000000000000007,50
18856,350,1.1000000000000019,52
18906,351,-0.8999999999999986,50
18956,352,-0.8999999999999986,50
19006,353,-0.8999999999999986,50
19056,354,-0.8999999999999986,50
19106,355,-0.8999999999999986,50
19156,356,-0.8999999999999986,50
19206,357,-0.8999999999999986,50
19256,358,-0.8999999999999986,50
19306,359,2.6999999999999993,50
19356,360,0.9000000000000004,50
19406,361,-0.8999999999999986,50
19467,362,3.7999999999999954,61
19517,363,-0.8999999999999986,50
19567,364,-0.8999999999999986,50
19617,365,-0.8999999999999986,50
19667,366,-0.8999999999999986,50
19722,367,-2.7999999999999985,55
19772,368,-0.8999999999999986,50
19822,369,-0.8999999999999986,50
19872,370,2.0999999999999996,50
19930,371,2.899999999999997,58
19989,372,-1.7999999999999985,59
20039,373,-0.8999999999999986,50
20089,374,-0.8999999999999986,50
20139,375,-0.8999999999999986,50
20192,376,0.6000000000000019,53
20242,377,-0.8999999999999986,50
20292,378,-0.8999999999999986,50
20378,379,-1.7999999999999972,86
20428,380,-0.8999999999999986,50
20478,381,-0.29999999999999893,50
20528,382,0.9000000000000004,50
20578,383,-0.8999999999999986,50
20635,384,-0.799999999999998,57
20685,385,-1.4999999999999978,50
20735,386,0.9000000000000004,50
20785,387,-0.8999999999999986,50
20835,388,0.9000000000000004,50
20894,389,-2.3999999999999986,59
20947,390,2.3999999999999986,53
20997,391,-0.29999999999999893,50
21047,392,0.9000000000000004,50
21097,393,0.3000000000000007,50
21147,394,-0.8999999999999986,50
21197,395,-0.29999999999999893,50
21249,396,2.8999999999999986,52
21299,397,-0.8999999999999986,50
21349,398,0.3000000000000007,50
21399,399,-0.8999999999999986,50
21460,400,-2.1999999999999997,61
21510,401,2.0999999999999996,50
21560,402,-0.29999999999999893,50
21613,403,2.3999999999999986,53
21675,404,2.399999999999999,62
21725,405,-0.8999999999999986,50
21775,406,-0.8999999999999986,50
21825,407,-0.8999999999999986,50
21875,408,0.9000000000000004,50
21961,409,-2.4000000000000004,86
22011,410,-0.8999999999999986,50
22070,411,3.599999999999996,59
22121,412,2.1999999999999993,51
22171,413,-0.8999999999999986,50
22221,414,2.6999999999999993,50
22271,415,1.5,50
22321,416,2.0999999999999996,50
22373,417,2.299999999999999,52
22439,418,0.4000000000000017,66
22489,419,2.6999999999999993,50
22541,420,2.299999999999999,52
22591,421,-0.8999999999999986,50
22641,422,2.0999999999999996,50
22691,423,-0.8999999999999986,50
22742,424,-1.3999999999999986,51
22792,425,-0.8999999999999986,50
22842,426,0.9000000000000004,50
22896,427,-0.4999999999999982,54
22946,428,-0.29999999999999893,50
22996,429,2.0999999999999996,50
23046,430,1.5,50
23102,431,2.6999999999999975,56
23152,432,1.5,50
23202,433,-0.8999999999999986,50
23252,434,0.9000000000000004,50
23338,435,-1.7999999999999978,86
23388,436,-0.8999999999999986,50
23438,437,-0.8999999999999986,50
23507,438,1.2999999999999985,69
23569,439,4.199999999999996,62
23619,440,0.3000000000000007,50
23669,441,0.3000000000000007,50
23719,442,1.5,50
23769,443,0.9000000000000004,50
23819,444,-0.8999999999999986,50
23869,445,-0.8999999999999986,50
23924,446,3.1999999999999975,55
23981,447,1.6000000000000005,57
24039,448,3.4999999999999964,58
24089,449,0.3000000000000007,50
24139,450,-0.8999999999999986,50
24189,451,-0.8999999999999986,50
24275,452,-1.7999999999999994,86
24329,453,2.4999999999999982,54
24379,454,2.6999999999999993,50
24429,455,-0.8999999999999986,50
24478,456,-0.3999999999999986,49
24528,457,-0.8999999999999986,50
24578,458,2.6999999999999993,50
24633,459,0.7999999999999989,55
24683,460,-0.8999999999999986,50
24733,461,1.5,50
24783,462,-0.29999999999999893,50
24838,463,0.1999999999999993,55
24898,464,2.4999999999999982,60
24984,465,1.7999999999999945,86
25035,466,2.799999999999999,51
25089,467,1.8999999999999986,54
25178,468,-0.9000000000000044,89
25228,469,-0.8999999999999986,50
25278,470,-0.8999999999999986,50
25328,471,-0.8999999999999986,50
25383,472,0.20000000000000018,55
25433,473,-0.8999999999999986,50
25486,474,2.9999999999999982,53
25536,475,-0.8999999999999986,50
25586,476,-0.29999999999999893,50
25642,477,-0.29999999999999893,56
25728,478,1.79999999999999,86
25824,479,-2.0000000000000018,96
25878,480,1.8999999999999986,54
25934,481,-0.8999999999999981,56
25992,482,2.899999999999997,58
26046,483,3.099999999999998,54
26096,484,-0.8999999999999986,50
26151,485,-0.40000000000000036,55
26205,486,-0.4999999999999982,54
26271,487,-1.399999999999999,66
26321,488,-0.8999999999999986,50
26376,489,1.3999999999999986,55
26429,490,2.3999999999999986,53
26484,491,1.9999999999999982,55
26538,492,2.4999999999999982,54
26596,493,-1.299999999999998,58
26646,494,-0.8999999999999986,50
26696,495,1.5,50
26746,496,-0.8999999999999986,50
26804,497,1.6999999999999975,58
26892,498,2.5999999999999943,88
26951,499,-1.1999999999999986,59
27001,500,1.5,50
27063,501,4.799999999999995,62
27113,502,-0.8999999999999986,50
27163,503,0.9000000000000004,50
27221,504,2.299999999999997,58
27283,505,3.599999999999996,62
27333,506,1.5,50
27391,507,1.7000000000000002,58
27441,508,-0.8999999999999986,50
27496,509,2.599999999999998,55
27557,510,-0.39999999999999813,61
27607,511,-0.8999999999999986,50
27660,512,0.6000000000000019,53
27710,513,0.9000000000000004,50
27766,514,1.5,56
27822,515,2.6999999999999975,56
27872,516,1.5,50
27928,517,-0.2999999999999985,56
27986,518,-0.699999999999998,58
28043,519,1.6000000000000005,57
28103,520,0.7000000000000002,60
28159,521,3.299999999999997,56
28209,522,-0.8999999999999986,50
28263,523,0.10000000000000142,54
28319,524,2.6999999999999975,56
28377,525,-2.4999999999999987,58
28427,526,-0.8999999999999986,50
28479,527,1.6999999999999993,52
28539,528,1.899999999999999,60
28589,529,-0.8999999999999986,50
28645,530,-0.8999999999999999,56
28700,531,-2.1999999999999984,55
28753,532,2.9999999999999982,53
28811,533,-1.2999999999999985,58
28868,534,2.1999999999999975,57
28918,535,-0.8999999999999986,50
28977,536,0.5999999999999979,59
29027,537,-1.4999999999999978,50
29091,538,1.9999999999999991,64
29142,539,2.799999999999999,51
29192,540,-0.8999999999999986,50
29249,541,3.399999999999997,57
29302,542,2.3999999999999986,53
29357,543,1.9999999999999982,55
29414,544,2.799999999999997,57
29470,545,0.9000000000000012,56
29535,546,5.699999999999994,65
29585,547,0.9000000000000004,50
29674,548,1.5000000000000036,89
29734,549,2.4999999999999964,60
29789,550,2.599999999999998,55
29846,551,3.399999999999997,57
29896,552,-0.29999999999999893,50
29946,553,-0.8999999999999986,50
30004,554,1.100000000000001,58
30056,555,2.8999999999999986,52
30106,556,1.5,50
30159,557,0.6000000000000014,53
30217,558,2.899999999999997,58
30312,559,-1.5000000000000036,95
30435,560,9.399999999999979,123
30488,561,2.9999999999999982,53
30538,562,2.0999999999999996,50
30588,563,2.0999999999999996,50
30619,564,0.8000000000000012,31
30675,565,0.3000000000000016,56
30725,566,-0.8999999999999986,50
30775,567,1.5,50
30830,568,2.599999999999998,55
30890,569,0.10000000000000053,60
30976,570,-5.399999999999999,86
31026,571,0.3000000000000007,50
31117,572,2.8999999999999897,91
31207,573,2.799999999999998,90
31261,574,2.4999999999999982,54
31311,575,1.5,50
31367,576,3.299999999999997,56
31423,577,2.6999999999999975,56
31509,578,2.999999999999993,86
31560,579,2.1999999999999993,51
31610,580,0.3000000000000007,50
31673,581,4.899999999999995,63
31729,582,1.4999999999999982,56
31779,583,-0.8999999999999986,50
31833,584,0.09999999999999964,54
31896,585,4.299999999999995,63
31954,586,2.899999999999997,58
32017,587,3.1000000000000023,63
32067,588,-1.4999999999999978,50
32129,589,1.8000000000000012,62
32179,590,-0.8999999999999986,50
32231,591,2.8999999999999986,52
32298,592,2.3000000000000007,67
32348,593,-0.8999999999999986,50
32407,594,3.599999999999996,59
32464,595,3.399999999999997,57
32521,596,2.799999999999997,57
32571,597,-0.8999999999999986,50
32624,598,2.9999999999999982,53
32674,599,0.9000000000000004,50
32724,600,1.5,50
32787,601,2.5000000000000018,63
32845,602,3.4999999999999964,58
32903,603,2.3,58
32953,604,0.9000000000000004,50
33007,605,1.8999999999999986,54
33059,606,2.299999999999999,52
33109,607,1.5,50
33163,608,-1.0999999999999996,54
33227,609,3.1999999999999966,64
33280,610,2.9999999999999982,53
33332,611,1.6999999999999993,52
33426,612,4.999999999999986,94
33484,613,3.4999999999999964,58
33549,614,1.5000000000000009,65
33602,615,2.3999999999999986,53
33667,616,2.6999999999999966,65
33758,617,-0.699999999999998,91
33813,618,-0.3999999999999999,55
33867,619,1.299999999999999,54
33919,620,0.5,52
33978,621,1.7999999999999994,59
34028,622,-0.8999999999999986,50
34084,623,3.299999999999997,56
34137,624,2.3999999999999986,53
34189,625,1.0999999999999996,52
34242,626,4.440892098500626e-16,53
34304,627,-1.7999999999999987,62
34354,628,-0.8999999999999986,50
34412,629,-0.699999999999998,58
34476,630,4.399999999999995,64
34533,631,2.799999999999997,57
34598,632,3.2999999999999963,65
34656,633,3.4999999999999964,58
34715,634,2.9999999999999964,59
34772,635,1.6,57
34822,636,-0.29999999999999893,50
34882,637,-1.6999999999999993,60
34939,638,2.799999999999997,57
34989,639,0.3000000000000007,50
35044,640,1.4000000000000012,55
35099,641,-0.39999999999999813,55
35153,642,3.099999999999998,54
35207,643,3.099999999999998,54
35257,644,-0.8999999999999986,50
35311,645,3.099999999999998,54
35370,646,3.599999999999996,59
35424,647,3.099999999999998,54
35479,648,3.1999999999999975,55
35536,649,2.799999999999997,57
35622,650,0.5999999999999961,86
35677,651,2.599999999999998,55
35736,652,2.9999999999999964,59
35799,653,3.0999999999999988,63
35855,654,2.6999999999999975,56
35912,655,3.399999999999997,57
35962,656,-0.8999999999999986,50
36025,657,3.6999999999999975,63
36094,658,4.899999999999993,69
36147,659,2.3999999999999986,53
36204,660,2.799999999999997,57
36254,661,2.0999999999999996,50
36304,662,-0.8999999999999986,50
36359,663,-1.0,55
36409,664,0.9000000000000004,50
36471,665,4.799999999999995,62
36536,666,2.0999999999999996,65
36597,667,0.7999999999999998,61
36656,668,3.599999999999996,59
36711,669,0.800000000000002,55
36764,670,1.8000000000000016,53
36814,671,1.5,50
36874,672,3.6999999999999957,60
36938,673,2.599999999999996,64
36989,674,1.5999999999999996,51
37050,675,3.1999999999999957,61
37100,676,1.5,50
37154,677,1.8999999999999986,54
37209,678,2.599999999999998,55
37263,679,2.4999999999999982,54
37321,680,2.299999999999997,58
37371,681,-0.8999999999999986,50
37426,682,1.9999999999999982,55
37484,683,2.899999999999997,58
37547,684,5.499999999999995,63
37600,685,1.1999999999999993,53
37655,686,2.599999999999998,55
37710,687,3.1999999999999975,55
37767,688,3.399999999999997,57
37819,689,2.299999999999999,52
37876,690,1.600000000000001,57
37928,691,2.299999999999999,52
37991,692,4.299999999999995,63
38041,693,1.5,50
38092,694,2.1999999999999993,51
38149,695,3.399999999999997,57
38206,696,3.399999999999997,57
38268,697,4.799999999999995,62
38319,698,2.1999999999999993,51
38372,699,-0.5999999999999983,53
38426,700,3.099999999999998,54
38481,701,0.8000000000000012,55
38533,702,2.299999999999999,52
38583,703,-0.8999999999999986,50
38637,704,2.4999999999999982,54
38687,705,-0.8999999999999986,50
38738,706,2.1999999999999993,51
38788,707,2.0999999999999996,50
38843,708,3.1999999999999975,55
38894,709,1.0,51
38947,710,2.9999999999999982,53
39007,711,3.6999999999999957,60
39063,712,3.299999999999997,56
39118,713,2.599999999999998,55
39172,714,2.4999999999999982,54
39227,715,3.1999999999999975,55
39278,716,2.799999999999999,51
39333,717,2.599999999999998,55
39387,718,2.4999999999999982,54
39437,719,-0.8999999999999986,50
39492,720,3.1999999999999975,55
39548,721,2.6999999999999975,56
39601,722,2.3999999999999986,53
39657,723,3.299999999999997,56
39711,724,3.099999999999998,54
39762,725,2.1999999999999993,51
39821,726,3.599999999999996,59
39875,727,3.099999999999998,54
39928,728,2.3999999999999986,53
39980,729,1.1000000000000005,52
40035,730,2.599999999999998,55
40094,731,2.9999999999999964,59
40144,732,-0.8999999999999986,50
40204,733,1.9,60
40254,734,2.0999999999999996,50
40311,735,3.399999999999997,57
40361,736,-0.8999999999999986,50
40422,737,3.1999999999999957,61
40479,738,3.399999999999997,57
40535,739,2.6999999999999975,56
40592,740,3.399999999999997,57
40650,741,2.299999999999997,58
40708,742,3.4999999999999964,58
40761,743,2.9999999999999982,53
40811,744,2.6999999999999993,50
40869,745,2.899999999999997,58
40919,746,2.6999999999999993,50
40973,747,3.099999999999998,54
41023,748,2.0999999999999996,50
41076,749,1.1999999999999993,53
41133,750,2.799999999999997,57
41187,751,3.099999999999998,54
41237,752,2.6999999999999993,50
41295,753,2.899999999999997,58
41348,754,2.9999999999999982,53
41398,755,0.9000000000000004,50
41456,756,3.4999999999999964,58
41518,757,2.9999999999999987,62
41573,758,0.7999999999999998,55
41623,759,0.3000000000000007,50
41682,760,1.7999999999999998,59
41736,761,3.099999999999998,54
41792,762,2.6999999999999984,56
41846,763,3.099999999999998,54
41914,764,4.199999999999994,68
41968,765,3.099999999999998,54
42029,766,1.3999999999999995,61
42079,767,2.6999999999999993,50
42133,768,1.9000000000000012,54
42185,769,2.299999999999999,52
42235,770,0.3000000000000007,50
42289,771,2.4999999999999982,54
42344,772,3.1999999999999975,55
42400,773,2.6999999999999975,56
42457,774,2.799999999999997,57
42511,775,3.099999999999998,54
42565,776,1.8999999999999986,54
42619,777,1.8999999999999986,54
42669,778,-0.29999999999999893,50
42721,779,2.8999999999999986,52
42777,780,2.6999999999999975,56
42829,781,2.8999999999999986,52
42881,782,2.8999999999999986,52
42934,783,2.3999999999999986,53
42986,784,2.8999999999999986,52
43043,785,3.399999999999997,57
43098,786,3.1999999999999975,55
43148,787,0.9000000000000004,50
43200,788,2.8999999999999986,52
43250,789,2.6999999999999993,50
43305,790,3.1999999999999975,55
43358,791,2.9999999999999982,53
43411,792,2.9999999999999982,53
43461,793,0.3000000000000007,50
43524,794,4.899999999999995,63
43590,795,3.9999999999999947,66
43640,796,2.6999999999999993,50
43693,797,2.9999999999999982,53
43745,798,2.299999999999999,52
43799,799,3.099999999999998,54
43851,800,2.8999999999999986,52
43903,801,2.8999999999999986,52
43956,802,2.9999999999999982,53
44007,803,2.799999999999999,51
44057,804,1.5,50
44111,805,3.099999999999998,54
44164,806,2.9999999999999982,53
44216,807,2.8999999999999986,52
44278,808,4.199999999999996,62
44331,809,2.9999999999999982,53
44387,810,3.299999999999997,56
44439,811,2.8999999999999986,52
44493,812,1.8999999999999986,54
44549,813,2.099999999999998,56
44602,814,2.3999999999999986,53
44657,815,2.599999999999998,55
44712,816,2.599999999999998,55
44765,817,2.9999999999999982,53
44823,818,3.4999999999999964,58
44880,819,2.799999999999997,57
44930,820,2.0999999999999996,50
44985,821,3.1999999999999975,55
45042,822,3.399999999999997,57
45107,823,4.499999999999995,65
45160,824,2.9999999999999982,53
45221,825,3.1999999999999957,61
45280,826,2.9999999999999964,59
45337,827,3.399999999999997,57
45393,828,2.6999999999999975,56
45451,829,3.4999999999999964,58
45502,830,2.799999999999999,51
45556,831,3.099999999999998,54
45609,832,1.799999999999999,53
45664,833,2.599999999999998,55
45720,834,2.6999999999999975,56
45772,835,2.8999999999999986,52
45822,836,2.6999999999999993,50
45879,837,2.799999999999997,57
45931,838,2.8999999999999986,52
45989,839,3.4999999999999964,58
46043,840,3.099999999999998,54
46099,841,2.6999999999999975,56
46155,842,3.299999999999997,56
46207,843,2.8999999999999986,52
46262,844,2.599999999999998,55
46318,845,2.6999999999999975,56
46374,846,3.299999999999997,56
46433,847,3.599999999999996,59
46489,848,2.6999999999999975,56
46554,849,3.899999999999995,65
46610,850,3.299999999999997,56
46661,851,2.1999999999999993,51
46713,852,2.8999999999999986,52
46775,853,4.799999999999995,62
46832,854,1.6000000000000023,57
46888,855,3.299999999999997,56
46948,856,3.6999999999999957,60
46998,857,1.5,50
47049,858,0.40000000000000124,51
47103,859,3.099999999999998,54
47154,860,2.799999999999999,51
47206,861,2.8999999999999986,52
47256,862,-2.699999999999998,50
47316,863,3.099999999999996,60
47375,864,3.599999999999996,59
47433,865,2.899999999999997,58
47490,866,3.399999999999997,57
47543,867,2.9999999999999982,53
47603,868,3.6999999999999957,60
47660,869,2.1999999999999975,57
47715,870,2.5999999999999988,55
47770,871,3.1999999999999975,55
47836,872,3.9999999999999947,66
47896,873,3.099999999999996,60
47951,874,3.1999999999999975,55
48006,875,2.599999999999998,55
48056,876,0.9000000000000004,50
48112,877,2.6999999999999975,56
48172,878,3.099999999999996,60
48229,879,3.399999999999997,57
48290,880,1.4000000000000012,61
48346,881,2.6999999999999975,56
48404,882,3.4999999999999964,58
48471,883,4.099999999999994,67
48530,884,0.6000000000000019,59
48588,885,3.4999999999999964,58
48653,886,2.099999999999997,65
48713,887,3.6999999999999957,60
48770,888,3.399999999999997,57
48822,889,2.299999999999999,52
48885,890,5.499999999999995,63
48945,891,3.099999999999996,60
49006,892,2.599999999999996,61
49066,893,3.099999999999996,60
49122,894,2.6999999999999975,56
49179,895,3.399999999999997,57
49240,896,3.7999999999999954,61
49291,897,2.799999999999999,51
49347,898,3.299999999999997,56
49405,899,1.1000000000000005,58
49465,900,3.099999999999996,60
49516,901,2.1999999999999993,51
49568,902,2.8999999999999986,52
49624,903,3.299999999999997,56
49674,904,1.5,50
49728,905,3.099999999999998,54
49786,906,3.4999999999999964,58
49839,907,2.9999999999999982,53
49891,908,2.299999999999999,52
49947,909,3.299999999999997,56
50003,910,2.6999999999999975,56
50066,911,5.499999999999995,63
50121,912,3.1999999999999975,55
50181,913,1.9,60
50244,914,4.299999999999995,63
50305,915,3.1999999999999957,61
50361,916,1.5000000000000022,56
50422,917,3.1999999999999957,61
50484,918,4.199999999999996,62
50545,919,2.599999999999996,61
50595,920,-3.899999999999998,50
50660,921,4.499999999999995,65
50721,922,3.1999999999999957,61
50786,923,3.899999999999997,65
50840,924,2.499999999999999,54
50900,925,3.099999999999996,60
50956,926,2.6999999999999975,56
51013,927,3.399999999999997,57
51072,928,2.9999999999999964,59
51136,929,4.999999999999995,64
51191,930,2.599999999999998,55
51254,931,5.499999999999995,63
51315,932,3.7999999999999954,61
51372,933,3.399999999999997,57
51427,934,2.599999999999998,55
51489,935,5.399999999999995,62
51541,936,1.6999999999999993,52
51606,937,4.499999999999995,65
51662,938,3.299999999999997,56
51724,939,5.399999999999995,62
51784,940,1.8999999999999968,60
51846,941,5.399999999999995,62
51909,942,5.499999999999995,63
51962,943,2.3999999999999986,53
52020,944,2.299999999999997,58
52086,945,5.799999999999994,66
52147,946,2.599999999999996,61
52203,947,2.099999999999998,56
52258,948,3.1999999999999975,55
52319,949,3.1999999999999957,61
52372,950,2.3999999999999986,53
52434,951,5.399999999999995,62
52492,952,2.299999999999997,58
52547,953,3.1999999999999975,55
52608,954,3.1999999999999957,61
52662,955,3.099999999999998,54
52718,956,3.299999999999997,56
52776,957,2.899999999999997,58
52834,958,3.4999999999999964,58
52892,959,3.4999999999999964,58
52954,960,5.399999999999995,62
53015,961,3.1999999999999957,61
53066,962,2.799999999999999,51
53124,963,3.4999999999999964,58
53174,964,2.0999999999999996,50
53234,965,3.6999999999999957,60
53300,966,5.199999999999994,66
53353,967,2.9999999999999982,53
53404,968,2.1999999999999993,51
53465,969,2.599999999999996,61
53520,970,3.1999999999999975,55
53574,971,1.300000000000002,54
53626,972,1.0999999999999996,52
53680,973,2.4999999999999982,54
53730,974,2.6999999999999993,50
53783,975,2.3999999999999986,53
53846,976,5.499999999999995,63
53910,977,3.1999999999999957,64
53973,978,4.299999999999998,63
54036,979,4.899999999999995,63
54097,980,2.000000000000001,61
54156,981,2.9999999999999964,59
54216,982,3.099999999999996,60
54266,983,1.5,50
54316,984,2.0999999999999996,50
54369,985,2.9999999999999982,53
54431,986,4.799999999999995,62
54491,987,3.6999999999999957,60
54553,988,5.399999999999995,62
54614,989,3.7999999999999954,61
54676,990,4.799999999999995,62
54728,991,2.8999999999999986,52
54790,992,4.199999999999996,62
54852,993,4.799999999999995,62
54910,994,2.899999999999997,58
54972,995,4.199999999999996,62
55035,996,5.499999999999995,63
55096,997,3.7999999999999954,61
55155,998,2.399999999999997,59
55210,999,2.599999999999998,55
55268,1000,0.5000000000000018,58
55331,1001,4.299999999999999,63
55392,1002,3.7999999999999954,61
55455,1003,4.899999999999996,63
55517,1004,5.399999999999995,62
55571,1005,3.099999999999998,54
55625,1006,2.4999999999999982,54
55675,1007,-1.4999999999999982,50
55736,1008,3.7999999999999954,61
55798,1009,4.799999999999995,62
55863,1010,5.099999999999994,65
55923,1011,3.6999999999999957,60
55986,1012,4.899999999999995,63
56039,1013,2.3999999999999986,53
56100,1014,3.1999999999999957,61
56154,1015,1.8999999999999986,54
56216,1016,4.799999999999995,62
56279,1017,4.899999999999995,63
56336,1018,3.399999999999997,57
56386,1019,-0.8999999999999986,50
56441,1020,3.1999999999999975,55
56503,1021,5.399999999999995,62
56558,1022,3.1999999999999975,55
56621,1023,4.899999999999995,63
56682,1024,3.7999999999999954,61
56736,1025,3.099999999999998,54
56796,1026,3.6999999999999957,60
56851,1027,2.599999999999998,55
56913,1028,5.399999999999995,62
56969,1029,2.6999999999999975,56
57020,1030,2.799999999999999,51
57080,1031,3.099999999999996,60
57137,1032,3.399999999999997,57
57200,1033,5.499999999999995,63
57258,1034,3.4999999999999964,58
57318,1035,3.6999999999999957,60
57375,1036,2.799999999999998,57
57425,1037,0.9000000000000004,50
57485,1038,3.099999999999996,60
57542,1039,2.799999999999997,57
57596,1040,3.099999999999998,54
57646,1041,-2.099999999999998,50
57698,1042,2.8999999999999986,52
57749,1043,2.799999999999999,51
57803,1044,3.099999999999998,54
57863,1045,3.099999999999996,60
57913,1046,-4.499999999999998,50
57968,1047,3.1999999999999975,55
58033,1048,3.2999999999999954,65
58083,1049,2.6999999999999993,50
58146,1050,4.899999999999995,63
58209,1051,4.899999999999995,63
58262,1052,2.9999999999999982,53
58314,1053,2.8999999999999986,52
58372,1054,2.899999999999997,58
58436,1055,4.399999999999995,64
58486,1056,-0.8999999999999986,50
58538,1057,2.8999999999999986,52
58590,1058,2.299999999999999,52
58652,1059,4.199999999999996,62
58706,1060,2.4999999999999982,54
58763,1061,3.399999999999997,57
58826,1062,5.499999999999995,63
58889,1063,4.899999999999995,63
58949,1064,3.6999999999999957,60
59007,1065,2.899999999999997,58
59059,1066,2.8999999999999986,52
59117,1067,3.4999999999999964,58
59179,1068,5.399999999999995,62
59244,1069,3.899999999999995,65
59306,1070,5.399999999999995,62
59359,1071,2.9999999999999982,53
59418,1072,2.9999999999999964,59
59479,1073,3.7999999999999954,61
59539,1074,3.6999999999999957,60
59603,1075,4.399999999999995,64
59667,1076,4.999999999999995,64
59718,1077,2.799999999999999,51
59775,1078,2.1999999999999975,57
59830,1079,3.1999999999999975,55
59889,1080,3.599999999999996,59
59950,1081,3.7999999999999954,61
60011,1082,3.1999999999999957,61
60075,1083,4.399999999999995,64
60139,1084,1.9999999999999964,64
60194,1085,3.1999999999999975,55
60257,1086,5.499999999999995,63
60315,1087,2.899999999999997,58
60381,1088,3.399999999999995,66
60441,1089,3.6999999999999957,60
60497,1090,3.299999999999997,56
60560,1091,4.899999999999995,63
60615,1092,3.1999999999999975,55
60667,1093,2.8999999999999986,52
60734,1094,4.699999999999994,67
60795,1095,3.7999999999999954,61
60858,1096,5.499999999999995,63
60914,1097,0.9000000000000017,56
60972,1098,3.4999999999999964,58
61035,1099,3.6999999999999966,63
61093,1100,3.4999999999999964,58
61154,1101,3.1999999999999957,61
61210,1102,3.299999999999997,56
61270,1103,3.099999999999996,60
61332,1104,4.799999999999995,62
61394,1105,5.399999999999995,62
61458,1106,4.399999999999995,64
61509,1107,2.799999999999999,51
61571,1108,4.799999999999995,62
61633,1109,3.599999999999996,62
61696,1110,4.299999999999999,63
61758,1111,4.799999999999995,62
61808,1112,-0.8999999999999986,50
61868,1113,2.4999999999999964,60
61923,1114,2.599999999999998,55
61986,1115,5.499999999999995,63
62049,1116,5.499999999999995,63
62111,1117,5.399999999999995,62
62161,1118,-2.099999999999998,50
62221,1119,0.10000000000000187,60
62285,1120,4.999999999999995,64
62346,1121,3.7999999999999954,61
62402,1122,3.299999999999997,56
62465,1123,5.499999999999995,63
62527,1124,5.399999999999995,62
62592,1125,4.499999999999995,65
62648,1126,1.5000000000000018,56
62711,1127,4.899999999999995,63
62771,1128,3.099999999999996,60
62833,1129,4.199999999999996,62
62896,1130,4.299999999999998,63
62960,1131,3.7999999999999954,64
63019,1132,3.599999999999996,59
63076,1133,2.799999999999997,57
63133,1134,3.399999999999997,57
63185,1135,2.8999999999999986,52
63248,1136,5.499999999999995,63
63311,1137,5.499999999999995,63
63374,1138,4.899999999999995,63
63437,1139,4.899999999999995,63
63500,1140,4.899999999999995,63
63567,1141,5.299999999999994,67
63630,1142,4.899999999999995,63
63695,1143,3.899999999999995,65
63758,1144,5.499999999999995,63
63819,1145,3.1999999999999957,61
63884,1146,4.499999999999996,65
63940,1147,2.6999999999999975,56
64002,1148,4.799999999999995,62
64053,1149,1.5999999999999996,51
64116,1150,5.499999999999995,63
64171,1151,2.599999999999998,55
64232,1152,3.1999999999999957,61
64287,1153,3.1999999999999975,55
64348,1154,3.7999999999999954,61
64411,1155,4.299999999999995,63
64475,1156,4.399999999999995,64
64528,1157,2.9999999999999982,53
64593,1158,3.899999999999997,65
64657,1159,4.399999999999995,64
64720,1160,5.499999999999995,63
64782,1161,5.399999999999995,62
64843,1162,3.7999999999999954,61
64905,1163,5.399999999999995,62
64967,1164,4.799999999999995,62
65028,1165,3.1999999999999957,61
65089,1166,3.1999999999999957,61
65152,1167,4.899999999999995,63
65215,1168,5.499999999999995,63
65279,1169,4.999999999999995,64
65342,1170,5.499999999999995,63
65400,1171,2.299999999999997,58
65453,1172,2.3999999999999986,53
65516,1173,3.6999999999999957,63
65576,1174,3.6999999999999957,60
65638,1175,4.799999999999995,62
65701,1176,4.899999999999995,63
65751,1177,0.9000000000000004,50
65810,1178,2.9999999999999964,59
65877,1179,4.099999999999994,67
65939,1180,4.799999999999995,62
65992,1181,2.3999999999999986,53
66056,1182,4.999999999999995,64
66111,1183,3.1999999999999975,55
66171,1184,3.6999999999999957,60
66231,1185,3.6999999999999957,60
66291,1186,3.099999999999996,60
66354,1187,5.499999999999995,63
66414,1188,3.6999999999999957,60
66476,1189,5.399999999999995,62
66537,1190,3.1999999999999957,61
66599,1191,4.799999999999995,62
66663,1192,4.999999999999995,64
66722,1193,3.599999999999996,59
66772,1194,-0.8999999999999986,50
66834,1195,5.399999999999995,62
66897,1196,4.899999999999995,63
66960,1197,4.899999999999995,63
67024,1198,4.999999999999995,64
67087,1199,4.299999999999995,63
67151,1200,3.799999999999999,64
67201,1201,-2.099999999999998,50
67264,1202,5.499999999999995,63
67321,1203,3.399999999999997,57
67381,1204,3.6999999999999957,60
67443,1205,4.799999999999995,62
67505,1206,4.799999999999995,62
67568,1207,4.299999999999995,63
67625,1208,2.799999999999997,57
67687,1209,4.199999999999996,62
67749,1210,4.799999999999995,62
67811,1211,4.799999999999995,62
67873,1212,5.399999999999995,62
67936,1213,4.899999999999995,63
67998,1214,5.399999999999995,62
68061,1215,4.899999999999995,63
68115,1216,2.4999999999999982,54
68178,1217,4.899999999999995,63
68240,1218,5.399999999999995,62
68302,1219,5.399999999999995,62
68365,1220,5.499999999999995,63
68428,1221,4.899999999999995,63
68491,1222,4.899999999999995,63
68554,1223,5.499999999999995,63
68617,1224,5.499999999999995,63
68681,1225,4.399999999999995,64
68744,1226,5.499999999999995,63
68798,1227,3.099999999999998,54
68863,1228,0.9000000000000026,65
68926,1229,3.6999999999999984,63
68988,1230,4.199999999999996,62
69052,1231,3.200000000000001,64
69115,1232,5.499999999999995,63
69178,1233,4.299999999999995,63
69240,1234,5.399999999999995,62
69303,1235,3.7,63
69364,1236,3.1999999999999957,61
69427,1237,3.700000000000002,63
69480,1238,2.9999999999999982,53
69541,1239,3.7999999999999954,61
69603,1240,5.399999999999995,62
69666,1241,4.299999999999995,63
69728,1242,4.799999999999995,62
69785,1243,1.6000000000000014,57
69848,1244,4.299999999999995,63
69915,1245,5.299999999999994,67
69977,1246,5.399999999999995,62
70032,1247,2.599999999999998,55
70095,1248,3.099999999999996,63
70146,1249,2.1999999999999993,51
70201,1250,2.599999999999998,55
70256,1251,3.1999999999999975,55
70306,1252,0.9000000000000004,50
70369,1253,3.0999999999999996,63
70439,1254,3.1999999999999993,70
70503,1255,4.399999999999995,64
70565,1256,5.399999999999995,62
70628,1257,4.899999999999995,63
70690,1258,3.5999999999999996,62
70753,1259,4.899999999999995,63
70818,1260,3.2999999999999954,65
70882,1261,4.999999999999995,64
70945,1262,5.499999999999995,63
71006,1263,3.1999999999999957,61
71071,1264,4.499999999999995,65
71128,1265,3.399999999999997,57
71192,1266,3.7999999999999954,64
71255,1267,4.899999999999995,63
71318,1268,4.899999999999995,63
71369,1269,2.1999999999999993,51
71419,1270,2.0999999999999996,50
71484,1271,3.2999999999999963,65
71542,1272,2.899999999999997,58
71597,1273,2.599999999999998,55
71650,1274,1.1999999999999993,53
71712,1275,4.799999999999995,62
71774,1276,5.399999999999995,62
71837,1277,5.499999999999995,63
71900,1278,5.499999999999995,63
71965,1279,4.499999999999995,65
72015,1280,-0.8999999999999986,50
72078,1281,5.499999999999995,63
72140,1282,5.399999999999995,62
72203,1283,4.299999999999995,63
72266,1284,4.299999999999996,63
72329,1285,3.0999999999999996,63
72392,1286,4.299999999999995,63
72454,1287,5.399999999999995,62
72517,1288,5.499999999999995,63
72581,1289,4.399999999999995,64
72643,1290,4.799999999999995,62
72697,1291,3.099999999999998,54
72761,1292,4.999999999999995,64
72824,1293,4.899999999999995,63
72883,1294,3.599999999999996,59
72946,1295,5.499999999999995,63
73010,1296,4.999999999999995,64
73072,1297,4.799999999999995,62
73140,1298,3.0000000000000027,68
73202,1299,4.799999999999995,62
73265,1300,5.499999999999995,63
73334,1301,4.899999999999993,69
73387,1302,2.9999999999999982,53
73454,1303,4.699999999999994,67
73516,1304,5.399999999999995,62
73578,1305,5.399999999999995,62
73641,1306,5.499999999999995,63
73704,1307,4.899999999999995,63
73766,1308,3.000000000000001,62
73824,1309,3.4999999999999964,58
73874,1310,2.6999999999999993,50
73936,1311,4.799999999999995,62
73999,1312,5.499999999999995,63
74057,1313,3.4999999999999964,58
74119,1314,4.1999999999999975,62
74184,1315,4.499999999999995,65
74247,1316,4.899999999999995,63
74310,1317,3.6999999999999957,63
74368,1318,3.4999999999999964,58
74431,1319,4.899999999999995,63
74493,1320,3.599999999999996,62
74554,1321,3.7999999999999954,61
74616,1322,5.399999999999995,62
74678,1323,4.799999999999995,62
74742,1324,4.999999999999995,64
74803,1325,3.1999999999999957,61
74868,1326,4.499999999999995,65
74930,1327,4.799999999999995,62
74993,1328,5.499999999999995,63
75055,1329,4.799999999999995,62
75118,1330,4.899999999999995,63
75180,1331,5.399999999999995,62
75242,1332,5.399999999999995,62
75303,1333,3.7999999999999954,61
75364,1334,3.1999999999999957,61
75432,1335,5.399999999999993,68
75495,1336,4.899999999999995,63
75558,1337,4.299999999999995,63
75621,1338,4.299999999999995,63
75681,1339,3.6999999999999957,60
75744,1340,4.899999999999995,63
75806,1341,5.399999999999995,62
75870,1342,3.799999999999997,64
75933,1343,5.499999999999995,63
75995,1344,5.399999999999995,62
76061,1345,5.799999999999994,66
76123,1346,4.799999999999995,62
76185,1347,5.399999999999995,62
76247,1348,4.799999999999995,62
76309,1349,4.799999999999995,62
76371,1350,5.399999999999995,62
76434,1351,3.6999999999999993,63
76497,1352,5.499999999999995,63
76559,1353,5.399999999999995,62
76621,1354,5.399999999999995,62
76685,1355,4.399999999999995,64
76745,1356,3.099999999999996,60
76808,1357,5.499999999999995,63
76873,1358,5.099999999999994,65
76936,1359,5.499999999999995,63
76999,1360,4.899999999999995,63
77063,1361,4.399999999999995,64
77127,1362,4.399999999999995,64
77190,1363,5.499999999999995,63
77253,1364,4.899999999999995,63
77316,1365,5.499999999999995,63
77378,1366,5.399999999999995,62
77441,1367,4.899999999999995,63
77504,1368,5.499999999999995,63
77566,1369,4.799999999999995,62
77629,1370,4.899999999999995,63
77682,1371,2.9999999999999982,53
77746,1372,3.799999999999997,64
77809,1373,5.499999999999995,63
77872,1374,4.299999999999995,63
77936,1375,4.999999999999995,64
77999,1376,4.299999999999996,63
78062,1377,5.499999999999995,63
78125,1378,3.0999999999999996,63
78186,1379,3.7999999999999954,61
78254,1380,5.399999999999997,68
78317,1381,4.899999999999995,63
78379,1382,5.399999999999995,62
78444,1383,5.099999999999994,65
78507,1384,5.499999999999995,63
78571,1385,4.399999999999995,64
78632,1386,3.7999999999999954,61
78697,1387,3.2999999999999954,65
78760,1388,4.299999999999995,63
78822,1389,5.399999999999995,62
78885,1390,4.899999999999995,63
78948,1391,4.899999999999995,63
79011,1392,4.899999999999995,63
79071,1393,3.099999999999996,60
79133,1394,5.399999999999995,62
79196,1395,5.499999999999995,63
79253,1396,3.399999999999997,57
79316,1397,5.499999999999995,63
79370,1398,1.299999999999999,54
79433,1399,5.499999999999995,63
79496,1400,4.899999999999995,63
79561,1401,4.499999999999995,65
79624,1402,4.899999999999995,63
79687,1403,4.899999999999995,63
79750,1404,5.499999999999995,63
79812,1405,5.399999999999995,62
79874,1406,5.399999999999995,62
79937,1407,4.899999999999995,63
79999,1408,4.799999999999995,62
80062,1409,5.499999999999995,63
80124,1410,5.399999999999995,62
80187,1411,4.899999999999995,63
80248,1412,3.7999999999999954,61
80312,1413,4.999999999999995,64
80374,1414,5.399999999999995,62
80437,1415,4.899999999999997,63
80500,1416,4.899999999999996,63
80564,1417,4.999999999999995,64
80627,1418,5.499999999999995,63
80690,1419,4.899999999999995,63
80753,1420,5.499999999999995,63
80816,1421,4.899999999999995,63
80878,1422,4.799999999999995,62
80941,1423,5.499999999999995,63
81005,1424,4.999999999999995,64
81067,1425,5.399999999999995,62
81128,1426,3.7999999999999954,61
81192,1427,4.999999999999995,64
81255,1428,5.499999999999995,63
81318,1429,4.899999999999995,63
81380,1430,5.399999999999995,62
81442,1431,5.399999999999995,62
81504,1432,4.799999999999995,62
81567,1433,5.499999999999995,63
81631,1434,4.999999999999995,64
81695,1435,4.999999999999995,64
81759,1436,4.999999999999995,64
81823,1437,4.999999999999995,64
81885,1438,5.399999999999995,62
81947,1439,5.399999999999995,62
82010,1440,5.499999999999995,63
82074,1441,4.399999999999997,64
82135,1442,3.1999999999999957,61
82197,1443,5.399999999999995,62
82256,1444,2.9999999999999964,59
82320,1445,4.999999999999995,64
82383,1446,5.499999999999995,63
82446,1447,4.899999999999995,63
82508,1448,5.399999999999995,62
82571,1449,5.499999999999995,63
82636,1450,5.099999999999994,65
82699,1451,5.499999999999995,63
82762,1452,5.499999999999995,63
82824,1453,4.799999999999995,62
82887,1454,5.499999999999995,63
82950,1455,3.6999999999999975,63
83018,1456,5.999999999999993,68
83081,1457,5.499999999999995,63
83145,1458,3.200000000000002,64
83207,1459,5.399999999999995,62
83259,1460,2.299999999999999,52
83322,1461,5.499999999999995,63
83372,1462,-0.8999999999999986,50
83434,1463,5.399999999999995,62
83497,1464,5.499999999999995,63
83560,1465,5.499999999999995,63
83627,1466,5.899999999999993,67
83689,1467,5.399999999999995,62
83752,1468,4.899999999999995,63
83815,1469,5.499999999999995,63
83878,1470,4.299999999999995,63
83940,1471,4.799999999999995,62
84001,1472,2.599999999999996,61
84063,1473,5.399999999999995,62
84125,1474,5.399999999999995,62
84186,1475,3.1999999999999957,61
84249,1476,4.899999999999995,63
84310,1477,3.1999999999999957,61
84374,1478,3.200000000000002,64
84437,1479,5.499999999999995,63
84489,1480,2.8999999999999986,52
84552,1481,4.899999999999995,63
84614,1482,5.399999999999995,62
84676,1483,5.399999999999995,62
84739,1484,5.499999999999995,63
84802,1485,5.499999999999995,63
84864,1486,5.399999999999995,62
84926,1487,3.5999999999999996,62
84991,1488,4.499999999999995,65
85055,1489,4.399999999999995,64
85117,1490,5.399999999999995,62
85179,1491,5.399999999999995,62
85242,1492,5.499999999999995,63
85305,1493,4.899999999999995,63
85369,1494,4.999999999999995,64
85432,1495,5.499999999999995,63
85495,1496,5.499999999999995,63
85557,1497,4.799999999999995,62
85620,1498,4.899999999999995,63
85681,1499,3.1999999999999957,61
85744,1500,5.499999999999995,63
85807,1501,4.899999999999995,63
85871,1502,4.399999999999995,64
85933,1503,5.399999999999995,62
85996,1504,5.499999999999995,63
86058,1505,4.799999999999995,62
86121,1506,5.499999999999995,63
86183,1507,4.799999999999995,62
86246,1508,4.899999999999995,63
86311,1509,5.099999999999994,65
86377,1510,5.199999999999995,66
86439,1511,5.399999999999995,62
86505,1512,5.199999999999994,66
86569,1513,4.399999999999995,64
86631,1514,5.399999999999995,62
86693,1515,5.399999999999995,62
86756,1516,4.899999999999996,63
86818,1517,4.199999999999996,62
86880,1518,5.399999999999995,62
86930,1519,-3.299999999999998,50
86994,1520,4.999999999999995,64
87057,1521,4.899999999999995,63
87120,1522,5.499999999999995,63
87182,1523,5.399999999999995,62
87240,1524,2.899999999999997,58
87302,1525,4.799999999999995,62
87365,1526,5.499999999999995,63
87432,1527,5.899999999999993,67
87496,1528,4.999999999999995,64
87560,1529,4.999999999999995,64
87624,1530,4.999999999999995,64
87692,1531,5.399999999999993,68
87755,1532,5.499999999999995,63
87818,1533,4.299999999999999,63
87882,1534,3.200000000000001,64
87946,1535,4.399999999999995,64
88009,1536,4.299999999999995,63
88071,1537,4.199999999999996,62
88132,1538,3.7999999999999954,61
88195,1539,4.899999999999995,63
88257,1540,4.799999999999995,62
88319,1541,5.399999999999995,62
88383,1542,4.999999999999995,64
88448,1543,4.499999999999995,65
88511,1544,5.499999999999995,63
88575,1545,4.999999999999995,64
88638,1546,5.499999999999995,63
88700,1547,5.399999999999995,62
88763,1548,5.499999999999995,63
88826,1549,5.499999999999995,63
88889,1550,4.899999999999995,63
88953,1551,4.399999999999997,64
89017,1552,4.999999999999995,64
89079,1553,4.799999999999995,62
89145,1554,4.599999999999996,66
89208,1555,5.499999999999995,63
89271,1556,5.499999999999995,63
89334,1557,5.499999999999995,63
89397,1558,4.299999999999999,63
89460,1559,4.299999999999999,63
89523,1560,5.499999999999995,63
89585,1561,5.399999999999995,62
89647,1562,5.399999999999995,62
89709,1563,4.1999999999999975,62
89772,1564,5.499999999999995,63
89835,1565,4.899999999999995,63
89898,1566,4.899999999999995,63
89963,1567,4.499999999999995,65
90026,1568,5.499999999999995,63
90089,1569,5.499999999999995,63
90153,1570,4.399999999999995,64
90215,1571,5.399999999999995,62
90278,1572,5.499999999999995,63
90341,1573,5.499999999999995,63
90404,1574,5.499999999999995,63
90467,1575,5.499999999999995,63
90531,1576,4.999999999999995,64
90594,1577,4.899999999999995,63
90657,1578,5.499999999999995,63
90721,1579,4.999999999999995,64
90788,1580,5.899999999999993,67
90851,1581,5.499999999999995,63
90914,1582,4.899999999999995,63
90976,1583,5.399999999999995,62
91039,1584,5.499999999999995,63
91103,1585,4.999999999999995,64
91166,1586,4.899999999999995,63
91229,1587,5.499999999999995,63
91293,1588,4.999999999999995,64
91363,1589,5.5999999999999925,70
91425,1590,5.399999999999995,62
91487,1591,5.399999999999995,62
91549,1592,5.399999999999995,62
91612,1593,5.499999999999995,63
91675,1594,5.499999999999995,63
91739,1595,4.999999999999995,64
91803,1596,4.999999999999995,64
91866,1597,4.899999999999995,63
91928,1598,5.399999999999995,62
91989,1599,3.7999999999999954,61
92052,1600,5.499999999999995,63
92115,1601,4.299999999999999,63
92179,1602,4.999999999999995,64
92240,1603,3.7999999999999954,61
92326,1604,2.9999999999999893,86
92389,1605,4.899999999999995,63
92457,1606,5.399999999999993,68
92521,1607,4.999999999999995,64
92571,1608,-0.29999999999999893,50
92635,1609,4.999999999999995,64
92698,1610,4.299999999999996,63
92766,1611,5.399999999999993,68
92830,1612,4.999999999999995,64
92896,1613,5.199999999999994,66
92961,1614,3.899999999999995,65
93023,1615,5.399999999999995,62
93086,1616,5.499999999999995,63
93148,1617,5.399999999999995,62
93211,1618,4.899999999999995,63
93274,1619,5.499999999999995,63
93328,1620,2.4999999999999982,54
93378,1621,-1.4999999999999982,50
93441,1622,5.499999999999995,63
93505,1623,4.999999999999995,64
93568,1624,5.499999999999995,63
93630,1625,5.399999999999995,62
93697,1626,5.299999999999994,67
93758,1627,3.7999999999999954,61
93821,1628,5.499999999999995,63
93885,1629,4.999999999999995,64
93948,1630,5.499999999999995,63
94012,1631,4.999999999999995,64
94076,1632,4.999999999999995,64
94144,1633,5.999999999999993,68
94208,1634,4.999999999999995,64
94271,1635,4.899999999999995,63
94334,1636,4.899999999999995,63
94397,1637,4.899999999999995,63
94451,1638,3.099999999999998,54
94515,1639,2.600000000000003,64
94565,1640,-0.8999999999999986,50
94628,1641,5.499999999999995,63
94694,1642,1.6000000000000028,66
94757,1643,5.499999999999995,63
94820,1644,5.499999999999995,63
94882,1645,5.399999999999995,62
94947,1646,4.499999999999995,65
95009,1647,5.399999999999995,62
95074,1648,4.499999999999995,65
95137,1649,4.899999999999995,63
95202,1650,4.499999999999995,65
95265,1651,5.499999999999995,63
95324,1652,2.399999999999997,59
95391,1653,5.299999999999994,67
95454,1654,5.499999999999995,63
95516,1655,5.399999999999995,62
95580,1656,4.399999999999995,64
95643,1657,5.499999999999995,63
95705,1658,5.399999999999995,62
95769,1659,4.399999999999995,64
95832,1660,5.499999999999995,63
95901,1661,4.299999999999994,69
95963,1662,5.399999999999995,62
96013,1663,-0.8999999999999986,50
96077,1664,4.999999999999995,64
96141,1665,4.999999999999995,64
96205,1666,4.999999999999995,64
96269,1667,4.999999999999995,64
96332,1668,4.899999999999995,63
96396,1669,4.399999999999995,64
96458,1670,5.399999999999995,62
96522,1671,1.999999999999997,64
96584,1672,4.799999999999995,62
96647,1673,4.899999999999995,63
96710,1674,5.499999999999995,63
96775,1675,2.1000000000000005,65
96825,1676,-3.899999999999998,50
96875,1677,-3.299999999999998,50
96939,1678,4.399999999999995,64
96995,1679,2.6999999999999975,56
97045,1680,-3.899999999999998,50
97109,1681,4.999999999999995,64
97159,1682,-3.899999999999998,50
97209,1683,-5.099999999999998,50
97273,1684,4.999999999999995,64
97336,1685,5.499999999999995,63
97399,1686,5.499999999999995,63
97463,1687,4.399999999999995,64
97527,1688,4.999999999999995,64
97589,1689,1.7999999999999998,62
97652,1690,5.499999999999995,63
97702,1691,-7.499999999999998,50
97766,1692,4.399999999999995,64
97829,1693,4.299999999999995,63
97893,1694,4.999999999999995,64
97943,1695,-6.899999999999999,50
98006,1696,5.499999999999995,63
98069,1697,4.899999999999995,63
98131,1698,4.799999999999995,62
98193,1699,5.399999999999995,62
98257,1700,4.999999999999995,64
98307,1701,-5.699999999999998,50
98370,1702,5.499999999999995,63
98433,1703,4.299999999999995,63
98497,1704,3.1999999999999966,64
98561,1705,4.999999999999995,64
98624,1706,4.299999999999995,63
98687,1707,5.499999999999995,63
98753,1708,4.599999999999996,66
98811,1709,2.899999999999997,58
98873,1710,4.799999999999995,62
98923,1711,2.6999999999999993,50
98986,1712,4.899999999999995,63
99049,1713,5.499999999999995,63
99112,1714,5.499999999999995,63
99176,1715,4.399999999999995,64
99240,1716,4.399999999999995,64
99303,1717,5.499999999999995,63
99366,1718,5.499999999999995,63
99429,1719,5.499999999999995,63
99491,1720,5.399999999999995,62
99554,1721,5.499999999999995,63
99604,1722,-2.699999999999998,50
99669,1723,4.499999999999995,65
99731,1724,4.799999999999995,62
99795,1725,4.999999999999995,64
99845,1726,-6.299999999999999,50
99907,1727,4.799999999999995,62
99971,1728,4.999999999999995,64
100034,1729,5.499999999999995,63
100097,1730,4.899999999999995,63
100160,1731,5.499999999999995,63
100210,1732,-4.499999999999998,50
100273,1733,5.499999999999995,63
100323,1734,-2.699999999999998,50
100373,1735,-2.699999999999998,50
100435,1736,5.399999999999995,62
100498,1737,3.0999999999999988,63
100561,1738,4.299999999999995,63
100623,1739,4.799999999999995,62
100687,1740,4.399999999999997,64
100749,1741,4.799999999999995,62
100812,1742,4.899999999999995,63
100873,1743,3.1999999999999957,61
100936,1744,4.899999999999995,63
100986,1745,-3.899999999999998,50
101049,1746,4.899999999999995,63
101112,1747,4.899999999999995,63
101175,1748,3.6999999999999957,63
101237,1749,5.399999999999995,62
101300,1750,5.499999999999995,63
101350,1751,-0.8999999999999986,50
101412,1752,4.799999999999995,62
101475,1753,5.499999999999995,63
101539,1754,4.999999999999995,64
101601,1755,4.199999999999996,62
101663,1756,2.9999999999999964,62
101725,1757,5.399999999999995,62
101787,1758,3.5999999999999996,62
101850,1759,5.499999999999995,63
101914,1760,4.999999999999995,64
101977,1761,5.499999999999995,63
102041,1762,4.399999999999995,64
102103,1763,5.399999999999995,62
102165,1764,5.399999999999995,62
102228,1765,5.499999999999995,63
102290,1766,5.399999999999995,62
102353,1767,4.899999999999995,63
102415,1768,5.399999999999995,62
102465,1769,-3.899999999999998,50
102529,1770,4.999999999999995,64
102592,1771,4.299999999999995,63
102654,1772,4.799999999999995,62
102717,1773,5.499999999999995,63
102782,1774,3.899999999999995,65
102845,1775,4.899999999999995,63
102908,1776,3.6999999999999975,63
102970,1777,5.399999999999995,62
103033,1778,5.499999999999995,63
103096,1779,4.899999999999995,63
103159,1780,5.499999999999995,63
103222,1781,4.899999999999995,63
103285,1782,5.499999999999995,63
103348,1783,4.899999999999995,63
103411,1784,4.899999999999995,63
103473,1785,5.399999999999995,62
103535,1786,5.399999999999995,62
103598,1787,5.499999999999995,63
103661,1788,5.499999999999995,63
103723,1789,5.399999999999995,62
103785,1790,5.399999999999995,62
103848,1791,4.899999999999995,63
103912,1792,4.999999999999995,64
103974,1793,4.799999999999995,62
104037,1794,4.899999999999995,63
104098,1795,3.7999999999999954,61
104161,1796,5.499999999999995,63
104224,1797,4.899999999999995,63
104286,1798,5.399999999999995,62
104349,1799,5.499999999999995,63
104410,1800,3.7999999999999954,61
104471,1801,3.7999999999999954,61
104535,1802,4.399999999999995,64
104596,1803,3.1999999999999957,61
104658,1804,5.399999999999995,62
104721,1805,4.899999999999995,63
104784,1806,5.499999999999995,63
104847,1807,4.899999999999995,63
104910,1808,4.899999999999995,63
104972,1809,5.399999999999995,62
105034,1810,4.799999999999995,62
105097,1811,4.899999999999995,63
105159,1812,5.399999999999995,62
105221,1813,4.799999999999995,62
105283,1814,5.399999999999995,62
105346,1815,4.899999999999995,63
105410,1816,4.999999999999995,64
105472,1817,5.399999999999995,62
105535,1818,5.499999999999995,63
105598,1819,4.899999999999995,63
105662,1820,4.999999999999995,64
105724,1821,4.199999999999996,62
105787,1822,4.899999999999995,63
105849,1823,3.5999999999999996,62
105911,1824,5.399999999999995,62
105974,1825,5.499999999999995,63
106037,1826,3.6999999999999957,63
106098,1827,3.7999999999999954,61
106161,1828,4.299999999999995,63
106224,1829,5.499999999999995,63
106287,1830,5.499999999999995,63
106350,1831,4.899999999999995,63
106413,1832,4.899999999999995,63
106476,1833,4.899999999999995,63
106538,1834,4.799999999999995,62
106588,1835,2.0999999999999996,50
106642,1836,3.099999999999998,54
106704,1837,5.399999999999995,62
106767,1838,4.299999999999995,63
106829,1839,5.399999999999995,62
106892,1840,5.499999999999995,63
106957,1841,4.499999999999995,65
107019,1842,5.399999999999995,62
107082,1843,5.499999999999995,63
107132,1844,2.6999999999999993,50
107194,1845,4.1999999999999975,62
107257,1846,5.499999999999995,63
107308,1847,2.799999999999999,51
107371,1848,5.499999999999995,63
107421,1849,2.0999999999999996,50
107483,1850,3.0,62
107545,1851,5.399999999999995,62
107607,1852,4.799999999999995,62
107669,1853,5.399999999999995,62
107732,1854,5.499999999999995,63
107794,1855,5.399999999999995,62
107857,1856,5.499999999999995,63
107920,1857,4.899999999999995,63
107983,1858,4.299999999999995,63
108045,1859,5.399999999999995,62
108107,1860,5.399999999999995,62
108170,1861,4.899999999999995,63
108228,1862,3.4999999999999964,58
108291,1863,5.499999999999995,63
108354,1864,4.899999999999995,63
108417,1865,5.499999999999995,63
108480,1866,5.499999999999995,63
108542,1867,5.399999999999995,62
108605,1868,5.499999999999995,63
108668,1869,5.499999999999995,63
108731,1870,5.499999999999995,63
108795,1871,4.999999999999995,64
108858,1872,4.899999999999995,63
108922,1873,4.999999999999995,64
108984,1874,3.599999999999998,62
109050,1875,4.599999999999998,66
109112,1876,4.799999999999995,62
109174,1877,5.399999999999995,62
109238,1878,4.999999999999995,64
109300,1879,5.399999999999995,62
109364,1880,4.999999999999995,64
109431,1881,5.899999999999993,67
109496,1882,4.499999999999995,65
109560,1883,4.399999999999995,64
109624,1884,4.999999999999995,64
109686,1885,5.399999999999995,62
109749,1886,5.499999999999995,63
109813,1887,4.399999999999995,64
109876,1888,5.499999999999995,63
109939,1889,5.499999999999995,63
110002,1890,4.899999999999995,63
110064,1891,5.399999999999995,62
110127,1892,5.499999999999995,63
110191,1893,4.999999999999995,64
110255,1894,4.999999999999995,64
110319,1895,2.600000000000003,64
110383,1896,4.999999999999995,64
110446,1897,3.1000000000000023,63
110509,1898,4.899999999999997,63
110574,1899,2.6999999999999975,65
110638,1900,4.999999999999995,64
110704,1901,5.199999999999994,66
110768,1902,4.999999999999995,64
110832,1903,2.600000000000003,64
110895,1904,5.499999999999995,63
110962,1905,5.899999999999993,67
111027,1906,5.099999999999994,65
111090,1907,5.499999999999995,63
111153,1908,5.499999999999995,63
111216,1909,5.499999999999995,63
111280,1910,4.999999999999995,64
111342,1911,5.399999999999995,62
111408,1912,4.599999999999994,66
111469,1913,3.7999999999999954,61
111533,1914,4.999999999999995,64
111588,1915,3.1999999999999975,55
111650,1916,5.399999999999995,62
111712,1917,4.1999999999999975,62
111778,1918,5.199999999999994,66
111842,1919,3.7999999999999954,64
111905,1920,5.499999999999995,63
111968,1921,5.499999999999995,63
112031,1922,3.700000000000002,63
112083,1923,1.6999999999999993,52
112147,1924,4.399999999999995,64
112210,1925,5.499999999999995,63
112260,1926,0.9000000000000004,50
112323,1927,4.899999999999995,63
112387,1928,2.600000000000003,64
112450,1929,4.899999999999995,63
112514,1930,3.200000000000002,64
112564,1931,0.3000000000000007,50
112626,1932,4.799999999999995,62
112690,1933,4.999999999999995,64
112752,1934,5.399999999999995,62
112815,1935,5.499999999999995,63
112878,1936,4.899999999999995,63
112940,1937,4.799999999999995,62
113006,1938,5.199999999999994,66
113069,1939,5.499999999999995,63
113132,1940,5.499999999999995,63
113198,1941,5.199999999999994,66
113261,1942,5.499999999999995,63
113323,1943,4.799999999999995,62
113389,1944,5.199999999999994,66
113451,1945,5.399999999999995,62
113515,1946,4.399999999999995,64
113577,1947,4.799999999999995,62
113641,1948,4.999999999999995,64
113705,1949,3.7999999999999954,64
113768,1950,5.499999999999995,63
113830,1951,5.399999999999995,62
113894,1952,3.7999999999999954,64
113960,1953,3.9999999999999947,66
114023,1954,5.499999999999995,63
114086,1955,4.899999999999995,63
114150,1956,2.600000000000003,64
114213,1957,5.499999999999995,63
114263,1958,-2.699999999999998,50
114327,1959,4.999999999999995,64
114390,1960,4.899999999999995,63
114454,1961,4.999999999999995,64
114518,1962,4.399999999999995,64
114582,1963,4.999999999999995,64
114647,1964,5.099999999999994,65
114714,1965,4.699999999999994,67
114777,1966,5.499999999999995,63
114840,1967,5.499999999999995,63
114903,1968,5.499999999999995,63
114966,1969,5.499999999999995,63
115030,1970,4.399999999999995,64
115093,1971,5.499999999999995,63
115157,1972,4.999999999999995,64
115220,1973,4.299999999999995,63
115283,1974,4.899999999999995,63
115344,1975,3.1999999999999957,61
115406,1976,5.399999999999995,62
115470,1977,4.999999999999995,64
115534,1978,4.999999999999995,64
115597,1979,4.899999999999995,63
115659,1980,5.399999999999995,62
115722,1981,5.499999999999995,63
115785,1982,5.499999999999995,63
115848,1983,5.499999999999995,63
115916,1984,5.999999999999993,68
115981,1985,4.499999999999995,65
116043,1986,5.399999999999995,62
116107,1987,4.999999999999995,64
116158,1988,2.799999999999999,51
116222,1989,4.999999999999995,64
116285,1990,5.499999999999995,63
116348,1991,5.499999999999995,63
116412,1992,2.600000000000003,64
116464,1993,2.8999999999999986,52
116514,1994,2.0999999999999996,50
116576,1995,5.399999999999995,62
116629,1996,2.9999999999999982,53
116692,1997,5.499999999999995,63
116756,1998,4.399999999999995,64
116811,1999,2.599999999999998,55
116873,2000,5.399999999999995,62
116936,2001,4.899999999999995,63
116999,2002,5.499999999999995,63
117061,2003,5.399999999999995,62
117123,2004,5.399999999999995,62
117186,2005,5.499999999999995,63
117253,2006,5.899999999999993,67
117316,2007,4.899999999999995,63
117379,2008,5.499999999999995,63
117442,2009,5.499999999999995,63
117506,2010,4.999999999999995,64
117572,2011,5.799999999999994,66
117638,2012,3.9999999999999947,66
117702,2013,4.999999999999995,64
117766,2014,4.999999999999995,64
117829,2015,4.299999999999996,63
117891,2016,5.399999999999995,62
117953,2017,4.1999999999999975,62
118015,2018,4.799999999999995,62
118079,2019,3.200000000000002,64
118141,2020,5.399999999999995,62
118203,2021,5.399999999999995,62
118265,2022,5.399999999999995,62
118329,2023,4.999999999999995,64
118392,2024,5.499999999999995,63
118458,2025,5.199999999999994,66
118521,2026,4.899999999999995,63
118591,2027,4.999999999999995,70
118654,2028,4.899999999999995,63
118718,2029,2.0000000000000027,64
118782,2030,4.999999999999995,64
118845,2031,4.299999999999995,63
118908,2032,5.499999999999995,63
118972,2033,4.399999999999995,64
119035,2034,5.499999999999995,63
119100,2035,3.8999999999999986,65
119162,2036,4.799999999999995,62
119225,2037,5.499999999999995,63
119288,2038,5.499999999999995,63
119351,2039,5.499999999999995,63
119413,2040,5.399999999999995,62
119476,2041,5.499999999999995,63
119539,2042,5.499999999999995,63
119603,2043,3.200000000000002,64
119665,2044,5.399999999999995,62
119729,2045,4.999999999999995,64
119793,2046,4.999999999999995,64
119855,2047,5.399999999999995,62
119919,2048,4.999999999999995,64
119983,2049,4.999999999999995,64
120051,2050,5.999999999999993,68
120115,2051,4.999999999999995,64
120178,2052,5.499999999999995,63
120242,2053,4.999999999999995,64
120305,2054,5.499999999999995,63
120368,2055,5.499999999999995,63
120431,2056,5.499999999999995,63
120498,2057,3.500000000000001,67
120561,2058,5.499999999999995,63
120624,2059,5.499999999999995,63
120689,2060,3.899999999999995,65
120752,2061,5.499999999999995,63
120814,2062,4.799999999999995,62
120876,2063,4.799999999999995,62
120939,2064,5.499999999999995,63
121002,2065,5.499999999999995,63
121065,2066,5.499999999999995,63
121128,2067,5.499999999999995,63
121195,2068,5.899999999999993,67
121258,2069,5.499999999999995,63
121328,2070,6.199999999999992,70
121391,2071,5.499999999999995,63
121454,2072,4.899999999999995,63
121517,2073,5.499999999999995,63
121580,2074,5.499999999999995,63
121643,2075,5.499999999999995,63
121705,2076,5.399999999999995,62
121773,2077,5.999999999999995,68
121836,2078,5.499999999999995,63
121900,2079,4.999999999999995,64
121962,2080,4.799999999999995,62
122024,2081,5.399999999999995,62
122088,2082,4.999999999999995,64
122153,2083,4.499999999999995,65
122216,2084,5.499999999999995,63
122279,2085,5.499999999999995,63
122342,2086,5.499999999999995,63
122404,2087,5.399999999999995,62
122467,2088,5.499999999999995,63
122529,2089,5.399999999999995,62
122592,2090,5.499999999999995,63
122655,2091,4.899999999999995,63
122718,2092,5.499999999999995,63
122780,2093,2.400000000000001,62
122846,2094,-0.1999999999999983,66
122909,2095,4.899999999999995,63
122972,2096,5.499999999999995,63
123035,2097,5.499999999999995,63
123098,2098,5.499999999999995,63
123160,2099,5.399999999999995,62
123224,2100,4.999999999999995,64
123286,2101,5.399999999999995,62
123349,2102,5.499999999999995,63
123411,2103,5.399999999999995,62
123473,2104,4.799999999999995,62
123535,2105,5.399999999999995,62
123599,2106,4.999999999999995,64
123662,2107,5.499999999999995,63
123725,2108,4.299999999999995,63
123788,2109,5.499999999999995,63
123850,2110,5.399999999999995,62
123912,2111,5.399999999999995,62
123975,2112,4.899999999999995,63
124037,2113,5.399999999999995,62
124100,2114,4.899999999999995,63
124162,2115,4.799999999999995,62
124225,2116,5.499999999999995,63
124288,2117,5.499999999999995,63
124351,2118,5.499999999999995,63
124413,2119,3.599999999999996,62
124476,2120,5.499999999999995,63
124539,2121,4.899999999999995,63
124601,2122,4.799999999999995,62
124663,2123,5.399999999999995,62
124727,2124,4.999999999999995,64
124791,2125,4.999999999999995,64
124856,2126,4.499999999999995,65
124919,2127,5.499999999999995,63
124981,2128,4.199999999999996,62
125048,2129,2.9,67
125113,2130,4.499999999999995,65
125178,2131,3.899999999999995,65
125241,2132,5.499999999999995,63
125304,2133,3.0999999999999996,63
125367,2134,4.899999999999995,63
125431,2135,4.999999999999995,64
125495,2136,4.999999999999995,64
125558,2137,3.0999999999999996,63
125622,2138,4.999999999999995,64
125684,2139,3.599999999999998,62
125747,2140,3.0999999999999996,63
125815,2141,5.999999999999993,68
125866,2142,2.1999999999999993,51
125928,2143,5.399999999999995,62
125991,2144,5.499999999999995,63
126053,2145,5.399999999999995,62
126116,2146,5.499999999999995,63
126182,2147,3.9999999999999947,66
126246,2148,4.399999999999995,64
126309,2149,5.499999999999995,63
126372,2150,5.499999999999995,63
126434,2151,5.399999999999995,62
126497,2152,2.500000000000001,63
126560,2153,5.499999999999995,63
126624,2154,4.399999999999995,64
126685,2155,3.7999999999999954,61
126746,2156,3.7999999999999954,61
126809,2157,5.499999999999995,63
126871,2158,5.399999999999995,62
126933,2159,5.399999999999995,62
126995,2160,3.5999999999999996,62
127058,2161,5.499999999999995,63
127121,2162,5.499999999999995,63
127183,2163,4.799999999999995,62
127245,2164,5.399999999999995,62
127309,2165,4.999999999999995,64
127371,2166,5.399999999999995,62
127433,2167,5.399999999999995,62
127495,2168,4.799999999999995,62
127557,2169,5.399999999999995,62
127619,2170,4.199999999999996,62
127682,2171,4.899999999999995,63
127743,2172,3.7999999999999954,61
127806,2173,5.499999999999995,63
127869,2174,5.499999999999995,63
127933,2175,4.999999999999995,64
128000,2176,6.499999999999993,67
128063,2177,5.499999999999995,63
128127,2178,4.999999999999995,64
128189,2179,5.399999999999995,62
128253,2180,4.999999999999995,64
128319,2181,5.799999999999994,66
128383,2182,4.999999999999995,64
128445,2183,5.399999999999995,62
128509,2184,4.999999999999995,64
128572,2185,5.499999999999995,63
128663,2186,3.499999999999993,91
128726,2187,5.499999999999995,63
128789,2188,5.499999999999995,63
128852,2189,5.499999999999995,63
128915,2190,5.499999999999995,63
128977,2191,5.399999999999995,62
129077,2192,8.299999999999983,100
129140,2193,3.0999999999999996,63
129202,2194,5.399999999999995,62
129265,2195,4.299999999999995,63
129327,2196,5.399999999999995,62
129390,2197,4.899999999999995,63
129453,2198,5.499999999999995,63
129520,2199,5.899999999999993,67
129582,2200,5.399999999999995,62
129645,2201,5.499999999999995,63
129710,2202,3.899999999999997,65
129775,2203,4.499999999999995,65
129838,2204,5.499999999999995,63
129901,2205,5.499999999999995,63
129964,2206,5.499999999999995,63
130027,2207,5.499999999999995,63
130090,2208,5.499999999999995,63
130154,2209,4.999999999999995,64
130212,2210,2.299999999999997,58
130272,2211,3.6999999999999957,60
130341,2212,3.7,69
130404,2213,5.499999999999995,63
130467,2214,5.499999999999995,63
130531,2215,4.999999999999995,64
130594,2216,5.499999999999995,63
130657,2217,4.899999999999995,63
130724,2218,5.899999999999993,67
130787,2219,5.499999999999995,63
130849,2220,4.799999999999995,62
130912,2221,5.499999999999995,63
130977,2222,5.099999999999994,65
131044,2223,4.099999999999998,67
131096,2224,2.8999999999999986,52
131159,2225,4.899999999999995,63
131223,2226,4.999999999999995,64
131289,2227,5.199999999999994,66
131352,2228,2.5000000000000027,63
131402,2229,-0.8999999999999986,50
131466,2230,4.399999999999995,64
131529,2231,5.499999999999995,63
131592,2232,4.899999999999995,63
131654,2233,5.399999999999995,62
131717,2234,4.899999999999995,63
131781,2235,4.399999999999995,64
131850,2236,6.699999999999992,69
131936,2237,2.3999999999999897,86
131999,2238,5.499999999999995,63
132063,2239,4.999999999999995,64
132129,2240,5.199999999999994,66
132193,2241,4.999999999999995,64
132257,2242,4.999999999999995,64
132325,2243,6.5999999999999925,68
132393,2244,5.999999999999993,68
132457,2245,4.399999999999995,64
132524,2246,5.899999999999993,67
132587,2247,5.499999999999995,63
132650,2248,4.899999999999995,63
132713,2249,5.499999999999995,63
132777,2250,4.999999999999995,64
132840,2251,5.499999999999995,63
132902,2252,5.399999999999995,62
132966,2253,4.399999999999995,64
133033,2254,3.4999999999999982,67
133101,2255,3.0000000000000027,68
133165,2256,4.999999999999995,64
133229,2257,4.399999999999995,64
133319,2258,5.7999999999999865,90
133382,2259,5.499999999999995,63
133445,2260,5.499999999999995,63
133531,2261,2.9999999999999893,86
133595,2262,4.999999999999995,64
133657,2263,5.399999999999995,62
133722,2264,4.499999999999995,65
133789,2265,5.299999999999994,67
133851,2266,5.399999999999995,62
133917,2267,4.599999999999994,66
133981,2268,2.0000000000000027,64
134044,2269,5.499999999999995,63
134107,2270,5.499999999999995,63
134171,2271,4.999999999999995,64
134233,2272,5.399999999999995,62
134297,2273,4.999999999999995,64
134360,2274,4.899999999999995,63
134424,2275,4.999999999999995,64
134491,2276,5.299999999999994,67
134557,2277,5.199999999999994,66
134620,2278,5.499999999999995,63
134683,2279,4.299999999999996,63
134747,2280,4.399999999999995,64
134814,2281,5.899999999999993,67
134877,2282,5.499999999999995,63
134941,2283,4.999999999999995,64
135005,2284,3.7999999999999954,64
135069,2285,2.600000000000003,64
135132,2286,4.299999999999996,63
135196,2287,4.999999999999995,64
135262,2288,4.599999999999995,66
135325,2289,4.899999999999995,63
135388,2290,5.499999999999995,63
135450,2291,5.399999999999995,62
135517,2292,5.299999999999995,67
135584,2293,6.499999999999993,67
135646,2294,5.399999999999995,62
135710,2295,4.399999999999995,64
135772,2296,5.399999999999995,62
135835,2297,5.499999999999995,63
135897,2298,5.399999999999995,62
135963,2299,5.199999999999994,66
136030,2300,4.699999999999995,67
136092,2301,5.399999999999995,62
136156,2302,4.399999999999997,64
136219,2303,5.499999999999995,63
136282,2304,1.3000000000000007,63
136344,2305,4.799999999999995,62
136407,2306,4.899999999999995,63
136474,2307,5.899999999999993,67
136535,2308,3.7999999999999954,61
136598,2309,5.499999999999995,63
136661,2310,5.499999999999995,63
136725,2311,4.999999999999995,64
136788,2312,4.899999999999995,63
136851,2313,4.299999999999995,63
136915,2314,4.999999999999995,64
136978,2315,5.499999999999995,63
137045,2316,5.899999999999993,67
137107,2317,5.399999999999995,62
137173,2318,5.199999999999994,66
137242,2319,6.099999999999994,69
137311,2320,5.499999999999993,69
137373,2321,5.399999999999995,62
137436,2322,5.499999999999995,63
137499,2323,5.499999999999995,63
137553,2324,1.9000000000000021,54
137623,2325,4.999999999999993,70
137685,2326,4.799999999999995,62
137749,2327,4.999999999999995,64
137812,2328,4.899999999999995,63
137875,2329,5.499999999999995,63
137937,2330,5.399999999999995,62
138000,2331,5.499999999999995,63
138068,2332,3.6000000000000005,68
138131,2333,4.899999999999995,63
138193,2334,5.399999999999995,62
138256,2335,5.499999999999995,63
138323,2336,5.899999999999993,67
138385,2337,5.399999999999995,62
138453,2338,6.5999999999999925,68
138516,2339,5.499999999999995,63
138579,2340,5.499999999999995,63
138642,2341,4.899999999999995,63
138705,2342,5.499999999999995,63
138767,2343,5.399999999999995,62
138829,2344,5.399999999999995,62
138892,2345,5.499999999999995,63
138956,2346,4.999999999999995,64
139019,2347,5.499999999999995,63
139083,2348,3.7999999999999954,64
139145,2349,5.399999999999995,62
139207,2350,4.799999999999995,62
139271,2351,4.999999999999995,64
139333,2352,5.399999999999995,62
139399,2353,5.799999999999994,66
139467,2354,5.999999999999993,68
139530,2355,5.499999999999995,63
139593,2356,4.899999999999995,63
139658,2357,5.099999999999994,65
139720,2358,5.399999999999995,62
139782,2359,5.399999999999995,62
139849,2360,5.899999999999993,67
139917,2361,4.200000000000001,68
139980,2362,4.899999999999995,63
140043,2363,4.899999999999995,63
140110,2364,6.499999999999993,67
140174,2365,4.999999999999995,64
140236,2366,5.399999999999995,62
140302,2367,4.599999999999995,66
140365,2368,4.899999999999995,63
140430,2369,4.499999999999995,65
140493,2370,4.899999999999995,63
140556,2371,4.899999999999995,63
140620,2372,3.1999999999999984,64
140684,2373,4.999999999999995,64
140747,2374,5.499999999999995,63
140814,2375,5.299999999999994,67
140877,2376,5.499999999999995,63
140945,2377,5.399999999999993,68
141012,2378,5.899999999999993,67
141074,2379,4.799999999999995,62
141137,2380,5.499999999999995,63
141199,2381,5.399999999999995,62
141266,2382,5.899999999999993,67
141328,2383,5.399999999999995,62
141391,2384,5.499999999999995,63
141455,2385,4.999999999999995,64
141521,2386,5.199999999999994,66
141587,2387,5.199999999999994,66
141655,2388,5.999999999999993,68
141718,2389,4.299999999999995,63
141783,2390,5.099999999999994,65
141846,2391,5.499999999999995,63
141912,2392,3.9999999999999956,66
141977,2393,5.099999999999994,65
142040,2394,5.499999999999995,63
142103,2395,5.499999999999995,63
142166,2396,5.499999999999995,63
142229,2397,4.899999999999995,63
142296,2398,5.899999999999993,67
142346,2399,-1.4999999999999982,50
142449,2400,10.39999999999998,103
142512,2401,5.499999999999995,63
142575,2402,5.499999999999995,63
142679,2403,8.099999999999982,104
142742,2404,5.499999999999995,63
142805,2405,5.499999999999995,63
142867,2406,5.399999999999995,62
142917,2407,-0.8999999999999986,50
142967,2408,-5.099999999999998,50
143030,2409,5.499999999999995,63
143093,2410,4.299999999999995,63
143156,2411,5.499999999999995,63
143224,2412,5.999999999999993,68
143291,2413,5.899999999999993,67
143353,2414,5.399999999999995,62
143534,2415,15.799999999999965,181
143598,2416,4.999999999999995,64
143661,2417,5.499999999999995,63
143711,2418,2.6999999999999993,50
143805,2419,4.399999999999992,94
143871,2420,4.599999999999994,66
143933,2421,5.399999999999995,62
143998,2422,4.499999999999995,65
144060,2423,5.399999999999995,62
144124,2424,3.7999999999999954,64
144186,2425,5.399999999999995,62
144249,2426,5.499999999999995,63
144312,2427,5.499999999999995,63
144375,2428,5.499999999999995,63
144439,2429,4.999999999999995,64
144502,2430,5.499999999999995,63
144566,2431,4.999999999999995,64
144664,2432,6.299999999999985,98
144727,2433,5.499999999999995,63
144790,2434,5.499999999999995,63
144853,2435,4.899999999999995,63
144921,2436,5.999999999999993,68
144985,2437,4.999999999999995,64
145048,2438,5.499999999999995,63
145111,2439,5.499999999999995,63
145174,2440,5.499999999999995,63
145236,2441,5.399999999999995,62
145304,2442,5.999999999999993,68
145368,2443,4.999999999999995,64
145432,2444,4.999999999999995,64
145494,2445,4.199999999999996,62
145561,2446,5.899999999999993,67
145624,2447,4.899999999999995,63
145724,2448,8.299999999999983,100
145786,2449,5.399999999999995,62
145850,2450,4.999999999999995,64
145949,2451,5.799999999999985,99
146014,2452,4.499999999999995,65
146081,2453,5.899999999999993,67
146145,2454,4.999999999999995,64
146242,2455,6.499999999999986,97
146310,2456,5.399999999999997,68
146373,2457,5.499999999999995,63
146442,2458,6.099999999999994,69
146506,2459,2.6000000000000028,64
146608,2460,7.899999999999983,102
146672,2461,4.399999999999995,64
146890,2462,19.800000000000047,218
146956,2463,4.599999999999994,66
147060,2464,6.899999999999983,104
147159,2465,6.3999999999999915,99
147223,2466,4.999999999999995,64
147285,2467,4.199999999999996,62
147467,2468,15.899999999999967,182
147533,2469,5.199999999999994,66
147595,2470,5.399999999999995,62
147661,2471,5.199999999999994,66
147762,2472,8.399999999999983,101
147826,2473,4.999999999999995,64
147916,2474,4.599999999999987,90
147982,2475,3.9999999999999947,66
148048,2476,4.599999999999994,66
148149,2477,6.599999999999989,101
148212,2478,4.899999999999995,63
148274,2479,4.799999999999995,62
148336,2480,5.399999999999995,62
148403,2481,5.899999999999993,67
148465,2482,5.399999999999995,62
148528,2483,5.499999999999995,63
148631,2484,9.199999999999982,103
148698,2485,6.499999999999993,67
148911,2486,20.500000000000032,213
149015,2487,9.89999999999998,104
149217,2488,16.099999999999994,202
149306,2489,6.2999999999999865,89
149411,2490,10.59999999999998,105
149473,2491,5.399999999999995,62
149537,2492,4.999999999999995,64
149602,2493,4.499999999999995,65
149666,2494,3.1999999999999975,64
149807,2495,11.49999999999997,141
149869,2496,5.399999999999995,62
149930,2497,3.7999999999999954,61
150028,2498,6.299999999999991,98
150090,2499,2.9999999999999964,62
150193,2500,10.39999999999998,103
150256,2501,5.499999999999995,63
150317,2502,2.599999999999996,61
150418,2503,6.599999999999987,101
150485,2504,3.5000000000000018,67
150546,2505,3.7999999999999954,61
150609,2506,5.499999999999995,63
150703,2507,6.799999999999985,94
150922,2508,18.70000000000001,219
151138,2509,14.799999999999969,216
151344,2510,15.29999999999999,206
151432,2511,6.199999999999987,88
151607,2512,14.299999999999962,175
151710,2513,8.599999999999982,103
151809,2514,6.999999999999984,99
151988,2515,15.599999999999962,179
152166,2516,14.899999999999956,178
152271,2517,6.999999999999982,105
152520,2518,22.000000000000068,249
152812,2519,26.000000000000124,292
152952,2520,10.79999999999997,140
153127,2521,11.29999999999996,175
153333,2522,17.1,206
153403,2523,4.399999999999993,70
153470,2524,5.899999999999993,67
153570,2525,7.099999999999987,100
153789,2526,18.700000000000014,219
153889,2527,7.699999999999983,100
154184,2528,28.10000000000015,295
154247,2529,5.499999999999995,63
154385,2530,10.599999999999971,138
154448,2531,3.700000000000002,63
154584,2532,10.999999999999972,136
154725,2533,9.099999999999971,141
154795,2534,5.5999999999999925,70
154964,2535,12.499999999999961,169
155033,2536,6.0999999999999925,69
155137,2537,8.099999999999987,104
155276,2538,12.49999999999997,139
155343,2539,4.699999999999994,67
155409,2540,5.199999999999994,66
155547,2541,11.19999999999997,138
155614,2542,5.899999999999993,67
155679,2543,3.899999999999995,65
155746,2544,5.899999999999993,67
155962,2545,18.400000000000013,216
156177,2546,18.300000000000022,215
156395,2547,19.80000000000001,218
156594,2548,13.39999999999998,199
156664,2549,4.399999999999995,70
156846,2550,11.699999999999958,182
156897,2551,2.799999999999999,51
157002,2552,9.99999999999998,105
157219,2553,16.099999999999984,217
157495,2554,19.900000000000084,276
157707,2555,18.6,212
157845,2556,11.19999999999997,138
157985,2557,8.999999999999973,140
158083,2558,8.099999999999984,98
158150,2559,5.899999999999993,67
158214,2560,4.399999999999997,64
158351,2561,7.499999999999973,137
158452,2562,7.799999999999985,101
158593,2563,13.899999999999968,141
158643,2564,-6.299999999999999,50
158710,2565,5.899999999999993,67
159005,2566,20.900000000000063,295
159108,2567,5.599999999999984,103
159158,2568,-3.299999999999998,50
159225,2569,5.299999999999994,67
159364,2570,9.499999999999972,139
159432,2571,5.999999999999993,68
159519,2572,5.499999999999988,87
159736,2573,10.69999999999995,217
159873,2574,11.099999999999973,137
159943,2575,6.199999999999992,70
160045,2576,9.099999999999982,102
160095,2577,-3.899999999999998,50
160237,2578,12.199999999999973,142
160305,2579,2.3999999999999986,68
160524,2580,19.900000000000052,219
160574,2581,-2.699999999999998,50
160644,2582,4.4,70
160826,2583,17.099999999999984,182
160931,2584,8.799999999999981,105
161149,2585,20.400000000000027,218
161251,2586,7.899999999999983,102
161543,2587,25.400000000000148,292
161609,2588,4.599999999999996,66
161670,2589,3.7999999999999954,61
161921,2590,23.400000000000063,251
162027,2591,10.09999999999998,106
162392,2592,26.100000000000186,365
162532,2593,11.39999999999997,140
162602,2594,5.5999999999999925,70
162821,2595,12.099999999999957,219
162871,2596,-6.899999999999999,50
162971,2597,4.699999999999985,100
163075,2598,10.49999999999998,104
163144,2599,6.0999999999999925,69
163363,2600,18.7,219
163824,2601,39.30000000000033,461
163927,2602,8.599999999999982,103
163988,2603,0.7999999999999972,61
164196,2604,20.300000000000047,208
164246,2605,2.6999999999999993,50
164613,2606,32.30000000000019,367
164755,2607,14.599999999999968,142
164822,2608,4.699999999999998,67
165189,2609,31.700000000000202,367
165257,2610,4.1999999999999975,68
165576,2611,17.900000000000013,319
165828,2612,14.500000000000048,252
165933,2613,5.799999999999985,105
166002,2614,4.300000000000001,69
166107,2615,5.799999999999983,105
166289,2616,17.09999999999999,182
166395,2617,7.099999999999982,106
166500,2618,9.99999999999998,105
166603,2619,5.599999999999994,103
166691,2620,4.999999999999988,88
166792,2621,8.999999999999982,101
167043,2622,21.600000000000062,251
167145,2623,7.899999999999984,102
167248,2624,8.599999999999982,103
167503,2625,24.400000000000087,255
167641,2626,11.19999999999997,138
167783,2627,12.199999999999969,142
167920,2628,12.89999999999997,137
167989,2629,6.099999999999994,69
168052,2630,5.499999999999995,63
168266,2631,21.200000000000053,214
168479,2632,17.49999999999999,213
168544,2633,3.3000000000000016,65
168609,2634,5.699999999999994,65
168714,2635,6.999999999999982,105
168888,2636,15.39999999999998,174
169025,2637,8.699999999999973,137
169118,2638,6.099999999999985,93
169783,2639,50.100000000000506,665
169999,2640,18.40000000000006,216
170104,2641,4.599999999999991,105
170323,2642,19.900000000000016,219
170429,2643,10.69999999999998,106
170567,2644,12.39999999999997,138
171008,2645,39.10000000000032,441
171112,2646,4.499999999999985,104
171406,2647,12.399999999999928,294
171469,2648,4.899999999999997,63
171530,2649,3.7999999999999954,61
171580,2650,-4.499999999999998,50
171686,2651,7.099999999999984,106
171865,2652,11.99999999999996,179
172005,2653,8.399999999999972,140
172143,2654,12.39999999999997,138
172246,2655,7.999999999999986,103
172311,2656,2.1000000000000028,65
172718,2657,28.80000000000022,407
172822,2658,9.299999999999983,104
173001,2659,14.399999999999958,179
173141,2660,13.799999999999969,140
173243,2661,4.299999999999985,102
173349,2662,7.099999999999982,106
173453,2663,4.499999999999985,104
173557,2664,8.699999999999985,104
173663,2665,7.699999999999987,106
173715,2666,2.299999999999999,52
173965,2667,20.900000000000038,250
174256,2668,25.900000000000105,291
174357,2669,7.799999999999983,101
174457,2670,7.699999999999983,100
174673,2671,19.00000000000001,216
174769,2672,6.399999999999984,96
175210,2673,41.50000000000032,441
175300,2674,5.199999999999987,90
175629,2675,26.400000000000112,329
175846,2676,20.90000000000002,217
175948,2677,8.499999999999982,102
176201,2678,24.200000000000113,253
176271,2679,4.999999999999993,70
176321,2680,-8.7,50
176609,2681,26.500000000000124,288
176679,2682,4.999999999999995,70
176768,2683,6.899999999999986,89
176818,2684,-5.099999999999998,50
176959,2685,13.89999999999997,141
177366,2686,37.800000000000296,407
177452,2687,2.3999999999999932,86
177593,2688,10.299999999999976,141
177776,2689,17.199999999999974,183
178105,2690,26.400000000000148,329
178436,2691,26.00000000000015,331
178542,2692,7.699999999999985,106
178906,2693,33.20000000000021,364
178971,2694,5.099999999999997,65
179187,2695,19.000000000000014,216
179440,2696,20.600000000000016,253
179582,2697,12.799999999999969,142
179724,2698,13.399999999999968,142
179830,2699,7.6999999999999815,106
180352,2700,48.40000000000045,522
180683,2701,31.400000000000183,331
180751,2702,4.7999999999999945,68
180801,2703,-8.7,50
180977,2704,15.299999999999958,176
181041,2705,3.799999999999998,64
181091,2706,-7.499999999999998,50
181141,2707,-7.499999999999998,50
181191,2708,-8.099999999999998,50
181241,2709,-8.099999999999998,50
181341,2710,6.499999999999984,100
181558,2711,14.90000000000001,217
181619,2712,3.1999999999999957,61
181721,2713,9.099999999999984,102
181807,2714,1.79999999999999,86
181877,2715,4.9999999999999964,70
182018,2716,6.099999999999973,141
182346,2717,27.500000000000192,328
182771,2718,39.60000000000033,425
182876,2719,5.199999999999983,105
183131,2720,19.000000000000032,255
183382,2721,14.400000000000048,251
183449,2722,5.299999999999994,67
183499,2723,-5.099999999999998,50
183681,2724,14.099999999999957,182
183751,2725,4.999999999999993,70
183801,2726,-6.899999999999999,50
183905,2727,4.499999999999992,104
183974,2728,2.4999999999999982,69
184043,2729,4.899999999999997,69
184178,2730,12.69999999999997,135
184318,2731,8.999999999999972,140
184534,2732,19.00000000000001,216
184787,2733,23.000000000000078,253
185135,2734,24.100000000000154,348
185239,2735,6.299999999999983,104
185648,2736,34.40000000000029,409
185717,2737,4.899999999999993,69
185803,2738,2.399999999999995,86
185940,2739,9.899999999999975,137
186044,2740,6.299999999999983,104
186150,2741,7.099999999999982,106
186739,2742,53.90000000000048,589
187407,2743,58.20000000000059,668
187572,2744,10.299999999999972,165
187677,2745,6.399999999999991,105
187744,2746,5.899999999999993,67
187962,2747,19.20000000000001,218
188518,2748,45.50000000000046,556
188622,2749,5.699999999999983,104
188728,2750,9.49999999999998,106
188834,2751,10.09999999999998,106
188936,2752,6.699999999999983,102
189191,2753,23.200000000000067,255
189297,2754,9.49999999999998,106
189460,2755,9.499999999999968,163
189905,2756,41.90000000000033,445
190311,2757,36.50000000000029,406
190453,2758,10.399999999999972,142
190595,2759,13.399999999999968,142
190660,2760,4.499999999999995,65
190798,2761,11.199999999999974,138
190903,2762,6.399999999999989,105
190972,2763,5.499999999999993,69
191188,2764,15.399999999999952,216
191387,2765,14.599999999999998,199
191527,2766,9.599999999999971,140
191630,2767,8.599999999999982,103
191696,2768,4.599999999999996,66
191800,2769,7.499999999999982,104
191869,2770,6.0999999999999925,69
192650,2771,68.00000000000024,781
192716,2772,4.599999999999999,66
192783,2773,5.299999999999995,67
193227,2774,40.60000000000031,444
193446,2775,21.70000000000006,219
193515,2776,6.0999999999999925,69
194411,2777,85.79999999999937,896
194820,2778,37.40000000000028,409
195001,2779,15.799999999999969,181
195103,2780,9.099999999999985,102
195396,2781,26.700000000000156,293
195500,2782,8.699999999999982,104
195605,2783,8.799999999999981,105
195655,2784,-5.699999999999998,50
195760,2785,6.399999999999983,105
195810,2786,-6.899999999999999,50
195896,2787,1.1999999999999966,86
196114,2788,19.80000000000002,218
196183,2789,4.899999999999997,69
196252,2790,4.899999999999994,69
196357,2791,9.39999999999998,105
196425,2792,5.999999999999993,68
196530,2793,6.399999999999983,105
196729,2794,12.79999999999998,199
196799,2795,4.999999999999993,70
196941,2796,10.399999999999977,142
197009,2797,4.799999999999997,68
197059,2798,-6.899999999999999,50
197200,2799,12.09999999999997,141
197303,2800,5.599999999999984,103
197486,2801,11.199999999999958,183
197741,2802,17.20000000000002,255
197810,2803,4.899999999999997,69
197991,2804,8.599999999999973,181
198078,2805,5.499999999999991,87
198442,2806,28.400000000000194,364
198923,2807,42.200000000000394,481
199026,2808,2.5999999999999877,103
199132,2809,6.499999999999982,106
199200,2810,4.7999999999999945,68
199645,2811,37.70000000000034,445
199898,2812,18.80000000000003,253
200402,2813,46.30000000000043,504
201149,2814,64.90000000000043,747
201461,2815,26.800000000000168,312
201566,2816,7.599999999999985,105
201819,2817,18.20000000000003,253
201996,2818,17.200000000000003,177
202214,2819,20.40000000000003,218
203147,2820,79.59999999999968,933
203289,2821,6.799999999999975,142
203394,2822,6.999999999999982,105
203532,2823,11.199999999999974,138
203638,2824,7.6999999999999815,106
203857,2825,15.699999999999957,219
204073,2826,12.999999999999979,216
204176,2827,7.999999999999988,103
204244,2828,4.799999999999997,68
204652,2829,35.50000000000029,408
204720,2830,6.5999999999999925,68
205181,2831,32.700000000000244,461
205271,2832,6.999999999999986,90
205341,2833,6.199999999999992,70
206272,2834,83.59999999999941,931
206358,2835,2.3999999999999897,86
206654,2836,25.800000000000153,296
206950,2837,19.800000000000068,296
207018,2838,3.599999999999995,68
207423,2839,36.40000000000021,405
207966,2840,44.50000000000043,543
208165,2841,11.599999999999962,199
208593,2842,35.10000000000023,428
208696,2843,7.39999999999999,103
209047,2844,26.20000000000011,351
209302,2845,15.999999999999979,255
209444,2846,12.199999999999974,142
210488,2847,87.39999999999911,1044
211498,2848,86.0999999999991,1010
211640,2849,10.399999999999977,142
211779,2850,10.099999999999978,139
211849,2851,4.399999999999995,70
211989,2852,9.599999999999978,140
212075,2853,2.9999999999999893,86
212197,2854,6.299999999999978,122
212790,2855,52.50000000000053,593
212894,2856,7.499999999999989,104
212944,2857,-6.299999999999999,50
213529,2858,53.80000000000047,585
213744,2859,17.699999999999992,215
213794,2860,-6.899999999999999,50
214352,2861,48.70000000000045,558
214570,2862,20.40000000000002,218
214752,2863,14.099999999999957,182
215006,2864,23.1000000000001,254
215223,2865,11.29999999999995,217
215288,2866,3.9000000000000012,65
215338,2867,1.5,50
215727,2868,35.70000000000027,389
216414,2869,60.10000000000063,687
216596,2870,12.899999999999961,182
217189,2871,51.900000000000496,593
217356,2872,15.299999999999983,167
217910,2873,48.30000000000045,554
218239,2874,31.800000000000182,329
218795,2875,48.50000000000043,556
218881,2876,4.199999999999989,86
219019,2877,4.000000000000004,138
219427,2878,36.70000000000031,408
219496,2879,6.0999999999999925,69
219939,2880,39.900000000000325,443
220305,2881,32.200000000000216,366
220895,2882,51.60000000000049,590
220999,2883,6.899999999999983,104
221181,2884,13.499999999999957,182
221320,2885,11.899999999999974,139
221538,2886,18.600000000000016,218
221639,2887,7.799999999999983,101
221893,2888,12.89999999999994,254
222112,2889,19.900000000000034,219
222669,2890,51.60000000000047,557
223320,2891,54.40000000000057,651
223501,2892,11.599999999999959,181
223607,2893,5.299999999999984,106
223749,2894,10.399999999999974,142
224531,2895,71.69999999999996,782
225089,2896,43.300000000000445,558
225344,2897,16.599999999999962,255
225409,2898,3.3000000000000016,65
225462,2899,2.9999999999999982,53
226538,2900,97.19999999999875,1076
226720,2901,13.499999999999966,182
227162,2902,35.00000000000024,442
227268,2903,4.699999999999985,106
228007,2904,60.80000000000064,739
228518,2905,43.40000000000039,511
228584,2906,1.6000000000000019,66
228646,2907,5.399999999999995,62
228716,2908,3.200000000000002,70
228839,2909,5.19999999999999,123
229171,2910,26.700000000000152,332
230022,2911,72.90000000000012,851
230616,2912,50.20000000000048,594
231092,2913,41.10000000000033,476
231612,2914,43.40000000000038,520
231795,2915,14.199999999999958,183
231936,2916,10.29999999999997,141
232042,2917,7.099999999999982,106
232145,2918,4.9999999999999964,103
232213,2919,2.399999999999998,68
232977,2920,66.00000000000027,764
233609,2921,57.90000000000058,632
234277,2922,55.80000000000061,668
234378,2923,8.999999999999982,101
234690,2924,25.00000000000013,312
235207,2925,43.700000000000365,517
235687,2926,37.30000000000028,480
235773,2927,2.3999999999999924,86
235992,2928,22.900000000000055,219
236095,2929,4.399999999999991,103
236200,2930,9.39999999999998,105
236269,2931,3.6999999999999966,69
236411,2932,8.599999999999973,142
237004,2933,51.9000000000005,593
237146,2934,10.999999999999973,142
237478,2935,29.100000000000115,332
237548,2936,4.3999999999999995,70
238235,2937,57.700000000000614,687
238290,2938,3.1999999999999975,55
238378,2939,4.999999999999988,88
238657,2940,22.60000000000009,279
239387,2941,54.500000000000654,730
239586,2942,13.999999999999996,199
239934,2943,25.300000000000185,348
241115,2944,91.19999999999858,1181
241165,2945,-5.099999999999998,50
242060,2946,71.30000000000013,895
242505,2947,38.30000000000031,445
243346,2948,73.69999999999997,841
243825,2949,42.00000000000034,479
244608,2950,71.80000000000001,783
245052,2951,44.20000000000036,444
245418,2952,32.80000000000021,366
245558,2953,8.399999999999984,140
245889,2954,27.80000000000016,331
246446,2955,47.40000000000045,557
246514,2956,1.799999999999998,68
246749,2957,14.3,235
247106,2958,28.60000000000018,357
247741,2959,48.60000000000053,635
248409,2960,46.80000000000051,668
248498,2961,5.099999999999987,89
248752,2962,26.70000000000009,254
248802,2963,-3.899999999999998,50
248984,2964,12.899999999999958,182
249315,2965,21.200000000000088,331
250248,2966,73.59999999999977,933
250318,2967,4.399999999999993,70
250460,2968,9.19999999999997,142
251242,2969,59.10000000000073,782
251307,2970,3.3000000000000016,65
251522,2971,18.300000000000004,215
251628,2972,8.299999999999983,106
252222,2973,56.80000000000052,594
252344,2974,6.299999999999981,122
253012,2975,55.20000000000056,668
253290,2976,21.900000000000095,278
253621,2977,27.80000000000017,331
254308,2978,52.300000000000516,687
254358,2979,-6.899999999999999,50
255063,2980,56.20000000000063,705
255113,2981,-8.099999999999998,50
255368,2982,25.60000000000009,255
256150,2983,74.69999999999987,782
256218,2984,4.799999999999997,68
256583,2985,31.500000000000156,365
256951,2986,36.000000000000234,368
257508,2987,41.4000000000004,557
258142,2988,52.70000000000052,634
258212,2989,5.599999999999996,70
258769,2990,41.40000000000044,557
259117,2991,27.700000000000173,348
259280,2992,7.099999999999968,163
259369,2993,5.099999999999987,89
259848,2994,39.000000000000334,479
261117,2995,108.09999999999783,1269
261187,2996,6.199999999999992,70
261894,2997,57.6000000000006,707
262737,2998,67.30000000000035,843
262787,2999,-6.299999999999999,50
263268,3000,44.00000000000039,481
263710,3001,34.400000000000276,442
263760,3002,-7.499999999999998,50
263810,3003,-8.099999999999998,50
263932,3004,3.899999999999986,122
264263,3005,27.80000000000016,331
264313,3006,-8.099999999999998,50
264567,3007,14.09999999999995,254
264637,3008,6.199999999999992,70
264687,3009,-8.099999999999998,50
264789,3010,6.09999999999999,102
264839,3011,-4.499999999999998,50
264944,3012,5.199999999999983,105
265424,3013,39.700000000000315,480
265474,3014,-8.7,50
266048,3015,43.100000000000406,574
266098,3016,-8.099999999999998,50
266731,3017,58.00000000000056,633
266781,3018,-1.4999999999999982,50
266831,3019,-9.299999999999999,50
266881,3020,-8.099999999999998,50
267212,3021,29.000000000000153,331
268335,3022,97.69999999999855,1123
268385,3023,-5.699999999999998,50
268435,3024,-4.499999999999998,50
268538,3025,8.599999999999982,103
269379,3026,73.09999999999975,841
269429,3027,-8.7,50
269479,3028,-8.7,50
269584,3029,8.799999999999988,105
269634,3030,-5.699999999999998,50
269684,3031,-8.099999999999998,50
269734,3032,-6.899999999999999,50
269784,3033,-2.699999999999998,50
269966,3034,12.899999999999958,182
270016,3035,-3.299999999999998,50
270384,3036,28.20000000000013,368
270489,3037,4.599999999999991,105
270539,3038,-8.7,50
270589,3039,-5.699999999999998,50
270639,3040,-6.299999999999999,50
270708,3041,4.8999999999999995,69
270810,3042,5.499999999999984,102
270914,3043,9.89999999999998,104
270964,3044,-0.8999999999999986,50
271014,3045,-5.699999999999998,50
271213,3046,10.399999999999965,199
271581,3047,28.200000000000195,368
271631,3048,-3.899999999999998,50
272903,3049,99.3999999999983,1272
273755,3050,61.60000000000077,852
274010,3051,17.800000000000036,255
274060,3052,-6.899999999999999,50
275696,3053,155.89999999999569,1636
276367,3054,66.30000000000044,671
276508,3055,13.299999999999969,141
276612,3056,8.699999999999985,104
276662,3057,-8.7,50
276917,3058,20.80000000000007,255
277193,3059,20.500000000000103,276
277243,3060,-8.7,50
277311,3061,4.200000000000001,68
277361,3062,-8.7,50
277411,3063,-8.7,50
277461,3064,-8.7,50
278168,3065,67.80000000000034,707
278218,3066,-8.099999999999998,50
278324,3067,9.49999999999998,106
278979,3068,59.600000000000605,655
279162,3069,11.799999999999958,183
279868,3070,63.50000000000061,706
279918,3071,-8.7,50
280101,3072,14.799999999999967,183
280467,3073,26.80000000000016,366
281154,3074,51.10000000000055,687
281823,3075,60.10000000000062,669
282529,3076,66.50000000000037,706
282670,3077,3.6999999999999797,141
283149,3078,45.00000000000039,479
283479,3079,26.500000000000103,330
283544,3080,2.1000000000000023,65
283614,3081,4.9999999999999964,70
284735,3082,96.89999999999831,1121
285516,3083,57.80000000000062,781
285586,3084,6.199999999999992,70
285728,3085,7.999999999999972,142
285867,3086,9.499999999999975,139
286762,3087,77.29999999999986,895
287998,3088,108.69999999999791,1236
288500,3089,40.700000000000365,502
289793,3090,99.69999999999814,1293
289898,3091,6.399999999999985,105
290682,3092,60.50000000000074,784
290822,3093,12.59999999999997,140
291229,3094,24.000000000000057,407
291447,3095,20.400000000000023,218
291701,3096,18.90000000000005,254
292219,3097,45.000000000000405,518
292434,3098,12.899999999999956,215
293104,3099,49.40000000000059,670
293172,3100,5.999999999999993,68
294202,3101,90.49999999999855,1030
294457,3102,15.399999999999995,255
294640,3103,19.000000000000007,183
294742,3104,6.09999999999999,102
295027,3105,24.4000000000001,285
295809,3106,71.10000000000002,782
295989,3107,11.499999999999966,180
296547,3108,54.100000000000456,558
298348,3109,155.29999999999544,1801
298452,3110,4.499999999999991,104
298590,3111,12.99999999999997,138
299390,3112,62.10000000000055,800
299609,3113,14.499999999999954,219
299678,3114,6.0999999999999925,69
300478,3115,70.49999999999977,800
300887,3116,33.80000000000025,409
301818,3117,81.79999999999924,931
302099,3118,24.000000000000092,281
302467,3119,27.60000000000021,368
303363,3120,66.00000000000063,896
303466,3121,6.1999999999999895,103
304024,3122,46.30000000000043,558
304771,3123,66.10000000000052,747
305179,3124,36.70000000000021,408
305396,3125,20.90000000000002,217
305464,3126,4.199999999999998,68
305759,3127,29.90000000000015,295
305899,3128,13.799999999999969,140
306533,3129,56.30000000000056,634
306714,3130,13.399999999999986,181
306784,3131,6.199999999999992,70
306853,3132,6.0999999999999925,69
308502,3133,149.699999999996,1649
309434,3134,77.09999999999951,932
309688,3135,21.300000000000097,254
309757,3136,4.899999999999997,69
309956,3137,14.000000000000004,199
310097,3138,11.49999999999997,141
310617,3139,43.40000000000043,520
311355,3140,57.70000000000069,738
311835,3141,39.10000000000029,480
312166,3142,26.600000000000158,331
312420,3143,23.10000000000009,254
312562,3144,9.19999999999997,142
313647,3145,98.99999999999848,1085
313752,3146,8.799999999999981,105
314274,3147,49.60000000000045,522
314867,3148,50.70000000000045,593
315573,3149,64.70000000000034,706
315868,3150,24.500000000000075,295
316349,3151,38.60000000000035,481
316564,3152,18.300000000000004,215
317344,3153,73.90000000000003,780
317866,3154,46.000000000000426,522
318008,3155,10.999999999999972,142
318112,3156,10.49999999999998,104
318331,3157,19.300000000000036,219
319339,3158,85.29999999999926,1008
319783,3159,43.00000000000031,444
319923,3160,11.999999999999972,140
320029,3161,8.299999999999981,106
320699,3162,55.400000000000595,670
321483,3163,76.09999999999981,784
321701,3164,20.40000000000003,218
321770,3165,5.499999999999995,69
322553,3166,68.20000000000034,783
322771,3167,19.200000000000017,218
322954,3168,15.399999999999963,183
323322,3169,33.00000000000022,368
323896,3170,41.30000000000048,574
324115,3171,17.50000000000003,219
324201,3172,2.9999999999999893,86
324418,3173,17.90000000000004,217
324600,3174,13.499999999999957,182
325607,3175,89.99999999999923,1007
326426,3176,69.10000000000038,819
326528,3177,7.29999999999999,102
327268,3178,56.10000000000065,740
328241,3179,86.89999999999941,973
328648,3180,32.40000000000023,407
329012,3181,33.200000000000216,364
329114,3182,8.499999999999984,102
329392,3183,20.100000000000104,278
329837,3184,41.30000000000032,445
330359,3185,46.60000000000045,522
330464,3186,5.199999999999983,105
330567,3187,7.999999999999984,103
330673,3188,9.49999999999998,106
330743,3189,4.399999999999993,70
331265,3190,46.00000000000039,522
331632,3191,23.900000000000148,367
332226,3192,52.60000000000051,594
332594,3193,36.000000000000234,368
332680,3194,1.1999999999999966,86
333541,3195,78.39999999999982,861
333663,3196,6.899999999999977,122
333918,3197,19.60000000000005,255
334135,3198,19.100000000000037,217
334954,3199,75.09999999999998,819
336867,3200,169.1999999999943,1913
337990,3201,106.0999999999981,1123
338132,3202,11.599999999999977,142
338264,3203,8.499999999999973,132
338437,3204,15.899999999999991,173
338975,3205,46.400000000000446,538
339793,3206,66.60000000000048,818
342385,3207,228.09999999999056,2592
342941,3208,53.90000000000046,556
343236,3209,23.900000000000087,295
344019,3210,64.00000000000051,783
344238,3211,16.30000000000002,219
344719,3212,38.00000000000037,481
345015,3213,24.600000000000108,296
345156,3214,12.09999999999997,141
346086,3215,79.29999999999967,930
347208,3216,100.59999999999845,1122
347539,3217,23.000000000000142,331
347870,3218,27.20000000000016,331
348278,3219,36.10000000000024,408
348513,3220,19.700000000000074,235
348635,3221,9.299999999999976,122
348931,3222,25.200000000000117,296
350429,3223,143.599999999996,1498
350645,3224,19.000000000000014,216
350731,3225,4.799999999999992,86
350833,3226,9.099999999999982,102
351181,3227,27.70000000000021,348
352113,3228,92.69999999999894,932
353046,3229,74.80000000000004,933
353188,3230,4.999999999999975,142
353920,3231,67.9000000000003,732
354251,3232,21.800000000000043,331
354696,3233,41.30000000000031,445
354835,3234,10.699999999999973,139
354939,3235,6.29999999999999,104
355305,3236,27.400000000000194,366
356295,3237,90.39999999999893,990
356399,3238,8.699999999999983,104
356503,3239,8.699999999999982,104
357061,3240,54.7000000000005,558
357503,3241,35.00000000000025,442
357641,3242,12.999999999999973,138
357972,3243,22.400000000000112,331
358114,3244,12.199999999999969,142
358426,3245,25.000000000000135,312
358530,3246,5.099999999999997,104
358784,3247,17.70000000000001,254
359871,3248,90.19999999999888,1087
360165,3249,26.200000000000127,294
360382,3250,16.09999999999996,217
360488,3251,8.299999999999983,106
360707,3252,12.699999999999953,219
360924,3253,17.900000000000006,217
362479,3254,139.99999999999605,1555
363826,3255,115.29999999999751,1347
363896,3256,4.999999999999993,70
364254,3257,25.100000000000147,358
364324,3258,6.199999999999992,70
364410,3259,1.1999999999999966,86
364819,3260,31.400000000000205,409
365037,3261,16.800000000000022,218
366124,3262,105.7999999999981,1087
366265,3263,5.499999999999977,141
368404,3264,186.3999999999932,2139
368471,3265,4.699999999999998,67
368802,3266,23.600000000000147,331
369246,3267,29.80000000000026,444
371159,3268,175.1999999999945,1913
371264,3269,8.199999999999987,105
371518,3270,20.700000000000053,254
372187,3271,56.500000000000625,669
372290,3272,4.399999999999984,103
372472,3273,9.899999999999963,182
373106,3274,59.900000000000595,634
373228,3275,8.099999999999977,122
373617,3276,32.700000000000216,389
374053,3277,31.700000000000237,436
374257,3278,16.899999999999995,204
374831,3279,46.100000000000485,574
374972,3280,10.29999999999997,141
375040,3281,5.999999999999993,68
375275,3282,18.500000000000053,235
375946,3283,63.900000000000574,671
376050,3284,6.299999999999985,104
376231,3285,13.999999999999966,181
376336,3286,5.199999999999992,105
377421,3287,93.59999999999867,1085
377525,3288,8.699999999999982,104
377873,3289,28.300000000000182,348
378011,3290,12.99999999999997,138
379018,3291,85.7999999999993,1007
379460,3292,41.600000000000314,442
379528,3293,5.399999999999993,68
380197,3294,61.90000000000059,669
380416,3295,22.30000000000007,219
380938,3296,41.20000000000031,522
381871,3297,80.79999999999957,933
382463,3298,53.00000000000053,592
383021,3299,54.100000000000506,558
383091,3300,6.199999999999992,70
383213,3301,5.699999999999978,122
383430,3302,16.099999999999987,217
383535,3303,6.399999999999983,105
383605,3304,6.799999999999992,70
384690,3305,84.59999999999945,1085
384944,3306,18.300000000000033,254
386103,3307,99.79999999999839,1159
386209,3308,6.499999999999984,106
386843,3309,59.900000000000574,634
387155,3310,23.80000000000013,312
387296,3311,11.499999999999973,141
387438,3312,14.599999999999968,142
387805,3313,35.90000000000025,367
388266,3314,40.500000000000334,461
389086,3315,70.40000000000022,820
389155,3316,3.699999999999995,69
389371,3317,20.80000000000003,216
389441,3318,4.9999999999999964,70
389510,3319,4.899999999999997,69
389878,3320,32.400000000000226,368
390000,3321,8.099999999999977,122
390445,3322,36.500000000000355,445
390738,3323,19.5,293
390918,3324,12.699999999999962,180
391891,3325,88.69999999999925,973
392483,3326,53.00000000000047,592
393153,3327,54.80000000000062,670
393485,3328,27.300000000000164,332
393666,3329,17.600000000000005,181
393847,3330,10.99999999999996,181
393953,3331,2.299999999999994,106
394135,3332,15.899999999999974,182
394318,3333,12.99999999999996,183
394986,3334,57.00000000000061,668
395089,3335,7.399999999999988,103
395496,3336,25.20000000000012,407
395941,3337,41.90000000000032,445
396576,3338,55.20000000000049,635
396682,3339,7.6999999999999815,106
397127,3340,37.100000000000264,445
397230,3341,6.79999999999999,103
397675,3342,33.500000000000206,445
397743,3343,5.399999999999995,68
398640,3344,80.49999999999962,897
399159,3345,45.70000000000038,519
400205,3346,82.79999999999929,1046
400987,3347,48.300000000000686,782
401468,3348,45.200000000000394,481
402172,3349,69.90000000000022,704
403369,3350,96.69999999999872,1197
403812,3351,23.700000000000035,443
404067,3352,22.60000000000006,255
404587,3353,42.80000000000038,520
404693,3354,7.6999999999999815,106
405892,3355,100.49999999999814,1199
406675,3356,66.40000000000029,783
407119,3357,38.20000000000032,444
407780,3358,52.40000000000053,661
411821,3359,350.2000000000118,4041
412831,3360,90.89999999999903,1010
413522,3361,55.700000000000614,691
414191,3362,57.70000000000056,669
414295,3363,6.299999999999983,104
414643,3364,26.500000000000174,348
414878,3365,16.700000000000035,235
416149,3366,105.89999999999812,1271
417043,3367,79.59999999999985,894
417714,3368,57.30000000000063,671
419662,3369,180.7999999999939,1948
420253,3370,54.1000000000005,591
420356,3371,7.39999999999999,103
420687,3372,22.400000000000095,331
421656,3373,89.49999999999922,969
422778,3374,95.19999999999855,1122
424090,3375,120.49999999999707,1312
424160,3376,6.199999999999992,70
424980,3377,69.20000000000039,820
425309,3378,25.200000000000095,329
426767,3379,125.49999999999677,1458
426833,3380,2.800000000000003,66
428710,3381,150.8999999999955,1877
429041,3382,28.400000000000162,331
429373,3383,25.500000000000128,332
429515,3384,13.999999999999968,142
430331,3385,69.40000000000023,816
430625,3386,23.200000000000088,294
430880,3387,14.799999999999944,255
431002,3388,3.8999999999999897,122
431331,3389,31.200000000000173,329
431696,3390,27.300000000000104,365
431802,3391,7.699999999999989,106
432661,3392,75.19999999999962,859
434461,3393,147.3999999999955,1800
436111,3394,141.3999999999961,1650
436181,3395,6.199999999999992,70
436303,3396,7.499999999999977,122
436666,3397,30.100000000000193,363
436978,3398,25.600000000000183,312
437613,3399,54.600000000000584,635
438583,3400,82.99999999999967,970
439140,3401,52.80000000000047,557
439208,3402,5.999999999999993,68
439956,3403,69.80000000000037,748
441002,3404,70.20000000000012,1046
441066,3405,1.4000000000000021,64
441660,3406,53.80000000000045,594
442027,3407,31.100000000000207,367
442395,3408,31.20000000000021,368
444158,3409,160.19999999999467,1763
444300,3410,13.999999999999968,142
446064,3411,150.0999999999955,1764
446114,3412,-1.4999999999999982,50
446256,3413,7.3999999999999915,142
446361,3414,3.3999999999999924,105
446467,3415,9.499999999999984,106
447701,3416,109.69999999999786,1234
448711,3417,87.29999999999889,1010
450060,3418,107.09999999999815,1349
451520,3419,129.89999999999642,1460
451773,3420,23.600000000000076,253
452329,3421,50.90000000000044,556
452774,3422,37.1000000000003,445
453594,3423,72.80000000000008,820
454151,3424,42.600000000000364,557
454446,3425,19.70000000000008,295
454496,3426,-0.8999999999999986,50
454679,3427,11.199999999999966,183
456176,3428,123.69999999999652,1497
457073,3429,88.29999999999916,897
457693,3430,61.20000000000059,620
458024,3431,23.000000000000167,331
458279,3432,25.00000000000009,255
458514,3433,18.500000000000053,235
458768,3434,21.900000000000045,254
458890,3435,6.899999999999977,122
459371,3436,41.000000000000384,481
459849,3437,41.900000000000304,478
459899,3438,-2.699999999999998,50
460021,3439,6.299999999999981,122
460690,3440,60.1000000000006,669
461355,3441,61.500000000000625,665
461948,3442,51.300000000000495,593
464088,3443,201.499999999993,2140
464906,3444,72.6,818
465914,3445,94.89999999999883,1008
467751,3446,168.1999999999947,1837
468264,3447,37.00000000000034,513
469160,3448,81.59999999999962,896
469867,3449,51.00000000000054,707
470912,3450,101.89999999999849,1045
471957,3451,91.69999999999894,1045
472176,3452,11.499999999999956,219
473559,3453,111.39999999999795,1383
477651,3454,367.3000000000176,4092
478059,3455,27.1000000000002,408
478165,3456,10.09999999999998,106
478228,3457,2.5000000000000027,63
478653,3458,31.80000000000024,425
478871,3459,16.20000000000001,218
479316,3460,46.70000000000036,445
479684,3461,28.200000000000156,368
480222,3462,39.2000000000004,538
480289,3463,2.3000000000000025,67
480731,3464,43.40000000000032,442
480781,3465,-3.299999999999998,50
481414,3466,49.600000000000485,633
483892,3467,208.5999999999916,2478
484111,3468,15.099999999999998,219
484181,3469,3.7999999999999945,70
484287,3470,9.499999999999984,106
484748,3471,38.70000000000032,461
485145,3472,27.500000000000153,397
485328,3473,17.799999999999986,183
485962,3474,58.7000000000006,634
487612,3475,143.79999999999598,1650
488092,3476,44.50000000000038,480
488294,3477,16.699999999999996,202
488434,3478,9.599999999999971,140
488571,3479,8.699999999999973,137
488902,3480,26.600000000000165,331
489721,3481,75.09999999999987,819
490166,3482,37.70000000000034,445
490272,3483,6.49999999999999,106
491621,3484,115.49999999999756,1349
492215,3485,59.800000000000516,594
493110,3486,83.89999999999937,895
493248,3487,11.19999999999997,138
494519,3488,113.69999999999784,1271
494606,3489,4.899999999999988,87
496371,3490,160.99999999999517,1765
497267,3491,79.79999999999963,896
497521,3492,9.899999999999954,254
497626,3493,9.39999999999998,105
498184,3494,50.50000000000048,558
499872,3495,155.0999999999955,1688
500992,3496,93.1999999999989,1120
501853,3497,77.79999999999997,861
502601,3498,71.60000000000014,748
503721,3499,102.19999999999818,1120
504201,3500,39.70000000000032,480
504836,3501,52.8000000000005,635
506861,3502,188.49999999999338,2025
507677,3503,78.39999999999982,816
508800,3504,89.2999999999982,1123
510111,3505,98.79999999999848,1311
511607,3506,134.39999999999645,1496
512088,3507,47.0000000000004,481
513435,3508,113.49999999999737,1347
514913,3509,132.8999999999965,1478
515584,3510,58.5000000000006,671
516140,3511,43.10000000000042,556
516395,3512,17.200000000000063,255
516650,3513,22.000000000000057,255
517510,3514,66.90000000000038,860
518068,3515,50.50000000000045,558
518137,3516,2.499999999999998,69
518728,3517,50.50000000000045,591
519589,3518,70.60000000000016,861
519937,3519,27.700000000000195,348
520301,3520,33.80000000000023,364
520500,3521,13.999999999999986,199
524577,3522,361.90000000001646,4077
524647,3523,3.7999999999999936,70
525917,3524,116.59999999999773,1270
526665,3525,69.80000000000021,748
527110,3526,39.5000000000003,445
527198,3527,5.599999999999987,88
528208,3528,80.09999999999914,1010
528765,3529,52.800000000000495,557
529097,3530,28.500000000000174,332
529655,3531,50.500000000000455,558
531379,3532,142.19999999999564,1724
534911,3533,308.0000000000043,3532
535581,3534,57.8000000000006,670
536739,3535,104.4999999999982,1158
538313,3536,148.19999999999584,1574
538834,3537,42.900000000000404,521
538884,3538,-7.499999999999998,50
540875,3539,181.19999999999393,1991
540925,3540,-8.7,50
540975,3541,-9.299999999999999,50
541025,3542,-9.299999999999999,50
541075,3543,-8.7,50
541352,3544,18.800000000000043,277
541402,3545,-8.7,50
541452,3546,-9.299999999999999,50
542236,3547,68.30000000000021,784
542322,3548,2.9999999999999893,86
543779,3549,134.39999999999648,1457
545204,3550,117.09999999999766,1425
545422,3551,14.999999999999948,218
546544,3552,87.99999999999916,1122
546838,3553,25.00000000000011,294
546888,3554,-9.299999999999999,50
549479,3555,227.39999999999068,2591
549529,3556,-8.099999999999998,50
550235,3557,58.700000000000564,706
551530,3558,107.69999999999796,1295
554651,3559,287.59999999999707,3121
557243,3560,244.89999999999037,2592
557293,3561,-4.499999999999998,50
557980,3562,56.50000000000061,687
559216,3563,105.69999999999777,1236
564556,3564,493.0000000000449,5340
565980,3565,124.79999999999703,1424
566502,3566,45.40000000000045,522
567076,3567,52.1000000000005,574
567180,3568,6.299999999999989,104
569581,3569,216.4999999999916,2401
570102,3570,46.500000000000405,521
572319,3571,198.9999999999927,2217
572876,3572,39.000000000000355,557
574597,3573,156.29999999999532,1721
574702,3574,5.199999999999996,105
574752,3575,-6.299999999999999,50
575403,3576,57.40000000000055,651
579141,3577,324.7000000000054,3738
579889,3578,63.800000000000566,748
580750,3579,77.19999999999979,861
581230,3580,43.900000000000375,480
582429,3581,110.69999999999784,1199
583021,3582,54.800000000000516,592
583821,3583,69.30000000000001,800
585473,3584,154.79999999999558,1652
586560,3585,96.79999999999863,1087
587493,3586,86.799999999999,933
590311,3587,269.29999999999245,2818
590885,3588,53.90000000000048,574
591592,3589,54.000000000000625,707
591694,3590,6.699999999999987,102
591913,3591,21.700000000000035,219
592281,3592,33.6000000000002,368
592500,3593,22.300000000000054,219
595431,3594,258.69999999998976,2931
595952,3595,50.700000000000436,521
596829,3596,81.19999999999932,877
599611,3597,238.99999999999028,2782
601582,3598,190.8999999999936,1971
601914,3599,31.500000000000163,332
603679,3600,159.79999999999495,1765
605105,3601,126.7999999999972,1426
608976,3602,365.00000000001535,3871
610135,3603,93.79999999999887,1159
610935,3604,66.90000000000042,800
611098,3605,12.499999999999964,163
611185,3606,4.899999999999995,87
611856,3607,59.100000000000605,671
612525,3608,61.30000000000061,669
613612,3609,93.19999999999861,1087
613979,3610,29.90000000000018,367
615440,3611,134.79999999999632,1461
619835,3612,398.8000000000243,4395
621261,3613,137.59999999999638,1426
622158,3614,75.69999999999973,897
625315,3615,285.49999999999625,3157
626097,3616,65.7000000000003,782
627143,3617,80.39999999999975,1046
628266,3618,96.49999999999862,1123
631273,3619,274.0999999999945,3007
635899,3620,431.50000000002996,4626
636195,3621,17.999999999999986,296
637919,3622,152.39999999999543,1724
638606,3623,58.30000000000062,687
638938,3624,24.300000000000075,332
639008,3625,4.9999999999999964,70
642540,3626,332.6000000000078,3532
643020,3627,39.700000000000315,480
643126,3628,10.09999999999998,106
643570,3629,36.40000000000029,444
645258,3630,165.299999999995,1688
646155,3631,85.89999999999921,897
646407,3632,22.900000000000055,252
647448,3633,95.49999999999866,1041
647888,3634,40.80000000000028,440
648897,3635,90.79999999999882,1009
650056,3636,110.59999999999805,1159
650498,3637,40.400000000000304,442
654784,3638,394.2000000000221,4286
657185,3639,227.29999999999185,2401
658193,3640,94.89999999999874,1008
659202,3641,97.39999999999878,1009
659646,3642,39.400000000000304,444
664272,3643,420.1000000000278,4626
665429,3644,101.3999999999982,1157
668586,3645,295.69999999999993,3157
669596,3646,85.49999999999909,1010
673149,3647,319.7000000000047,3553
673630,3648,37.400000000000354,481
674038,3649,34.900000000000254,408
674631,3650,48.90000000000046,593
674999,3651,31.20000000000025,368
675141,3652,8.599999999999977,142
676598,3653,128.39999999999694,1457
677191,3654,55.50000000000054,593
678071,3655,82.09999999999953,880
678890,3656,76.89999999999998,819
679464,3657,49.70000000000048,574
680212,3658,65.00000000000043,748
680430,3659,18.600000000000016,218
680552,3660,5.699999999999978,122
680694,3661,13.999999999999968,142
681966,3662,109.59999999999786,1272
683182,3663,105.79999999999771,1216
684079,3664,87.09999999999937,897
685012,3665,77.79999999999984,933
686099,3666,94.99999999999865,1087
686169,3667,3.1999999999999966,70
689362,3668,298.99999999999955,3193
690370,3669,91.89999999999893,1008
692171,3670,165.49999999999508,1801
693857,3671,161.4999999999949,1686
693962,3672,8.799999999999983,105
694197,3673,18.500000000000046,235
696111,3674,150.6999999999957,1914
698041,3675,161.2999999999945,1930
699762,3676,157.4999999999955,1721
700170,3677,34.30000000000027,408
700764,3678,59.20000000000055,594
701130,3679,33.400000000000226,366
701346,3680,19.000000000000007,216
705181,3681,365.300000000015,3835
706266,3682,101.3999999999985,1085
707199,3683,89.19999999999919,933
707268,3684,5.499999999999995,69
708165,3685,73.8999999999998,897
708287,3686,6.899999999999977,122
709446,3687,105.19999999999824,1159
709968,3688,50.200000000000465,522
711090,3689,101.79999999999849,1122
711160,3690,5.599999999999994,70
711266,3691,5.299999999999983,106
711709,3692,38.10000000000028,443
712604,3693,82.09999999999954,895
714779,3694,198.6999999999926,2175
715260,3695,41.60000000000039,481
718112,3696,257.3999999999899,2852
719703,3697,140.899999999996,1591
720338,3698,60.000000000000604,635
723380,3699,269.499999999994,3042
723484,3700,6.299999999999986,104
724232,3701,69.8000000000002,748
725884,3702,155.9999999999956,1652
726215,3703,32.60000000000018,331
726470,3704,20.80000000000008,255
729756,3705,294.5000000000008,3286
729974,3706,18.000000000000025,218
730193,3707,19.900000000000055,219
730863,3708,48.20000000000057,670
731795,3709,83.09999999999953,932
733108,3710,127.79999999999703,1313
733359,3711,19.800000000000054,251
733409,3712,-5.099999999999998,50
733459,3713,-7.499999999999998,50
734187,3714,71.69999999999993,728
734969,3715,74.69999999999985,782
735640,3716,60.90000000000061,671
736198,3717,42.100000000000456,558
736248,3718,-8.099999999999998,50
737222,3719,91.79999999999879,974
738474,3720,109.69999999999784,1252
738938,3721,43.80000000000038,464
740303,3722,111.0999999999979,1365
741163,3723,68.70000000000033,860
741754,3724,46.30000000000044,591
745194,3725,301.5000000000033,3440
745865,3726,60.300000000000566,671
747247,3727,129.29999999999703,1382
750404,3728,298.6999999999996,3157
751152,3729,67.40000000000028,748
751631,3730,39.60000000000035,479
752831,3731,113.19999999999767,1200
753276,3732,44.90000000000036,445
754624,3733,118.9999999999975,1348
756048,3734,119.99999999999676,1424
756622,3735,39.500000000000455,574
757401,3736,64.80000000000064,779
759783,3737,202.299999999992,2382
762165,3738,202.89999999999208,2382
762215,3739,2.0999999999999996,50
774784,3740,1144.5000000000487,12569
777185,3741,218.89999999999196,2401
778983,3742,165.79999999999458,1798
779125,3743,6.199999999999986,142
779683,3744,46.30000000000045,558
780466,3745,75.99999999999974,783
781363,3746,69.69999999999996,897
781918,3747,43.600000000000385,555
782137,3748,21.700000000000053,219
782659,3749,33.40000000000033,522
783024,3750,32.10000000000025,365
783921,3751,81.6999999999996,897
784401,3752,39.10000000000039,480
785221,3753,59.600000000000726,820
785322,3754,6.59999999999999,101
785915,3755,51.30000000000042,593
786582,3756,56.900000000000595,667
786634,3757,2.8999999999999986,52
788694,3758,194.09999999999349,2060
790285,3759,143.89999999999606,1591
793889,3760,322.40000000000435,3604
793959,3761,4.9999999999999964,70
795384,3762,117.69999999999737,1425
796050,3763,60.40000000000062,666
799206,3764,264.99999999999153,3156
799256,3765,-5.699999999999998,50
801001,3766,144.89999999999537,1745
801749,3767,68.00000000000021,748
802307,3768,45.10000000000048,558
802788,3769,38.60000000000035,481
803536,3770,73.39999999999989,748
805599,3771,197.39999999999307,2063
808772,3772,283.4999999999972,3173
809325,3773,44.00000000000043,553
811124,3774,166.49999999999488,1799
814245,3775,291.19999999999754,3121
814426,3776,13.999999999999986,181
816940,3777,227.49999999999085,2514
817308,3778,35.400000000000226,368
818169,3779,70.00000000000021,861
821814,3780,327.4000000000044,3645
823874,3781,190.49999999999326,2060
826994,3782,275.499999999994,3120
827854,3783,79.49999999999963,860
827976,3784,6.899999999999977,122
830563,3785,243.79999999999058,2587
832588,3786,194.4999999999933,2025
835515,3787,260.6999999999906,2927
835882,3788,26.3000000000002,367
836892,3789,96.29999999999895,1010
839630,3790,266.09999999999246,2738
841203,3791,150.49999999999608,1573
841309,3792,8.899999999999983,106
842129,3793,76.3999999999998,820
842267,3794,4.600000000000003,138
842615,3795,30.700000000000188,348
842721,3796,8.89999999999998,106
842771,3797,-5.099999999999998,50
843293,3798,49.000000000000426,522
843343,3799,-7.499999999999998,50
845334,3800,181.79999999999396,1991
849395,3801,367.50000000001654,4061
850030,3802,56.40000000000052,635
856159,3803,548.2000000000569,6129
856753,3804,49.60000000000049,594
860023,3805,279.6999999999957,3270
861258,3806,106.79999999999794,1235
862042,3807,62.300000000000715,784
862975,3808,90.9999999999992,933
863532,3809,54.60000000000046,557
867819,3810,415.90000000002317,4287
868412,3811,50.700000000000465,593
870003,3812,137.8999999999959,1591
870297,3813,23.20000000000012,294
870347,3814,-8.099999999999998,50
870756,3815,36.200000000000266,409
870806,3816,-3.899999999999998,50
871513,3817,61.20000000000066,707
872600,3818,106.99999999999835,1087
873400,3819,73.49999999999972,800
873542,3820,12.199999999999976,142
874100,3821,56.50000000000048,558
874622,3822,45.400000000000425,522
876346,3823,161.99999999999505,1724
877279,3824,81.39999999999931,933
877914,3825,61.80000000000057,635
880619,3826,234.89999999999094,2705
885112,3827,418.8000000000267,4493
889736,3828,404.9000000000252,4624
890556,3829,69.19999999999983,820
891563,3830,89.99999999999902,1007
891667,3831,6.89999999999999,104
893016,3832,123.29999999999708,1349
893235,3833,18.70000000000004,219
897860,3834,442.8000000000317,4625
897928,3835,5.399999999999995,68
898486,3836,48.70000000000041,558
903035,3837,412.40000000002794,4549
903853,3838,76.19999999999993,818
907122,3839,309.00000000000256,3269
907228,3840,6.499999999999983,106
907670,3841,31.40000000000029,442
907889,3842,15.099999999999987,219
912287,3843,388.3000000000228,4398
912391,3844,3.899999999999986,104
913625,3845,117.49999999999775,1234
915877,3846,199.1999999999926,2252
920390,3847,421.1000000000276,4513
922604,3848,209.49999999999304,2214
923385,3849,75.79999999999998,781
924618,3850,114.99999999999783,1233
925212,3851,50.80000000000048,594
927804,3852,236.4999999999912,2592
931336,3853,322.40000000000725,3532
933117,3854,148.7999999999953,1781
936012,3855,276.9999999999957,2895
937584,3856,138.9999999999961,1572
938481,3857,82.89999999999957,897
940395,3858,184.29999999999382,1914
941877,3859,127.89999999999668,1482
942242,3860,33.90000000000022,365
942687,3861,41.30000000000029,445
944035,3862,122.59999999999707,1348
947660,3863,340.1000000000097,3625
949231,3864,136.49999999999622,1571
949353,3865,5.699999999999993,122
950475,3866,104.1999999999981,1122
951389,3867,79.19999999999955,914
952283,3868,76.0000000000001,894
953874,3869,135.4999999999965,1591
955821,3870,171.09999999999442,1947
958655,3871,243.89999999998963,2834
960456,3872,166.099999999995,1801
961462,3873,95.29999999999873,1006
963710,3874,215.5999999999923,2248
964378,3875,51.00000000000059,668
965275,3876,73.29999999999974,897
967109,3877,182.29999999999416,1834
968795,3878,165.09999999999516,1686
969048,3879,18.8,253
969303,3880,26.20000000000009,255
970668,3881,126.09999999999701,1365
970736,3882,3.599999999999995,68
973021,3883,216.5999999999921,2285
978890,3884,549.5000000000564,5869
984682,3885,549.0000000000542,5792
987351,3886,250.1999999999901,2669
989169,3887,175.59999999999437,1818
990891,3888,158.79999999999498,1722
993107,3889,209.69999999999246,2216
995469,3890,215.2999999999917,2362
996173,3891,66.9000000000004,704
996521,3892,30.100000000000215,348
997414,3893,82.4999999999996,893
