timestep,policy_loss,value_loss,entropy_loss,clip_fraction,approx_kl,learning_rate
1024,6.204194505698979e-06,3.7484991662204266,-0.6930298460647464,0.0,7.325968181248754e-05,9.989754098360657e-05
2048,-0.00485316295089433,3.863416511565447,-0.6824183920398355,0.0439453125,0.004181512915238272,9.979508196721312e-05
3072,-0.001892813823360484,394580.31095413305,-0.6733619906008244,0.003662109375,0.0008984103187685832,9.969262295081968e-05
4096,-0.005805197797599249,1.9035912193357944,-0.6452755313366652,0.05029296875,0.005395098392909858,9.959016393442624e-05
5120,-0.003879168194544036,1.2058826563879848,-0.612756846472621,0.006591796875,0.0029334252394619398,9.948770491803279e-05
6144,-0.00806018040748313,0.6011026850901544,-0.5382983833551407,0.07470703125,0.006744088401319459,9.938524590163934e-05
7168,-0.014692552183987573,0.28042202489450574,-0.46100301668047905,0.114501953125,0.007658059177629184,9.92827868852459e-05
8192,-0.007029154970950913,0.5428020991384983,-0.4152360698208213,0.053466796875,0.004053679884236772,9.918032786885247e-05
9216,-0.009297852288000286,0.15288321173284203,-0.3842998882755637,0.0546875,0.00572737574839266,9.907786885245903e-05
10240,-0.006289283097430598,0.28754719672724605,-0.34327302826568484,0.019775390625,0.0019781176379183307,9.897540983606558e-05
11264,-0.004020219203084707,0.30077405204065144,-0.33004316920414567,0.013916015625,0.0010074340389110148,9.887295081967214e-05
12288,-0.005603541976597626,0.2077551797265187,-0.2956929730717093,0.0205078125,0.0015014680757303722,9.87704918032787e-05
13312,-0.007151082703785505,0.21092078415676951,-0.27324394206516445,0.02978515625,0.0016459433390991762,9.866803278688525e-05
14336,-0.006373415046255104,0.21931561408564448,-0.25550771527923644,0.01904296875,0.0013869872418581508,9.85655737704918e-05
15360,-0.006870868630358018,0.19075904018245637,-0.27679426642134786,0.0234375,0.0021038783888798207,9.846311475409836e-05
16384,-0.006465287209721282,0.3042488263454288,-0.2799557812977582,0.014404296875,0.002285305439727381,9.836065573770493e-05
17408,-0.01187398366164416,0.37455908581614494,-0.3243119369726628,0.03173828125,0.0027045890310546383,9.825819672131148e-05
18432,-0.007024424827250186,0.25017649750225246,-0.2927775881253183,0.019775390625,0.0018149520547012798,9.815573770491804e-05
19456,-0.005711231067834888,0.3724992605857551,-0.2410097778774798,0.018798828125,0.0014407105190912262,9.80532786885246e-05
20480,-0.006612688128370792,0.1964397137053311,-0.24943273281678557,0.04150390625,0.004656602795876097,9.795081967213115e-05
21504,-0.0077142629234003834,0.20314640586730093,-0.24023208091966808,0.023193359375,0.0015945452832966112,9.784836065573771e-05
22528,-0.0072534610371803865,0.13724640617147088,-0.28487072652205825,0.03369140625,0.002919451449997723,9.774590163934426e-05
23552,-0.007643731005373411,0.13262949197087437,-0.26986958738416433,0.037353515625,0.002662220358615741,9.764344262295082e-05
24576,-0.010279451140377205,0.08206640667049214,-0.2373158442787826,0.030029296875,0.0022175581543706357,9.754098360655737e-05
25600,-0.00693630717069027,0.057399300567340106,-0.2513056159950793,0.026123046875,0.0021030376010457985,9.743852459016394e-05
26624,-0.007983198331203312,0.04512026920565404,-0.23916735756210983,0.03515625,0.002856959996279329,9.73360655737705e-05
27648,-0.00793640740448609,0.04445164153003134,-0.24226189544424415,0.0537109375,0.004184190554951783,9.723360655737706e-05
28672,-0.008660631894599646,0.09134657835238613,-0.2660096336621791,0.037841796875,0.0032396534879808314,9.713114754098361e-05
29696,-0.00884404250246007,0.09450595977250487,-0.24576411466114223,0.02734375,0.0022712439749739133,9.702868852459017e-05
30720,-0.005665610355208628,0.08097295623156242,-0.239251296967268,0.016357421875,0.0019547902775229886,9.692622950819674e-05
31744,-0.00822735058318358,0.06820346190943383,-0.22330641746520996,0.042724609375,0.0036208382807672024,9.682377049180328e-05
32768,-0.011134468200907577,0.14308954880107194,-0.22756938287056983,0.042236328125,0.0032709997904021293,9.672131147540983e-05
33792,-0.008495496644172817,0.1123016367200762,-0.18821801547892392,0.037353515625,0.0026529800525167957,9.66188524590164e-05
34816,-0.008617267558292951,0.13029586290940642,-0.22262450796552002,0.039306640625,0.0028258745223865844,9.651639344262296e-05
35840,-0.006130896508693695,0.1262123523047194,-0.22748717362992465,0.0302734375,0.002440370495605748,9.641393442622951e-05
36864,-0.007086356010404415,0.08504653122508898,-0.2024785375688225,0.02490234375,0.002043944718025159,9.631147540983607e-05
37888,-0.008800090465229005,0.14678959781304002,-0.19950366159901023,0.02490234375,0.0020378112894832157,9.620901639344263e-05
38912,-0.0074926283487002365,0.11320333016919903,-0.22151642036624253,0.03076171875,0.002407800049695652,9.610655737704918e-05
39936,-0.010251288651488721,0.11916418746113777,-0.19662523991428316,0.03271484375,0.0028308151886449195,9.600409836065573e-05
40960,-0.004478690327232471,0.1127532972022891,-0.18902168748900294,0.023681640625,0.0017910810056491755,9.59016393442623e-05
41984,-0.011346824539941736,0.14442210760898888,-0.22299598739482462,0.04833984375,0.0037233175680739805,9.579918032786886e-05
43008,-0.004381638289487455,0.09501770051429048,-0.22019957192242146,0.020751953125,0.0018851275235647336,9.56967213114754e-05
44032,-0.007333763453061692,0.1311033281381242,-0.20626398758031428,0.02734375,0.002302189626789186,9.559426229508197e-05
45056,-0.005064059627329698,0.1984861718956381,-0.18790072889532894,0.017333984375,0.0013758191489614546,9.549180327868853e-05
46080,-0.005584612081293017,0.16759376891423017,-0.1753594974288717,0.02880859375,0.002087405511701945,9.53893442622951e-05
47104,-0.004734392459795345,0.09309950959868729,-0.1768819848075509,0.02978515625,0.0021566048453678377,9.528688524590164e-05
48128,-0.005156752362381667,0.09626717073842883,-0.16699345456436276,0.013916015625,0.0012949984011356719,9.51844262295082e-05
49152,-0.004854564926063176,0.11357433564262465,-0.15323368250392377,0.03271484375,0.002523600349377375,9.508196721311476e-05
50176,-0.0066550970514072105,0.11822331510484219,-0.17224764090497047,0.040771484375,0.0031559337294311263,9.497950819672132e-05
51200,-0.006218223781615961,0.13839787530014291,-0.1561306077055633,0.0283203125,0.0022404977498808876,9.487704918032787e-05
52224,-0.006828545454482082,0.15547865978442132,-0.15234872605651617,0.026611328125,0.002372392227698583,9.477459016393443e-05
53248,-0.0060111406273790635,0.21794069441966712,-0.17145602265372872,0.020751953125,0.002362858424021397,9.467213114754099e-05
54272,-0.010848352481843904,0.1187524016131647,-0.1477082846686244,0.037353515625,0.002730144995439332,9.456967213114754e-05
55296,-0.0070846989256097,0.28948564268648624,-0.1323876556707546,0.0400390625,0.003422258756472729,9.44672131147541e-05
56320,-0.0007126789205358364,0.18643567862454802,-0.1781038745539263,0.03857421875,0.0035116619619657286,9.436475409836067e-05
57344,-0.007627456579939462,0.08379495679400861,-0.12214143155142665,0.025146484375,0.001896597706945613,9.426229508196722e-05
58368,-0.006348106129735243,0.07653687629499473,-0.12035379139706492,0.0400390625,0.0032443079981021583,9.415983606557376e-05
59392,-0.005677322238625493,0.07505378263886087,-0.12463302013929933,0.022705078125,0.0020122971036471426,9.405737704918033e-05
60416,-0.003595384747313801,0.19234105665236712,-0.12101501692086458,0.013671875,0.0011436721833888441,9.395491803278689e-05
61440,-0.005726837618567515,0.265650900779292,-0.13163763342890888,0.0361328125,0.0033961644148803316,9.385245901639344e-05
62464,-0.004854031532886438,0.11406717705540359,-0.13324385043233633,0.032470703125,0.0025520888666505925,9.375e-05
63488,-0.006049202958820388,0.19403965445235372,-0.15256631490774453,0.029296875,0.002213832049164921,9.364754098360656e-05
64512,-0.007784747693222016,0.15277793415589258,-0.1339512588456273,0.02587890625,0.002118937838531565,9.354508196721313e-05
65536,-0.002994253773067612,0.1510951592354104,-0.15228003985248506,0.029052734375,0.00245022852323018,9.344262295081968e-05
66560,-0.0053024615881440695,0.08006353786913678,-0.13081782532390207,0.02294921875,0.0019209006350138225,9.334016393442624e-05
67584,-0.007390243714326061,0.0856523952097632,-0.1326993410475552,0.027587890625,0.002166927595681045,9.323770491803279e-05
68608,-0.005319480122125242,0.19654039619490504,-0.16597549384459853,0.021728515625,0.00171984477492515,9.313524590163935e-05
69632,-0.00836636767780874,0.24950311856810004,-0.14232820423785597,0.0263671875,0.002458165807183832,9.30327868852459e-05
70656,-0.007940821116790175,0.2519656802760437,-0.1649092696607113,0.03369140625,0.002323423577763606,9.293032786885246e-05
71680,-0.008153347189363558,0.15293984184972942,-0.14955544658005238,0.027587890625,0.0022648835001746193,9.282786885245903e-05
72704,-0.00972107273992151,0.1905721556977369,-0.13223280396778136,0.025634765625,0.0019977262563770637,9.272540983606557e-05
73728,-0.005942155003140215,0.11463515169452876,-0.1333821986336261,0.030517578125,0.0028525267844088376,9.262295081967214e-05
74752,-0.005479130093590356,0.06256823107833043,-0.11939968005754054,0.02880859375,0.002553025544330012,9.25204918032787e-05
75776,-0.011568915244424716,0.2071137956227176,-0.15490797581151128,0.035888671875,0.0032970909160212614,9.241803278688526e-05
76800,-0.007030495078652166,0.18902941211126745,-0.1491390811279416,0.02099609375,0.0018387616510153748,9.23155737704918e-05
77824,-0.007926866283014533,0.10423058416927233,-0.11952554614981636,0.034423828125,0.0033834617061074823,9.221311475409836e-05
78848,-0.0030444168369285762,0.05150233568565454,-0.12584080937085673,0.023193359375,0.002228938654297963,9.211065573770492e-05
79872,-0.007754112786642509,0.04841736704111099,-0.1286948644556105,0.0478515625,0.004001538145530503,9.200819672131149e-05
80896,-0.009177511026791763,0.16412174096331,-0.1598398833302781,0.0263671875,0.0022965953467064537,9.190573770491804e-05
81920,-0.008318346182932146,0.15845830854959786,-0.14707771269604564,0.036376953125,0.0035019905772060156,9.18032786885246e-05
82944,-0.0056219375765067525,0.08983273187186569,-0.1335263387300074,0.023681640625,0.0016573001121287234,9.170081967213116e-05
83968,-0.005825171272590524,0.10627682640915737,-0.13327881193254143,0.031494140625,0.003241139325837139,9.159836065573771e-05
84992,-0.009247331028745975,0.0819342759787105,-0.1363413167418912,0.043701171875,0.004203320793749299,9.149590163934427e-05
86016,-0.00737807022233028,0.2163147523533553,-0.18124868138693273,0.031494140625,0.0025048802999663167,9.139344262295082e-05
87040,-0.006776640781026799,0.14079224970191717,-0.14339434052817523,0.03173828125,0.0023874438847997226,9.129098360655738e-05
88064,-0.008448435699392576,0.07636329278466292,-0.14189389976672828,0.041259765625,0.0028744854644173756,9.118852459016393e-05
89088,-0.009330248125479557,0.12598554129363038,-0.14241206366568804,0.036376953125,0.0025787393751670606,9.10860655737705e-05
90112,-0.009445566160138696,0.13738649152219296,-0.13306641206145287,0.02880859375,0.0028402250027284026,9.098360655737706e-05
91136,-0.006606407694562222,0.11778677988331765,-0.13118807534920052,0.02587890625,0.0021109649387653917,9.088114754098361e-05
92160,-0.006660757077042945,0.0376272048233659,-0.12270088249351829,0.02001953125,0.0016111839941004291,9.077868852459017e-05
93184,-0.007086515011906158,0.0582533575798152,-0.13479735259898007,0.037841796875,0.0032387751853093505,9.067622950819672e-05
94208,-0.004374675583676435,0.0857498555269558,-0.1209667008370161,0.027099609375,0.0022797857091063634,9.05737704918033e-05
95232,-0.008612033983808942,0.12441365572158247,-0.12130041315685958,0.036376953125,0.003969839905039407,9.047131147540983e-05
96256,-0.007627135833899956,0.16292111470829695,-0.12200888805091381,0.020751953125,0.0019338348502060398,9.03688524590164e-05
97280,-0.0061453389207599685,0.07721106776443776,-0.10696805373299867,0.032958984375,0.003563280144589953,9.026639344262296e-05
98304,-0.005902044096728787,0.19090756599325687,-0.13428968435619026,0.025390625,0.0022817217832198367,9.016393442622952e-05
99328,-0.008463684665912297,0.04166540818550857,-0.1186736871022731,0.031982421875,0.0022944913143874146,9.006147540983607e-05
100352,-0.00530376510869246,0.05058081175957341,-0.12019317358499393,0.0283203125,0.0021855093436897732,8.995901639344263e-05
101376,-0.006908310031576548,0.0865944248798769,-0.10874268197221681,0.028564453125,0.0028088351828046143,8.98565573770492e-05
102400,-0.005636691108520608,0.1243003309937194,-0.1356824159156531,0.02490234375,0.002203073578129988,8.975409836065574e-05
103424,-0.009747093650730676,0.07018702517962083,-0.125285244314,0.03369140625,0.0027749051587306894,8.965163934426229e-05
104448,-0.006262608920224011,0.04229916779877385,-0.11541241279337555,0.0234375,0.0022737016624887474,8.954918032786885e-05
105472,-0.0022630363673670217,0.053718251147074625,-0.1083715456770733,0.029052734375,0.0021339049490052275,8.944672131147542e-05
106496,-0.0072362018981948495,0.05790479201823473,-0.10826002206886187,0.04150390625,0.004557138156087603,8.934426229508197e-05
107520,-0.006181813711009454,0.05608501739334315,-0.11709595762658864,0.02197265625,0.0016228037857217714,8.924180327868853e-05
108544,-0.0057076934244832955,0.06712690397398546,-0.10221310297492892,0.01806640625,0.0017569578776601702,8.913934426229509e-05
109568,-0.0055048093272489496,0.07568027518573217,-0.09933553490554914,0.04541015625,0.004399226505483966,8.903688524590164e-05
110592,-0.006093411051551811,0.12343644892098382,-0.12634524726308882,0.028564453125,0.002520909176382702,8.89344262295082e-05
111616,-0.0020719390122394543,0.022835938863863703,-0.11339185485849157,0.02392578125,0.0017623024978092872,8.883196721311475e-05
112640,-0.010449066656292416,0.07830143634055275,-0.12688984698615968,0.034423828125,0.0027348067960701883,8.872950819672131e-05
113664,-0.003974751001805998,0.057849819510011,-0.1172876872587949,0.017333984375,0.0016889718172024004,8.862704918032786e-05
114688,-0.00464949052548036,0.0588263495155843,-0.12259371258551255,0.040283203125,0.0034495281288400292,8.852459016393443e-05
115712,-0.00791357335401699,0.13895449263509363,-0.13210427830927074,0.027099609375,0.002070463597192429,8.842213114754099e-05
116736,-0.006529439735459164,0.1368079719832167,-0.1297056693583727,0.03125,0.002492992833140306,8.831967213114755e-05
117760,-0.003806011547567323,0.05539431968645658,-0.10331363102886826,0.0283203125,0.0030157881483319215,8.82172131147541e-05
118784,-0.010329627300961874,0.036617594814742915,-0.12358548073098063,0.050048828125,0.0037437348946696147,8.811475409836066e-05
119808,-0.0038160624717420433,0.058005903876619413,-0.10677330027101561,0.021240234375,0.002271055360324681,8.801229508196723e-05
120832,-0.006919605373695958,0.05592789707588963,-0.10856936918571591,0.035400390625,0.004084685315319803,8.790983606557378e-05
121856,-0.00627700358745642,0.19521137949777767,-0.11920390167506412,0.02880859375,0.002395273564616218,8.780737704918032e-05
122880,-0.005818585705128498,0.036378855467773974,-0.10820917872479185,0.0244140625,0.0023514504719059914,8.770491803278689e-05
123904,-0.0035597024689195678,0.03570093750022352,-0.1108237185399048,0.03369140625,0.0027212298737140372,8.760245901639345e-05
124928,-0.004098272096598521,0.1762377295526676,-0.10421182023128495,0.02880859375,0.00382173005345976,8.75e-05
125952,-0.006696684220514726,0.02385092159966007,-0.09626735391793773,0.027099609375,0.0021418591422843747,8.739754098360656e-05
126976,-0.0028887577100249473,0.049658979711239226,-0.10249800939345732,0.03369140625,0.0029405905297608115,8.729508196721312e-05
128000,-0.005257259712379891,0.027809414998046122,-0.0955053165089339,0.033203125,0.0035627440447569825,8.719262295081967e-05
129024,-0.008237650126829976,0.08599792787572369,-0.10007157968357205,0.035400390625,0.004266010262654163,8.709016393442624e-05
130048,-0.008092941308859736,0.04254460737865884,-0.1073509149136953,0.046630859375,0.004632827411114704,8.698770491803279e-05
131072,-0.004833364349906333,0.09774327848572284,-0.09667982225073501,0.02490234375,0.002999589138198644,8.688524590163935e-05
132096,-0.005433255842945073,0.030310887916130014,-0.1006542966933921,0.02490234375,0.0020790031121578068,8.67827868852459e-05
133120,-0.008321438726852648,0.06090784684056416,-0.09340466751018539,0.0322265625,0.0024887558829504997,8.668032786885246e-05
134144,-0.0065632858604658395,0.06959411715797614,-0.10243618750246242,0.032470703125,0.0030051319845370017,8.657786885245902e-05
135168,-0.004157400078838691,0.03579609778535087,-0.10323878354392946,0.02490234375,0.0023502844996983185,8.647540983606559e-05
136192,-0.0019351379305589944,0.05603265638637822,-0.09878396731801331,0.0205078125,0.0019101781726931222,8.637295081967213e-05
137216,-0.0034948002685268875,0.019867731254635146,-0.1000147852464579,0.02685546875,0.0024918764756876044,8.627049180327868e-05
138240,-0.0039089933889044914,0.07967064590775408,-0.09831634856527671,0.0234375,0.0033486497195553966,8.616803278688526e-05
139264,-0.00614150203182362,0.04086533078952925,-0.10527886508498341,0.02099609375,0.0021902420703554526,8.606557377049181e-05
140288,-0.006703295322949998,0.07406305802578572,-0.1114971999777481,0.028076171875,0.0028658208830165677,8.596311475409836e-05
141312,-0.00472107367386343,0.0654136483790353,-0.1272386546479538,0.039306640625,0.004044534362037666,8.586065573770492e-05
142336,-0.005903289853449678,0.05170601204736158,-0.11744822148466483,0.033935546875,0.002644504180352669,8.575819672131148e-05
143360,-0.0062346542326849885,0.06917773508757818,-0.12364592985250056,0.025390625,0.0019831196914310567,8.565573770491803e-05
144384,-0.0031866905192146078,0.2127288068877533,-0.13142383081139997,0.0322265625,0.00286553682963131,8.55532786885246e-05
145408,-0.005429773824289441,0.09533105857553892,-0.12440927617717534,0.049560546875,0.0059451151100802235,8.545081967213116e-05
146432,-0.007838300138246268,0.08399952910258435,-0.12434420781210065,0.0361328125,0.003059480390220415,8.53483606557377e-05
147456,-0.007350061692704912,0.15867421141592786,-0.13303009769879282,0.031982421875,0.0032267728456645273,8.524590163934427e-05
148480,-0.005862200716364896,0.17681676417123526,-0.1112877550185658,0.02001953125,0.0020289642343414016,8.514344262295082e-05
149504,-0.0046439145553449634,0.08430627803318202,-0.10947587480768561,0.026611328125,0.0025888221862260252,8.504098360655738e-05
150528,-0.0062153576873242855,0.19293772586388513,-0.11973866622429341,0.02978515625,0.0028048490057699382,8.493852459016394e-05
151552,-0.008625131311418954,0.06300162138359156,-0.10504970257170498,0.033203125,0.0027670505878631957,8.483606557377049e-05
152576,-0.0054472803603857756,0.06434134584560525,-0.10605354403378442,0.020751953125,0.002330136951059103,8.473360655737706e-05
153600,-0.005596063176199095,0.049034374838811345,-0.10552432457916439,0.03271484375,0.0037448905350174755,8.463114754098362e-05
154624,-0.007537692537880503,0.155948213650845,-0.10950887232320383,0.03173828125,0.0031051131591084413,8.452868852459017e-05
155648,-0.005664514996169601,0.046148618988809176,-0.0998101900331676,0.033447265625,0.004820036483579315,8.442622950819672e-05
156672,-0.004615268393536098,0.0990108729165513,-0.1177855854621157,0.035888671875,0.0027224364021094516,8.432377049180329e-05
157696,-0.00626536912022857,0.13712374115129933,-0.11223701055860147,0.033203125,0.0024097311252262443,8.422131147540984e-05
158720,-0.003885663601977285,0.04506129934452474,-0.11234713421436027,0.037841796875,0.0046843829259159975,8.411885245901639e-05
159744,-0.008302512083901092,0.18252430378925055,-0.14623675751499832,0.0390625,0.003045398145332001,8.401639344262295e-05
160768,-0.01122800992015982,0.10923877381719649,-0.13381234830012545,0.039306640625,0.003301494121842552,8.391393442622952e-05
161792,-0.0063377853512065485,0.054459740058518946,-0.1262057923595421,0.03173828125,0.0031317577595473267,8.381147540983607e-05
162816,-0.006269311072173878,0.05889004158962052,-0.11302210518624634,0.02001953125,0.001938338638865389,8.370901639344263e-05
163840,-0.0076978137367405,0.07673102611443028,-0.11587137123569846,0.034912109375,0.002790621656458825,8.360655737704919e-05
164864,-0.007996679811185459,0.16553391749039292,-0.11111324559897184,0.03955078125,0.0036519050045171753,8.350409836065574e-05
165888,-0.006206411933817435,0.09659778978675604,-0.14504577103070915,0.030029296875,0.0029585792144644074,8.34016393442623e-05
166912,-0.008548693458578782,0.10306234733434394,-0.12359619466587901,0.033447265625,0.0027320705412421376,8.329918032786885e-05
167936,-0.015260503962053917,0.0661324290704215,-0.1303822072222829,0.0458984375,0.0039222659906954505,8.319672131147541e-05
168960,-0.007159276407037396,0.2079805179964751,-0.14259333885274827,0.035888671875,0.0026202179869869724,8.309426229508198e-05
169984,-0.00912653415434761,0.1610705212224275,-0.13174738874658942,0.02587890625,0.0024185994916479103,8.299180327868853e-05
171008,-0.009561465536535252,0.15472533827414736,-0.14492877991870046,0.035888671875,0.003796965211222414,8.288934426229509e-05
172032,-0.0054763099578849506,0.1107210335903801,-0.13176417129579931,0.03662109375,0.003757986611162778,8.278688524590165e-05
173056,-0.009423050098121166,0.059610126132611185,-0.11133457545656711,0.03515625,0.003501822349790018,8.26844262295082e-05
174080,-0.005139401211636141,0.08866435819072649,-0.12346021109260619,0.0234375,0.0018188814574386925,8.258196721311475e-05
175104,-0.005753692254074849,0.0992648296232801,-0.13352052692789584,0.024658203125,0.002569493262853939,8.247950819672133e-05
176128,-0.006028302042977884,0.054630747326882556,-0.11845652799820527,0.029541015625,0.002326109322893899,8.237704918032787e-05
177152,-0.008142012855387293,0.09978341075475328,-0.13088958652224392,0.0302734375,0.002768159749393817,8.227459016393442e-05
178176,-0.007380731723969802,0.2908407805953175,-0.13413744524586946,0.037353515625,0.0036359419173095375,8.217213114754099e-05
179200,-0.0048597419809084386,0.1252840748638846,-0.11982213403098285,0.0322265625,0.003399153603822924,8.206967213114755e-05
180224,-0.004518028308666544,0.07429220479389187,-0.1355885766679421,0.0419921875,0.0039043931974447332,8.19672131147541e-05
181248,-0.008918848594476003,0.156216632691212,-0.13515328499488533,0.035888671875,0.0027782437100540847,8.186475409836066e-05
182272,-0.007218312479380984,0.08765448478516191,-0.11522643297212198,0.025146484375,0.002766955512925051,8.176229508196722e-05
183296,-0.008574880186642986,0.07037446208414622,-0.10634597088210285,0.0283203125,0.002692954658414237,8.165983606557377e-05
184320,-0.005966028853436001,0.08105469748261385,-0.12662470317445695,0.04248046875,0.0031140513019636273,8.155737704918032e-05
185344,-0.007705801501288079,0.14221736480249092,-0.11742194253019989,0.033203125,0.0030872502175043337,8.145491803278688e-05
186368,-0.009632266039261594,0.06423123434069566,-0.12481056922115386,0.044921875,0.004674715863075107,8.135245901639345e-05
187392,-0.010900501580181299,0.09639255088404752,-0.1197015312500298,0.040771484375,0.004151912973611616,8.125000000000001e-05
188416,-0.00789784000517102,0.07519138738280162,-0.11272122710943222,0.04833984375,0.004120494602830149,8.114754098360656e-05
189440,-0.009113712534599472,0.08404170568974223,-0.10891734703909606,0.0322265625,0.003524308616761118,8.104508196721312e-05
190464,-0.005498838090716163,0.1862090933136642,-0.10754939867183566,0.0302734375,0.002964054605399724,8.094262295081968e-05
191488,-0.0075529576861299574,0.18611596524715424,-0.12069483450613916,0.03125,0.0030084579411777668,8.084016393442623e-05
192512,-0.007676167871977668,0.0888391777407378,-0.11941577470861375,0.044189453125,0.00467314707202604,8.073770491803278e-05
193536,-0.004099856101674959,0.09651116479653865,-0.12301455112174153,0.04443359375,0.0036199738606228493,8.063524590163935e-05
194560,-0.005027516352129169,0.22375745640601963,-0.13445184635929763,0.044189453125,0.005862371144758072,8.053278688524591e-05
195584,-0.006164904007164296,0.12079795217141509,-0.13008703116793185,0.030517578125,0.0028383360549923964,8.043032786885246e-05
196608,-0.007805183391610626,0.17935906373895705,-0.14397712133359164,0.041748046875,0.005548039895074908,8.032786885245902e-05
197632,-0.007192383767687716,0.31335440766997635,-0.16010205633938313,0.029541015625,0.00259263145562727,8.022540983606558e-05
198656,-0.006507173253339715,0.23864212667103857,-0.12315881409449503,0.034423828125,0.002303583634784445,8.012295081967213e-05
199680,-0.011879343663167674,0.1474653179757297,-0.14694906736258417,0.0712890625,0.010791963730298448,8.002049180327868e-05
200704,-0.007357560636592098,0.21897788275964558,-0.1364794191904366,0.038818359375,0.003159779924317263,7.991803278688526e-05
201728,-0.006992363960307557,0.24400402943138033,-0.13353160442784429,0.043701171875,0.004934532022161875,7.98155737704918e-05
202752,-0.006698035831504967,0.4795840149745345,-0.19756832136772573,0.041748046875,0.0034727477323031053,7.971311475409835e-05
203776,-0.007024988190096337,0.15491338778520003,-0.1441139061935246,0.040283203125,0.0035082410904578865,7.961065573770492e-05
204800,-0.0069483557672356255,0.0608594348304905,-0.13067323621362448,0.029296875,0.0025739023767528124,7.950819672131148e-05
205824,-0.004235069398419,0.20220204151701182,-0.15531189111061394,0.0234375,0.0018274384710821323,7.940573770491804e-05
206848,-0.0045068361578159966,0.2778079954441637,-0.1557169231818989,0.039794921875,0.004994155635358766,7.930327868852459e-05
207872,-0.0028264224383747205,0.36240792740136385,-0.14555101923178881,0.04736328125,0.004205308956443332,7.920081967213115e-05
208896,-0.006520323317090515,0.07553258578991517,-0.11414448928553611,0.028564453125,0.0024121603710227646,7.90983606557377e-05
209920,-0.005368439764424693,0.08407916140276939,-0.11826547514647245,0.03466796875,0.003991364494140726,7.899590163934427e-05
210944,-0.0019850813696393743,0.3308955120155588,-0.15833629295229912,0.03759765625,0.0034245965725858696,7.889344262295082e-05
211968,-0.008503552351612598,0.33381359360646456,-0.17717980209272355,0.053466796875,0.004561714202282019,7.879098360655738e-05
212992,-0.008508355771482456,0.1604342973441817,-0.12259841279592365,0.03955078125,0.00392108951928094,7.868852459016394e-05
214016,-0.006156003139039967,0.19257381884381175,-0.12335376313421875,0.022705078125,0.0031954741789377294,7.858606557377049e-05
215040,-0.007306884828722104,0.30998070584610105,-0.1435954071348533,0.04345703125,0.0036207883822498843,7.848360655737705e-05
216064,-0.004610103496816009,0.12800687609706074,-0.11281130625866354,0.02685546875,0.002156267742975615,7.838114754098362e-05
217088,-0.007140571891795844,0.18297842156607658,-0.0968696465715766,0.031494140625,0.0034020111634163186,7.827868852459018e-05
218112,-0.004903395565634128,0.3519297851016745,-0.1209932001074776,0.031494140625,0.002915618708357215,7.817622950819671e-05
219136,-0.005672856394085102,0.13179032650077716,-0.10297767753945664,0.03759765625,0.004406626190757379,7.807377049180329e-05
220160,-0.006296271691098809,0.24669701035600156,-0.10873394820373505,0.020751953125,0.0024045183599810116,7.797131147540984e-05
221184,-0.0027513017048477195,0.14121000340674073,-0.10806955705629662,0.030517578125,0.003656220571429003,7.78688524590164e-05
222208,-0.0045792570963385515,0.08977002731990069,-0.10962785861920565,0.02880859375,0.002949052694020793,7.776639344262295e-05
223232,-0.005253554045339115,0.46542028547264636,-0.12640068714972585,0.05224609375,0.006388424175383989,7.766393442622951e-05
224256,-0.008997857416034094,0.18986793997464702,-0.1251955246552825,0.0546875,0.004545854826574214,7.756147540983608e-05
225280,-0.004662268787797075,0.5401436024112627,-0.1705763393547386,0.0576171875,0.006242541385290679,7.745901639344263e-05
226304,-0.007826233268133365,0.18724818510236219,-0.11923245876096189,0.020751953125,0.002202945077442564,7.735655737704919e-05
227328,-0.0032848663395270705,0.364099943311885,-0.13002191670238972,0.02587890625,0.0023225521144922823,7.725409836065574e-05
228352,-0.008321707202412654,0.18641230289358646,-0.10171428712783381,0.0244140625,0.0027657754690153524,7.71516393442623e-05
229376,-0.005970869926386513,0.3587369308806956,-0.13043135043699294,0.04296875,0.0041117237487924285,7.704918032786885e-05
230400,-0.00760905471543083,0.19410862383665517,-0.13714216637890786,0.044921875,0.004465976715437137,7.694672131147541e-05
231424,-0.004890665964921936,0.20071109477430582,-0.11505461932392791,0.02587890625,0.002792557228531223,7.684426229508197e-05
232448,-0.004596093756845221,0.14736413693754002,-0.1099270103732124,0.025390625,0.002432534398394637,7.674180327868852e-05
233472,-0.0033223845894099213,0.1873894653399475,-0.10704349272418767,0.024658203125,0.0025444376151426695,7.663934426229509e-05
234496,-0.007710979767580284,0.2372186171123758,-0.11359835980692878,0.0419921875,0.005801350671390537,7.653688524590165e-05
235520,-0.0017837844061432406,0.30303672899026424,-0.11460217682179064,0.029052734375,0.002178148948587477,7.643442622950821e-05
236544,-0.005250243913906161,0.1513854751829058,-0.09512498445110396,0.029296875,0.002665738356881775,7.633196721311475e-05
237568,-0.007246965389640536,0.17320212128106505,-0.11008138419128954,0.029052734375,0.00543988333811285,7.622950819672132e-05
238592,-0.006115498188592028,0.3630518721183762,-0.10113718849606812,0.029541015625,0.0035151749179931358,7.612704918032787e-05
239616,-0.003348278634803137,0.36095805279910564,-0.08580412290757522,0.021484375,0.0019199179150746204,7.602459016393443e-05
240640,-0.006852856786281336,0.3665325581096113,-0.08500894263852388,0.0263671875,0.0026610421045916155,7.592213114754098e-05
241664,-0.004243014540406875,0.3255201941356063,-0.10201291734119877,0.024658203125,0.0018475221368134953,7.581967213114755e-05
242688,-0.0056392553087789565,0.18865179037675261,-0.09152321360306814,0.0224609375,0.002103677026752848,7.571721311475411e-05
243712,-0.007777697148412699,0.27217954862862825,-0.11041856743395329,0.0380859375,0.0033242007484659553,7.561475409836066e-05
244736,-0.004745286016259342,0.25917719514109194,-0.11881358997197822,0.021728515625,0.001748477588989772,7.551229508196722e-05
245760,-0.005386476652347483,0.40782476449385285,-0.12700194120407104,0.0517578125,0.005157654064532835,7.540983606557377e-05
246784,-0.00897416248335503,0.4314300192054361,-0.10991181619465351,0.03076171875,0.0024328694853466004,7.530737704918033e-05
247808,-0.008678637903358322,0.44180322298780084,-0.12320401566103101,0.044189453125,0.0047781113389646634,7.520491803278688e-05
248832,-0.004608629846188705,0.2584825537633151,-0.09784929914167151,0.032470703125,0.002358332807489205,7.510245901639344e-05
249856,-0.008241195864684414,0.2574379718862474,-0.11433892947388813,0.046142578125,0.005191704738535918,7.500000000000001e-05
250880,-0.005604541329375934,0.34296895610168576,-0.10444445960456505,0.02490234375,0.0024765123598626815,7.489754098360656e-05
251904,-0.00738892409572145,0.6066066352650523,-0.11803080828394741,0.037353515625,0.00274402869399637,7.479508196721312e-05
252928,-0.003485640903818421,0.23547523946035653,-0.09830992348724976,0.022705078125,0.002242877788376063,7.469262295081967e-05
253952,-0.002122140307619702,0.284848153591156,-0.08269526626099832,0.022216796875,0.0030635067087132484,7.459016393442624e-05
254976,-0.0031348125703516416,0.5245621846988797,-0.08211268449667841,0.013671875,0.0011276107397861779,7.448770491803278e-05
256000,-0.005741171800764278,0.31855628942139447,-0.10197427973616868,0.02734375,0.002815335465129465,7.438524590163936e-05
257024,-0.003253492726798868,0.3404326937161386,-0.08267839113250375,0.02197265625,0.002209863218013197,7.42827868852459e-05
258048,-0.003952302555262577,0.2579872760688886,-0.12205597432330251,0.030517578125,0.0022932611755095422,7.418032786885247e-05
259072,-0.0038418640251620673,0.30822376790456474,-0.09107328543905169,0.017578125,0.0013642550256918184,7.407786885245902e-05
260096,-0.004055435529153328,0.4550722048152238,-0.08552682702429593,0.027099609375,0.0030244420704548247,7.397540983606558e-05
261120,-0.003222592145903036,0.5488605597056448,-0.08693122520344332,0.023681640625,0.0019750848441617563,7.387295081967214e-05
262144,-0.003814389659964945,0.36931631597690284,-0.08695638718199916,0.019287109375,0.002036926925939042,7.377049180327869e-05
263168,-0.0030486634059343487,0.2951249429024756,-0.09671321144560352,0.025390625,0.0025805261175264604,7.366803278688525e-05
264192,-0.0042727379041025415,0.46476352377794683,-0.09458050259854645,0.03125,0.0034308356771362014,7.35655737704918e-05
265216,-0.005458639745484106,1.4214804312214255,-0.21538753784261644,0.057861328125,0.005683007824700326,7.346311475409837e-05
266240,-0.003581948534701951,2.631446462124586,-0.3136124275624752,0.07421875,0.005855369759956375,7.336065573770491e-05
267264,-0.004232326231431216,1.5006055235862732,-0.31975363614037633,0.046142578125,0.003750027302885428,7.325819672131148e-05
268288,-0.009032547699462157,0.45139447692781687,-0.11822216678410769,0.043212890625,0.0041071412997553125,7.315573770491804e-05
269312,-0.0030666859820485115,0.6393227893859148,-0.10163434490095824,0.02978515625,0.003076656379562337,7.305327868852459e-05
270336,-0.0026142411079490557,1.4065863657742739,-0.17436643759720027,0.04931640625,0.0044355916397762485,7.295081967213115e-05
271360,-0.006106304776039906,0.6655648378655314,-0.16258537583053112,0.04052734375,0.0027461893696454354,7.28483606557377e-05
272384,-0.006351954332785681,1.2957267239689827,-0.16749882511794567,0.06103515625,0.00463369279896142,7.274590163934428e-05
273408,-0.004994153408915736,0.8529557618312538,-0.11294688162161037,0.021484375,0.0017346864406135865,7.264344262295081e-05
274432,-0.002343795364140533,0.8284729202277958,-0.11415606900118291,0.024169921875,0.0018425153903081082,7.254098360655738e-05
275456,-0.0037447533977683634,0.7275847569108009,-0.08392302389256656,0.027587890625,0.0023527606899733655,7.243852459016394e-05
276480,-0.003536972901201807,0.5408538938499987,-0.06931479414924979,0.019775390625,0.0019576092017814517,7.23360655737705e-05
277504,-0.004331578871642705,0.47279905155301094,-0.08227066259132698,0.023681640625,0.0023021740635158494,7.223360655737705e-05
278528,-0.003979723704105709,0.5554676677566022,-0.09792682685656473,0.020751953125,0.0015985797945177183,7.213114754098361e-05
279552,-0.002054657736152876,0.7518271924927831,-0.08107174444012344,0.01220703125,0.001138176019594539,7.202868852459018e-05
280576,-0.005170957767404616,0.4523461349308491,-0.09629747009603307,0.026123046875,0.0022923942597117275,7.192622950819672e-05
281600,-0.00274131512560416,0.6819222369231284,-0.10282597492914647,0.028076171875,0.003879273950587958,7.182377049180329e-05
282624,-0.0031952788631315343,0.642870219424367,-0.08771012770012021,0.016357421875,0.0016710313866497017,7.172131147540984e-05
283648,-0.002279945787449833,0.4295435061212629,-0.09318795235594735,0.01416015625,0.0012719557853415608,7.16188524590164e-05
284672,-0.008408959001826588,0.9808716154657304,-0.09996183088514954,0.042236328125,0.004022452798380982,7.151639344262295e-05
285696,-0.006291520567174302,0.5236329394392669,-0.0730213254573755,0.025390625,0.0024080659131868742,7.141393442622951e-05
286720,-0.003822466045676265,0.6735004419460893,-0.058822463877731934,0.014892578125,0.001261986886675004,7.131147540983607e-05
287744,-0.006570374374859966,0.48240755940787494,-0.10115708207013085,0.032470703125,0.0035095322018605657,7.120901639344264e-05
288768,-0.002520505200664047,0.760274211410433,-0.060052543121855706,0.017578125,0.0026465321134310216,7.110655737704918e-05
289792,-0.0032217005064012483,0.5483576320111752,-0.059683209663489833,0.012939453125,0.0010848869133042172,7.100409836065573e-05
290816,-0.0032682727614883333,0.9134441372007132,-0.08796749875182286,0.033447265625,0.0031219622105709277,7.090163934426231e-05
291840,-0.00315016715467209,0.9464338980615139,-0.12025031668599695,0.02001953125,0.0018022764343186282,7.079918032786886e-05
292864,-0.0036475271335802972,0.5363454716280103,-0.08979118909337558,0.03076171875,0.0030759717847104184,7.069672131147541e-05
293888,-0.003931446888600476,0.4668171019293368,-0.07986261462792754,0.02294921875,0.002021039923420176,7.059426229508197e-05
294912,-0.0028749063712893985,0.8618973041884601,-0.07752658927347511,0.033447265625,0.0027268384656053968,7.049180327868853e-05
295936,-0.0022682074923068285,1.047660970594734,-0.1270800221245736,0.0283203125,0.002075559998047538,7.038934426229508e-05
296960,-0.007459564214514103,0.7651754515245557,-0.10379989579087123,0.055908203125,0.005796747129352298,7.028688524590163e-05
297984,-0.004704291612142697,0.8941870895214379,-0.10275223688222468,0.0234375,0.002227502794994507,7.018442622950821e-05
299008,-0.003156914044666337,0.6185543453320861,-0.06364605159615166,0.010498046875,0.0008479784228256904,7.008196721311476e-05
300032,-0.0036069068883080035,0.7627080040983856,-0.07440201315330341,0.014892578125,0.0012916152554680593,6.997950819672132e-05
301056,-0.002292534387379419,0.7815513242967427,-0.07109059707727283,0.0126953125,0.0016339911599061452,6.987704918032787e-05
302080,-0.004105990054085851,0.552459868369624,-0.06692644715076312,0.026123046875,0.0023822355797165073,6.977459016393443e-05
303104,-0.00615710427518934,0.901310090906918,-0.08612479094881564,0.020263671875,0.0028716113083646633,6.967213114754098e-05
304128,-0.0017103975478676148,0.7039450616575778,-0.06953701528254896,0.008544921875,0.0007396949004032649,6.956967213114754e-05
305152,-0.0030023918152437545,0.4813356646336615,-0.08688235469162464,0.0146484375,0.001382094189466443,6.94672131147541e-05
306176,-0.0033043827570509166,0.699057602789253,-0.09232828096719459,0.016357421875,0.0014956385639379732,6.936475409836066e-05
307200,-0.00363966629083734,0.7380277398042381,-0.09450047241989523,0.0234375,0.001693426886049565,6.926229508196722e-05
308224,-0.0014916502932464937,0.7785799889825284,-0.06403858959674835,0.013427734375,0.0009230008799931966,6.915983606557377e-05
309248,-0.0031629270233679563,0.7775582675822079,-0.1090066364267841,0.018310546875,0.0014428496433538385,6.905737704918034e-05
310272,-0.003776565514272079,0.8605298427864909,-0.09147691202815622,0.016845703125,0.0014936701918486506,6.895491803278689e-05
311296,-0.0031680604806751944,0.863691964186728,-0.0758801148913335,0.027099609375,0.0024033990630414337,6.885245901639344e-05
312320,-0.0022278845572145656,0.575592725072056,-0.07871519558830187,0.010986328125,0.0009299530865973793,6.875e-05
313344,-0.004174143803538755,0.7112044589594007,-0.08816346737148706,0.022705078125,0.002023758446739521,6.864754098360657e-05
314368,-0.004320396423281636,0.9169611791148782,-0.06994878003024496,0.0185546875,0.0013717170877498575,6.854508196721312e-05
315392,-0.003955410371418111,0.8195050465874374,-0.06936811696505174,0.0234375,0.001745326881064102,6.844262295081967e-05
316416,-0.0021294133257470094,0.6948328516446054,-0.07169433939270675,0.010498046875,0.0009718463479657657,6.834016393442624e-05
317440,-0.0034960631746798754,0.6570897740311921,-0.06867066051927395,0.019287109375,0.002155667927581817,6.823770491803279e-05
318464,-0.00489765775273554,0.809666751883924,-0.07814710045931861,0.025390625,0.0019696145827765577,6.813524590163935e-05
319488,-0.0024248729896498844,0.576232876162976,-0.07917589013231918,0.023193359375,0.0018118646403308958,6.80327868852459e-05
320512,-0.0018551181783550419,0.6083805095404387,-0.06063602547510527,0.004638671875,0.0003297983275842853,6.793032786885246e-05
321536,-0.0019410746681387536,0.6843243539333344,-0.08590837294468656,0.0224609375,0.0018103051552316174,6.782786885245901e-05
322560,-0.0033239614494959824,0.8749470333568752,-0.07591741919168271,0.017333984375,0.001506835309555754,6.772540983606558e-05
323584,-0.0019759845818043686,0.49892784375697374,-0.058080260729184374,0.01953125,0.0017115415685111657,6.762295081967214e-05
324608,-0.002690319874091074,0.5604288107715547,-0.07481116981944069,0.01611328125,0.0015837600803934038,6.752049180327869e-05
325632,-0.0023416592594003305,0.5419714576564729,-0.07032738323323429,0.006591796875,0.0009058309806277975,6.741803278688525e-05
326656,-0.003785116467042826,0.6316325045190752,-0.0772934309206903,0.02197265625,0.002154340283595957,6.73155737704918e-05
327680,-0.0007882569771027192,0.6625057216733694,-0.04747599197435193,0.009765625,0.0010266364333801903,6.721311475409838e-05
328704,-0.003535162177286111,0.8856137753464282,-0.09567717846948653,0.0185546875,0.0016246903760475107,6.711065573770493e-05
329728,-0.00190907181968214,0.6195946922525764,-0.05245727571309544,0.011962890625,0.0011843926840811037,6.700819672131147e-05
330752,-0.0032893841635086574,0.9973264699801803,-0.0776599038799759,0.01953125,0.0015481432637898251,6.690573770491804e-05
331776,-0.001001892476779176,0.5716534368693829,-0.06334348376549315,0.010009765625,0.0007173206613515504,6.68032786885246e-05
332800,-0.0028128776648372877,0.6407931628637016,-0.052550236287061125,0.012451171875,0.0008537959220120683,6.670081967213115e-05
333824,-0.0031287173951568548,0.7304248311556876,-0.06279412700678222,0.01953125,0.0015790950201335363,6.65983606557377e-05
334848,-0.0037434207733895164,0.5579453285317868,-0.07178702065721154,0.019775390625,0.002189641039876733,6.649590163934427e-05
335872,-0.0024317111710843164,0.6067733522504568,-0.08032521864515729,0.019287109375,0.0016629370438749902,6.639344262295082e-05
336896,-0.004187812810414471,0.46949493885040283,-0.06083577853132738,0.02392578125,0.0020284857018850744,6.629098360655737e-05
337920,-0.000992278211924713,0.5939836027100682,-0.08278047776548192,0.019287109375,0.0020790661073988304,6.618852459016394e-05
338944,-0.0021983705373713747,0.5670790080912411,-0.05693180108210072,0.005615234375,0.0005634955959976651,6.60860655737705e-05
339968,-0.0035845557649736293,0.5182745666243136,-0.048035079045803286,0.025634765625,0.003457468017586507,6.598360655737705e-05
340992,-0.0011180769870406948,1.2745957104489207,-0.11725814244709909,0.049560546875,0.004024219473649282,6.588114754098361e-05
342016,-0.003496200020890683,0.7176813250407577,-0.09102750156307593,0.021240234375,0.0022020957912900485,6.577868852459017e-05
343040,-0.003991361500084167,1.0003050854429603,-0.10380748455645517,0.03857421875,0.0030325636398629285,6.567622950819672e-05
344064,-0.0036187367004458793,0.45499169104732573,-0.05981957446783781,0.018798828125,0.0017310697439825162,6.557377049180328e-05
345088,-0.003022558674274478,0.48744685878045857,-0.05268193647498265,0.015625,0.0020321015108493157,6.547131147540983e-05
346112,-0.0029437356715789065,0.902851193677634,-0.07964905770495534,0.014404296875,0.0016889196194824763,6.53688524590164e-05
347136,-0.0030760609079152346,0.33880121260881424,-0.05143195290293079,0.01513671875,0.0014014783591846935,6.526639344262296e-05
348160,-0.0025953539879992604,1.132030451670289,-0.07653028421918862,0.016845703125,0.0014890216043568216,6.516393442622951e-05
349184,-0.004599299005349167,0.6025480476673692,-0.06803946421132423,0.02197265625,0.002862071560230106,6.506147540983607e-05
350208,-0.0034296596568310633,0.9382027024403214,-0.08902418304933235,0.0263671875,0.0021783917836728506,6.495901639344263e-05
351232,-0.006239113205083413,0.6417699274607003,-0.06869029556401074,0.026611328125,0.0024301640296471305,6.485655737704918e-05
352256,-0.005061673109594267,0.9595395289361477,-0.07078059295599815,0.012451171875,0.0010854779902729206,6.475409836065573e-05
353280,-0.0016826240535010584,0.8242429844103754,-0.06195660139201209,0.009521484375,0.0011584078019950539,6.465163934426231e-05
354304,-0.0029722541748924414,0.5653169197030365,-0.05836130052921362,0.026123046875,0.0017579689811100252,6.454918032786886e-05
355328,-0.0037923086201772094,0.49953372683376074,-0.05533504654886201,0.015625,0.001211291346407961,6.44467213114754e-05
356352,-0.0030543826505891047,0.6022845339030027,-0.05872762043145485,0.016357421875,0.0013764367104158737,6.434426229508197e-05
357376,-0.00239925365531235,0.7637028344906867,-0.05431662223418243,0.024658203125,0.0019024443390662782,6.424180327868853e-05
358400,-0.0019903048523701727,0.8046746579930186,-0.06355369088123553,0.00537109375,0.00035029435821343213,6.41393442622951e-05
359424,-0.003486607631202787,0.6207597963511944,-0.0579520856263116,0.01708984375,0.0018220036727143452,6.403688524590163e-05
360448,-0.0024586995677964296,0.7232197923585773,-0.07079834953765385,0.0185546875,0.0017437783899367787,6.39344262295082e-05
361472,-0.0012709343282040209,0.6092835878953338,-0.052263535413658246,0.0126953125,0.0010579121735645458,6.383196721311475e-05
362496,-0.0022234837160794996,0.938940716907382,-0.06344614928821102,0.01318359375,0.0009911966990330257,6.372950819672132e-05
363520,-0.003024000550794881,0.5152566465549171,-0.061097188387066126,0.01611328125,0.0013193920021876693,6.362704918032787e-05
364544,-0.004007852174254367,0.6968320491723716,-0.06661623078980483,0.01611328125,0.0026226205882267095,6.352459016393443e-05
365568,-0.0027740606528823264,0.8367152963764966,-0.07180706888902932,0.017578125,0.0011891325266333297,6.342213114754099e-05
366592,-0.0025754284106369596,0.40206426684744656,-0.0469589228159748,0.012939453125,0.0012533951230579987,6.331967213114754e-05
367616,-0.0015380099466710817,0.6132741193287075,-0.05048572027590126,0.0087890625,0.0007110462902346626,6.32172131147541e-05
368640,-0.001898502690892201,1.0733937630429864,-0.08476729842368513,0.01953125,0.0013808971125399694,6.311475409836065e-05
369664,-0.0011911601468455046,0.8679821928963065,-0.08337523235240951,0.019775390625,0.003136670056846924,6.301229508196722e-05
370688,-0.0021836181986145675,0.5900557194836438,-0.051745327742537484,0.02197265625,0.0017948667591554113,6.290983606557376e-05
371712,-0.0021303878020262346,0.3646675965283066,-0.053608391113812104,0.010498046875,0.0012403923683450557,6.280737704918034e-05
372736,-0.005618562128802296,0.5529102394357324,-0.05199118802556768,0.01513671875,0.0019481265844660811,6.270491803278689e-05
373760,-0.002605587949801702,0.4997281772084534,-0.050287292076973245,0.008056640625,0.0012786687002517283,6.260245901639344e-05
374784,-0.0018952804093714803,0.676238645799458,-0.04951454543333966,0.01318359375,0.0010643399946275167,6.25e-05
375808,-0.003987483505625278,0.5543636914808303,-0.06914405972929671,0.0234375,0.0020044701159349643,6.239754098360656e-05
376832,-0.003381465721759014,0.4397301999852061,-0.054493698728038,0.020751953125,0.0012644941452890635,6.229508196721313e-05
377856,-0.0027742779057007283,0.7856671311892569,-0.05126912840933073,0.02001953125,0.0016167241774383,6.219262295081966e-05
378880,-0.001081863658328075,0.5240623035933822,-0.05672162238624878,0.009521484375,0.0008935339646995999,6.209016393442624e-05
379904,-0.0013946475082775578,0.5146673712879419,-0.059674295829609036,0.010009765625,0.0008577867847634479,6.198770491803279e-05
380928,-0.0019981937875854783,1.3988297078758478,-0.0760440825833939,0.011474609375,0.0010963380700559355,6.188524590163935e-05
381952,-0.0022110095815151,0.7694003582000732,-0.0610352283983957,0.017578125,0.0018223531878902577,6.17827868852459e-05
382976,-0.0037687806616304442,0.8429798944853246,-0.061752858804538846,0.031982421875,0.0038428855332313105,6.168032786885246e-05
384000,0.00015766985598020256,0.9219367406331003,-0.08612559194443747,0.02587890625,0.002176823931222316,6.157786885245902e-05
385024,-0.0028027103035128675,0.6812255457043648,-0.07649152292287908,0.021484375,0.002204885851824656,6.147540983606557e-05
386048,-0.002159228941309266,0.3222593334503472,-0.04893373529193923,0.01318359375,0.0011507179006002843,6.137295081967214e-05
387072,-0.0018703903333516791,0.4927380522713065,-0.044113723415648565,0.010498046875,0.001262543628399726,6.127049180327869e-05
388096,-0.0069621151487808675,0.9322282457724214,-0.09863453725120053,0.035888671875,0.0029603458315250464,6.116803278688525e-05
389120,-0.002230501540907426,0.48975793132558465,-0.05156232895387802,0.010986328125,0.0014123209621175192,6.10655737704918e-05
390144,-0.002124478774931049,0.8571412418968976,-0.07419302218477242,0.012939453125,0.000965092760452535,6.0963114754098373e-05
391168,-0.001550391418277286,0.37362355296500027,-0.046205290462239645,0.013671875,0.0025380625593243167,6.0860655737704916e-05
392192,-0.0035585618898039684,1.0246081033255905,-0.06269890232942998,0.014404296875,0.0011915376162505709,6.075819672131148e-05
393216,-0.002503231924492866,0.4808368678204715,-0.05773239397240104,0.0107421875,0.0009705997508717701,6.0655737704918034e-05
394240,-0.0025199692099704407,1.1102890586480498,-0.07220022031106055,0.014892578125,0.0017508733799331822,6.05532786885246e-05
395264,-0.0024306307059305254,0.9480728600174189,-0.06704781716689467,0.015380859375,0.0020915789355058223,6.045081967213115e-05
396288,-0.002878627390600741,0.8876704480499029,-0.06568533132667653,0.01318359375,0.0011829281502286904,6.03483606557377e-05
397312,-0.0013316129334270954,1.0620474703609943,-0.07733976098825224,0.017822265625,0.0016209494206123054,6.024590163934427e-05
398336,-0.001898231370432768,0.5810856837779284,-0.06037787601235323,0.006591796875,0.000662020975141786,6.014344262295082e-05
399360,-0.002642757033754606,0.33328544558025897,-0.04373237078834791,0.01611328125,0.0012050857985741459,6.0040983606557376e-05
400384,-0.0029057295905658975,0.6919719364959747,-0.05621010952745564,0.022705078125,0.001910616410896182,5.993852459016394e-05
401408,-0.003046448196982965,0.530787224881351,-0.05990955905872397,0.015625,0.001611214662261773,5.9836065573770495e-05
402432,-0.002556811785325408,0.5638600629754364,-0.0765703941724496,0.016845703125,0.0025602518144296482,5.973360655737705e-05
403456,-0.005139067354321014,0.8753465539775789,-0.08623286633519456,0.024169921875,0.002996260365762282,5.9631147540983614e-05
404480,-0.001949721568962559,0.7061692983843386,-0.05742882881895639,0.017578125,0.002652723138453439,5.952868852459017e-05
405504,-0.0021440428026835434,0.7062849702779204,-0.04892997533897869,0.012451171875,0.0012408010079525411,5.942622950819672e-05
406528,-0.001387222981065861,0.38028739648871124,-0.041342116383020766,0.00830078125,0.0008585984978708439,5.932377049180329e-05
407552,-0.0014827736813458614,0.3950242542196065,-0.035586530346336076,0.007080078125,0.0007161299290601164,5.922131147540984e-05
408576,-0.0020704604539787397,0.406965765170753,-0.03837013279553503,0.009521484375,0.0012333972626947798,5.911885245901639e-05
409600,-0.003981115616625175,1.2284154808148742,-0.07368486397899687,0.029541015625,0.0025417691795155406,5.9016393442622956e-05
410624,-0.0026028051433968358,0.34543715813197196,-0.042716597294202074,0.017822265625,0.0017276215512538329,5.891393442622951e-05
411648,-0.00034284979483345523,0.37426207622047514,-0.04338725528214127,0.01220703125,0.0012903967362944968,5.881147540983607e-05
412672,-0.0023115415824577212,1.255374374333769,-0.07626666154828854,0.024169921875,0.0016080773202702403,5.870901639344263e-05
413696,-0.005355280511139426,0.5975750002544373,-0.0669836507877335,0.02099609375,0.001684548486082349,5.8606557377049186e-05
414720,-0.0014269977691583335,0.48255985183641315,-0.05313902351190336,0.0146484375,0.0010441708873258904,5.8504098360655735e-05
415744,-0.0012322883630986325,0.33478940662462264,-0.040903873086790554,0.0087890625,0.0007448132091667503,5.8401639344262305e-05
416768,-0.0015632539871148765,0.5027736919000745,-0.054070462836534716,0.018310546875,0.0016322959054377861,5.8299180327868854e-05
417792,-0.0018628784237080254,0.6423179195262492,-0.05690057121682912,0.020751953125,0.001619969458261039,5.819672131147541e-05
418816,-0.0015575264878862072,0.3243484478443861,-0.04926956932467874,0.0087890625,0.0008478469462716021,5.809426229508197e-05
419840,-0.002184166711231228,0.44219901296310127,-0.056716945124207996,0.011962890625,0.0009080299278139137,5.799180327868853e-05
420864,-0.002527557560824789,0.4558143981266767,-0.04010585208015982,0.010986328125,0.0015156057852436788,5.7889344262295084e-05
421888,-0.0011697578665916808,0.5417803791351616,-0.04706581449136138,0.005859375,0.0004760395022458397,5.778688524590163e-05
422912,-0.002217273740825476,0.3091691262088716,-0.03307993937050924,0.012451171875,0.002065124201180879,5.76844262295082e-05
423936,-0.0010001371338148601,0.169288320816122,-0.03394736511108931,0.007080078125,0.0008813764652586542,5.758196721311475e-05
424960,-0.002739927400398301,0.3921920722350478,-0.04008048339164816,0.01513671875,0.0019168670405633748,5.747950819672132e-05
425984,-0.0013843802735209465,0.4310476031387225,-0.034248330721311504,0.004150390625,0.00032010016730055213,5.737704918032787e-05
427008,-0.0027276607288513333,0.16847189754480496,-0.03783446025045123,0.014404296875,0.0013490834753611125,5.7274590163934426e-05
428032,-0.0030305220134323463,0.5709549214225262,-0.05780672107357532,0.0185546875,0.0016395581696997397,5.717213114754099e-05
429056,-0.0011265359535173047,0.9036337621510029,-0.06166768621187657,0.008544921875,0.0006251579543459229,5.7069672131147545e-05
430080,-0.0026740123503259383,0.8984953141771257,-0.0481714770430699,0.015625,0.0013227356466813944,5.69672131147541e-05
431104,-0.0016672308629495092,1.234696803148836,-0.07199321777443402,0.0166015625,0.0014171051370794885,5.686475409836065e-05
432128,-0.00030377858638530597,0.4628085313597694,-0.045234841949422844,0.007568359375,0.0009771710974746384,5.676229508196722e-05
433152,-0.0027115948614664376,0.5981974083697423,-0.040921112544310745,0.016357421875,0.002968183733173646,5.665983606557377e-05
434176,-0.002899610059102997,1.1344949319027364,-0.07290034196921624,0.018798828125,0.0015264378671417944,5.655737704918034e-05
435200,-0.001761391649779398,1.4231038000434637,-0.07114842248847708,0.014404296875,0.0012171241905889474,5.645491803278689e-05
436224,-0.003826653817668557,0.9881229060702026,-0.07678563409717754,0.021240234375,0.002498160509276204,5.635245901639344e-05
437248,-0.0026626612816471606,0.7603425891138613,-0.05890429485589266,0.01318359375,0.0011611001973506063,5.6250000000000005e-05
438272,-0.0025799406939768232,0.5705074877478182,-0.05357634444953874,0.009521484375,0.0010714037343859673,5.614754098360656e-05
439296,-0.002539026876547723,0.8469950947910547,-0.05619975627632812,0.011474609375,0.0010619105014484376,5.604508196721312e-05
440320,-0.0031087025890883524,0.14122870797291398,-0.037722512239270145,0.01318359375,0.001351556580630131,5.5942622950819666e-05
441344,-0.00234795411961386,1.061834710650146,-0.07490181931643747,0.015625,0.0013269140108604915,5.5840163934426236e-05
442368,-0.002653868818015326,0.24446853739209473,-0.046837076093652286,0.014404296875,0.0019948748958995566,5.5737704918032785e-05
443392,-0.0025451256697124336,0.34936288895551115,-0.044832765037426725,0.015625,0.0014927648808225058,5.5635245901639354e-05
444416,-0.002075246418826282,0.3722203791840002,-0.042845795236644335,0.0087890625,0.0009064464320545085,5.55327868852459e-05
445440,-0.0035971576580777764,0.7835523916874081,-0.056173310440499336,0.0126953125,0.0019094755189144053,5.543032786885246e-05
446464,-0.0025544642194290645,0.5574187217280269,-0.047896011543343775,0.0166015625,0.0014827741251792759,5.532786885245902e-05
447488,0.0002868170413421467,0.40102275321260095,-0.050587851175805554,0.019287109375,0.0016863089476828463,5.522540983606558e-05
448512,-0.001667602758971043,0.3397323911776766,-0.035888030608475674,0.007080078125,0.0006809904225519858,5.5122950819672134e-05
449536,-0.003722942667081952,0.6494088100735098,-0.056820493962732144,0.012451171875,0.0014922581030987203,5.502049180327868e-05
450560,-0.005719910055631772,1.3554442301392555,-0.07904910272918642,0.032470703125,0.003006674232892692,5.491803278688525e-05
451584,-0.0030693280932609923,0.4758657037746161,-0.0465795328564127,0.0166015625,0.0012179106997791678,5.48155737704918e-05
452608,-0.0028173260725452565,0.14009342977078632,-0.04048684745794162,0.02197265625,0.00205295024352381,5.471311475409837e-05
453632,-0.0017717010305204894,0.12058681942289695,-0.03127296301681781,0.01025390625,0.0011773157311836258,5.461065573770492e-05
454656,-0.00029400483617791906,0.4613252527778968,-0.0434284863731591,0.008544921875,0.000805639399914071,5.4508196721311476e-05
455680,-0.0014906407668604515,0.6870358746964484,-0.05641177683719434,0.0146484375,0.0012648415213334374,5.440573770491804e-05
456704,-0.001894905053632101,0.6071505004074425,-0.04090644553798484,0.0185546875,0.0018588229140732437,5.4303278688524594e-05
457728,-0.0018681448673305567,0.6889803134836257,-0.0452456955681555,0.0185546875,0.001960031717317179,5.420081967213115e-05
458752,-0.002208428555604769,0.20532442175317556,-0.03629606019239873,0.0146484375,0.0016110737997223623,5.40983606557377e-05
459776,-0.003997934056314989,0.25429009448271245,-0.038006244867574424,0.0126953125,0.0012904696704936214,5.399590163934427e-05
460800,-0.006809701433667215,0.9499374674633145,-0.05581909595639445,0.030517578125,0.005003879901778419,5.389344262295082e-05
461824,-0.0023125858861021698,0.6023225876269862,-0.05001578769588377,0.01123046875,0.0010349205767852254,5.3790983606557374e-05
462848,-0.0013742453957092948,0.11933981522452086,-0.03298067056311993,0.009765625,0.0011488507952890359,5.3688524590163936e-05
463872,-0.0024013386864680797,0.3340560538927093,-0.03661485365591943,0.01611328125,0.0017640731311985292,5.358606557377049e-05
464896,-0.00047417763562407345,0.44256998458877206,-0.05020954515930498,0.010986328125,0.0013862910418538377,5.3483606557377055e-05
465920,-0.005008136387914419,1.6793087599799037,-0.07980569350183941,0.02734375,0.001776525197783485,5.338114754098361e-05
466944,-0.001770225484506227,0.7098620776087046,-0.043825421467772685,0.00927734375,0.0009416556495125405,5.327868852459017e-05
467968,-0.0013425073266262189,0.20877966179978102,-0.04100433592975605,0.0107421875,0.001659079825913068,5.3176229508196716e-05
468992,-0.008569462115701754,1.2648115295451134,-0.0730827730440069,0.054931640625,0.006360975436109584,5.3073770491803285e-05
470016,-0.00451063433138188,1.3458728024270386,-0.07893844618229195,0.02734375,0.0019722203869605437,5.2971311475409834e-05
471040,-0.006463237572461367,0.8108754390850663,-0.06987073035270441,0.021728515625,0.0021174251814954914,5.28688524590164e-05
472064,-0.0008083954744506627,0.4010829257313162,-0.04313596039719414,0.0048828125,0.0004145854036323726,5.276639344262295e-05
473088,-0.0021161361946724355,0.11037744418717921,-0.035616095512523316,0.008056640625,0.0006478403156506829,5.266393442622951e-05
474112,-0.0006360099432640709,0.17479743307922035,-0.03440035387757234,0.006103515625,0.0005144589667906985,5.256147540983607e-05
475136,-0.0020578011753968894,0.36181191308423877,-0.04429223234183155,0.010498046875,0.0009675113033154048,5.245901639344263e-05
476160,-0.005395930071244948,1.3690256662666798,-0.10132594831520692,0.03564453125,0.002720829361351207,5.235655737704919e-05
477184,-0.0012275854023755528,0.16853561822790653,-0.04051450127008138,0.0126953125,0.001734202916850336,5.225409836065573e-05
478208,-0.003810258422163315,1.3324182364158332,-0.07772303000092506,0.0244140625,0.0021064012908027507,5.21516393442623e-05
479232,-0.0011021325553883798,0.49160125362686813,-0.04442762763937935,0.015380859375,0.0009740371242514811,5.204918032786885e-05
480256,-0.004245662028552033,1.7058172058314085,-0.10073415038641542,0.024658203125,0.0019131080698571168,5.1946721311475413e-05
481280,-0.0005166834162082523,0.18614690389949828,-0.04549515413236804,0.010009765625,0.0009033288224600255,5.184426229508197e-05
482304,-0.0019145777841913514,0.4376238522818312,-0.05073778025689535,0.012939453125,0.0013083476078463718,5.1741803278688525e-05
483328,-0.0009862134538707323,1.4058518027886748,-0.0689486435148865,0.008056640625,0.0007493707744288258,5.163934426229509e-05
484352,-0.003389791294466704,0.4142480480950326,-0.04701574533828534,0.010986328125,0.0009211879078065977,5.153688524590164e-05
485376,0.004091911374416668,0.1303559853695333,-0.04053355656651547,0.013427734375,0.0017493586710770614,5.1434426229508206e-05
486400,-0.0016066714088083245,0.5546639310196042,-0.04031175786803942,0.00830078125,0.0010839643291546963,5.133196721311475e-05
487424,-0.004226374912832398,0.8559835695195943,-0.060005182487657294,0.031494140625,0.0030289573332993314,5.122950819672132e-05
488448,-0.0024600269352959003,0.4231585515663028,-0.048908066062722355,0.017333984375,0.0018078009379678406,5.112704918032787e-05
489472,-0.0017458952279412188,0.5903454463696107,-0.04591251280362485,0.00634765625,0.0005280577315716073,5.102459016393443e-05
490496,-0.0020203350140945986,0.8539929701946676,-0.0459608666569693,0.01513671875,0.001774651878804434,5.0922131147540986e-05
491520,-0.0012478314820327796,0.5876143842469901,-0.04537365198484622,0.00537109375,0.00044114625052316114,5.081967213114754e-05
492544,-0.003429841970501002,0.13855298177804798,-0.036701957280456554,0.015625,0.0017980848933802918,5.0717213114754104e-05
493568,-0.00544742734200554,0.7413623847533017,-0.061118356679799035,0.023681640625,0.002300571220985148,5.0614754098360654e-05
494592,-0.0015025747707113624,0.4925827963743359,-0.042237730871420354,0.015625,0.0013692285865545273,5.051229508196722e-05
495616,-0.003507994035317097,0.49551798799075186,-0.043656145375280175,0.015625,0.0014980475898482837,5.0409836065573765e-05
496640,-0.0016150658630067483,0.789259479381144,-0.048073912475956604,0.01025390625,0.001646975775656756,5.0307377049180335e-05
497664,-0.002307077247678535,0.9328986164182425,-0.04752803516748827,0.013427734375,0.001425553775334265,5.0204918032786884e-05
498688,-0.0030906700412742794,1.2845572759397328,-0.07712362564052455,0.023681640625,0.0014464735504589044,5.0102459016393447e-05
499712,-0.002777599627734162,0.5187809014460072,-0.03953569802979473,0.012939453125,0.0010477547475602478,5e-05
500736,-0.002293308440130204,0.39276912761852145,-0.04366409014619421,0.0166015625,0.001193909985886421,4.989754098360656e-05
501760,-0.002030433857726166,0.09140752744860947,-0.03487571611913154,0.01171875,0.0009917039424180984,4.979508196721312e-05
502784,-0.004097143559192773,0.5084092004690319,-0.045187102688942105,0.017333984375,0.0016458033860544674,4.969262295081968e-05
503808,-0.0019539108252502047,0.39539520372636616,-0.04731607231951784,0.013671875,0.0011928667518077418,4.959016393442624e-05
504832,-0.0014720100080012344,0.4834839222021401,-0.03795218527375255,0.014404296875,0.0010043074071290903,4.948770491803278e-05
505856,-0.001851197492214851,0.11405291326809675,-0.03362265976466006,0.01025390625,0.0014739215257577598,4.9385245901639344e-05
506880,-0.003757914913876448,0.5274973540799692,-0.05284442064294126,0.018310546875,0.0014014624684932642,4.92827868852459e-05
507904,-0.002157324423023965,0.5579167162068188,-0.03293340830714442,0.009521484375,0.001125178074289579,4.918032786885246e-05
508928,-0.0016507443506270647,0.14433928835205734,-0.02723281489670626,0.007080078125,0.0005505592343979515,4.907786885245902e-05
509952,-0.0019343137755640782,0.512978071346879,-0.040705895735300146,0.009521484375,0.0011186592455487698,4.8975409836065575e-05
510976,-0.0006997103919275105,1.10531462659128,-0.06784876639721915,0.017333984375,0.0022753701196052134,4.887295081967214e-05
512000,-0.0005757709477620665,0.34763473307248205,-0.03930515176762128,0.00439453125,0.0003543713173712604,4.877049180327869e-05
513024,-0.0014916193140379619,0.13002814049832523,-0.03672894818009809,0.01708984375,0.0022830576926935464,4.8668032786885256e-05
514048,-0.00395944051706465,0.48969357274472713,-0.04129748280683998,0.011474609375,0.002005413429287728,4.85655737704918e-05
515072,-0.0018771749819279648,0.19992578856181353,-0.03159894193231594,0.008056640625,0.0010201689074165188,4.846311475409836e-05
516096,-0.00039625843419344164,0.8718508216552436,-0.04802237129479181,0.00830078125,0.0007568412329419516,4.836065573770492e-05
517120,-0.002961898542707786,1.1312648742459714,-0.06027850368991494,0.02392578125,0.0013306304608704522,4.825819672131148e-05
518144,-0.003412449987081345,0.11460570013150573,-0.04051620568498038,0.015625,0.002479809154465329,4.8155737704918035e-05
519168,-0.0022842268808744848,0.17787320143543184,-0.032063109341834206,0.01220703125,0.0013563403190346435,4.805327868852459e-05
520192,-0.0017975542614294682,0.45868190575856715,-0.04321828098909464,0.007080078125,0.0012718695579678752,4.7950819672131154e-05
521216,-0.003874231806548778,0.9211903517134488,-0.06475619711272884,0.023681640625,0.001922685834870208,4.784836065573771e-05
522240,-0.001306600810494274,0.18829465133603662,-0.03306955086736707,0.01220703125,0.0018745786146610044,4.774590163934426e-05
523264,-0.003799624915700406,0.9322748053818941,-0.05798069883894641,0.02392578125,0.003244487481424585,4.7643442622950815e-05
524288,-0.0016041019625845365,0.5352115381974727,-0.03558017905743327,0.020263671875,0.002082094972138293,4.754098360655738e-05
525312,-0.0027230694140598644,1.0927589586935937,-0.05031833839893807,0.017822265625,0.0014303016650956124,4.7438524590163933e-05
526336,-0.0021080903607071377,0.16532319434918463,-0.031527049039141275,0.00830078125,0.0010825420831679367,4.7336065573770496e-05
527360,-0.0013862689302186482,0.7280611377209425,-0.055421631259378046,0.012939453125,0.0013735746833845042,4.723360655737705e-05
528384,-0.004247714241500944,0.20542365848086774,-0.04004215155146085,0.018798828125,0.0039046414676704444,4.713114754098361e-05
529408,-0.0024407902674283832,0.7104125472251326,-0.05808791777235456,0.009521484375,0.0008944423680077307,4.702868852459017e-05
530432,-0.004267256685125176,0.8063730339054018,-0.05643343391420785,0.027099609375,0.002285950460645836,4.6926229508196726e-05
531456,-0.002001446220674552,0.18225133046507835,-0.03506435847521061,0.01220703125,0.0008838887151796371,4.6823770491803276e-05
532480,-0.00191203003123519,0.40560799185186625,-0.04131737886928022,0.0078125,0.0006795565423090011,4.672131147540983e-05
533504,-0.0008559214220440481,0.12772295309696347,-0.030814949954219628,0.0087890625,0.0005957458415650763,4.6618852459016394e-05
534528,-0.002369611473113764,1.2479538274928927,-0.05994060036027804,0.010009765625,0.0015057155687827617,4.651639344262295e-05
535552,-0.0015238959895214066,0.16968311683740467,-0.035219042576500215,0.0068359375,0.0006705345076625235,4.641393442622951e-05
536576,-0.009443564449611586,0.7701467357110232,-0.06570106791332364,0.025146484375,0.004000849963631481,4.631147540983607e-05
537600,-0.0017172151638078503,0.5747422440908849,-0.040535623804316856,0.005859375,0.000647991597361397,4.620901639344263e-05
538624,-0.0034589833667268977,1.3892070837318897,-0.06401732441736385,0.02197265625,0.00238653536507627,4.610655737704919e-05
539648,-0.003929087872165837,0.4270758879138157,-0.04193777082400629,0.01904296875,0.0042448052554391325,4.600409836065574e-05
540672,-0.002452411368722096,0.6933300993405282,-0.05186749322456308,0.01025390625,0.000890119161340408,4.590163934426229e-05
541696,-0.002528312943468336,0.6592287996318191,-0.050584419470396824,0.012451171875,0.0012463575694710016,4.5799180327868855e-05
542720,-0.0022376911529136123,0.7814571044873446,-0.05774162837769836,0.0087890625,0.0008511896739946678,4.569672131147541e-05
543744,-0.0013848074231646024,0.4021781971678138,-0.0510844677046407,0.014404296875,0.0013569526054197922,4.5594262295081966e-05
544768,0.0009311945395893417,0.20034166693221778,-0.03393955700448714,0.00830078125,0.0013470431076711975,4.549180327868853e-05
545792,-0.0013917542237322778,0.695169634418562,-0.049440772680100054,0.009521484375,0.0008832376697682776,4.5389344262295085e-05
546816,-0.0025996916119765956,0.5417949117254466,-0.03368509278516285,0.020751953125,0.002585317211924121,4.528688524590165e-05
547840,-0.0012268631435290445,0.4414643639465794,-0.038660742866341025,0.0068359375,0.0007057567345327698,4.5184426229508204e-05
548864,-0.0011187889176653698,0.14531733840703964,-0.03485998624091735,0.01171875,0.0006840185451437719,4.508196721311475e-05
549888,-0.004251949067111127,0.5886670164763927,-0.05929732267395593,0.0224609375,0.0020472726901061833,4.497950819672131e-05
550912,-0.0036041569474036805,0.9551796477753669,-0.054808448141557164,0.014404296875,0.0012965777277713642,4.487704918032787e-05
551936,-0.001818573429773096,0.5324914951343089,-0.04604671473498456,0.015380859375,0.0010972769814543426,4.477459016393443e-05
552960,-0.003392324004380498,0.9370288192294538,-0.057833883111015894,0.02001953125,0.001449988289095927,4.467213114754098e-05
553984,-0.0023321788976318203,0.5674602650105953,-0.051037129982432816,0.0146484375,0.0016936280808295123,4.4569672131147546e-05
555008,-0.0009599457880540285,0.13066846580477431,-0.031984533303329954,0.005615234375,0.0007004001090535894,4.44672131147541e-05
556032,-0.0040330892443307675,0.895071436651051,-0.06932720332406461,0.028076171875,0.00293866924039321,4.4364754098360664e-05
557056,-0.0050832247725338675,0.841917666606605,-0.06394387267937418,0.02099609375,0.0016263452635030262,4.426229508196722e-05
558080,-0.00246513620368205,0.4654077951563522,-0.043228124544839375,0.008544921875,0.001070401536708232,4.415983606557377e-05
559104,-0.0015408061881316826,0.328137174830772,-0.03212235493992921,0.005615234375,0.00036796210042666644,4.4057377049180325e-05
560128,-0.0023566239251522347,0.515951135661453,-0.03720944238011725,0.0146484375,0.0019273244106443599,4.395491803278689e-05
561152,-0.0018764761480269954,0.13364658458158374,-0.035161454521585256,0.006591796875,0.0009002384031191468,4.3852459016393444e-05
562176,-0.0029485374980140477,0.7299798988969997,-0.04403815706609748,0.017822265625,0.002213610801845789,4.375e-05
563200,-0.0054030185856390744,0.4731653544586152,-0.05650938450708054,0.0205078125,0.0020965102667105384,4.364754098360656e-05
564224,-0.0003971078804170247,0.45267375733237714,-0.03994026148575358,0.0107421875,0.001050912105711177,4.354508196721312e-05
565248,-0.0013628210726892576,0.1292001057881862,-0.03094931098348752,0.008544921875,0.000899307124200277,4.344262295081968e-05
566272,-0.0045628385232703295,0.7650047487113625,-0.04693208564094675,0.0107421875,0.0011501568296807818,4.334016393442624e-05
567296,-0.0028690137041849084,0.5384583952836692,-0.053871515119681135,0.016845703125,0.001811437374271918,4.3237704918032786e-05
568320,-0.0022395443593268283,0.8619745732285082,-0.04701256303815171,0.008544921875,0.0007630961408722214,4.313524590163934e-05
569344,-0.002154781192075461,0.3204644829966128,-0.037904200435150415,0.0068359375,0.0005789026618003845,4.3032786885245904e-05
570368,-0.000695590912073385,0.31181124749127775,-0.03598426884855144,0.008544921875,0.0007728988784947433,4.293032786885246e-05
571392,-0.002882588145439513,1.4030615761876106,-0.07038725199527107,0.010986328125,0.0016723407970857807,4.2827868852459016e-05
572416,-0.0026996696105925366,0.34454179159365594,-0.05048487085150555,0.030517578125,0.003051336345379241,4.272540983606558e-05
573440,-0.0008380011859117076,0.0990716468077153,-0.02888172603707062,0.00927734375,0.0007534362230217084,4.2622950819672135e-05
574464,-0.002840931760147214,0.67322106519714,-0.05304487103421707,0.009521484375,0.000862780972965993,4.25204918032787e-05
575488,-0.0009673256718087941,0.46066309337038547,-0.04513986749225296,0.017822265625,0.0017363432853017002,4.241803278688525e-05
576512,-0.0026416108739795163,0.3663680573226884,-0.03500599446124397,0.01513671875,0.0015659054624848068,4.23155737704918e-05
577536,-0.0021877911349292845,0.4622072495985776,-0.03581911484070588,0.014404296875,0.0013765798867098056,4.221311475409836e-05
578560,-0.0014862846255709883,0.5024411397753283,-0.0359545068567968,0.007080078125,0.00045640108146471903,4.211065573770492e-05
579584,-0.0017631834489293396,0.804152681492269,-0.04855193858384155,0.007080078125,0.0008110943817882799,4.200819672131148e-05
580608,-0.002343145835766336,0.8530109478160739,-0.044466392406320665,0.017578125,0.0013778984866803512,4.190573770491803e-05
581632,-0.001843963451392483,0.6743411149363965,-0.04146967097767629,0.009521484375,0.0008766459650360048,4.1803278688524595e-05
582656,-0.002780326976790093,0.14613417640794069,-0.032783030277641956,0.0107421875,0.002957436692668125,4.170081967213115e-05
583680,-0.0021781925970572047,1.0700245797634125,-0.04984722823428456,0.00390625,0.0003233899697079323,4.1598360655737714e-05
584704,-0.0038986584404483438,0.8473312794230878,-0.07018142781453207,0.01953125,0.0015118517767405137,4.1495901639344256e-05
585728,-0.0009068420040421188,0.5405124467797577,-0.03269518229899404,0.006591796875,0.0006712270114803687,4.139344262295082e-05
586752,-0.002472961314197164,0.4787084833951667,-0.03931806573382346,0.012451171875,0.0011956497255596332,4.1290983606557375e-05
587776,-0.0036633860217989422,0.3564707125769928,-0.03729504463262856,0.0166015625,0.0018487275156076066,4.118852459016394e-05
588800,-0.0024336184505955316,0.13481835287529975,-0.026365312638517935,0.0087890625,0.0011232124743401073,4.108606557377049e-05
589824,-0.0011221219683648087,0.08052712283097208,-0.028124939472945698,0.0068359375,0.0009196226819767617,4.098360655737705e-05
590848,-0.0012239272909937426,0.1170312148751691,-0.029332449252251536,0.0087890625,0.0008742794889258221,4.088114754098361e-05
591872,-0.0021060465478512924,0.0936743633938022,-0.028910358087159693,0.0107421875,0.0013343097234610468,4.077868852459017e-05
592896,-0.0015245642425725237,0.13152827776502818,-0.03657384413963882,0.004150390625,0.0004094600590178743,4.067622950819673e-05
593920,-0.002329222570551792,0.7630066080018878,-0.047449721867451444,0.012451171875,0.001216770637256559,4.057377049180327e-05
594944,-0.0008862549148034304,0.43323828815482557,-0.039250685351362335,0.00927734375,0.0008663586777402088,4.0471311475409835e-05
595968,-0.0017796022584661841,0.11523301480337977,-0.03139624356481363,0.009521484375,0.0009722598697408102,4.036885245901639e-05
596992,-0.0021111229943926446,0.6807973256800324,-0.04383380636863876,0.01171875,0.0010980620354530402,4.0266393442622954e-05
598016,-0.004481697600567713,0.8598255910910666,-0.05291817575925961,0.02490234375,0.001901385301607661,4.016393442622951e-05
599040,-0.000767230820201803,0.11258580785943195,-0.025505933906970313,0.00634765625,0.0005615818372461945,4.0061475409836066e-05
600064,-0.0018336985376663506,0.13011055218521506,-0.03608592735690763,0.010986328125,0.000918492762139067,3.995901639344263e-05
601088,-0.0028033255439368077,1.1981443343684077,-0.04560790481627919,0.0244140625,0.0021080243823234923,3.9856557377049184e-05
602112,-0.0028255900033400394,0.08599219098687172,-0.02856597247591708,0.01025390625,0.00131599600717891,3.975409836065575e-05
603136,-0.00255326549813617,1.15549575118348,-0.057341132534929784,0.01171875,0.0014714704739162698,3.965163934426229e-05
604160,-0.0028111137653468177,0.6219736033817753,-0.05967947994940914,0.0146484375,0.001196007346152328,3.954918032786885e-05
605184,-0.0017398543568560854,0.09626165765803307,-0.03626659279689193,0.01171875,0.0013495981984306127,3.944672131147541e-05
606208,-0.001731896714773029,0.5694478205405176,-0.036011185959068825,0.01220703125,0.0012210617715027183,3.934426229508197e-05
607232,-0.0018904697426478378,0.5748556749895215,-0.04421213935711421,0.010498046875,0.0009755950377439149,3.9241803278688526e-05
608256,-0.003266765175794717,0.5463028375525028,-0.046488374544424005,0.01513671875,0.0019220202157157473,3.913934426229509e-05
609280,-0.004415404036990367,2.634013567119837,-0.12327247101347893,0.027099609375,0.0020350206759758294,3.9036885245901645e-05
610304,-0.0018303370379726402,0.2201358811580576,-0.03339924112151493,0.010498046875,0.0014580770875909366,3.89344262295082e-05
611328,-0.0024215378507506102,1.8057409897446632,-0.09812780824722722,0.025146484375,0.002546616997278761,3.883196721311475e-05
612352,-0.005071670864708722,1.3664805958978832,-0.08729071277775802,0.022705078125,0.0015772864426253363,3.872950819672131e-05
613376,-0.00253627196434536,0.659795209299773,-0.05091475072549656,0.007080078125,0.0008478431627736427,3.862704918032787e-05
614400,-0.0022599273434025235,0.5609827300067991,-0.040840162328095175,0.00830078125,0.0008417257704422809,3.8524590163934424e-05
615424,-0.0027211364431423135,0.14737300167325884,-0.03442450912552886,0.009765625,0.0009536522920825519,3.842213114754099e-05
616448,-0.00199657840130385,0.1471736259991303,-0.031418307713465765,0.01123046875,0.0013826031135977246,3.831967213114754e-05
617472,-0.0013626876752823591,0.11962267209310085,-0.02885479222459253,0.010986328125,0.0008901665860321373,3.8217213114754106e-05
618496,-0.0019288187177153304,0.9504365851171315,-0.05058468459174037,0.010009765625,0.0007470004129572771,3.811475409836066e-05
619520,-0.0026729657729447354,1.4525862326845527,-0.09574220585636795,0.018310546875,0.0015681403383496217,3.801229508196722e-05
620544,-0.0068743197625735775,0.837671373039484,-0.06145789989386685,0.016845703125,0.0013540896979975514,3.7909836065573766e-05
621568,-0.0020420083237695508,0.48211075051221997,-0.04389821113727521,0.007080078125,0.0007416427251882851,3.780737704918033e-05
622592,-0.0015990368265192956,0.10818146099336445,-0.03817933087339043,0.0068359375,0.0007291047149919905,3.7704918032786885e-05
623616,-0.0058121118490817025,1.3663725056685507,-0.06370247344602831,0.017822265625,0.0012728522415272892,3.760245901639344e-05
624640,-0.0032136473892023787,0.5051944733131677,-0.04495446404325776,0.014404296875,0.0016588610014878213,3.7500000000000003e-05
625664,-0.0012460836078389548,0.12655052705667913,-0.03129564885603031,0.009521484375,0.0007798697988619097,3.739754098360656e-05
626688,-0.0014589833881473169,0.20899564202409238,-0.03911615023389459,0.008056640625,0.0005944481890765019,3.729508196721312e-05
627712,-0.0013194021012168378,0.53095633815974,-0.044495840556919575,0.00830078125,0.0005168004063307308,3.719262295081968e-05
628736,-0.005547820153879002,0.6516836036462337,-0.044716250980854966,0.032470703125,0.004781346324307378,3.7090163934426234e-05
629760,-0.0038394845360016916,1.2332071950659156,-0.060974291307502426,0.022705078125,0.002531100093619898,3.698770491803278e-05
630784,-0.0016860095638548955,0.15340770699549466,-0.03387268124788534,0.01025390625,0.0018043492091237567,3.6885245901639346e-05
631808,-0.002425843442324549,0.6985528904478997,-0.043878784257685766,0.01416015625,0.0008106992099783383,3.67827868852459e-05
632832,-0.0025353772070957348,0.35917251626960933,-0.04137960422667675,0.010498046875,0.0008749641492613591,3.668032786885246e-05
633856,-0.0024961325034382753,0.17687982530333102,-0.03568021643877728,0.010986328125,0.0014709999959450215,3.657786885245902e-05
634880,-0.0016030705446610227,0.14301638235338032,-0.027438501118012937,0.0107421875,0.001169104827567935,3.6475409836065576e-05
635904,-0.0020900934177916497,0.702333684777841,-0.045387742880848236,0.008056640625,0.0007770494848955423,3.637295081967214e-05
636928,-0.0013078944466542453,0.1325599973788485,-0.040975395917485,0.01123046875,0.0008594443570473231,3.6270491803278694e-05
637952,-0.0019711172535608057,0.3269674178445712,-0.0402164273255039,0.009765625,0.0007938453272799961,3.616803278688525e-05
638976,-0.004136723109695595,2.0791860315948725,-0.09639413212426007,0.02099609375,0.0015658012416679412,3.60655737704918e-05
640000,-0.0007266472966875881,0.6979157272726297,-0.045073300068906974,0.00390625,0.00035190388007322326,3.596311475409836e-05
641024,-0.001077125831216108,0.6908098794519901,-0.05773725177277811,0.00390625,0.00033944386086659506,3.586065573770492e-05
642048,-0.0016232433408731595,0.10366356128361076,-0.0301679561198398,0.00537109375,0.00035132127959514037,3.5758196721311474e-05
643072,-0.0035774771313299425,0.622782095335424,-0.04752919121528976,0.01611328125,0.0017084540013456717,3.5655737704918037e-05
644096,-0.00165585866488982,0.11653314135037363,-0.032836142814630875,0.0107421875,0.0008211729073082097,3.555327868852459e-05
645120,-0.0021885413298150524,0.14745994342956692,-0.03791820454353001,0.012451171875,0.001965746814676095,3.5450819672131155e-05
646144,-0.0012207136751385406,0.32152430596761405,-0.041697919557918794,0.003173828125,0.00045953696098877117,3.534836065573771e-05
647168,-0.0023049180108500877,0.7731148689053953,-0.044961493083974347,0.01318359375,0.0009577496457495727,3.524590163934426e-05
648192,-0.0018409641124890186,0.07438440300757065,-0.03622504077429767,0.011962890625,0.0018166527734138072,3.5143442622950816e-05
649216,-0.002869565061700996,0.7039424870163202,-0.04849464807193726,0.00634765625,0.0005646758581860922,3.504098360655738e-05
650240,-0.004004620626801625,0.3595629569608718,-0.04959865762793925,0.015380859375,0.003046150741283782,3.4938524590163935e-05
651264,-0.0037771504939883016,0.9310527339112014,-0.06392413961293641,0.02001953125,0.0017899463564390317,3.483606557377049e-05
652288,-0.0013317476405063644,0.08944489737041295,-0.027888203683687607,0.00732421875,0.0008925717702368274,3.473360655737705e-05
653312,-0.002632502539199777,0.15907582105137408,-0.03516055909130955,0.01025390625,0.0018533574548200704,3.463114754098361e-05
654336,-0.002351763061597012,0.8248046969529241,-0.0537947466946207,0.00830078125,0.000636441218375694,3.452868852459017e-05
655360,-0.0038718630239600316,0.07601434149546549,-0.03939556003024336,0.017822265625,0.001701296387182083,3.442622950819673e-05
656384,-0.00268552439956693,0.4639748821500689,-0.0521540364716202,0.012451171875,0.0012818615359719843,3.432377049180328e-05
657408,-0.00336163896281505,0.3708076629554853,-0.04272593201312702,0.0078125,0.0010926870891125873,3.422131147540983e-05
658432,-0.002744288751273416,0.7084931749850512,-0.05071413813857362,0.013671875,0.0020601205396815203,3.4118852459016395e-05
659456,-0.001923126525070984,0.5087437254842371,-0.03826786384161096,0.01416015625,0.0009417660257895477,3.401639344262295e-05
660480,-0.0019015350262634456,0.6618752675130963,-0.0414328204060439,0.006103515625,0.0006392564828274772,3.391393442622951e-05
661504,-0.0021446950995596126,0.1009635902591981,-0.03460922263911925,0.00927734375,0.0007976451015565544,3.381147540983607e-05
662528,-0.002282280031067785,0.9904983232263476,-0.061817733832867816,0.021484375,0.002933776064310223,3.3709016393442625e-05
663552,-0.0023634446297364775,0.11793061072239652,-0.032721328097977675,0.00927734375,0.0007772567187203094,3.360655737704919e-05
664576,-0.0014219068725651596,0.42234759440179914,-0.030206496459868504,0.005126953125,0.0004953374445904046,3.3504098360655744e-05
665600,-0.00047238469414878637,0.10715343721676618,-0.03667688484711107,0.006103515625,0.0003915213601430878,3.340163934426229e-05
666624,-0.000986026308964938,0.6049804538488388,-0.047909569191688206,0.01220703125,0.001145930596976541,3.329918032786885e-05
667648,-0.0011750449339160696,0.6971510695293546,-0.03894413783564232,0.006103515625,0.0004437039024196565,3.319672131147541e-05
668672,-0.0020373839361127466,0.11769446911057457,-0.02855329757949221,0.012451171875,0.0011601846490520984,3.309426229508197e-05
669696,-0.001479726139223203,0.06897742656292394,-0.02751076448475942,0.007080078125,0.0007729321951046586,3.2991803278688523e-05
670720,-0.0012800635304301977,0.3887359290383756,-0.031403021999722114,0.0107421875,0.0015100435994099826,3.2889344262295086e-05
671744,-0.0036197434092173353,0.3348288165871054,-0.03770167121547274,0.010498046875,0.0008677239675307646,3.278688524590164e-05
672768,-0.0011053523048758507,0.6741560597438365,-0.04363101944909431,0.00439453125,0.00037110339326318353,3.2684426229508205e-05
673792,-0.0012999550526728854,0.46702580945566297,-0.032051572648924775,0.0068359375,0.0006530038444907404,3.258196721311475e-05
674816,-0.002192131578340195,0.16150498134084046,-0.036959575591026805,0.009765625,0.000726548649254255,3.247950819672131e-05
675840,-0.0017904236156027764,1.0786876357160509,-0.06654996250290424,0.00732421875,0.00064544069027761,3.2377049180327866e-05
676864,-0.0018112316611222923,0.3836804243037477,-0.045393017324386165,0.010498046875,0.0015692013694206253,3.227459016393443e-05
677888,-0.0018587833219498862,0.37227587192319334,-0.037280751173966564,0.01123046875,0.0008585273462813348,3.2172131147540984e-05
678912,-0.0037402961897896603,0.8414907236583531,-0.05123909580288455,0.01416015625,0.0008487557788612321,3.206967213114755e-05
679936,-0.003105891726590926,0.6011210305150598,-0.04702246580563951,0.01123046875,0.001247214233444538,3.19672131147541e-05
680960,-0.005125287389091682,0.3013723981566727,-0.037450234362040646,0.014892578125,0.0034325203669141047,3.186475409836066e-05
681984,-0.0037461673782672733,0.4996234863065183,-0.03733433441084344,0.013671875,0.0024927849663072266,3.176229508196722e-05
683008,-0.0017634227915550582,0.5401582410559058,-0.032384030095272465,0.011474609375,0.00100248876697151,3.1659836065573764e-05
684032,-0.0023111353293643333,1.1753955495078117,-0.03888843967433786,0.0126953125,0.0010027859170804732,3.1557377049180326e-05
685056,-0.001229619090736378,0.8288968238048255,-0.03606213900638977,0.0048828125,0.00043151650606887415,3.145491803278688e-05
686080,-0.0022212216590560274,0.3368260192219168,-0.03531894519983325,0.010009765625,0.0009741040485096164,3.1352459016393445e-05
687104,-0.0017103348873206414,0.36721615062560886,-0.03968081380298827,0.012451171875,0.001102495938539505,3.125e-05
688128,-0.0017700173120829277,0.08577816531760618,-0.02607797858217964,0.01025390625,0.0008254336062236689,3.114754098360656e-05
689152,-0.0009554037897032686,0.12278291425900534,-0.02887149067100836,0.005615234375,0.0004875616214121692,3.104508196721312e-05
690176,-0.0032561169209657237,0.42616144474595785,-0.03944347771903267,0.01171875,0.0010271531427861191,3.0942622950819675e-05
691200,-0.002120557466696482,0.12004634534241632,-0.02742482168832794,0.009521484375,0.001029206090606749,3.084016393442624e-05
692224,-0.001009248044283595,0.06738970498554409,-0.027276618100586347,0.007568359375,0.0006603371439268813,3.073770491803279e-05
693248,-0.0009706571800052188,0.11231287475675344,-0.026378302568446088,0.004150390625,0.00043197916966164485,3.063524590163934e-05
694272,-0.0031700062681920826,1.5727604990825057,-0.06507130386307836,0.0107421875,0.0013552246964536607,3.05327868852459e-05
695296,-0.001727883289277088,0.3456045040511526,-0.03803949248322169,0.010498046875,0.0011631839879555628,3.0430327868852458e-05
696320,-0.0004808766607311554,0.18966218060813844,-0.03235611641139258,0.002685546875,0.0002499421898392029,3.0327868852459017e-05
697344,-0.00340738745580893,1.3598432643339038,-0.07272466260474175,0.0234375,0.002263465525174979,3.0225409836065576e-05
698368,-0.0014830072832410224,0.723507622256875,-0.042848078526731115,0.01025390625,0.0008298295651911758,3.0122950819672136e-05
699392,-0.0022240417238208465,0.10652487026527524,-0.028656151349423453,0.005126953125,0.0005291593697620556,3.0020491803278695e-05
700416,-0.0015634646188118495,0.09917783224955201,-0.03477462391310837,0.0068359375,0.0004989236913388595,2.9918032786885254e-05
701440,-0.0012305052223382518,0.4040812791790813,-0.038663654602714814,0.00439453125,0.00028405924240360036,2.98155737704918e-05
702464,-0.0017676067582215182,1.1663297330960631,-0.05836614783038385,0.006591796875,0.0005403973773354664,2.971311475409836e-05
703488,-0.003326071466290159,0.6212907220469788,-0.05083912487316411,0.017578125,0.0017760974733391777,2.961065573770492e-05
704512,-0.001540723766083829,0.174207761650905,-0.028903430451464374,0.005859375,0.0007108454155968502,2.9508196721311478e-05
705536,-0.0010564076583250426,0.13373491074889898,-0.029554870576248504,0.008544921875,0.0008018213993636891,2.9405737704918034e-05
706560,-0.0023759656469337642,0.07693789689801633,-0.03409658644523006,0.0146484375,0.0015732326937722974,2.9303278688524593e-05
707584,-0.001775194425135851,0.9925143090076745,-0.044766274644644,0.00341796875,0.00029304831696208566,2.9200819672131152e-05
708608,-0.002133524867531378,0.5210759982001036,-0.03428416593305883,0.0087890625,0.0008022953697945923,2.909836065573771e-05
709632,-0.0010531113439355977,0.46674244315363467,-0.032413568431366,0.008544921875,0.0005411295060184784,2.8995901639344257e-05
710656,-0.0023840157882659696,0.5213732367847115,-0.03903192590223625,0.009521484375,0.0008575185565860011,2.8893442622950817e-05
711680,-0.003333118322188966,0.6451540156267583,-0.05878611720982008,0.013916015625,0.0013030241098022088,2.8790983606557376e-05
712704,-0.0032137842863448896,0.6806189082562923,-0.04153561593557242,0.01953125,0.0013899352270527743,2.8688524590163935e-05
713728,-0.0047143957344815135,0.07660482084611431,-0.03208952854765812,0.015869140625,0.00201115311938338,2.8586065573770494e-05
714752,-0.0023678127909079194,0.18182017689105123,-0.03377470057239407,0.010498046875,0.0009660476353019476,2.848360655737705e-05
715776,-0.0014915013234713115,0.44043710886035115,-0.03752130894281436,0.003173828125,0.00021939486032351851,2.838114754098361e-05
716800,-0.00045484110160032287,0.6309619527310133,-0.042316964303608984,0.005126953125,0.0004957110722898506,2.827868852459017e-05
717824,-0.0009595922529115342,0.5008759684860706,-0.04143350092635956,0.004638671875,0.00036081518919672817,2.8176229508196728e-05
718848,-0.002367998589761555,0.1328931677271612,-0.03451237904300797,0.017822265625,0.0014107400638749823,2.8073770491803274e-05
719872,-0.001725686262943782,0.501834764610976,-0.041802965955866966,0.008544921875,0.0007829122478142381,2.7971311475409833e-05
720896,-0.004029465286293998,1.0799313394818455,-0.07159761240473017,0.034423828125,0.0028121372015448287,2.7868852459016392e-05
721920,-0.0018378842796664685,0.9275069870054722,-0.05134834302589297,0.00732421875,0.0006093840129324235,2.776639344262295e-05
722944,-0.0011352236469974741,0.10858029773226008,-0.024260768830572488,0.004150390625,0.00038798083551228046,2.766393442622951e-05
723968,-0.0007147825017455034,0.7850463620852679,-0.04836126547888853,0.0107421875,0.0008456716677756049,2.7561475409836067e-05
724992,-0.002106868756527547,0.1556636244058609,-0.03217249004774203,0.01220703125,0.0008825804252410308,2.7459016393442626e-05
726016,-0.0008577912449254654,0.11998222291003913,-0.02647361741765053,0.006103515625,0.0004403284110594541,2.7356557377049185e-05
727040,-0.0017501479378552176,0.4377842608373612,-0.03701757354428992,0.00634765625,0.00045128200872568414,2.7254098360655745e-05
728064,-0.0012488578940974548,0.0898217631620355,-0.025761881233847816,0.006591796875,0.0005069820690550841,2.715163934426229e-05
729088,-0.0028372049855533987,0.6107448034454137,-0.054202369137783535,0.0185546875,0.001119011219998356,2.704918032786885e-05
730112,-0.0011637382776825689,0.10850995575310662,-0.03062143906572601,0.00390625,0.00030544476612703875,2.694672131147541e-05
731136,-0.0008294538201880641,0.1904233128298074,-0.03354499246052001,0.0048828125,0.00041353523556608707,2.6844262295081968e-05
732160,-0.0009765217400854453,0.05918070179177448,-0.02745816214064689,0.0087890625,0.0006926400092197582,2.6741803278688527e-05
733184,-0.0028066073791706003,0.13159795000683516,-0.029326128300454002,0.0126953125,0.002411912697425578,2.6639344262295087e-05
734208,-0.0016456317534903064,0.4381490229861811,-0.04162664894829504,0.009765625,0.0007362481846939772,2.6536885245901643e-05
735232,-0.0037248870212351903,0.3763780497247353,-0.03710633223090554,0.01220703125,0.0015835041413083673,2.6434426229508202e-05
736256,-0.0009850724163698032,0.12484408949967474,-0.030365528000402264,0.005859375,0.0003502078616293147,2.633196721311475e-05
737280,-3.4397991839796305e-05,0.9355879598297179,-0.06798605067888275,0.01806640625,0.0017185977339977399,2.622950819672131e-05
738304,-0.002279317155625904,0.3957077011000365,-0.04363986606767867,0.015625,0.0016076138126663864,2.6127049180327866e-05
739328,-0.0026903146208496764,0.24314220156520605,-0.03578309373551747,0.008056640625,0.0009362186610815115,2.6024590163934425e-05
740352,-0.0015176900815276895,0.9110502898693085,-0.03899034205824137,0.00537109375,0.00042504841985646635,2.5922131147540985e-05
741376,-0.0009195555503538344,0.11030327988555655,-0.02533631458209129,0.005615234375,0.0004928281487082131,2.5819672131147544e-05
742400,-0.0022994207683950663,0.10470713517861441,-0.03068078734941082,0.011474609375,0.0008309776239912026,2.5717213114754103e-05
743424,-0.002595001169538591,0.6072233370505273,-0.049311173366731964,0.0166015625,0.0013069275009911507,2.561475409836066e-05
744448,-0.0015754036139696836,0.1506967811146751,-0.03221804290660657,0.00732421875,0.000862315071572084,2.551229508196722e-05
745472,-0.002789379461319186,0.3916189775336534,-0.03709623911709059,0.015625,0.0014634321632911451,2.5409836065573767e-05
746496,-0.0018646551252459176,0.4739197108428925,-0.04773682551240199,0.0068359375,0.0005354790700948797,2.5307377049180327e-05
747520,-0.0021726439663325436,0.8063684056978673,-0.050754111289279535,0.0107421875,0.0007457612300640903,2.5204918032786883e-05
748544,-0.001606109188287519,0.4097815512213856,-0.0394791037106188,0.007080078125,0.000494579719088506,2.5102459016393442e-05
749568,-0.0011839368016808294,1.1835104627534747,-0.06607021315721795,0.0107421875,0.0006269185832934454,2.5e-05
750592,-0.002556858082243707,0.5205295933410525,-0.04114969176589511,0.006103515625,0.0004630788607755676,2.489754098360656e-05
751616,-0.002206640026997775,0.08895897201728076,-0.030381278265849687,0.00927734375,0.0006666126937489025,2.479508196721312e-05
752640,-0.000646097440039739,0.7306149199139327,-0.041871734167216346,0.003173828125,0.00035949762241216376,2.4692622950819676e-05
753664,-0.0023508424128522165,0.14017246128059924,-0.030633036643848754,0.010498046875,0.0008464590719086118,2.4590163934426235e-05
754688,-0.002256094041513279,0.8975113229826093,-0.05637210750137456,0.006591796875,0.0006402577782864682,2.4487704918032784e-05
755712,-0.0034929154717247,0.5721878055483103,-0.04757101516588591,0.022705078125,0.0018389100587228313,2.4385245901639343e-05
756736,-0.0020832854643231258,0.14150414720643312,-0.02999598726455588,0.005615234375,0.0003829232227872126,2.42827868852459e-05
757760,-0.004171933047473431,1.027910745004192,-0.06040516654320527,0.02685546875,0.002024929752224125,2.418032786885246e-05
758784,-0.0008773240442678798,0.07782381097786129,-0.026598001135425875,0.004638671875,0.0003941893155570142,2.4077868852459018e-05
759808,-0.001996130005863961,0.49735307053197175,-0.04210496426458121,0.006591796875,0.0006734550333931111,2.3975409836065577e-05
760832,-0.0013689683219126891,0.5050949858268723,-0.036440999087062664,0.006103515625,0.00040529727266402915,2.3872950819672136e-05
761856,-0.001967029289517086,1.5381705798208714,-0.07110684202052653,0.00927734375,0.0007846715088817291,2.3770491803278692e-05
762880,-0.0009723932380438782,0.20345982036087662,-0.0415421889629215,0.00439453125,0.00037617050111293793,2.366803278688525e-05
763904,-0.0008217510767281055,0.10432135302107781,-0.03030028418288566,0.002685546875,0.00027719543140847236,2.35655737704918e-05
764928,-0.0016302302028634585,0.26232623925898224,-0.03976872506609652,0.007080078125,0.0005196266793063842,2.346311475409836e-05
765952,-0.0016556699774810113,0.20077733870130032,-0.03126606359728612,0.008544921875,0.00046808571642031893,2.3360655737704916e-05
766976,-0.0006317977531580254,0.7282530711963773,-0.04399395138898399,0.00244140625,0.00024057552218437195,2.3258196721311475e-05
768000,-0.0020211758601362817,0.9061720529571176,-0.046736009207961615,0.0048828125,0.0006396800526999868,2.3155737704918034e-05
769024,-0.005616763286525384,0.5456718078348786,-0.04442037327680737,0.019287109375,0.002163215394830331,2.3053278688524594e-05
770048,-0.0017561042332090437,0.5219550618203357,-0.037812126356584486,0.004638671875,0.00037902730400674045,2.2950819672131153e-05
771072,-0.0018868538536480628,0.16377812228165567,-0.03607203889259836,0.0146484375,0.0017890611925395206,2.2848360655737712e-05
772096,-0.0015258685234584846,0.527330529410392,-0.03852540911611868,0.0087890625,0.0007221630730782636,2.2745901639344258e-05
773120,-0.0018671729558263905,0.19838012114632875,-0.030824908724753186,0.0107421875,0.0012265340265003033,2.2643442622950817e-05
774144,-0.003175600551912794,0.5387196892406791,-0.05117292606882984,0.016845703125,0.0011221926688449457,2.2540983606557376e-05
775168,-0.0020696288338513114,0.13179340434726328,-0.029799146635923535,0.004150390625,0.0003785687804338522,2.2438524590163936e-05
776192,-0.0019408446205488872,0.16843378660269082,-0.029091882199281827,0.00830078125,0.0008340893255081028,2.233606557377049e-05
777216,-0.0015798454733157996,0.06638953002402559,-0.030478203916572966,0.004150390625,0.0003638157431851141,2.223360655737705e-05
778240,-0.002662698199856095,0.46394099935423583,-0.03237749878462637,0.011962890625,0.0007011835987213999,2.213114754098361e-05
779264,-0.000978969477728242,0.5269577689468861,-0.044016083411406726,0.00439453125,0.00025537083274684846,2.202868852459017e-05
780288,-0.0025555794018146116,0.48040682380087674,-0.045860326921683736,0.010986328125,0.0008861690803314559,2.192622950819673e-05
781312,-0.002957757325930288,0.531500477809459,-0.04414820729289204,0.009033203125,0.0007566226049675606,2.1823770491803274e-05
782336,-0.004280747365555726,0.3470506203593686,-0.036768578942428576,0.013671875,0.0009821033017942682,2.1721311475409834e-05
783360,-0.0025213103435817175,1.5892586912959814,-0.05205848709738348,0.00927734375,0.0008765188977122307,2.1618852459016393e-05
784384,-0.0019181763927917928,0.11544519162271172,-0.026159256107348483,0.005859375,0.0006256362321437337,2.1516393442622952e-05
785408,-0.0019861986074829474,0.8195705174002796,-0.04381065696361475,0.004638671875,0.0005287856329232454,2.1413934426229508e-05
786432,-0.0015402796707348898,0.8291169011499733,-0.041103644703980535,0.006591796875,0.0007473787918570451,2.1311475409836067e-05
787456,-0.0007466157621820457,0.15179844130761921,-0.030246505499235354,0.00146484375,9.695591143099591e-05,2.1209016393442627e-05
788480,-0.0021561540197581053,0.4275812873383984,-0.050424106302671134,0.00634765625,0.0005221224564593285,2.1106557377049186e-05
789504,-0.0017797698164940812,0.7689384710974991,-0.05534823160269298,0.020751953125,0.001463620297727175,2.1004098360655745e-05
790528,-0.0012248721614014357,0.2179413662524894,-0.03276176843064604,0.006591796875,0.0006328207164187916,2.090163934426229e-05
791552,-0.0027181845798622817,1.6218211380764842,-0.09064012404996902,0.019287109375,0.0013704746670555323,2.079918032786885e-05
792576,-0.0016188095942197833,0.402056876453571,-0.03256370325834723,0.00634765625,0.0004147955260123126,2.069672131147541e-05
793600,-0.002206158096669242,0.13194968277821317,-0.03355329650003114,0.00927734375,0.000651035392365884,2.059426229508197e-05
794624,-0.0011804245732491836,0.18391561682801694,-0.0369968641352898,0.00634765625,0.0008297124732052907,2.0491803278688525e-05
795648,-0.0013753577004536055,0.10275850398465991,-0.03140772302685946,0.00341796875,0.0003874017274938524,2.0389344262295084e-05
796672,-0.0027744714498112444,0.6989500743802637,-0.050360134613583796,0.008544921875,0.0009105108765652403,2.0286885245901643e-05
797696,-0.000717216418706812,0.10577453311998397,-0.028927353385370225,0.00146484375,0.0001997945291805081,2.0184426229508202e-05
798720,-0.0019456963782431558,0.4826869707321748,-0.03556241984188091,0.00439453125,0.0004908410264761187,2.0081967213114748e-05
799744,-0.0010550105944275856,0.13684529636520892,-0.028695478693407495,0.006591796875,0.0005491850461112335,1.9979508196721307e-05
800768,-0.002421557488560211,0.8969900561496615,-0.060081104456912726,0.006103515625,0.0005480551481014118,1.9877049180327867e-05
801792,-0.0011661942189675756,0.09701894852332771,-0.02853524147940334,0.002685546875,0.00027814154600491747,1.9774590163934426e-05
802816,-0.002560187116614543,0.32578807475510985,-0.04249860701384023,0.0087890625,0.0007691697610425763,1.9672131147540985e-05
803840,-0.0022941512943361886,0.7987466279882938,-0.0540316560654901,0.005126953125,0.00046088422823231667,1.9569672131147544e-05
804864,-0.0019367129934835248,0.07359084649942815,-0.035936718129960354,0.00634765625,0.0005738042600569315,1.94672131147541e-05
805888,-0.0014799132331972942,0.16077772621065378,-0.037194458207522985,0.004638671875,0.000352051887603011,1.936475409836066e-05
806912,-0.00023596559185534716,0.7002691184170544,-0.03927535496040946,0.002685546875,0.00017485077114542946,1.926229508196722e-05
807936,-0.0012608899342012592,0.44909003586508334,-0.040371768234763294,0.00537109375,0.0005482034612214193,1.9159836065573765e-05
808960,-0.001215516786032822,0.4556366391479969,-0.03490960376802832,0.005126953125,0.0005160545042599551,1.9057377049180324e-05
809984,-0.0018051182487397455,0.05503987654810771,-0.02978915824496653,0.008056640625,0.0007337488059420139,1.8954918032786883e-05
811008,-0.002247302698378917,0.2093354802345857,-0.03200542231206782,0.01171875,0.0018437220860505477,1.8852459016393442e-05
812032,-0.0015045873515191488,0.7341350780334324,-0.05081560135295149,0.003662109375,0.000256993887887802,1.8750000000000002e-05
813056,-0.0017931579932337627,0.13483589759562165,-0.029256658322992735,0.006591796875,0.00044342455657897517,1.864754098360656e-05
814080,-0.0019458557362668216,0.0996055934811011,-0.029977024780237116,0.00537109375,0.0008052202829276212,1.8545081967213117e-05
815104,-0.0013590578819275834,0.1501022773445584,-0.04080738627817482,0.00390625,0.0002818612119881436,1.8442622950819676e-05
816128,-0.0008946509333327413,0.06427591165993363,-0.029945404839963885,0.003662109375,0.00039560473669553176,1.8340163934426235e-05
817152,-0.00041793299897108227,0.3034049852285534,-0.038485869132273365,0.002197265625,0.00017887158901430666,1.8237704918032785e-05
818176,-0.0021716185947298072,0.7463691849261522,-0.050269773113541305,0.008544921875,0.0005166955306776799,1.813524590163934e-05
819200,-0.002416704584902618,0.4711536306422204,-0.054998088904540055,0.007568359375,0.0006424580933526158,1.80327868852459e-05
820224,-0.0005916935624554753,0.32649264577776194,-0.0404220986092696,0.00146484375,0.0001727213748381473,1.793032786885246e-05
821248,-0.0014680606545880437,0.7710499099921435,-0.048210839508101344,0.0048828125,0.0006290467426879331,1.7827868852459018e-05
822272,-0.0027266470351605676,0.3732057847082615,-0.03876508977555204,0.0126953125,0.000890603601874318,1.7725409836065578e-05
823296,-0.0015792325721122324,0.10547020385274664,-0.03361470413801726,0.007080078125,0.0011151856087963097,1.7622950819672133e-05
824320,-0.0021857969113625586,0.1237271698191762,-0.047504665737506,0.01220703125,0.0007790351737639867,1.7520491803278693e-05
825344,-0.0019517770779202692,0.35665589082054794,-0.04212377606017981,0.006103515625,0.0005488646929734387,1.7418032786885252e-05
826368,-0.0026382100477349013,0.4566619342658669,-0.04637126621673815,0.00927734375,0.0005706814263248816,1.73155737704918e-05
827392,-0.0014519426731567364,0.9699201488401741,-0.05882096313871443,0.0078125,0.0005290763874654658,1.7213114754098357e-05
828416,-0.0013913102811784483,0.13433086615987122,-0.038145507758599706,0.006591796875,0.00048402310494566336,1.7110655737704916e-05
829440,-0.0012071294186171144,0.11320394370704889,-0.02914290975604672,0.004638671875,0.0004332346943556331,1.7008196721311476e-05
830464,-0.0030128002545097843,0.3155489134369418,-0.03910205961437896,0.014892578125,0.0014478173688985407,1.6905737704918035e-05
831488,-0.0012130823197367135,0.3654118184931576,-0.03926715523994062,0.003173828125,0.0003848639753414318,1.6803278688524594e-05
832512,-0.0008832599778543226,0.14534213638398796,-0.03445230565557722,0.00439453125,0.0003763123822864145,1.670081967213115e-05
833536,-0.0009320660610683262,0.15067765023559332,-0.03215470920258667,0.00390625,0.0003135292645310983,1.659836065573771e-05
834560,-0.0013672421155206393,0.48029202595353127,-0.03992939590534661,0.00439453125,0.00028245420253369957,1.649590163934426e-05
835584,-0.001143017605500063,0.5882136928848922,-0.04007239510247018,0.010009765625,0.000622608517005574,1.6393442622950818e-05
836608,-0.0028283424471737817,0.3523816732922569,-0.037257656949805096,0.008544921875,0.0006577603708137758,1.6290983606557374e-05
837632,-0.0012302788418310229,0.118433324736543,-0.032069623448478524,0.006591796875,0.0005189489602344111,1.6188524590163933e-05
838656,-0.001268803305720212,0.34055255027487874,-0.03433867545390967,0.001953125,0.0002386156120337546,1.6086065573770492e-05
839680,-0.0032955092392512597,0.06824415037408471,-0.029701614554141997,0.01220703125,0.0012348730306257494,1.598360655737705e-05
840704,-0.002088914185151225,0.1896535208215937,-0.03387254537665285,0.007080078125,0.0005701910558855161,1.588114754098361e-05
841728,-0.001272536421311088,0.4746311689959839,-0.03997660790628288,0.004638671875,0.00030653855355922133,1.577868852459017e-05
842752,-0.0011449339381215395,0.337634771829471,-0.03704145780648105,0.00244140625,0.00021182641648920253,1.5676229508196726e-05
843776,-0.0015498804496019147,0.11277848342433572,-0.028712488732708152,0.004638671875,0.0003579923213692382,1.5573770491803275e-05
844800,-0.0017338374454993755,0.12619700358482078,-0.027280451278784312,0.00439453125,0.0002711705237743445,1.5471311475409834e-05
845824,-0.0008973111980594695,0.09869609028100967,-0.024863785412890138,0.004150390625,0.00032131662737810984,1.5368852459016393e-05
846848,-0.0013600205966213252,0.14292225264944136,-0.034008253351203166,0.0048828125,0.00042306360410293564,1.526639344262295e-05
847872,-0.0011832240234070923,0.09419659088598564,-0.030958727635152172,0.00390625,0.00036064799496671185,1.5163934426229509e-05
848896,-0.001243025362782646,0.0672221666900441,-0.029370408083195798,0.0048828125,0.0003890002626576461,1.5061475409836068e-05
849920,-0.0018505236730561592,0.9819683150853962,-0.04277379676932469,0.0068359375,0.0006454312824644148,1.4959016393442627e-05
850944,-0.0009364541620016098,0.1373684075078927,-0.04228763088758569,0.005859375,0.00038112280890345573,1.4856557377049185e-05
851968,-0.0014609031295549357,0.34822785877622664,-0.037917748421023134,0.00390625,0.0002819462606566958,1.4754098360655744e-05
852992,-0.0011064624741266016,0.3706787566188723,-0.037655621679732576,0.006103515625,0.0003609904015320353,1.4651639344262291e-05
854016,-0.0022634383058175445,0.7656740120146424,-0.057274449442047626,0.006591796875,0.00044942243403056636,1.454918032786885e-05
855040,-0.0011610128567554057,0.17613604373764247,-0.03580789707848453,0.007080078125,0.0004748465944430791,1.4446721311475408e-05
856064,-0.004430587345268577,0.19969349401071668,-0.03624914799001999,0.007080078125,0.0008756638344493695,1.4344262295081968e-05
857088,-0.0008802391675999388,0.40976877929642797,-0.04257686043274589,0.000732421875,8.470520697301254e-05,1.4241803278688525e-05
858112,-0.0017229539807885885,0.1151940644485876,-0.027949038694714545,0.0029296875,0.00027152796974405646,1.4139344262295084e-05
859136,-0.0009666678379289806,0.3906076482962817,-0.036891698560793884,0.001953125,0.00018873980297939852,1.4036885245901644e-05
860160,-0.0016492901049787179,0.12815874407533556,-0.03375684053025907,0.005615234375,0.00042496679816395044,1.3934426229508201e-05
861184,-0.0024030339045566507,0.35353281593415886,-0.03617275374381279,0.005859375,0.0004207663223496638,1.3831967213114749e-05
862208,-0.002022324268182274,0.6886547862086445,-0.04945466437493451,0.005859375,0.0005111560240038671,1.3729508196721308e-05
863232,-0.0029240779040264897,0.5507859943900257,-0.045811869436874986,0.011962890625,0.0017115887676482089,1.3627049180327867e-05
864256,-0.002837944804923609,0.4323581219650805,-0.047889871275401674,0.010986328125,0.0010398110971436836,1.3524590163934425e-05
865280,-0.0021452633482113015,0.19365717784967273,-0.044580806788871996,0.0068359375,0.0004637969905161299,1.3422131147540984e-05
866304,-0.0011979396876995452,0.10129728855099529,-0.03142914476302394,0.00732421875,0.000562542445550207,1.3319672131147543e-05
867328,-0.0007907619219622575,0.09257072547916323,-0.032050522560894024,0.003173828125,0.00021441780700115487,1.3217213114754101e-05
868352,-0.003855235632727272,0.2655494434875436,-0.04514606232987717,0.020263671875,0.0022990732613834552,1.311475409836066e-05
869376,-0.001503589162894059,0.1747987987473607,-0.03330117819496081,0.00830078125,0.0005432788602774963,1.3012295081967218e-05
870400,-0.001574005938891787,0.18224430014379323,-0.032049145724158734,0.00439453125,0.0003305294012534432,1.2909836065573765e-05
871424,-0.0008206469647120684,0.08976542024174705,-0.030144747943268158,0.0029296875,0.0001873564178822562,1.2807377049180324e-05
872448,-0.0009480594562774058,0.1442563054151833,-0.029286154898727546,0.003662109375,0.00031658408261137083,1.2704918032786884e-05
873472,-0.001358981739031151,0.18159635225310922,-0.03366670793184312,0.005615234375,0.00036932250804966316,1.2602459016393441e-05
874496,-0.0016954351085587405,0.24790149834007025,-0.03831689894286683,0.0029296875,0.00023399605561280623,1.25e-05
875520,-0.0008670346942381002,0.07073827745625749,-0.023838849563162512,0.003173828125,0.00018477083358448,1.239754098360656e-05
876544,-0.0008897440493456088,0.2162512387149036,-0.0366908504292951,0.005859375,0.0005412758255260997,1.2295081967213117e-05
877568,-0.0010926633767667226,0.06342101731570438,-0.029554051368904766,0.00634765625,0.0003747328300960362,1.2192622950819677e-05
878592,-0.0007693243678659201,0.10342358064372092,-0.03268892238702392,0.000732421875,0.0001142510591307655,1.2090163934426236e-05
879616,-0.0013495897001121193,0.07735771086299792,-0.024787136433587875,0.005126953125,0.0004166452999925241,1.1987704918032783e-05
880640,-0.0033222986312466674,1.002385152503848,-0.06131724716397002,0.018310546875,0.0013496313331415877,1.1885245901639341e-05
881664,-0.002695839313673787,0.3974735520314425,-0.040055989811662585,0.0078125,0.0004941694787703454,1.17827868852459e-05
882688,-0.0012082671019015834,0.20544197328854352,-0.03516789525383501,0.00537109375,0.0003126197698293254,1.1680327868852458e-05
883712,-0.0015249895950546488,0.5654694410040975,-0.052786047373956535,0.003173828125,0.00023709466768195853,1.1577868852459017e-05
884736,-0.0008633018442196772,0.10081918793730438,-0.03187444101058645,0.005615234375,0.00041361124021932483,1.1475409836065576e-05
885760,-0.0018446862668497488,0.2752544169779867,-0.035442424210486934,0.0087890625,0.0006660983635811135,1.1372950819672134e-05
886784,-0.0018707720955717377,0.0992944972240366,-0.03422415108070709,0.004638671875,0.0003270677843829617,1.1270491803278693e-05
887808,-0.002282967121573165,0.5286688738269731,-0.04243918562133331,0.00244140625,0.00017381053476128727,1.1168032786885253e-05
888832,-0.0008558797853766009,0.42862767190672457,-0.03426616487558931,0.002197265625,0.00013360912271309644,1.10655737704918e-05
889856,-0.00193802726425929,0.22714763914700598,-0.043645200654282235,0.001708984375,0.00016275614325422794,1.0963114754098358e-05
890880,-0.0019446636797511019,0.6705425877589732,-0.054055901389801875,0.005859375,0.0003904796903952956,1.0860655737704917e-05
891904,-0.0015696690970798954,0.539443964837119,-0.042839776200708,0.00390625,0.0004759504663525149,1.0758196721311476e-05
892928,-0.0010845171491382644,0.30977073434041813,-0.03124199784178927,0.0029296875,0.00022071532293921337,1.0655737704918034e-05
893952,-0.0012972615149919875,0.058310218271799386,-0.027522187072463566,0.005126953125,0.0005378367641242221,1.0553278688524593e-05
894976,-0.0008588197197241243,0.25511953909881413,-0.0404674174496904,0.003662109375,0.0002652922339621,1.045081967213115e-05
896000,-0.000805297946499195,0.43195988633669913,-0.049899316421942785,0.007568359375,0.00041408628749195486,1.034836065573771e-05
897024,-0.0011252084004809149,0.5033196115400642,-0.03671107202535495,0.002685546875,0.0002033466735156253,1.0245901639344257e-05
898048,-0.001736808793793898,0.08227369020460173,-0.0321712262048095,0.00390625,0.00027324252732796595,1.0143442622950816e-05
899072,-0.0005237036530161276,0.33227175392676145,-0.04298077715066029,0.0,7.741002627881244e-05,1.0040983606557374e-05
900096,-0.0011244411871302873,0.07725687837228179,-0.029511282481507806,0.004150390625,0.00038014658639440313,9.938524590163933e-06
901120,-0.00044945842819288373,0.4495285196462646,-0.041954877895477694,0.0029296875,0.0002474279244779609,9.836065573770493e-06
902144,-0.0007572922113467939,0.11898081470280886,-0.02859263788923272,0.001708984375,0.00011585679021663964,9.73360655737705e-06
903168,-0.0028889976238133386,0.6410881425254047,-0.04853671388991643,0.011474609375,0.0007622575576533563,9.63114754098361e-06
904192,-0.0004797893634531647,0.7141191121190786,-0.042195277332211845,0.000732421875,7.407506200252101e-05,9.528688524590169e-06
905216,-0.0010038246764452197,1.3072513742372394,-0.048994215816492215,0.000244140625,7.049372652545571e-05,9.426229508196726e-06
906240,-0.001597020052940934,0.0823267123196274,-0.039433082318282686,0.00390625,0.00027940015570493415,9.323770491803274e-06
907264,-0.0011354690213920549,0.18993631296325475,-0.038489385071443394,0.005126953125,0.0003679738874780014,9.221311475409833e-06
908288,-0.0017800663190428168,0.3181483210064471,-0.03728210408735322,0.001708984375,0.00011070381879108027,9.118852459016392e-06
909312,-0.0007653125649085268,0.15593760181218386,-0.03216405553393997,0.00244140625,0.0001590675674378872,9.01639344262295e-06
910336,-0.0007621566983289085,0.11761935811955482,-0.033717733407684136,0.002685546875,0.00019522313959896564,8.913934426229509e-06
911360,-0.000614817938185297,0.11648266529664397,-0.027010660589439794,0.0009765625,0.00011326937965350226,8.811475409836067e-06
912384,-0.0006422819278668612,0.06051418714923784,-0.03109937771660043,0.0009765625,0.00010410899994894862,8.709016393442626e-06
913408,-0.0006488067519967444,0.6312560973456129,-0.042768180268467404,0.00146484375,0.00011395144974812865,8.606557377049185e-06
914432,-0.0015366083025583066,0.4432986695319414,-0.039770223360392265,0.006591796875,0.00043978528992738575,8.504098360655743e-06
915456,-0.001583467637829017,0.4416507736314088,-0.042596431710990146,0.0029296875,0.00019188976875739172,8.40163934426229e-06
916480,-0.001568691324791871,0.13192785752471536,-0.032860838664419134,0.006103515625,0.0003674621329992078,8.29918032786885e-06
917504,-0.001305529374803882,0.08685940218856558,-0.030655029726403882,0.00341796875,0.00018907147750724107,8.196721311475409e-06
918528,-0.0005487864873430226,0.41378760361112654,-0.0365412973187631,0.001220703125,0.00014111554628470913,8.094262295081966e-06
919552,-0.0015923039682093076,0.1749200610211119,-0.034633236227819,0.002685546875,0.00026839616475626826,7.991803278688526e-06
920576,-0.0007020228877081536,0.11439125216566026,-0.030759041917917784,0.001953125,0.0001512033850303851,7.889344262295085e-06
921600,-0.002176048787077889,0.23755457787774503,-0.03493579858331941,0.003662109375,0.00020082298578927293,7.786885245901643e-06
922624,-0.0018255951399623882,0.6318179478403181,-0.036663153776316904,0.006103515625,0.0006565493386005983,7.684426229508202e-06
923648,-0.0007508741109631956,0.49345061695203185,-0.034322636951401364,0.001220703125,0.00013007457891944796,7.581967213114749e-06
924672,-0.0012441694052540697,0.06116533128079027,-0.03330862386064837,0.002685546875,0.00023742698249407113,7.479508196721308e-06
925696,-0.0015413432265631855,0.28764105099253356,-0.039623824322916334,0.00146484375,0.00018181523046223447,7.377049180327866e-06
926720,-0.0005437440195237286,0.11608804622665048,-0.032644929393427446,0.00146484375,0.00013029156980337575,7.274590163934425e-06
927744,-0.0007221990381367505,0.07120233809109777,-0.03184640456311172,0.0029296875,0.0002280822372995317,7.172131147540984e-06
928768,-0.0019798160501522943,0.45488628442399204,-0.03536665506544523,0.0048828125,0.00027951147058047354,7.069672131147542e-06
929792,-0.0005940485498285852,0.4603333497652784,-0.0388040260404523,0.001220703125,0.00015422896103700623,6.967213114754101e-06
930816,-0.0003953876730520278,0.10220356908394024,-0.030480625508062076,0.000244140625,5.223779589869082e-05,6.86475409836066e-06
931840,-0.0005753443401772529,0.5179411103017628,-0.04572901510982774,0.00146484375,0.0001666161697357893,6.762295081967218e-06
932864,-0.002348960806557443,0.39346559531986713,-0.037539797252975404,0.004150390625,0.0002806126212817617,6.659836065573766e-06
933888,-0.0004141370809520595,0.6459131092997268,-0.04160039051203057,0.00048828125,3.338009264552966e-05,6.557377049180324e-06
934912,-0.002927645284216851,0.07598963630152866,-0.04036695726608741,0.008056640625,0.0009250879375031218,6.454918032786883e-06
935936,-0.00033693727891659364,0.42549946950748563,-0.037982217167154886,0.00537109375,0.000424370686232578,6.352459016393442e-06
936960,-0.0010976654375554062,0.07641592039726675,-0.03119447569224576,0.001708984375,0.00013714757369598374,6.25e-06
937984,-0.001987231786188204,0.10463743540458381,-0.03123622743987653,0.00390625,0.0002678908786037937,6.147540983606559e-06
939008,-0.0010012345519498922,0.9015019761864096,-0.04455175102339126,0.0009765625,6.871812365716323e-05,6.045081967213118e-06
940032,-0.0026345330115873367,0.4157994566485286,-0.04322933476942126,0.00537109375,0.00033150441595353186,5.9426229508196764e-06
941056,-0.0013178469380363822,0.9626323415432125,-0.04822838071777369,0.0029296875,0.00024445553572149947,5.840163934426235e-06
942080,-0.0012778682503267191,0.09230820555239916,-0.028924603435370955,0.001708984375,0.00014271511463448405,5.737704918032782e-06
943104,-0.0007119503570720553,0.9545481007080525,-0.04845782229313045,0.000244140625,3.6175784771330655e-05,5.635245901639341e-06
944128,-0.00038965421117609367,0.10506674321368337,-0.030456833101197844,0.00048828125,2.3201653675641865e-05,5.5327868852459e-06
945152,-0.0006641316795139574,0.47021282475907356,-0.03370809246916906,0.000732421875,9.178144682664424e-05,5.430327868852458e-06
946176,-0.0010938106279354542,0.5434342136140913,-0.046935943377320655,0.0029296875,0.00028914603899465874,5.327868852459017e-06
947200,-0.0006838668814452831,0.3423582542454824,-0.03828663988679182,0.0,1.975923078134656e-05,5.225409836065575e-06
948224,-0.0003542878148437012,0.5823139511048794,-0.045634845926542766,0.0,4.8499496188014746e-05,5.1229508196721345e-06
949248,-0.00034891118411906064,0.07048221194418147,-0.029283385407325113,0.0,3.9012025808915496e-05,5.020491803278693e-06
950272,-0.0024716245898162015,0.762693295488134,-0.06251870788400993,0.00341796875,0.00026982468261849135,4.918032786885251e-06
951296,-0.0018369057434028946,0.19242459523957223,-0.0380465714915772,0.002685546875,0.0002288709583808668,4.815573770491799e-06
952320,-0.000673921596899163,0.10546278749825433,-0.04004249005811289,0.000244140625,4.373114643385634e-05,4.713114754098358e-06
953344,-0.00034193990722997114,0.1508129625581205,-0.031508145009865984,0.00048828125,5.278148455545306e-05,4.6106557377049165e-06
954368,-0.0007012196947471239,0.17219738604035228,-0.03161961211299058,0.0,3.8726007915101945e-05,4.508196721311475e-06
955392,-0.0023187198294181144,0.3162747415481135,-0.039569320098962635,0.003662109375,0.0002895124343922362,4.405737704918033e-06
956416,-0.0006663574858976062,0.38258170103654265,-0.03556242950435262,0.0,5.024363053962588e-05,4.303278688524593e-06
957440,-0.00074699406104628,0.5618199266027659,-0.03281691037773271,0.00048828125,5.2415729442145675e-05,4.200819672131151e-06
958464,-0.0006722644684487022,0.1782948129111901,-0.03008766774291871,0.000732421875,6.562194175785407e-05,4.0983606557377095e-06
959488,-0.0007579532102681696,0.14425110339652747,-0.02974858647576184,0.001708984375,0.00014386732800630853,3.995901639344257e-06
960512,-0.00147079439193476,0.28913800488226116,-0.047310232097515836,0.001953125,0.00016105455870274454,3.893442622950816e-06
961536,-0.00040028391958912835,0.598964761942625,-0.05083432236278895,0.000244140625,5.2390263590496033e-05,3.7909836065573746e-06
962560,-0.0011005562992068008,0.4890365086030215,-0.04168904684775043,0.000732421875,5.741587665397674e-05,3.688524590163933e-06
963584,-0.0007196552469395101,0.13984334107954055,-0.03217970148398308,0.000732421875,6.271370511967689e-05,3.586065573770492e-06
964608,-0.000993729117908515,0.3625383953913115,-0.03225752357411693,0.000732421875,0.00010743453458417207,3.4836065573770503e-06
965632,-0.0002401806486886926,0.08659680956043303,-0.03492723364615813,0.0,1.4922807167749852e-05,3.381147540983609e-06
966656,-0.00041613470239099115,0.16025206178892404,-0.03294269148318563,0.0,1.88357153092511e-05,3.2786885245901676e-06
967680,-0.0005636459682136774,0.07925971440272406,-0.03358324802684365,0.000244140625,3.032770473510027e-05,3.1762295081967264e-06
968704,-0.00041470499854767695,0.1333472968544811,-0.0379314827878261,0.00048828125,5.987348413327709e-05,3.073770491803274e-06
969728,-0.0004808696176041849,0.4751355128828436,-0.053301280706364196,0.0,2.9627328331116587e-05,2.9713114754098327e-06
970752,-0.00042621409374987707,0.134170915116556,-0.028688908543699654,0.000244140625,1.735136902425438e-05,2.868852459016391e-06
971776,-0.0003484422286419431,0.5368109019473195,-0.03460164387070108,0.0,1.3862074411008507e-05,2.76639344262295e-06
972800,-0.0005939555558143184,0.30976429174188524,-0.04603090349701233,0.0,4.070604336448014e-05,2.6639344262295084e-06
973824,-0.00012438917474355549,0.3019802152412012,-0.04331932810600847,0.0,1.0775715054478496e-05,2.5614754098360673e-06
974848,-0.000706884020473808,0.47686616238206625,-0.04475483178975992,0.0,4.4740329030901194e-05,2.4590163934426257e-06
975872,-0.00023229287035064772,0.11530564073473215,-0.03580693771073129,0.0,1.1465046554803848e-05,2.3565573770491845e-06
976896,-0.0005483507629833184,0.21578093129210174,-0.038248296004894655,0.000244140625,2.4154061975423247e-05,2.254098360655743e-06
977920,-0.0007524741013185121,0.6782449737656862,-0.04337738473259378,0.0,3.612357977544889e-05,2.151639344262291e-06
978944,-0.0003650669314083643,0.5018287999555469,-0.04506856406806037,0.0,2.7080248401034623e-05,2.0491803278688492e-06
979968,-7.716554682701826e-05,0.10169430787209421,-0.03605060631525703,0.0,3.1226081773638725e-06,1.946721311475408e-06
980992,-0.0001267831030418165,1.068663529586047,-0.05952044503646903,0.0,5.068126483820379e-06,1.8442622950819665e-06
982016,-0.00031883216070127673,0.7598308513406664,-0.05200613345368765,0.0,7.674323569517583e-06,1.7418032786885252e-06
983040,-0.00017167090845759958,0.07277048350078985,-0.030472866103082197,0.0,2.5443805498071015e-06,1.6393442622950838e-06
984064,-0.0003245950865675695,0.7368533876724541,-0.04690503802703461,0.0,8.33874219097197e-06,1.5368852459016424e-06
985088,-0.0003379939153091982,0.39419692184310406,-0.044891182842548005,0.0,1.0251278581563383e-05,1.434426229508201e-06
986112,-0.00021748147264588624,0.42041185474954545,-0.03384442325841519,0.0,1.0547810234129429e-05,1.3319672131147487e-06
987136,-0.00012117139158362988,0.335713476408273,-0.0368914736827719,0.0,3.1510498956777155e-06,1.2295081967213073e-06
988160,-0.00013484767987392843,0.1365241282619536,-0.03202595884067705,0.0,7.321570592466742e-06,1.127049180327866e-06
989184,-0.00021398565513663925,0.3274684784701094,-0.03558500130020548,0.0,3.9633086998946965e-06,1.0245901639344246e-06
990208,-0.0001688041229499504,0.18282378162257373,-0.030255193058110308,0.0,7.907088729552925e-06,9.221311475409833e-07
991232,-0.00012141187471570447,0.24684614327270538,-0.037417544328491203,0.0,2.473905624356121e-06,8.196721311475419e-07
992256,-4.225662996759638e-05,0.5894990286324173,-0.040356529207201675,0.0,7.454291335307062e-07,7.172131147541005e-07
993280,-8.481258555548266e-05,0.1120673744007945,-0.02925499030880019,0.0,4.094545147381723e-07,6.147540983606592e-07
994304,-3.118952736258507e-05,0.5927734178258106,-0.043402520786912646,0.0,1.5491241356357932e-07,5.122950819672179e-07
995328,-1.3508761185221374e-05,0.10501131881028414,-0.034115822213607316,0.0,7.270864443853498e-08,4.098360655737654e-07
996352,-8.166036059265025e-05,0.5685979796107858,-0.05478664560359903,0.0,4.0957093005999923e-07,3.073770491803241e-07
997376,-7.113672108971514e-05,0.41827800136525184,-0.04426573983801063,0.0,1.8405262380838394e-07,2.049180327868827e-07
998400,-1.7395061149727553e-05,0.17283917975146323,-0.034360574900347274,0.0,5.547917680814862e-08,1.0245901639344135e-07
999424,3.2232492230832577e-09,0.18144155945628881,-0.03743934512749547,0.0,5.529727786779404e-10,0.0
