timestep,policy_loss,value_loss,entropy_loss,clip_fraction,approx_kl,learning_rate
1024,-0.0006991319532971829,4.419476717710495,-0.6918230764567852,0.0,0.0014553024375345558,9.989754098360657e-05
2048,-0.001443292378098704,3.3956219851970673,-0.6862502638250589,0.0,0.0015833864599699154,9.979508196721312e-05
3072,-0.005649292026646435,2.4928547367453575,-0.6587519515305758,0.054443359375,0.00639190390938893,9.969262295081968e-05
4096,-0.004796864741365425,1.2634273581206799,-0.6290495190769434,0.027587890625,0.0029814754088874906,9.959016393442624e-05
5120,-0.00946009749895893,0.5124319549649954,-0.5370338913053274,0.11279296875,0.007361847172433045,9.948770491803279e-05
6144,-0.007432931917719543,0.5444569978863001,-0.4893903685733676,0.052001953125,0.0043755249644164,9.938524590163934e-05
7168,-0.006377585144946352,0.14297837275080383,-0.4124400084838271,0.049072265625,0.003734443336725235,9.92827868852459e-05
8192,-0.007552952229161747,0.18582715094089508,-0.3748584380373359,0.0458984375,0.0036291403375798836,9.918032786885247e-05
9216,-0.008352883669431321,0.1545221523847431,-0.31286743376404047,0.056884765625,0.005511489922355395,9.907786885245903e-05
10240,-0.005049246858106926,0.1953089905437082,-0.3126869983971119,0.021240234375,0.0020508384550339542,9.897540983606558e-05
11264,-0.00420802338339854,0.42915205424651504,-0.31307761650532484,0.0087890625,0.0008123083389364183,9.887295081967214e-05
12288,-0.007974849155289121,0.21727365162223577,-0.27998052490875125,0.044189453125,0.0035402284338488244,9.87704918032787e-05
13312,-0.0034932546404888853,0.4057967783883214,-0.2979271076619625,0.003662109375,0.00043199717038078234,9.866803278688525e-05
14336,-0.008344959569512866,0.23480774508789182,-0.30006717424839735,0.02587890625,0.0020418638960109092,9.85655737704918e-05
15360,-0.009110203507589176,0.14025805797427893,-0.2923988080583513,0.037841796875,0.00282003270694986,9.846311475409836e-05
16384,-0.011492491874378175,0.2512679910287261,-0.31142363976687193,0.056640625,0.004876595216046553,9.836065573770493e-05
17408,-0.007719896064372733,0.1498162227217108,-0.2923593707382679,0.0234375,0.0019153125176671892,9.825819672131148e-05
18432,-0.011353549169143662,0.16444621398113668,-0.286207209341228,0.0400390625,0.0027231950298300944,9.815573770491804e-05
19456,-0.00989208912506001,0.13490741606801748,-0.2794987102970481,0.053955078125,0.004025171627290547,9.80532786885246e-05
20480,-0.006475322064943612,0.0884608468040824,-0.24421055801212788,0.02978515625,0.0022815768024884164,9.795081967213115e-05
21504,-0.0033346023701597005,0.05813001480419189,-0.266161875333637,0.0185546875,0.0017482430703239515,9.784836065573771e-05
22528,-0.006607525690924376,0.05880259536206722,-0.26097840908914804,0.02783203125,0.001961453803232871,9.774590163934426e-05
23552,-0.009442997281439602,0.06347310089040548,-0.22469453373923898,0.056640625,0.005186566486372612,9.764344262295082e-05
24576,-0.011356151633663103,0.03132280631689355,-0.23551384266465902,0.04345703125,0.0032559541141381487,9.754098360655737e-05
25600,-0.012056917970767245,0.05977430322673172,-0.26876918924972415,0.06005859375,0.004269902783562429,9.743852459016394e-05
26624,-0.016670101031195372,0.03047643869649619,-0.28007315611466765,0.08056640625,0.006119513484009076,9.73360655737705e-05
27648,-0.008428492757957429,0.02420016287942417,-0.22334286104887724,0.024169921875,0.0022540791833307594,9.723360655737706e-05
28672,-0.006443772916099988,0.06217731296783313,-0.2496542762964964,0.02783203125,0.0026295977004338056,9.713114754098361e-05
29696,-0.005754984988016076,0.04616689158137888,-0.2203252585604787,0.037353515625,0.002511257211153861,9.702868852459017e-05
30720,-0.014209602901246399,0.10617670090869069,-0.2393704354763031,0.064208984375,0.004703876758867409,9.692622950819674e-05
31744,-0.013348874868825078,0.08319971372839063,-0.22910583997145295,0.060546875,0.006411248497897759,9.682377049180328e-05
32768,-0.004416624258738011,0.1007854116614908,-0.21457019867375493,0.037109375,0.003655049076769501,9.672131147540983e-05
33792,-0.0068739125636057,0.12573093618266284,-0.18867037910968065,0.032958984375,0.002675389427167829,9.66188524590164e-05
34816,-0.013842148444382474,0.17039663065224886,-0.22329513495787978,0.05810546875,0.010806698111991864,9.651639344262296e-05
35840,-0.011188355216290802,0.10191283607855439,-0.2198738008737564,0.03857421875,0.003939332287700381,9.641393442622951e-05
36864,-0.009238870319677517,0.08915747597347945,-0.18834139546379447,0.022705078125,0.0022249451649258845,9.631147540983607e-05
37888,-0.00822738409624435,0.11550991469994187,-0.20527197746559978,0.024169921875,0.0018961519890581258,9.620901639344263e-05
38912,-0.007864397244702559,0.15648933569900692,-0.16586117446422577,0.02197265625,0.002636541234096512,9.610655737704918e-05
39936,-0.007250163238495588,0.1484745421912521,-0.20074971579015255,0.030517578125,0.0026301466787117533,9.600409836065573e-05
40960,-0.006584114860743284,0.09020500618498772,-0.18351531866937876,0.033203125,0.00296498690295266,9.59016393442623e-05
41984,-0.004056301389937289,0.17420529411174357,-0.1767811649478972,0.015869140625,0.001870853899163194,9.579918032786886e-05
43008,-0.004067494795890525,0.2679048301652074,-0.1247163254301995,0.028564453125,0.002901067302445881,9.56967213114754e-05
44032,-0.003950655373046175,0.17090341029688716,-0.1427627841476351,0.02587890625,0.0030820424362900667,9.559426229508197e-05
45056,-0.0030094963585725054,0.2759203636087477,-0.1297708535566926,0.017578125,0.0015538026636932045,9.549180327868853e-05
46080,-0.0032216682302532718,0.25286686001345515,-0.1401150356978178,0.016845703125,0.0016713507284293883,9.53893442622951e-05
47104,-0.0038617350219283253,0.2106791608966887,-0.13118713349103928,0.029296875,0.002186959536629729,9.528688524590164e-05
48128,-0.006006895448081195,0.2145998952910304,-0.14273566054180264,0.03564453125,0.002324353998119477,9.51844262295082e-05
49152,-0.006042402383172885,0.22882940666750073,-0.12064990471117198,0.034423828125,0.0034672983892960474,9.508196721311476e-05
50176,-0.005521642407984473,0.2944074459373951,-0.12178815365768969,0.02392578125,0.0023738500312902033,9.497950819672132e-05
51200,-0.005344461445929483,0.42083213943988085,-0.1263029135297984,0.024169921875,0.0023674045005463995,9.487704918032787e-05
52224,-0.006479393545305356,0.3475179737433791,-0.11902069859206676,0.02734375,0.002673542396223638,9.477459016393443e-05
53248,-0.0024568326043663546,0.21117059560492635,-0.1257691674400121,0.011962890625,0.0009525570640107617,9.467213114754099e-05
54272,-0.0022239034005906433,0.20676986081525683,-0.141874783905223,0.018798828125,0.0013224106587585993,9.456967213114754e-05
55296,-0.0035211822541896254,0.25405960297212005,-0.11757061840035021,0.020263671875,0.001803155246307142,9.44672131147541e-05
56320,-0.0046086660731816664,0.4696834683418274,-0.10846700798720121,0.012939453125,0.001984111513593234,9.436475409836067e-05
57344,-0.0025943232321878895,0.3874534908682108,-0.1211471080314368,0.014892578125,0.0017921690960065462,9.426229508196722e-05
58368,-0.005936793197179213,0.45234319753944874,-0.11912878532893956,0.020263671875,0.002609000453958288,9.415983606557376e-05
59392,-0.0043007543426938355,0.3981233583763242,-0.08984362066257745,0.0234375,0.0021270734796416946,9.405737704918033e-05
60416,-0.004622267748345621,0.27595219388604164,-0.10526574752293527,0.024169921875,0.0021412397763924673,9.395491803278689e-05
61440,-0.00221943182987161,0.618442983366549,-0.09475959814153612,0.0068359375,0.0005461086984723806,9.385245901639344e-05
62464,-0.0058122701302636415,0.5112805310636759,-0.09154675900936127,0.02001953125,0.001803869628929533,9.375e-05
63488,-0.003966643002058845,0.43983643874526024,-0.11900190636515617,0.0224609375,0.0021050793802714907,9.364754098360656e-05
64512,-0.0037011880049249157,0.4849545508623123,-0.0955087736947462,0.023193359375,0.002184160657634493,9.354508196721313e-05
65536,-0.0026082429249072447,0.40933290030807257,-0.10661217593587935,0.017333984375,0.001250528650416527,9.344262295081968e-05
66560,-0.0037350871425587684,0.3637044560164213,-0.09832439036108553,0.017578125,0.001136824008426629,9.334016393442624e-05
67584,-0.0034308935137232766,0.45181680005043745,-0.08399067050777376,0.012451171875,0.0014421088562812656,9.323770491803279e-05
68608,-0.0019538959895726293,0.38349685352295637,-0.09824292059056461,0.0146484375,0.0010114556644111872,9.313524590163935e-05
69632,-0.0020566838793456554,0.38019764609634876,-0.07352741865906864,0.012939453125,0.001023843877192121,9.30327868852459e-05
70656,-0.003182407788699493,0.3512934376485646,-0.12020746152848005,0.0234375,0.0021263347953208722,9.293032786885246e-05
71680,-0.0028458647284423932,0.4544794373214245,-0.10768804559484124,0.021728515625,0.002339523343835026,9.282786885245903e-05
72704,-0.003323959739645943,0.38274408504366875,-0.10029949131421745,0.014892578125,0.0016377749052480794,9.272540983606557e-05
73728,-0.00426841240550857,0.5296368133276701,-0.10245459340512753,0.01611328125,0.0012455854594008997,9.262295081967214e-05
74752,-0.000819347333163023,0.38815513625741005,-0.07653992704581469,0.0185546875,0.0013242620188975707,9.25204918032787e-05
75776,-0.002759850802249275,0.39244131185114384,-0.09591272054240108,0.009765625,0.0011216564162168652,9.241803278688526e-05
76800,-0.005133018305059522,0.4971454441547394,-0.086110407137312,0.01904296875,0.0019768068741541356,9.23155737704918e-05
77824,-0.001836035997257568,0.5266431691125035,-0.09014106600079685,0.013916015625,0.0012592643179232255,9.221311475409836e-05
78848,-0.003964094779803418,0.5655402010306716,-0.09506212710402906,0.018798828125,0.00250825807597721,9.211065573770492e-05
79872,-0.001302379539993126,0.45887895952910185,-0.08008522097952664,0.0068359375,0.0004517573397606611,9.200819672131149e-05
80896,-0.004465613208594732,0.46154914144426584,-0.07624643156304955,0.0185546875,0.0015652905640308745,9.190573770491804e-05
81920,-0.002204829677793896,0.6710774265229702,-0.09815756743773818,0.00537109375,0.0005335411769920029,9.18032786885246e-05
82944,-0.0017336399614578113,0.518586553633213,-0.08042973908595741,0.020751953125,0.0018923515162896365,9.170081967213116e-05
83968,-0.004435451133758761,0.5996074415743351,-0.08215033588930964,0.01220703125,0.0008733306822250597,9.159836065573771e-05
84992,-0.004927922345814295,0.5143047496676445,-0.10113319917581975,0.0166015625,0.0013970118016004562,9.149590163934427e-05
86016,-0.005498858503415249,0.6976350378245115,-0.12436849297955632,0.02685546875,0.003985380433732644,9.139344262295082e-05
87040,-0.001329161794274114,0.6164629654958844,-0.0971606372622773,0.028076171875,0.0027957912971032783,9.129098360655738e-05
88064,-0.0023010990698821843,0.5267438972368836,-0.0836913016391918,0.005126953125,0.0010122197272721678,9.118852459016393e-05
89088,-0.0018098478758474812,0.553306495770812,-0.06135009753052145,0.005615234375,0.0010957187332678586,9.10860655737705e-05
90112,-0.002247001262730919,0.7151892548426986,-0.08388188760727644,0.00341796875,0.00036647135129896924,9.098360655737706e-05
91136,-0.0012933693215018138,0.5264672404155135,-0.08729052788112313,0.011962890625,0.0011057000592700206,9.088114754098361e-05
92160,-0.0019910920382244512,0.5859498521313071,-0.05282867304049432,0.00732421875,0.0009947550352080725,9.077868852459017e-05
93184,0.00121713821135927,0.7663218770176172,-0.07628681033384055,0.01318359375,0.001542650155897718,9.067622950819672e-05
94208,-0.0012603922805283219,0.8583429669961333,-0.09566586290020496,0.012451171875,0.001036171699524857,9.05737704918033e-05
95232,-0.0027304638497298583,0.6909506861120462,-0.10032121744006872,0.01416015625,0.0018614417203934863,9.047131147540983e-05
96256,-0.00866147563647246,0.9864482218399644,-0.06959662900771946,0.042724609375,0.006847235978057142,9.03688524590164e-05
97280,-0.0029254671826492995,0.5784609094262123,-0.07292572758160532,0.01513671875,0.0015994190107448958,9.026639344262296e-05
98304,-0.0045008285087533295,0.6335381045937538,-0.09080822113901377,0.027587890625,0.0024038635674514808,9.016393442622952e-05
99328,-0.004512475949013606,0.45961178932338953,-0.07107731478754431,0.023193359375,0.0025873182603390887,9.006147540983607e-05
100352,-0.0026100304748979397,0.46810147538781166,-0.0695869461633265,0.01220703125,0.0010506081162020564,8.995901639344263e-05
101376,-0.004900666885077953,0.6562918638810515,-0.07644351932685822,0.029296875,0.0035979197273263708,8.98565573770492e-05
102400,-0.0015312601026380435,0.5488818977028131,-0.06249428086448461,0.010498046875,0.0009687285564723425,8.975409836065574e-05
103424,-0.0024469999771099538,0.43951820954680443,-0.06451602454762906,0.009033203125,0.0008052644770941697,8.965163934426229e-05
104448,-0.0026189484779024497,0.4866689844056964,-0.06263649847824126,0.015625,0.0012641863140743226,8.954918032786885e-05
105472,-0.0013603426195913926,0.8146898271515965,-0.07986620347946882,0.017333984375,0.0014394178360817023,8.944672131147542e-05
106496,-0.0017441382296965457,0.49922931753098965,-0.0773283801972866,0.01416015625,0.0012962170148966834,8.934426229508197e-05
107520,-0.005960096517810598,0.5514591950923204,-0.06614630087278783,0.019775390625,0.002578599094704259,8.924180327868853e-05
108544,-0.0030148819205351174,0.6199292335659266,-0.07651074533350766,0.013916015625,0.0009492772951489314,8.913934426229509e-05
109568,-0.004352910895249806,0.8628984447568655,-0.0682215562555939,0.021240234375,0.0017548893883940764,8.903688524590164e-05
110592,-0.0018079891451634467,0.4317000648006797,-0.05987580318469554,0.007568359375,0.0006874561731819995,8.89344262295082e-05
111616,-0.0028988050762563944,0.7244294350966811,-0.07918466615956277,0.010009765625,0.0008550015554646961,8.883196721311475e-05
112640,-0.0018090596349793486,0.5900141187012196,-0.08534289989620447,0.0087890625,0.0006713745970046148,8.872950819672131e-05
113664,-0.0042001147303381,0.849592037498951,-0.06576017301995307,0.017822265625,0.0020392704973346554,8.862704918032786e-05
114688,-0.0023434671020368114,0.6981145776808262,-0.06515484291594476,0.007080078125,0.0008561505237594247,8.852459016393443e-05
115712,-0.002209413520176895,0.7842454286292195,-0.0658969955984503,0.007080078125,0.00058866007020697,8.842213114754099e-05
116736,-0.0044796751462854445,0.8353402577340603,-0.06675015296787024,0.017578125,0.0016262996432487853,8.831967213114755e-05
117760,-0.0018644321680767462,0.9998924247920513,-0.08155770716257393,0.008056640625,0.0007178172891144641,8.82172131147541e-05
118784,0.0003023110912181437,0.7349944729357958,-0.09773832047358155,0.017578125,0.0013101600561640225,8.811475409836066e-05
119808,-0.006620294589083642,0.8149478640407324,-0.10265774093568325,0.02099609375,0.0024680119822733104,8.801229508196723e-05
120832,-0.0022024898207746446,0.49382634088397026,-0.06740298657678068,0.009521484375,0.0009829424234339967,8.790983606557378e-05
121856,-0.0037611782463500276,0.4893961390480399,-0.07326648279558867,0.01611328125,0.001638589361391496,8.780737704918032e-05
122880,-0.002302359411260113,0.5561507865786552,-0.053618993842974305,0.00830078125,0.0007539178332081065,8.770491803278689e-05
123904,-0.001266549646970816,0.6350580165162683,-0.054247228312306106,0.00390625,0.0003231135124224238,8.760245901639345e-05
124928,-0.0014687074144603685,0.42327919974923134,-0.05308410443831235,0.004638671875,0.00039813542389310896,8.75e-05
125952,-0.004441331067937426,0.43506671860814095,-0.06509973993524909,0.024169921875,0.0022350766739691608,8.739754098360656e-05
126976,-0.00268583235447295,0.8976368568837643,-0.07276991370599717,0.01220703125,0.0014089632022660226,8.729508196721312e-05
128000,-0.0026675148037611507,0.5185137214139104,-0.06047485407907516,0.0126953125,0.0010331325538572855,8.719262295081967e-05
129024,-0.0013545464316848665,0.7021190579980612,-0.04057560028741136,0.01416015625,0.0012498506039264612,8.709016393442624e-05
130048,-0.0016564492107136175,0.6105741513893008,-0.05643476272234693,0.013671875,0.001496788245276548,8.698770491803279e-05
131072,-0.0016687300521880388,0.394610776565969,-0.06797262805048376,0.008056640625,0.0006596914099645801,8.688524590163935e-05
132096,-0.0032485825213370845,0.718403541482985,-0.07181799539830536,0.018310546875,0.0018059242138406262,8.67827868852459e-05
133120,-0.0014926449803169817,0.7880217609927058,-0.07590753643307835,0.010498046875,0.0010855327564058825,8.668032786885246e-05
134144,-0.003107987271505408,0.36599833704531193,-0.06752283265814185,0.011962890625,0.0008993066439870745,8.657786885245902e-05
135168,-0.0026623989833751693,0.7632038295269012,-0.0857115063117817,0.009521484375,0.0012008218036498874,8.647540983606559e-05
136192,-0.0013519704079953954,0.5534633509814739,-0.05775696935597807,0.0068359375,0.0008826284101814963,8.637295081967213e-05
137216,-0.004623557113518473,0.9097865559160709,-0.07697408925741911,0.01513671875,0.0014421437153941952,8.627049180327868e-05
138240,-0.004109732137294486,0.743435219861567,-0.0673421670217067,0.0263671875,0.004059497456182726,8.616803278688526e-05
139264,-0.001994386868318543,0.8686080388724804,-0.07099140400532633,0.015625,0.0010867879318539053,8.606557377049181e-05
140288,-0.0021886823378736153,0.6261841412633657,-0.06126408698037267,0.01171875,0.0009382286152685992,8.596311475409836e-05
141312,-0.0035982821718789637,0.6112235235050321,-0.07615166530013084,0.01318359375,0.0012414485536282882,8.586065573770492e-05
142336,-0.003015417249116581,0.557848677970469,-0.07681392400991172,0.029541015625,0.0026185176611761563,8.575819672131148e-05
143360,-0.0014726044319104403,0.752733794040978,-0.058007098152302206,0.00732421875,0.0008357406477443874,8.565573770491803e-05
144384,-0.0019078972254646942,0.5653741965070367,-0.05266323313117027,0.009033203125,0.0007448362157447264,8.55532786885246e-05
145408,-0.008258002533693798,0.8469833675771952,-0.08852726873010397,0.033935546875,0.003877404044033028,8.545081967213116e-05
146432,-0.00219936062785564,0.760948808863759,-0.07042133365757763,0.008056640625,0.0008439029334113002,8.53483606557377e-05
147456,-0.001116501895012334,0.5202658660709858,-0.05782136513153091,0.0048828125,0.0006898690990055911,8.524590163934427e-05
148480,-0.002244393006549217,0.8526877481490374,-0.07314155425410718,0.007080078125,0.0010466883031767793,8.514344262295082e-05
149504,-0.001655740401474759,0.34498760756105185,-0.05652289965655655,0.01220703125,0.0012460963116609491,8.504098360655738e-05
150528,-0.0013486047464539297,0.6827636659145355,-0.05797188193537295,0.01025390625,0.0007458447653334588,8.493852459016394e-05
151552,-0.0019434463902143762,0.5754668759182096,-0.07690718246158212,0.012939453125,0.0011431508173700422,8.483606557377049e-05
152576,-0.0028862203616881743,0.7421509129926562,-0.10444828984327614,0.020263671875,0.0019938526893383823,8.473360655737706e-05
153600,-0.0030904353843652643,0.5349425710737705,-0.06758055801037699,0.015380859375,0.0014786288884351961,8.463114754098362e-05
154624,6.53509923722595e-05,0.8321497030556202,-0.054171234369277954,0.01611328125,0.0014143787338980474,8.452868852459017e-05
155648,-0.0038419174088630825,0.5827424507588148,-0.08511052303947508,0.026123046875,0.002130013919668272,8.442622950819672e-05
156672,-0.0021378170349635184,0.399525823071599,-0.04607604973716661,0.0078125,0.0005949000260443427,8.432377049180329e-05
157696,-0.002786889504932333,0.6427693273872137,-0.05545975867426023,0.017578125,0.001428721909178421,8.422131147540984e-05
158720,-0.007051525855786167,0.7722384491935372,-0.06974316819105297,0.0234375,0.0031029404344735667,8.411885245901639e-05
159744,-0.0010363308392697945,0.5783017855137587,-0.053951307490933686,0.011474609375,0.000881417108757887,8.401639344262295e-05
160768,-0.0020322158379713073,0.7300262255594134,-0.0525837637251243,0.009521484375,0.0007925702884676866,8.391393442622952e-05
161792,-0.0021541813475778326,0.5065787741914392,-0.05982721102191135,0.011474609375,0.0008483357378281653,8.381147540983607e-05
162816,-0.0018945740011986345,0.9459534510970116,-0.09743260499089956,0.01904296875,0.0018001778953475878,8.370901639344263e-05
163840,-0.0029996937737450935,0.6962167201563716,-0.07158552971668541,0.019287109375,0.003041569420020096,8.360655737704919e-05
164864,-0.005653992324369028,0.9567377846688032,-0.07893270638305694,0.024658203125,0.0021825239309691824,8.350409836065574e-05
165888,-0.0019810790108749643,0.6165162334218621,-0.07497174735181034,0.010009765625,0.0008619494110462256,8.34016393442623e-05
166912,-0.003312708555313293,0.7635281207039952,-0.06263171811588109,0.01806640625,0.0025188654981320724,8.329918032786885e-05
167936,-0.0015040288562886417,0.3383903540670872,-0.052429149742238224,0.0146484375,0.0011553670119610615,8.319672131147541e-05
168960,-0.0023277943109860644,0.9146113116294146,-0.06718265207018703,0.025634765625,0.002650153313879855,8.309426229508198e-05
169984,-0.0027254108572378755,0.9096172638237476,-0.062023850972764194,0.01123046875,0.0008374650133191608,8.299180327868853e-05
171008,-0.0007567466236650944,0.6484346333891153,-0.06900932698044926,0.008544921875,0.0005594087633653544,8.288934426229509e-05
172032,-0.002032854790741112,0.8958271993324161,-0.05597368610324338,0.007080078125,0.0005617565984721296,8.278688524590165e-05
173056,-0.0017978320247493684,1.0709278341382742,-0.07301844703033566,0.01416015625,0.0017746676312526688,8.26844262295082e-05
174080,-0.001984225120395422,0.840634603984654,-0.06770512647926807,0.007568359375,0.000755165601731278,8.258196721311475e-05
175104,-0.0021745308622485027,0.5542131634429097,-0.043666888726875186,0.007080078125,0.0005841909733135253,8.247950819672133e-05
176128,-0.0018244551465613768,0.8407723223790526,-0.051934722578153014,0.005859375,0.0005600058211712167,8.237704918032787e-05
177152,-0.003200586244929582,0.45665273163467646,-0.05442093824967742,0.010498046875,0.0009680447255959734,8.227459016393442e-05
178176,-0.0027028473559767008,0.7629858087748289,-0.050960755441337824,0.017578125,0.0019610708550317213,8.217213114754099e-05
179200,-0.0015528676376561634,0.42431849613785744,-0.04442695912439376,0.0107421875,0.0009592493370291777,8.206967213114755e-05
180224,-0.0028039326061843894,0.6474571665748954,-0.04353467532200739,0.01416015625,0.0013598659206763841,8.19672131147541e-05
181248,-0.0005453160629258491,0.6029218658804893,-0.04380251612747088,0.013427734375,0.0018291410378878936,8.186475409836066e-05
182272,-0.0009147587843472138,0.5482641523703933,-0.043235314544290304,0.00341796875,0.00031394300458487123,8.176229508196722e-05
183296,-0.0012893981038359925,0.6558626908808947,-0.04709583951625973,0.009765625,0.0006437093470594846,8.165983606557377e-05
184320,-0.005129275348735973,0.5496030747890472,-0.059388592722825706,0.021484375,0.002283926798554603,8.155737704918032e-05
185344,-0.002858094849216286,0.9799180142581463,-0.04786948434775695,0.01220703125,0.0010004849973483942,8.145491803278688e-05
186368,-0.003167404363921378,0.6893486073240638,-0.05251681862864643,0.0205078125,0.002604937159048859,8.135245901639345e-05
187392,-0.0017793653096305206,0.35655443370342255,-0.04852341616060585,0.00390625,0.0003795621159952134,8.125000000000001e-05
188416,-0.0025955924866138957,0.736076339147985,-0.04506011982448399,0.011962890625,0.0014419645958696492,8.114754098360656e-05
189440,-0.0010921351640718058,0.5028117019683123,-0.03930633276468143,0.006103515625,0.0010994765325449407,8.104508196721312e-05
190464,-0.001855508773587644,0.41649187728762627,-0.03903103229822591,0.008056640625,0.0006726603969582357,8.094262295081968e-05
191488,-0.0013525332906283438,0.4856200469657779,-0.040094664436765015,0.00830078125,0.0008358778650290333,8.084016393442623e-05
192512,0.0002498675312381238,0.4734296277165413,-0.050983282388187945,0.019287109375,0.002763803036941681,8.073770491803278e-05
193536,-0.0019385580308153294,0.4453589366748929,-0.03724439107463695,0.011962890625,0.001170098410511855,8.063524590163935e-05
194560,-0.0010123441315954551,0.3048469624482095,-0.04033214907394722,0.00732421875,0.0005461621258291416,8.053278688524591e-05
195584,-0.0014057936641620472,0.4227618807926774,-0.044083295157179236,0.010498046875,0.0009833629737840965,8.043032786885246e-05
196608,-0.0022654482163488865,0.6965940501540899,-0.03417984637781046,0.011962890625,0.0020261319004930556,8.032786885245902e-05
197632,-0.0007782700995448977,0.8543569454923272,-0.04903668293263763,0.00732421875,0.0005858918084413745,8.022540983606558e-05
198656,-0.002209687780123204,0.7446474805474281,-0.04218763182871044,0.009033203125,0.0007220621046144515,8.012295081967213e-05
199680,-0.0033913861261680722,0.8659370429813862,-0.04638949519721791,0.013916015625,0.0016661480767652392,8.002049180327868e-05
200704,-0.001727612005197443,0.6241167271509767,-0.04569508763961494,0.01123046875,0.0008407248387811705,7.991803278688526e-05
201728,-0.0015684224345022812,0.5932271806523204,-0.03646655404008925,0.01513671875,0.003490787697955966,7.98155737704918e-05
202752,-0.0032332161208614707,0.6494768685661256,-0.047812238917686045,0.0107421875,0.0017222052338183858,7.971311475409835e-05
203776,-0.002830223209457472,1.9161304384469986,-0.0675708883209154,0.029541015625,0.0037886122954660095,7.961065573770492e-05
204800,-0.0032835772581165656,1.5978563502430916,-0.06241312902420759,0.0244140625,0.005413064420281444,7.950819672131148e-05
205824,-0.003398892265977338,0.9697726406157017,-0.06160098151303828,0.018310546875,0.0018975537968799472,7.940573770491804e-05
206848,-0.0024783925764495507,0.6928467992693186,-0.04956237558508292,0.013916015625,0.0031620104709872976,7.930327868852459e-05
207872,-0.0011303232749924064,0.46867300756275654,-0.03757441934430972,0.0146484375,0.001349030739220325,7.920081967213115e-05
208896,-0.0024339946612599306,0.5247900309041142,-0.046947873663157225,0.0185546875,0.002228534300229512,7.90983606557377e-05
209920,-0.0020152011566096917,0.8362358324229717,-0.0632441908819601,0.013916015625,0.0018061826413031667,7.899590163934427e-05
210944,-0.003262763362727128,0.6412433171644807,-0.042907946510240436,0.014892578125,0.0022155398983159102,7.889344262295082e-05
211968,-0.0016330463549820706,0.5587894013151526,-0.036705723498016596,0.015625,0.001972155208932236,7.879098360655738e-05
212992,-0.003091078091529198,0.3120925812982023,-0.03480898984707892,0.0126953125,0.0017332108836853877,7.868852459016394e-05
214016,-0.000976874478510581,0.5369648970663548,-0.05211866972967982,0.01708984375,0.002479989248968195,7.858606557377049e-05
215040,-0.0029031758749624714,0.532840340398252,-0.05188686202745885,0.0185546875,0.0019877433660440147,7.848360655737705e-05
216064,0.0015353194467024878,0.2553599029779434,-0.02904329521697946,0.009765625,0.0009651029758970253,7.838114754098362e-05
217088,-0.0018308415019419044,0.6115128928795457,-0.04090097139123827,0.019287109375,0.005144731345353648,7.827868852459018e-05
218112,-0.0010343802423449233,0.8929808186367154,-0.03939810546580702,0.017333984375,0.002275047889270354,7.817622950819671e-05
219136,-0.004655774901038967,0.5314035750925541,-0.03889667271869257,0.01953125,0.0035996031292597763,7.807377049180329e-05
220160,-0.0004194357607048005,0.3475849381648004,-0.034644464729353786,0.00732421875,0.0005178929495741613,7.797131147540984e-05
221184,-0.001528861525002867,0.6845180420204997,-0.05262123519787565,0.01806640625,0.001766016888723243,7.78688524590164e-05
222208,-0.0005686712174792774,0.41693772561848164,-0.042655404133256525,0.007080078125,0.0016300361239700578,7.776639344262295e-05
223232,-0.0031362554582301527,0.593828015960753,-0.06351919239386916,0.01953125,0.0019000381580553949,7.766393442622951e-05
224256,-0.0014826405385974795,1.1773581430315971,-0.04710820323089138,0.01123046875,0.0020661401649704203,7.756147540983608e-05
225280,-0.003456886246567592,0.6104294424876571,-0.04651398223359138,0.019287109375,0.00253079243702814,7.745901639344263e-05
226304,-0.0019400807432248257,0.6602024883031845,-0.043302395672071725,0.013916015625,0.0012573678613989614,7.735655737704919e-05
227328,-0.00044890337449032813,0.7389481794089079,-0.057083483203314245,0.010498046875,0.0009402853029314429,7.725409836065574e-05
228352,-0.0038136532966746017,0.9402232579886913,-0.03978441719664261,0.013916015625,0.00217458914994495,7.71516393442623e-05
229376,-0.0011030748137272894,0.5706863021478057,-0.03606508544180542,0.01025390625,0.001364850533718709,7.704918032786885e-05
230400,-0.005963046176475473,0.9606051240116358,-0.0450035544927232,0.0224609375,0.003259083860029932,7.694672131147541e-05
231424,-0.001694373509963043,0.8860198967158794,-0.048733565490692854,0.01123046875,0.0018940931258839555,7.684426229508197e-05
232448,-0.0030024370935279876,0.6589544042944908,-0.050813685928005725,0.010986328125,0.001266219544049818,7.674180327868852e-05
233472,-0.0010781524033518508,0.5358656505122781,-0.038292145531158894,0.009033203125,0.0006854327075416222,7.663934426229509e-05
234496,-0.0019438714516581967,0.7921179058030248,-0.05153499578591436,0.01025390625,0.0009303697588620707,7.653688524590165e-05
235520,-0.0032360445693484508,0.638595225289464,-0.05166014388669282,0.01123046875,0.0010709303605835885,7.643442622950821e-05
236544,0.0006075734709156677,0.62791499029845,-0.0377609278075397,0.011474609375,0.001286889091716148,7.633196721311475e-05
237568,-0.0018892231018980965,0.7661369368433952,-0.04391590924933553,0.01025390625,0.0011851303352159448,7.622950819672132e-05
238592,-0.0016039720867411233,0.4550888938829303,-0.04853522148914635,0.0078125,0.00046738898527109995,7.612704918032787e-05
239616,-0.0007416188163915649,0.5149245378561318,-0.04195662826532498,0.010009765625,0.0008308790784212761,7.602459016393443e-05
240640,-0.0007098297573975287,0.5153625840321183,-0.03541928809136152,0.002197265625,0.00019053122377954423,7.592213114754098e-05
241664,-0.004500440612901002,0.9187521627172828,-0.051426105259452015,0.018310546875,0.001908817925141193,7.581967213114755e-05
242688,-0.0058089098311029375,0.3783126347698271,-0.04445276071783155,0.026123046875,0.004037353006424382,7.571721311475411e-05
243712,0.0003440573491388932,0.5881245853379369,-0.05459537450224161,0.016845703125,0.0015013425509096123,7.561475409836066e-05
244736,-0.0010014591680373996,0.2783704879693687,-0.03859277660376392,0.0126953125,0.0016600134258624166,7.551229508196722e-05
245760,-0.0019773400272242725,0.9084984511137009,-0.04646252765087411,0.011474609375,0.0010094832905451767,7.540983606557377e-05
246784,-0.002673171111382544,0.8439202103763819,-0.07415476639289409,0.01513671875,0.0015686748083680868,7.530737704918033e-05
247808,-0.000975038405158557,0.6486880914308131,-0.04344410670455545,0.006103515625,0.000625889289949555,7.520491803278688e-05
248832,-0.0023810032798792236,0.8442836236208677,-0.04574098330340348,0.01123046875,0.0011321897763991728,7.510245901639344e-05
249856,-0.0018596119625726715,0.35479340283200145,-0.04145075741689652,0.00732421875,0.00085915693489369,7.500000000000001e-05
250880,-0.004644578759325668,0.8663628473877907,-0.07157499971799552,0.021240234375,0.0034230803285026923,7.489754098360656e-05
251904,-0.0038304346089717,1.0369472857564688,-0.0495156102697365,0.013427734375,0.001266421953914687,7.479508196721312e-05
252928,-0.0058307985382271,1.0760376825928688,-0.04711700981715694,0.026611328125,0.004754891888296697,7.469262295081967e-05
253952,-0.0028109356353525072,1.1911730449646711,-0.0633800175273791,0.0283203125,0.0027668039401760325,7.459016393442624e-05
254976,-0.0021176330992602743,0.37734359269961715,-0.04451419634278864,0.01953125,0.0015380484619527124,7.448770491803278e-05
256000,-0.0015858352417126298,0.5827177353203297,-0.047510978183709085,0.0078125,0.0008180179502232932,7.438524590163936e-05
257024,-0.0012943926121806726,0.45787065755575895,-0.04576845688279718,0.008544921875,0.0008552073632017709,7.42827868852459e-05
258048,-0.0015011799041531049,0.9142063613981009,-0.05862590973265469,0.021240234375,0.001477219455409795,7.418032786885247e-05
259072,-0.0011106183665106073,0.5713448747992516,-0.0427684590104036,0.007080078125,0.0009562885534251109,7.407786885245902e-05
260096,-0.002239474139059894,0.8449880024418235,-0.045552758674602956,0.01318359375,0.0012001330251223408,7.397540983606558e-05
261120,-0.002151727458112873,0.19737836439162493,-0.03936781478114426,0.010498046875,0.0016554770554648712,7.387295081967214e-05
262144,-0.0030277902114903554,0.5230543445795774,-0.032109304738696665,0.019287109375,0.003953426159569062,7.377049180327869e-05
263168,-0.001866362159489654,0.5424334770068526,-0.05195632670074701,0.02880859375,0.00370486263273051,7.366803278688525e-05
264192,-0.001944641291629523,0.9809338785707951,-0.05707298521883786,0.00732421875,0.0007632581546204165,7.35655737704918e-05
265216,0.0007930290594231337,0.5879972008988261,-0.04963149095419794,0.015625,0.0018170929688494653,7.346311475409837e-05
266240,-0.001426457252819091,0.4347181902267039,-0.0371499017928727,0.01220703125,0.0012670153373619542,7.336065573770491e-05
267264,-0.001164315668575,0.2626088997349143,-0.03733175387606025,0.008544921875,0.000732871048967354,7.325819672131148e-05
268288,-0.0021939744474366307,0.7432887507602572,-0.046137658588122576,0.0224609375,0.003917595910024829,7.315573770491804e-05
269312,-0.0014549613915733062,0.503872592933476,-0.04011673113564029,0.010009765625,0.0007470459531759843,7.305327868852459e-05
270336,-0.0017516163570689969,0.2510737548582256,-0.050188019464258105,0.02001953125,0.0031904387724353,7.295081967213115e-05
271360,-0.0018773032497847453,1.0744502935558558,-0.04326384735759348,0.0185546875,0.0016971689838101156,7.28483606557377e-05
272384,-0.002227976707217749,1.0818746257573366,-0.049118634953629225,0.021728515625,0.0020830070643569343,7.274590163934428e-05
273408,-0.0012261661322554573,0.6681949589401484,-0.04109406273346394,0.00830078125,0.001118363805289846,7.264344262295081e-05
274432,-0.002393230635789223,0.45125552732497454,-0.04663212678860873,0.01123046875,0.0010353317047702149,7.254098360655738e-05
275456,-0.0017889292066683993,0.4284095396287739,-0.04766219644807279,0.015869140625,0.002298433413670864,7.243852459016394e-05
276480,-0.0023127913736971095,0.3145680637098849,-0.040471121901646256,0.01025390625,0.0006665340988547541,7.23360655737705e-05
277504,-0.0017871509553515352,0.5765849752351642,-0.047644671285524964,0.00439453125,0.0008191350207198411,7.223360655737705e-05
278528,-0.0039078852569218725,0.8304062662646174,-0.049657000112347305,0.010009765625,0.001306770915107336,7.213114754098361e-05
279552,-0.002939444762887433,1.105717908591032,-0.060816860757768154,0.012451171875,0.0013574194890679792,7.202868852459018e-05
280576,-0.0026715751155279577,1.6759494487196207,-0.048778108321130276,0.017578125,0.002552364021539688,7.192622950819672e-05
281600,-0.004161932651186362,1.0791710186749697,-0.05660436186008155,0.013427734375,0.0010920332424575463,7.182377049180329e-05
282624,-0.0008409452857449651,0.209783673286438,-0.032348927896237,0.00830078125,0.0010317667911294848,7.172131147540984e-05
283648,-0.0021399142206064425,1.0204041944816709,-0.04406807804480195,0.01904296875,0.0024262455772259273,7.16188524590164e-05
284672,-0.0013267481699585915,1.755728431046009,-0.03989844204625115,0.018798828125,0.00213375425664708,7.151639344262295e-05
285696,-0.001783460313163232,0.7454887023195624,-0.038227366690989584,0.007080078125,0.0006907576753292233,7.141393442622951e-05
286720,-0.006813320458604721,0.5082045150920749,-0.03843719372525811,0.022216796875,0.00336310805141693,7.131147540983607e-05
287744,-0.001939851077622734,1.063514219596982,-0.03999281016876921,0.0166015625,0.00213557780807605,7.120901639344264e-05
288768,-0.0021069408394396305,0.5202438225969672,-0.04037389610311948,0.01611328125,0.0021557532527367584,7.110655737704918e-05
289792,-0.0027978355865343474,0.7964677046984434,-0.04659902985440567,0.00927734375,0.0009327570078312419,7.100409836065573e-05
290816,-0.006161858502309769,1.3965210262686014,-0.05623639514669776,0.0244140625,0.0024765106645645574,7.090163934426231e-05
291840,-0.0018234102753922343,0.2856795568950474,-0.03303555148886517,0.008544921875,0.0009449364297324792,7.079918032786886e-05
292864,-0.00402522282092832,1.0063051171600819,-0.048212138935923576,0.015869140625,0.002020968087890651,7.069672131147541e-05
293888,-0.001105262228520587,0.36185455741360784,-0.03868373524164781,0.011962890625,0.00097213846311206,7.059426229508197e-05
294912,-0.0023080998435034417,1.1283725090324879,-0.05064583517378196,0.017578125,0.0017907898436533287,7.049180327868853e-05
295936,-0.0031163060339167714,0.9778089867904782,-0.0474813703331165,0.013427734375,0.001004770674626343,7.038934426229508e-05
296960,-0.0027633985664579086,0.26328100822865963,-0.04063107300316915,0.020263671875,0.005251553287962452,7.028688524590163e-05
297984,-0.0024276110525534023,1.3379083666950464,-0.04621461377246305,0.017333984375,0.0025529807317070663,7.018442622950821e-05
299008,-0.00424360695615178,0.5072918990626931,-0.0411131686414592,0.01904296875,0.0034480464382795617,7.008196721311476e-05
300032,-0.00095126818632707,0.35788906132802367,-0.03380845335777849,0.013916015625,0.0015627344837412238,6.997950819672132e-05
301056,-0.0008906413859222084,0.22176016867160797,-0.03375376499025151,0.01123046875,0.001393363272654824,6.987704918032787e-05
302080,-0.003301758610177785,0.8468242082744837,-0.04518603562610224,0.025146484375,0.0037831019435543567,6.977459016393443e-05
303104,-0.0021543202674365602,0.8912201086059213,-0.03971935319714248,0.015625,0.0014120803607511334,6.967213114754098e-05
304128,-0.0013333441165741533,0.6842109663411975,-0.03535170876421034,0.01513671875,0.0015004235829110257,6.956967213114754e-05
305152,-0.001312342741584871,0.31959462258964777,-0.029815692483680323,0.0126953125,0.0017733110071276315,6.94672131147541e-05
306176,-0.0020586642785929143,0.5171958575956523,-0.032855280209332705,0.00634765625,0.0005169451542315073,6.936475409836066e-05
307200,-0.0006510867060569581,0.199813574552536,-0.03737752552842721,0.010986328125,0.0010124423642992042,6.926229508196722e-05
308224,-0.0003895415284205228,0.33621284062974155,-0.0345952867064625,0.013427734375,0.0024332097527803853,6.915983606557377e-05
309248,-0.001986515289900126,0.374346359167248,-0.043509087641723454,0.01708984375,0.002105772859067656,6.905737704918034e-05
310272,-0.0031580518116243184,0.31287360144779086,-0.03991421253886074,0.01611328125,0.0020267293220967986,6.895491803278689e-05
311296,-0.001462843967601657,0.786533453501761,-0.047788314579520375,0.017333984375,0.002109436391037889,6.885245901639344e-05
312320,-0.00026689714286476374,0.6443535573780537,-0.03594578005140647,0.011962890625,0.0016685107912053354,6.875e-05
313344,-0.0016080411296570674,0.4576799008063972,-0.032250520802335814,0.012939453125,0.001778119636583142,6.864754098360657e-05
314368,-0.002276646948303096,0.22499129548668861,-0.03624220113852061,0.013671875,0.0021822283597430214,6.854508196721312e-05
315392,-0.0061020333305350505,0.5120390192605555,-0.04322763707023114,0.02783203125,0.0033973077952396125,6.844262295081967e-05
316416,-0.0007308145432034507,0.4897757666185498,-0.034955634153448045,0.0107421875,0.00197406584629789,6.834016393442624e-05
317440,-0.001190519251395017,0.3358998098410666,-0.041913961176760495,0.007080078125,0.0006356804296956398,6.823770491803279e-05
318464,-0.00024122624017763883,0.6894785473123193,-0.03854488715296611,0.013671875,0.0011668515362543985,6.813524590163935e-05
319488,-0.0021573966660071164,0.4493845743127167,-0.0387851222185418,0.015380859375,0.0019957092154072598,6.80327868852459e-05
320512,-0.0068037026503589,0.6760762250050902,-0.0507555321091786,0.02197265625,0.003206606561434455,6.793032786885246e-05
321536,-0.00034288380993530154,0.7443751506507397,-0.03416389605263248,0.010009765625,0.0012690312651102431,6.782786885245901e-05
322560,-0.0021985175771987997,0.28569641802459955,-0.04209269816055894,0.00927734375,0.0009812880525714718,6.772540983606558e-05
323584,-0.0022552533919224516,0.9683515885844827,-0.03682186029618606,0.0166015625,0.004748334569740109,6.762295081967214e-05
324608,-0.0019326059118611738,0.9516493920236826,-0.04438657220453024,0.010498046875,0.0012193836519145407,6.752049180327869e-05
325632,-0.0024253053561551496,0.36878828098997474,-0.039417426101863384,0.025390625,0.002918277277785819,6.741803278688525e-05
326656,-0.0017840946165961213,0.09846566896885633,-0.03281036234693602,0.010009765625,0.0011073078276240267,6.73155737704918e-05
327680,-0.0017660470311966492,0.8125776555389166,-0.04087124275974929,0.024658203125,0.003770370763959363,6.721311475409838e-05
328704,-0.0021679226774722338,1.172538435086608,-0.04810733156045899,0.008544921875,0.0007696464526816271,6.711065573770493e-05
329728,-0.0009565378713887185,0.698900680989027,-0.0504417191259563,0.004150390625,0.0004096612610737793,6.700819672131147e-05
330752,-0.0025454780843574554,0.4405293478630483,-0.04384472273522988,0.024658203125,0.004615348887455184,6.690573770491804e-05
331776,-0.00012288984726183116,0.15293394611217082,-0.041495413694065064,0.011474609375,0.0021479263159562834,6.68032786885246e-05
332800,-9.781110566109419e-05,0.7660222640261054,-0.06775757775176316,0.038330078125,0.006128625442215707,6.670081967213115e-05
333824,-0.0009714118059491739,0.3319070069119334,-0.035402518638875335,0.012939453125,0.0023587095929542556,6.65983606557377e-05
334848,-0.0030810636453679763,0.4113968056626618,-0.04156587732722983,0.015625,0.0026984130818163976,6.649590163934427e-05
335872,-0.0017853301760624163,0.1688728961162269,-0.035930769314290956,0.00732421875,0.000924893123738002,6.639344262295082e-05
336896,-0.0011148770281579345,0.42542886384762824,-0.031111008545849472,0.00634765625,0.0006321442851913162,6.629098360655737e-05
337920,-0.0009496965649304911,0.35352223785594106,-0.030827079550363123,0.009765625,0.0010352872050134465,6.618852459016394e-05
338944,-0.001395691477227956,0.7820006236433983,-0.03737916436512023,0.008056640625,0.0006155952069093473,6.60860655737705e-05
339968,-0.0012942419489263557,0.4755472606047988,-0.034997663751710206,0.010498046875,0.0014687429793411866,6.598360655737705e-05
340992,-0.0007456268649548292,0.35249175503849983,-0.03014650021214038,0.009765625,0.0014632448728661984,6.588114754098361e-05
342016,-0.00170695643464569,0.11642328603193164,-0.034791790996678174,0.009033203125,0.0006177869072416797,6.577868852459017e-05
343040,-0.0013008916685066652,0.8041082303971052,-0.03686105029191822,0.015380859375,0.0014828522107563913,6.567622950819672e-05
344064,-0.00185527051507961,0.4072004873305559,-0.038952272589085624,0.011474609375,0.0011271693219896406,6.557377049180328e-05
345088,-0.0028798955463571474,0.3386214831843972,-0.03591775702079758,0.0126953125,0.0010501774377189577,6.547131147540983e-05
346112,-0.004362999214208685,0.2975986022502184,-0.04689565388252959,0.016845703125,0.002443296427372843,6.53688524590164e-05
347136,-0.0024401071277679875,0.20068872650153935,-0.04646779299946502,0.012451171875,0.0015847270842641592,6.526639344262296e-05
348160,-5.172681994736195e-06,0.7721181940287352,-0.051652212627232075,0.02197265625,0.0034450561433914118,6.516393442622951e-05
349184,-0.002647144312504679,0.6763372519053519,-0.04465856443857774,0.0087890625,0.0007184499045251869,6.506147540983607e-05
350208,-0.0027055668033426628,0.29996554204262793,-0.03622654755599797,0.010498046875,0.001230157766258344,6.495901639344263e-05
351232,-0.0019393890543142334,0.5436180341057479,-0.0420000342419371,0.023681640625,0.004570813340251334,6.485655737704918e-05
352256,-0.0030271240684669465,1.0223516216501594,-0.04625766456592828,0.01611328125,0.0012700496008619666,6.475409836065573e-05
353280,-0.0008112959185382351,0.5668744943104684,-0.04434595088241622,0.01708984375,0.0013592191171483137,6.465163934426231e-05
354304,-0.0029772223788313568,0.14426968898624182,-0.03692761098500341,0.013916015625,0.0018018059417954646,6.454918032786886e-05
355328,-0.004291497767553665,0.7299343599006534,-0.04624037485336885,0.013427734375,0.0018982955953106284,6.44467213114754e-05
356352,-0.004409345405292697,0.49022012669593096,-0.04460759228095412,0.015380859375,0.0049508225347381085,6.434426229508197e-05
357376,-0.0016908840188989416,0.39207255421206355,-0.04390660335775465,0.014404296875,0.0015875571625656448,6.424180327868853e-05
358400,-0.0012143385829403996,1.1109686270356178,-0.06040449009742588,0.013671875,0.002643436222570017,6.41393442622951e-05
359424,-0.001385380805004388,0.5071904575452209,-0.04204369167564437,0.011474609375,0.0012997742378502153,6.403688524590163e-05
360448,-0.001634054322494194,0.6400072020478547,-0.038761845673434436,0.01953125,0.0032190395504585467,6.39344262295082e-05
361472,-0.001013115659588948,0.07895639806520194,-0.030239063693443313,0.00439453125,0.00037294334470061585,6.383196721311475e-05
362496,-0.0012990899849683046,0.7708661677315831,-0.046034493483603,0.007568359375,0.0007243077707244083,6.372950819672132e-05
363520,-0.004540037669357844,1.2702158316969872,-0.061894490383565426,0.014892578125,0.001719637650239747,6.362704918032787e-05
364544,-0.004203152107947972,0.5333833862096071,-0.050407756643835455,0.018310546875,0.0025177845600410365,6.352459016393443e-05
365568,-0.0020267358340788633,0.26266263402067125,-0.041564865328837186,0.01953125,0.002014599223912228,6.342213114754099e-05
366592,-0.0025131192596745677,0.4452625080011785,-0.04101488570449874,0.01513671875,0.0016560653311898932,6.331967213114754e-05
367616,-0.005665850330842659,0.8139586234465241,-0.04751685925293714,0.024169921875,0.004364943626569584,6.32172131147541e-05
368640,-0.001467149588279426,0.357546997256577,-0.03266395692480728,0.0078125,0.0009755375140230171,6.311475409836065e-05
369664,-0.0021027500479249284,0.3112804922275245,-0.04361916484776884,0.01318359375,0.0016801029923954047,6.301229508196722e-05
370688,-0.002134032198227942,0.9293286628089845,-0.041969729063566774,0.013671875,0.0011513604622450657,6.290983606557376e-05
371712,-0.0023429527354892343,0.7971620354801416,-0.04341112298425287,0.00830078125,0.0007862748898332939,6.280737704918034e-05
372736,-0.002141252829460427,0.41426132898777723,-0.0434266910306178,0.01708984375,0.002896025267546065,6.270491803278689e-05
373760,-0.005015571710828226,0.3666625954210758,-0.04368516866816208,0.02099609375,0.0019258373795310035,6.260245901639344e-05
374784,-0.0018792395858326927,0.5600758288055658,-0.030610939429607242,0.01220703125,0.001672969236096833,6.25e-05
375808,-0.001259851356735453,0.8331463690847158,-0.04109317500842735,0.0107421875,0.0009027861669892445,6.239754098360656e-05
376832,-0.0016023940115701407,1.0036459863185883,-0.04203531105304137,0.0078125,0.0007623311903444119,6.229508196721313e-05
377856,-0.002616079473227728,0.44334331899881363,-0.04888551076874137,0.01416015625,0.001537398864456918,6.219262295081966e-05
378880,-0.002875995749491267,0.34873488545417786,-0.04202690452802926,0.013427734375,0.0017277940423809923,6.209016393442624e-05
379904,-0.0020118716347496957,0.6019521490670741,-0.0532096759416163,0.017333984375,0.0014444876433117315,6.198770491803279e-05
380928,-0.003826225729426369,1.700895618647337,-0.06640962633537129,0.024169921875,0.0018144451169064268,6.188524590163935e-05
381952,-0.003286094288341701,0.9499585861340165,-0.04793731914833188,0.023681640625,0.0030277770274551585,6.17827868852459e-05
382976,-0.00417209419538267,0.5375306238420308,-0.03677475725999102,0.014404296875,0.002576520826551132,6.168032786885246e-05
384000,-0.0010537463094806299,0.4010907425545156,-0.05356202652910724,0.016845703125,0.001595034234924242,6.157786885245902e-05
385024,-0.002335299883270636,0.824577976949513,-0.039513482130132616,0.018798828125,0.0021856942621525377,6.147540983606557e-05
386048,-0.0017893959593493491,0.7759577669203281,-0.05321167252259329,0.0185546875,0.0014374285456142388,6.137295081967214e-05
387072,-0.004756954625918297,0.8851624578237534,-0.07292499055620283,0.0205078125,0.002409696957329288,6.127049180327869e-05
388096,-0.0038367497163562803,1.375726144760847,-0.04916339198825881,0.00830078125,0.0013176322681829333,6.116803278688525e-05
389120,-0.002813204628182575,0.2819541245698929,-0.05064662761287764,0.021728515625,0.003416799649130553,6.10655737704918e-05
390144,-0.0018973700935021043,0.14121859543956816,-0.031778149714227766,0.01171875,0.0012359188622212969,6.0963114754098373e-05
391168,-0.0013383020123001188,0.4429741548374295,-0.034433335677022114,0.009521484375,0.001308640159550123,6.0860655737704916e-05
392192,-0.0023342169588431716,0.16686675744131207,-0.03532402287237346,0.017333984375,0.0021326866699382663,6.075819672131148e-05
393216,-0.0034564076777314767,0.33235482638701797,-0.053004149929620326,0.01708984375,0.002102222897519823,6.0655737704918034e-05
394240,-0.0033586929203011096,0.3781655968632549,-0.03330791194457561,0.010498046875,0.0014782865400775336,6.05532786885246e-05
395264,-0.0016885284712770954,0.47488551679998636,-0.03868761326884851,0.006591796875,0.0010238432223559357,6.045081967213115e-05
396288,-0.0020464382832869887,0.1291577445808798,-0.028183817776152864,0.01123046875,0.0013402480035438202,6.03483606557377e-05
397312,-0.002524947762140073,0.9531449442729354,-0.04078737593954429,0.010009765625,0.00096125958225457,6.024590163934427e-05
398336,-0.003018307346792426,0.14143038913607597,-0.03741262305993587,0.02099609375,0.0036954379320377484,6.014344262295082e-05
399360,-0.0023683799227001145,0.4152840697206557,-0.047605378553271294,0.015625,0.0015595214426866733,6.0040983606557376e-05
400384,-0.0029827202524757013,1.2374535538256168,-0.045889442146290094,0.015625,0.0016935052481130697,5.993852459016394e-05
401408,-0.002023255015956238,0.5037495917640626,-0.027043280337238684,0.00927734375,0.0007450068515026942,5.9836065573770495e-05
402432,-0.0024031676293816417,0.13900496321730316,-0.03684427205007523,0.014892578125,0.0022254236828302965,5.973360655737705e-05
403456,-0.001991818644455634,0.9023770857602358,-0.043080845556687564,0.009521484375,0.0023510542087024078,5.9631147540983614e-05
404480,-0.0005618393915938213,0.7854096870869398,-0.04414908529724926,0.003662109375,0.0003605935999075882,5.952868852459017e-05
405504,-0.0015423258882947266,0.3655779978726059,-0.029595748521387577,0.013916015625,0.0022597911884076893,5.942622950819672e-05
406528,-0.0018592789638205431,0.40569803095422685,-0.03676647774409503,0.01171875,0.0011386460610083304,5.932377049180329e-05
407552,-0.003532186812662985,0.3974273221101612,-0.036411715613212436,0.011474609375,0.0020340795963420533,5.922131147540984e-05
408576,-0.0021248638950055465,0.4536080965772271,-0.04466818558285013,0.010986328125,0.0016273978471872397,5.911885245901639e-05
409600,-0.0023504946657340042,0.1433435408398509,-0.0422005228465423,0.014404296875,0.001981847468414344,5.9016393442622956e-05
410624,-0.0011792180157499388,0.10127617721445858,-0.03695245733251795,0.008056640625,0.0006050253286957741,5.891393442622951e-05
411648,-0.0012676668266067281,0.30172974709421396,-0.03592041612137109,0.005126953125,0.0006908664072398096,5.881147540983607e-05
412672,-0.004907480615656823,0.5404048468917608,-0.054008168866857886,0.022216796875,0.0032371509150834754,5.870901639344263e-05
413696,-0.0034517701133154333,0.45137320132926106,-0.04388226242735982,0.0126953125,0.0018861956559703685,5.8606557377049186e-05
414720,-0.0032402818687842228,0.10507692256942391,-0.03591978288022801,0.01171875,0.0017517155283712782,5.8504098360655735e-05
415744,-0.0022324819437926635,0.20096464781090617,-0.03709727371460758,0.013427734375,0.001915038599690888,5.8401639344262305e-05
416768,-0.0033520177166792564,0.15844125859439373,-0.04638563544722274,0.016845703125,0.0022150773729663342,5.8299180327868854e-05
417792,-0.0020629326318157837,0.09538534726016223,-0.02775183116318658,0.007568359375,0.0008955254379543476,5.819672131147541e-05
418816,-0.0021077785931993276,0.499836515635252,-0.039154738653451204,0.01123046875,0.0011710669787134975,5.809426229508197e-05
419840,-0.0023333574645221233,0.9156408049166203,-0.0410653687431477,0.0126953125,0.0015007085748948157,5.799180327868853e-05
420864,-0.004045905763632618,0.5067572752013803,-0.04055882664397359,0.015380859375,0.001987746414670255,5.7889344262295084e-05
421888,-0.002070483868010342,0.18607182567939162,-0.0357661567395553,0.010986328125,0.001424328344000969,5.778688524590163e-05
422912,-0.00275223542121239,0.5770854772999883,-0.03654124477179721,0.01171875,0.001420707987563219,5.76844262295082e-05
423936,-0.0016604461779934354,0.4663869133219123,-0.040017726947553456,0.021484375,0.00397974526276812,5.758196721311475e-05
424960,-0.0014820579526713118,0.08600523276254535,-0.033395258244127035,0.014404296875,0.001918367954203859,5.747950819672132e-05
425984,-0.0020002162200398743,0.14380658441223204,-0.03277918114326894,0.0087890625,0.0011510497279232368,5.737704918032787e-05
427008,-0.0016158750659087673,0.6951252073049545,-0.03639262658543885,0.0205078125,0.003102011760347523,5.7274590163934426e-05
428032,0.001520298290415667,0.4781291885301471,-0.0423202637466602,0.01953125,0.004437810290255584,5.717213114754099e-05
429056,-0.0006534364656545222,0.47861539386212826,-0.039242263534106314,0.00439453125,0.00039763791573932394,5.7069672131147545e-05
430080,-0.0016349868892575614,0.43968146247789264,-0.04382547765271738,0.0185546875,0.00212353599636117,5.69672131147541e-05
431104,-0.0016761926090111956,0.07959629304241389,-0.03475352539680898,0.014404296875,0.0012873640007455833,5.686475409836065e-05
432128,-0.0006331089753075503,0.4207414332777262,-0.043831525777932256,0.01904296875,0.0019559832726372406,5.676229508196722e-05
433152,0.0010914472950389609,0.9213252868503332,-0.04811078653438017,0.013671875,0.0016708772600395605,5.665983606557377e-05
434176,-0.0016426505608251318,0.4360972037538886,-0.03677300177514553,0.009765625,0.0011080894837505184,5.655737704918034e-05
435200,-0.0037123148649698123,0.9239325486123562,-0.04703134065493941,0.029296875,0.0032563754575676285,5.645491803278689e-05
436224,-0.0019903850770788267,0.47762550599873066,-0.03668750874930993,0.01025390625,0.0009515215206192806,5.635245901639344e-05
437248,-0.0018002268334385008,0.8251602193340659,-0.03613090864382684,0.00830078125,0.0007370159146375954,5.6250000000000005e-05
438272,-0.004484733777644578,0.6741711916401982,-0.04828077962156385,0.017822265625,0.0018847211831598543,5.614754098360656e-05
439296,-0.0017274180136155337,0.12421102356165648,-0.030831466719973832,0.008056640625,0.0006885724142193794,5.604508196721312e-05
440320,-0.0016490063717355952,0.11574291251599789,-0.0380814618547447,0.004638671875,0.0003650760991149582,5.5942622950819666e-05
441344,-0.0024827235465636477,0.6322844848036766,-0.037874332920182496,0.018310546875,0.0034300987390452065,5.5840163934426236e-05
442368,-0.0016353099490515888,0.2054987014271319,-0.038385426509194076,0.0126953125,0.0015439882772625424,5.5737704918032785e-05
443392,-0.005301612865878269,0.37755852192640305,-0.03265940223354846,0.0244140625,0.006504484714241698,5.5635245901639354e-05
444416,-0.0016168037764145993,1.0727851334959269,-0.044072169170249254,0.00439453125,0.0005152397425263189,5.55327868852459e-05
445440,-0.002923945532529615,1.3774864971637726,-0.05361152402474545,0.01416015625,0.0010210041582467966,5.543032786885246e-05
446464,-0.0011688590166158974,0.5852831839583814,-0.04713157331570983,0.015869140625,0.0012767471125698648,5.532786885245902e-05
447488,-0.004442167453817092,1.6010178364813328,-0.07418939063791186,0.019287109375,0.0015704768302384764,5.522540983606558e-05
448512,-0.0021671993017662317,0.6043064221739769,-0.04209519550204277,0.00830078125,0.000799576155259274,5.5122950819672134e-05
449536,-0.0015306079876609147,1.5401051118969917,-0.05278414097847417,0.014404296875,0.0012827394675696269,5.502049180327868e-05
450560,-0.004536437161732465,0.40760777657851577,-0.038330978248268366,0.0205078125,0.0032597020763205364,5.491803278688525e-05
451584,-0.00201759634364862,0.9321046601980925,-0.03710717137437314,0.008544921875,0.0007506198962801136,5.48155737704918e-05
452608,-0.0019110176508547738,0.4485920090228319,-0.029606756404973567,0.01171875,0.002007332986977417,5.471311475409837e-05
453632,-0.002608938986668363,0.3380913562141359,-0.036253214289899915,0.01220703125,0.0010654016659827903,5.461065573770492e-05
454656,-0.003937288332963362,0.11441958951763809,-0.037201269529759884,0.0126953125,0.0014635322804679163,5.4508196721311476e-05
455680,-0.002899789818911813,0.7411365648731589,-0.04102554701967165,0.013916015625,0.0013651202825712971,5.440573770491804e-05
456704,-0.0028796348051400855,0.8792285481467843,-0.03038919880054891,0.020263671875,0.004022137880383525,5.4303278688524594e-05
457728,-0.0011848608846776187,0.2804107912816107,-0.04601207876112312,0.0146484375,0.0018044180906144902,5.420081967213115e-05
458752,-0.0016671945486450568,0.3640017067082226,-0.038672141323331743,0.019775390625,0.002235036423371639,5.40983606557377e-05
459776,-0.0007118350476957858,0.2443538587540388,-0.03384002239909023,0.00732421875,0.0007326774721150286,5.399590163934427e-05
460800,-0.0007062063596094958,0.0963174575008452,-0.03106185034266673,0.005615234375,0.00043019591976189986,5.389344262295082e-05
461824,-0.005612646898953244,0.7438777354545891,-0.04387629750999622,0.031494140625,0.009368995451950468,5.3790983606557374e-05
462848,-0.0004972086899215356,0.1346589899621904,-0.0316447141522076,0.004150390625,0.0003458293795119971,5.3688524590163936e-05
463872,-0.0015821633278392255,0.7684761937707663,-0.029650533280801028,0.011474609375,0.0011016346761607565,5.358606557377049e-05
464896,-0.0014095075966906734,0.4855228057131171,-0.035015327390283346,0.022705078125,0.0035957445215899497,5.3483606557377055e-05
465920,-0.0011612077869358473,0.094264330342412,-0.02997623197734356,0.0068359375,0.0007705621173954569,5.338114754098361e-05
466944,-0.0016362755850423127,0.7936305059120059,-0.041376087348908186,0.012939453125,0.002960100639029406,5.327868852459017e-05
467968,-0.0016570444859098643,0.11678361869417131,-0.03682975296396762,0.01513671875,0.0013725547250942327,5.3176229508196716e-05
468992,-0.0017424881079932675,0.38265743339434266,-0.03467006093706004,0.011962890625,0.000790156569564715,5.3073770491803285e-05
470016,-0.0009749420423759148,0.5236368181649595,-0.03269981185439974,0.005615234375,0.0003060914823436178,5.2971311475409834e-05
471040,-0.0006305822462309152,0.4388124030083418,-0.036118887015618384,0.00927734375,0.0007893520742072724,5.28688524590164e-05
472064,-0.001666434167418629,0.07065155380405486,-0.02776267274748534,0.010009765625,0.0009834713055170141,5.276639344262295e-05
473088,-0.001490156093495898,0.6833031764253974,-0.035106181632727385,0.007568359375,0.0006243665920919739,5.266393442622951e-05
474112,-0.0009486138224019669,0.09858633624389768,-0.03200947880395688,0.0078125,0.0006893218160257675,5.256147540983607e-05
475136,-0.0014020266098668799,0.10137183731421828,-0.031121813866775483,0.010498046875,0.001719424850307405,5.245901639344263e-05
476160,-0.0024129405501298606,0.08520575484726578,-0.03042561639449559,0.009521484375,0.0008254183194367215,5.235655737704919e-05
477184,-0.0017686227802187204,0.07144406554289162,-0.029070283693727106,0.010986328125,0.0012311074970057234,5.225409836065573e-05
478208,-0.0071187282737810165,0.42140496522188187,-0.043566506064962596,0.023681640625,0.006193926448759157,5.21516393442623e-05
479232,-0.0034598626734805293,0.3747595977038145,-0.0384431229904294,0.022705078125,0.00461938776425086,5.204918032786885e-05
480256,-0.0019200855167582631,0.7384195020422339,-0.03948103290167637,0.013916015625,0.0010320311193936504,5.1946721311475413e-05
481280,-0.002435752743622288,0.4490973886568099,-0.035515033028787,0.010986328125,0.0010663746652426198,5.184426229508197e-05
482304,-0.0015354074712377042,0.10527504817582667,-0.041023510217200965,0.01513671875,0.0021465539030032232,5.1741803278688525e-05
483328,-0.0018254901297041215,0.36825099075213075,-0.03671809850493446,0.017822265625,0.0024302344463649206,5.163934426229509e-05
484352,-0.0016494765295647085,0.08069119998253882,-0.03356077571515925,0.013916015625,0.0012159418693045154,5.153688524590164e-05
485376,-0.0026874606701312587,0.4701017262414098,-0.0423856689594686,0.02294921875,0.002205010416219011,5.1434426229508206e-05
486400,-0.002387551823630929,0.960434578359127,-0.040510956139769405,0.01220703125,0.0007873854774516076,5.133196721311475e-05
487424,-0.002324551183846779,0.07931713026482612,-0.032704978133551776,0.013671875,0.0024498299972037785,5.122950819672132e-05
488448,-0.0015998797898646444,1.4092687275260687,-0.04389906965661794,0.00830078125,0.000890123141289223,5.112704918032787e-05
489472,-0.0010384293273091316,0.47237562853842974,-0.031298118410632014,0.009765625,0.0011192582751391456,5.102459016393443e-05
490496,-0.0019855212231050245,1.1510297944769263,-0.041517642966937274,0.0107421875,0.0012805091610061936,5.0922131147540986e-05
491520,-0.000732279906515032,0.09809006401337683,-0.031930519558954984,0.006103515625,0.0006533617561217397,5.081967213114754e-05
492544,-0.0016473794676130638,0.13968526502139866,-0.04630979656940326,0.0166015625,0.0021497396446648054,5.0717213114754104e-05
493568,-0.0028604306862689555,1.0765615589916706,-0.03869933827081695,0.019775390625,0.0029108285161782987,5.0614754098360654e-05
494592,-0.00624814975890331,0.7868914855644107,-0.045723224990069866,0.026123046875,0.005391846971178893,5.051229508196722e-05
495616,-0.0016088795964606106,0.42059606523253024,-0.035904994409065694,0.014892578125,0.001833667753089685,5.0409836065573765e-05
496640,-0.004724316269857809,0.5598721229471266,-0.044949917355552316,0.02685546875,0.0036957278789486736,5.0307377049180335e-05
497664,-0.0015140436007641256,0.4787775748409331,-0.0443941080593504,0.017333984375,0.0019091610811301507,5.0204918032786884e-05
498688,-0.006303910166025162,2.6332650035619736,-0.0802087509073317,0.015869140625,0.0025363983877468854,5.0102459016393447e-05
499712,-0.004204349941574037,1.2339327055960894,-0.07009282323997468,0.0205078125,0.002533284539822489,5e-05
500736,-0.003307900929939933,0.7711545070633292,-0.04656607727520168,0.01416015625,0.001874799228971824,4.989754098360656e-05
501760,-0.0040884874179027975,0.30879061575978994,-0.03569082397734746,0.0234375,0.004922494888887741,4.979508196721312e-05
502784,-0.00411776831606403,1.1065809149295092,-0.05311731429537758,0.024169921875,0.0028221449756529182,4.969262295081968e-05
503808,-0.0034571622672956437,0.8430061237886548,-0.053733662236481905,0.025146484375,0.0021402800193754956,4.959016393442624e-05
504832,-0.0012940404849359766,0.7528530796989799,-0.04446328990161419,0.010498046875,0.0007949343853397295,4.948770491803278e-05
505856,-0.002731511602178216,0.8237283965572715,-0.05036268214462325,0.005615234375,0.0005299954209476709,4.9385245901639344e-05
506880,-0.00353933367296122,0.11829081759788096,-0.03730435308534652,0.01318359375,0.0009502794928266667,4.92827868852459e-05
507904,-0.0024544416810385883,0.5924871484749019,-0.04031858951202594,0.01171875,0.000945641913858708,4.918032786885246e-05
508928,-0.00306608626851812,0.6665819631889462,-0.04285520879784599,0.013427734375,0.0011818747807410546,4.907786885245902e-05
509952,-0.0014165895554469898,0.15044518606737256,-0.034706745063886046,0.006591796875,0.0011297141754766926,4.8975409836065575e-05
510976,-0.0034839186118915677,0.8284969227388501,-0.04144060396356508,0.01708984375,0.0032863308588275686,4.887295081967214e-05
512000,-0.0015835000376682729,0.533460218925029,-0.037013994238805026,0.011962890625,0.001603992270247545,4.877049180327869e-05
513024,-0.0028411563798727,1.8142818287014961,-0.05804237793199718,0.017333984375,0.0013479819317581132,4.8668032786885256e-05
514048,-0.0024054353416431695,0.4378830590285361,-0.049475102743599564,0.0126953125,0.0011508381721796468,4.85655737704918e-05
515072,-0.0005002178368158638,0.6128216884098947,-0.04244932485744357,0.010498046875,0.0013879709804314189,4.846311475409836e-05
516096,-0.005133678641868755,0.5454059476032853,-0.03543124400312081,0.0146484375,0.0023359812621492893,4.836065573770492e-05
517120,-0.0036417692754184827,0.5363856884650886,-0.03768509812653065,0.01318359375,0.002760310126177501,4.825819672131148e-05
518144,-0.004371386705315672,0.4815499116666615,-0.032856921054190025,0.00634765625,0.0011587857297854498,4.8155737704918035e-05
519168,-0.002516504318919033,0.5743208937346935,-0.031913381011690944,0.026611328125,0.004139486045460217,4.805327868852459e-05
520192,-0.0022437029147113208,0.4145933629479259,-0.03242667586891912,0.013427734375,0.0012932553217979148,4.7950819672131154e-05
521216,-0.004644642714993097,0.5704295746982098,-0.04020319352275692,0.02685546875,0.006206215599377174,4.784836065573771e-05
522240,-0.0019166379715898074,0.7621710980311036,-0.030383811914362013,0.0166015625,0.0017641863014432602,4.774590163934426e-05
523264,-0.002106852931319736,0.1732413242571056,-0.032705351506592706,0.009033203125,0.0008164458049577661,4.7643442622950815e-05
524288,-0.0016401098109781742,0.28444811794906855,-0.029097115562763065,0.00830078125,0.0014488792876363732,4.754098360655738e-05
525312,-0.001956760563189164,0.9348972728475928,-0.033383035741280764,0.00537109375,0.0007131995516829193,4.7438524590163933e-05
526336,-0.0013757334018009715,0.3391489530913532,-0.033800031000282615,0.007568359375,0.0005783107626484707,4.7336065573770496e-05
527360,-0.0035926479613408446,0.729277472011745,-0.03658819757401943,0.0146484375,0.0018827570966095664,4.723360655737705e-05
528384,-0.0013201356632634997,0.8089926736429334,-0.03911937028169632,0.00830078125,0.0007897054820205085,4.713114754098361e-05
529408,-0.0026966286786773708,0.5437886952422559,-0.03922050358960405,0.0126953125,0.0013236519880592823,4.702868852459017e-05
530432,-0.00522879880736582,0.4164496813900769,-0.033325451193377376,0.01904296875,0.0028985218959860504,4.6926229508196726e-05
531456,-0.001597428388777189,0.7091575199738145,-0.030965587677201256,0.015625,0.0017141735661425628,4.6823770491803276e-05
532480,-0.0023471790336770937,0.23541987035423517,-0.027064123103627935,0.014892578125,0.0029953694029245526,4.672131147540983e-05
533504,-0.0037974779843352735,0.4100659682881087,-0.03711805841885507,0.018310546875,0.002365827858739067,4.6618852459016394e-05
534528,-0.0016823606711113825,0.08719340886455029,-0.026807240923517384,0.009033203125,0.0015854564917390235,4.651639344262295e-05
535552,-0.0025373945682076737,0.8983104880899191,-0.03237445204285905,0.010498046875,0.0012280807350180112,4.641393442622951e-05
536576,-0.0025631267853896134,0.2681125313974917,-0.03180951697868295,0.017578125,0.002287558490934316,4.631147540983607e-05
537600,-0.0008026183495530859,0.45402684109285474,-0.02867653197608888,0.0126953125,0.0019205695862183347,4.620901639344263e-05
538624,-0.0024826266308082268,0.3624994431156665,-0.03427522172569297,0.021240234375,0.0030959471405367367,4.610655737704919e-05
539648,-0.001618650247110054,0.5088076079264283,-0.03233485089731403,0.02001953125,0.004201680552796461,4.600409836065574e-05
540672,-0.004246967990184203,0.6035105180926621,-0.051823979534674436,0.01708984375,0.001858503914263565,4.590163934426229e-05
541696,-0.0017716182919684798,0.5840368703939021,-0.037166905880440027,0.00537109375,0.0004444419901119545,4.5799180327868855e-05
542720,-0.0019031052652280778,0.1405532646458596,-0.030841232408420183,0.007080078125,0.0008603177921031602,4.569672131147541e-05
543744,-0.002413854275800986,0.3026986951008439,-0.035221900907345116,0.00830078125,0.0007281865546246991,4.5594262295081966e-05
544768,7.81952403485775e-05,0.47103587072342634,-0.03940121066989377,0.0068359375,0.0008032950208871625,4.549180327868853e-05
545792,-0.001788607900380157,0.7339433776214719,-0.059386879205703735,0.022705078125,0.001914046864840202,4.5389344262295085e-05
546816,-0.001704803144093603,0.1077127440366894,-0.03269361349521205,0.008544921875,0.0006324268615571782,4.528688524590165e-05
547840,-0.0005632573884213343,0.10880773118697107,-0.026682650757720694,0.0087890625,0.0010399128732387908,4.5184426229508204e-05
548864,-0.0011232125107198954,0.4794615739956498,-0.03756782133132219,0.00439453125,0.00039690558332949877,4.508196721311475e-05
549888,-0.0036395651986822486,0.8336355127394199,-0.04439134523272514,0.017822265625,0.0018193978685303591,4.497950819672131e-05
550912,-0.0022488102840725332,0.1663631156552583,-0.028507095208624378,0.0146484375,0.0015981251417542808,4.487704918032787e-05
551936,-0.0022072015854064375,0.865497506223619,-0.04295574524439871,0.0205078125,0.0022962933289818466,4.477459016393443e-05
552960,-0.0019893276403308846,0.11922371131367981,-0.0372073533362709,0.013671875,0.0012091269454685971,4.467213114754098e-05
553984,-0.0017047983055817895,0.5887384191155434,-0.037004551209975034,0.013671875,0.0020618705966626294,4.4569672131147546e-05
555008,-0.002114879709552042,0.3007381740026176,-0.0379607746435795,0.012451171875,0.0010791164677357301,4.44672131147541e-05
556032,-0.003611389714933466,0.3711459923069924,-0.036939887126209214,0.016845703125,0.0015396390081150457,4.4364754098360664e-05
557056,-0.0003706293791765347,0.37984781386330724,-0.03274705717922188,0.001953125,0.00021940202714176849,4.426229508196722e-05
558080,-0.002607493195682764,0.12717743148095906,-0.039460602827603,0.011474609375,0.001682803951553069,4.415983606557377e-05
559104,-0.0051631243113661185,0.5492459000088274,-0.040306008246261626,0.03271484375,0.006128093067673035,4.4057377049180325e-05
560128,-0.0009142232593148947,0.4875325420871377,-0.028647262777667493,0.007568359375,0.0006725681232637726,4.395491803278689e-05
561152,-0.003129755932604894,0.24183732946403325,-0.03197117813397199,0.007080078125,0.0006496585410786793,4.3852459016393444e-05
562176,-0.001800112790078856,0.257590671768412,-0.04937260370934382,0.017578125,0.0016866870209923945,4.375e-05
563200,-0.0023608159826835617,0.5389395523816347,-0.0430310812080279,0.016357421875,0.001276620983844623,4.364754098360656e-05
564224,-0.002256622479762882,0.10049337218515575,-0.030995953507954255,0.01220703125,0.0013311671355040744,4.354508196721312e-05
565248,-0.0017124232981586829,0.5013921065256,-0.04087392200017348,0.014404296875,0.0010572301616775803,4.344262295081968e-05
566272,-0.0023162302022683434,0.24136771284975111,-0.03088500865851529,0.006591796875,0.000854400175740011,4.334016393442624e-05
567296,-0.000905935165064875,0.10221921419724822,-0.02274598542135209,0.005126953125,0.0005255993455648422,4.3237704918032786e-05
568320,-0.002995357004692778,0.23330378509126604,-0.033687411283608526,0.0166015625,0.0023407159314956516,4.313524590163934e-05
569344,-0.0028119723210693337,0.10133296484127641,-0.029263473057653755,0.01123046875,0.0009573354036547244,4.3032786885245904e-05
570368,-0.0014813527668593451,0.19452549912966788,-0.028471843514125794,0.006103515625,0.0006265978227020241,4.293032786885246e-05
571392,-0.0014188015193212777,0.09994339128024876,-0.023307353127165698,0.0048828125,0.0006196460162755102,4.2827868852459016e-05
572416,-0.0009411041683051735,0.14050889946520329,-0.024900152871850878,0.009521484375,0.0013181371323298663,4.272540983606558e-05
573440,-0.0016963996749836951,0.1455044758040458,-0.02962642116472125,0.01123046875,0.0009183325164485723,4.2622950819672135e-05
574464,-0.005952582781901583,0.733326124958694,-0.052550065447576344,0.018798828125,0.0018938030989374965,4.25204918032787e-05
575488,-0.0025207725120708346,0.4038949813693762,-0.041031326400116086,0.014892578125,0.0018004745070356876,4.241803278688525e-05
576512,-0.005162486326298676,0.9458323437720537,-0.04602494288701564,0.017578125,0.0015717467322247103,4.23155737704918e-05
577536,-0.00241373688186286,0.11481212975922972,-0.02867486927425489,0.013916015625,0.0017487409204477444,4.221311475409836e-05
578560,-0.0019451307889539748,0.5151315280236304,-0.04210715665249154,0.007080078125,0.000675309871439822,4.211065573770492e-05
579584,-0.003087758508627303,0.43328993930481374,-0.03669889163575135,0.010986328125,0.0009123454874497838,4.200819672131148e-05
580608,-0.0020198893325868994,0.09259634092450142,-0.026916287941276096,0.0087890625,0.0015663999802200124,4.190573770491803e-05
581632,-0.001171885189251043,0.07697052182629704,-0.03008882366702892,0.014404296875,0.001962397596798837,4.1803278688524595e-05
582656,4.8567584599368274e-05,0.43676947383210063,-0.03281245502876118,0.009521484375,0.0011734887739294209,4.170081967213115e-05
583680,-0.003920728617231362,0.1288909447612241,-0.03835635696304962,0.02099609375,0.0021311732853064314,4.1598360655737714e-05
584704,-0.001879211253253743,0.08954744797665626,-0.02712552936282009,0.011474609375,0.0014977648097556084,4.1495901639344256e-05
585728,-0.0008228095903177746,0.05952798773068935,-0.02718270817422308,0.0029296875,0.0002669661625986919,4.139344262295082e-05
586752,-0.003232394410588313,0.31092232814989984,-0.036423233832465485,0.02099609375,0.0024991090103867464,4.1290983606557375e-05
587776,-0.0006163053549244069,0.12153138231951743,-0.03433959107496776,0.008544921875,0.0010212781489826739,4.118852459016394e-05
588800,-0.0014243817786336876,0.10330884472932667,-0.025028416610439308,0.014404296875,0.004391643822600599,4.108606557377049e-05
589824,-0.0018049758509732783,0.0788335707038641,-0.029879875452024862,0.013916015625,0.0012902630915050395,4.098360655737705e-05
590848,-0.00179401742934715,0.056318633956834674,-0.030653810856165364,0.008544921875,0.0018816604133462533,4.088114754098361e-05
591872,0.0004317526472732425,0.13074081507511437,-0.03074736543931067,0.013427734375,0.0019042691346840002,4.077868852459017e-05
592896,-0.001567193423397839,0.7971547758206725,-0.03458288707770407,0.005859375,0.0005074627188150771,4.067622950819673e-05
593920,-0.0019938171171816066,0.06469438946805894,-0.03234859375515953,0.009765625,0.0013311185975908302,4.057377049180327e-05
594944,-0.0015360790566774085,0.0766326937591657,-0.026801767555298284,0.01171875,0.0013069522974546999,4.0471311475409835e-05
595968,-0.0050805570936063305,0.6289505288004875,-0.04242318612523377,0.022216796875,0.0034553066216176376,4.036885245901639e-05
596992,-0.00623695581452921,1.0811514165252447,-0.04648537700995803,0.016845703125,0.0019028643073397689,4.0266393442622954e-05
598016,-0.0005816462216898799,0.3959649126045406,-0.03611308493418619,0.0068359375,0.0007194383870228194,4.016393442622951e-05
599040,-0.004675053671235219,0.3983149998821318,-0.042984418279957026,0.02001953125,0.0018602249620016664,4.0061475409836066e-05
600064,-0.0026444782270118594,0.0566840231185779,-0.03035566363541875,0.010986328125,0.0016887665260583162,3.995901639344263e-05
601088,-0.001746213689330034,0.09005731018260121,-0.034753902902593836,0.01220703125,0.001917646783113014,3.9856557377049184e-05
602112,-0.0018381569680059329,0.3131041289307177,-0.03083176285144873,0.01025390625,0.001633707135624718,3.975409836065575e-05
603136,-0.0012649449781747535,0.5140965864993632,-0.049443382828030735,0.007568359375,0.0006075364144635387,3.965163934426229e-05
604160,-0.00044335087295621634,0.11147352447733283,-0.030471641628537327,0.00537109375,0.00047915081086102873,3.954918032786885e-05
605184,-0.002514659565349575,1.1136599835008383,-0.03956153994658962,0.0126953125,0.0014850364241283387,3.944672131147541e-05
606208,-0.0014618449204135686,0.08270939846988767,-0.02638148335972801,0.00732421875,0.0007817179211997427,3.934426229508197e-05
607232,-0.0012520528107415885,0.09724837029352784,-0.024476991064148024,0.012451171875,0.0015395408481708728,3.9241803278688526e-05
608256,-0.002191130115534179,0.4156396179459989,-0.04054529091808945,0.01123046875,0.0011767321411753073,3.913934426229509e-05
609280,-0.002556280371209141,0.30404897266998887,-0.03272242529783398,0.007080078125,0.0005764648667536676,3.9036885245901645e-05
610304,-0.0016014071588870138,0.48324501421302557,-0.033376054489053786,0.0107421875,0.0009156327869277447,3.89344262295082e-05
611328,-0.002028094240813516,0.43305638199672103,-0.030391575826797634,0.009765625,0.0009973919877666049,3.883196721311475e-05
612352,-0.0013355974951991811,0.1747522654477507,-0.03679263111553155,0.006103515625,0.00048143630556296557,3.872950819672131e-05
613376,-0.0013861815677955747,0.5265109178144485,-0.026616338262101635,0.0107421875,0.0011371562504791655,3.862704918032787e-05
614400,-0.0026375305315013975,0.6884844563901424,-0.04528753785416484,0.009765625,0.0010950303985737264,3.8524590163934424e-05
615424,-0.0005660401293425821,0.3578525045886636,-0.033650775672867894,0.01416015625,0.001474880991736427,3.842213114754099e-05
616448,-0.0029483200487447903,0.38590861740522087,-0.033920521673280746,0.021728515625,0.0050068640630343,3.831967213114754e-05
617472,-0.0009219197381753474,0.15126059693284333,-0.02829110753373243,0.009765625,0.0011907760781468824,3.8217213114754106e-05
618496,-0.0020646260381909087,0.08099257200956345,-0.02701797551708296,0.012451171875,0.0016207553271669894,3.811475409836066e-05
619520,-0.0007833736890461296,0.32574625429697335,-0.03949234346509911,0.010986328125,0.0010058568877866492,3.801229508196722e-05
620544,-0.002325406516320072,0.1517109628766775,-0.03151610994245857,0.011474609375,0.001912917781737633,3.7909836065573766e-05
621568,-0.0013048298860667273,0.07218847540207207,-0.029029069264652207,0.006591796875,0.001089120312826708,3.780737704918033e-05
622592,-0.001713357098196866,0.489561980124563,-0.033506018575280905,0.01220703125,0.0012130348404753022,3.7704918032786885e-05
623616,-0.004751694592414424,0.6485310513526201,-0.04266677738633007,0.027587890625,0.0035486320630297996,3.760245901639344e-05
624640,-0.0026731005491456017,0.5360308806411922,-0.03585559199564159,0.00439453125,0.0004905760870315135,3.7500000000000003e-05
625664,-0.001605282275704667,0.8235591845586896,-0.03747097396990284,0.012939453125,0.0012034948013024405,3.739754098360656e-05
626688,-0.0009737863147165626,0.26307931425981224,-0.032452499493956566,0.005615234375,0.0009035501643666066,3.729508196721312e-05
627712,-0.0014049964374862611,1.0027808900922537,-0.04210633476031944,0.00634765625,0.0007644090001122095,3.719262295081968e-05
628736,-0.001341232142294757,0.11619489616714418,-0.04089741833740845,0.00927734375,0.0006658938655164093,3.7090163934426234e-05
629760,-0.00018448576156515628,0.3534789008554071,-0.032221748057054356,0.004150390625,0.0004303671812522225,3.698770491803278e-05
630784,-0.0008659961895318702,1.0895107686519623,-0.04435316106537357,0.004150390625,0.00033047755277948454,3.6885245901639346e-05
631808,-0.00021487455524038523,0.09202952671330422,-0.028071536537026986,0.0048828125,0.0013922722791903652,3.67827868852459e-05
632832,-0.003783169711823575,0.16321536735631526,-0.04392154095694423,0.01904296875,0.0037599649294861592,3.668032786885246e-05
633856,-0.0024368644517380744,0.1164133547572419,-0.03075331458239816,0.017333984375,0.0031665119604440406,3.657786885245902e-05
634880,-0.0033110951917478815,0.719324141740799,-0.035212540067732334,0.013916015625,0.001409215976309497,3.6475409836065576e-05
635904,-0.0024477478946209885,0.616070382297039,-0.040031532233115286,0.008056640625,0.0007370689127128571,3.637295081967214e-05
636928,-0.00043923156044911593,0.4734352948144078,-0.04742065310711041,0.013671875,0.0008795385583653115,3.6270491803278694e-05
637952,-0.0008053804049268365,0.09501674375496805,-0.03213156870333478,0.009033203125,0.0007296999901882373,3.616803278688525e-05
638976,-0.003099198278505355,0.39856050768867135,-0.0409829598502256,0.02392578125,0.0036774269756278954,3.60655737704918e-05
640000,-0.0017324110376648605,0.419466910418123,-0.032697231392376125,0.005859375,0.0006749830645276234,3.596311475409836e-05
641024,-0.0018131034594262019,0.44980318821035326,-0.04035388753982261,0.008544921875,0.000899287399079185,3.586065573770492e-05
642048,-0.002167021215427667,0.10242730262689292,-0.026918836869299412,0.01123046875,0.0012766856452799402,3.5758196721311474e-05
643072,-0.0012978952072444372,0.05731569207273424,-0.024764481699094176,0.00537109375,0.000557689207198564,3.5655737704918037e-05
644096,-0.0022967351833358407,0.1258849734440446,-0.02580973648582585,0.005859375,0.0008961006460594945,3.555327868852459e-05
645120,-0.0023038240542518906,0.8126000938937068,-0.04876745381625369,0.00439453125,0.00044401601917343214,3.5450819672131155e-05
646144,-0.001953371611307375,0.07187658257316798,-0.03519902110565454,0.020263671875,0.0028744473529513925,3.534836065573771e-05
647168,-0.0007357045833487064,0.12727452139370143,-0.028794802783522755,0.0146484375,0.001422266948793549,3.524590163934426e-05
648192,-0.001837851043092087,0.4333990407176316,-0.030404434306547046,0.0068359375,0.0005059508403064683,3.5143442622950816e-05
649216,-0.0017724635981721804,1.0374835841357708,-0.042734464863315225,0.011962890625,0.0011311427369946614,3.504098360655738e-05
650240,-0.0019448829334578477,0.07610930840019137,-0.02884472900768742,0.010498046875,0.0009488552313996479,3.4938524590163935e-05
651264,-0.00423164309177082,0.3544818270020187,-0.03172855614684522,0.019775390625,0.002544756469433196,3.483606557377049e-05
652288,-0.0006125959553173743,0.6086753783747554,-0.03461142079322599,0.00390625,0.000530660581716802,3.473360655737705e-05
653312,-0.0022554146853508428,0.33853740245103836,-0.03889005718519911,0.00830078125,0.0006810323902755044,3.463114754098361e-05
654336,-0.0013166786957299337,1.0342004811391234,-0.03900248801801354,0.00634765625,0.00047035135503392667,3.452868852459017e-05
655360,-0.0017777946050046012,0.06416435551363975,-0.024824372376315296,0.009521484375,0.003915943074389361,3.442622950819673e-05
656384,-0.0018840775737771764,0.958203143440187,-0.044204422389157116,0.01904296875,0.0017907460569404066,3.432377049180328e-05
657408,-0.0017366362735629082,0.4904901976697147,-0.03550792287569493,0.008544921875,0.0011670695093926042,3.422131147540983e-05
658432,-0.0023270729434443638,0.4514710293151438,-0.04476707789581269,0.01611328125,0.0015630999623681419,3.4118852459016395e-05
659456,-0.003328345308545977,0.37102768407203257,-0.03553355031181127,0.014892578125,0.0015843039291212335,3.401639344262295e-05
660480,-0.0007327529820031486,0.3982371676247567,-0.02880436135455966,0.005615234375,0.0005639103110297583,3.391393442622951e-05
661504,-0.0023390777205349877,0.9113907478749752,-0.0450107092037797,0.01123046875,0.0007964961987454444,3.381147540983607e-05
662528,-0.002929682144895196,0.9078658996149898,-0.04463742801453918,0.0126953125,0.0011553580043255351,3.3709016393442625e-05
663552,-0.0016912763239815831,0.23886045394465327,-0.029480792494723573,0.014404296875,0.0019750421488424763,3.360655737704919e-05
664576,-0.003038862836547196,0.2799214283004403,-0.03772616194328293,0.01220703125,0.0014415354962693527,3.3504098360655744e-05
665600,-0.0021839064138475806,0.2728907661512494,-0.04664287145715207,0.0146484375,0.002645491680596024,3.340163934426229e-05
666624,-0.002119417185895145,1.0662842402234674,-0.055604962224606425,0.00537109375,0.00037852482637390494,3.329918032786885e-05
667648,-0.001566187827847898,0.6470704805105925,-0.037365402036812156,0.00634765625,0.00039846664731157944,3.319672131147541e-05
668672,-0.0023737136652925983,0.9318820256739855,-0.04003484366694465,0.0166015625,0.0014184863539412618,3.309426229508197e-05
669696,-0.0023149178887251765,0.12696413788944483,-0.03312697887304239,0.006103515625,0.0008410428490606137,3.2991803278688523e-05
670720,-0.001905969955259934,0.1572068992536515,-0.03175405171350576,0.01220703125,0.0011981982315774076,3.2889344262295086e-05
671744,-0.0015755076165078208,0.07242887280881405,-0.03764613947714679,0.007568359375,0.0007820690589142032,3.278688524590164e-05
672768,-0.001280088719795458,0.06898492248728871,-0.027766316867200658,0.00927734375,0.0008786605612840503,3.2684426229508205e-05
673792,-0.0028927053135703318,0.33757113153114915,-0.03528575209202245,0.00927734375,0.0009551338662276976,3.258196721311475e-05
674816,-0.0016674938378855586,0.061436659772880375,-0.039834256924223155,0.0107421875,0.0008495934962411411,3.247950819672131e-05
675840,-0.00362144062819425,0.3465515645220876,-0.034180315531557426,0.025390625,0.0036688802938442677,3.2377049180327866e-05
676864,-0.0038759981689509004,0.633227314800024,-0.03209018034976907,0.010498046875,0.0011322605641908012,3.227459016393443e-05
677888,-0.002099498648021836,0.0918038944946602,-0.037731982418335974,0.008056640625,0.0005820273800054565,3.2172131147540984e-05
678912,-0.0020843398524448276,0.17194316652603447,-0.035300157323945314,0.009765625,0.0016278815892292187,3.206967213114755e-05
679936,-0.0016732706862967461,0.062141549307852983,-0.02753789324196987,0.005859375,0.0005391009617596865,3.19672131147541e-05
680960,-0.0012709464790532365,0.16236950363963842,-0.028253607961232774,0.010009765625,0.0013024247455177829,3.186475409836066e-05
681984,-0.0007105365948518738,0.45604206318967044,-0.03140349671593867,0.00927734375,0.0007864515428082086,3.176229508196722e-05
683008,-0.00205888145865174,0.08011029218323529,-0.03172827200614847,0.012451171875,0.0010476708848727867,3.1659836065573764e-05
684032,-0.00573202536907047,0.796888311393559,-0.04842395166633651,0.0244140625,0.0026536030345596373,3.1557377049180326e-05
685056,-0.002355940916459076,0.7625136943534017,-0.04454291064757854,0.019775390625,0.0019805901029030792,3.145491803278688e-05
686080,-0.0016898824396776035,0.4109021208714694,-0.03408183573628776,0.0048828125,0.000624805863481015,3.1352459016393445e-05
687104,-0.0019975460891146213,0.07671709381975234,-0.03461087995674461,0.00830078125,0.0007701533395447768,3.125e-05
688128,-0.002825461298925802,0.3286845227703452,-0.02980624680640176,0.0107421875,0.0008290703044622205,3.114754098360656e-05
689152,-0.0024597019582870416,0.37999378610402346,-0.03205998206976801,0.007568359375,0.0006259063156903721,3.104508196721312e-05
690176,-0.0013689880652236752,0.06952660088427365,-0.02698475943179801,0.006103515625,0.0004818546585738659,3.0942622950819675e-05
691200,-0.0011076599184889346,1.3279668875038624,-0.04243125527864322,0.00732421875,0.0005266887383186258,3.084016393442624e-05
692224,-0.00172399162693182,0.06475261226296425,-0.03512084617977962,0.009033203125,0.0007360442104982212,3.073770491803279e-05
693248,-0.0011705690558301285,0.35770128946751356,-0.03480659949127585,0.005859375,0.0006430175053537823,3.063524590163934e-05
694272,-0.0020467980939429253,0.7102051889523864,-0.037544288497883826,0.018798828125,0.0026373117580078542,3.05327868852459e-05
695296,-0.003110049197857734,0.7569397557526827,-0.05953698477242142,0.009033203125,0.0006150163171696477,3.0430327868852458e-05
696320,-0.004606835296726786,0.6054960307665169,-0.04041648138081655,0.021728515625,0.00229604217747692,3.0327868852459017e-05
697344,-0.0014250902167987078,0.40686491457745433,-0.034728606697171926,0.00537109375,0.00047309076762758195,3.0225409836065576e-05
698368,-0.0018662546353880316,0.3921242756769061,-0.032443259144201875,0.00732421875,0.0006984056744840927,3.0122950819672136e-05
699392,-0.002098962024319917,0.6438400214537978,-0.04166718735359609,0.0087890625,0.000735307956347242,3.0020491803278695e-05
700416,-0.0018960991146741435,0.4509563057217747,-0.038536916370503604,0.01220703125,0.001613186628674157,2.9918032786885254e-05
701440,-0.00235594578407472,0.6937227700836957,-0.039342648757155985,0.00732421875,0.0008251961844507605,2.98155737704918e-05
702464,-0.001555027483846061,0.5279433950781822,-0.03980135882738978,0.009033203125,0.000743963049899321,2.971311475409836e-05
703488,-0.0034231745958095416,0.9806049363687634,-0.04547563579399139,0.008056640625,0.0008559382986277342,2.961065573770492e-05
704512,-0.0019107426487607881,0.0849964905064553,-0.03175883254152723,0.0087890625,0.0008594695827923715,2.9508196721311478e-05
705536,-0.001522556398413144,0.10111545375548303,-0.03594428242649883,0.009033203125,0.0006530114260385744,2.9405737704918034e-05
706560,-0.0036148024373687804,0.4567102682776749,-0.05161800014320761,0.012939453125,0.0014690627504023723,2.9303278688524593e-05
707584,-0.001457233083783649,0.45253779739141464,-0.04566270805662498,0.00732421875,0.0006968654706724919,2.9200819672131152e-05
708608,-0.0014558837283402681,1.2678097570315003,-0.050150258117355406,0.00390625,0.000350942398654297,2.909836065573771e-05
709632,-0.0039151552628027275,0.0736923337681219,-0.037108268472366035,0.025634765625,0.00453654339798959,2.8995901639344257e-05
710656,-0.0029478141077561304,1.0487363757565618,-0.04900284222094342,0.0087890625,0.0007463453366653994,2.8893442622950817e-05
711680,-0.0008781398501014337,0.872912123799324,-0.033818503812653944,0.005615234375,0.0005050824474892579,2.8790983606557376e-05
712704,-0.001479643484344706,0.14644754747860134,-0.028132895968155935,0.0068359375,0.002601284570118878,2.8688524590163935e-05
713728,-0.0004085190885234624,1.3001842312514782,-0.04209925216855481,0.00537109375,0.0004221012204652652,2.8586065573770494e-05
714752,-0.002641077844600659,0.7000696416944265,-0.034718151786364615,0.017333984375,0.001554837632284034,2.848360655737705e-05
715776,-0.006515028435387649,0.4669503807090223,-0.051694330119062215,0.016357421875,0.002141747056157328,2.838114754098361e-05
716800,-0.0011190893419552594,0.22063944721594453,-0.03243229744839482,0.007080078125,0.0006426681429729797,2.827868852459017e-05
717824,-0.0016573708126088604,0.7079948429018259,-0.041459230065811425,0.0029296875,0.0003106056246906519,2.8176229508196728e-05
718848,-0.002299493891769089,0.7212120518088341,-0.045702133094891906,0.006103515625,0.000485269796627108,2.8073770491803274e-05
719872,-0.0024859336263034493,0.8150377096608281,-0.06610243779141456,0.025146484375,0.0020918647569487803,2.7971311475409833e-05
720896,-0.001774120086338371,0.5567358382977545,-0.05466172908199951,0.00732421875,0.0006180336276884191,2.7868852459016392e-05
721920,-0.0021263937087496743,1.0282942345365882,-0.04731483763316646,0.017333984375,0.0011486490766401403,2.776639344262295e-05
722944,-0.0019813462567981333,0.547235123347491,-0.03809879027539864,0.01025390625,0.0008007204596651718,2.766393442622951e-05
723968,-0.001607164042070508,0.39227320277132094,-0.032462341303471476,0.005859375,0.0003798888064920902,2.7561475409836067e-05
724992,-0.0019872611592290923,0.11513337003998458,-0.033892597843077965,0.014404296875,0.0015365994768217206,2.7459016393442626e-05
726016,-0.0026543089043116197,0.4933229354210198,-0.04554301768075675,0.0146484375,0.001085986805264838,2.7356557377049185e-05
727040,-0.002363136882195249,0.37167799146845937,-0.03604484669631347,0.009765625,0.0009820356717682444,2.7254098360655745e-05
728064,-0.0021103484323248267,0.6015107361599803,-0.04651416634442285,0.01171875,0.001223836101416964,2.715163934426229e-05
729088,-0.002289179974468425,0.0887695379788056,-0.03273314144462347,0.01025390625,0.0011464603667263873,2.704918032786885e-05
730112,-0.0006900911175762303,0.4504472753033042,-0.03943006187910214,0.004638671875,0.00035323137853993103,2.694672131147541e-05
731136,-0.0010637181621859781,0.07374501845333725,-0.04082269739592448,0.0087890625,0.0006889863943797536,2.6844262295081968e-05
732160,-0.0027261786308372393,0.3648765734396875,-0.03903992800042033,0.0087890625,0.0007426729498547502,2.6741803278688527e-05
733184,-0.0033351661259075627,0.2066424733493477,-0.04124706890434027,0.01708984375,0.0021453620938700624,2.6639344262295087e-05
734208,-0.003043367963982746,0.46221640380099416,-0.03352480227476917,0.01806640625,0.0030827391892671585,2.6536885245901643e-05
735232,-0.0026016827468993142,0.12197654973715544,-0.02779855582048185,0.01171875,0.002942844257631805,2.6434426229508202e-05
736256,-0.0014594350941479206,0.7675647945143282,-0.0342216687859036,0.005126953125,0.0004565028357319534,2.633196721311475e-05
737280,-0.002653756135259755,0.8201768072322011,-0.03987474110908806,0.0048828125,0.0004691226204158738,2.622950819672131e-05
738304,-0.0016093969898065552,0.08626369177363813,-0.03141332502127625,0.0068359375,0.0005384794785641134,2.6127049180327866e-05
739328,-0.0022254651121329516,0.2608659961260855,-0.0368974941666238,0.00634765625,0.0004874591249972582,2.6024590163934425e-05
740352,-0.0017458812944823876,0.49163644714280963,-0.03746699815383181,0.0126953125,0.0011161384609295055,2.5922131147540985e-05
741376,-0.001890238818305079,0.30730707477778196,-0.040727756975684315,0.012451171875,0.0010022375790867954,2.5819672131147544e-05
742400,-0.001863139754277654,0.051256377599202096,-0.026047625491628423,0.0087890625,0.0009769405733095482,2.5717213114754103e-05
743424,-0.0010270307102473453,0.26046355348080397,-0.0339769697166048,0.0048828125,0.0003828454209724441,2.561475409836066e-05
744448,-0.002063512227323372,0.12008929904550314,-0.027761121396906674,0.007080078125,0.0005268457462079823,2.551229508196722e-05
745472,-0.0015767477307235822,0.8199392007663846,-0.03809341543819755,0.009033203125,0.0008179019278031774,2.5409836065573767e-05
746496,-0.0021414004113466945,0.09662643854971975,-0.02729834450292401,0.01025390625,0.001202467072289437,2.5307377049180327e-05
747520,-0.0009878227283479646,0.0921061160042882,-0.030911557201761752,0.010986328125,0.0012571134138852358,2.5204918032786883e-05
748544,-0.0016337486158590764,0.7548909308388829,-0.033102999557740986,0.00830078125,0.0008263687850558199,2.5102459016393442e-05
749568,-0.0019317712431075051,0.10798784310463816,-0.0360715365386568,0.009521484375,0.0009590302652213722,2.5e-05
750592,-0.0014382362242031377,0.37246492714621127,-0.04091506905388087,0.0068359375,0.0007054901288938709,2.489754098360656e-05
751616,-0.0012039992143400013,0.08529474237002432,-0.030762932437937707,0.007568359375,0.0005717378226108849,2.479508196721312e-05
752640,-0.0015704414108768106,0.07870588859077543,-0.028371380132739432,0.008056640625,0.000965514664130751,2.4692622950819676e-05
753664,-0.0005051789921708405,0.42354477755725384,-0.045002980274148285,0.002197265625,0.0001580206080689095,2.4590163934426235e-05
754688,-0.0008728103857720271,0.38601367408409715,-0.024179638545319904,0.002685546875,0.0003755689976969734,2.4487704918032784e-05
755712,-0.0033264392259297892,0.14704453479498625,-0.041451710159890354,0.01220703125,0.0009652355220168829,2.4385245901639343e-05
756736,-0.0018285410333191976,0.07051782531198114,-0.025621838838560507,0.010498046875,0.0011884205450769514,2.42827868852459e-05
757760,-0.0018433470540912822,0.08105406851973385,-0.03085157272289507,0.01025390625,0.0009170776829705574,2.418032786885246e-05
758784,-0.002869691452360712,0.393248591106385,-0.04099895240506157,0.012451171875,0.000822041169158183,2.4077868852459018e-05
759808,-0.0004959289653925225,0.511498543433845,-0.03655045531922951,0.001708984375,0.00018330178136238828,2.3975409836065577e-05
760832,-0.0011572675575735047,0.09142849710769951,-0.03419806685997173,0.006591796875,0.0006099176389398053,2.3872950819672136e-05
761856,-0.0014833279892627615,0.42855256516486406,-0.05019964516395703,0.005126953125,0.00041979929665103555,2.3770491803278692e-05
762880,-0.0017035418859450147,0.3934792107902467,-0.047891590162180364,0.00927734375,0.0007382354961009696,2.366803278688525e-05
763904,-0.0011784290109062567,0.08569651411380619,-0.02404374341131188,0.00390625,0.0005530623893719167,2.35655737704918e-05
764928,-0.0012578441383084282,0.3831319233868271,-0.03589964096317999,0.007080078125,0.0005584176906268112,2.346311475409836e-05
765952,-0.0027925103931920603,0.560513443313539,-0.04393789451569319,0.01123046875,0.000800725982117001,2.3360655737704916e-05
766976,-0.0010798431030707434,0.43827753607183695,-0.033688217255985364,0.007080078125,0.000573946803342551,2.3258196721311475e-05
768000,-0.00062061712378636,0.07978878123685718,-0.02466422769066412,0.00244140625,0.0002553199592512101,2.3155737704918034e-05
769024,-0.0009145189687842503,0.06165787484496832,-0.025753915921086445,0.007568359375,0.000695183924108278,2.3053278688524594e-05
770048,-0.0016249083273578435,0.7020827881060541,-0.03748807159718126,0.00927734375,0.0007707687618676573,2.2950819672131153e-05
771072,-0.0005670906830346212,0.07342941116075963,-0.02516854854184203,0.0029296875,0.00021471545187523589,2.2848360655737712e-05
772096,-0.0015537461586063728,0.36721259634941816,-0.0273977164470125,0.007568359375,0.0007037986142677255,2.2745901639344258e-05
773120,-0.001903474680148065,0.4368507475592196,-0.035854420537361875,0.00341796875,0.0003194917590008117,2.2643442622950817e-05
774144,-0.0017324919172096997,0.0677526401123032,-0.02460044826148078,0.008544921875,0.001508095723693259,2.2540983606557376e-05
775168,-0.0018842371209757403,0.9908797070384026,-0.03349007875658572,0.01025390625,0.0007733409875072539,2.2438524590163936e-05
776192,-0.003900062838511076,0.4783289232291281,-0.04223481786902994,0.01513671875,0.0018886628822656348,2.233606557377049e-05
777216,-0.0012491955058067106,0.4462813655845821,-0.03205947726382874,0.0068359375,0.00048187674110522494,2.223360655737705e-05
778240,-0.0022965958632994443,0.40147081576287746,-0.03645352303283289,0.006591796875,0.0005206945352256298,2.213114754098361e-05
779264,-0.0015318243677029386,0.428956201300025,-0.03652830721694045,0.00830078125,0.0007351911408477463,2.202868852459017e-05
780288,-0.0009075581765500829,0.3698988053947687,-0.03471085015917197,0.005615234375,0.0005778435806860216,2.192622950819673e-05
781312,-0.0016593481341260485,0.11743059894070029,-0.03499329247279093,0.00634765625,0.0006960367973078974,2.1823770491803274e-05
782336,-0.002262173809867818,0.3786757318302989,-0.0276531727577094,0.009521484375,0.0006225961333257146,2.1721311475409834e-05
783360,-0.0028233214470674284,0.31078944890759885,-0.037614149623550475,0.012451171875,0.0009573734205332585,2.1618852459016393e-05
784384,-0.0023892834506114013,0.5382612105458975,-0.03320923930732533,0.008544921875,0.0007571409805677831,2.1516393442622952e-05
785408,-0.0012365204893285409,0.07815555133856833,-0.025486992235528305,0.005126953125,0.0004429336477187462,2.1413934426229508e-05
786432,-0.002566953029599972,0.9231430394575,-0.03446956898551434,0.00830078125,0.0014145746681606397,2.1311475409836067e-05
787456,-0.0011439428781159222,0.5210209605284035,-0.03282807077630423,0.006591796875,0.0004708655033027753,2.1209016393442627e-05
788480,-0.0017609014466870576,0.09299374371767044,-0.028888805827591568,0.005126953125,0.0007584317645523697,2.1106557377049186e-05
789504,-0.0028224505877005868,0.6504736403003335,-0.03970268095145002,0.00537109375,0.00043353393266443163,2.1004098360655745e-05
790528,-0.0009297674259869382,0.364685642067343,-0.03279820622992702,0.0068359375,0.0007168375013861805,2.090163934426229e-05
791552,-0.00324219765025191,0.16041502892039716,-0.03397139091975987,0.0068359375,0.0008753813526709564,2.079918032786885e-05
792576,-0.0033748641872080043,0.06342075485736132,-0.028752773185260594,0.01416015625,0.0024308977226610295,2.069672131147541e-05
793600,-0.0012540612660814077,0.5020914559718221,-0.03418427053838968,0.0078125,0.0007758390274830163,2.059426229508197e-05
794624,-0.0018418361141812056,0.950830090790987,-0.031859852315392345,0.0078125,0.0008492532069794834,2.0491803278688525e-05
795648,-0.0017741193732945248,0.37399452878162265,-0.03483450587373227,0.008056640625,0.0005421038731583394,2.0389344262295084e-05
796672,-0.0013160538219381124,0.11647021933458745,-0.030690151208546013,0.0048828125,0.00043084900244139135,2.0286885245901643e-05
797696,-0.001658791079535149,0.4167863829061389,-0.02845943853026256,0.010009765625,0.0011079819887527265,2.0184426229508202e-05
798720,-0.0016182933031814173,0.1041253402363509,-0.031249554856913164,0.00927734375,0.0005677032240782864,2.0081967213114748e-05
799744,-0.0012083730543963611,0.3983972913119942,-0.031852981803240255,0.0029296875,0.00022496319434139878,1.9979508196721307e-05
800768,-0.003320583789900411,0.35360880102962255,-0.04007842403370887,0.021240234375,0.0024547733628423885,1.9877049180327867e-05
801792,-0.005210695737332571,0.3332049800083041,-0.034371744317468256,0.018798828125,0.0025028070886037312,1.9774590163934426e-05
802816,-0.0030208996031433344,0.3273082715459168,-0.0306045142642688,0.0029296875,0.0003102577611571178,1.9672131147540985e-05
803840,-0.0008032859332161024,0.6727013867348433,-0.03316067636478692,0.0029296875,0.000289526600681711,1.9569672131147544e-05
804864,-0.0011192656747880392,0.7835580012761056,-0.03845032217213884,0.005126953125,0.0003656614208011888,1.94672131147541e-05
805888,-0.0027341837048879825,0.3605250073596835,-0.04549619444878772,0.012939453125,0.0010659770705387928,1.936475409836066e-05
806912,-0.0013165479467716068,0.42827453510835767,-0.0268580814008601,0.00830078125,0.0008290110708912835,1.926229508196722e-05
807936,-0.0037213313189568,0.3025912893936038,-0.042852564016357064,0.005615234375,0.0007312823290703818,1.9159836065573765e-05
808960,-0.005019462543714326,0.9015820100903511,-0.060747764189727604,0.02392578125,0.002666637250513304,1.9057377049180324e-05
809984,-0.002606480695249047,0.5833242945373058,-0.042788263817783445,0.00537109375,0.0005613302128040232,1.8954918032786883e-05
811008,-0.001458626073144842,0.095430847723037,-0.027189388580154628,0.0068359375,0.0006163249418023042,1.8852459016393442e-05
812032,-0.002242913978989236,0.15332263964228332,-0.03503038047347218,0.006103515625,0.0004046134708914906,1.8750000000000002e-05
813056,-0.000711383341695182,0.07578110881149769,-0.03396284981863573,0.002197265625,0.00021895343525102362,1.864754098360656e-05
814080,-0.0014843499011476524,0.7387182032689452,-0.03932570171309635,0.001708984375,0.0002821558664436452,1.8545081967213117e-05
815104,-0.0015664527272747364,1.159637613222003,-0.032878465950489044,0.00341796875,0.0004157560397288762,1.8442622950819676e-05
816128,-0.0028682771007879637,0.5451974053867161,-0.04143287392798811,0.002685546875,0.0002226609649369493,1.8340163934426235e-05
817152,-0.0007760651933494955,0.08567967521958053,-0.03781854308908805,0.007080078125,0.0005951068378635682,1.8237704918032785e-05
818176,-0.001471133466111496,0.057289900607429445,-0.03305453938082792,0.005615234375,0.000511578080477193,1.813524590163934e-05
819200,-0.00079734755854588,0.16248140879906714,-0.027537135174497962,0.007080078125,0.0009253169700969011,1.80327868852459e-05
820224,-0.0004689955312642269,0.15817889012396336,-0.0324102633894654,0.00390625,0.0002929953479906544,1.793032786885246e-05
821248,-0.0015549584350083023,0.48405894404277205,-0.034537918341811746,0.010009765625,0.0012261815063538961,1.7827868852459018e-05
822272,-0.0016656202205922455,0.07622298854403198,-0.03396162862190977,0.009521484375,0.0005668892044923268,1.7725409836065578e-05
823296,-0.002282766901771538,0.6534998076967895,-0.03770169289782643,0.00537109375,0.000426329490437638,1.7622950819672133e-05
824320,-0.0010134156327694654,0.349592890124768,-0.02975795353995636,0.001953125,0.00020186898473184556,1.7520491803278693e-05
825344,-0.0016521534562343732,0.08658373798243701,-0.02800061766174622,0.009765625,0.001004531492071692,1.7418032786885252e-05
826368,-0.0013814319536322728,0.16481775837019086,-0.03141511155990884,0.008056640625,0.0005904194622416981,1.73155737704918e-05
827392,-0.001718439772957936,0.06105741998180747,-0.026285135245416313,0.006103515625,0.00037875961425015703,1.7213114754098357e-05
828416,-0.0017047652145265602,0.6474808482453227,-0.03732484616921283,0.0068359375,0.0005137061525601894,1.7110655737704916e-05
829440,-0.0013711655628867447,0.08717824821360409,-0.027794873021775857,0.013916015625,0.0013758405111730099,1.7008196721311476e-05
830464,-0.0011868743895320222,0.08054304623510689,-0.027119568549096584,0.009765625,0.0008678364174556918,1.6905737704918035e-05
831488,-0.0017251746321562678,0.11207292973995209,-0.03202659112866968,0.00927734375,0.0007744976828689687,1.6803278688524594e-05
832512,-0.0009460652217967436,0.06821209157351404,-0.028751869889674708,0.0068359375,0.000547329465916846,1.670081967213115e-05
833536,-0.0009067784412764013,0.053309264592826366,-0.029716973222093657,0.0029296875,0.00020363612566143274,1.659836065573771e-05
834560,-0.0014374237216543406,0.15701588871888816,-0.029761552956188098,0.008544921875,0.0010883912327699363,1.649590163934426e-05
835584,-0.0007525832843384705,0.35353400907479227,-0.02851955048390664,0.00244140625,0.0002569811840658076,1.6393442622950818e-05
836608,-0.0023672665702179074,0.09970526956021786,-0.03676079347496852,0.007568359375,0.0007415020372718573,1.6290983606557374e-05
837632,-0.002167566039133817,0.08825567888561636,-0.03280871105380356,0.012451171875,0.001293380446441006,1.6188524590163933e-05
838656,-0.0044780028983950615,0.6661257687956095,-0.03849882888607681,0.017578125,0.001585315985721536,1.6086065573770492e-05
839680,-0.0010085034737130627,0.4106513475999236,-0.034479488123906776,0.003662109375,0.00031686383590567857,1.598360655737705e-05
840704,-0.0024669714766787365,0.5851878384128213,-0.04028740257490426,0.009033203125,0.0006999531324254349,1.588114754098361e-05
841728,-0.0009348967723781243,0.06407688988838345,-0.031392896082252264,0.00439453125,0.0003602605138439685,1.577868852459017e-05
842752,-0.0006486289930762723,0.8251726198941469,-0.034686635772231966,0.00341796875,0.00034514826256781816,1.5676229508196726e-05
843776,-0.00044351564429234713,0.4233068795874715,-0.03165589019772597,0.0009765625,0.00011104231089120731,1.5573770491803275e-05
844800,-0.0020616712572518736,0.09982373309321702,-0.030944483733037487,0.0029296875,0.00021809316967846826,1.5471311475409834e-05
845824,-0.001160897736554034,0.5129896607249975,-0.039133978250902146,0.005615234375,0.0006514872220577672,1.5368852459016393e-05
846848,-0.001454502111300826,0.09700167633127421,-0.027203087782254443,0.006103515625,0.0005686607255483977,1.526639344262295e-05
847872,-0.00032136161462403834,0.38183929957449436,-0.036020478582940996,0.00244140625,0.00013090146967442706,1.5163934426229509e-05
848896,-0.0020400599314598367,0.9819260248914361,-0.035255895636510104,0.003173828125,0.0002854841950465925,1.5061475409836068e-05
849920,-0.0010505982645554468,0.24358727876096964,-0.03508789301849902,0.005126953125,0.0008792788212304004,1.4959016393442627e-05
850944,-0.0028243926644790918,0.41621772199869156,-0.036532598605845124,0.010009765625,0.000832147357868962,1.4856557377049185e-05
851968,-0.0027640866755973548,0.3940396676771343,-0.02684099244652316,0.0068359375,0.000514725994435139,1.4754098360655744e-05
852992,-0.0017052213006536476,0.3250422580167651,-0.02927570606698282,0.003662109375,0.00046987042151158676,1.4651639344262291e-05
854016,-0.001329388382146135,0.36208036774769425,-0.0359297416289337,0.00537109375,0.00040919578168541193,1.454918032786885e-05
855040,-0.0014632622187491506,0.09507867251522839,-0.027222650038311258,0.002685546875,0.0002475647270330228,1.4446721311475408e-05
856064,-0.0022017491137376055,0.6269209133461118,-0.035458780941553414,0.002197265625,0.0001761859530233778,1.4344262295081968e-05
857088,-0.0014303248099167831,0.12300643743947148,-0.021874570898944512,0.003662109375,0.0003227774941478856,1.4241803278688525e-05
858112,-0.0007166739524109289,0.4585872183088213,-0.030288487672805786,0.001708984375,0.00012717904610326514,1.4139344262295084e-05
859136,-0.0011123356671305373,0.08873680140823126,-0.03469646576559171,0.00341796875,0.00034292869531782344,1.4036885245901644e-05
860160,-0.001202056635520421,0.1113551459275186,-0.030091762717347592,0.006591796875,0.0006474730544141494,1.3934426229508201e-05
861184,-0.00042350318108219653,0.06737389997579157,-0.026545517466729507,0.000732421875,7.067905244184658e-05,1.3831967213114749e-05
862208,-0.0011294074865872972,0.39046524837613106,-0.025654057550127618,0.00341796875,0.0004097705750609748,1.3729508196721308e-05
863232,-0.0007607735606143251,0.05327317584306002,-0.03019380266778171,0.00634765625,0.0006443448146455921,1.3627049180327867e-05
864256,-0.0010048324766103178,0.6960057690739632,-0.03215549266315065,0.001953125,0.00017268477677134797,1.3524590163934425e-05
865280,-0.000992106448393315,0.3821068729739636,-0.030540934181772172,0.001220703125,0.00010932839359156787,1.3422131147540984e-05
866304,-0.0023271938334801234,0.8564417129382491,-0.03565038854139857,0.004638671875,0.00032733522675698623,1.3319672131147543e-05
867328,-0.0010932663863059133,0.09471196145750582,-0.02610084568732418,0.003662109375,0.00038049060822231695,1.3217213114754101e-05
868352,-0.000671472298563458,0.14355045347474515,-0.032030401343945414,0.00244140625,0.00015322746185120195,1.311475409836066e-05
869376,-0.0019471412379061803,0.8278828673064709,-0.043006093212170526,0.00439453125,0.0005850351153640077,1.3012295081967218e-05
870400,-0.0017765412922017276,0.09427424788009375,-0.030943861813284457,0.004638671875,0.00045102956210030243,1.2909836065573765e-05
871424,-0.001044426200678572,0.07815263501834124,-0.024826035369187593,0.00390625,0.0002467052108841017,1.2807377049180324e-05
872448,-0.001383935014018789,0.482158952858299,-0.0294560274342075,0.00634765625,0.0004329246366978623,1.2704918032786884e-05
873472,-0.0019018645252799615,0.1556155278813094,-0.03089629643363878,0.00830078125,0.000685055747453589,1.2602459016393441e-05
874496,-0.0004385905194794759,0.323866092832759,-0.0318262007785961,0.000244140625,5.2153955039102584e-05,1.25e-05
875520,-0.0011286352819297463,0.09936055121943355,-0.03038200523587875,0.005126953125,0.00048134158714674413,1.239754098360656e-05
876544,-0.0010374327539466321,0.07200196769554168,-0.028309900895692408,0.002685546875,0.00024314442998729646,1.2295081967213117e-05
877568,-0.0011532450880622491,0.07249252405017614,-0.02546812137006782,0.00732421875,0.0005086342789581977,1.2192622950819677e-05
878592,-0.0009122594929067418,0.0823451183969155,-0.02568024880019948,0.0048828125,0.0003542083504726179,1.2090163934426236e-05
879616,-0.0009685306213214062,0.0505685918033123,-0.02220288079115562,0.003173828125,0.00018156196892959997,1.1987704918032783e-05
880640,-0.0009523109765723348,0.06363649503327906,-0.026424176423461176,0.00244140625,0.00018771503528114408,1.1885245901639341e-05
881664,-0.0013142712123226374,0.8407920151948929,-0.032231285207672045,0.008544921875,0.0005385725453379564,1.17827868852459e-05
882688,-0.0020563599246088415,0.40073966863565147,-0.031030508951516822,0.006591796875,0.00047468872799072415,1.1680327868852458e-05
883712,-0.0014944147987989709,0.41405409830622375,-0.0387230712804012,0.00341796875,0.0002889277966460213,1.1577868852459017e-05
884736,-0.0007196155638666824,0.7422199845314026,-0.03314009145833552,0.001953125,0.00016855017747730017,1.1475409836065576e-05
885760,-0.0031086619710549712,0.45754625694826245,-0.03768606475205161,0.0087890625,0.0007983454634086229,1.1372950819672134e-05
886784,-0.0014809211643296294,0.4203254890162498,-0.027229385363170877,0.0087890625,0.0011899054152308963,1.1270491803278693e-05
887808,-0.0009577144519425929,0.446548837935552,-0.025534275046084076,0.00146484375,0.00019568963762139902,1.1168032786885253e-05
888832,-0.0006732168985763565,0.3398416955024004,-0.025936401827493683,0.00146484375,0.00010375777492299676,1.10655737704918e-05
889856,-0.0012016066466458142,0.2114867875352502,-0.034787493088515475,0.00439453125,0.0002629726950544864,1.0963114754098358e-05
890880,-0.0016316397523041815,0.7925286279059947,-0.04265530564589426,0.002685546875,0.0003042130047106184,1.0860655737704917e-05
891904,-0.0008130831629387103,0.285677052102983,-0.03311909455806017,0.0029296875,0.0003547669912222773,1.0758196721311476e-05
892928,-0.0013071186986053362,0.13527690386399627,-0.025271061313105747,0.003173828125,0.00044751025416189805,1.0655737704918034e-05
893952,-0.0008128708723234013,0.11731482832692564,-0.02777384198270738,0.00634765625,0.0003785023363889195,1.0553278688524593e-05
894976,-0.0006113843701314181,0.12495126342400908,-0.03373088876833208,0.002685546875,0.0003174009107169695,1.045081967213115e-05
896000,-0.0011377306291251443,0.08263234852347523,-0.03273458452895284,0.00244140625,0.00015516271378146484,1.034836065573771e-05
897024,-0.001164960238384083,0.3788730725646019,-0.03653997729998082,0.00341796875,0.00032888826535781845,1.0245901639344257e-05
898048,-0.0004648254835046828,0.09803592413663864,-0.02583256913931109,0.001220703125,5.7611010561231524e-05,1.0143442622950816e-05
899072,-0.0015866644098423421,0.08407599700149149,-0.028560792823554948,0.007568359375,0.00043515129800653085,1.0040983606557374e-05
900096,-0.0010277414694428444,0.36641122680157423,-0.03728667733957991,0.00390625,0.000237657040997874,9.938524590163933e-06
901120,-0.0007544534310000017,0.1168676745146513,-0.026216413272777572,0.0029296875,0.00018894003005698323,9.836065573770493e-06
902144,-0.0013766481351922266,0.07575110252946615,-0.026701650058384985,0.0078125,0.0008775514215813018,9.73360655737705e-06
903168,-0.0010533890017541125,0.08903756318613887,-0.032849153474671766,0.0029296875,0.00023083507403498515,9.63114754098361e-06
904192,-0.0009523981716483831,0.3340370466466993,-0.03139269427629188,0.00146484375,7.664492295589298e-05,9.528688524590169e-06
905216,-0.0015376878582173958,0.15545806218869984,-0.02976695550023578,0.004150390625,0.0003044524564757012,9.426229508196726e-06
906240,-0.0009801484120544046,0.08447466907091439,-0.028028329892549664,0.0029296875,0.00027721959486370906,9.323770491803274e-06
907264,-0.0014486302388831973,0.3652152079157531,-0.03171935287537053,0.0029296875,0.0002369498397456482,9.221311475409833e-06
908288,-0.00045811965537723154,0.12914945255033672,-0.030113117740256712,0.000732421875,9.69417451415211e-05,9.118852459016392e-06
909312,-0.001079578090866562,0.090206976281479,-0.025916752565535717,0.00439453125,0.0005350029678083956,9.01639344262295e-06
910336,-0.0006194592278916389,0.45051575219258666,-0.03249655675608665,0.001220703125,0.00019399918528506532,8.913934426229509e-06
911360,-0.00116609780525323,0.10836910479702055,-0.03044375975150615,0.003173828125,0.0003092165497946553,8.811475409836067e-06
912384,-0.001984251051908359,0.08129711414221674,-0.033407926704967394,0.0048828125,0.00046391476644203067,8.709016393442626e-06
913408,-0.0007344285186263733,0.07135328080039471,-0.026367927886894904,0.002685546875,0.00026385936507722363,8.606557377049185e-06
914432,-0.0007020945195108652,0.3481638738885522,-0.03137652756413445,0.00341796875,0.00024308235879288986,8.504098360655743e-06
915456,-0.0012227324332343414,0.1069500450976193,-0.03259402072580997,0.00390625,0.00023410213907482103,8.40163934426229e-06
916480,-0.0006548116361955181,0.11708797921892256,-0.026299923920305446,0.00390625,0.00021951297821942717,8.29918032786885e-06
917504,-0.0003652919112937525,0.1363236391916871,-0.031161265942500904,0.000732421875,7.958922651596367e-05,8.196721311475409e-06
918528,-0.0017910167225636542,0.11397668579593301,-0.03770577779505402,0.0029296875,0.00023887035058578476,8.094262295081966e-06
919552,-0.0021982885664328933,0.48655541194602847,-0.028997697663726285,0.001220703125,0.00012676131882471964,7.991803278688526e-06
920576,-0.0008906253788154572,0.08731924963649362,-0.030602936109062284,0.00341796875,0.000203212424821686,7.889344262295085e-06
921600,-0.0018412998178973794,0.38323486270383,-0.03321144822984934,0.00537109375,0.0003497490906738676,7.786885245901643e-06
922624,-0.001524456703918986,0.5009094369597733,-0.040547570039052516,0.00244140625,0.00023981036065379158,7.684426229508202e-06
923648,-0.0012259599607205018,0.06796624592971057,-0.023072243784554303,0.001953125,0.00014471147005679086,7.581967213114749e-06
924672,-0.0010643189307302237,0.10922352829948068,-0.026650204847101122,0.002197265625,0.0001887988328235224,7.479508196721308e-06
925696,-0.0006097064833738841,0.06573583499994129,-0.02834432609961368,0.00244140625,0.00020576023234752938,7.377049180327866e-06
926720,-0.001692899371846579,0.47503432305529714,-0.02701914860517718,0.00537109375,0.0003888620631187223,7.274590163934425e-06
927744,-0.0011008085130015388,0.0675631093326956,-0.02808071972685866,0.00146484375,0.00012699873332167044,7.172131147540984e-06
928768,-0.0020275667193345726,0.05940787692088634,-0.03641497292846907,0.006591796875,0.0007339808798860759,7.069672131147542e-06
929792,-0.0013842844346072525,0.13091562478803098,-0.026984088821336627,0.00341796875,0.0003004767495440319,6.967213114754101e-06
930816,-0.0006012115773046389,0.0781455357791856,-0.029379419138422236,0.000732421875,7.927893602754921e-05,6.86475409836066e-06
931840,-0.00045206325012259185,0.7786127543076873,-0.03718239319277927,0.000732421875,9.084504563361406e-05,6.762295081967218e-06
932864,-0.0009495270787738264,0.10001687635667622,-0.032707936014048755,0.00341796875,0.00022782770247431472,6.659836065573766e-06
933888,-0.001764810163876973,0.07640877331141382,-0.027494863752508536,0.0048828125,0.0003762068081414327,6.557377049180324e-06
934912,-0.001931622959091328,0.7350293770432472,-0.043036618328187615,0.0009765625,0.0001221238198922947,6.454918032786883e-06
935936,-0.000566095688554924,0.17584830918349326,-0.02150274244195316,0.0009765625,7.26774669601582e-05,6.352459016393442e-06
936960,-0.0007305382896447554,0.1248019456397742,-0.027765740058384836,0.00146484375,0.00010200177348451689,6.25e-06
937984,-0.0006484247860498726,0.12364107323810458,-0.035948986711446196,0.001953125,0.00017570103955222294,6.147540983606559e-06
939008,-0.0010270978091284633,0.08099601895082742,-0.03320119046838954,0.0048828125,0.00032512291363673285,6.045081967213118e-06
940032,-0.0009488476571277715,0.9291116213425994,-0.04679924494121224,0.0009765625,0.00014936071238480508,5.9426229508196764e-06
941056,-0.000648136374366004,0.06512088456656784,-0.030665130849229172,0.0009765625,0.00010985271364916116,5.840163934426235e-06
942080,-0.0012539478339022025,0.8276657965034246,-0.041341896750964224,0.000732421875,0.00010470256529515609,5.737704918032782e-06
943104,-0.0011900302051799372,0.3797108953585848,-0.039692571270279586,0.003173828125,0.00025641400134190917,5.635245901639341e-06
944128,-0.0011046714062104002,0.14313971833325922,-0.03352048352826387,0.002197265625,0.00020119071268709376,5.5327868852459e-06
945152,-0.00046809880586806685,0.06501022924203426,-0.02828967827372253,0.000244140625,3.3799158700276166e-05,5.430327868852458e-06
946176,-0.0008651911157357972,0.276908969739452,-0.030551322997780517,0.0009765625,0.00012146017979830503,5.327868852459017e-06
947200,-0.0008498551396769471,0.13536593061871827,-0.03446303168311715,0.000732421875,7.599628588650376e-05,5.225409836065575e-06
948224,-0.00310833087132778,0.35490514035336673,-0.03669981559505686,0.006591796875,0.0004487404366955161,5.1229508196721345e-06
949248,-0.0018831166380550712,0.16523971664719284,-0.03696438082261011,0.001953125,0.00014081182598602027,5.020491803278693e-06
950272,-0.0019135264301439747,0.9742412157356739,-0.05519501294475049,0.0009765625,9.906135528581217e-05,4.918032786885251e-06
951296,-0.000771213264670223,0.629642276559025,-0.03288149199215695,0.000732421875,5.611778033198789e-05,4.815573770491799e-06
952320,-0.0016723854350857437,0.5061221211217344,-0.03750789654441178,0.00146484375,0.00011985726450802758,4.713114754098358e-06
953344,-0.0032676426926627755,0.33508955664001405,-0.032691686326870695,0.005615234375,0.00046350585762411356,4.6106557377049165e-06
954368,-0.001017570961266756,0.855454970151186,-0.03525094810174778,0.001220703125,8.954774239100516e-05,4.508196721311475e-06
955392,-0.001526798601844348,0.13704711059108377,-0.024696794425835833,0.003173828125,0.00021640174963977188,4.405737704918033e-06
956416,-0.00042017891246359795,0.10744474781677127,-0.03179374278988689,0.0,3.066391946049407e-05,4.303278688524593e-06
957440,-0.0007865126535762101,0.06668656214606017,-0.03191774059087038,0.001953125,0.00017561002459842712,4.200819672131151e-06
958464,-0.0013688547333003953,0.5026932200416923,-0.03278777631931007,0.00244140625,0.00022475835430668667,4.0983606557377095e-06
959488,-0.0005504095679498278,0.12510446924716234,-0.03061259596142918,0.00048828125,7.143899711081758e-05,3.995901639344257e-06
960512,-0.00023507938021793962,0.10773847601376474,-0.029608319920953363,0.0,1.706615148577839e-05,3.893442622950816e-06
961536,-0.0002982055302709341,0.13230496947653592,-0.033402115979697555,0.000244140625,4.373298725113273e-05,3.7909836065573746e-06
962560,-0.0009114874992519617,0.2535416432656348,-0.03296973471879028,0.000732421875,7.105504482751712e-05,3.688524590163933e-06
963584,-0.0002603847169666551,0.07809895533137023,-0.026259884776663966,0.000244140625,2.10865109693259e-05,3.586065573770492e-06
964608,-0.0005183394750929438,0.10660380707122386,-0.028290183807257563,0.000244140625,6.563381612068042e-05,3.4836065573770503e-06
965632,-0.0017744752258295193,0.5098568424582481,-0.03965786029584706,0.00244140625,0.00016392960969824344,3.381147540983609e-06
966656,-0.00025721472047735006,0.14250736869871616,-0.03364595113089308,0.0,1.9296116079203784e-05,3.2786885245901676e-06
967680,-0.00014627612108597532,0.05523228121455759,-0.02825720139662735,0.0,7.613154593855143e-06,3.1762295081967264e-06
968704,-0.00026943008560920134,0.4277863367460668,-0.027820791729027405,0.0,2.2744359739590436e-05,3.073770491803274e-06
969728,-0.0006837602122686803,0.5963352331891656,-0.04002743709133938,0.0,2.3769986000843346e-05,2.9713114754098327e-06
970752,-0.00036751627339981496,0.08617194660473615,-0.03494698874419555,0.0,9.345050784759223e-06,2.868852459016391e-06
971776,-0.0008494091307511553,0.06832259043585509,-0.026963039359543473,0.000244140625,5.785391113022342e-05,2.76639344262295e-06
972800,-0.000439635434304364,0.0415814351872541,-0.03389519252232276,0.000244140625,2.5844332412816584e-05,2.6639344262295084e-06
973824,-0.0016206830041483045,0.23617627890780568,-0.031404100242070854,0.000732421875,6.073467375244945e-05,2.5614754098360673e-06
974848,-0.0003060416493099183,0.06110507855191827,-0.03369944845326245,0.0,2.482899435563013e-05,2.4590163934426257e-06
975872,-0.00031455869611818343,0.3406264578225091,-0.02833374121109955,0.000244140625,2.998074342031032e-05,2.3565573770491845e-06
976896,-0.0002658431840245612,0.13135194778442383,-0.027918793784920126,0.0,3.616714820964262e-05,2.254098360655743e-06
977920,-0.0004214750078972429,0.4359057159163058,-0.03394866082817316,0.0,1.917834742926061e-05,2.151639344262291e-06
978944,-0.00012709236762020737,0.08371971198357642,-0.028677748574409634,0.0,7.6047799666412175e-06,2.0491803278688492e-06
979968,-0.0002737572795012966,0.1768740122206509,-0.029933438869193196,0.0,2.149069041479379e-05,1.946721311475408e-06
980992,-0.0005722481000702828,0.12510404479689896,-0.030898213328327984,0.000244140625,6.22246298007667e-05,1.8442622950819665e-06
982016,-0.001411217963322997,0.1335822492837906,-0.03388566174544394,0.00244140625,0.0001788273366400972,1.7418032786885252e-06
983040,-0.0002558277119533159,0.39260020153597,-0.03460340847959742,0.0,1.2936936400365084e-05,1.6393442622950838e-06
984064,-0.0003998493339167908,0.3644359759055078,-0.036352990369778126,0.0,2.7819587558042258e-05,1.5368852459016424e-06
985088,-0.000636226286587771,0.36476657912135124,-0.03927273314911872,0.000244140625,3.238883800804615e-05,1.434426229508201e-06
986112,-0.00026957665977533907,0.3674053542781621,-0.03725094729452394,0.0,7.978116627782583e-06,1.3319672131147487e-06
987136,-0.00041405631782254204,0.1364904462825507,-0.024691495855222456,0.0,1.7527025192975998e-05,1.2295081967213073e-06
988160,-2.1970001398585737e-05,0.050714450306259096,-0.02890198159730062,0.0,1.6778285498730838e-06,1.127049180327866e-06
989184,-0.0001283131423406303,0.6143007818609476,-0.04145554912975058,0.0,3.7601275835186243e-06,1.0245901639344246e-06
990208,-0.00041252447408623993,0.10699177579954267,-0.02416661917231977,0.0,8.04576848167926e-06,9.221311475409833e-07
991232,-0.0003155704471282661,0.07850571256130934,-0.02340546243067365,0.0,6.727721483912319e-06,8.196721311475419e-07
992256,-0.00047304058534791693,0.15736396587453783,-0.03029886337753851,0.0,1.4594290405511856e-05,7.172131147541005e-07
993280,-0.00013949250569567084,0.6096363314427435,-0.040779916394967586,0.0,5.178837454877794e-06,6.147540983606592e-07
994304,-0.00023341099586104974,0.11173463857267052,-0.028227913688169792,0.0,4.430556145962328e-06,5.122950819672179e-07
995328,-1.021740899886936e-05,0.3862726502120495,-0.02826796899898909,0.0,1.2649252312257886e-07,4.098360655737654e-07
996352,-8.893082849681377e-05,0.07699954870622605,-0.023917266313219443,0.0,7.699054549448192e-07,3.073770491803241e-07
997376,-2.5695859221741557e-05,0.11501378077082336,-0.03881998953875154,0.0,3.3392279874533415e-07,2.049180327868827e-07
998400,-2.369622961850837e-05,0.5427085957489908,-0.029358202329603955,0.0,2.6942871045321226e-08,1.0245901639344135e-07
999424,-5.034962669014931e-09,0.39618388027884066,-0.03208719575195573,0.0,2.0372681319713593e-10,0.0
