timestep,policy_loss,value_loss,entropy_loss,clip_fraction,approx_kl,learning_rate
1024,0.0002555851242505014,3.4986232817173004,-0.6920745614916086,0.0,0.0010783859470393509,0.00014997439836149511
2048,-0.0006510589591925964,62490.621352903545,-0.6899811048060656,0.0068359375,0.0009008171036839485,0.00014994879672299027
3072,-0.007116045686416328,2.26692233979702,-0.6776737403124571,0.00439453125,0.004636109370039776,0.0001499231950844854
4096,-0.01059258621535264,1.618936974555254,-0.639222526922822,0.0615234375,0.008380053855944425,0.00014989759344598053
5120,-0.00893538721720688,0.6449896432459354,-0.5789475962519646,0.08056640625,0.00862096950004343,0.00014987199180747568
6144,-0.009301455953391269,0.30041622184216976,-0.509534889832139,0.07421875,0.0072685036866459996,0.0001498463901689708
7168,-0.004985195948393084,0.27245524479076266,-0.4814174026250839,0.02392578125,0.002186826037359424,0.00014982078853046594
8192,-0.006206578022101894,0.15654354053549469,-0.4236671905964613,0.0478515625,0.002929841633886099,0.00014979518689196107
9216,-0.0005583946767728776,0.23718275816645473,-0.4040994495153427,0.0283203125,0.003895578280207701,0.0001497695852534562
10240,-0.003930654245777987,0.0979791012359783,-0.3676268318668008,0.021484375,0.001568357416545041,0.00014974398361495135
11264,-0.0013880663900636137,0.21341506158933043,-0.35762917809188366,0.013671875,0.0014320137561298907,0.00014971838197644648
12288,-0.010533384716836736,0.12839141231961548,-0.33537839259952307,0.05712890625,0.004288504831492901,0.0001496927803379416
13312,-0.007437949898303486,0.16154774837195873,-0.32786448299884796,0.0283203125,0.0026684335462050512,0.00014966717869943676
14336,-0.0064444609452039,0.21213512355461717,-0.3088990733958781,0.03662109375,0.002716401082579978,0.0001496415770609319
15360,-0.007272352391737513,0.18136547226458788,-0.2851999644190073,0.04638671875,0.005792380208731629,0.00014961597542242702
16384,-0.016482097955304198,0.3177945897914469,-0.3216803139075637,0.1171875,0.011243098371778615,0.00014959037378392217
17408,-0.010311187506886199,0.21900749625638127,-0.2805692283436656,0.0537109375,0.004492246429435909,0.0001495647721454173
18432,-0.004223636002279818,0.19498945865780115,-0.2701050713658333,0.0380859375,0.002972770482301712,0.00014953917050691243
19456,-0.0038158233073772863,0.15544942393898964,-0.24971084855496883,0.0615234375,0.00613279543176759,0.00014951356886840756
20480,-0.0018847415631171316,0.1405676268041134,-0.21458307653665543,0.04345703125,0.004614921082975343,0.00014948796722990268
21504,-0.0025066536327358335,0.06784201762638986,-0.2229775870218873,0.02734375,0.00241386829293333,0.00014946236559139784
22528,-0.0006140484911156818,0.05265465046977624,-0.24260778864845634,0.03369140625,0.0031846427445998415,0.00014943676395289297
23552,-0.003474366676528007,0.032737877569161355,-0.22282013902440667,0.056640625,0.006702564991428517,0.0001494111623143881
24576,-0.0019999236392322928,0.04248668666696176,-0.1937528159469366,0.06103515625,0.005743785644881427,0.00014938556067588325
25600,-0.0028695413639070466,0.045738917717244476,-0.19786516437307,0.037109375,0.0035370360710658133,0.00014935995903737838
26624,-0.00026392826111987233,0.024452216137433425,-0.21348902164027095,0.0341796875,0.0037881371245021,0.0001493343573988735
27648,0.002236104410258122,0.026731816731626168,-0.20432717399671674,0.044921875,0.004941739607602358,0.00014930875576036866
28672,0.0004624209686880931,0.02887063313391991,-0.19526291638612747,0.0205078125,0.0015988590166671202,0.0001492831541218638
29696,-0.001869574494776316,0.03496999043272808,-0.17807466350495815,0.0439453125,0.0045507815084420145,0.00014925755248335892
30720,-0.006424517880077474,0.03673146775690839,-0.19787575164809823,0.04541015625,0.004692118920502253,0.00014923195084485407
31744,-0.0034201874514110386,0.023888467549113557,-0.20775344548746943,0.05712890625,0.0048261994670610875,0.00014920634920634917
32768,0.0013797489009448327,0.035296964284498245,-0.22016424173489213,0.0419921875,0.0034520530025474727,0.00014918074756784433
33792,-0.006115174721344374,0.021787429199321195,-0.2298406921327114,0.05322265625,0.005469221781822853,0.00014915514592933946
34816,0.0003617126785684377,0.06656569422921166,-0.20260104164481163,0.05224609375,0.00697492303152103,0.00014912954429083459
35840,-0.0011492229532450438,0.01970581177738495,-0.19890020554885268,0.033203125,0.002815214858856052,0.00014910394265232974
36864,-0.004310348333092406,0.022601794713409618,-0.2026682214345783,0.0673828125,0.005416709842393175,0.00014907834101382487
37888,-0.0020784097723662853,0.11022134404629469,-0.20344572700560093,0.06689453125,0.005693768980563618,0.00014905273937532
38912,-0.005103978241095319,0.12558469153009355,-0.22858012840151787,0.04638671875,0.004141875586356036,0.00014902713773681515
39936,-0.004230966194882058,0.11509011266753078,-0.23194142524152994,0.03369140625,0.0030052964139031246,0.00014900153609831028
40960,-0.0015040898288134485,0.07633108820300549,-0.21918884478509426,0.048828125,0.004786768477060832,0.0001489759344598054
41984,-0.006040947366273031,0.1101170142646879,-0.2217447771690786,0.0546875,0.006375139695592225,0.00014895033282130056
43008,-0.0044963600230403244,0.13273582071997225,-0.22398088546469808,0.05810546875,0.005113540551974438,0.0001489247311827957
44032,-0.00027505686739459634,0.07314225472509861,-0.24220020649954677,0.03857421875,0.003045574208954349,0.00014889912954429082
45056,-0.0026365515223005787,0.08051941858138889,-0.21729676751419902,0.05615234375,0.005736620936659165,0.00014887352790578595
46080,-0.007126494929252658,0.08478624781128019,-0.20707490155473351,0.0302734375,0.002394532668404281,0.00014884792626728108
47104,-0.006062293250579387,0.10974902496673167,-0.2074176832102239,0.0458984375,0.0039368050784105435,0.00014882232462877623
48128,0.0007170512981247157,0.1543217778671533,-0.20438645873218775,0.0478515625,0.004404570805490948,0.00014879672299027136
49152,-0.0036184113123454154,0.07072952331509441,-0.19051049556583166,0.05078125,0.0058915869012707844,0.0001487711213517665
50176,-0.0011735112639144063,0.09090135322185233,-0.2007829318754375,0.05908203125,0.0075446081755217165,0.00014874551971326164
51200,-0.0019310050702188164,0.12547624949365854,-0.19838970201089978,0.04736328125,0.004238012945279479,0.00014871991807475677
52224,-0.003779146441956982,0.13683446333743632,-0.19946303125470877,0.06640625,0.0061371469928417355,0.0001486943164362519
53248,-0.0031126535614021122,0.14873297268059105,-0.17587665794417262,0.0546875,0.006181090182508342,0.00014866871479774705
54272,-0.003190932111465372,0.12042505422141403,-0.2034112298861146,0.06494140625,0.0068462563649518415,0.00014864311315924218
55296,-0.00513407499238383,0.08704306848812848,-0.17956595355644822,0.0458984375,0.004809054807992652,0.0001486175115207373
56320,-0.006297143903793767,0.09001408948097378,-0.17360080312937498,0.05224609375,0.00683620733616408,0.00014859190988223247
57344,-0.003721060886164196,0.15334253711625934,-0.15399646339938045,0.04052734375,0.005909821164095774,0.00014856630824372757
58368,-0.0065082485089078546,0.13533687498420477,-0.18695366801694036,0.07177734375,0.007712867693044245,0.00014854070660522272
59392,-0.0017742283234838396,0.08756482671014965,-0.18138289428316057,0.05810546875,0.00712269997166004,0.00014851510496671785
60416,-5.128749762661755e-06,0.05472526093944907,-0.18690796964801848,0.046875,0.003880393342114985,0.00014848950332821298
61440,0.009407705598277971,0.1464698682539165,-0.1815662970766425,0.07861328125,0.008375503733986989,0.00014846390168970813
62464,-0.0013191303733037785,0.16656140703707933,-0.17346710432320833,0.0595703125,0.005467919327202253,0.00014843830005120326
63488,-0.00512682442786172,0.11659470712766051,-0.16405191319063306,0.05029296875,0.004780773931997828,0.0001484126984126984
64512,-0.002244475719635375,0.07406253524823114,-0.17408448201604187,0.06005859375,0.006240928443730809,0.00014838709677419355
65536,0.0054436380887636915,0.1419665173161775,-0.18973381305113435,0.03759765625,0.004657736892113462,0.00014836149513568867
66560,-0.004354025848442689,0.10348484187852591,-0.14381284033879638,0.0703125,0.01007666093937587,0.0001483358934971838
67584,-0.0023946541332406923,0.060994718805886805,-0.13872671825811267,0.0400390625,0.005261151352897286,0.00014831029185867896
68608,0.00032088135776575655,0.0547484700800851,-0.17258790996856987,0.03369140625,0.00348245540226344,0.00014828469022017408
69632,0.0025650475872680545,0.043761712149716914,-0.17403113702312112,0.04541015625,0.005183709727134556,0.0001482590885816692
70656,0.0016318839188897982,0.04427796640084125,-0.16457989532500505,0.06591796875,0.006849650861113332,0.00014823348694316434
71680,0.0005672355619026348,0.07829359447350726,-0.17468009726144373,0.06201171875,0.00670512460055761,0.00014820788530465947
72704,-0.0021987873333273456,0.06900539307389408,-0.140958791365847,0.02880859375,0.003002151643158868,0.00014818228366615462
73728,-0.0024196973390644416,0.05747526901541278,-0.1667422936297953,0.078125,0.011668468388961628,0.00014815668202764975
74752,-0.0009613006841391325,0.07781489292392507,-0.16644937172532082,0.07763671875,0.0070703637902624905,0.00014813108038914488
75776,-0.0005890883840038441,0.03465958333981689,-0.1684030252508819,0.05615234375,0.005008918204111978,0.00014810547875064004
76800,-0.005331791391654406,0.1299762383569032,-0.16326612886041403,0.0869140625,0.009636933260480873,0.00014807987711213516
77824,0.0007488168484997004,0.07753283740021288,-0.17440830683335662,0.04541015625,0.0037731321499450132,0.0001480542754736303
78848,-0.0013522250956157222,0.07380658388137817,-0.15580354630947113,0.0546875,0.011270245158812031,0.00014802867383512545
79872,-0.0007878843025537208,0.05234163091517985,-0.16385631076991558,0.0859375,0.009119893104070798,0.00014800307219662057
80896,-0.0024945726909209043,0.04637181188445538,-0.1802197613287717,0.04931640625,0.004336465673986822,0.0001479774705581157
81920,-0.004381025210022926,0.059078883030451834,-0.20110596902668476,0.0810546875,0.008394437667448074,0.00014795186891961086
82944,-0.002082556180539541,0.04252514929976314,-0.1814193814061582,0.05615234375,0.0049097114242613316,0.00014792626728110596
83968,-0.004048051530844532,0.05268519531819038,-0.15906774415634573,0.0634765625,0.005285179489874281,0.00014790066564260111
84992,-0.0030374749621842057,0.05142014764714986,-0.1652585258707404,0.04736328125,0.004694562725489959,0.00014787506400409624
86016,-0.0018152602860936895,0.036970566696254537,-0.14324065879918635,0.06298828125,0.007210146402940154,0.00014784946236559137
87040,-0.004653997850255109,0.05995536263799295,-0.14604202937334776,0.02197265625,0.002893269993364811,0.00014782386072708653
88064,-0.0010630359611241147,0.04279622729518451,-0.15296441107057035,0.0615234375,0.009552592178806663,0.00014779825908858165
89088,-0.002400936820777133,0.03234583104494959,-0.13874572794884443,0.0439453125,0.006754731148248538,0.00014777265745007678
90112,-0.004343066728324629,0.06268981087487191,-0.13715337635949254,0.0380859375,0.004844723880523816,0.00014774705581157194
91136,-0.0016208073793677613,0.04877435184607748,-0.1579336472786963,0.03662109375,0.004222548712277785,0.00014772145417306707
92160,-0.0021751514868810773,0.0726017436827533,-0.1668219449929893,0.0458984375,0.00536180057679303,0.0001476958525345622
93184,-0.0024750580778345466,0.041821115475613624,-0.14086187491193414,0.0400390625,0.003428619063924998,0.00014767025089605735
94208,-0.00027599789609666914,0.07565170875750482,-0.13397260569036007,0.0546875,0.006200954216183163,0.00014764464925755248
95232,-0.004264772156602703,0.03526207580580376,-0.146629779599607,0.06298828125,0.009084310673642904,0.0001476190476190476
96256,-0.002624210188514553,0.04352983646094799,-0.15748969209380448,0.02880859375,0.002341589002753608,0.00014759344598054273
97280,-0.00168107173522003,0.0505757674400229,-0.17664421163499355,0.0419921875,0.006814037376898341,0.00014756784434203786
98304,-0.0037047577498015016,0.07043196330778301,-0.16186480014584959,0.076171875,0.007814015407348052,0.00014754224270353302
99328,-0.0020022448443342,0.0357940606190823,-0.1381574128754437,0.07177734375,0.015156093795667402,0.00014751664106502814
100352,-0.00219117064261809,0.024046984734013677,-0.12069743720348924,0.046875,0.007638700975803658,0.00014749103942652327
101376,-0.006811862389440648,0.0315671517746523,-0.13500464288517833,0.04345703125,0.004447761821211316,0.00014746543778801843
102400,-0.001478603109717369,0.036143130535492674,-0.14769607735797763,0.041015625,0.004153616668190807,0.00014743983614951356
103424,0.0018404765287414193,0.06148015026701614,-0.13196168513968587,0.0478515625,0.006595482802367769,0.00014741423451100868
104448,0.001200198646984063,0.03439053930924274,-0.13122886163182557,0.0341796875,0.006864604016300291,0.00014738863287250384
105472,-0.0016174318443518132,0.032405774283688515,-0.11631927534472197,0.033203125,0.003562238984159194,0.00014736303123399897
106496,-0.0037021730968263,0.018671660422114655,-0.12198393337894231,0.033203125,0.0043092393316328526,0.0001473374295954941
107520,0.004327604721765965,0.02345638012047857,-0.1262065174523741,0.046875,0.004050694114994258,0.00014731182795698925
108544,-0.0038526351272594184,0.014909172590705566,-0.12422429234720767,0.04248046875,0.004401939804665744,0.00014728622631848435
109568,-0.0003417628031456843,0.014451639282924589,-0.14052471704781055,0.04638671875,0.006184964717249386,0.0001472606246799795
110592,-1.1720068869180977e-05,0.03944483303348534,-0.1483024840708822,0.07421875,0.009383872922626324,0.00014723502304147463
111616,-0.0005686167714884505,0.0251206129687489,-0.1517925071530044,0.03466796875,0.003010987406014465,0.00014720942140296976
112640,-0.0020447177375899628,0.01892640373989707,-0.16566447936929762,0.0390625,0.003803938685450703,0.00014718381976446492
113664,0.0010793479159474373,0.014678681516670622,-0.1395997810177505,0.06396484375,0.01662363270588685,0.00014715821812596005
114688,0.0010452674760017544,0.04251805416424759,-0.12549311481416225,0.05029296875,0.005562746140640229,0.00014713261648745517
115712,0.006729851520503871,0.07701653451658785,-0.17407826823182404,0.072265625,0.008579056782764383,0.00014710701484895033
116736,-0.0016426273214165121,0.015268863236997277,-0.18245494947768748,0.0654296875,0.0067703070235438645,0.00014708141321044546
117760,-0.0029896586638642475,0.07188808283535764,-0.13567420095205307,0.04296875,0.004381934282719158,0.00014705581157194059
118784,-0.004112933704163879,0.06707955821184441,-0.1412648104596883,0.03466796875,0.0038045929686632007,0.00014703020993343574
119808,-0.002628659247420728,0.06882112706080079,-0.13252306706272066,0.0390625,0.005043093420681544,0.00014700460829493087
120832,0.002588178205769509,0.056359348294790834,-0.14767465251497924,0.04248046875,0.005252785005723126,0.000146979006656426
121856,-0.0017371368885505944,0.06204788637114689,-0.1552651592064649,0.03564453125,0.003629294704296626,0.00014695340501792113
122880,-0.0036240350746084005,0.06945322570391,-0.17377531225793064,0.04296875,0.004824926363653503,0.00014692780337941625
123904,0.0007972235034685582,0.11752642598003149,-0.13831090973690152,0.03271484375,0.00283037600456737,0.0001469022017409114
124928,0.001207011635415256,0.04288172401720658,-0.12086378550156951,0.037109375,0.009446327458135784,0.00014687660010240654
125952,-5.602787132374942e-05,0.05644690996268764,-0.15255693718791008,0.0517578125,0.005542004306335002,0.00014685099846390166
126976,-0.0012312435283092782,0.04214257173589431,-0.1892790738493204,0.0615234375,0.004779769165907055,0.00014682539682539682
128000,-0.006118531848187558,0.054788542387541384,-0.20390475098975003,0.04052734375,0.004306418661144562,0.00014679979518689195
129024,-0.007153176062274724,0.07788617088226601,-0.19859864888712764,0.041015625,0.004803864270797931,0.00014677419354838708
130048,-0.001424076170223998,0.09776804235298187,-0.1998011979740113,0.03173828125,0.003013758541783318,0.00014674859190988223
131072,-0.005860433040652424,0.08803235919913277,-0.145682669011876,0.05224609375,0.00665754554211162,0.00014672299027137736
132096,-0.00459530038642697,0.10566956619732082,-0.18461159686557949,0.03857421875,0.0037836116389371455,0.0001466973886328725
133120,-0.0029311669641174376,0.07675204856786877,-0.1557594381738454,0.02392578125,0.002391700050793588,0.00014667178699436764
134144,-0.001507713968749158,0.07357423310168087,-0.1258420185185969,0.0302734375,0.002162015371141024,0.00014664618535586274
135168,0.0017778928449843079,0.031183251237962395,-0.11500506475567818,0.03369140625,0.0032018213241826743,0.0001466205837173579
136192,-0.005039031821070239,0.029254014734760858,-0.13217061455361545,0.03125,0.004435709692188539,0.00014659498207885303
137216,0.010626537055941299,0.18575669103302062,-0.1901220886502415,0.0908203125,0.03220972788403742,0.00014656938044034816
138240,-0.0018489424546714872,0.6834065411239862,-0.18274753144942224,0.044921875,0.00469258803059347,0.0001465437788018433
139264,0.015127887309063226,0.41377368476241827,-0.21251204749569297,0.0888671875,0.013124788660206832,0.00014651817716333844
140288,0.006177810573717579,0.25471942126750946,-0.20122360065579414,0.08447265625,0.008819906448479742,0.00014649257552483357
141312,-0.0034687688312260434,0.1447680403944105,-0.22292019939050078,0.0380859375,0.0034577426995383576,0.00014646697388632872
142336,-0.006366294313920662,0.05959057225845754,-0.19922807067632675,0.03955078125,0.0026303824124624953,0.00014644137224782385
143360,-0.008600862202001736,0.04763450694736093,-0.18350986181758344,0.06396484375,0.006330269563477486,0.00014641577060931898
144384,-0.007910872081993148,0.06365588877815753,-0.1723699476569891,0.07177734375,0.010226567203062586,0.00014639016897081413
145408,-0.00822402369522024,0.07055636786390096,-0.1559270233847201,0.048828125,0.008656963575049303,0.00014636456733230926
146432,-0.00609760353108868,0.1452591735869646,-0.1683254351373762,0.046875,0.00645876232010778,0.0001463389656938044
147456,-0.005094310152344406,0.1725264119450003,-0.1597870453260839,0.03125,0.004197040121653117,0.00014631336405529952
148480,-0.005377235895139165,0.19944469910115004,-0.16037344723008573,0.03369140625,0.0033210736146429554,0.00014628776241679465
149504,-6.315665086731315e-05,0.1467267309781164,-0.1562963060569018,0.033203125,0.0023520564136561006,0.0001462621607782898
150528,-0.006163468991871923,0.10402535600587726,-0.14634919841773808,0.0439453125,0.004320445659686811,0.00014623655913978493
151552,-0.0035353624989511445,0.09185714274644852,-0.13113933219574392,0.03857421875,0.004652608302421868,0.00014621095750128006
152576,-0.0020656481065088883,0.1149135876330547,-0.13633161783218384,0.0390625,0.0032468283898197114,0.0001461853558627752
153600,-0.001912683539558202,0.06322882452514023,-0.12232089741155505,0.03955078125,0.004989078457583673,0.00014615975422427034
154624,-0.00615961235598661,0.05756198224844411,-0.13532156008295715,0.0341796875,0.0028300773992668837,0.00014613415258576547
155648,-0.002387670159805566,0.12477812037104741,-0.16929471748881042,0.0576171875,0.004634139942936599,0.00014610855094726062
156672,0.0005531039787456393,0.09071735118050128,-0.13016311102546751,0.02734375,0.0027513011009432375,0.00014608294930875575
157696,-0.002264308976009488,0.2615682249888778,-0.13774920254945755,0.04638671875,0.0070327418216038495,0.00014605734767025088
158720,-0.0033730090071912855,0.17504528281278908,-0.1335465689189732,0.03369140625,0.002733828965574503,0.000146031746031746
159744,-0.0052625731768785045,0.03191823011729866,-0.12014031782746315,0.046875,0.004499493661569431,0.00014600614439324114
160768,0.0017186239419970661,0.05274829259724356,-0.1262909108772874,0.0361328125,0.004142526988289319,0.0001459805427547363
161792,-0.0015927643253235146,0.06543041099212132,-0.1187041662633419,0.029296875,0.0027195079892408103,0.00014595494111623142
162816,-0.0009212414006469771,0.05099439661717042,-0.11303294030949473,0.03271484375,0.002711389635805972,0.00014592933947772655
163840,-0.0031820005096960813,0.039211964525748044,-0.10328286117874086,0.0439453125,0.004537225162493996,0.0001459037378392217
164864,-0.002599538493086584,0.04030154773499817,-0.11005423660390079,0.06103515625,0.006513501226436347,0.00014587813620071683
165888,-0.0010109024078701623,0.0329960556991864,-0.11742181377485394,0.0380859375,0.0033879324910230935,0.00014585253456221196
166912,-0.0023596248356625438,0.07450572610832751,-0.13367010233923793,0.03955078125,0.004944084837916307,0.00014582693292370711
167936,-0.004729977503302507,0.12071387853939086,-0.12283909600228071,0.02880859375,0.004688387052738108,0.00014580133128520224
168960,-0.002556795414420776,0.09692031634040177,-0.12479598331265152,0.052734375,0.003884208359522745,0.00014577572964669737
169984,-0.006423651779186912,0.09642402722965926,-0.1227751134429127,0.03515625,0.0032209831551881507,0.00014575012800819253
171008,-0.003857643168885261,0.11613508057780564,-0.1239518157672137,0.03076171875,0.004203887554467656,0.00014572452636968765
172032,-0.005984210452879779,0.11556078016292304,-0.11210967297665775,0.02587890625,0.0030566937930416316,0.00014569892473118278
173056,-0.0009391696803504601,0.048744501400506124,-0.11177040298935026,0.0458984375,0.005476273421663791,0.0001456733230926779
174080,-0.0023422495141858235,0.04543839182588272,-0.10740616009570658,0.033203125,0.0028142191004008055,0.00014564772145417304
175104,-0.0033457995450589806,0.031516645234660245,-0.11762109072878957,0.0419921875,0.005152062702109106,0.0001456221198156682
176128,-0.0018691385557758622,0.2138047283515334,-0.14184899535030127,0.0263671875,0.0026953532069455832,0.00014559651817716332
177152,-0.0022529811249114573,0.30088324728421867,-0.1273867697454989,0.02294921875,0.0018087055359501392,0.00014557091653865845
178176,-0.004283520742319524,0.0964905513683334,-0.1259907551575452,0.037109375,0.003327256388729438,0.0001455453149001536
179200,-0.00417034441488795,0.031551334395771846,-0.12297101505100727,0.029296875,0.0027560745511436835,0.00014551971326164873
180224,-0.0008034995844354853,0.15111798699945211,-0.13346128910779953,0.03955078125,0.003400946850888431,0.00014549411162314386
181248,-0.004558355227345601,0.05547895916970447,-0.12341974931769073,0.04150390625,0.0040918600134318694,0.00014546850998463902
182272,-0.005743263784097508,0.037492154457140714,-0.10537199024111032,0.05322265625,0.008432170492596924,0.00014544290834613414
183296,-0.0030345805280376226,0.03840557677904144,-0.1092778304591775,0.02490234375,0.002409143839031458,0.00014541730670762927
184320,-0.0011349029664415866,0.032270888492348604,-0.11324444878846407,0.03857421875,0.003317451453767717,0.0001453917050691244
185344,-0.005706614363589324,0.04018337873276323,-0.10913796816021204,0.03955078125,0.005392914681578986,0.00014536610343061953
186368,0.00032250420190393925,0.08802752883639187,-0.1102009720634669,0.03662109375,0.005462532513774931,0.00014534050179211468
187392,-0.0010016631422331557,0.03736111565376632,-0.11353279324248433,0.02001953125,0.0015569005336146802,0.0001453149001536098
188416,-0.002834828046616167,0.08499129599658772,-0.11323063692543656,0.0390625,0.007334188805543818,0.00014528929851510494
189440,-0.005582656594924629,0.22300176555290818,-0.13580589648336172,0.02490234375,0.0033197963930433616,0.0001452636968766001
190464,-0.005535094067454338,0.11474898864980787,-0.1391034834086895,0.03076171875,0.004722709782072343,0.00014523809523809522
191488,-0.005394283609348349,0.16170864168088883,-0.1227993187494576,0.03076171875,0.004047731345053762,0.00014521249359959035
192512,0.0016040876507759094,0.13335242727771401,-0.13759468286298215,0.0361328125,0.008161074583767913,0.0001451868919610855
193536,-0.008252245366747957,0.12644134636502713,-0.12089230725541711,0.052734375,0.01139793754555285,0.00014516129032258063
194560,0.00028903642669320107,0.12217779259663075,-0.13078716094605625,0.02783203125,0.002228823330369778,0.00014513568868407576
195584,-0.001589651990798302,0.06501533306436613,-0.11217843624763191,0.021484375,0.0026283437036909163,0.00014511008704557092
196608,-0.0038671936417813413,0.08779427711851895,-0.11610835348255932,0.04052734375,0.004937034027534537,0.00014508448540706602
197632,-0.007700880276388489,0.14304146450012922,-0.15032110991887748,0.05322265625,0.006823158808401786,0.00014505888376856117
198656,0.00042679160833358765,0.22442471771501005,-0.12038231361657381,0.0400390625,0.007982090013683774,0.0001450332821300563
199680,-0.004443387806531973,0.04695725938654505,-0.11465930880513042,0.021484375,0.0021948101348243654,0.00014500768049155143
200704,-0.002383668761467561,0.18868632172234356,-0.12244429904967546,0.0302734375,0.0036631742113968357,0.00014498207885304659
201728,-0.007085353077854961,0.14776794519275427,-0.13512970856390893,0.03955078125,0.00415705623163376,0.0001449564772145417
202752,-0.009870245929050725,0.09876909479498863,-0.12856489676050842,0.06787109375,0.008200463649700396,0.00014493087557603684
203776,-0.003304601937998086,0.19433577358722687,-0.13695270684547722,0.04296875,0.00470506060810294,0.000144905273937532
204800,-0.0024309943764819764,0.12893789634108543,-0.13655781443230808,0.04638671875,0.004663784333388321,0.00014487967229902712
205824,-0.006406537955626845,0.24738013464957476,-0.1544065352063626,0.05615234375,0.008886600393452682,0.00014485407066052225
206848,-0.0019929002301068977,0.27417740086093545,-0.15115442057140172,0.046875,0.007997263615834527,0.0001448284690220174
207872,-0.0028473478741943836,0.1359510220354423,-0.138854545308277,0.04296875,0.0041988614393631,0.00014480286738351254
208896,-0.002476682886481285,0.1340130027383566,-0.13708684453740716,0.0302734375,0.002775241940980777,0.00014477726574500766
209920,-0.0060621492739301175,0.09896458883304149,-0.12943334225565195,0.037109375,0.004588930678437464,0.0001447516641065028
210944,-0.0026581154816085473,0.07908667478477582,-0.11786934896372259,0.0224609375,0.0022087891993578523,0.00014472606246799792
211968,-0.0013934155576862395,0.20238357270136476,-0.11007963144220412,0.03857421875,0.006665452703600749,0.00014470046082949308
212992,-0.002131425731931813,0.2854741960763931,-0.12922815512865782,0.0341796875,0.003983310860348865,0.0001446748591909882
214016,-0.0009859981073532254,0.1379592283628881,-0.1239928137511015,0.02685546875,0.003416980427573435,0.00014464925755248333
215040,-0.004267796626663767,0.2331686532124877,-0.11720662913285196,0.0322265625,0.0033070075151044875,0.0001446236559139785
216064,-0.002327813708689064,0.33510433230549097,-0.13455762015655637,0.05029296875,0.0075751158146886155,0.00014459805427547362
217088,-0.0027335067716194317,0.17046903003938496,-0.09803904418367893,0.03857421875,0.006459290976636112,0.00014457245263696874
218112,-0.001730593474349007,0.2637418480589986,-0.08652426383923739,0.021484375,0.0026411958824610338,0.0001445468509984639
219136,-0.0020382239599712193,0.37634694389998913,-0.12152952258475125,0.02587890625,0.0018751886818790808,0.00014452124935995903
220160,-0.0030710221180925146,0.22158795781433582,-0.10101438872516155,0.03759765625,0.003640051669208333,0.00014449564772145415
221184,0.004648418980650604,0.12775252433493733,-0.11325988220050931,0.0498046875,0.007391792474663816,0.0001444700460829493
222208,0.001574494643136859,0.4515123162418604,-0.09227859682869166,0.0498046875,0.00822184409480542,0.00014444444444444444
223232,-0.0012214214220875874,0.25124099059030414,-0.10417523665819317,0.03759765625,0.003845510524115525,0.00014441884280593957
224256,-0.0008477808587485924,0.295707103330642,-0.0883872197009623,0.02685546875,0.003066082557779737,0.0001443932411674347
225280,-0.004544046838418581,0.153353420086205,-0.0952365209814161,0.03857421875,0.005313358822604641,0.00014436763952892982
226304,-0.001713925230433233,0.2647258900105953,-0.07875877356855199,0.02001953125,0.0025980215577874333,0.00014434203789042498
227328,-0.003276356088463217,0.2713070483878255,-0.09248042514082044,0.0146484375,0.0030113397660898045,0.0001443164362519201
228352,-0.0028082200733479112,0.30639371648430824,-0.07412531448062509,0.03271484375,0.004528445890173316,0.00014429083461341523
229376,-0.00034102745121344924,0.2028955949936062,-0.08218044473323971,0.03271484375,0.0077333334484137595,0.0001442652329749104
230400,-0.0021168270031921566,0.2171409244183451,-0.08223694039043039,0.033203125,0.004554898812784813,0.00014423963133640552
231424,-0.002630126749863848,0.2923869378864765,-0.0878280772594735,0.02685546875,0.0027323503891238943,0.00014421402969790064
232448,-0.001055288506904617,0.21267965761944652,-0.07683844643179327,0.0341796875,0.004493114858632907,0.0001441884280593958
233472,-0.0030847363523207605,0.3780166245996952,-0.05947619350627065,0.01611328125,0.003799996542511508,0.00014416282642089093
234496,0.004315978934755549,0.2672161487862468,-0.07305545336566865,0.02685546875,0.002927013047155924,0.00014413722478238606
235520,-0.00045059178955852985,0.24161857878789306,-0.06733073806390166,0.017578125,0.0023772409185767174,0.00014411162314388118
236544,0.0012748689332511276,0.18539898935705423,-0.06686038209591061,0.0244140625,0.0030508202326018363,0.0001440860215053763
237568,-7.518255733884871e-05,0.20609061047434807,-0.08289613120723516,0.0322265625,0.00633436739735771,0.00014406041986687147
238592,-0.0012090812379028648,0.46952227782458067,-0.08423333696555346,0.03466796875,0.0040468750084983185,0.0001440348182283666
239616,0.00014558807015419006,0.42623582016676664,-0.07859538996126503,0.03369140625,0.005774182398454286,0.00014400921658986172
240640,-0.0006976829026825726,0.3033640100620687,-0.08650460583157837,0.0205078125,0.002406428146059625,0.00014398361495135688
241664,-0.002708050000364892,0.3597587561234832,-0.06875579559709877,0.02001953125,0.004385940221254714,0.000143958013312852
242688,-0.0005953876388957724,0.4042006516829133,-0.08591308153700083,0.0361328125,0.004053993747220375,0.00014393241167434714
243712,-0.0009678047790657729,0.4569582110270858,-0.071850995416753,0.03076171875,0.0045081220887368545,0.0001439068100358423
244736,-0.006327847368083894,0.3099660761654377,-0.07810627447906882,0.0322265625,0.0044248355843592435,0.00014388120839733742
245760,-0.00125212682178244,0.45368870347738266,-0.07716221280861646,0.02197265625,0.001858220566646196,0.00014385560675883255
246784,0.0012114434211980551,0.43467009952291846,-0.09471633611246943,0.02685546875,0.0030563062900910154,0.0001438300051203277
247808,-0.001468258851673454,0.4331599595025182,-0.08229348587337881,0.02587890625,0.0031230121676344424,0.0001438044034818228
248832,-0.002471768413670361,0.3559209923259914,-0.08835042279679328,0.0146484375,0.0013756880653090775,0.00014377880184331796
249856,-0.0025222015829058364,0.4202122059650719,-0.09275231207720935,0.01708984375,0.001268794949282892,0.00014375320020481309
250880,-0.0020593268563970923,0.2576204580254853,-0.08207852812483907,0.0322265625,0.00356051443668548,0.00014372759856630821
251904,-0.0030737754132132977,0.47200816543772817,-0.08889708947390318,0.033203125,0.004224883537972346,0.00014370199692780337
252928,-0.0020591977663571015,0.42952770786359906,-0.08512137201614678,0.0224609375,0.0027071763179264963,0.0001436763952892985
253952,-0.001817157055484131,0.5917245401069522,-0.08033797610551119,0.02978515625,0.004685291874920949,0.00014365079365079363
254976,-0.003022374410647899,0.5283045563846827,-0.08305289829149842,0.01953125,0.0013752166414633393,0.00014362519201228878
256000,-0.004471863532671705,0.46151748578995466,-0.07609684392809868,0.03271484375,0.004177754046395421,0.0001435995903737839
257024,-0.0019092242000624537,0.6500778747722507,-0.07662585703656077,0.0283203125,0.002846155723091215,0.00014357398873527904
258048,-0.0038851440185680985,0.5197972767055035,-0.07131061027757823,0.01904296875,0.0024725603580009192,0.0001435483870967742
259072,0.0010098395578097552,0.7172877192497253,-0.07700383162591606,0.0224609375,0.002564288195571862,0.00014352278545826932
260096,0.0004790271050296724,0.3685338916257024,-0.09002633322961628,0.0234375,0.0022261096455622464,0.00014349718381976445
261120,-0.004449934189324267,0.664711938239634,-0.06415000912966207,0.0234375,0.002598920895252377,0.00014347158218125958
262144,-0.0037678993394365534,0.5153133599087596,-0.09903529938310385,0.02880859375,0.0019199076486984268,0.0001434459805427547
263168,-0.004091432441782672,0.8605618895962834,-0.07182552514132112,0.02685546875,0.003241100857849233,0.00014342037890424986
264192,-0.0019096412870567292,0.5899443058297038,-0.05940485431347042,0.01220703125,0.0011951886262977496,0.000143394777265745
265216,-0.0034435485140420496,0.5232982384040952,-0.06860946118831635,0.01904296875,0.0018542948819231242,0.00014336917562724012
266240,-0.0012868955673184246,0.48258248530328274,-0.04798684868728742,0.0068359375,0.0007572319591417909,0.00014334357398873527
267264,-0.005520663151401095,0.517086336389184,-0.06728844111785293,0.0380859375,0.007380515584372915,0.0001433179723502304
268288,-0.0017322008934570476,0.8676492124795914,-0.05730402562767267,0.0166015625,0.0031357764382846653,0.00014329237071172553
269312,-0.0021870228738407604,0.5528772324323654,-0.04410647138138302,0.013671875,0.0015427786711370572,0.00014326676907322068
270336,-0.0008330912241945043,0.7583436258137226,-0.0718046969268471,0.0224609375,0.0019416384457144886,0.0001432411674347158
271360,-0.0015222303773043677,0.6947205364704132,-0.060171862598508596,0.01513671875,0.0014307319797808304,0.00014321556579621094
272384,0.0016133213648572564,0.7117821602150798,-0.0721110301092267,0.02685546875,0.003687001793878153,0.00014318996415770607
273408,-0.0016840981115819886,0.5237817168235779,-0.06315013422863558,0.021484375,0.004079223828739487,0.00014316436251920122
274432,-5.3037976613268256e-05,0.6304009426385164,-0.060032936569768935,0.00927734375,0.0008720754995010793,0.00014313876088069635
275456,-0.0005053570785094053,0.5905302911996841,-0.04717819370853249,0.02197265625,0.002195674736867659,0.00014311315924219148
276480,-0.0005156359693501145,0.5192292788997293,-0.06181017286144197,0.02197265625,0.0033391208125976846,0.0001430875576036866
277504,-0.008442236052360386,0.809295461513102,-0.07328459905693308,0.0390625,0.005102014416479506,0.00014306195596518176
278528,0.0019230624311603606,0.7703448487445712,-0.08089823345653713,0.0322265625,0.003284796330262907,0.0001430363543266769
279552,0.0005279767501633614,0.5764409452676773,-0.05670430377358571,0.01953125,0.001949109966517426,0.00014301075268817202
280576,-0.0028121912910137326,0.5093269068747759,-0.052693847625050694,0.00927734375,0.0009952069667633623,0.00014298515104966717
281600,-0.002213692801888101,0.6535926964133978,-0.06132967525627464,0.01123046875,0.0012612546270247549,0.0001429595494111623
282624,-0.0007953395252116024,0.848827057518065,-0.05109609675128013,0.0146484375,0.0020760469778906554,0.00014293394777265743
283648,-0.000750431019696407,0.6733301961794496,-0.06207271525636315,0.02978515625,0.004424124010256492,0.00014290834613415258
284672,-0.00020583919831551611,0.8752300841733813,-0.04364096693461761,0.0166015625,0.0012762684491463006,0.0001428827444956477
285696,-0.0002357202029088512,0.5627839490771294,-0.040141157602192834,0.00927734375,0.0015628977271262556,0.00014285714285714284
286720,-0.0006982577178860083,0.6452119052410126,-0.042663002270273864,0.01904296875,0.004335965524660423,0.00014283154121863797
287744,8.042188710533082e-06,0.8226667586714029,-0.05464044655673206,0.02099609375,0.002987230516737327,0.00014280593958013312
288768,-0.002257966756587848,0.9694799808785319,-0.04347154594142921,0.02197265625,0.003986139941844158,0.00014278033794162825
289792,-0.0005827025597682223,1.059190853498876,-0.05526495282538235,0.01513671875,0.0017440035589970648,0.00014275473630312338
290816,-0.002313858043635264,0.8632831908762455,-0.05974177859025076,0.0146484375,0.001317852656939067,0.0001427291346646185
291840,-0.0035188078618375584,0.6188689251430333,-0.058065888995770365,0.02392578125,0.0029669838841073215,0.00014270353302611366
292864,0.0003327567537780851,0.6947087869048119,-0.06728277541697025,0.02783203125,0.0031400223670061678,0.0001426779313876088
293888,-0.000924578940612264,1.1869877073913813,-0.07593441364588216,0.02490234375,0.0025505626836093143,0.00014265232974910392
294912,-0.002348150053876452,0.5094985831528902,-0.05509061808697879,0.02001953125,0.0038243548769969493,0.00014262672811059907
295936,0.000632523893727921,1.0241046203300357,-0.07996223424561322,0.02978515625,0.007091572755598463,0.0001426011264720942
296960,-0.0037172480078879744,0.6845698207616806,-0.05279040051391348,0.0126953125,0.001994066304177977,0.00014257552483358933
297984,-0.0010540182411205024,0.6411800011992455,-0.05526867450680584,0.01318359375,0.0017035118507919833,0.00014254992319508449
299008,-0.0015413703222293407,0.7077280441299081,-0.05331838509300724,0.0234375,0.003287876781541854,0.00014252432155657961
300032,-0.0016499387129442766,0.5979520492255688,-0.06691581069026142,0.01806640625,0.001603741620783694,0.00014249871991807474
301056,-0.002779515561996959,0.569711621850729,-0.05966191570041701,0.02294921875,0.0021945658518234268,0.00014247311827956987
302080,-0.0005158609128557146,0.9168086759746075,-0.05487060913583264,0.0166015625,0.0026452250021975487,0.00014244751664106503
303104,-0.0015025824250187725,0.4354712604545057,-0.04352642397861928,0.01806640625,0.0035262406745459884,0.00014242191500256015
304128,-0.004164347861660644,0.8691011713817716,-0.05459338764194399,0.02734375,0.004172930013737641,0.00014239631336405528
305152,-0.002350074501009658,0.6699272021651268,-0.0484743533161236,0.0234375,0.0033049743360606954,0.0001423707117255504
306176,-0.0001950375735759735,0.4816977372393012,-0.03966404640232213,0.00927734375,0.0008462699770461768,0.00014234511008704557
307200,-0.002098103504977189,0.6757643334567547,-0.04242054958012886,0.015625,0.0012545363861136138,0.0001423195084485407
308224,-0.0004559587614494376,0.6022906275466084,-0.033836618589702994,0.01708984375,0.0033992973330896348,0.00014229390681003582
309248,-0.0008581680303905159,0.642358255572617,-0.03522861338569783,0.01025390625,0.0013040011544944718,0.00014226830517153098
310272,-0.0006743813573848456,0.6795446155592799,-0.03930237583699636,0.00927734375,0.0006863626040285453,0.0001422427035330261
311296,-0.001246918720426038,0.92703025508672,-0.04834037384716794,0.0078125,0.0010027074895333499,0.00014221710189452123
312320,-0.0009226136317010969,0.760904380120337,-0.03865784461959265,0.0146484375,0.001440610401914455,0.00014219150025601636
313344,-0.001371984588331543,0.6479573277756572,-0.042722183250589296,0.0126953125,0.0009350493201054633,0.00014216589861751152
314368,-0.0001869148254627362,0.39660606952384114,-0.03608205863565672,0.00927734375,0.0013271842180984095,0.00014214029697900664
315392,-3.4172553569078445e-05,0.9876270378008485,-0.04945460264571011,0.029296875,0.00560957936977502,0.00014211469534050177
316416,-0.002896402176702395,0.7445259084925056,-0.04523016599705443,0.0205078125,0.0024114962434396148,0.00014208909370199693
317440,-9.667893755249679e-05,0.9514629356563091,-0.05026167252799496,0.0146484375,0.0020831773726968095,0.00014206349206349206
318464,-0.0013740870490437374,0.7139355633407831,-0.040141826786566526,0.0146484375,0.0016957907500909641,0.00014203789042498718
319488,-0.0006070736271794885,0.94820118509233,-0.05612212291453034,0.01806640625,0.002176899724872783,0.00014201228878648234
320512,-0.005570135894231498,0.6450504455715418,-0.0606997471768409,0.0263671875,0.005431543497252278,0.00014198668714797747
321536,-0.0015353627677541226,0.6856185225769877,-0.04913488245802,0.02099609375,0.003365910117281601,0.0001419610855094726
322560,-0.001352289313217625,0.5977530516684055,-0.047030865331180394,0.01953125,0.002146582628483884,0.00014193548387096772
323584,-0.0003580356133170426,0.9650521604344249,-0.0610548296244815,0.01708984375,0.0022426032955991104,0.00014190988223246285
324608,-0.008202559110941365,1.7352529102936387,-0.05918336135800928,0.03564453125,0.008654653371195309,0.000141884280593958
325632,-0.001285735510464292,0.6809368198737502,-0.04097361004096456,0.0146484375,0.0010471884888829663,0.00014185867895545313
326656,-0.003617077396484092,0.6250390210188925,-0.046713348710909486,0.0205078125,0.0023617323604412377,0.00014183307731694826
327680,-0.0008986175089376047,0.8449257872998714,-0.05833233444718644,0.01513671875,0.0014690758107462898,0.00014180747567844342
328704,0.00030731281731277704,0.9651513854041696,-0.058856159215793014,0.03369140625,0.0056103188544511795,0.00014178187403993855
329728,-0.0004810097670997493,0.3322042510844767,-0.03928588499547914,0.01171875,0.0009021489968290552,0.00014175627240143367
330752,0.0021918547281529754,0.7128664664924145,-0.054207012814003974,0.02490234375,0.012054090475430712,0.00014173067076292883
331776,-0.002101325153489597,1.2619525156915188,-0.04745565669145435,0.0087890625,0.0007959273498272523,0.00014170506912442396
332800,-0.0019781787414103746,0.9281633589416742,-0.0468559677246958,0.0205078125,0.0036208800156600773,0.00014167946748591909
333824,-0.004319653569837101,0.6990481968969107,-0.050402840541210026,0.0283203125,0.004042014887090772,0.00014165386584741424
334848,-0.0012560656177811325,0.8342025801539421,-0.04094844261999242,0.01806640625,0.002559075888711959,0.00014162826420890937
335872,-0.000519683220773004,0.8249324699863791,-0.03529155589058064,0.00634765625,0.0005717864696634933,0.0001416026625704045
336896,-0.00088662319467403,0.8584827044978738,-0.049960440199356526,0.01123046875,0.0010561850649537519,0.00014157706093189963
337920,0.0004690597124863416,0.5608492717146873,-0.04747846128884703,0.01513671875,0.0018983243498951197,0.00014155145929339475
338944,-0.0010098834609379992,0.45194201497361064,-0.03653787056100555,0.0146484375,0.0019507378892740235,0.0001415258576548899
339968,-0.0021038444829173386,1.1294606681913137,-0.07030839810613543,0.037109375,0.0049706696008797735,0.00014150025601638504
340992,0.0008591212681494653,0.766103582456708,-0.0450594411813654,0.01513671875,0.0013769849902018905,0.00014147465437788016
342016,-0.00064540930907242,0.8467597551643848,-0.05294959130696952,0.02392578125,0.005259069585008547,0.00014144905273937532
343040,0.0012228877458255738,0.8565014880150557,-0.05714115977752954,0.017578125,0.0032853666198207065,0.00014142345110087045
344064,-0.0023166954197222367,0.4666457115672529,-0.04557725481572561,0.02294921875,0.0026514644850976765,0.00014139784946236558
345088,-0.00198661201284267,0.9237963408231735,-0.05535936140222475,0.01611328125,0.001769998692907393,0.00014137224782386073
346112,-0.0009727697324706241,0.30053859343752265,-0.0333389459119644,0.02197265625,0.004298167463275604,0.00014134664618535586
347136,1.3002572814002633e-05,0.5834924718365073,-0.04077421693364158,0.0205078125,0.0035727615613723174,0.000141321044546851
348160,-0.0015629729750799015,0.6459074085578322,-0.0451551751466468,0.0205078125,0.004184102464932948,0.00014129544290834614
349184,-0.0006694423645967618,0.5412140837870538,-0.050565558529342525,0.01953125,0.0020940021058777347,0.00014126984126984127
350208,-0.003441712906351313,0.7632193733006716,-0.045639699848834425,0.0185546875,0.0017604289605515078,0.0001412442396313364
351232,-0.003522345890814904,1.0584991602227092,-0.062260464183054864,0.02587890625,0.0026428070705151185,0.00014121863799283153
352256,-0.004133862938033417,0.7833547610789537,-0.0494260803097859,0.0244140625,0.0043496384168975055,0.00014119303635432666
353280,0.00045776451588608325,0.6072824443690479,-0.06271466432372108,0.0283203125,0.006018981235683896,0.0001411674347158218
354304,0.0005797255726065487,0.6684086816385388,-0.043773198616690934,0.025390625,0.0023745312355458736,0.00014114183307731694
355328,-0.0011476267100078985,0.6215106919407845,-0.0463814519753214,0.01904296875,0.0035068910365225747,0.00014111623143881207
356352,0.001324370241491124,0.36448046285659075,-0.0523847583681345,0.02001953125,0.003049701263080351,0.00014109062980030722
357376,0.00048003942356444895,0.6251324051991105,-0.044334362784866244,0.01953125,0.004434597140061669,0.00014106502816180235
358400,-0.0032766026561148465,0.5630960687994957,-0.04388518953055609,0.0263671875,0.00609416353108827,0.00014103942652329748
359424,-0.002106241212459281,1.079576974734664,-0.06176509184297174,0.0205078125,0.003068468635319732,0.00014101382488479263
360448,-0.0019484246149659157,0.5458845915272832,-0.03675936348736286,0.01513671875,0.005917532165767625,0.00014098822324628776
361472,0.0024317090574186295,0.6899987505748868,-0.04758775932714343,0.0126953125,0.0020953323983121663,0.0001409626216077829
362496,-0.0033708847186062485,0.3768970537930727,-0.05077935746521689,0.015625,0.0018570471002021804,0.00014093701996927802
363520,-0.005587901687249541,0.7615231368690729,-0.06953967519802973,0.02734375,0.0028078647010261193,0.00014091141833077315
364544,-0.002104083279846236,0.489467672072351,-0.05233771604252979,0.02685546875,0.0032409020204795524,0.0001408858166922683
365568,-0.0012652103323489428,0.40704672457650304,-0.03804775793105364,0.01025390625,0.0020387027761898935,0.00014086021505376343
366592,-0.001520245146821253,0.4989013713784516,-0.039265453815460205,0.0126953125,0.0013510360149666667,0.00014083461341525856
367616,-0.002274434344144538,0.6092018559575081,-0.045932352310046554,0.0126953125,0.002034370190813206,0.0001408090117767537
368640,-0.005212508898694068,0.5134528237394989,-0.05075230763759464,0.03759765625,0.007354567569564097,0.00014078341013824884
369664,-0.0010739896461018361,1.2870368491858244,-0.05956914060516283,0.02294921875,0.0033689433912513778,0.00014075780849974397
370688,0.000461219489807263,0.36126699624583125,-0.03996303622261621,0.00732421875,0.0009042042947839946,0.00014073220686123912
371712,0.0011946219019591808,0.2745551750995219,-0.033246834616875276,0.025390625,0.00451178896764759,0.00014070660522273425
372736,-0.0006258216453716159,0.8185769859701395,-0.04640881615341641,0.0205078125,0.005777706755907275,0.00014068100358422938
373760,0.0009133423591265455,0.5866584777832031,-0.05442213924834505,0.03076171875,0.005832172944792546,0.00014065540194572453
374784,-0.00039819488301873207,0.30201548617333174,-0.032611934453598224,0.0146484375,0.005546561907976866,0.00014062980030721964
375808,0.003623766911914572,0.5989490197971463,-0.04023420735029504,0.02685546875,0.005428767806733958,0.0001406041986687148
376832,-0.0026420447684358805,1.0945710698142648,-0.045951376465382054,0.01708984375,0.0027025939780287445,0.00014057859703020992
377856,-0.0017866036796476692,0.3227294464595616,-0.036557344123139046,0.00927734375,0.0020529644243652,0.00014055299539170505
378880,-0.0006624524248763919,1.0262028127908707,-0.05874382029287517,0.02734375,0.0022953926818445325,0.0001405273937532002
379904,-0.0009532556287012994,0.40565021988004446,-0.03309939644532278,0.02734375,0.009425694719539024,0.00014050179211469533
380928,-0.0006239525100681931,0.43772829370573163,-0.0360274734266568,0.0146484375,0.0027565759664867073,0.00014047619047619046
381952,-0.0008944197033997625,0.5358540890738368,-0.042804903467185795,0.0146484375,0.0018482082523405552,0.00014045058883768561
382976,-8.383184467675164e-05,0.654481194447726,-0.03490728110773489,0.01806640625,0.00560536578996107,0.00014042498719918074
384000,-0.0014627877972088754,0.7629107441753149,-0.04664594633504748,0.02099609375,0.0020329857798060402,0.00014039938556067587
385024,-0.0024973417166620493,0.9680453278124332,-0.04939979629125446,0.01708984375,0.0019244945724494755,0.00014037378392217103
386048,-0.0037683880436816253,0.6800127513706684,-0.0394319256010931,0.01953125,0.005253480529063381,0.00014034818228366615
387072,-0.0007749146898277104,0.7372300941497087,-0.04804272091132589,0.0263671875,0.005351927655283362,0.00014032258064516128
388096,-0.0005464288187795319,0.4253979246132076,-0.045922114222776145,0.0302734375,0.0075239468715153635,0.0001402969790066564
389120,-0.0017793371152947657,0.7733102152124047,-0.055840903834905475,0.01708984375,0.0015763391420478001,0.00014027137736815154
390144,-0.000885710833244957,0.6754491138271987,-0.04237261146772653,0.0126953125,0.0011839343351311982,0.0001402457757296467
391168,5.7376528275199234e-06,0.16351872170343995,-0.03280817803170066,0.0205078125,0.005957505680271424,0.00014022017409114182
392192,0.0005414252664195374,0.498922822996974,-0.04343213271931745,0.02294921875,0.004061863161041401,0.00014019457245263695
393216,-0.002481822855770588,0.36070832004770637,-0.04601845656725345,0.0263671875,0.0026650236977729946,0.0001401689708141321
394240,-0.0017261610191781074,0.3901154133491218,-0.038680764264427125,0.03466796875,0.01677679573185742,0.00014014336917562723
395264,-0.001607923288247548,0.31929164938628674,-0.03792250095284544,0.0166015625,0.003465207206318155,0.00014011776753712236
396288,0.0002724538353504613,0.8500454006716609,-0.03278247176785953,0.0087890625,0.000662292615743354,0.00014009216589861752
397312,-0.0020435967890080065,0.3614922759588808,-0.04201595197082497,0.01904296875,0.0035263791360193864,0.00014006656426011264
398336,-0.0008251487306552008,1.2716291602700949,-0.034562990214908496,0.02099609375,0.005362772775697522,0.00014004096262160777
399360,-0.0005700286710634828,0.3832679013721645,-0.04241462179925293,0.01318359375,0.0015352441696450114,0.0001400153609831029
400384,-0.004243483781465329,0.6691919337026775,-0.05774028482846916,0.048828125,0.012468947839806788,0.00013998975934459803
401408,-0.001212752511491999,0.26189356576651335,-0.040912220953032374,0.0185546875,0.0035879844945156947,0.00013996415770609318
402432,-0.0023037307109916583,0.9373441776260734,-0.06412863376317546,0.02587890625,0.0031953657016856596,0.0001399385560675883
403456,0.005730472796130925,0.6337820868939161,-0.05425911917700432,0.03125,0.006882867877720855,0.00013991295442908344
404480,-0.0029920641100034118,1.0294354725629091,-0.049574051692616194,0.0234375,0.006182747834827751,0.0001398873527905786
405504,0.0006092061084927991,0.48238019086420536,-0.050229883985593915,0.02587890625,0.005988168180920184,0.00013986175115207372
406528,-0.0005752907891292125,1.004977535456419,-0.04346697818255052,0.02001953125,0.0061994408461032435,0.00013983614951356885
407552,0.0007302477024495602,0.6678039161488414,-0.0466906339279376,0.01806640625,0.0028544697270262986,0.000139810547875064
408576,0.0013819256273563951,0.3324713809415698,-0.03216265214723535,0.01171875,0.0015472127997782081,0.00013978494623655913
409600,-0.0003210699505871162,0.5627580829896033,-0.0341188152669929,0.0146484375,0.0038961393292993307,0.00013975934459805426
410624,-0.0023600917775183916,0.6706342305988073,-0.041775237245019525,0.0234375,0.0042528523481450975,0.00013973374295954942
411648,-0.0033788892324082553,0.5011883634142578,-0.0410666074603796,0.0263671875,0.003946954777347855,0.00013970814132104455
412672,-0.0003211826042388566,0.3977509783580899,-0.0336045627045678,0.01513671875,0.0033620210451772436,0.00013968253968253967
413696,-0.0022757543047191575,0.5557732842862606,-0.030478195461910218,0.01513671875,0.004171927474089898,0.0001396569380440348
414720,0.0001935269101522863,0.507347206119448,-0.04061934654600918,0.0283203125,0.007908697487437166,0.00013963133640552993
415744,0.0003804290608968586,0.907360065728426,-0.03759668252314441,0.02197265625,0.003780774670303799,0.00013960573476702509
416768,-0.0017972394707612693,0.4770368207246065,-0.04144012684992049,0.029296875,0.015481553142308258,0.0001395801331285202
417792,-0.002443842764478177,0.8179070567712188,-0.033874861896038055,0.02392578125,0.004527747732936405,0.00013955453149001534
418816,-0.0019202280236640945,0.4247518409974873,-0.030084301899478305,0.015625,0.0028772080841008574,0.0001395289298515105
419840,0.0006907002098159865,0.407301023369655,-0.040186427446315065,0.0224609375,0.004818481407710351,0.00013950332821300562
420864,-0.0014096988888923079,0.9157592561095953,-0.047632325353333727,0.0166015625,0.0018256765906699002,0.00013947772657450075
421888,-0.0015011646610219032,1.309759528376162,-0.06955013074912131,0.02490234375,0.003462492357357405,0.0001394521249359959
422912,-0.0012323850532993674,0.5079682469367981,-0.03592819882032927,0.01171875,0.002582561763119884,0.00013942652329749104
423936,-0.0010190481261815876,0.21085431706160307,-0.037370813777670264,0.01171875,0.0049474139377707615,0.00013940092165898616
424960,0.0013380553136812523,0.5581226567737758,-0.04397621224052273,0.017578125,0.002255822197184898,0.00013937532002048132
425984,0.0008349316194653511,0.41725939558818936,-0.03629878201172687,0.0146484375,0.0041337385337101296,0.00013934971838197642
427008,-0.0017612969677429646,0.7379548442550004,-0.04271090534166433,0.0146484375,0.004967304936144501,0.00013932411674347158
428032,-0.000520154761034064,0.6851183045655489,-0.04275490331929177,0.01953125,0.004781335854204372,0.0001392985151049667
429056,-0.003140363813145086,0.35149142798036337,-0.04351853980915621,0.02587890625,0.0040883616311475635,0.00013927291346646183
430080,-0.0030323491955641657,0.4144210238009691,-0.04236730112461373,0.02294921875,0.005359567629056983,0.000139247311827957
431104,-0.00017831141303759068,0.19447083002887666,-0.041301684046629816,0.01025390625,0.0018596471927594393,0.00013922171018945212
432128,-0.0015230010030791163,1.2379895877093077,-0.07083354634232819,0.033203125,0.004976419440936297,0.00013919610855094724
433152,0.002170038176700473,0.4220616652164608,-0.04354089766275138,0.02197265625,0.008903415393433534,0.0001391705069124424
434176,-0.0016116569458972663,1.7718309313058853,-0.04193514445796609,0.029296875,0.006345110799884424,0.00013914490527393753
435200,-0.000635854885331355,0.7399890124797821,-0.050713816192001104,0.01953125,0.0036691286513814703,0.00013911930363543265
436224,-0.0006954166092327796,0.31727491808123887,-0.038798989029601216,0.0263671875,0.005280966302962042,0.0001390937019969278
437248,-0.0029745953070232645,0.7911593141034245,-0.05495135817909613,0.0234375,0.0037143880763323978,0.0001390681003584229
438272,-0.0008378193888347596,1.0660736402496696,-0.04504910721152555,0.01416015625,0.002862777779228054,0.00013904249871991807
439296,-0.0012525088677648455,0.1853900863789022,-0.04122080956585705,0.013671875,0.003185825757100247,0.0001390168970814132
440320,-0.0007191540353232995,0.3836910678073764,-0.03516832053719554,0.01904296875,0.007125671138055623,0.00013899129544290832
441344,-0.0022920576884644106,0.34549367194995284,-0.0468603868939681,0.02783203125,0.004354669828899205,0.00013896569380440348
442368,2.9252434615045786e-05,0.12761958688497543,-0.030350881279446185,0.0166015625,0.0038820473273517564,0.0001389400921658986
443392,-0.0020337801543064415,0.8083542212843895,-0.05916119448374957,0.02783203125,0.005428858494269662,0.00013891449052739373
444416,0.0016461517370771617,0.9173711207695305,-0.052598777459934354,0.02001953125,0.005477260667248629,0.0001388888888888889
445440,-0.003483870270429179,0.10871857940219343,-0.029907987773185596,0.0185546875,0.004757694507134147,0.00013886328725038402
446464,-0.002883583219954744,0.8618097677826881,-0.041837720782496035,0.01806640625,0.0022843854676466435,0.00013883768561187914
447488,-0.0037376174004748464,0.30422402499243617,-0.036391309957252815,0.0234375,0.006204025572515093,0.0001388120839733743
448512,-0.0017266796785406768,1.5825859643518925,-0.062141311005689204,0.025390625,0.004121537480386905,0.00013878648233486943
449536,0.011018259756383486,0.6691747941076756,-0.05079101107548922,0.033203125,0.005122836635564454,0.00013876088069636456
450560,0.00014620998990722,0.8429676797240973,-0.029689107614103705,0.02099609375,0.006338082326692529,0.00013873527905785968
451584,2.857939398381859e-05,0.4595053675584495,-0.03724689494993072,0.0205078125,0.004337375416071154,0.0001387096774193548
452608,-7.953133899718523e-05,1.1580361761152744,-0.05563736381009221,0.02294921875,0.0027527157799340785,0.00013868407578084997
453632,-0.0007263080187840387,0.27196447644382715,-0.028400343871908262,0.01806640625,0.0022368158970493823,0.0001386584741423451
454656,0.0001275034956051968,0.504222612362355,-0.031161977763986215,0.0166015625,0.0035408690746407956,0.00013863287250384022
455680,0.00075707292126026,0.47706291964277625,-0.03324356014491059,0.0107421875,0.00527424989559222,0.00013860727086533538
456704,-0.0004610102769220248,0.28264864697121084,-0.03258422182989307,0.01416015625,0.005013753048842773,0.0001385816692268305
457728,0.0004813779378309846,0.4706682856194675,-0.04180756496498361,0.02001953125,0.004237364730215631,0.00013855606758832564
458752,0.0017290936084464192,0.43680158304050565,-0.031991149866371416,0.02587890625,0.0070852045028004795,0.0001385304659498208
459776,-0.00035134010249748826,0.39954552124254405,-0.027154279399837833,0.0205078125,0.006233673368114978,0.00013850486431131592
460800,-0.00017864992696559057,0.4330455372110009,-0.04325318548944779,0.015625,0.0019177524809492752,0.00013847926267281105
461824,-0.0016841473407112062,0.5969850062392652,-0.051359731529373676,0.0205078125,0.0023433188762282953,0.0001384536610343062
462848,-0.0014742641360498965,1.1233550417236984,-0.047400790761457756,0.01220703125,0.0019951547001255676,0.00013842805939580133
463872,-0.0021602206397801638,0.17302586557343602,-0.029406888112134766,0.02099609375,0.004732034503831528,0.00013840245775729646
464896,0.0026077614747919142,0.3046296355314553,-0.032431398634798825,0.01611328125,0.0037558614421868697,0.00013837685611879159
465920,0.0027447282045613974,0.07752695598173887,-0.027804931505670538,0.02294921875,0.015540376567514613,0.00013835125448028671
466944,0.004313035315135494,1.8498401381075382,-0.055181771400384605,0.02490234375,0.003707508905790746,0.00013832565284178187
467968,-0.0025388047070009634,0.3352463115006685,-0.03345512252417393,0.02734375,0.004757952512591146,0.000138300051203277
468992,-0.0015342567930929363,0.40131067391484976,-0.03347020293585956,0.033203125,0.011130722661619075,0.00013827444956477213
470016,-0.00035320727329235524,0.6757057039067149,-0.04048545454861596,0.0126953125,0.0015475201653316617,0.00013824884792626728
471040,0.00022369480575434864,0.6131983590312302,-0.039717773121083155,0.01708984375,0.005814230287796818,0.0001382232462877624
472064,-0.0018342853581998497,0.6824507350102067,-0.040820532623911276,0.0146484375,0.002620178827783093,0.00013819764464925754
473088,-0.0008577028929721564,0.1261507160961628,-0.02194974866870325,0.01171875,0.0019891500560333952,0.0001381720430107527
474112,-0.0063266293436754495,1.3404403645545244,-0.05321061110589653,0.0224609375,0.010635502214427106,0.00013814644137224782
475136,-0.0009155140141956508,0.25633869995363057,-0.03649777709506452,0.01611328125,0.0025089606060646474,0.00013812083973374295
476160,-0.0030971936939749867,1.1476112687960267,-0.0502798123343382,0.0283203125,0.004837940112338401,0.0001380952380952381
477184,-0.0015787668962730095,0.3760723043233156,-0.03879159118514508,0.0146484375,0.0018715339247137308,0.0001380696364567332
478208,0.009960266994312406,2.9387874864041805,-0.139712373027578,0.03173828125,0.004672035138355568,0.00013804403481822836
479232,-0.0008154854731401429,0.3213040630798787,-0.038881785585545,0.01806640625,0.0029334628488868475,0.0001380184331797235
480256,-0.00010130202281288803,0.3459631847217679,-0.03842434768739622,0.017578125,0.0013902849750593305,0.00013799283154121862
481280,0.0004946154076606035,7.337313041090965,-0.3960099695250392,0.1923828125,0.038283992442302406,0.00013796722990271377
482304,0.010031229729065672,7.777993246912956,-0.3451993614435196,0.12109375,0.011434426618507132,0.0001379416282642089
483328,-0.0016763087041908875,0.9744068570435047,-0.07247287011705339,0.037109375,0.004624638619134203,0.00013791602662570403
484352,0.00039581352029927075,4.344022482633591,-0.20733492728322744,0.060546875,0.004794054417288862,0.00013789042498719918
485376,-0.0009322331607108936,0.5781770371831954,-0.04341470688814297,0.01904296875,0.0045365150581346825,0.0001378648233486943
486400,0.0030005914450157434,5.472742348909378,-0.2698931507766247,0.056640625,0.005343136930605397,0.00013783922171018944
487424,0.00010340407607145607,3.046689633280039,-0.24487873073667288,0.0595703125,0.004662864244892262,0.0001378136200716846
488448,-0.0006400310667231679,4.600781328976154,-0.26950168889015913,0.04296875,0.004434331407537684,0.0001377880184331797
489472,-0.0018206516979262233,0.614822369068861,-0.03377709846972721,0.0302734375,0.003953311388613656,0.00013776241679467485
490496,0.003073146363021806,0.5237807631492615,-0.06447227945318446,0.0244140625,0.002665060819708742,0.00013773681515616998
491520,-0.0031834681576583534,0.5246301516890526,-0.04454207210801542,0.01708984375,0.0020345761004136875,0.0001377112135176651
492544,0.0002976376854348928,0.26156502217054367,-0.0348347409744747,0.00830078125,0.0010387460933998227,0.00013768561187916026
493568,0.00027883760049007833,0.5485183782875538,-0.03690980914689135,0.021484375,0.004733965964987874,0.0001376600102406554
494592,-0.0009575355798006058,0.3698990442790091,-0.03265078969707247,0.01416015625,0.0021973937546135858,0.00013763440860215052
495616,-0.00028921985358465463,0.32271738117560744,-0.0403824265813455,0.02294921875,0.005029922816902399,0.00013760880696364567
496640,-0.0025577419728506356,1.1377841476351023,-0.0847728032968007,0.0322265625,0.003369014331838116,0.0001375832053251408
497664,-0.001698644395219162,0.24708499107509851,-0.026368000442744233,0.02197265625,0.006731465007760562,0.00013755760368663593
498688,-0.0025091968127526343,0.6025097221136093,-0.06378918857080862,0.04931640625,0.010943345609121025,0.00013753200204813108
499712,-0.0005953838699497283,0.17811691923998296,-0.03369821629894432,0.02392578125,0.0036617844743886963,0.0001375064004096262
500736,-0.0008055999351199716,0.1653964202851057,-0.028110129322158173,0.017578125,0.004734730086056516,0.00013748079877112134
501760,-0.0012450214271666482,0.5366613368969411,-0.03853771003196016,0.013671875,0.001156977072241716,0.00013745519713261647
502784,-0.0036326014960650355,1.430770242586732,-0.06957483489532024,0.03759765625,0.007484029105398804,0.0001374295954941116
503808,-0.00017988991749007255,0.387067215051502,-0.031479825665883254,0.00830078125,0.0012454158859327435,0.00013740399385560675
504832,0.0003623991506174207,0.1466316010337323,-0.02831708500161767,0.01806640625,0.0029679895960725844,0.00013737839221710188
505856,0.001937599663506262,0.2264288931619376,-0.028025352745316923,0.02001953125,0.0063405152468476444,0.000137352790578597
506880,-0.0006690903101116419,0.4046927730087191,-0.039138882275437936,0.01123046875,0.0023989076144061983,0.00013732718894009216
507904,-0.0017127298342529684,0.8366427691653371,-0.047388160426635295,0.029296875,0.005515300450497307,0.0001373015873015873
508928,0.0010239561379421502,0.42786804120987654,-0.035562707562348805,0.01513671875,0.0037409988726722077,0.00013727598566308242
509952,-0.0020976656523998827,0.5006611035205424,-0.04239333554869518,0.021484375,0.0021089838701300323,0.00013725038402457758
510976,0.0017093042697524652,0.10685192723758519,-0.03123714617686346,0.01416015625,0.002241312831756659,0.0001372247823860727
512000,0.0008966310415416956,1.0338949849829078,-0.04542471811873838,0.0224609375,0.00303829534095712,0.00013719918074756783
513024,-0.00018764119886327535,0.6752233458682895,-0.04497625128715299,0.0107421875,0.0015935160627122968,0.00013717357910906296
514048,-0.0024036123941186816,0.9914567805826664,-0.04510539601324126,0.01953125,0.0025454503193031996,0.00013714797747055811
515072,-0.0026614760427037254,0.5788007928058505,-0.048870416067074984,0.0185546875,0.0035765385546255857,0.00013712237583205324
516096,-0.00023670002701692283,0.24995979480445385,-0.04090958302549552,0.01220703125,0.0012176863383501768,0.00013709677419354837
517120,-0.001888409664388746,0.43891733465716243,-0.044062032480724156,0.01904296875,0.003474912460660562,0.0001370711725550435
518144,-0.0020900739764329046,0.17042271769605577,-0.03388756143976934,0.01416015625,0.003436100058024749,0.00013704557091653865
519168,-0.0005495621880982071,0.11956436559557915,-0.03004483913537115,0.01806640625,0.004953939453116618,0.00013701996927803378
520192,-0.001802791841328144,0.7125542871654034,-0.04073324936325662,0.01806640625,0.0066611811926122755,0.0001369943676395289
521216,-0.0010174612107221037,0.25443788059055805,-0.03268652513361303,0.017578125,0.0058833302318817005,0.00013696876600102407
522240,-0.002609223476611078,0.1485616434365511,-0.03291718094260432,0.02197265625,0.004244361000019126,0.0001369431643625192
523264,-0.0014100744447205216,0.647459963336587,-0.040146372572053224,0.02880859375,0.004371150571387261,0.00013691756272401432
524288,-0.0026877369673456997,0.2718614524928853,-0.035640995221911,0.01416015625,0.005669485210091807,0.00013689196108550948
525312,-0.001805877880542539,0.3349553542211652,-0.04227834410266951,0.0390625,0.006144502869574353,0.0001368663594470046
526336,-0.0002933239011326805,0.17892248486168683,-0.026400277682114393,0.01416015625,0.005875582879525609,0.00013684075780849973
527360,-0.0011795670216088183,0.9165389547124505,-0.03958490228978917,0.01513671875,0.0030470453057205305,0.00013681515616999486
528384,-0.001298024391871877,0.34647343354299664,-0.040066347719402984,0.01513671875,0.002262821450131014,0.00013678955453149
529408,0.000324550608638674,0.9711323250085115,-0.05470269377110526,0.0244140625,0.004060393475810997,0.00013676395289298514
530432,-0.0012177633689134382,1.0488700000569224,-0.039787771442206576,0.0146484375,0.001956785607035272,0.00013673835125448027
531456,-0.003218931728042662,0.4042719267308712,-0.04268501189653762,0.02490234375,0.003435716702369973,0.0001367127496159754
532480,0.0007755988917779177,0.21097325580194592,-0.03228384529938921,0.01611328125,0.0030975861300248653,0.00013668714797747056
533504,-0.0020956145599484444,0.3686347003094852,-0.03718289347307291,0.02294921875,0.01091829540382605,0.00013666154633896568
534528,-0.0012999665341340005,0.6706470651552081,-0.03845386434113607,0.0146484375,0.0023120446858229116,0.0001366359447004608
535552,-0.00012849042832385749,0.3320074789226055,-0.03100867751345504,0.0185546875,0.008316440842463635,0.00013661034306195597
536576,-0.00011712942796293646,0.548624362796545,-0.033054600964533165,0.041015625,0.020536586220259778,0.0001365847414234511
537600,-0.00032357353484258056,0.14390921010635793,-0.02995295004802756,0.01904296875,0.002924189408076927,0.00013655913978494622
538624,-0.0015754246414871886,0.10592315602116287,-0.024311244722412084,0.017578125,0.003432849975069985,0.00013653353814644138
539648,-0.00019422348123043776,0.13612705655395985,-0.03332830817089416,0.01220703125,0.002851307188393548,0.00013650793650793648
540672,0.0003535775758791715,0.15070034679956734,-0.03437008481705561,0.015625,0.0038964976702118292,0.00013648233486943163
541696,0.0019770918297581375,0.7708468018099666,-0.05169799426221289,0.02099609375,0.0028791329241357744,0.00013645673323092676
542720,0.0003206482797395438,0.9163886541500688,-0.05191527714487165,0.0224609375,0.003976454507210292,0.0001364311315924219
543744,1.4411925803869963e-06,0.5330052920617163,-0.03595453189336695,0.0107421875,0.0013122131786076352,0.00013640552995391705
544768,0.0014074952923692763,0.3375608674250543,-0.034302984742680565,0.0205078125,0.00958199992601294,0.00013637992831541217
545792,0.000996344693703577,0.5040517984889448,-0.03363682041526772,0.0224609375,0.008245135832112283,0.0001363543266769073
546816,-0.0008556902321288362,0.15441617695614696,-0.027253663320152555,0.0126953125,0.002059270947938785,0.00013632872503840246
547840,-0.002661267848452553,0.3670265639666468,-0.031327357442933135,0.02294921875,0.005306857448886149,0.00013630312339989759
548864,0.01425553385342937,0.8484031106345356,-0.04188158124452457,0.02880859375,0.008309645010740496,0.00013627752176139271
549888,-0.002850638993550092,0.5765635878778994,-0.038271942335995845,0.03369140625,0.007924424469820224,0.00013625192012288787
550912,-0.0007379454182228073,0.48396169301122427,-0.036048754016519524,0.01708984375,0.0024005875748116523,0.000136226318484383
551936,-0.0009443167073186487,0.8925147848203778,-0.03303015246638097,0.01416015625,0.004054819219163619,0.00013620071684587813
552960,-0.002635913304402493,0.213688739342615,-0.0304157164064236,0.01708984375,0.005349688843125477,0.00013617511520737325
553984,-0.001248621781996917,0.31717609241604805,-0.02897400148503948,0.01611328125,0.002022190179559402,0.00013614951356886838
555008,-0.0008956982055678964,0.13183258543722332,-0.033869382459670305,0.01416015625,0.002804304414894432,0.00013612391193036354
556032,-0.0012390355550451204,0.5074105598032475,-0.026844205567613244,0.01318359375,0.002074905627523549,0.00013609831029185866
557056,0.0005288645770633593,0.4755106861703098,-0.032031528098741546,0.01318359375,0.0014393522578757256,0.0001360727086533538
558080,-0.0014859159127809107,0.12751392321661115,-0.029672902775928378,0.0205078125,0.004092126211617142,0.00013604710701484895
559104,-0.000684436789015308,0.14580529159866273,-0.03022932301973924,0.0146484375,0.0018638349429238588,0.00013602150537634408
560128,0.0004015977174276486,0.7185853309929371,-0.035945221898145974,0.0185546875,0.003575323644327,0.0001359959037378392
561152,-0.002767650039459113,0.8677416862919927,-0.036817300162510946,0.01806640625,0.003806884473306127,0.00013597030209933436
562176,-0.002317856895388104,0.6816979651339352,-0.041227812704164535,0.0146484375,0.0021426455641631037,0.0001359447004608295
563200,-0.003169645875459537,0.1263903195504099,-0.02715807426511674,0.0205078125,0.012947226234246045,0.00013591909882232462
564224,-0.0023009207798168063,1.7396534886211157,-0.059383579646237195,0.02587890625,0.004491056126425974,0.00013589349718381974
565248,-0.006256261316593736,1.2926135659217834,-0.04876024348777719,0.03759765625,0.014968799587222748,0.00013586789554531487
566272,-0.0016763614548835903,0.7101911786012352,-0.04950237472075969,0.02099609375,0.005519571976037696,0.00013584229390681003
567296,-0.0010233984794467688,0.1286105397157371,-0.03428277495549992,0.01611328125,0.00458100855757948,0.00013581669226830516
568320,-0.0009130736289080232,0.6735447868704796,-0.04021118821401615,0.015625,0.003050908344448544,0.00013579109062980028
569344,-0.000437339382187929,0.6176658312324435,-0.030340352532221004,0.01123046875,0.002562814115663059,0.00013576548899129544
570368,0.00018712857854552567,0.13833805301692337,-0.02784586044435855,0.0146484375,0.0022199577215360478,0.00013573988735279057
571392,-0.0009674945031292737,0.4457526153419167,-0.03358815793762915,0.017578125,0.0028270917537156492,0.0001357142857142857
572416,-0.0014369215350598097,0.9497806522995234,-0.03345318092033267,0.013671875,0.0019379614677745849,0.00013568868407578085
573440,-0.0022642402618657798,0.2848584873136133,-0.04136990284314379,0.02490234375,0.004339031234849244,0.00013566308243727598
574464,0.010799761454109102,0.567206998821348,-0.041766407317481935,0.0234375,0.011677614631480537,0.0001356374807987711
575488,-0.0009356920345453545,0.3889331677928567,-0.034135223730118014,0.02880859375,0.015002271116827615,0.00013561187916026626
576512,-0.0004916925390716642,1.3507755007594824,-0.047449756937567145,0.0126953125,0.002636572768096812,0.0001355862775217614
577536,0.0011040451063308865,0.7060877964831889,-0.02953327604336664,0.017578125,0.0041768606315599754,0.00013556067588325652
578560,0.004183139390079305,0.43031673738732934,-0.028354720459901728,0.025390625,0.0048012050247052684,0.00013553507424475165
579584,0.0021361265535233542,0.17086375341750681,-0.030972704174928367,0.02294921875,0.004562796428217553,0.00013550947260624677
580608,0.00027240537747275084,0.41667273780331016,-0.0352178709290456,0.0166015625,0.004513215651968494,0.00013548387096774193
581632,-0.0006537127192132175,0.7509905225597322,-0.026895313756540418,0.01806640625,0.004650150207453407,0.00013545826932923706
582656,-0.0013750626822002232,0.14144473616033792,-0.0345763685691054,0.01513671875,0.004031990145449527,0.00013543266769073219
583680,0.0008903497364372015,0.33174753189086914,-0.03497263582539745,0.0205078125,0.004196836074697785,0.00013540706605222734
584704,0.002488663187250495,0.13908653217367828,-0.03327469778014347,0.02392578125,0.005338660572306253,0.00013538146441372247
585728,-0.0010556130728218704,0.09969414002262056,-0.031050790013978258,0.01416015625,0.005098261157399975,0.0001353558627752176
586752,-0.004511653882218525,0.7888246243819594,-0.043083959782961756,0.0302734375,0.013175866130040959,0.00013533026113671275
587776,0.002656830387422815,0.15818917006254196,-0.02380592021654593,0.01513671875,0.005406579686678015,0.00013530465949820788
588800,-0.0014340636844281107,0.4443269644398242,-0.04203957966819871,0.0205078125,0.007132927770726383,0.000135279057859703
589824,-0.0004951640003127977,0.554177010897547,-0.04005734634120017,0.01171875,0.0020022408571094275,0.00013525345622119816
590848,0.0009150736950687133,0.37242576549761,-0.03831355427973904,0.0224609375,0.005841676422278397,0.00013522785458269326
591872,-0.000775550986872986,0.5074312225915492,-0.03310973072439083,0.0078125,0.0008245406206697226,0.00013520225294418842
592896,-0.001134205114794895,0.49404718820005655,-0.0314391875435831,0.01025390625,0.003806215405347757,0.00013517665130568355
593920,0.0004205704026389867,0.43283782224170864,-0.02939677838003263,0.01318359375,0.001991549099329859,0.00013515104966717868
594944,-0.0013680358533747494,0.09076025744434446,-0.02531969982373994,0.01513671875,0.0018579398456495255,0.00013512544802867383
595968,-0.0005974210071144626,0.7154979426413774,-0.02842213244002778,0.015625,0.0018733330944087356,0.00013509984639016896
596992,0.0004274476013961248,0.12231471436098218,-0.03132755830301903,0.021484375,0.0043633467284962535,0.0001350742447516641
598016,-0.004013380879769102,0.38560097967274487,-0.02877695627103094,0.01708984375,0.0034391835215501487,0.00013504864311315924
599040,-0.001410371478414163,0.8273589187301695,-0.044647403236012906,0.03125,0.014935347222490236,0.00013502304147465437
600064,-0.0023563499562442303,0.4862976889126003,-0.038078522484283894,0.02099609375,0.018124823182006367,0.0001349974398361495
601088,-0.0023744084464851767,2.2213081791996956,-0.0682662571198307,0.0341796875,0.007283465951331891,0.00013497183819764465
602112,0.0006401685095624998,1.0568413883447647,-0.04077357146888971,0.02392578125,0.00901754507503938,0.00013494623655913975
603136,0.003127482224954292,0.13442164449952543,-0.02723385552963009,0.01025390625,0.002239816516521387,0.0001349206349206349
604160,-0.0012111071773688309,0.9747958946973085,-0.04390118911396712,0.0087890625,0.0012105137575417757,0.00013489503328213004
605184,0.003737637889571488,0.10432251368183643,-0.02616984698397573,0.01171875,0.003617742288042791,0.00013486943164362517
606208,-0.0012237203045515344,0.6688655051402748,-0.04282476817024872,0.01220703125,0.0014987727481639013,0.00013484383000512032
607232,-0.0006622771907132119,0.34460668941028416,-0.034951588517287746,0.0107421875,0.0016862780612427741,0.00013481822836661545
608256,-0.0009748125667101704,0.3519517311360687,-0.02637191940448247,0.01416015625,0.00737842261150945,0.00013479262672811058
609280,0.0013989437138661742,0.7528338590636849,-0.03772058611502871,0.01416015625,0.002827048461767845,0.00013476702508960573
610304,-0.0006171376153361052,0.6100064888596535,-0.031314473977545276,0.0166015625,0.003734885875019245,0.00013474142345110086
611328,-0.0011182833550265059,0.18884905381128192,-0.028778352454537526,0.009765625,0.0016821604513097554,0.000134715821812596
612352,-0.0008502206474076957,0.14451018115505576,-0.029230943182483315,0.01513671875,0.005126574877067469,0.00013469022017409114
613376,-0.0004319511936046183,1.0245223566889763,-0.04201800178270787,0.02294921875,0.0029848088597645983,0.00013466461853558627
614400,-0.000703741294273641,0.24887740146368742,-0.03110483913042117,0.017578125,0.005701031856006011,0.0001346390168970814
615424,0.0010921374487224966,0.597655177116394,-0.03432543137751054,0.017578125,0.0031519113399554044,0.00013461341525857653
616448,-0.0005520147678907961,0.20293210772797465,-0.03414673070074059,0.02392578125,0.005030950211221352,0.00013458781362007166
617472,-0.0010593990264169406,0.13887369795702398,-0.02877879006700823,0.02197265625,0.01846428024873603,0.0001345622119815668
618496,-0.001905292461742647,1.22727354709059,-0.03217744859284721,0.01025390625,0.0015667064872104675,0.00013453661034306194
619520,0.00022401820751838386,0.10829281527549028,-0.023901491847936995,0.0146484375,0.0022173242323333398,0.00013451100870455707
620544,0.0005808694841107354,0.09326479258015752,-0.01938960682218749,0.01025390625,0.0030174279381753877,0.00013448540706605222
621568,-0.0025226606958312914,0.8931200737133622,-0.026878682227106765,0.013671875,0.005820479738758877,0.00013445980542754735
622592,-0.0008516116649843752,0.39022585842758417,-0.03187772283854429,0.00732421875,0.0009683951502665877,0.00013443420378904248
623616,0.0029871148872189224,0.36717438604682684,-0.03454084979603067,0.03271484375,0.014451244220254011,0.00013440860215053763
624640,-0.0003066112840315327,0.39006723486818373,-0.026730973651865497,0.0224609375,0.009307569605880417,0.00013438300051203276
625664,-0.0010807637954712845,0.18310160795226693,-0.031118119863094762,0.017578125,0.012841193209169433,0.0001343573988735279
626688,-0.0026360345218563452,0.4665198200382292,-0.03753587804385461,0.0234375,0.003339948452776298,0.00013433179723502305
627712,0.0006504214834421873,0.6717799319885671,-0.03611955663654953,0.017578125,0.005949504833552055,0.00013430619559651817
628736,-0.0009321386314695701,0.09780933614820242,-0.023774171509103326,0.01611328125,0.004249192250426859,0.0001342805939580133
629760,-0.0008347108378075063,0.3744633730966598,-0.028786768642021343,0.015625,0.005417143809609115,0.00013425499231950843
630784,-0.0013764924806309864,0.10528050002176315,-0.028640343796723755,0.01513671875,0.003697740539791994,0.00013422939068100356
631808,-0.0025221685355063528,0.05879093531984836,-0.02973837971512694,0.01123046875,0.0031943363865138963,0.0001342037890424987
632832,-0.0010322461457690224,0.39179163752123713,-0.033559654126293026,0.0107421875,0.0026873439928749576,0.00013417818740399384
633856,0.0024381688999710605,0.5647976382169873,-0.039967066928511485,0.01123046875,0.0015024209133116528,0.00013415258576548897
634880,-0.0015158339811023325,0.13638652907684445,-0.027073193647083826,0.0185546875,0.003674547580885701,0.00013412698412698412
635904,-0.0012383326684357598,0.12874409998767078,-0.028982124447793467,0.0087890625,0.0016620510432403535,0.00013410138248847925
636928,0.003658951842226088,0.9870708109810948,-0.048501175129786134,0.01904296875,0.0027453337097540498,0.00013407578084997438
637952,-0.0009085266501642764,0.09513792395591736,-0.031095602840650827,0.01318359375,0.002148243846022524,0.00013405017921146954
638976,-0.0022190114614204504,0.6640596282668412,-0.043494583922438323,0.0205078125,0.0031309907644754276,0.00013402457757296466
640000,-0.0006750834727426991,0.7393725905567408,-0.044810126069933176,0.02197265625,0.004413476985064335,0.0001339989759344598
641024,0.0007715363462921232,1.144925125874579,-0.05160396971041337,0.01025390625,0.0017263985209865496,0.00013397337429595495
642048,-0.00012341432739049196,1.7133238543756306,-0.06883405055850744,0.01806640625,0.0020303208293626085,0.00013394777265745005
643072,-0.0007714120729360729,0.2785264898557216,-0.03573438760940917,0.01318359375,0.0029304363997653127,0.0001339221710189452
644096,-0.0009419910493306816,0.719622019212693,-0.0384540178347379,0.01611328125,0.0020148306648479775,0.00013389656938044033
645120,0.006013660691678524,1.7018462400883436,-0.07363772264216095,0.037109375,0.009428190576727502,0.00013387096774193546
646144,0.002938375386293046,0.4136395053938031,-0.03307476089685224,0.01513671875,0.0045144101459300146,0.00013384536610343062
647168,-0.007166694791521877,0.789469008333981,-0.04212878053658642,0.02783203125,0.005665088334353641,0.00013381976446492574
648192,-0.0007643683638889343,0.06688857462722808,-0.022767333601223072,0.01953125,0.006879745400510728,0.00013379416282642087
649216,-0.00015140525647439063,0.4819701137021184,-0.04095477471128106,0.01025390625,0.002286838978761807,0.00013376856118791603
650240,0.0014747243258170784,0.3934766701422632,-0.03160262803430669,0.01611328125,0.0022186077549122274,0.00013374295954941115
651264,-0.005215292330831289,0.8437897264957428,-0.05189035210059956,0.02978515625,0.0066186529729748145,0.00013371735791090628
652288,-0.0005072279236628674,0.08177237818017602,-0.0253621502124588,0.015625,0.0025074960285564885,0.00013369175627240144
653312,-0.0018196982418885455,0.1301192012615502,-0.03410125777008943,0.013671875,0.002922839834354818,0.00013366615463389654
654336,-0.00106152800435666,0.12237104657106102,-0.031024228999740444,0.01611328125,0.005158068641321734,0.0001336405529953917
655360,0.0009638114861445501,0.10519003425724804,-0.02836029055470135,0.0146484375,0.0043944425851805136,0.00013361495135688682
656384,0.002835993087501265,0.150977635756135,-0.021547364149228088,0.01611328125,0.009962894633645192,0.00013358934971838195
657408,-0.0009744018461788073,0.41141663724556565,-0.03371720266295597,0.01708984375,0.004021022221422754,0.0001335637480798771
658432,-0.0011602628219407052,0.593145941849798,-0.040866960160201415,0.01611328125,0.004057262092828751,0.00013353814644137223
659456,0.0005572140362346545,0.37193083274178207,-0.04218282806687057,0.013671875,0.0016546014958294109,0.00013351254480286736
660480,-0.00177508125489112,0.647505244705826,-0.0335406152298674,0.0234375,0.0037985571107128635,0.00013348694316436252
661504,-0.0014579573180526495,0.9148357035592198,-0.03282972071610857,0.0087890625,0.0011721435730578378,0.00013346134152585765
662528,-0.0009801166597753763,0.8633836759254336,-0.028490191776654683,0.0087890625,0.0014012095343787223,0.00013343573988735277
663552,0.001414948346791789,0.15297712571918964,-0.029495266964659095,0.021484375,0.007598687443532981,0.00013341013824884793
664576,0.0008754932205192745,0.10489540465641767,-0.03185847296845168,0.0107421875,0.0015121554170036688,0.00013338453661034306
665600,-0.002082965860608965,0.5528511742595583,-0.03146014784579165,0.0146484375,0.0036355872580315918,0.00013335893497183818
666624,0.0005208196489547845,0.5333959378767759,-0.02955615209066309,0.009765625,0.0026475782797206193,0.0001333333333333333
667648,-0.0011304198415018618,0.09346381446812302,-0.032487054384546354,0.02001953125,0.005815864293253981,0.00013330773169482844
668672,-0.00035999310784973204,0.09665211068931967,-0.034725114004686475,0.0205078125,0.005841545993462205,0.0001332821300563236
669696,-0.0014502100239042193,0.39557353081181645,-0.029264430631883442,0.0166015625,0.004795847271452658,0.00013325652841781872
670720,-0.0030132687534205616,0.7323091197758913,-0.052926764299627393,0.03857421875,0.008931403077440336,0.00013323092677931385
671744,0.0015607706736773252,0.781208167783916,-0.050157744030002505,0.03955078125,0.01173511148954276,0.000133205325140809
672768,-0.0009131612168857828,0.36284073651768267,-0.03076858853455633,0.0185546875,0.003850327047985047,0.00013317972350230414
673792,0.0008623060712125152,0.5379921849817038,-0.0373786183190532,0.015625,0.00469156724284403,0.00013315412186379926
674816,-0.0016499586490681395,0.1215243877377361,-0.02600840358354617,0.01318359375,0.003512037466862239,0.00013312852022529442
675840,0.0003247619461035356,0.665554272942245,-0.03434580285102129,0.01318359375,0.0024769494630163535,0.00013310291858678955
676864,-0.0006071651441743597,0.9592677685432136,-0.04390592224081047,0.015625,0.003659048248664476,0.00013307731694828467
677888,-0.002597796657937579,1.1785123907029629,-0.06021038454491645,0.029296875,0.00428091490175575,0.0001330517153097798
678912,-0.00037174642784520984,0.4119195225648582,-0.033585934434086084,0.013671875,0.002574476966401562,0.00013302611367127496
679936,0.0006322802801150829,0.10836336063221097,-0.030146253659040667,0.00830078125,0.0011759164481190965,0.00013300051203277009
680960,0.0038078354846220464,0.4573678660672158,-0.03447551110002678,0.013671875,0.0018721619417192414,0.00013297491039426521
681984,-0.0011271661496721208,0.5371610652655363,-0.03258448641281575,0.0087890625,0.0014005481934873387,0.00013294930875576034
683008,-4.7119028749875724e-05,0.2072139922529459,-0.03505631996085867,0.01171875,0.006541697104694322,0.0001329237071172555
684032,0.001654018764384091,0.10235837870277464,-0.02682322276814375,0.025390625,0.009113348962273449,0.00013289810547875063
685056,0.001479053113143891,0.4571139267645776,-0.028705495526082814,0.01416015625,0.0037127541727386415,0.00013287250384024575
686080,0.0003444257308728993,0.9516977733001113,-0.03206643255543895,0.0146484375,0.005472796212416142,0.0001328469022017409
687104,-0.0004706702602561563,0.4022073904052377,-0.030316024756757542,0.01220703125,0.0021504721080418676,0.00013282130056323604
688128,0.0006182971555972472,0.3865745556540787,-0.0362878251762595,0.0185546875,0.005932343716267496,0.00013279569892473117
689152,-0.010600246692774817,1.1351621579378843,-0.05574969181907363,0.037109375,0.00978124828543514,0.00013277009728622632
690176,0.004610540141584352,0.07145629823207855,-0.022324238347209757,0.009765625,0.001995634025661275,0.00013274449564772145
691200,0.0016350687947124243,3.3088901452720165,-0.1253767462912947,0.05322265625,0.007244321066536941,0.00013271889400921658
692224,-0.0023218383139465004,7.4768906235694885,-0.3233644743449986,0.0986328125,0.008730496934731491,0.0001326932923707117
693248,-0.0037066008953843266,1.2601177459582686,-0.09308363636955619,0.0556640625,0.00832057325169444,0.00013266769073220683
694272,-0.0010482634097570553,0.13058245601132512,-0.024864456805516966,0.01318359375,0.006371273964759894,0.000132642089093702
695296,-0.0043774383957497776,1.379857956431806,-0.07141563028562814,0.037109375,0.003161305809044279,0.00013261648745519712
696320,-0.0015832272911211476,1.1622768566012383,-0.045104071527021006,0.01171875,0.0015814475336810574,0.00013259088581669224
697344,-0.003797667915932834,0.3588542346842587,-0.03692129338742234,0.02392578125,0.0027562202158151194,0.0001325652841781874
698368,-0.0006584492221008986,0.11466174572706223,-0.02453482960117981,0.01025390625,0.001647518525714986,0.00013253968253968253
699392,0.0023350355186266825,0.48176987865008414,-0.040037175291217864,0.0126953125,0.003885438811266795,0.00013251408090117766
700416,-0.00038984764250926673,0.3096564789302647,-0.04087850157520734,0.017578125,0.001807988082873635,0.0001324884792626728
701440,-0.0006020102300681174,0.18241120455786586,-0.02807477869646391,0.00732421875,0.0012240009382367134,0.00013246287762416794
702464,-0.0018993348785443231,0.07335481769405305,-0.02813629551201302,0.02197265625,0.008518512098817155,0.00013243727598566307
703488,-0.0008365342946490273,0.8694245666265488,-0.04578195419162512,0.0146484375,0.0030692375148646533,0.00013241167434715822
704512,-0.0014649825461674482,0.6649720533750951,-0.03583640065335203,0.01123046875,0.0026290626265108585,0.00013238607270865332
705536,-0.000730814368580468,0.1361961574293673,-0.035512945731170475,0.0107421875,0.0018504287581890821,0.00013236047107014848
706560,-0.0016040438204072416,0.2680468261241913,-0.039423724985681474,0.009765625,0.0019498660549288616,0.0001323348694316436
707584,-0.0018670569988898933,0.4466183427721262,-0.052953434409573674,0.0185546875,0.0023152126523200423,0.00013230926779313873
708608,-0.004169366016867571,0.7719488060101867,-0.05700920772505924,0.02294921875,0.0056734210811555386,0.0001322836661546339
709632,0.0006295038037933409,0.3145906422287226,-0.03741662876564078,0.01318359375,0.0013959455827716738,0.00013225806451612902
710656,-0.0012111130636185408,0.5864659980870783,-0.038616557358182035,0.01171875,0.0013846975925844163,0.00013223246287762415
711680,-0.0012049526267219335,0.5368674546480179,-0.03530113791930489,0.015625,0.0020191274088574573,0.0001322068612391193
712704,-0.002596297170384787,0.691029752837494,-0.04482455528341234,0.0283203125,0.0051948911568615586,0.00013218125960061443
713728,0.0006475565023720264,0.7872085990384221,-0.05034095939481631,0.02294921875,0.005970781377982348,0.00013215565796210956
714752,-0.0005620168813038617,0.32959509640932083,-0.04218583623878658,0.01806640625,0.00263309758156538,0.0001321300563236047
715776,-0.0014832367305643857,0.5286727780476213,-0.03532673942390829,0.0107421875,0.0015325151180149987,0.00013210445468509984
716800,-0.001653181272558868,0.6396804573014379,-0.0358273595047649,0.0146484375,0.0034886716603068635,0.00013207885304659497
717824,-0.00273906065558549,0.12721177597995847,-0.037877245544223115,0.017578125,0.0029891085578128695,0.0001320532514080901
718848,-0.00035230282810516655,0.6941271652467549,-0.050327515695244074,0.01416015625,0.0021220627531874925,0.00013202764976958523
719872,-0.0011163869639858603,0.08454987069126219,-0.027955628160270862,0.03076171875,0.021098166151205078,0.00013200204813108038
720896,-0.0011067619489040226,1.1196037298068404,-0.057570655131712556,0.02783203125,0.0030834689096082,0.0001319764464925755
721920,-0.002873382603866048,1.2083440776914358,-0.05047848878894001,0.02783203125,0.0052018398127984256,0.00013195084485407064
722944,-0.0011072511260863394,0.6313705127686262,-0.04314205804257654,0.01220703125,0.001930768441525288,0.0001319252432155658
723968,-0.0010579507652437314,0.3559805678669363,-0.031566341989673674,0.00927734375,0.0016457626188639551,0.00013189964157706092
724992,-0.0011549415794434026,0.722586439922452,-0.04746198546490632,0.009765625,0.0010043914517154917,0.00013187403993855605
726016,-0.0012674509198404849,1.107999939005822,-0.05611195176606998,0.02099609375,0.003802958322921768,0.0001318484383000512
727040,-0.002438642375636846,0.23685279488563538,-0.03811176653834991,0.0224609375,0.002761068200925365,0.00013182283666154633
728064,-0.001671738617005758,0.35570970526896417,-0.044373981771059334,0.01953125,0.004915045108646154,0.00013179723502304146
729088,-0.003747278286027722,1.2145560323260725,-0.05973053240450099,0.02978515625,0.005504653105163015,0.0001317716333845366
730112,-0.0009405332239111885,0.10767105291597545,-0.03173478550161235,0.0078125,0.0008746346429688856,0.00013174603174603174
731136,0.0001253486261703074,0.14695482281967998,-0.031234503985615447,0.0107421875,0.0019494665029924363,0.00013172043010752687
732160,0.002638940088218078,1.7489240914583206,-0.08539772278163582,0.0224609375,0.0022272888745646924,0.000131694828469022
733184,-0.001450783121981658,0.8760195644572377,-0.05358418094692752,0.01953125,0.002740242183790542,0.00013166922683051713
734208,-0.0018987334187841043,0.11574128596112132,-0.031533852918073535,0.01416015625,0.0030030363996047527,0.00013164362519201228
735232,-0.0024374470522161573,0.6712506450712681,-0.05304937297478318,0.02783203125,0.005716822241083719,0.0001316180235535074
736256,-0.0006517598812934011,0.3568171365186572,-0.033854934154078364,0.01416015625,0.0018155183061026037,0.00013159242191500254
737280,-0.0013670892803929746,0.2162278804462403,-0.0362172951863613,0.0166015625,0.002411421126453206,0.0001315668202764977
738304,-0.0009707921417430043,0.3906945986673236,-0.03402001174981706,0.0078125,0.001358906360110268,0.00013154121863799282
739328,-0.0011712475752574392,0.6348327687010169,-0.040617704478790984,0.0087890625,0.00165193022985477,0.00013151561699948795
740352,-0.0022855907736811787,0.42655060556717217,-0.04273716319585219,0.01513671875,0.0017180342256324366,0.0001314900153609831
741376,-0.001048372476361692,0.15839112410321832,-0.028383903481881134,0.01318359375,0.005063329663244076,0.00013146441372247823
742400,-0.003111342273768969,0.39634472876787186,-0.03430316706362646,0.01123046875,0.001521581260021776,0.00013143881208397336
743424,-0.0008089323237072676,0.07920039386954159,-0.026911122899036855,0.01123046875,0.0024847848544595763,0.0001314132104454685
744448,0.003621421696152538,0.11683158786036074,-0.029812108441547025,0.0146484375,0.005537683726288378,0.00013138760880696362
745472,-0.001305016892729327,0.12357398436870426,-0.040238502639112994,0.015625,0.002284131449414417,0.00013136200716845877
746496,-0.0009875234391074628,0.7668221266940236,-0.04396925651235506,0.0224609375,0.008999175246572122,0.0001313364055299539
747520,-0.0001172373813460581,0.874853887129575,-0.04897960228845477,0.015625,0.0026213512028334662,0.00013131080389144903
748544,-0.00028275034856051207,0.5710360882803798,-0.040084820648189634,0.0166015625,0.0038992082700133324,0.00013128520225294418
749568,-0.0021232365688774735,0.40998975769616663,-0.03847218654118478,0.0341796875,0.008778943258221261,0.0001312596006144393
750592,-0.0010116806661244482,1.3684923965483904,-0.05277523450786248,0.013671875,0.0017727683880366385,0.00013123399897593444
751616,-0.0012367769159027375,0.46369217755272985,-0.034513935970608145,0.0166015625,0.0018187042005592957,0.0001312083973374296
752640,-0.0005006802530260757,0.8418195825070143,-0.04097287738113664,0.0224609375,0.0040270488389069214,0.00013118279569892472
753664,-0.0006110849499236792,0.5059845861978829,-0.03905226541974116,0.02392578125,0.004240678972564638,0.00013115719406041985
754688,3.49054898833856e-05,0.19065681868232787,-0.03289559020049637,0.0166015625,0.00870725279673934,0.000131131592421915
755712,-0.0015383332502096891,0.9013525126501918,-0.04560681912698783,0.0205078125,0.003758259685127996,0.0001311059907834101
756736,-0.0019125656835967675,0.29507612041197717,-0.0398392740462441,0.02197265625,0.006128836088464595,0.00013108038914490526
757760,-0.000498760404298082,0.6570078870281577,-0.040665111504495144,0.01171875,0.002907580405008048,0.0001310547875064004
758784,0.004946448345435783,0.17769215581938624,-0.028949143772479147,0.017578125,0.006864660928840749,0.00013102918586789552
759808,-0.000983615143923089,0.49357742350548506,-0.027101588013465516,0.015625,0.004999055614462122,0.00013100358422939067
760832,-0.0030942748417146504,0.3861920009367168,-0.03720119156059809,0.03173828125,0.014119247905910015,0.0001309779825908858
761856,-7.243736763484776e-05,0.10345975228119642,-0.029221484175650403,0.0234375,0.012585389413288794,0.00013095238095238093
762880,-0.0008537107933079824,0.10602313606068492,-0.034889145754277706,0.01806640625,0.002543813272495754,0.00013092677931387609
763904,-0.0014668052172055468,0.9175071171484888,-0.043052712542703375,0.00927734375,0.005491463205544278,0.00013090117767537121
764928,-0.0006881280860397965,0.15309555269777775,-0.03292123813298531,0.013671875,0.0031437701545655727,0.00013087557603686634
765952,0.0006334051577141508,0.09561541432049125,-0.03443757907371037,0.01171875,0.005842702623340301,0.0001308499743983615
766976,0.004955010954290628,0.12404493964277208,-0.03357814296032302,0.025390625,0.008436936332145706,0.0001308243727598566
768000,-0.0005158879503142089,0.7347092777490616,-0.0487987354863435,0.01513671875,0.0019450889813015237,0.00013079877112135175
769024,0.002261439207359217,0.11925299046561122,-0.02955267488141544,0.0224609375,0.006425869360100478,0.00013077316948284688
770048,0.0034336020617047325,0.09894702723249793,-0.029250901789055206,0.0185546875,0.006781876538298093,0.000130747567844342
771072,-0.0004308012576075271,0.514193810056895,-0.03707702559768222,0.00830078125,0.001067022210918367,0.00013072196620583716
772096,-6.212845619302243e-05,0.9516402310691774,-0.042087047069799155,0.0078125,0.0009310632885899395,0.0001306963645673323
773120,-0.00045983320160303265,0.8379995981231332,-0.04942794516682625,0.0185546875,0.0028999764326727018,0.00013067076292882742
774144,-0.0015160449256654829,0.13934370782226324,-0.028597024793270975,0.0146484375,0.001961484129424207,0.00013064516129032258
775168,-0.0010732301307143643,0.08634547691326588,-0.029548274864282575,0.01220703125,0.0014180429570842534,0.0001306195596518177
776192,0.0006893415120430291,0.06473995302803814,-0.02594187050999608,0.01904296875,0.004804196389159188,0.00013059395801331283
777216,0.0002710628177737817,0.05469404626637697,-0.02133728173066629,0.01513671875,0.003736719867447391,0.000130568356374808
778240,-0.0007330012740567327,0.09181068686302751,-0.01766227584630542,0.0087890625,0.006800031551392749,0.00013054275473630312
779264,0.001694385427981615,3.3957973569631577,-0.11600730265490711,0.03662109375,0.004947893219650723,0.00013051715309779824
780288,-0.002554026767029427,0.32874350890051574,-0.026471778328414075,0.0234375,0.005759879597462714,0.00013049155145929337
781312,-0.002468111561029218,0.48724315222352743,-0.04278069399879314,0.02392578125,0.004045581372338347,0.00013046594982078853
782336,4.7161622205749154e-05,0.1630989806726575,-0.027706379230949096,0.00830078125,0.0020933853375026956,0.00013044034818228366
783360,-0.002253558108350262,0.46557542914524674,-0.0386434567917604,0.01708984375,0.005344910197891295,0.00013041474654377878
784384,-0.0011851442977786064,0.3323991328943521,-0.03488222986925393,0.0263671875,0.009360940966871567,0.0001303891449052739
785408,0.0009087182115763426,0.4049152403604239,-0.027643744397209957,0.01318359375,0.00541274894203525,0.00013036354326676907
786432,-0.0012845236633438617,0.10950405127368867,-0.016286663521896116,0.009765625,0.001689775483100675,0.0001303379416282642
787456,1.306942431256175e-05,0.5077101201750338,-0.026810236631718,0.01025390625,0.0023228265636134893,0.00013031233998975932
788480,0.0010444337603985332,0.11408435087651014,-0.023300437998841517,0.0107421875,0.004776817833771929,0.00013028673835125448
789504,0.0008019646775210276,0.9821218973957002,-0.04595364921260625,0.01416015625,0.003229934343835339,0.0001302611367127496
790528,-0.00213608423655387,1.040749790146947,-0.04332409694325179,0.02587890625,0.004629668124835007,0.00013023553507424473
791552,-0.004390293514006771,0.8514746404252946,-0.05717241991078481,0.0224609375,0.003599518517148681,0.00013020993343573986
792576,0.0003301795804873109,0.486903685843572,-0.03016254468820989,0.01708984375,0.005484197594341822,0.00013018433179723502
793600,-0.0009899507858790457,0.07432115369010717,-0.030016050339327194,0.0107421875,0.003989921126049012,0.00013015873015873015
794624,-0.00022446388902608305,1.0407778797671199,-0.04941207717638463,0.013671875,0.0013771409721812233,0.00013013312852022527
795648,-0.0011155071115354076,0.12285389297176152,-0.023502618465499836,0.0087890625,0.002016214726609178,0.0001301075268817204
796672,0.00038092141039669514,0.5653865044005215,-0.03442201379220933,0.0234375,0.00595617774524726,0.00013008192524321556
797696,0.0016655589861329645,0.13954642042517662,-0.028214018922881223,0.01953125,0.004612034128513187,0.00013005632360471069
798720,-0.0018468504422344267,0.09505870915018022,-0.02833443827694282,0.01123046875,0.005224019609158859,0.0001300307219662058
799744,-0.001749902730807662,1.1772005688399076,-0.04634552099741995,0.01220703125,0.0021682947990484536,0.00013000512032770097
800768,-0.0007400255854008719,0.5339902671985328,-0.03663641010643914,0.0107421875,0.0018673781160032377,0.0001299795186891961
801792,-0.0002782938536256552,0.7655913317576051,-0.04436180484481156,0.01318359375,0.0012470522342482582,0.00012995391705069122
802816,-0.000991217719274573,0.433876465074718,-0.040962958184536546,0.009765625,0.0010658693936420605,0.00012992831541218638
803840,-0.0017047989313141443,0.42440036009065807,-0.044668288668617606,0.03564453125,0.007036148861516267,0.0001299027137736815
804864,-0.0004732242086902261,0.19177817227318883,-0.032962391662294976,0.01806640625,0.002466924677719362,0.00012987711213517664
805888,0.0008165392209775746,0.7163970458786935,-0.04828172322595492,0.01318359375,0.0010685427841963246,0.0001298515104966718
806912,-0.0013430146354949102,0.4546549771912396,-0.03701210909639485,0.01220703125,0.0019426466606091708,0.0001298259088581669
807936,-0.0016935812163865194,0.15340717579238117,-0.03033760969992727,0.0146484375,0.0025460384640609846,0.00012980030721966205
808960,0.0009173786966130137,0.1201580953784287,-0.028061743374564685,0.0107421875,0.0015019776910776272,0.00012977470558115718
809984,0.0031060332257766277,0.4100401410833001,-0.0421391079435125,0.01611328125,0.0035526198043953627,0.0001297491039426523
811008,0.0016839666932355613,0.09233027033042163,-0.03327049463405274,0.01708984375,0.00622225904953666,0.00012972350230414746
812032,-0.0019966383988503367,0.49821347324177623,-0.03731843794230372,0.02001953125,0.006019872424076311,0.0001296979006656426
813056,0.0011361215292708948,0.09841497731395066,-0.029163121100282297,0.01806640625,0.0035463905369397253,0.00012967229902713772
814080,-0.00021721399389207363,0.15645596757531166,-0.03555213724030182,0.02392578125,0.005976229353109375,0.00012964669738863287
815104,0.0022012447443557903,0.1395749991061166,-0.03190380390151404,0.01220703125,0.0037219858495518565,0.000129621095750128
816128,-0.0018222276721644448,0.7076649938244373,-0.045436671091010794,0.01416015625,0.0031080365151865408,0.00012959549411162313
817152,0.0002970939240185544,0.0977156733861193,-0.029737645309069194,0.01318359375,0.001944551127962768,0.00012956989247311828
818176,-0.0026424972602399066,1.219638337381184,-0.04721892563975416,0.02490234375,0.0038665106549160555,0.00012954429083461338
819200,-0.0015122423064894974,0.08451672166120261,-0.02945226435258519,0.00927734375,0.001443921704776585,0.00012951868919610854
820224,0.00025970101705752313,0.42609894881024957,-0.04170798147970345,0.021484375,0.005338535673217848,0.00012949308755760367
821248,-0.0014601252478314564,0.42478214344009757,-0.05010759015567601,0.01904296875,0.00342927104793489,0.0001294674859190988
822272,-0.0013309999339981005,0.29457191401161253,-0.043704378098482266,0.0224609375,0.006468505001976155,0.00012944188428059395
823296,-0.0028791607182938606,0.4308097795583308,-0.05593164189485833,0.0224609375,0.006204332981724292,0.00012941628264208908
824320,-0.0003345396326039918,0.11305779800750315,-0.031749535803101026,0.01904296875,0.007055354522890411,0.0001293906810035842
825344,-0.001283778779907152,0.09393290500156581,-0.02684879972548515,0.01220703125,0.005665150500135496,0.00012936507936507936
826368,-0.002550777076976374,3.9377417229115963,-0.18634406570345163,0.05810546875,0.005465204449137673,0.0001293394777265745
827392,-0.0011856578857987188,0.6315000518225133,-0.046302665170514956,0.01611328125,0.001720766769722104,0.00012931387608806962
828416,-0.003325307072373107,0.07819989777635783,-0.03596460208063945,0.02099609375,0.002806366901495494,0.00012928827444956477
829440,0.0011359915370121598,0.07451624528039247,-0.023891717581136618,0.0107421875,0.0034818691201508045,0.00012926267281105987
830464,0.002940236372523941,1.5956372115761042,-0.07457182509824634,0.03857421875,0.007538159959949553,0.00012923707117255503
831488,-0.0012312763865338638,0.7937258402816951,-0.04277487361105159,0.01904296875,0.0032314415730070323,0.00012921146953405016
832512,-0.0017273177218157798,0.06912015692796558,-0.027126106011564843,0.0087890625,0.002723930956562981,0.00012918586789554528
833536,0.0019850906828651205,0.980971738230437,-0.052843495534034446,0.02294921875,0.0038522394752362743,0.00012916026625704044
834560,-0.002450543222948909,1.1696680737659335,-0.04096739008673467,0.02392578125,0.0038350282120518386,0.00012913466461853557
835584,-0.0014951241028029472,0.22090612165629864,-0.028106105641199974,0.0107421875,0.00454748394258786,0.0001291090629800307
836608,-0.0009322636979050003,0.4459234077949077,-0.031050462246639654,0.00341796875,0.0004153353947913274,0.00012908346134152585
837632,-0.0010410739632789046,0.11469591595232487,-0.03526351826803875,0.0146484375,0.002425056474748999,0.00012905785970302098
838656,-0.0015923767787171528,1.306396839208901,-0.04116186228930019,0.00927734375,0.0012707470159512013,0.0001290322580645161
839680,-0.0014625491239712574,0.7140231211669743,-0.04278178635286167,0.0146484375,0.003378200897714123,0.00012900665642601126
840704,-0.0012535795103758574,0.10047331475652754,-0.03522014437476173,0.0146484375,0.00525610736804083,0.0001289810547875064
841728,-0.0017797467589844018,0.659998144954443,-0.04227134078973904,0.01171875,0.0021949996444163844,0.00012895545314900152
842752,-0.0021923998574493453,0.4555625105276704,-0.04256238634116016,0.02685546875,0.002606507172458805,0.00012892985151049665
843776,0.0009759814711287618,1.1381872724741697,-0.05559416604228318,0.01611328125,0.005030624117353,0.0001289042498719918
844800,-0.00013010059774387628,1.0910071739926934,-0.03401117995963432,0.02880859375,0.007545006650616415,0.00012887864823348693
845824,0.0015112745604710653,0.4022804545238614,-0.040037650062004104,0.01171875,0.002462565462337807,0.00012885304659498206
846848,-0.0011712791601894423,0.11015733191743493,-0.03517922259925399,0.0126953125,0.002254159626318142,0.00012882744495647719
847872,0.0006701818929286674,0.15161349228583276,-0.03463842981000198,0.0146484375,0.003859536474919878,0.00012880184331797234
848896,0.0019430342363193631,0.0676074008224532,-0.02273263422830496,0.01171875,0.00253785090171732,0.00012877624167946747
849920,-0.00015289499424397945,0.11514696665108204,-0.02512572830892168,0.01220703125,0.003936874563805759,0.0001287506400409626
850944,-0.0030216425948310643,0.6149559705518186,-0.05685118562541902,0.0341796875,0.00731083496066276,0.00012872503840245775
851968,0.000693206733558327,0.5392785402946174,-0.034941573278047144,0.01220703125,0.002644888576469384,0.00012869943676395288
852992,-0.005457089835545048,1.039858490228653,-0.05315375351347029,0.02734375,0.0037997714534867555,0.000128673835125448
854016,-0.0012576230219565332,0.11710783839225769,-0.030728376332262997,0.01953125,0.005512054878636263,0.00012864823348694316
855040,0.0006342103879433125,0.4768735433463007,-0.038202939700568095,0.017578125,0.003151652927044779,0.0001286226318484383
856064,-0.003534916992066428,0.07979429792612791,-0.03318830240459647,0.0224609375,0.011747205659048632,0.00012859703020993342
857088,-0.0008917703962652013,0.5579603533260524,-0.03752104927843902,0.02392578125,0.004262210612068884,0.00012857142857142858
858112,-0.00023054583289194852,0.13470681034959853,-0.03225614011171274,0.009765625,0.004293496880563907,0.00012854582693292368
859136,0.00012969676754437387,0.28618146548978984,-0.03031271236250177,0.01611328125,0.0023216560657601804,0.00012852022529441883
860160,-0.0014383294765138999,0.11745001387316734,-0.027305424518999644,0.0078125,0.0030323233222588897,0.00012849462365591396
861184,-0.00040835083927959204,0.12801887944806367,-0.03338912420440465,0.01806640625,0.0041065342229558155,0.0001284690220174091
862208,-0.0009698396315798163,0.09939508070237935,-0.02168652551335981,0.01220703125,0.003202162726665847,0.00012844342037890424
863232,-0.0008181276207324117,0.5303636270109564,-0.028459172521252185,0.01416015625,0.0015687414415879175,0.00012841781874039937
864256,-0.0020134421210968867,0.504444264806807,-0.027591601574386004,0.01171875,0.001262218240299262,0.0001283922171018945
865280,-0.0011160177236888558,0.9473716160282493,-0.036992967885453254,0.01708984375,0.00425540549622383,0.00012836661546338965
866304,-0.002906237612478435,0.053623348590917885,-0.029889078519772738,0.01904296875,0.005818277655635029,0.00012834101382488478
867328,0.0015599144462612458,0.1828701312188059,-0.03296735099866055,0.021484375,0.01049977247021161,0.0001283154121863799
868352,-0.001193384756334126,0.5275796102359891,-0.03498380910605192,0.017578125,0.004163000310654752,0.00012828981054787507
869376,8.790966239757836e-05,0.12365382700227201,-0.03201934663229622,0.0078125,0.0019784095347858965,0.0001282642089093702
870400,-0.0016302106814691797,0.4812466721050441,-0.04348853693227284,0.01708984375,0.00413476511312183,0.00012823860727086532
871424,-0.0004156851500738412,0.08833392313681543,-0.030987918726168573,0.017578125,0.0030730185826541856,0.00012821300563236045
872448,-0.0015041530568851158,0.4080886482261121,-0.03605556697584689,0.01953125,0.0032815225276863202,0.00012818740399385558
873472,-0.008431006514001638,0.6991576112341136,-0.04465354196145199,0.02880859375,0.00841236645646859,0.00012816180235535073
874496,-5.9486308600753546e-05,0.48697609174996614,-0.0362341056461446,0.0205078125,0.009706080571049824,0.00012813620071684586
875520,0.004134812712436542,0.4177438549231738,-0.047348403139039874,0.01953125,0.006373028954840265,0.000128110599078341
876544,-0.001649353071115911,1.032019782345742,-0.056744825502391905,0.01904296875,0.0029499090742319822,0.00012808499743983615
877568,-0.0010563797841314226,0.3433134884107858,-0.032127896512974985,0.01611328125,0.004537127271760255,0.00012805939580133127
878592,-0.002626739355036989,0.3331170557066798,-0.048536016343859956,0.0224609375,0.0032907997519942,0.0001280337941628264
879616,-0.0009535989374853671,0.10750891885254532,-0.038979515520622954,0.02734375,0.0065011895494535565,0.00012800819252432156
880640,0.0006636665493715554,0.12029097217600793,-0.02560416979395086,0.0078125,0.001481712970416993,0.00012798259088581668
881664,0.0005830148875247687,0.3846719809807837,-0.025143259932519868,0.009765625,0.004055600278661586,0.0001279569892473118
882688,4.7818481107242405e-05,0.15273180161602795,-0.03494607801258098,0.01953125,0.0062840690079610795,0.00012793138760880694
883712,0.005900599935557693,0.4495062280911952,-0.03790950601978693,0.01953125,0.0067239599011372775,0.0001279057859703021
884736,0.0006201531505212188,0.19441331829875708,-0.031339756678789854,0.009765625,0.006277547727222554,0.00012788018433179722
885760,-6.475899135693908e-05,0.8392527704127133,-0.04245169321075082,0.00732421875,0.0008519761613570154,0.00012785458269329235
886784,0.004464392550289631,0.11299182497896254,-0.027683520303980913,0.02099609375,0.01413659326499328,0.00012782898105478748
887808,-0.0019957838230766356,0.5704871523194015,-0.02585326982080005,0.009765625,0.002369491892750375,0.00012780337941628264
888832,-0.0017957511445274577,0.9962992388755083,-0.037517367978580296,0.01171875,0.0031541328789899126,0.00012777777777777776
889856,0.000435810157796368,0.3125552455894649,-0.02606002876564162,0.01123046875,0.0032585794397164136,0.0001277521761392729
890880,0.0004957195196766406,0.08079399459529668,-0.02791793315918767,0.01025390625,0.0017462224059272557,0.00012772657450076805
891904,0.003613877110183239,0.699432679452002,-0.04158815820119344,0.02392578125,0.0047321654128609225,0.00012770097286226317
892928,0.004038526167278178,0.08105541055556387,-0.02618733813869767,0.0185546875,0.00365919953037519,0.0001276753712237583
893952,-0.0012591233535204083,0.11508500820491463,-0.02390557251055725,0.00927734375,0.001558824529638514,0.00012764976958525343
894976,0.000303101260215044,0.6843040478415787,-0.041926143152522855,0.02880859375,0.004967686254531145,0.00012762416794674859
896000,-0.0005415189370978624,0.3692907749209553,-0.024766909235040657,0.0185546875,0.007547868124675006,0.00012759856630824371
897024,-0.0013813358382321894,0.3588686157017946,-0.03933855827199295,0.01220703125,0.0014763799699721858,0.00012757296466973884
898048,-0.0015845585439819843,0.07328029803466052,-0.023623123302968452,0.013671875,0.002316786878509447,0.000127547363031234
899072,0.0005325091624399647,0.06514323141891509,-0.020676471219871928,0.0087890625,0.0009686558623798192,0.00012752176139272913
900096,1.0020434274338186e-05,0.07296847517136484,-0.022797626923420466,0.009765625,0.00762638462765608,0.00012749615975422425
901120,-0.002967842076031957,0.4083598202560097,-0.03934570116689429,0.0224609375,0.00575570082582999,0.00012747055811571938
902144,-0.001172389165731147,0.6548594445921481,-0.035217765369452536,0.01318359375,0.001572945126099512,0.00012744495647721454
903168,-0.0009606896783225238,0.7544770743697882,-0.02592792392533738,0.01025390625,0.003254275827202946,0.00012741935483870967
904192,-0.001201352381031029,0.0821840608259663,-0.027514868619618937,0.02099609375,0.009676973888417706,0.0001273937532002048
905216,-0.0004078323545400053,0.39246278419159353,-0.028724449410219677,0.005859375,0.0007627323502674699,0.00012736815156169995
906240,-0.00253081921255216,1.0354777267202735,-0.05052030959632248,0.02197265625,0.002857666651834734,0.00012734254992319508
907264,0.01020554058777634,1.6076722703874111,-0.05002573423553258,0.0322265625,0.0076122808968648314,0.0001273169482846902
908288,-0.002507277618860826,0.7506325622089207,-0.030325462284963578,0.0166015625,0.0059343600878492,0.00012729134664618536
909312,0.00020976673113182187,0.12652160204015672,-0.024554782430641353,0.01025390625,0.0026180552813457325,0.0001272657450076805
910336,-0.0025532458821544424,0.4093867053743452,-0.029522381082642823,0.0078125,0.001994329199078493,0.00012724014336917562
911360,-0.0009562496124999598,0.1531449358444661,-0.02658434225304518,0.01220703125,0.005536866054171696,0.00012721454173067074
912384,0.0006211821601027623,0.3506959800142795,-0.02882956127905345,0.01513671875,0.002787169854855165,0.0001271889400921659
913408,-0.0001241795689566061,0.1759039529133588,-0.02825234897318296,0.01611328125,0.0027301219961373135,0.00012716333845366103
914432,-0.0001445374364266172,0.11420790269039571,-0.027396522840717807,0.013671875,0.002187990176025778,0.00012713773681515616
915456,-0.0004432761197676882,0.07142755237873644,-0.01984585610262002,0.01123046875,0.0032514842168893665,0.00012711213517665128
916480,-0.002709645574213937,0.6303541669622064,-0.04881506453966722,0.03271484375,0.007646928745089099,0.00012708653353814644
917504,0.0014263179182307795,0.08571422763634473,-0.03084330350975506,0.013671875,0.002960213998449035,0.00012706093189964157
918528,-0.0009194056765409186,0.10394288518000394,-0.02768362766073551,0.00927734375,0.001783655141480267,0.0001270353302611367
919552,-0.0002609232906252146,0.7086925525218248,-0.044384635461028665,0.01025390625,0.0031094458827283233,0.00012700972862263185
920576,-0.0020966604351997375,0.6099566351622343,-0.039545410429127514,0.0126953125,0.002482021998730488,0.00012698412698412698
921600,-0.0009313678892794997,0.4339896480087191,-0.03821987973060459,0.009765625,0.0019192163163097575,0.0001269585253456221
922624,0.000501690294186119,0.3352639100048691,-0.035671276156790555,0.01416015625,0.003493455864372663,0.00012693292370711723
923648,-0.0011598457786021754,0.1757505084387958,-0.03409139107679948,0.0107421875,0.00432021108281333,0.0001269073220686124
924672,-0.001484618172980845,0.43824590812437236,-0.036006854148581624,0.01611328125,0.005659109621774405,0.00012688172043010752
925696,-0.002124569844454527,0.38778956211172044,-0.04533197672571987,0.02392578125,0.0032227100455202162,0.00012685611879160265
926720,-0.0006286071438807994,0.17426741402596235,-0.023269079509191215,0.013671875,0.004738980409456417,0.0001268305171530978
927744,0.0002558661508373916,0.3276992959436029,-0.023305532275117002,0.013671875,0.0029777130112051964,0.00012680491551459293
928768,-0.0014729967224411666,0.41578992269933224,-0.024093282227113377,0.01416015625,0.004840541892917827,0.00012677931387608806
929792,7.259583799168468e-05,0.22934411372989416,-0.029582785448837967,0.01708984375,0.006277633961872198,0.0001267537122375832
930816,-0.005887462320970371,0.8716825153678656,-0.04420455533545464,0.02099609375,0.0029578776156995445,0.00012672811059907834
931840,0.0006992084672674537,0.5840787934139371,-0.039289952954277396,0.013671875,0.0016924248484428972,0.00012670250896057347
932864,0.0034812707745004445,0.10279058455489576,-0.029148717600037344,0.0205078125,0.004180184652796015,0.0001266769073220686
933888,-0.0016307937330566347,0.6487382459454238,-0.038628642505500466,0.0205078125,0.0043055385031038895,0.00012665130568356373
934912,0.0002201219176640734,0.6664357327390462,-0.0291873304231558,0.013671875,0.0017713489069137722,0.00012662570404505888
935936,-0.0003208469715900719,0.0762936461251229,-0.022467619157396257,0.0087890625,0.0013574000622611493,0.000126600102406554
936960,-0.0017614639509702101,0.09518552559893578,-0.02603485042163811,0.01708984375,0.005571467016125098,0.00012657450076804914
937984,0.0004609537427313626,0.5560303062666208,-0.02883234825276304,0.015625,0.006285732088144869,0.0001265488991295443
939008,0.0017380433273501694,1.0583398924209177,-0.049503211077535525,0.00830078125,0.001525108702480793,0.00012652329749103942
940032,-0.000399782438762486,0.34770269808359444,-0.033015588560374454,0.01220703125,0.0017233757389476523,0.00012649769585253455
941056,-0.0012107596267014742,0.1694282186217606,-0.036632558185374364,0.01416015625,0.007205598711152561,0.0001264720942140297
942080,-0.0002634002739796415,0.6356462882831693,-0.050679502717684954,0.02880859375,0.0074515340238576755,0.00012644649257552483
943104,-0.0019512799917720258,0.5608551572076976,-0.03769562003435567,0.015625,0.0035862147487932816,0.00012642089093701996
944128,0.0008242847980000079,0.11092161573469639,-0.02967066906421678,0.01123046875,0.002830887315212749,0.00012639528929851511
945152,-0.00038465660327346995,0.09161832567770034,-0.025874998957078787,0.017578125,0.002975044830236584,0.00012636968766001022
946176,-0.0012360740365693346,0.5499463211745024,-0.04299574138713069,0.0126953125,0.0017300904437433928,0.00012634408602150537
947200,-0.0006809872720623389,0.09411388146691024,-0.027054820740886498,0.01953125,0.007852729890146293,0.0001263184843830005
948224,-0.0021688863052986562,0.5151523263193667,-0.035413001307460945,0.01708984375,0.003191106574377045,0.00012629288274449563
949248,-0.0010475815361132845,0.38023926806636155,-0.044095518765971065,0.017578125,0.0028277008241275325,0.00012626728110599078
950272,-0.0004220770642859861,0.10179469257127494,-0.026974642591085285,0.0087890625,0.0021264404495013878,0.0001262416794674859
951296,0.007385687553323805,1.0264574587345123,-0.055750842846464366,0.02880859375,0.005032696877606213,0.00012621607782898104
952320,-5.6229764595627785e-06,0.3738412207458168,-0.033731198258465156,0.01806640625,0.00611956296779681,0.0001261904761904762
953344,-0.0020863779791397974,0.7223330554552376,-0.04942741256672889,0.01611328125,0.003433398873312399,0.00012616487455197132
954368,-0.00019782059825956821,0.10079752351157367,-0.021081715705804527,0.0126953125,0.006680695325485431,0.00012613927291346645
955392,-0.003943850693758577,0.3774198091123253,-0.04525575568550266,0.0205078125,0.00447424830053933,0.0001261136712749616
956416,-0.0017388745618518442,0.9100829069502652,-0.04820579302031547,0.01171875,0.0009745083516463637,0.0001260880696364567
957440,0.0003081815884797834,0.0939135547960177,-0.024619372270535678,0.0146484375,0.003674516105093062,0.00012606246799795186
958464,-0.0011983145304839127,0.6888346448540688,-0.040381048776907846,0.0126953125,0.001248044747626409,0.000126036866359447
959488,0.00712103811383713,1.08840798959136,-0.07948935078456998,0.04541015625,0.007321189608774148,0.00012601126472094212
960512,0.0011857841891469434,0.10635431529954076,-0.031771846654010005,0.0107421875,0.001264852238819003,0.00012598566308243727
961536,-0.002932217365014367,1.5078086704015732,-0.07269066956359893,0.0361328125,0.0047984213451854885,0.0001259600614439324
962560,-0.0012147455927333795,0.2834770595654845,-0.033870274492073804,0.01025390625,0.0016539515781914815,0.00012593445980542753
963584,-0.0007615091453772038,0.1063970597460866,-0.025919461957528256,0.00732421875,0.0017490583413746208,0.00012590885816692268
964608,-0.0017435987829230726,1.3072314262390137,-0.05911262263543904,0.0224609375,0.00230002032185439,0.0001258832565284178
965632,-0.0014673571567982435,0.6553418287076056,-0.035953002399764955,0.0107421875,0.002170578416553326,0.00012585765488991294
966656,0.00011591593647608534,0.11676444043405354,-0.0349924489564728,0.01806640625,0.00965831262874417,0.0001258320532514081
967680,-0.0009404664160683751,0.38976513873785734,-0.03661913124960847,0.01953125,0.003490671733743511,0.00012580645161290322
968704,-0.0029911725141573697,0.6099601569585502,-0.044897527259308845,0.0107421875,0.0035573750792536885,0.00012578084997439835
969728,-0.0007147861178964376,0.6247194232419133,-0.03839492751285434,0.01318359375,0.0031680163519922644,0.00012575524833589348
970752,0.0007159903325373307,0.10370085341855884,-0.02342619075352559,0.01611328125,0.003583010853617452,0.00012572964669738863
971776,-0.0012313357292441651,0.6511846710927784,-0.03566581680206582,0.01123046875,0.0014779452030779794,0.00012570404505888376
972800,-0.0021288282878231257,0.1287763079162687,-0.035010302599403076,0.015625,0.0031984852685127407,0.0001256784434203789
973824,-0.006009965014527552,0.8180295526981354,-0.05512856796849519,0.02783203125,0.005503712178324349,0.00012565284178187402
974848,-0.002329908231331501,0.7552084233611822,-0.04929151706164703,0.0146484375,0.0016503067454323173,0.00012562724014336917
975872,-0.0031377296400023624,0.6514955097809434,-0.04575930489227176,0.0205078125,0.004902656059130095,0.0001256016385048643
976896,9.232782758772373e-05,0.1483967483509332,-0.025820614264375763,0.01513671875,0.005977090331725776,0.00012557603686635943
977920,-0.000942587445024401,0.232760050566867,-0.03405686593760038,0.00830078125,0.002187099409638904,0.00012555043522785459
978944,-0.0017257505969610065,0.14270585775375366,-0.037303411052562296,0.01123046875,0.0011395122128305957,0.00012552483358934971
979968,-0.0007502659282181412,0.22424379480071366,-0.029958210070617497,0.01953125,0.005435693543404341,0.00012549923195084484
980992,0.0007618211529916152,0.5634005544707179,-0.0386406690813601,0.015625,0.002296351143741049,0.00012547363031234
982016,-0.0001033685402944684,0.11206296226009727,-0.03098430707177613,0.0126953125,0.004147582847508602,0.00012544802867383513
983040,-0.0022612021421082318,0.07456697209272534,-0.03857690331642516,0.01708984375,0.0018107117939507589,0.00012542242703533025
984064,-0.001775965138222091,0.2827974893152714,-0.040098519559251145,0.01416015625,0.002466775302309543,0.0001253968253968254
985088,-0.001103830203646794,0.5357173481024802,-0.03862986378953792,0.0166015625,0.001831290137488395,0.0001253712237583205
986112,-0.002295471669640392,0.2825077024754137,-0.04184139025164768,0.0283203125,0.008839228306896985,0.00012534562211981566
987136,0.0002910668554250151,0.20064784470014274,-0.038166250742506236,0.01708984375,0.0030452675273409113,0.0001253200204813108
988160,0.0011616629781201482,1.2511117169633508,-0.07324355805758387,0.025390625,0.003180049854563549,0.00012529441884280592
989184,-0.002724857477005571,1.0099071115255356,-0.07535038492642343,0.02734375,0.0020277063886169344,0.00012526881720430108
990208,0.00014584333985112607,0.612589577678591,-0.0484077634755522,0.0283203125,0.005823887622682378,0.0001252432155657962
991232,-0.0014499649696517736,1.3913692031055689,-0.06892830377910286,0.03955078125,0.006130898240371607,0.00012521761392729133
992256,-0.001046739926096052,0.09630199440289289,-0.03904657732346095,0.01953125,0.003300965443486348,0.0001251920122887865
993280,-0.002763289667200297,0.3566337984520942,-0.044537435576785356,0.02099609375,0.007577125943498686,0.00012516641065028162
994304,-0.0005229791204328649,0.337688394356519,-0.03895401072804816,0.013671875,0.0012019915302516893,0.00012514080901177674
995328,-0.0005730601842515171,0.6919577210210264,-0.04486309678759426,0.01416015625,0.0014511723129544407,0.0001251152073732719
996352,-0.0031462764745811,0.31558110378682613,-0.03824114648159593,0.01123046875,0.002593209210317582,0.000125089605734767
997376,0.00039393940824083984,0.15510253887623549,-0.024668786529218778,0.01318359375,0.003536138028721325,0.00012506400409626216
998400,-0.001554279777337797,0.11098063783720136,-0.03046595078194514,0.01025390625,0.0019867304508807138,0.00012503840245775728
999424,-0.0015583788190269843,0.18628982198424637,-0.030830844661977608,0.0166015625,0.004903597378870472,0.0001250128008192524
1000448,0.001949299476109445,0.7733495472930372,-0.06407519296044484,0.02392578125,0.003561777120921761,0.00012498719918074757
1001472,-0.0007125275442376733,0.3508850128855556,-0.05021111684618518,0.0185546875,0.0023482595133828,0.0001249615975422427
1002496,0.015895526739768684,0.7646387838758528,-0.05861044209450483,0.0205078125,0.004524642514297739,0.00012493599590373782
1003520,-0.000706032253219746,0.2648880216293037,-0.03487038845196366,0.021484375,0.005416340412921272,0.00012491039426523298
1004544,-0.003672512073535472,0.551070780493319,-0.056343751901295036,0.015625,0.0021075749245937914,0.0001248847926267281
1005568,-0.0004985785781173036,0.29986022505909204,-0.038992745423456654,0.0087890625,0.001210301066748798,0.00012485919098822323
1006592,-0.00014148169429972768,0.5768229174427688,-0.049354125920217484,0.0166015625,0.002755432578851469,0.0001248335893497184
1007616,0.003195633937139064,0.4699037899263203,-0.0469433250837028,0.0166015625,0.006442686164518818,0.0001248079877112135
1008640,-1.5454235835932195e-05,0.09750907809939235,-0.03346250162576325,0.0126953125,0.00324935645039659,0.00012478238607270865
1009664,-0.001527571221231483,0.16537499008700252,-0.029369095827860292,0.0126953125,0.004677960983826779,0.00012475678443420377
1010688,-0.0012741185637423769,0.3404005242045969,-0.036421271855942905,0.0146484375,0.0024064071767497808,0.0001247311827956989
1011712,-8.125512977130711e-05,0.30206857062876225,-0.034195959342468996,0.0126953125,0.006524070995510556,0.00012470558115719406
1012736,-0.0014243519399315119,0.061499544768594205,-0.02991104853572324,0.01123046875,0.006109044887125492,0.00012467997951868919
1013760,-2.0208099158480763e-05,0.0841954400530085,-0.029858784575480968,0.017578125,0.003399388660909608,0.0001246543778801843
1014784,-0.0030278357589850202,0.9165923586115241,-0.05239134901785292,0.02099609375,0.0044197418610565364,0.00012462877624167947
1015808,0.0009888123022392392,0.33408516575582325,-0.040624618442961946,0.0224609375,0.009991878119762987,0.0001246031746031746
1016832,-0.000792873470345512,0.9382660510018468,-0.06947396800387651,0.03662109375,0.005403071118053049,0.00012457757296466972
1017856,-8.863375114742666e-05,0.12787986313924193,-0.03010954953788314,0.0107421875,0.0015609197871526703,0.00012455197132616488
1018880,-0.002498099667718634,0.07111969916149974,-0.02394248104246799,0.01171875,0.00166403861658182,0.00012452636968766
1019904,-0.001433491284842603,0.2519403165206313,-0.03075567408814095,0.01953125,0.00801587599562481,0.00012450076804915514
1020928,-0.0035378212269279175,0.32883873651735485,-0.03309471868124092,0.02099609375,0.0036016407830175012,0.00012447516641065026
1021952,-0.0007223651045933366,0.7983189402148128,-0.04081307251180988,0.0146484375,0.005258782781311311,0.00012444956477214542
1022976,-0.003347177836985793,0.34010700788348913,-0.03800519532524049,0.0234375,0.008168398577254266,0.00012442396313364055
1024000,-0.003422723508265335,0.11023060535080731,-0.030990711587946862,0.02197265625,0.006245655516977422,0.00012439836149513568
1025024,-0.00016145377594511956,0.08929893048480153,-0.0319323282019468,0.01708984375,0.0029399200866464525,0.0001243727598566308
1026048,0.0013544372777687386,0.07203139271587133,-0.02579140921443468,0.009765625,0.0033301159273833036,0.00012434715821812596
1027072,-0.00046952892444096506,0.061607963929418474,-0.02359379480185453,0.00390625,0.0012000185233773664,0.0001243215565796211
1028096,-0.0021204665099503472,0.530200331704691,-0.03287698398344219,0.01513671875,0.005001596873626113,0.00012429595494111622
1029120,0.00020378503540996462,0.20029027364216745,-0.03232632746221498,0.01220703125,0.004058954567881301,0.00012427035330261137
1030144,-0.0012313173683651257,0.08017195633146912,-0.027837331042974256,0.0166015625,0.0032931834284681827,0.0001242447516641065
1031168,-0.0004364457563497126,0.6437813630327582,-0.029767505897325464,0.017578125,0.0025733976654009894,0.00012421915002560163
1032192,-0.0010468396358191967,0.4703437085263431,-0.04109602322569117,0.01806640625,0.001902218980831094,0.00012419354838709675
1033216,-0.0006054131663404405,0.5087176719680429,-0.044047643066733144,0.01953125,0.0028518869512481615,0.0001241679467485919
1034240,-0.00045700353803113103,0.43231964367441833,-0.03178412410488818,0.01318359375,0.0020202112500555813,0.00012414234511008704
1035264,-0.0026958787348121405,0.8503146637231112,-0.03145622384909075,0.01611328125,0.002712253713980317,0.0001241167434715822
1036288,-0.0005168643256183714,0.4096683468669653,-0.03380492277210578,0.02099609375,0.00821283042023424,0.0001240911418330773
1037312,-0.001484371692640707,0.14048913773149252,-0.030773336795391515,0.013671875,0.0043397924600867555,0.00012406554019457245
1038336,-0.00016984147077891976,0.14036044175736606,-0.022353320731781423,0.01513671875,0.003541997284628451,0.00012403993855606758
1039360,-0.0015142235497478396,0.40729552740231156,-0.033024728210875764,0.01513671875,0.011529535287991166,0.0001240143369175627
1040384,0.00044835725566372275,0.5921703530475497,-0.039862316189100966,0.00830078125,0.0006032956589478999,0.00012398873527905786
1041408,-0.0015244209353113547,0.8786893961951137,-0.05130027432460338,0.03662109375,0.005362745374441147,0.000123963133640553
1042432,-0.00013963707897346467,0.15315843117423356,-0.022775906181777827,0.0107421875,0.0023947885347297415,0.00012393753200204812
1043456,0.000788614634075202,0.12955557380337268,-0.026400777911476325,0.01025390625,0.0029204671300249174,0.00012391193036354327
1044480,-0.00294963555643335,0.47682863660156727,-0.04432747361715883,0.0224609375,0.007422030394081958,0.0001238863287250384
1045504,-0.0012598316388903186,0.09640749893151224,-0.027894551953068003,0.00732421875,0.0008624313195468858,0.00012386072708653353
1046528,-0.0010342587193008512,0.0822934303432703,-0.025934676797078282,0.01171875,0.0054456902435049415,0.00012383512544802868
1047552,-0.00042938180558849126,0.09875969588756561,-0.03203779587056488,0.01416015625,0.0017845617840066552,0.00012380952380952378
1048576,0.00020118089742027223,0.506611532298848,-0.04361153474019375,0.02099609375,0.003449629482929595,0.00012378392217101894
1049600,-0.002127241183188744,0.1104760046582669,-0.031114364275708795,0.01171875,0.0016141522937687114,0.00012375832053251407
1050624,0.0011807088740170002,0.8160966327413917,-0.045516985992435366,0.015625,0.014114797653746791,0.0001237327188940092
1051648,-0.0007071947038639337,0.1542383844498545,-0.03863437373365741,0.02587890625,0.005699672445189208,0.00012370711725550435
1052672,-0.0011491459736134857,0.9478336721658707,-0.05170027998974547,0.02099609375,0.0027626136579783633,0.00012368151561699948
1053696,-0.0032672130910214037,0.6353106838651001,-0.053470227896468714,0.03076171875,0.004786408200743608,0.0001236559139784946
1054720,0.0023533522471552715,1.0045993686653674,-0.051404800498858094,0.015625,0.004026171562145464,0.00012363031233998976
1055744,0.0005614531692117453,0.13883126818109304,-0.03787876179558225,0.02587890625,0.009997567220125347,0.0001236047107014849
1056768,-0.0014744681830052286,0.22270579915493727,-0.024052709341049194,0.0126953125,0.0052619196503655985,0.00012357910906298002
1057792,-0.0027702095976565033,0.3621104289777577,-0.03549416342866607,0.01220703125,0.0019324027671245858,0.00012355350742447517
1058816,-0.0012278821086511016,0.1016085302690044,-0.028430417383788154,0.01513671875,0.0032510602613911033,0.00012352790578597027
1059840,-0.0002903780259657651,0.15848053246736526,-0.02703361694875639,0.00390625,0.0013608448498416692,0.00012350230414746543
1060864,0.007877122494392097,5.15255256742239,-0.22033476922661066,0.13037109375,0.017320873448625207,0.00012347670250896056
1061888,-0.0013636244111694396,0.09676640073303133,-0.03524646408914123,0.01953125,0.004830277059227228,0.00012345110087045569
1062912,-0.0006917513528605923,0.4440385033376515,-0.036865353511529975,0.01220703125,0.0019055786542594433,0.00012342549923195084
1063936,-0.0013632071713800542,0.08839935285504907,-0.02273006290124613,0.01513671875,0.0027995744021609426,0.00012339989759344597
1064960,-0.0016892580752028152,0.4734295136295259,-0.03833719462272711,0.0078125,0.0025934280565707013,0.0001233742959549411
1065984,-0.0026724192430265248,0.1430873137433082,-0.025535331637001946,0.01025390625,0.003854554975987412,0.00012334869431643625
1067008,-0.001368148237816058,0.3940973528660834,-0.04722890834091231,0.01220703125,0.0014892651815898716,0.00012332309267793138
1068032,-0.001012576642096974,0.0931354813510552,-0.03597142660873942,0.01416015625,0.0013853277923772112,0.0001232974910394265
1069056,-0.0014807162078795955,0.15683057950809598,-0.036182771174935624,0.013671875,0.0027048703050240874,0.00012327188940092166
1070080,-0.0017483059782534838,0.748282658867538,-0.042277409724192694,0.01171875,0.0012694240285782143,0.0001232462877624168
1071104,-0.0007364319899352267,0.3644071442540735,-0.04547912790440023,0.015625,0.0017437229689676315,0.00012322068612391192
1072128,0.00016110786236822605,0.8231041980907321,-0.04694412148091942,0.01123046875,0.0033221810299437493,0.00012319508448540705
1073152,-0.003869494641548954,0.36387752275913954,-0.03696186808519997,0.0185546875,0.006885800132295117,0.0001231694828469022
1074176,-0.00012292515020817518,0.06982262211386114,-0.032274129218421876,0.0126953125,0.00295626038860064,0.00012314388120839733
1075200,-0.0005416376661742106,0.11169836390763521,-0.0336326138858567,0.0087890625,0.00161195189866703,0.00012311827956989246
1076224,-0.002270004290039651,0.5100431733299047,-0.030163052753778175,0.0126953125,0.003548172113369219,0.0001230926779313876
1077248,-0.0010877441673073918,0.17435249127447605,-0.028698649432044476,0.017578125,0.0034988733823411167,0.00012306707629288274
1078272,-0.0006208488484844565,0.12355127092450857,-0.02741024769784417,0.01171875,0.004987643915228546,0.00012304147465437787
1079296,-0.004777646216098219,0.6591804875060916,-0.04219392072991468,0.02392578125,0.002761718336842023,0.000123015873015873
1080320,-0.0004838014137931168,0.6276735160499811,-0.040205728117143735,0.0126953125,0.003946691998862661,0.00012299027137736815
1081344,-0.0004225485899951309,0.1075960990274325,-0.027438757930212887,0.0126953125,0.0012633832666324452,0.00012296466973886328
1082368,-0.0005044873687438667,0.6253779665566981,-0.03829405739088543,0.0078125,0.0008599540014984086,0.0001229390681003584
1083392,-0.0004657222016248852,0.47416778514161706,-0.03135617160296533,0.01025390625,0.004683779159677215,0.00012291346646185354
1084416,-0.0010879107867367566,0.12461178796365857,-0.036682345205917954,0.0166015625,0.0038317457801895216,0.0001228878648233487
1085440,-0.0023566903255414218,0.07308738154824823,-0.03035220747551648,0.02099609375,0.0047792269178899005,0.00012286226318484382
1086464,-0.0008789650892140344,0.6387914014048874,-0.04467185906833038,0.013671875,0.004745980215375312,0.00012283666154633895
1087488,0.0014421717496588826,0.5040773530490696,-0.046032020007260144,0.0185546875,0.0025933576107490808,0.00012281105990783408
1088512,-0.0012775333307217807,0.2572378162294626,-0.027519021154148504,0.0087890625,0.001993910496821627,0.00012278545826932923
1089536,-0.0009914136389852501,0.3914529047906399,-0.03543158163665794,0.02001953125,0.002577674124040641,0.00012275985663082436
1090560,0.0007790973322698846,1.0856779413297772,-0.05095773778157309,0.02587890625,0.003948181489249691,0.0001227342549923195
1091584,-0.005485854941071011,0.9227510741911829,-0.05254145746584982,0.015625,0.012747191736707464,0.00012270865335381465
1092608,0.0015967009676387534,0.08247872500214726,-0.027174717601155862,0.01220703125,0.003373463579919189,0.00012268305171530977
1093632,0.00015917321434244514,0.06638236355502158,-0.022323691082419828,0.01318359375,0.002214194304542616,0.0001226574500768049
1094656,0.0006745055434294045,0.06647378683555871,-0.026893893780652434,0.0087890625,0.0021498562855413184,0.00012263184843830006
1095680,-0.00044644517765846103,0.22089143749326468,-0.03251171126612462,0.01953125,0.00978098064661026,0.00012260624679979518
1096704,-0.00023146854800870642,0.08340113249141723,-0.024334549692866858,0.00732421875,0.001828133434173651,0.0001225806451612903
1097728,-0.00036152654502075166,1.165098326280713,-0.05585392011562362,0.01123046875,0.0012363122950773686,0.00012255504352278547
1098752,-0.0006811243365518749,0.5895823300816119,-0.04570372070884332,0.02099609375,0.005234532043687068,0.00012252944188428057
1099776,-0.0016397700092056766,0.41203563555609435,-0.033589633560040966,0.0224609375,0.0037762461870443076,0.00012250384024577572
1100800,-0.002812606660882011,0.8972557662054896,-0.0390356756397523,0.013671875,0.0015014619566500187,0.00012247823860727085
1101824,-0.0023364138032775372,0.537505571031943,-0.04133039322914556,0.0126953125,0.0013890964619349688,0.00012245263696876598
1102848,-0.0010821778560057282,0.11592621612362564,-0.030350235232617706,0.01171875,0.0023791526473360136,0.00012242703533026114
1103872,0.0008134559539030306,0.38392966776154935,-0.0365716265514493,0.01708984375,0.00387328551732935,0.00012240143369175626
1104896,-0.005617030343273655,0.46939014783129096,-0.03896854433696717,0.0283203125,0.009462219444685616,0.0001223758320532514
1105920,-0.002058807818684727,1.5698939375579357,-0.07831526058726013,0.0185546875,0.001969921577256173,0.00012235023041474655
1106944,-0.0023323600107687525,0.28260340681299567,-0.030927927262382582,0.0146484375,0.0062129249854478985,0.00012232462877624168
1107968,-0.0027805951540358365,0.4963698610663414,-0.03663493614294566,0.01025390625,0.0017377164331264794,0.0001222990271377368
1108992,-0.000770245780586265,0.5953757565002888,-0.04149840195896104,0.01806640625,0.003203093438060023,0.00012227342549923196
1110016,-0.0005583499296335503,1.5320632979273796,-0.07668352779000998,0.0302734375,0.006333059616736136,0.00012224782386072706
1111040,-0.004420100623974577,1.1180204069241881,-0.05976564344018698,0.0341796875,0.004822901886655018,0.00012222222222222221
1112064,-0.001187312780530192,0.10506166075356305,-0.025621395812777337,0.0107421875,0.004682115308241919,0.00012219662058371734
1113088,0.0014074656646698713,0.45751775428652763,-0.038950870104599744,0.02197265625,0.003032889260794036,0.00012217101894521247
1114112,-0.0012595269654411823,0.35035842075012624,-0.03622106999682728,0.02197265625,0.007375486384262331,0.00012214541730670763
1115136,-0.0024064845929387957,0.24798266752623022,-0.03992377262329683,0.0205078125,0.0033422474953113124,0.00012211981566820275
1116160,-0.0022688561148243025,0.2849101712927222,-0.039694404245892656,0.01708984375,0.0034368782507954165,0.00012209421402969788
1117184,-0.003569608146790415,0.3486940677976236,-0.04302402268513106,0.02880859375,0.004153335306909867,0.00012206861239119302
1118208,-5.165932816453278e-05,0.625309681519866,-0.03879001999303,0.01171875,0.0021352651092456654,0.00012204301075268817
1119232,-0.000958556222030893,1.0459159510210156,-0.05764172167982906,0.0078125,0.0011183330498170108,0.00012201740911418331
1120256,-0.0016205852734856308,0.7333890376612544,-0.04221061781572644,0.02197265625,0.0030579619924537838,0.00012199180747567844
1121280,-0.0004650439223041758,0.36548350448720157,-0.03384649353392888,0.0107421875,0.002920597849879414,0.00012196620583717356
1122304,-0.0004749362851725891,0.22064625332131982,-0.0329939084185753,0.009765625,0.0007291382935363799,0.00012194060419866872
1123328,-0.00401595767471008,0.3484944987576455,-0.042725766834337264,0.01123046875,0.0026008701097453013,0.00012191500256016383
1124352,0.002019856037804857,0.42229755129665136,-0.03439809502742719,0.0166015625,0.00374864783952944,0.00012188940092165897
1125376,-0.0008246950892498717,0.10758428205735981,-0.028547412279294804,0.01806640625,0.004778968286700547,0.0001218637992831541
1126400,-0.000186214703717269,0.34138022596016526,-0.04104714386630803,0.01513671875,0.0013550965377362445,0.00012183819764464924
1127424,-0.0001749186048982665,0.052918483852408826,-0.022267043066676706,0.009765625,0.0029442187515087426,0.00012181259600614439
1128448,-0.0009340239630546421,0.1665475347544998,-0.028763924347003922,0.0078125,0.002863346177036874,0.00012178699436763951
1129472,-8.255070133600384e-05,0.16628195089288056,-0.033640242501860484,0.01220703125,0.0016783119062893093,0.00012176139272913466
1130496,0.001397467392962426,0.3075286471284926,-0.031586251279804856,0.01025390625,0.004695836047176272,0.0001217357910906298
1131520,-0.0013789266522508115,0.14958173339255154,-0.03746720800700132,0.01904296875,0.008260567861725576,0.00012171018945212493
1132544,0.001192364827147685,0.5230654939077795,-0.030923088372219354,0.01416015625,0.005356671375920996,0.00012168458781362007
1133568,-0.0021555880084633827,0.6806540014222264,-0.04376466874964535,0.01318359375,0.0029771968838758767,0.00012165898617511521
1134592,-0.0024262719525722787,0.32073271996341646,-0.04124827840132639,0.0263671875,0.004889738047495484,0.00012163338453661032
1135616,0.0024156692816177383,0.08286424784455448,-0.0255105804244522,0.0107421875,0.0035372927086427808,0.00012160778289810548
1136640,-0.0007185465801740065,0.08526591351255774,-0.026988621073542163,0.017578125,0.00326155086804647,0.00012158218125960059
1137664,0.0006372971402015537,0.694247892126441,-0.04298540990566835,0.01708984375,0.008200410578865558,0.00012155657962109573
1138688,0.0017513320708530955,0.35904615989420563,-0.04523299529682845,0.02587890625,0.0036950754438294098,0.00012153097798259088
1139712,0.001683291033259593,1.0782202612608671,-0.06476869469042867,0.04345703125,0.010849091340787709,0.000121505376344086
1140736,0.0006682879175059497,0.09404099627863616,-0.03309871145756915,0.013671875,0.0062874528230167925,0.00012147977470558115
1141760,0.00034363036684226245,0.08510291331913322,-0.02564795575744938,0.01123046875,0.0025974008021876216,0.00012145417306707629
1142784,0.002118751435773447,0.09303440025541931,-0.029263274249387905,0.005859375,0.0022009914537193254,0.00012142857142857142
1143808,-0.0015875828685238957,1.158820421434939,-0.06139387405710295,0.04296875,0.008953046446549706,0.00012140296979006656
1144832,-0.0009134052088484168,1.1175838867202401,-0.05485757358837873,0.015625,0.0018717161729000509,0.0001213773681515617
1145856,-0.0004364305059425533,0.08908648206852376,-0.02849473438982386,0.009765625,0.0030188929667929187,0.00012135176651305683
1146880,-0.0017689126543700695,0.11235917906742543,-0.025498403345409315,0.0107421875,0.003068713776883669,0.00012132616487455197
1147904,-0.000573957382584922,0.39321894524618983,-0.03657010132155847,0.015625,0.004255515115801245,0.00012130056323604708
1148928,-0.0005193802353460342,0.06115542200859636,-0.022253185947192833,0.009765625,0.003088339901296422,0.00012127496159754224
1149952,-0.00043062170152552426,0.8196445782668889,-0.04062752178288065,0.013671875,0.006462019868195057,0.00012124935995903737
1150976,-0.0012410167400958017,0.08772225654684007,-0.02666236832010327,0.01513671875,0.003836965319351293,0.0001212237583205325
1152000,-0.0008506349986419082,0.17821342824026942,-0.022214803327642585,0.01123046875,0.001623991280212067,0.00012119815668202764
1153024,-0.0007158617736422457,0.7252921350300312,-0.04029143514344469,0.00634765625,0.0007557251519756392,0.00012117255504352278
1154048,0.0004543456598185003,0.08624780853278935,-0.02875657531694742,0.0166015625,0.003224353466066532,0.0001211469534050179
1155072,0.0002650996029842645,0.10882066329941154,-0.025157630949252052,0.01220703125,0.005866799707291648,0.00012112135176651305
1156096,-0.0005216990393819287,0.049832718330435455,-0.02873728156555444,0.0107421875,0.004133319162065163,0.00012109575012800819
1157120,-0.00043457224091980606,0.3709264766657725,-0.03258674909011461,0.00927734375,0.0014896296052029356,0.00012107014848950332
1158144,-0.0011028336521121673,0.35954122245311737,-0.03932441759388894,0.0146484375,0.0024455755919916555,0.00012104454685099846
1159168,-0.002284217451233417,0.3930259726475924,-0.029903940914664418,0.015625,0.0034600019571371377,0.00012101894521249357
1160192,-0.001914011882035993,0.7618487514555454,-0.04269254201790318,0.02001953125,0.004216753601212986,0.00012099334357398873
1161216,-0.0011023484985344112,0.08484076405875385,-0.02659705327823758,0.01025390625,0.0024720386281842366,0.00012096774193548386
1162240,-0.0006306035502348095,0.3144485962111503,-0.027013038746190432,0.0126953125,0.002198577451054007,0.00012094214029697899
1163264,-0.000557195846340619,0.5285429707728326,-0.03587134095141664,0.01123046875,0.0026547325687715784,0.00012091653865847413
1164288,-0.0021619423059746623,0.3809269545599818,-0.03833731875056401,0.013671875,0.002287454277393408,0.00012089093701996927
1165312,-0.0007326184640987776,0.1303307234775275,-0.030812916158538428,0.017578125,0.0059113878378411755,0.0001208653353814644
1166336,-0.001048702521075029,0.12100324884522706,-0.026174948441621382,0.02392578125,0.01760127197485417,0.00012083973374295954
1167360,-0.0007042492215987295,0.25874014338478446,-0.03154283398180269,0.00830078125,0.004870362812653184,0.00012081413210445468
1168384,-0.000816211337223649,0.5621023694984615,-0.03911510115722194,0.015625,0.004200969866360538,0.00012078853046594981
1169408,-0.00048763639642857015,0.39049264835193753,-0.032621925813145936,0.009765625,0.0017748444952303544,0.00012076292882744495
1170432,0.0038286012277239934,0.36453202716074884,-0.04063984865206294,0.01611328125,0.003424303969950415,0.00012073732718894009
1171456,-0.002136425449862145,0.49143325444310904,-0.043845056905411184,0.02392578125,0.005320080366800539,0.00012071172555043522
1172480,-0.0015710106818005443,0.41479594307020307,-0.037407221738249063,0.01611328125,0.0011412330786697567,0.00012068612391193035
1173504,0.000531362158653792,0.09859150648117065,-0.030883135084877722,0.01416015625,0.0060691268590744585,0.0001206605222734255
1174528,-0.004879211424849927,0.623421905329451,-0.050214090340887196,0.04052734375,0.007663594980840571,0.00012063492063492062
1175552,0.0004502377414610237,0.06156860018381849,-0.019632088369689882,0.01171875,0.004568191783619113,0.00012060931899641576
1176576,0.003374248757609166,1.4006113465875387,-0.07202058203984052,0.03955078125,0.00562460912624374,0.00012058371735791089
1177600,0.0008964271110016853,0.07769627880770713,-0.024189541189116426,0.00732421875,0.002367053384659812,0.00012055811571940603
1178624,-0.0007577554060844705,0.06923191307578236,-0.02198938409492257,0.01171875,0.0023449837317457423,0.00012053251408090117
1179648,-0.0009929398074746132,0.13361526862718165,-0.02701154295937158,0.015625,0.004940365484799258,0.0001205069124423963
1180672,0.00017498609668109566,0.526523262495175,-0.03476620937726693,0.005859375,0.0029758678138023242,0.00012048131080389144
1181696,-0.0004845841904170811,0.11357838497497141,-0.02919302144255198,0.02099609375,0.00844328073435463,0.00012045570916538658
1182720,-0.0009103036863962188,0.3807005013804883,-0.02763014388619922,0.01611328125,0.003661634400486946,0.00012043010752688171
1183744,-0.0011318778852000833,0.11633096949663013,-0.029015271458774805,0.01416015625,0.003351571227540262,0.00012040450588837685
1184768,-0.0008156011754181236,0.5392135137226433,-0.04668526235036552,0.025390625,0.007508239476010203,0.000120378904249872
1185792,-0.0006028645584592596,0.0824320922838524,-0.02095536205888493,0.00732421875,0.006516203953651711,0.00012035330261136711
1186816,0.0013425055658444762,0.7354275383986533,-0.05544448259752244,0.01904296875,0.003358524467330426,0.00012032770097286226
1187840,-0.00015817495295777917,0.5734807709231973,-0.03521334769902751,0.01904296875,0.00363355154695455,0.00012030209933435738
1188864,0.0033126854832516983,0.12791206105612218,-0.02559615661857606,0.0107421875,0.0030526904010912403,0.00012027649769585252
1189888,-0.0013932023430243134,0.44063771702349186,-0.031746357621159405,0.01904296875,0.0027679125778377056,0.00012025089605734766
1190912,-0.0034678253723541275,0.3981307578505948,-0.035230264940764755,0.0126953125,0.002028354589128867,0.00012022529441884279
1191936,-0.00307647543377243,0.7155640141572803,-0.04526397748850286,0.025390625,0.007851815680623986,0.00012019969278033793
1192960,0.00017929737805388868,0.09306800796184689,-0.027769017873652047,0.005859375,0.000803393340902403,0.00012017409114183307
1193984,-0.002195468870922923,0.895055484957993,-0.03153219158411957,0.0146484375,0.0025141969526885077,0.0001201484895033282
1195008,-0.0005490191397257149,0.06221623322926462,-0.022893553345056716,0.0078125,0.0016184619016712531,0.00012012288786482334
1196032,-0.0005678337765857577,0.10650446068029851,-0.028952332795597613,0.01025390625,0.002676233561942354,0.00012009728622631848
1197056,-0.0017173073574667796,0.10725958435796201,-0.023182161210570484,0.0087890625,0.0014730289403814822,0.00012007168458781361
1198080,-0.0006372607895173132,0.07185362931340933,-0.030452029808657244,0.01708984375,0.004385458989418112,0.00012004608294930875
1199104,-0.0002830981175065972,0.5731897721998394,-0.034521887253504246,0.01025390625,0.0016084342787507921,0.00012002048131080387
1200128,0.0025328483461635187,0.10414141125511378,-0.027751305286074057,0.0205078125,0.0051254200807306916,0.00011999487967229902
1201152,0.0011561112478375435,0.7341269203461707,-0.03991217742441222,0.01806640625,0.006274913845118135,0.00011996927803379415
1202176,-0.0029588081524707377,0.35197986429557204,-0.034261198568856344,0.01806640625,0.002747525315498933,0.00011994367639528928
1203200,-0.000583808941883035,0.33008062350563705,-0.03044731933186995,0.01220703125,0.002710269807721488,0.00011991807475678442
1204224,0.00110949543886818,0.12665741005912423,-0.024470975491567515,0.0146484375,0.002461611686157994,0.00011989247311827956
1205248,-0.0005707927921321243,0.37384016648866236,-0.03177359281107783,0.0107421875,0.0017184074968099594,0.00011986687147977469
1206272,-0.0014840643852949142,0.4913295623846352,-0.033673938509309664,0.00927734375,0.002864598558517173,0.00011984126984126983
1207296,-0.0001609806640772149,0.09348676376976073,-0.023530262289568782,0.00634765625,0.001294681555009447,0.00011981566820276497
1208320,-0.0013421928524621762,0.059068413567729294,-0.025792708900553407,0.02099609375,0.005056337467976846,0.0001197900665642601
1209344,-0.0006141101475805044,0.1378899768460542,-0.031174520263448358,0.015625,0.0019309819035697728,0.00011976446492575524
1210368,-0.0017365058447467163,0.19009713223204017,-0.023614052188349888,0.013671875,0.009879951452603564,0.00011973886328725036
1211392,-0.0011831574738607742,0.6078829038888216,-0.03517719660885632,0.01123046875,0.001419801265001297,0.00011971326164874551
1212416,-0.0006866290859761648,0.09566106519196182,-0.02273529917874839,0.0087890625,0.00111137141357176,0.00011968766001024064
1213440,0.001075310181477107,0.14114659884944558,-0.026782512712088646,0.02001953125,0.0033227614912902936,0.00011966205837173577
1214464,-4.029416595585644e-05,0.06330131797585636,-0.022904774516064208,0.01025390625,0.0030298011406557634,0.00011963645673323091
1215488,-0.004332707554567605,2.371877683326602,-0.08593932318035513,0.04931640625,0.008306163013912737,0.00011961085509472605
1216512,0.00026045506820082664,2.358664482831955,-0.10008202941389754,0.05224609375,0.005181331289350055,0.00011958525345622118
1217536,-0.000580463238293305,1.1387948133051395,-0.06384896353119984,0.037109375,0.0034206791169708595,0.00011955965181771632
1218560,-0.0005090476988698356,0.7648625709116459,-0.04130606004036963,0.01123046875,0.0066771888377843425,0.00011953405017921146
1219584,-0.000576035279664211,0.1803530491888523,-0.028466004485380836,0.0087890625,0.0024401856790063903,0.00011950844854070659
1220608,-0.0006629206473007798,0.19564314070157707,-0.03279808146908181,0.01220703125,0.0014155314274830744,0.00011948284690220173
1221632,-0.002843820591806434,1.4808752313256264,-0.08000773179810494,0.03466796875,0.0029198955598985776,0.00011945724526369688
1222656,0.00014775642193853855,0.6744233616627753,-0.04478853096952662,0.01416015625,0.002405250066658482,0.000119431643625192
1223680,-0.0019281109271105379,0.4801320265978575,-0.03221048264822457,0.0146484375,0.0035125785798300058,0.00011940604198668713
1224704,0.00021038042905274779,0.11626662616617978,-0.02472858744295081,0.0078125,0.003034178545931354,0.00011938044034818229
1225728,-0.0004325911431806162,0.187596999341622,-0.035099065797112416,0.0126953125,0.0029216250113677233,0.0001193548387096774
1226752,0.0015423765289597213,0.12187044869642705,-0.02399758737828961,0.009765625,0.0028666459111263976,0.00011932923707117254
1227776,-0.00015202655049506575,0.16666183969937265,-0.031032371080073062,0.00927734375,0.007063585551804863,0.00011930363543266767
1228800,-0.0010446793748997152,0.1143017397262156,-0.026801194515428506,0.005859375,0.00411882545449771,0.00011927803379416281
1229824,-0.003796941353357397,0.08427813125308603,-0.03886379231698811,0.01708984375,0.013648643434862606,0.00011925243215565795
1230848,-0.0020829075801884755,0.36587009532377124,-0.03842187812551856,0.0068359375,0.001362905721180141,0.00011922683051715308
1231872,0.00014594561071135104,0.16858760570175946,-0.03470831480808556,0.01318359375,0.0058818372344831005,0.00011920122887864822
1232896,-0.001902551026432775,0.5297865914180875,-0.049642265774309635,0.0146484375,0.0019793744577327743,0.00011917562724014337
1233920,-0.002098927056067623,0.4372524421196431,-0.04978185414802283,0.0263671875,0.004616891339537688,0.0001191500256016385
1234944,-0.00047469632409047335,0.4568162886425853,-0.041151269659167156,0.01708984375,0.0019843804329866543,0.00011912442396313364
1235968,-0.003412950551137328,0.6515869232825935,-0.054614037508144975,0.025390625,0.0027790704189101234,0.00011909882232462878
1236992,-0.00035686817136593163,0.6626947363838553,-0.04451657203026116,0.01025390625,0.0018187927053077146,0.00011907322068612389
1238016,-0.0008216635978897102,0.3418368521379307,-0.03290127619402483,0.00927734375,0.0027385126013541594,0.00011904761904761905
1239040,0.00027875076921191067,0.09097911510616541,-0.029860778711736202,0.00439453125,0.001574462279677391,0.00011902201740911416
1240064,-0.0010208450548816472,0.441689555067569,-0.037045050179585814,0.0048828125,0.0005525630986085162,0.0001189964157706093
1241088,8.13842925708741e-05,0.7199009647592902,-0.04609403957147151,0.01416015625,0.0024708022392587736,0.00011897081413210445
1242112,-0.0023594259982928634,0.4208610854111612,-0.04495700627012411,0.029296875,0.0033928369666682556,0.00011894521249359957
1243136,-0.0014261715405154973,0.06380456266924739,-0.03832680202322081,0.0224609375,0.005608229883364402,0.00011891961085509472
1244160,-0.0003727469884324819,0.10781433270312846,-0.03355622335220687,0.01416015625,0.0027153230766998604,0.00011889400921658986
1245184,0.0005814395990455523,0.11239476408809423,-0.029464934254065156,0.00830078125,0.0037358918198151514,0.00011886840757808498
1246208,-0.0026031469460576773,0.36150801402982324,-0.035941448935773224,0.01708984375,0.002115716226398945,0.00011884280593958013
1247232,-0.0009681269875727594,0.5029958391096443,-0.04048142637475394,0.0126953125,0.001907802070491016,0.00011881720430107527
1248256,5.804767715744674e-05,0.7479642522521317,-0.045638942101504654,0.01318359375,0.0027801046380773187,0.00011879160266257038
1249280,-0.001124050177168101,0.6669690248090774,-0.04139915545238182,0.017578125,0.002506902368622832,0.00011876600102406554
1250304,-0.0005924813885940239,1.0281883236020803,-0.06662429886637256,0.015625,0.001684746632236056,0.00011874039938556065
1251328,-0.0005557059776037931,0.43337496486492455,-0.033824210084276274,0.017578125,0.003928258229279891,0.0001187147977470558
1252352,0.0009338253876194358,0.1077229876536876,-0.03137247494305484,0.00732421875,0.0030140116141410545,0.00011868919610855094
1253376,0.00018967370851896703,0.10791825759224594,-0.029557864836533554,0.021484375,0.00824296526843682,0.00011866359447004606
1254400,-0.002414075832348317,0.6582730654627085,-0.05448382598115131,0.02880859375,0.0032142791023943573,0.0001186379928315412
1255424,-0.0014503407437587157,0.09927931393031031,-0.03475258059188491,0.02197265625,0.006112005343311466,0.00011861239119303635
1256448,-0.000503910647239536,0.1109287915751338,-0.0300442976586055,0.01806640625,0.009934012705343775,0.00011858678955453148
1257472,-0.0015502545284107327,0.06585225136950612,-0.031565704121021554,0.01611328125,0.004659717698814347,0.00011856118791602662
1258496,-0.0016609084123047069,0.9138960242271423,-0.044078471371904016,0.0126953125,0.00252635104698129,0.00011853558627752176
1259520,-0.002704450424062088,0.18636122182942927,-0.024657544803631026,0.0107421875,0.007627965504070744,0.00011850998463901689
1260544,-0.0005986968171782792,0.05760577809996903,-0.03372305759694427,0.0205078125,0.00810876912146341,0.00011848438300051203
1261568,-0.0015238077321555465,0.834817310795188,-0.05781620618654415,0.02734375,0.002920710452599451,0.00011845878136200714
1262592,-0.006363280088407919,2.647699635475874,-0.11662652180530131,0.03076171875,0.005993789425701834,0.0001184331797235023
1263616,-0.0006797761452617124,0.7806164240464568,-0.061382289044559,0.02734375,0.0030554572149412706,0.00011840757808499743
1264640,-0.0004733765381388366,0.42158298613503575,-0.03445840880158357,0.0126953125,0.003575902068405412,0.00011838197644649255
1265664,-0.0004698598713730462,0.4182361289858818,-0.03214119898620993,0.01611328125,0.004169763458776288,0.0001183563748079877
1266688,-0.000568966890568845,0.17075067211408168,-0.026507617614697665,0.01220703125,0.006046511363820173,0.00011833077316948284
1267712,-0.005686791148036718,0.5949595728889108,-0.04737337719416246,0.02392578125,0.005100583963212557,0.00011830517153097797
1268736,-0.0012624320370377973,0.6944493069313467,-0.03642786355339922,0.01318359375,0.0014122213324299082,0.00011827956989247311
1269760,-0.00010927913535851985,0.5619544647634029,-0.04107021389063448,0.02197265625,0.008249147431342863,0.00011825396825396825
1270784,-0.0019030547991860658,0.6210245047695935,-0.03908138084807433,0.017578125,0.008087678623269312,0.00011822836661546338
1271808,-0.0007991980819497257,0.23455693013966084,-0.03805473991087638,0.01611328125,0.0061521057796198875,0.00011820276497695852
1272832,-0.004828562567126937,0.5993830300867558,-0.04250210299505852,0.02197265625,0.0037535368610406294,0.00011817716333845366
1273856,-0.00046266752178780735,0.5481767393648624,-0.0385446427972056,0.01220703125,0.005566340143559501,0.00011815156169994879
1274880,-0.0019085547974100336,0.16608851519413292,-0.026175628911005333,0.01123046875,0.0034424914774717763,0.00011812596006144392
1275904,-0.0013401551550487056,0.5335759804584086,-0.03159239442902617,0.0185546875,0.002702039128053002,0.00011810035842293907
1276928,-0.0005780695355497301,0.18510983209125698,-0.025203637407685164,0.01025390625,0.004003364447271451,0.00011807475678443419
1277952,-0.00015224335948005319,0.09442633425351232,-0.024435506682493724,0.0068359375,0.0018067833880195394,0.00011804915514592933
1278976,-0.0018350818718317896,0.1749460354913026,-0.03564819399616681,0.0107421875,0.0012240643700351939,0.00011802355350742446
1280000,-0.0016678483953000978,0.3628620393574238,-0.04481919057434425,0.01953125,0.0038137460505822673,0.0001179979518689196
1281024,-0.0033457125682616606,0.1061929720453918,-0.02851086917507928,0.02001953125,0.0066879560763482004,0.00011797235023041474
1282048,0.00272496382240206,0.11251176137011498,-0.030730137128557544,0.01953125,0.005398969413363375,0.00011794674859190987
1283072,-0.002936569362645969,0.4870349313132465,-0.03327153640566394,0.009765625,0.0029630381613969803,0.00011792114695340501
1284096,-0.0002672776172403246,0.10238016780931503,-0.027582641458138824,0.00537109375,0.0012804866855731234,0.00011789554531490015
1285120,-0.0005557099357247353,0.06308279559016228,-0.02590757853613468,0.009765625,0.0016032377898227423,0.00011786994367639528
1286144,0.00036680542689282447,0.59680859092623,-0.042110592155950144,0.01611328125,0.0024054359091678634,0.00011784434203789041
1287168,-0.0019324265304021537,0.7407580278813839,-0.036110583518166095,0.01708984375,0.0028299909754423425,0.00011781874039938556
1288192,-0.0024388062010984868,0.09910370968282223,-0.026393789700705383,0.015625,0.004870957985986024,0.00011779313876088068
1289216,-0.0007361719326581806,0.4238818259909749,-0.040059961786028,0.00732421875,0.001649300815188326,0.00011776753712237582
1290240,-0.0010173321061301976,0.1248683794401586,-0.029442047743941657,0.0205078125,0.00744954809488263,0.00011774193548387095
1291264,-0.0015136749425437301,0.06667703809216619,-0.023613766505150124,0.01123046875,0.002127426618244499,0.00011771633384536609
1292288,-0.0010965580877382308,0.4071294260211289,-0.04013135579589289,0.02001953125,0.002407583888270892,0.00011769073220686123
1293312,-0.00131415348732844,0.1390190867241472,-0.030071669374592602,0.02197265625,0.007780071595334448,0.00011766513056835636
1294336,-0.0003957668086513877,0.06863912509288639,-0.02773493421045714,0.015625,0.0027315935149090365,0.0001176395289298515
1295360,-0.0005775544996140525,0.06502696755342185,-0.03322818687593099,0.015625,0.002222454728325829,0.00011761392729134664
1296384,0.0005227697256486863,0.47794833360239863,-0.03151535795768723,0.01513671875,0.0040105092484736815,0.00011758832565284177
1297408,0.00017617542471271008,0.1255037757800892,-0.041797662881435826,0.017578125,0.008829597602016293,0.00011756272401433691
1298432,-0.0028781296859961003,0.6450786392670125,-0.05601146456319839,0.02587890625,0.0033329446596326306,0.00011753712237583205
1299456,-0.0014361974317580462,0.15207496006041765,-0.032947140716714785,0.013671875,0.0037553772708633915,0.00011751152073732717
1300480,-0.0019857444567605853,0.11039207736030221,-0.025023446545674233,0.0107421875,0.003301734119304456,0.00011748591909882232
1301504,-0.0005966362296021543,0.670751015888527,-0.040674422663869336,0.015625,0.004004476897534914,0.00011746031746031744
1302528,-0.00385386697598733,0.642974111251533,-0.04384121124166995,0.01953125,0.0030145545752020553,0.00011743471582181258
1303552,-0.0017797275795601308,0.06409077905118465,-0.024995428169859224,0.009765625,0.0024532880634069443,0.00011740911418330772
1304576,-0.001411869772709906,0.764013861771673,-0.04231981889461167,0.01708984375,0.001340643226285465,0.00011738351254480285
1305600,-0.0010345783521188423,0.35630096425302327,-0.037675463245250285,0.00537109375,0.0005555493989959359,0.00011735791090629799
1306624,0.0008567693585064262,0.15319665800780058,-0.03278353293717373,0.01513671875,0.008513869281159714,0.00011733230926779313
1307648,-0.0019526134856278077,0.07225087564438581,-0.032144432592758676,0.0166015625,0.008102613486698829,0.00011730670762928826
1308672,-0.003540476318448782,1.3717995984479785,-0.05390692426590249,0.02392578125,0.003090984493610449,0.0001172811059907834
1309696,-0.00035841279895976186,1.024940856732428,-0.05070975673152134,0.01220703125,0.0034588858543429524,0.00011725550435227854
1310720,0.0008348492265213281,0.12867603753693402,-0.02173189472523518,0.01123046875,0.0021154108544578776,0.00011722990271377367
1311744,-0.0009311709436587989,0.19755101576447487,-0.03060968717909418,0.0126953125,0.0023600681161042303,0.00011720430107526881
1312768,-0.0016208184970309958,0.7490129061043262,-0.04933921474730596,0.0048828125,0.0005488002789206803,0.00011717869943676394
1313792,-0.001408489653840661,0.3531125010922551,-0.035796874144580215,0.017578125,0.002830560100846924,0.00011715309779825908
1314816,-0.0009949013983714394,0.08934348577167839,-0.031857160676736385,0.01318359375,0.004639164355467074,0.00011712749615975421
1315840,-0.0013281545834615827,1.1197454975917935,-0.05406911508180201,0.01123046875,0.0038621509447693825,0.00011710189452124934
1316864,-0.0032912551396293566,0.47285101981833577,-0.04181851426255889,0.01806640625,0.005266194435534999,0.00011707629288274448
1317888,0.002958024721010588,0.10270732082426548,-0.02633290241647046,0.01220703125,0.002338318037800491,0.00011705069124423962
1318912,7.012378773652017e-05,0.07305876177269965,-0.029322586915441207,0.017578125,0.007514139695558697,0.00011702508960573475
1319936,-0.001474325719755143,1.0087649328634143,-0.055762275180313736,0.01220703125,0.0013886749220546335,0.00011699948796722989
1320960,-6.964245403651148e-05,0.09585827100090683,-0.03113883537662332,0.01806640625,0.00466297467937693,0.00011697388632872503
1321984,-0.0002204811025876552,0.1158163130749017,-0.02496776591578964,0.02001953125,0.005622619573841803,0.00011694828469022016
1323008,-0.0004235892847646028,0.4977996274828911,-0.033557350921910256,0.005859375,0.000769035003031604,0.0001169226830517153
1324032,-0.001190217211842537,0.09095505671575665,-0.02428469884034712,0.01513671875,0.00548725230328273,0.00011689708141321043
1325056,-0.0010820791503647342,1.298928152769804,-0.06239649868803099,0.03271484375,0.005318544790497981,0.00011687147977470557
1326080,-0.0013817111175740138,1.279276492074132,-0.05814494617516175,0.0126953125,0.0023076722136465833,0.0001168458781362007
1327104,-0.0032829295087140054,0.10799020272679627,-0.041820867743808776,0.01953125,0.008060618114541285,0.00011682027649769584
1328128,0.0023306953080464154,0.14140806382056326,-0.021280864428263158,0.01171875,0.0031143850355874747,0.00011679467485919097
1329152,-0.0001674499362707138,0.8193953363224864,-0.04649956474895589,0.01318359375,0.00197215675143525,0.00011676907322068611
1330176,-0.0042384107218822464,1.181887939106673,-0.04687548411311582,0.01123046875,0.0061689419962931424,0.00011674347158218124
1331200,0.0020594214147422463,0.09498812537640333,-0.026135687956411857,0.00830078125,0.0014572383224731311,0.00011671786994367638
1332224,-0.0014892224571667612,0.07971094537060708,-0.024419946246780455,0.01513671875,0.005335337977157906,0.00011669226830517152
1333248,-0.0019798043358605355,0.06974325724877417,-0.030646545565105043,0.0224609375,0.004363587839179672,0.00011666666666666665
1334272,-6.662157829850912e-07,0.10888672538567334,-0.024723473219637526,0.0185546875,0.022960868445807137,0.0001166410650281618
1335296,-0.0009765436116140336,0.4675327390432358,-0.03639433863463637,0.015625,0.0016684492875356227,0.00011661546338965694
1336320,-0.003043796314159408,0.15357793518342078,-0.02497944475726399,0.0166015625,0.0048650333628756925,0.00011658986175115206
1337344,-0.0014383307425305247,0.7938467883504927,-0.0463086028030375,0.00537109375,0.0014267766091506928,0.00011656426011264719
1338368,-0.002462249103700742,0.41990560153499246,-0.04378573183203116,0.021484375,0.0034159509232267737,0.00011653865847414235
1339392,-0.0006082538166083395,0.6948585519567132,-0.04340012300963281,0.01953125,0.004291083227144554,0.00011651305683563746
1340416,0.0005355584871722385,0.07668721757363528,-0.025151085952529684,0.013671875,0.0014701712789246812,0.0001164874551971326
1341440,0.002562356850830838,0.10628794401418418,-0.02754365635701106,0.02197265625,0.006792982239858247,0.00011646185355862774
1342464,-0.00017231909441761672,0.062289554392918944,-0.02172115005669184,0.005859375,0.0010137472418136895,0.00011643625192012287
1343488,0.00032690700027160347,1.3659842777997255,-0.04624275700189173,0.01904296875,0.005107954057166353,0.00011641065028161801
1344512,-0.0005319022966432385,0.3628676871303469,-0.03238798485836014,0.015625,0.004167385312030092,0.00011638504864311314
1345536,0.0003940693859476596,0.09816073882393539,-0.020458425937249558,0.009765625,0.004171367967501283,0.00011635944700460828
1346560,-0.000985308171948418,0.08159340522252023,-0.02502413089678157,0.01220703125,0.00339423879631795,0.00011633384536610343
1347584,-0.002613881544675678,0.8525618351995945,-0.03594189416617155,0.015625,0.001709118630969897,0.00011630824372759855
1348608,-0.0010642144188750535,0.6538550374098122,-0.03483305373811163,0.0087890625,0.0008325731614604592,0.0001162826420890937
1349632,-0.0016495527233928442,0.075510352733545,-0.021380934573244303,0.005859375,0.0020307329104980454,0.00011625704045058884
1350656,-0.0002541506983106956,0.4601475978270173,-0.03545722263515927,0.00927734375,0.0028413507534423843,0.00011623143881208395
1351680,-0.003407586526009254,0.3536652027396485,-0.0396865961374715,0.0146484375,0.0011223401088500395,0.00011620583717357911
1352704,-0.0008950088376877829,0.38465583976358175,-0.02905339786229888,0.01806640625,0.007891994959209114,0.00011618023553507423
1353728,-0.002148524741642177,0.06734695157501847,-0.023173005232820287,0.0234375,0.011508891228004359,0.00011615463389656936
1354752,-0.0019912494317395613,0.817734538577497,-0.04526028942200355,0.02294921875,0.0038551930338144302,0.0001161290322580645
1355776,-0.0007982136157806963,0.37822769908234477,-0.03218000830383971,0.00732421875,0.0016269740008283406,0.00011610343061955965
1356800,-0.0010061433422379196,1.1524541825056076,-0.043091895611723885,0.00830078125,0.0017215080879395828,0.00011607782898105477
1357824,-0.0008731532579986379,0.07962631911505014,-0.026114545413292944,0.01708984375,0.0031356351682916284,0.00011605222734254992
1358848,-0.000473968219012022,0.11036716197850183,-0.022792771298554726,0.009765625,0.0009675054170656949,0.00011602662570404504
1359872,-0.0007014713482931256,0.05613792850635946,-0.022168647701619193,0.0087890625,0.0032305046333931386,0.00011600102406554019
1360896,0.001633113599382341,0.06049004942178726,-0.029201092780567706,0.00830078125,0.004921800325973891,0.00011597542242703533
1361920,-0.0010710304777603596,0.08071763254702091,-0.020952012426278088,0.0244140625,0.014963876878027804,0.00011594982078853046
1362944,-0.00034274131030542776,0.12410361622460186,-0.028369579988066107,0.01220703125,0.001992157194763422,0.0001159242191500256
1363968,-0.0031085890223039314,0.5412815215531737,-0.03377537630149163,0.01708984375,0.004749584055389278,0.00011589861751152073
1364992,-0.0009377256938023493,0.06586177181452513,-0.02858844974616659,0.009765625,0.0032922774989856407,0.00011587301587301587
1366016,-0.002580920117907226,0.15412517520599067,-0.035108132200548425,0.017578125,0.002650646958500147,0.000115847414234511
1367040,0.0005112404905958101,0.2445687421131879,-0.030669779414893128,0.009765625,0.0037725861911894754,0.00011582181259600614
1368064,-0.001995354876271449,0.358296922640875,-0.0400778905604966,0.0146484375,0.0027978749567409977,0.00011579621095750126
1369088,-0.0030667644750792533,0.11243937548715621,-0.024852671165717766,0.01513671875,0.006300331180682406,0.0001157706093189964
1370112,-0.00019429385429248214,0.4647117489948869,-0.033178194222273305,0.00927734375,0.00373916607350111,0.00011574500768049155
1371136,-0.0014075733051868156,0.6464785346761346,-0.03154092247132212,0.017578125,0.0039169491501525044,0.00011571940604198668
1372160,-0.0026098724629264325,0.4998568440787494,-0.041330166917759925,0.02197265625,0.005162785804714076,0.00011569380440348182
1373184,0.00021334942721296102,0.43212159210816026,-0.0313228179293219,0.00537109375,0.0006769463943783194,0.00011566820276497695
1374208,-0.000244637398282066,0.5066340405028313,-0.031771186215337366,0.0234375,0.00582501629833132,0.00011564260112647209
1375232,-0.0005027214647270739,0.4520629155449569,-0.025979510355682578,0.01171875,0.002042172141955234,0.00011561699948796722
1376256,-0.0006817951361881569,0.09853072336409241,-0.03713883596356027,0.01513671875,0.005606250299024396,0.00011559139784946236
1377280,-0.0009818130929488689,0.126325863879174,-0.028108035563491285,0.009765625,0.0026394152228021994,0.00011556579621095749
1378304,-0.0002670002868399024,0.07657314371317625,-0.02593157102819532,0.00634765625,0.0038884862879058346,0.00011554019457245263
1379328,-0.0007253693620441481,0.966136222705245,-0.04280986511730589,0.0283203125,0.012915381696075201,0.00011551459293394776
1380352,0.0016860210307640955,0.1087234418373555,-0.026171247351157945,0.0185546875,0.005479967818246223,0.0001154889912954429
1381376,-0.0017106120722019114,0.14493002626113594,-0.028483763069743873,0.01220703125,0.006945200118934736,0.00011546338965693804
1382400,-0.0034458465524949133,0.33181035658344626,-0.032291112787788734,0.029296875,0.017241515117348172,0.00011543778801843317
1383424,-5.921836418565363e-05,0.5855373064987361,-0.028814339253585786,0.013671875,0.0025104660890065134,0.00011541218637992831
1384448,-0.002319149818504229,0.33140062214806676,-0.03999949060380459,0.02001953125,0.0057713393471203744,0.00011538658474142345
1385472,-0.0005197341524763033,0.5026822607032955,-0.026707217388320714,0.00634765625,0.0013577797362813726,0.00011536098310291858
1386496,-0.003000377881107852,0.5380141325294971,-0.03711310568905901,0.01806640625,0.006882247791509144,0.00011533538146441372
1387520,-0.00122323477989994,0.09551893558818847,-0.033339528599753976,0.01171875,0.0041246461478294805,0.00011530977982590886
1388544,-0.0008591881778556854,0.09993222856428474,-0.030629007902462035,0.0185546875,0.0013482000504154712,0.00011528417818740398
1389568,-8.495577640132979e-05,0.16492146998643875,-0.027463846417958848,0.01220703125,0.0058640902425395325,0.00011525857654889913
1390592,-0.0012690611329162493,0.09056184778455645,-0.02845515469016391,0.0107421875,0.004102335529751144,0.00011523297491039425
1391616,0.001077339329640381,0.10411208355799317,-0.024029817242990248,0.01220703125,0.0016912785213207826,0.00011520737327188939
1392640,0.0021547308715526015,0.8463243939913809,-0.03659905065433122,0.0068359375,0.0008103336003841832,0.00011518177163338453
1393664,0.002710411456064321,0.11552400921937078,-0.02331960578158032,0.01806640625,0.004000038810772821,0.00011515616999487966
1394688,0.0061905793263576925,0.09062597586307675,-0.025903777801431715,0.0146484375,0.0033343943214276806,0.0001151305683563748
1395712,-0.000594773911871016,0.14848258648999035,-0.02631888695032103,0.00927734375,0.0017965309671126306,0.00011510496671786994
1396736,0.00134784504189156,0.05947046063374728,-0.029290995866176672,0.01513671875,0.003985569885117002,0.00011507936507936507
1397760,-4.0959130274131894e-05,0.1404070220887661,-0.025481951484835008,0.0166015625,0.003010614193044603,0.00011505376344086021
1398784,-3.863630263367668e-05,0.11364794208202511,-0.027346048096660525,0.01513671875,0.00940752936003264,0.00011502816180235535
1399808,-0.0023602692526765168,0.7411937643773854,-0.03088898897112813,0.01708984375,0.004788048114278354,0.00011500256016385048
1400832,-0.0019673756978590973,0.383483880199492,-0.03808178080362268,0.017578125,0.004811396283912472,0.00011497695852534562
1401856,-0.0016188649024115875,1.3374028066173196,-0.044791521911974996,0.0185546875,0.0031810115469852462,0.00011495135688684074
1402880,-0.0009725272248033434,0.05730544275138527,-0.023673508316278458,0.009765625,0.004753317960421555,0.00011492575524833589
1403904,-0.0005108284385642037,0.09764218365307897,-0.021596130816760706,0.015625,0.006961272039916366,0.00011490015360983102
1404928,-0.0005231142713455483,0.0716713584261015,-0.02364944902365096,0.01220703125,0.0024312804744113237,0.00011487455197132615
1405952,-0.0007217293314170092,0.04923661088105291,-0.024473139841575176,0.0146484375,0.010218680326943286,0.00011484895033282129
1406976,-0.0009238030179403722,0.09816037816926837,-0.025277030872530304,0.01318359375,0.005738664243835956,0.00011482334869431643
1408000,-0.001493779316660948,0.05831208033487201,-0.026147639495320618,0.01025390625,0.0015725771081633866,0.00011479774705581156
1409024,-0.0003815758682321757,0.8359848950058222,-0.034793560567777604,0.01611328125,0.002879600375308655,0.0001147721454173067
1410048,-0.0018270617147209123,0.1794239184819162,-0.026548999769147485,0.0068359375,0.0033301747316727415,0.00011474654377880184
1411072,-0.0012033241655444726,0.07965660165064037,-0.028838976242695935,0.01513671875,0.004099744823179208,0.00011472094214029697
1412096,-0.0011098154645878822,0.4949014619924128,-0.03261650100466795,0.0078125,0.0007638962124474347,0.00011469534050179211
1413120,0.00029277324210852385,0.16966503718867898,-0.025852939230389893,0.0078125,0.0007408846722682938,0.00011466973886328723
1414144,-0.00027918065461562946,0.1818479811772704,-0.0235568141706608,0.01220703125,0.004125196108361706,0.00011464413722478238
1415168,-0.0009957593283616006,0.3527975818142295,-0.03368956448684912,0.021484375,0.009179099070024677,0.00011461853558627751
1416192,-0.0016724925953894854,0.8873272566124797,-0.04361805124790408,0.02001953125,0.004066043751663528,0.00011459293394777264
1417216,-0.0012494358379626647,0.3893802515231073,-0.027030358323827386,0.013671875,0.0032625530438963324,0.00011456733230926778
1418240,-0.0005525492670130916,0.0827942902687937,-0.023423151924362173,0.00830078125,0.0025953674485208467,0.00011454173067076292
1419264,-0.001507027292973362,0.09973394684493542,-0.030279954997240566,0.01416015625,0.005017043353291228,0.00011451612903225805
1420288,-0.0004688813351094723,0.11582118459045887,-0.029305225281859748,0.017578125,0.005941790237557143,0.00011449052739375319
1421312,-0.0005987139011267573,0.1098163842689246,-0.029030910365690943,0.0107421875,0.0070448123587993905,0.00011446492575524833
1422336,0.0042023787391372025,0.07373050996102393,-0.026926364706014283,0.01611328125,0.006575732186320238,0.00011443932411674346
1423360,-0.0003733405319508165,0.0851391131291166,-0.024689305526408134,0.01025390625,0.0024796088982839137,0.0001144137224782386
1424384,-0.0023362845240626484,0.3457680396968499,-0.030744589559617452,0.013671875,0.002434284906485118,0.00011438812083973374
1425408,-0.001971595309441909,0.3763265139423311,-0.03641850333951879,0.0087890625,0.0009860342252068222,0.00011436251920122887
1426432,-0.00039806158747524023,0.09126888739410788,-0.026410861442855094,0.009765625,0.003148262854665518,0.000114336917562724
1427456,-0.002066656503302511,0.3358724892605096,-0.04027847293764353,0.021484375,0.005415637861005962,0.00011431131592421916
1428480,0.0006172306748339906,0.14862784883007407,-0.031658870982937515,0.00732421875,0.002659101824974641,0.00011428571428571427
1429504,-0.0007833560375729576,0.5894830077886581,-0.045881508151069283,0.00537109375,0.0008830594451865181,0.00011426011264720941
1430528,0.0062033095746301115,0.4255025906022638,-0.04481295187724754,0.02099609375,0.007153495462262072,0.00011423451100870454
1431552,2.949511690530926e-05,0.1235219999216497,-0.03222086928872159,0.015625,0.0034403225436108187,0.00011420890937019968
1432576,-0.0011787060502683744,0.1145531665533781,-0.02775365706474986,0.01318359375,0.010377380240242928,0.00011418330773169482
1433600,-0.0021137569565325975,0.15696660429239273,-0.018611806655826513,0.0107421875,0.006386454027961008,0.00011415770609318995
1434624,-9.068286453839391e-05,0.65391033468768,-0.039602850476512685,0.02197265625,0.0052289074956206605,0.00011413210445468509
1435648,0.0038963774568401277,0.10366153507493436,-0.03077352253603749,0.017578125,0.006243057374376804,0.00011410650281618023
1436672,-0.0012788663298124447,0.09767108969390392,-0.02148611218581209,0.00830078125,0.0025090026756515726,0.00011408090117767536
1437696,-8.036091458052397e-06,0.10599550895858556,-0.024371761362999678,0.01123046875,0.002440299911540933,0.0001140552995391705
1438720,-0.002202600531745702,0.2971434786450118,-0.04306083402479999,0.02392578125,0.002625010223709978,0.00011402969790066565
1439744,0.0037227392313070595,1.4511779770255089,-0.05695636913878843,0.02099609375,0.005768673785496503,0.00011400409626216076
1440768,-9.714493353385478e-05,0.08321364980656654,-0.024759729189099744,0.01123046875,0.0032770176912890747,0.00011397849462365592
1441792,-0.0002551137440605089,0.05699040356557816,-0.03198290323052788,0.01123046875,0.0018704504473134875,0.00011395289298515103
1442816,-0.0015094291302375495,0.38225156534463167,-0.04213989033451071,0.02392578125,0.004784931486938149,0.00011392729134664617
1443840,-0.0009680882794782519,0.4667431504931301,-0.04285296919988468,0.03076171875,0.006018499218043871,0.00011390168970814131
1444864,-0.001618243652046658,0.13300589751452208,-0.03659589918970596,0.0166015625,0.0029131439368939027,0.00011387608806963644
1445888,0.0003420301654841751,0.06365244498010725,-0.028669545266893692,0.005859375,0.0008680599567014724,0.00011385048643113158
1446912,0.0012740133970510215,2.289127377793193,-0.08744025940541178,0.029296875,0.0032619228295516223,0.00011382488479262672
1447936,0.0005744590744143352,0.05715839483309537,-0.025808247388340533,0.00927734375,0.004149955027969554,0.00011379928315412185
1448960,-0.0011993531952612102,0.3673094999976456,-0.03851359151303768,0.01123046875,0.0011289196991128847,0.000113773681515617
1449984,0.0004571474564727396,0.10350131045561284,-0.034135230554966256,0.01708984375,0.0018091275996994227,0.00011374807987711214
1451008,-0.0004881435743300244,0.10004596586804837,-0.033709473224007525,0.00830078125,0.0020993538928451017,0.00011372247823860725
1452032,-0.0009010325229610316,0.04922473238548264,-0.03065684126340784,0.009765625,0.0015485120675293729,0.0001136968766001024
1453056,-0.0008590492798248306,0.1663853155914694,-0.034074085429892875,0.00830078125,0.0014602935261791572,0.00011367127496159752
1454080,0.0028584502288140357,1.4485909873619676,-0.0769649971043691,0.03857421875,0.008262359027867205,0.00011364567332309266
1455104,-0.0014710594550706446,0.6394794955849648,-0.0413164371275343,0.00830078125,0.000789812722359784,0.0001136200716845878
1456128,0.0004418262979015708,0.09085479914210737,-0.03186248746351339,0.01806640625,0.007415130530716851,0.00011359447004608293
1457152,0.0012090744421584532,0.08328597329091281,-0.033852207590825856,0.01513671875,0.003238728138967417,0.00011356886840757807
1458176,-0.00017526460578665137,0.3685610310640186,-0.039603924873517826,0.00732421875,0.0017997680988628417,0.00011354326676907322
1459200,-0.0014258130977395922,0.17773207719437778,-0.03333921042212751,0.0185546875,0.004992949237930588,0.00011351766513056834
1460224,-0.0009789592149900272,0.4655691748484969,-0.028667364385910332,0.0166015625,0.005400098656537011,0.00011349206349206348
1461248,-0.00012076289567630738,0.1018267902545631,-0.028545214459882118,0.01513671875,0.006659707287326455,0.00011346646185355863
1462272,0.005928350845351815,0.9323152895085514,-0.05467836913885549,0.021484375,0.0024105739721562713,0.00011344086021505375
1463296,-0.0004595386708388105,0.07153853913769126,-0.022934754815651104,0.00927734375,0.001010247491649352,0.0001134152585765489
1464320,-0.002356422526645474,0.11643835750874132,-0.03427931362239178,0.01904296875,0.0050595787179190665,0.00011338965693804401
1465344,9.608411346562207e-05,0.35584291187115014,-0.03812707876204513,0.01318359375,0.002308968672878109,0.00011336405529953917
1466368,-0.0006478152354247868,0.23686646996065974,-0.0336822709068656,0.00634765625,0.0011495094222482294,0.0001133384536610343
1467392,-0.00139642198337242,0.3477433343650773,-0.03443975241680164,0.00732421875,0.0005641348834615201,0.00011331285202252942
1468416,-0.002237073626019992,0.36658329353667796,-0.03441788090276532,0.01025390625,0.0011027967120753601,0.00011328725038402456
1469440,-0.0005550904315896332,0.07016431156080216,-0.033147421447210945,0.0068359375,0.0009763633570400998,0.0001132616487455197
1470464,0.0011450879246694967,0.07169855386018753,-0.032361761303036474,0.017578125,0.0023182800941867754,0.00011323604710701483
1471488,-0.00019500833877827972,2.930010724812746,-0.06064329744549468,0.01708984375,0.005493023316375911,0.00011321044546850998
1472512,-0.0013486614334397018,0.7787378942593932,-0.047211753379087895,0.0185546875,0.0027640794578474015,0.00011318484383000512
1473536,-0.001048722057021223,0.460912644630298,-0.03616918641637312,0.0146484375,0.0015259670035447925,0.00011315924219150025
1474560,-0.0012053768296027556,0.1246953394729644,-0.03407547157257795,0.017578125,0.003123232861980796,0.00011313364055299539
1475584,0.0004264813760528341,0.8163363812491298,-0.04100405320059508,0.0185546875,0.0029485158011084422,0.00011310803891449053
1476608,0.005176461840164848,0.14360876381397247,-0.029368196628638543,0.01708984375,0.007675714936340228,0.00011308243727598566
1477632,0.002173270913772285,0.11684649111703038,-0.02188800083786191,0.00634765625,0.0013552318996516988,0.00011305683563748078
1478656,-0.0008773129084147513,0.18855549138970673,-0.03037495600801776,0.0166015625,0.0026437892229296267,0.00011303123399897594
1479680,-3.995606675744057e-05,0.11535132280550897,-0.030232942590373568,0.01904296875,0.0035937948850914836,0.00011300563236047105
1480704,-0.0008336887549376115,0.4516828963533044,-0.03593984313192777,0.01171875,0.004572218298562802,0.0001129800307219662
1481728,-0.001603237062226981,0.10634078981820494,-0.03126271956716664,0.0078125,0.003783513850066811,0.00011295442908346132
1482752,-0.0009434161183889955,0.14201741619035602,-0.03217919683083892,0.01611328125,0.0034169482823926955,0.00011292882744495647
1483776,-0.00026347879611421376,0.08519241097383201,-0.026214062767394353,0.0185546875,0.005725950162741356,0.00011290322580645161
1484800,-0.0020198110287310556,0.33196900109760463,-0.03434881995781325,0.013671875,0.0026611991052050143,0.00011287762416794674
1485824,-0.000939150108024478,0.38249880669172853,-0.036933366471203044,0.015625,0.0026391338178655133,0.00011285202252944188
1486848,-0.0008048524032346904,0.12419180059805512,-0.0237788908125367,0.00927734375,0.0037889564700890332,0.00011282642089093702
1487872,-0.00196244427934289,0.29554345994256437,-0.027016562948119827,0.01318359375,0.0023582845024066046,0.00011280081925243215
1488896,-0.0006061615131329745,0.07115021732170135,-0.02850623266567709,0.0048828125,0.0012004364834865555,0.00011277521761392727
1489920,0.001606274163350463,0.11289737280458212,-0.026057790339109488,0.0087890625,0.0024096410488709807,0.00011274961597542243
1490944,0.00010374246630817652,0.1696723783388734,-0.0343326699512545,0.00634765625,0.002553659986006096,0.00011272401433691754
1491968,-0.0030277154801297,0.4154430878115818,-0.034942917758598924,0.01123046875,0.0025323644804302603,0.0001126984126984127
1492992,-0.0005026491999160498,0.05097697430755943,-0.02586153385345824,0.01123046875,0.0035188766050850973,0.00011267281105990781
1494016,-0.00227480725152418,0.4183637900277972,-0.03983627290290315,0.01708984375,0.002167449696571566,0.00011264720942140296
1495040,-0.0008168515050783753,0.06403563008643687,-0.02634211993245117,0.01220703125,0.001686891308054328,0.0001126216077828981
1496064,-0.0007719401473877952,0.11142856359947473,-0.021113742051966256,0.0068359375,0.003048309445148334,0.00011259600614439323
1497088,-0.0006897593848407269,0.7958031315356493,-0.048709894821513444,0.01416015625,0.0022038173337932676,0.00011257040450588837
1498112,0.00040385198371950537,0.15428591333329678,-0.03379023977322504,0.0107421875,0.008709195462870412,0.00011254480286738351
1499136,-0.0014628777862526476,0.41296368767507374,-0.04245616609114222,0.01611328125,0.004271534242434427,0.00011251920122887864
1500160,-0.00023859575594542548,0.09127651841845363,-0.02509335606737295,0.0048828125,0.0013359254953684285,0.00011249359959037377
1501184,-0.00043680626549758017,0.16043124464340508,-0.02896894131845329,0.0107421875,0.0025271277263527736,0.00011246799795186892
1502208,-0.0028799989668186754,0.3764371578581631,-0.044085980392992496,0.02294921875,0.003160315434797667,0.00011244239631336404
1503232,0.00041132757905870676,0.39902668725699186,-0.03889673706726171,0.01708984375,0.0031876845605438575,0.00011241679467485919
1504256,-0.0017693179834168404,0.39585116622038186,-0.03394713230954949,0.01904296875,0.0034070403926307335,0.0001123911930363543
1505280,-0.0024857471144059673,0.05811299488414079,-0.0351361611392349,0.0234375,0.005448359341244213,0.00011236559139784946
1506304,-0.002161402808269486,0.0406327965320088,-0.027042145979066845,0.0166015625,0.004061560626723804,0.00011233998975934459
1507328,-0.0010299285349901766,0.17446565302088857,-0.026322833946323954,0.0107421875,0.000976890281890519,0.00011231438812083972
1508352,-0.00021138905140105635,0.3968565121758729,-0.030497743777232245,0.015625,0.0028639613738050684,0.00011228878648233486
1509376,-0.0028675596258835867,0.4061755002476275,-0.03560112499690149,0.01806640625,0.00334672283497639,0.00011226318484383
1510400,-0.0011959481635130942,0.23752734903246164,-0.02737003960646689,0.01416015625,0.003943915726267733,0.00011223758320532513
1511424,0.000476911140140146,0.13202026742510498,-0.02244355909351725,0.0205078125,0.007054972302285023,0.00011221198156682027
1512448,0.01638794866448734,0.11753242765553296,-0.035411416632996406,0.021484375,0.006255088810576126,0.00011218637992831541
1513472,0.0034657177748158574,0.10260600852780044,-0.02397818668396212,0.01220703125,0.0033982908789766952,0.00011216077828981053
1514496,-0.00021227227989584208,0.5007274654926732,-0.03130889803287573,0.00732421875,0.001514338975539431,0.00011213517665130568
1515520,-0.001462112573790364,0.09558097540866584,-0.023993800603420823,0.00830078125,0.0022848147636977956,0.0001121095750128008
1516544,-0.0009880263532977551,0.3852042085491121,-0.028891754045616835,0.015625,0.003986086449003778,0.00011208397337429595
1517568,0.0007318973075598478,1.9998965803533792,-0.0608455257024616,0.0263671875,0.0035229207860538736,0.00011205837173579108
1518592,0.0020679040608229116,1.1073461323976517,-0.06231280241627246,0.0166015625,0.002876078346162103,0.00011203277009728623
1519616,9.86154773272574e-05,0.4528094958513975,-0.028311010675679427,0.02099609375,0.004986940941307694,0.00011200716845878135
1520640,-0.00014629698125645518,0.9483351102098823,-0.03485928208101541,0.01318359375,0.0026323368947487324,0.00011198156682027649
1521664,-0.0013033819413976744,0.35060079558752477,-0.0316801892768126,0.01171875,0.0013965117250336334,0.00011195596518177162
1522688,-0.0009968448430299759,0.18205386097542942,-0.030561841471353546,0.017578125,0.004783899843459949,0.00011193036354326676
1523712,-0.0033837472583400086,0.5730151473544538,-0.03628510859562084,0.0146484375,0.0019480313058011234,0.0001119047619047619
1524736,-0.00042467250023037195,0.12304056528955698,-0.029774030423141085,0.00634765625,0.0012068565265508369,0.00011187916026625703
1525760,-0.0055803067807573825,0.5676575466059148,-0.04069390508811921,0.0205078125,0.0029590752092190087,0.00011185355862775217
1526784,0.00037016693386249244,0.6041598641313612,-0.038022027772967704,0.01611328125,0.002748640501522459,0.00011182795698924729
1527808,0.0009512249380350113,0.15326902479864657,-0.024541561313526472,0.01025390625,0.003045642646611668,0.00011180235535074244
1528832,-0.002474587265169248,0.09197982423938811,-0.025706268672365695,0.0205078125,0.0021606569353025407,0.00011177675371223757
1529856,-0.001547000021673739,0.08575916569679976,-0.023752116576361004,0.00634765625,0.0009257240453734994,0.00011175115207373272
1530880,-0.0005496929807122797,0.08445690851658583,-0.016571843592828372,0.005859375,0.0013942700024927035,0.00011172555043522784
1531904,-0.0021945767221041024,0.38263940438628197,-0.03563068619405385,0.0107421875,0.001690258432063274,0.00011169994879672298
1532928,-0.0014735457807546481,0.36831612163223326,-0.03262398561128066,0.0166015625,0.005063814300228842,0.00011167434715821811
1533952,-0.0010605128190945834,0.08508512936532497,-0.02972328825853765,0.0107421875,0.001632864965358749,0.00011164874551971325
1534976,-0.0011421320668887347,0.7441513440571725,-0.044949765724595636,0.01904296875,0.0022386622440535575,0.00011162314388120839
1536000,0.000548339041415602,0.456193866673857,-0.037168729526456445,0.01123046875,0.0026737856242107227,0.00011159754224270352
1537024,-0.00017645047046244144,0.1635576521512121,-0.025434484363358933,0.01416015625,0.003444250949542038,0.00011157194060419866
1538048,-0.0010029588593170047,0.14698088634759188,-0.029414986573101487,0.01953125,0.00215934740845114,0.00011154633896569378
1539072,-2.754641172941774e-06,0.2785852267406881,-0.03411484565003775,0.0126953125,0.005533503295737319,0.00011152073732718893
1540096,-0.003984551120083779,0.6323682125657797,-0.041211320320144296,0.02734375,0.007419452289468609,0.00011149513568868406
1541120,-0.0014923800918040797,0.09669585805386305,-0.029841031093383208,0.0146484375,0.002668020431883633,0.00011146953405017921
1542144,-0.0014806346007389948,0.08935134357307106,-0.0293078045360744,0.01708984375,0.003903831820935011,0.00011144393241167433
1543168,-0.000371836191334296,0.3645474826917052,-0.02800280369410757,0.01904296875,0.005129726079758257,0.00011141833077316948
1544192,-0.002210665901657194,0.314765099901706,-0.035229224791692104,0.01708984375,0.006100474420236424,0.0001113927291346646
1545216,0.0002051011542789638,0.6953067961148918,-0.030683332909575256,0.00244140625,0.00021981717145536095,0.00011136712749615974
1546240,0.0008563114242861047,0.07686355640180409,-0.023160203418228775,0.01123046875,0.003671647355076857,0.00011134152585765488
1547264,-0.003280668766819872,0.07596118107903749,-0.02159390295855701,0.01708984375,0.012385110807372257,0.00011131592421915001
1548288,-0.001926168130012229,1.118646606337279,-0.03975474559410941,0.00927734375,0.0019231108599342406,0.00011129032258064515
1549312,-0.0007312506786547601,0.1317083319881931,-0.027997642406262457,0.00537109375,0.0006032501405570656,0.0001112647209421403
1550336,-0.0009263793472200632,0.0833651777356863,-0.023747605460812338,0.0107421875,0.0025831080420175567,0.00011123911930363542
1551360,-0.00047901359357638285,0.08268721040803939,-0.02551858285733033,0.01025390625,0.0010633126221364364,0.00011121351766513055
1552384,-0.002184188342653215,0.5416304687969387,-0.03521055151941255,0.0087890625,0.002249549754196778,0.0001111879160266257
1553408,-0.0028917995805386454,0.37302047095727175,-0.029895060491980985,0.0146484375,0.0018079816945828497,0.00011116231438812082
1554432,0.0005029547755839303,0.0683850939385593,-0.023145560058765113,0.01025390625,0.004350999413873069,0.00011113671274961597
1555456,-0.0010385017594671808,0.6244388590566814,-0.02684348323964514,0.01123046875,0.003414546197745949,0.00011111111111111109
1556480,-0.00012063559552188963,0.3897192873992026,-0.024938685171946418,0.00390625,0.0002685694344108924,0.00011108550947260624
1557504,-0.0012763269478455186,0.5056404226925224,-0.027522867254447192,0.0224609375,0.007485980124329217,0.00011105990783410137
1558528,-0.00018452704534865916,0.5743166480679065,-0.03959531121654436,0.01513671875,0.005055792149505578,0.0001110343061955965
1559552,-0.0012188394903205335,1.6052711736410856,-0.06054423481691629,0.0146484375,0.00211209143162705,0.00011100870455709164
1560576,0.0026891475354204886,0.900073257740587,-0.03936150367371738,0.0185546875,0.00497850489045959,0.00011098310291858678
1561600,-0.00015395294758491218,0.5286122828256339,-0.02707941234257305,0.009765625,0.0028986137767788023,0.00011095750128008191
1562624,-0.0009903963800752535,0.36487388564273715,-0.034404650214128196,0.01416015625,0.00213878792419564,0.00011093189964157705
1563648,-0.002662883751327172,0.11198969883844256,-0.027815968311188044,0.015625,0.006393592251697555,0.0001109062980030722
1564672,-0.0018090151570504531,0.669630522839725,-0.03598531770694535,0.015625,0.0031354467064375058,0.00011088069636456731
1565696,-0.000321549698128365,0.10243475378956646,-0.024047025966865476,0.01171875,0.002298112289281562,0.00011085509472606247
1566720,-0.0005300086486386135,0.4060929187107831,-0.024562786678870907,0.0087890625,0.003435336460825056,0.00011082949308755758
1567744,-0.0011922906851395965,0.12654151930473745,-0.023369393347820733,0.00927734375,0.0019798931461991742,0.00011080389144905273
1568768,-0.0013956304755993187,0.7788295298814774,-0.03937539239996113,0.01123046875,0.0015979039308149368,0.00011077828981054786
1569792,0.00021301496599335223,0.29792293906211853,-0.029501866243663244,0.013671875,0.0034114099107682705,0.00011075268817204299
1570816,0.00021633110009133816,1.1084743971005082,-0.0375722422322724,0.01806640625,0.003108023782260716,0.00011072708653353813
1571840,-0.0016482487262692302,0.5704010319896042,-0.030588984038331546,0.01220703125,0.00744665258389432,0.00011070148489503327
1572864,-0.0011441898386692628,0.06514324160525575,-0.02609929526806809,0.00732421875,0.0015386759187094867,0.0001106758832565284
1573888,0.0023268099685083143,0.4618423597421497,-0.0312040401622653,0.00439453125,0.002498572983313352,0.00011065028161802354
1574912,-0.0008701312472112477,0.04623656132025644,-0.024451746456179535,0.01123046875,0.0022850738459965214,0.00011062467997951869
1575936,-0.0003989755059592426,0.10071997612249106,-0.024098649038933218,0.01220703125,0.0015294935583369806,0.00011059907834101381
1576960,0.000658884113363456,0.056768678477965295,-0.023000937755568884,0.0126953125,0.0031845748890191317,0.00011057347670250896
1577984,-0.002471259816957172,0.3967441183049232,-0.03354345730622299,0.01171875,0.0013176137144910172,0.00011054787506400407
1579008,-0.0014349598495755345,0.18624787172302604,-0.02116392214611551,0.0078125,0.0019473725405987352,0.00011052227342549923
1580032,-0.002899670274928212,0.362477655056864,-0.030511010372720193,0.0205078125,0.0038330428214976564,0.00011049667178699435
1581056,-0.002103739694575779,0.5407180106267333,-0.034669831169594545,0.013671875,0.0020982933638151735,0.00011047107014848951
1582080,-0.0018176825251430273,0.3475164342671633,-0.03827465832000598,0.009765625,0.0009607978718122467,0.00011044546850998462
1583104,0.0004416541487444192,0.13099837000481784,-0.02827334761605016,0.00927734375,0.003709456286742352,0.00011041986687147976
1584128,-0.002048388938419521,0.7459704861976206,-0.03891595409368165,0.02880859375,0.005088706064270809,0.00011039426523297489
1585152,-0.0002365215914323926,0.44773921952582896,-0.029306316428119317,0.00830078125,0.0008245414646808058,0.00011036866359447003
1586176,-0.001308216669713147,0.492161275818944,-0.033712494929204695,0.01220703125,0.0026717319851741195,0.00011034306195596518
1587200,-0.0008787325932644308,0.07551530108321458,-0.027875786676304415,0.01806640625,0.006518421199871227,0.0001103174603174603
1588224,-0.004129160224692896,0.37976989592425525,-0.03528293615090661,0.02587890625,0.003954722924390808,0.00011029185867895545
1589248,-0.000821485067717731,0.35613225656561553,-0.02784423209959641,0.013671875,0.002733799861744046,0.00011026625704045057
1590272,0.005211045645410195,0.10899813822470605,-0.023131544556235895,0.01025390625,0.004632094933185726,0.00011024065540194572
1591296,-0.00041558887460269034,0.4773648246191442,-0.026440379006089643,0.0205078125,0.003346981917275116,0.00011021505376344084
1592320,-0.0021856246166862547,0.38924275105819106,-0.024654317880049348,0.01123046875,0.001993104218854569,0.000110189452124936
1593344,-0.00026803743094205856,0.09493005112744868,-0.026957600726746023,0.01025390625,0.002046364243142307,0.00011016385048643111
1594368,-0.0008792010048637167,0.08719905710313469,-0.026278688805177808,0.005859375,0.0018888294725911692,0.00011013824884792627
1595392,0.0004928205453325063,0.06559685140382499,-0.02691764615883585,0.0107421875,0.002869383286451921,0.00011011264720942138
1596416,-0.001600661053089425,0.25693342089653015,-0.03282726401812397,0.0107421875,0.003115943807642907,0.00011008704557091653
1597440,0.0008617708226665854,0.32385707600042224,-0.02781475568190217,0.00732421875,0.0019094968592980877,0.00011006144393241167
1598464,-0.0017802346410462633,0.06009360763709992,-0.02107474720105529,0.0087890625,0.006109519948950037,0.0001100358422939068
1599488,-0.000597134159761481,0.9342085658572614,-0.026297407384845428,0.01806640625,0.004426411716849543,0.00011001024065540194
1600512,0.0003974390565417707,0.07752799685113132,-0.023606312854099087,0.0107421875,0.0017436850175727159,0.00010998463901689708
1601536,-0.0012254505418241024,0.08656178368255496,-0.02269528581018676,0.0107421875,0.006632205739151686,0.0001099590373783922
1602560,-0.0018427349423291162,0.7535131489858031,-0.03897345991572365,0.017578125,0.0037624863325618207,0.00010993343573988733
1603584,-0.0010866064912988804,0.07183390320278704,-0.027628273441223428,0.01318359375,0.005699239831301384,0.00010990783410138249
1604608,-0.0012314904597587883,0.09968509303871542,-0.027773835478001274,0.015625,0.0022962297225603834,0.0001098822324628776
1605632,-0.0007600445678690448,0.05847405840177089,-0.02994507235416677,0.013671875,0.001232301365234889,0.00010985663082437276
1606656,-0.0017422107048332691,0.06868950882926583,-0.02508305964875035,0.013671875,0.0028414169210009277,0.00010983102918586787
1607680,-0.0013453412539092824,0.1376020449679345,-0.02781862842675764,0.0146484375,0.00276425619085785,0.00010980542754736303
1608704,3.635414759628475e-05,0.44950887211598456,-0.029998468700796366,0.015625,0.0055104033526731655,0.00010977982590885816
1609728,1.9928003894165158e-05,0.07683841965626925,-0.02929696442151908,0.0126953125,0.004632614261936396,0.00010975422427035329
1610752,-0.001301302996580489,0.9207953517325222,-0.04538822526228614,0.02099609375,0.0025667835725471377,0.00010972862263184843
1611776,-0.0019193158077541739,0.12597468786407262,-0.02450355917244451,0.017578125,0.007510754789109342,0.00010970302099334357
1612800,-0.001366115888231434,0.36337182752322406,-0.030025938780454453,0.00634765625,0.0037634868640452623,0.0001096774193548387
1613824,-0.001469566414016299,0.6133237085305154,-0.029530038533266634,0.00732421875,0.0014395844627870247,0.00010965181771633384
1614848,-0.0010785541962832212,0.5666131959296763,-0.03852871566778049,0.009765625,0.001205392269184813,0.00010962621607782898
1615872,-0.0011378356721252203,0.12276199832558632,-0.024087629783025477,0.01025390625,0.0022960472851991653,0.0001096006144393241
1616896,-0.0011611354711931199,0.10254045343026519,-0.01942938096181024,0.01123046875,0.002540094865253195,0.00010957501280081925
1617920,-0.000658588731312193,0.06755488202907145,-0.022604686208069324,0.01171875,0.0019378890574444085,0.00010954941116231438
1618944,-0.0010773639078252017,0.11168242373969406,-0.023475352936657146,0.00537109375,0.0006479199364548549,0.00010952380952380952
1619968,-0.0023770988409523852,0.6492516924627125,-0.03369122202275321,0.01171875,0.0022367532219504938,0.00010949820788530465
1620992,-0.0002461312396917492,0.7514434247277677,-0.027652887860313058,0.009765625,0.004964390158420429,0.00010947260624679978
1622016,-0.00043063281918875873,0.17979003908112645,-0.03198783111292869,0.00537109375,0.0017790986748877913,0.00010944700460829492
1623040,-0.000351246511854697,0.08834453369490802,-0.022506346977024805,0.005859375,0.0034927247470477596,0.00010942140296979006
1624064,1.7438840586692095e-05,0.054660235648043454,-0.025125880951236468,0.0087890625,0.0010592859762255102,0.00010939580133128519
1625088,-0.0011130710772704333,0.1207297034561634,-0.02843726595165208,0.01318359375,0.002837212523445487,0.00010937019969278033
1626112,-0.000826864066766575,0.3108479492366314,-0.024313176443683915,0.005859375,0.0009423129085917026,0.00010934459805427547
1627136,-0.0030434626823989674,0.7214065997395664,-0.037386397598311305,0.01953125,0.00431670289253816,0.00010931899641577058
1628160,-0.002407267442322336,0.059205931262113154,-0.02378769138158532,0.02197265625,0.012556085901451297,0.00010929339477726574
1629184,0.00041010696440935135,0.16544631961733103,-0.024113983861752786,0.00927734375,0.0016007485537556931,0.00010926779313876087
1630208,-0.0018865742313209921,0.5141132913995534,-0.031300245827878825,0.0107421875,0.002699646385735832,0.00010924219150025601
1631232,-0.0009632452420191839,0.5892313807271421,-0.02644522923947079,0.005859375,0.0005729599943151698,0.00010921658986175114
1632256,-0.000465325138065964,0.13471875712275505,-0.02386531687079696,0.0078125,0.0028274527576286346,0.00010919098822324629
1633280,-0.0003761005064006895,0.19318812689743936,-0.02313250079896534,0.01220703125,0.004311235199565999,0.00010916538658474141
1634304,-0.001447406568331644,0.6040569057222456,-0.030428951809881255,0.00927734375,0.001404464157531038,0.00010913978494623655
1635328,-0.0005779901548521593,0.0769236353226006,-0.02375538465275895,0.009765625,0.0015784267598064616,0.00010911418330773168
1636352,-0.0003616805770434439,0.17775310622528195,-0.030714297899976373,0.01318359375,0.0014199238212313503,0.00010908858166922682
1637376,-0.00111350609222427,0.09081963705830276,-0.028450921963667497,0.01123046875,0.003383269067853689,0.00010906298003072196
1638400,0.0011479417444206774,0.15081146906595677,-0.02817955400678329,0.01416015625,0.008124929692712612,0.00010903737839221709
1639424,-0.0016219344834098592,0.10212563956156373,-0.02760857286193641,0.01318359375,0.002674876610399224,0.00010901177675371223
1640448,-0.001215149852214381,0.11686009098775685,-0.026868302797083743,0.009765625,0.0005871792236575857,0.00010898617511520736
1641472,-0.0005404831026680768,0.07331674848683178,-0.021313509685569443,0.0087890625,0.0030144452321110293,0.0001089605734767025
1642496,-0.0009722393588162959,0.17491670162416995,-0.025470081682215095,0.00634765625,0.0016792613314464688,0.00010893497183819763
1643520,0.002396584444795735,0.125382523634471,-0.025514612570987083,0.015625,0.005556814212468453,0.00010890937019969278
1644544,-0.0009833969234023243,0.2037225179374218,-0.023153350386564853,0.00537109375,0.0012704701657639816,0.0001088837685611879
1645568,-0.0012290418235352263,0.19578784797340631,-0.02427702689601574,0.0078125,0.0026516618963796645,0.00010885816692268305
1646592,-0.00019567446724977344,0.1107862601056695,-0.02829935197951272,0.0107421875,0.0013299733109306544,0.00010883256528417818
1647616,-0.000754648121073842,0.04975930170621723,-0.02952090959297493,0.01171875,0.0018584095378173515,0.00010880696364567331
1648640,-0.0024890303902793676,0.12810153444297612,-0.03283186405315064,0.0146484375,0.015548674957244657,0.00010878136200716845
1649664,-0.000872581877047196,0.13649980071932077,-0.02444782660313649,0.0126953125,0.0025799576105782762,0.00010875576036866358
1650688,0.0004523469106061384,0.1283382778055966,-0.028171981444756966,0.0107421875,0.009766524031874724,0.00010873015873015872
1651712,-0.0008207766804844141,0.048696764395572245,-0.022334727003908483,0.009765625,0.0026756560255307704,0.00010870455709165386
1652736,0.000311650219373405,0.06191022624261677,-0.02539454837096855,0.01123046875,0.006471990069258027,0.00010867895545314899
1653760,-0.0010947549308184534,0.2919539011782035,-0.03443190512189176,0.0185546875,0.003755490528419614,0.00010865335381464412
1654784,-0.000519784283824265,0.38828122336417437,-0.0324246890086215,0.0126953125,0.0035316274443175644,0.00010862775217613927
1655808,-0.0021202079515205696,0.6299549168907106,-0.03985812945757061,0.025390625,0.00306742123211734,0.00010860215053763439
1656832,0.0017791649152059108,0.08868433104362339,-0.02816838660510257,0.01611328125,0.011385948746465147,0.00010857654889912954
1657856,-0.0012045608600601554,0.09877673001028597,-0.025102561819949187,0.01953125,0.004220399816404097,0.00010855094726062467
1658880,-0.001575991336721927,0.14197101234458387,-0.0260355254431488,0.017578125,0.0073256041505374014,0.0001085253456221198
1659904,0.00027082891756435856,0.4302135945763439,-0.03419437195407227,0.0048828125,0.0005225527420407161,0.00010849974398361494
1660928,-8.631414675619453e-05,0.1348614937160164,-0.02473597844800679,0.0126953125,0.0020365763048175722,0.00010847414234511008
1661952,-0.004427954016136937,0.5079587842337787,-0.03396908509603236,0.01220703125,0.002266229406814091,0.00010844854070660521
1662976,-0.0005357230693334714,0.0557832334889099,-0.028219093845109455,0.01318359375,0.0032501206878805533,0.00010842293906810035
1664000,-0.0006867491320008412,0.3714898000471294,-0.026309559179935604,0.0107421875,0.002050431532552466,0.00010839733742959548
1665024,-0.0015258644125424325,0.09080621122848243,-0.02602408498933073,0.01171875,0.007733866819762625,0.00010837173579109061
1666048,0.0004753989778691903,0.4575451617129147,-0.028311546571785584,0.0107421875,0.0028269559261389077,0.00010834613415258576
1667072,-0.0007337299757637084,0.06893455039244145,-0.026215961574052926,0.0078125,0.0031090005504665896,0.00010832053251408088
1668096,-0.0019492373103275895,0.14312319550663233,-0.02502360507787671,0.01611328125,0.0017266315262531862,0.00010829493087557603
1669120,-0.0006285832641879097,0.5436046666000038,-0.03201690649439115,0.01025390625,0.002825916380970739,0.00010826932923707116
1670144,0.0002446045109536499,1.1129185585305095,-0.04296151248854585,0.0048828125,0.0005341775686247274,0.0001082437275985663
1671168,-0.0010280556889483705,0.09761027724016458,-0.025021903311426286,0.01708984375,0.0024274644383694977,0.00010821812596006143
1672192,-0.0017852538876468316,0.1254102267557755,-0.028955739369848743,0.0126953125,0.00533383029687684,0.00010819252432155657
1673216,-0.00035824987571686506,0.37956863385625184,-0.034771560749504715,0.00341796875,0.0003267721476731822,0.0001081669226830517
1674240,-0.0019842589390464127,1.0822951695881784,-0.04833552980562672,0.01904296875,0.0036797942157136276,0.00010814132104454684
1675264,-0.00041331833926960826,0.16597221163101494,-0.03014247794635594,0.0048828125,0.0016552679880987853,0.00010811571940604198
1676288,-0.0007846700900699943,0.6679336638189852,-0.04178939774283208,0.02197265625,0.004161910532275215,0.00010809011776753711
1677312,-0.0007556404743809253,1.1210908582434058,-0.056494282092899084,0.0166015625,0.002750822255620733,0.00010806451612903225
1678336,-0.0007534222095273435,1.0560736116021872,-0.06013693258864805,0.013671875,0.0014761881029698998,0.00010803891449052737
1679360,-0.00020303178462199867,0.0941105829551816,-0.0268086228024913,0.01123046875,0.0028611722664209083,0.00010801331285202252
1680384,0.0002608421491459012,1.0701714046299458,-0.06352736346889287,0.0400390625,0.005786656416603364,0.00010798771121351765
1681408,-0.0023523548152297735,0.3838165565393865,-0.04003017907962203,0.01416015625,0.0015899918362265453,0.0001079621095750128
1682432,-0.0007602492696605623,0.5490005477331579,-0.03179776939214207,0.0087890625,0.004067661604494788,0.00010793650793650792
1683456,-0.00032026607368607074,0.4492084204684943,-0.04496696882415563,0.00732421875,0.0013360012671910226,0.00010791090629800308
1684480,0.0006081885367166251,0.7848737947642803,-0.04854012420400977,0.009765625,0.001281911987462081,0.00010788530465949819
1685504,-0.00456449107878143,0.2774275739211589,-0.03766948651173152,0.013671875,0.002272671728860587,0.00010785970302099333
1686528,0.0019043021457036957,0.4888122291304171,-0.03830937168095261,0.00634765625,0.001773778858478181,0.00010783410138248848
1687552,-0.0021176597219891846,0.9428051402792335,-0.03738903185876552,0.02392578125,0.0039410367025993764,0.0001078084997439836
1688576,-6.10657298238948e-05,0.5271777990274131,-0.03577969843172468,0.01611328125,0.004578061314532533,0.00010778289810547875
1689600,-0.0007008236862020567,0.45603422448039055,-0.031192725466098636,0.0078125,0.0016555985494051129,0.00010775729646697389
1690624,-0.0020352299616206437,0.6898635793477297,-0.05456176248844713,0.01904296875,0.0030085423350101337,0.00010773169482846901
1691648,-0.0020328368118498474,0.17085036309435964,-0.03461001015966758,0.02197265625,0.004257607681211084,0.00010770609318996414
1692672,-0.0005228948430158198,1.0111776692792773,-0.06154685054207221,0.02294921875,0.002109299966832623,0.0001076804915514593
1693696,-0.00021941970044281334,0.2195616045501083,-0.028971427484066226,0.015625,0.00715469969145488,0.00010765488991295441
1694720,-0.00193092692643404,1.2670526150614023,-0.043630004744045436,0.0185546875,0.0024816716177156195,0.00010762928827444957
1695744,-0.0023765374353388324,0.1989766419865191,-0.02807332299562404,0.00634765625,0.0022185342386364937,0.00010760368663594468
1696768,-0.0013835567369824275,0.16301692253910005,-0.030749434954486787,0.005859375,0.0026974871434504166,0.00010757808499743982
1697792,-0.0025069976691156626,0.831455544102937,-0.049463144852779806,0.0224609375,0.00575980162830092,0.00010755248335893497
1698816,-0.0008674508280819282,0.07549783762078732,-0.03003845567582175,0.013671875,0.0027119882142869756,0.0001075268817204301
1699840,-0.0008878659427864477,0.1456697261892259,-0.026939046663756017,0.0078125,0.0007964384712977335,0.00010750128008192524
1700864,-0.001183134038001299,0.7327555743977427,-0.045758506981655955,0.01806640625,0.0020756480080308393,0.00010747567844342038
1701888,-0.0018238868215121329,0.8387773968279362,-0.04384379630209878,0.0146484375,0.0024309383443323895,0.0001074500768049155
1702912,0.0003291377070127055,0.8609215163160115,-0.031263734970707446,0.009765625,0.000984500875347294,0.00010742447516641063
1703936,-0.00017813718295656145,0.15666966862045228,-0.029948485622298904,0.0068359375,0.0008718312456039712,0.00010739887352790579
1704960,-0.0005258851597318426,0.1208742595044896,-0.02973706045304425,0.005859375,0.0018879473209381104,0.0001073732718894009
1705984,-0.0029564719006884843,0.5669476874172688,-0.03660110745113343,0.00830078125,0.0008633776305941865,0.00010734767025089606
1707008,-0.001625491728191264,0.26754714152775705,-0.03682310486328788,0.01171875,0.0010959730425383896,0.00010732206861239117
1708032,-0.0026371046842541546,0.37806716561317444,-0.03338961511326488,0.01123046875,0.0011360463831806555,0.00010729646697388633
1709056,-0.002667617634870112,0.6397452102974057,-0.037746525660622865,0.01416015625,0.002456983464071527,0.00010727086533538146
1710080,-0.0013098260096739978,0.096830906230025,-0.029292099221493118,0.0166015625,0.009678822520072572,0.00010724526369687658
1711104,-0.0029169572080718353,0.4273285889066756,-0.0330078870174475,0.015625,0.0043188939889660105,0.00010721966205837173
1712128,-0.0008151794027071446,0.12192845367826521,-0.03382652314030565,0.0107421875,0.002567137373262085,0.00010719406041986687
1713152,-0.0011984489829046652,0.08434625051449984,-0.03226085257483646,0.00830078125,0.0019152598251821473,0.000107168458781362
1714176,-0.0014287210651673377,0.8316254150122404,-0.048438223951961845,0.005859375,0.0013708249025512487,0.00010714285714285714
1715200,-0.0009102833573706448,0.7793799061328173,-0.04471024434315041,0.005859375,0.00132799128186889,0.00010711725550435228
1716224,-0.0025645321584306657,0.9378028381615877,-0.05083961720811203,0.00830078125,0.001014778797980398,0.0001070916538658474
1717248,0.000568073708564043,0.08428848604671657,-0.027339922613464296,0.00927734375,0.00992163889168296,0.00010706605222734255
1718272,-0.001996929495362565,0.41191850509494543,-0.027471087989397347,0.01123046875,0.0013007842062506825,0.00010704045058883766
1719296,-0.001622828254767228,0.13360523316077888,-0.02982624270953238,0.00927734375,0.0016571506130276248,0.00010701484895033282
1720320,0.0004961414088029414,0.7301581404171884,-0.05984423606423661,0.0068359375,0.0024550659145461395,0.00010698924731182795
1721344,-0.0027539959919522516,0.7419510604813695,-0.037992716883309186,0.0126953125,0.0018836132221622393,0.0001069636456733231
1722368,-0.0027123584077344276,0.3487756918184459,-0.031182970094960183,0.00927734375,0.0017503632843727246,0.00010693804403481822
1723392,-0.00126660852401983,0.5171798997325823,-0.0393615638022311,0.01220703125,0.002283051173435524,0.00010691244239631336
1724416,-0.0008318428008351475,0.13895254116505384,-0.028610766952624545,0.01513671875,0.004128021260839887,0.00010688684075780849
1725440,-0.004197617032332346,1.5182030946016312,-0.07681191025767475,0.04150390625,0.006236344270291738,0.00010686123911930363
1726464,0.0010368636285420507,0.3444346603937447,-0.033250652166316286,0.015625,0.007075450892443769,0.00010683563748079877
1727488,-0.0009479577711317688,0.12322635482996702,-0.030170578422257677,0.01416015625,0.004606505666743033,0.0001068100358422939
1728512,-0.003780039172852412,0.5177505179308355,-0.0437173904501833,0.01904296875,0.003080804963246919,0.00010678443420378904
1729536,-0.00074291109922342,0.11111852922476828,-0.031656727893278,0.0078125,0.0011812544107669964,0.00010675883256528415
1730560,-0.002458127972204238,0.6094215782359242,-0.03650369885144755,0.0087890625,0.006936097706784494,0.00010673323092677931
1731584,-0.0008013342448975891,0.49587265914306045,-0.04028243955690414,0.0048828125,0.0006633051816606894,0.00010670762928827444
1732608,-0.0020713336271001026,0.5750115271657705,-0.04275736669660546,0.01171875,0.001634968415601179,0.00010668202764976959
1733632,0.00024406540615018457,0.5623707668855786,-0.04170342272846028,0.0087890625,0.0014122578577371314,0.0001066564260112647
1734656,-0.0012383433713694103,0.10218416096176952,-0.028452265280066058,0.0087890625,0.0012724371481454,0.00010663082437275985
1735680,-0.0003236292104702443,0.08844433387275785,-0.026650850792066194,0.01171875,0.001704666850855574,0.00010660522273425498
1736704,-0.0002340032224310562,0.42708030762150884,-0.03610856848536059,0.01708984375,0.0030130606319289654,0.00010657962109575012
1737728,-0.0016638632223475724,0.6779018314555287,-0.05039997029234655,0.01611328125,0.003221920764190145,0.00010655401945724526
1738752,-0.002162169141229242,0.7704946300946176,-0.04329202987719327,0.01953125,0.002423003621515818,0.00010652841781874039
1739776,0.00763600917707663,0.4639346217736602,-0.04245285733486526,0.0185546875,0.007056954884319566,0.00010650281618023553
1740800,-0.000635377989965491,1.1337076434865594,-0.05405370442895219,0.02197265625,0.00534771713137161,0.00010647721454173067
1741824,-0.001283116638660431,0.5404923513997346,-0.03545841804589145,0.01123046875,0.0032293036492774263,0.0001064516129032258
1742848,-0.0008585804898757488,0.5758681893348694,-0.03588413342367858,0.01318359375,0.001651190614211373,0.00010642601126472093
1743872,-0.001862704084487632,0.1390062349382788,-0.02470830767924781,0.01708984375,0.0038688688655383885,0.00010640040962621608
1744896,-0.00116624388465425,0.4023400414735079,-0.03552092396421358,0.00341796875,0.0012259083159733564,0.0001063748079877112
1745920,-0.001745207206113264,0.6109464131295681,-0.04203109719674103,0.02978515625,0.0062057881586952135,0.00010634920634920635
1746944,-0.0004118234064662829,0.09857218211982399,-0.024772159551503137,0.0107421875,0.001215456664795056,0.00010632360471070147
1747968,-0.001363802672130987,0.10849344951566309,-0.024816495899358415,0.00634765625,0.001901288953376934,0.00010629800307219661
1748992,9.055569535121322e-06,0.48651261581107974,-0.032818218372995034,0.02294921875,0.008163399063050747,0.00010627240143369175
1750016,-0.0006300417298916727,0.5096559813246131,-0.035478119272738695,0.0068359375,0.0012091805547242984,0.00010624679979518688
1751040,-0.0011557292309589684,0.5715563143603504,-0.03989069949602708,0.005859375,0.0010173220944125205,0.00010622119815668202
1752064,-0.001693926751613617,0.16758737084455788,-0.033809717308031395,0.01806640625,0.005062235984951258,0.00010619559651817716
1753088,-0.00030874092772137374,0.3778627053834498,-0.02876180352177471,0.00927734375,0.0017803812952479348,0.00010616999487967229
1754112,-0.003068070007429924,0.572670140536502,-0.04004230001010001,0.01904296875,0.004472584696486592,0.00010614439324116742
1755136,-0.003031333821127191,0.3061160841025412,-0.031653984740842134,0.009765625,0.0015802082052687183,0.00010611879160266257
1756160,-0.0021235491731204093,0.4098394273314625,-0.03522646281635389,0.0078125,0.0010015971784014255,0.00010609318996415769
1757184,-0.00073380734102102,0.09622958255931735,-0.029390915129624773,0.01220703125,0.0025465680519118905,0.00010606758832565284
1758208,-0.002026005560765043,0.2764091936405748,-0.030501400731736794,0.01708984375,0.013198748318245634,0.00010604198668714796
1759232,-0.0024261927173938602,0.49192911270074546,-0.038421358476625755,0.0146484375,0.0027914716629311442,0.00010601638504864311
1760256,-0.0008932398777687922,0.43156236107461154,-0.03075511737188208,0.01025390625,0.0038179077237145975,0.00010599078341013824
1761280,-9.101189789362252e-06,0.9147464265115559,-0.04352034704061225,0.00634765625,0.0012847881007473916,0.00010596518177163337
1762304,0.0016400223394157365,0.09479549073148519,-0.021591107215499505,0.01025390625,0.006915422374731861,0.00010593958013312851
1763328,-0.0022306196042336524,0.9203146933577955,-0.038412311230786145,0.013671875,0.0035360060282982886,0.00010591397849462365
1764352,-0.0028519383777165785,0.3305429758038372,-0.02933181539265206,0.01220703125,0.0031302497518481687,0.00010588837685611878
1765376,-0.002020813277340494,0.8056932920590043,-0.02070546335016843,0.009765625,0.004343616310507059,0.00010586277521761392
1766400,-0.0035789172834483907,0.33236802252940834,-0.03133832597814035,0.017578125,0.0052111088880337775,0.00010583717357910906
1767424,-0.0017942357517313212,0.8539709956385195,-0.02680821115791332,0.01953125,0.0038186254241736606,0.00010581157194060418
1768448,-0.0013750175567111,0.3804736661259085,-0.030238599720178172,0.01513671875,0.0026113652565982193,0.00010578597030209933
1769472,-0.0006523522606585175,0.34791451250202954,-0.027551876512006857,0.01318359375,0.001229845394846052,0.00010576036866359445
1770496,-0.0004537776767392643,0.7135339481756091,-0.035201060032704845,0.01123046875,0.001538380776764825,0.0001057347670250896
1771520,-0.0006269299919949844,0.40196915762498975,-0.03131216304609552,0.00732421875,0.0009298186341766268,0.00010570916538658473
1772544,-0.0010650493059074506,0.15841968811582774,-0.030016191871254705,0.009765625,0.003478823200566694,0.00010568356374807989
1773568,-0.002681477490114048,0.06254536518827081,-0.024607851650216617,0.02099609375,0.004556112180580385,0.000105657962109575
1774592,-0.0004927355621475726,0.49683842062950134,-0.03002755274064839,0.009765625,0.0024556764983572066,0.00010563236047107014
1775616,-0.003719641317729838,0.6434283195994794,-0.0300153039424913,0.0126953125,0.0026626156613929197,0.00010560675883256527
1776640,-0.0020008789870189503,0.4245825511170551,-0.02621481470123399,0.00927734375,0.0010625302093103528,0.00010558115719406041
1777664,-0.0005722618952859193,0.4197920626029372,-0.02741960719868075,0.01123046875,0.0020184764434816316,0.00010555555555555555
1778688,-0.0007710937934461981,0.14140635076910257,-0.02521387638989836,0.0068359375,0.0013763875613221899,0.00010552995391705068
1779712,-0.0009552932533551939,0.10208454204257578,-0.022178207982506137,0.01318359375,0.003801975501119159,0.00010550435227854582
1780736,-0.0007746423943899572,0.4143048971891403,-0.02908799349097535,0.01123046875,0.0021235730819171295,0.00010547875064004094
1781760,0.00010601629037410021,0.1465614684857428,-0.025862252703518607,0.0107421875,0.0023333812423516065,0.0001054531490015361
1782784,-0.0015043424646137282,0.12702203472144902,-0.025569237710442394,0.01318359375,0.006064424102078192,0.00010542754736303122
1783808,-5.091160710435361e-05,0.08627797139342874,-0.027695814387698192,0.00732421875,0.0014867205027258024,0.00010540194572452638
1784832,-0.003599495772505179,0.6393142743036151,-0.04187075266963802,0.029296875,0.004799981354153715,0.00010537634408602149
1785856,-0.0010451286216266453,0.16633346071466804,-0.030207115531084128,0.01318359375,0.007319575539440848,0.00010535074244751663
1786880,-0.0015166251978371292,0.32931183464825153,-0.033825970836915076,0.01123046875,0.0032501466484973207,0.00010532514080901176
1787904,-0.0006752823246642947,0.06954458332620561,-0.02157814532984048,0.00439453125,0.00038593384670093656,0.0001052995391705069
1788928,8.800311479717493e-05,0.05336660105967894,-0.020909378730721073,0.01123046875,0.0023643070308025926,0.00010527393753200204
1789952,-0.0015031661605462432,0.8056974853388965,-0.031017194807645865,0.01513671875,0.001238883938640356,0.00010524833589349717
1790976,5.5252283345907927e-05,0.07924685382749885,-0.02510711256763898,0.00634765625,0.001088855613488704,0.00010522273425499231
1792000,0.00013698535622097552,0.10606519994325936,-0.02990705842967145,0.01123046875,0.004285980787244625,0.00010519713261648743
1793024,0.00048453597992192954,0.10910180758219212,-0.029075003403704613,0.01611328125,0.002251898476970382,0.00010517153097798258
1794048,-0.0034518629545345902,0.06397479015868157,-0.029432928437017836,0.01318359375,0.002519926187233068,0.00010514592933947771
1795072,-0.00028547938563860953,0.8325149966403842,-0.03631917777238414,0.0185546875,0.006112079267040826,0.00010512032770097287
1796096,-0.0005253873387118801,0.38639973825775087,-0.028464505870942958,0.0126953125,0.00334372982615605,0.00010509472606246798
1797120,-0.0023042160901241004,0.3730365385999903,-0.03795908816391602,0.02978515625,0.004711035900982097,0.00010506912442396314
1798144,-0.0009267614659620449,0.1105829591397196,-0.026489106050576083,0.00927734375,0.0030769216682529077,0.00010504352278545825
1799168,-0.0019486660894472152,0.3461237361188978,-0.029819829273037612,0.009765625,0.0016988602001219988,0.00010501792114695339
1800192,-0.0009242266532965004,0.05816822941415012,-0.026755464263260365,0.015625,0.0030298606143333018,0.00010499231950844853
1801216,-0.0018225748935947195,0.6720384592190385,-0.034352628761553206,0.01611328125,0.0016920765629038215,0.00010496671786994366
1802240,-0.0008116568715195172,0.8284476436674595,-0.03440113682881929,0.01171875,0.0026871586160268635,0.0001049411162314388
1803264,-0.0017620791040826589,0.05598395434208214,-0.026602615340379998,0.0126953125,0.0020058189984411,0.00010491551459293395
1804288,-0.0030970650987001136,0.4160431392956525,-0.0329485647380352,0.0126953125,0.00196673211758025,0.00010488991295442907
1805312,-0.0009883783641271293,0.3729870733805001,-0.033355256280628964,0.0146484375,0.0027752578898798674,0.0001048643113159242
1806336,-1.5108336810953915e-05,0.057994736707769334,-0.022253021161304787,0.0107421875,0.0023510082974098623,0.00010483870967741936
1807360,0.0007539657090092078,0.4564873012714088,-0.028820571023970842,0.013671875,0.004119280289160088,0.00010481310803891447
1808384,-0.0032780463006929494,0.351027489406988,-0.0437191019882448,0.01513671875,0.0017492168408352882,0.00010478750640040963
1809408,-0.0025511017665849067,0.3622019743779674,-0.028495797945652157,0.00927734375,0.003853551737847738,0.00010476190476190474
1810432,-0.0014053434715606272,0.19691255688667297,-0.027788805775344372,0.0126953125,0.002115408016834408,0.0001047363031233999
1811456,-0.0009915506525430828,0.10679602273739874,-0.027106974521302618,0.0078125,0.003760409526876174,0.00010471070148489503
1812480,-0.0008504691795678809,0.3586540960241109,-0.03724712718394585,0.01416015625,0.0016569692379562184,0.00010468509984639015
1813504,-0.0011094070214312524,0.23123172670602798,-0.028919081523781642,0.00830078125,0.0026456434425199404,0.0001046594982078853
1814528,-0.0018600229814182967,0.8797980765812099,-0.0368057974264957,0.0068359375,0.0005929627659497783,0.00010463389656938044
1815552,-0.0024826592270983383,0.518428019946441,-0.03780911525245756,0.01513671875,0.0024332617758773267,0.00010460829493087556
1816576,-0.000492658611619845,0.07787078560795635,-0.0330108500784263,0.01171875,0.0015804032300366089,0.0001045826932923707
1817600,-0.0002738003386184573,0.6610586051829159,-0.04737760327407159,0.013671875,0.0023800371709512547,0.00010455709165386585
1818624,-0.00145014826557599,0.053883463027887046,-0.03447162234806456,0.02392578125,0.005472762670251541,0.00010453149001536096
1819648,-0.0021625275840051472,1.2724675768986344,-0.056950325961224735,0.0263671875,0.0030152701074257493,0.00010450588837685612
1820672,4.007804091088474e-05,0.2957759816199541,-0.03593803205876611,0.00830078125,0.0008145787141984329,0.00010448028673835123
1821696,-0.002925712506112177,0.7204137933440506,-0.03596922391443513,0.01416015625,0.0024105394404614344,0.00010445468509984639
1822720,-0.002109999186359346,0.679599295835942,-0.04373255337122828,0.0126953125,0.0022903280769241974,0.00010442908346134152
1823744,-0.0031635694613214582,0.09346828830894083,-0.02704109107799013,0.015625,0.00796955385885667,0.00010440348182283664
1824768,-0.00032093634945340455,0.0598869223613292,-0.022716074465279235,0.00537109375,0.00045555876567959785,0.00010437788018433179
1825792,-0.00042828872392419726,0.06860435660928488,-0.02768775993899908,0.01025390625,0.00205599979381077,0.00010435227854582693
1826816,-0.0011003791878465563,0.05870142730418593,-0.02097167331521632,0.005859375,0.0007148666627472267,0.00010432667690732205
1827840,-0.001030851955874823,0.15410797228105366,-0.02534789894707501,0.0107421875,0.0015420986601384357,0.0001043010752688172
1828864,-0.002185853838454932,0.7623744918964803,-0.03712750269914977,0.0107421875,0.0009921405871864408,0.00010427547363031234
1829888,-0.0018209634799859487,0.4211163125000894,-0.03278400703857187,0.005859375,0.002606263806228526,0.00010424987199180745
1830912,-0.0011687674996210262,0.06658200907986611,-0.025608162686694413,0.01171875,0.0014016108034411445,0.00010422427035330261
1831936,-0.00014298329188022763,0.7540371171198785,-0.03707741425023414,0.0087890625,0.0029129966133041307,0.00010419866871479772
1832960,-0.0004033190489280969,0.3139384809182957,-0.029923710448201746,0.0087890625,0.0023934468626976013,0.00010417306707629288
1833984,-0.0017745823643053882,0.05998966784682125,-0.022333158947731135,0.0166015625,0.0028045080980518833,0.000104147465437788
1835008,-0.002092970607918687,0.09975730557925999,-0.024333508736162912,0.00927734375,0.0019617845973698422,0.00010412186379928316
1836032,-0.0009029217180795968,1.9289915449917316,-0.07275190611835569,0.0224609375,0.001980133180040866,0.00010409626216077828
1837056,-0.0013058127951808274,0.6845631615724415,-0.03636422546696849,0.009765625,0.0013542956003220752,0.00010407066052227342
1838080,-0.0004947408597217873,0.14364940975792706,-0.029563690040959045,0.01171875,0.0020302821358200163,0.00010404505888376855
1839104,-0.0002747604885371402,0.11314667738042772,-0.023304290953092277,0.00390625,0.0010449519904796034,0.00010401945724526369
1840128,-0.00037211086601018906,0.4735269844532013,-0.029251004627440125,0.017578125,0.0032708618382457644,0.00010399385560675883
1841152,-0.0017006574053084478,0.05538413138128817,-0.024465957008942496,0.01025390625,0.0041057475173147395,0.00010396825396825396
1842176,-0.0020211460650898516,0.6010652780532837,-0.034280439460417256,0.013671875,0.0012617365136975423,0.0001039426523297491
1843200,-0.0010155552736250684,0.3256993144750595,-0.033175371689139865,0.01025390625,0.0010304265306331217,0.00010391705069124421
1844224,-0.00109925601282157,0.3883292358368635,-0.026716982683865353,0.00634765625,0.0010608678276184946,0.00010389144905273937
1845248,-0.00054403586909757,0.09564220253378153,-0.029069083946524188,0.005859375,0.0006328703457256779,0.0001038658474142345
1846272,-0.0009657677874201909,0.07901237229816616,-0.025396022101631388,0.0078125,0.0018371454352745786,0.00010384024577572965
1847296,-0.0007166018476709723,0.8417901149950922,-0.0448369384102989,0.01416015625,0.002386545849731192,0.00010381464413722477
1848320,-0.0014536024536937475,0.5382707281969488,-0.027116639830637723,0.017578125,0.0040817511471686885,0.00010378904249871992
1849344,-0.0008355642785318196,0.09741944447159767,-0.030720808848855086,0.01708984375,0.0035575636866269633,0.00010376344086021504
1850368,-0.0018311713502043858,0.38164388365112245,-0.03398544617812149,0.01513671875,0.0032697413553250954,0.00010373783922171018
1851392,-0.00305015328922309,0.4424200248904526,-0.03154725526110269,0.013671875,0.0029328441014513373,0.00010371223758320532
1852416,-0.002212971550761722,0.10539657494518906,-0.02472242650401313,0.0107421875,0.007531987328547984,0.00010368663594470045
1853440,-0.002729496998654213,0.08767192461527884,-0.024198126106057316,0.01171875,0.010439670106279664,0.00010366103430619559
1854464,-0.0010763925820356235,1.8212766852229834,-0.08051443914882839,0.02001953125,0.006756281130947173,0.00010363543266769073
1855488,-0.0011183703245478682,0.4519854988902807,-0.03990437727770768,0.0107421875,0.0015930268709780648,0.00010360983102918586
1856512,-0.0011386794794816524,0.9182765912264585,-0.050535227928776294,0.0166015625,0.005474322126246989,0.00010358422939068099
1857536,0.0007320981530938298,0.08093525539152324,-0.029102129657985643,0.0107421875,0.0024227918474934995,0.00010355862775217614
1858560,0.001212584407767281,1.868599534034729,-0.10334181715734303,0.00830078125,0.0008766734827077016,0.00010353302611367126
1859584,-0.001861317257862538,0.7159232012927532,-0.05406796495663002,0.0087890625,0.0011849897273350507,0.00010350742447516641
1860608,-0.005518371501239017,0.23744832235388458,-0.050902735762065277,0.02490234375,0.0023566482996102422,0.00010348182283666153
1861632,-0.00027820268587674946,0.13068691967055202,-0.03178399335592985,0.0087890625,0.0016862962947925553,0.00010345622119815667
1862656,-0.0008121867431327701,0.09365451335906982,-0.020445318252313882,0.0048828125,0.0006917430437169969,0.00010343061955965181
1863680,-0.0003828580374829471,0.09052420442458242,-0.02050263236014871,0.0029296875,0.0015012312214821577,0.00010340501792114694
1864704,-0.002505441225366667,0.37884971173480153,-0.03565564464952331,0.01904296875,0.003473804463283159,0.00010337941628264208
1865728,-0.001165485882665962,0.08043104724492878,-0.03422996343579143,0.01416015625,0.0017600517894607037,0.00010335381464413722
1866752,2.3345397494267672e-05,0.049942208686843514,-0.02807014196878299,0.01318359375,0.004730365544673987,0.00010332821300563235
1867776,-0.00025056040612980723,0.3539373114472255,-0.035260589836980216,0.015625,0.0023652525705983862,0.00010330261136712748
1868800,-0.00520614956622012,1.652712750248611,-0.05049199107452296,0.0234375,0.0048573537496849895,0.00010327700972862263
1869824,-0.00034813606180250645,0.44949932594317943,-0.03155140226954245,0.0087890625,0.0017903451080201194,0.00010325140809011775
1870848,-0.0013118848874000832,0.05641254736110568,-0.027521922205778537,0.00634765625,0.0012122663611080498,0.0001032258064516129
1871872,-0.00044240035640541464,0.04531415109522641,-0.025500569769064896,0.01123046875,0.002019402803853154,0.00010320020481310802
1872896,-0.0004919295606669039,0.06450259895063937,-0.023374606257675623,0.01171875,0.00470614482765086,0.00010317460317460317
1873920,-0.001001395343337208,0.878313647583127,-0.03799189659184776,0.009765625,0.0019018597959075123,0.0001031490015360983
1874944,-0.0021280223372741602,0.3918521194718778,-0.03230845366488211,0.013671875,0.0035286625497974455,0.00010312339989759343
1875968,-0.0017362020444124937,0.49101056484505534,-0.028967265272513032,0.0048828125,0.0008779115451034158,0.00010309779825908857
1876992,-0.000767656194511801,0.6059767222031951,-0.03321598932961933,0.009765625,0.001567911502206698,0.00010307219662058371
1878016,-0.001457621474401094,0.36872631683945656,-0.03229671998997219,0.00732421875,0.0008098919206531718,0.00010304659498207884
1879040,-0.000501524715218693,0.2755000931210816,-0.033937081578187644,0.013671875,0.002483361546183005,0.00010302099334357398
1880064,-0.0010656549275154248,0.11014877713751048,-0.022537753779033665,0.01123046875,0.001871051310445182,0.00010299539170506912
1881088,-0.00012130202958360314,0.8527349391952157,-0.0418403985677287,0.00927734375,0.004111111789825372,0.00010296979006656424
1882112,0.0015338235243689269,0.11098761402536184,-0.02992346063547302,0.01513671875,0.005524448963114992,0.00010294418842805939
1883136,-0.0021707149571739137,0.4409244181588292,-0.03953467431711033,0.01611328125,0.005596747825620696,0.00010291858678955451
1884160,-0.0005895836220588535,0.07519318233244121,-0.025391363524249755,0.0048828125,0.0011664064804790542,0.00010289298515104966
1885184,0.0019382190221222118,0.11189686972647905,-0.023425946150382515,0.01171875,0.004367605157312937,0.00010286738351254479
1886208,-0.0013081067299935967,0.20705603621900082,-0.029048588723526336,0.01708984375,0.002718264775467105,0.00010284178187403995
1887232,-0.0006278349210333545,0.07286924624349922,-0.024700733833014965,0.0146484375,0.0035228664928581566,0.00010281618023553506
1888256,0.00047059167991392314,0.05633427668362856,-0.029200354423664976,0.01611328125,0.005033525012549944,0.0001027905785970302
1889280,0.0005197695572860539,0.07119094615336508,-0.03655439321300946,0.02099609375,0.011992547821137123,0.00010276497695852533
1890304,-0.0022359754366334528,0.6575130866840482,-0.041984955372754484,0.02392578125,0.007045049016596749,0.00010273937532002047
1891328,-0.0005955798533250345,0.12090970296412706,-0.027758644384448417,0.01416015625,0.0055645418469794095,0.00010271377368151561
1892352,-0.0013385083439061418,0.12881782022304833,-0.03369237974402495,0.015625,0.002916395984357223,0.00010268817204301074
1893376,-0.0020824376260861754,0.09249069693032652,-0.031770743953529745,0.00830078125,0.002633363546920009,0.00010266257040450588
1894400,-0.0023280978930415586,0.7119581724982709,-0.036508277436951175,0.0146484375,0.0034225855924887583,0.00010263696876600101
1895424,-0.0023347112582996488,0.5178107535466552,-0.035544598766136914,0.01513671875,0.001523783037555404,0.00010261136712749615
1896448,-0.0025299874250777066,0.41384691884741187,-0.031585786942741834,0.00927734375,0.0015631176356691867,0.00010258576548899128
1897472,-0.0010248051112284884,0.09017043863423169,-0.023773801905917935,0.0078125,0.0009974576532840729,0.00010256016385048644
1898496,0.0002474961511325091,0.07518973189871758,-0.025503915385343134,0.01025390625,0.0061746140563627705,0.00010253456221198155
1899520,-0.0008515300432918593,0.5256173377856612,-0.03837074659531936,0.01025390625,0.0009403390868101269,0.00010250896057347669
1900544,-0.001254211994819343,0.08970835222862661,-0.037072124250698835,0.01806640625,0.006011772406054661,0.00010248335893497182
1901568,-0.00045760144712403417,0.20369877945631742,-0.02457035992483725,0.00634765625,0.0011691233376041055,0.00010245775729646696
1902592,-0.0015658668708056211,0.48192877823021263,-0.035438753926428035,0.01416015625,0.003832727117696777,0.0001024321556579621
1903616,-0.004322480359405745,0.34707150305621326,-0.033970047428738326,0.02685546875,0.009865969172096811,0.00010240655401945723
1904640,-0.000942439517530147,0.44071567710489035,-0.03235312626929954,0.0078125,0.00069635828549508,0.00010238095238095237
1905664,-0.0006182082288432866,0.13357111776713282,-0.021632848827721318,0.005859375,0.0016757167322793975,0.00010235535074244751
1906688,-0.0008462454134132713,0.1385153066366911,-0.02864296488405671,0.00634765625,0.0012941606546519324,0.00010232974910394264
1907712,-0.0009861304133664817,0.055293513054493815,-0.02219401857291814,0.00732421875,0.0011406215198803693,0.00010230414746543777
1908736,-0.001266312407096848,0.7483675191178918,-0.03459639163338579,0.013671875,0.0017200475122081116,0.00010227854582693293
1909760,-0.00044429140689317137,0.5951480162329972,-0.03724031876481604,0.00634765625,0.0004811176040675491,0.00010225294418842804
1910784,0.0006177244213176891,0.09490559797268361,-0.028301552694756538,0.01025390625,0.004626303038094193,0.0001022273425499232
1911808,-0.0008708165842108428,0.5864129599649459,-0.033541942364536226,0.0146484375,0.002016254948102869,0.00010220174091141831
1912832,-0.0016064838855527341,0.15269117895513773,-0.027658060207613744,0.00927734375,0.0009881515725282952,0.00010217613927291345
1913856,0.00016057784523582086,0.8611728488467634,-0.03210204254719429,0.00732421875,0.0025082331703742966,0.0001021505376344086
1914880,-0.0016916332097025588,0.05989938508719206,-0.025143586099147797,0.0087890625,0.0030963962635723874,0.00010212493599590372
1915904,-0.0013810167729388922,0.12062187469564378,-0.02364127710370667,0.0107421875,0.0016661586851114407,0.00010209933435739886
1916928,-0.001659617802943103,0.5639375289902091,-0.04187204746995121,0.00830078125,0.0008542710420442745,0.000102073732718894
1917952,-0.0008358114428119734,0.1420363080687821,-0.02429086218762677,0.0068359375,0.002212816893006675,0.00010204813108038913
1918976,-4.3427455238997936e-05,0.09042978216893971,-0.020753033877554117,0.013671875,0.00466218389919959,0.00010202252944188426
1920000,0.00043826072942465544,0.4202387343393639,-0.03002782564726658,0.01416015625,0.0028520359483081847,0.00010199692780337942
1921024,-0.0023051765383570455,0.07505708048120141,-0.02082803328812588,0.013671875,0.003664518313598819,0.00010197132616487453
1922048,-0.00027499351199367084,0.4656183929182589,-0.03347450366709381,0.015625,0.002342842213693075,0.00010194572452636969
1923072,0.003330325649585575,0.5561527090612799,-0.03055602021413506,0.009765625,0.005264566847472452,0.00010192012288786481
1924096,-0.00111362445022678,0.06146767211612314,-0.022302291508822236,0.0087890625,0.0017114892543759197,0.00010189452124935996
1925120,-0.00038922826934140176,0.1588625661097467,-0.023830029385862872,0.01220703125,0.005257541488390416,0.00010186891961085508
1926144,-0.0008458321099169552,0.06440606608521193,-0.020101115716897766,0.00537109375,0.002666744258021936,0.00010184331797235021
1927168,-0.0021620087645715103,0.4623181130737066,-0.037211872229818255,0.01416015625,0.001419585445546545,0.00010181771633384535
1928192,-0.0009464285467402078,0.3466190993785858,-0.023147239815443754,0.009765625,0.0008649837254779413,0.0001017921146953405
1929216,-0.00020880799274891615,0.06550968484953046,-0.020319588849815773,0.0029296875,0.0004000544431619346,0.00010176651305683562
1930240,-0.0005111776699777693,0.1796819451265037,-0.027068710391176865,0.0234375,0.005723528127418831,0.00010174091141833077
1931264,-0.0016861974145285785,0.07393343525473028,-0.02704672617983306,0.01025390625,0.0015323085390264168,0.00010171530977982591
1932288,-0.00010320203728042543,0.06039108568802476,-0.025921428748915787,0.00927734375,0.003815503863734193,0.00010168970814132102
1933312,-0.0006353522039717063,0.09525828587356955,-0.021018155039200792,0.0048828125,0.0023235140106407925,0.00010166410650281618
1934336,-0.0001019160554278642,0.11882794799748808,-0.023642413987545297,0.00732421875,0.001823470345698297,0.0001016385048643113
1935360,-0.0007765445625409484,0.09444460773374885,-0.023286127719984506,0.0087890625,0.0011688001250149682,0.00010161290322580645
1936384,-0.001521491416497156,0.0842487042536959,-0.020470740862947423,0.01318359375,0.002694561830139719,0.00010158730158730157
1937408,-6.033059617038816e-05,0.430263698566705,-0.032625044681481086,0.013671875,0.003497560479445383,0.00010156169994879673
1938432,-0.00036015654768561944,0.19383789598941803,-0.024372261184907984,0.00390625,0.0004829375975532457,0.00010153609831029184
1939456,-0.000927558692637831,0.6586158494465053,-0.036648126151703764,0.00732421875,0.0009757634106790647,0.00010151049667178699
1940480,-0.0007782303873682395,0.5215712657663971,-0.029566853685537353,0.01123046875,0.0021856906678294763,0.00010148489503328211
1941504,-0.002189440274378285,0.20349036646075547,-0.02690339279070031,0.013671875,0.004201461226330139,0.00010145929339477726
1942528,-0.001962081965757534,0.09359924669843167,-0.026300090319637093,0.01708984375,0.0032276644778903574,0.0001014336917562724
1943552,-0.0008871851023286581,0.5049435435794294,-0.033977929371758364,0.00537109375,0.0013379626616369933,0.00010140809011776753
1944576,-0.0007415909567498602,0.4119573412463069,-0.029017154563916847,0.0048828125,0.0005466962611535564,0.00010138248847926267
1945600,-0.0019325698449392803,0.121663503581658,-0.023503530494053848,0.01220703125,0.00247559801209718,0.0001013568868407578
1946624,-0.0002337608893867582,0.06931475235614926,-0.027825095133266586,0.0126953125,0.002450335436151363,0.00010133128520225294
1947648,0.0006872903904877603,0.5423984352964908,-0.030335894854943035,0.00927734375,0.001664957162574865,0.00010130568356374807
1948672,-0.0017326291563222185,0.07552681805100292,-0.021511465529329143,0.01025390625,0.0008805082470644265,0.00010128008192524322
1949696,-0.0013415916473604739,0.07177165662869811,-0.021156477712793276,0.0185546875,0.004907390131847933,0.00010125448028673833
1950720,-0.00037482628249563277,0.04459415061865002,-0.019526355099515058,0.00634765625,0.001051193437888287,0.00010122887864823348
1951744,-0.0017720837786328048,1.8305756216868758,-0.06430066440952942,0.01806640625,0.0021711473673349246,0.00010120327700972862
1952768,-0.0021536008280236274,0.05291849194327369,-0.02919481447315775,0.00830078125,0.0009963458724087104,0.00010117767537122375
1953792,-0.0002468598395353183,0.04323013051180169,-0.021991518372487917,0.01025390625,0.0010677522222977132,0.00010115207373271889
1954816,-0.0006007105839671567,0.6872794234659523,-0.025725071580382064,0.0126953125,0.004197984453639947,0.00010112647209421402
1955840,-0.001195558812469244,0.3943124932702631,-0.035042193660046905,0.01220703125,0.0009801110572880134,0.00010110087045570916
1956864,-0.0017670888628344983,0.06301461602561176,-0.022027438913937658,0.01318359375,0.0015646369138266891,0.00010107526881720429
1957888,-0.0009605465238564648,0.06411480403039604,-0.02963185580301797,0.01171875,0.0024072319210972637,0.00010104966717869943
1958912,-0.0007900867203716189,0.08125606260728091,-0.021562888963671867,0.01171875,0.0023145044106058776,0.00010102406554019456
1959936,-0.003366074670339003,0.799915349110961,-0.04917609033873305,0.02392578125,0.004265148134436458,0.00010099846390168971
1960960,-0.00232263735961169,0.4645451628603041,-0.033473242801846936,0.01025390625,0.0026294313865946606,0.00010097286226318483
1961984,0.00020175238023512065,0.15740741766057909,-0.02539730549324304,0.0048828125,0.001150204479927197,0.00010094726062467998
1963008,-0.0009559628379065543,0.04488069872604683,-0.02417691017035395,0.01416015625,0.0032513073238078505,0.00010092165898617511
1964032,-0.005485553556354716,1.192547034472227,-0.06168386043282226,0.02294921875,0.0036555231927195564,0.00010089605734767024
1965056,-0.0018036689070868306,0.35846551740542054,-0.035462037136312574,0.02490234375,0.003101090420386754,0.00010087045570916538
1966080,-0.0007689908816246316,0.07301198749337345,-0.024092246567306574,0.00830078125,0.0011472084443084896,0.00010084485407066052
1967104,-0.0004571344907162711,0.845201556570828,-0.035121924185659736,0.0068359375,0.000819010630948469,0.00010081925243215565
1968128,-0.0005053576460340992,0.5276698302477598,-0.026740078421426006,0.0126953125,0.0030154835112625733,0.00010079365079365079
1969152,-0.0006347264279611409,0.09597430087160319,-0.023841044152504764,0.005859375,0.0009271251619793475,0.00010076804915514592
1970176,0.0004916741163469851,0.13249216019175947,-0.027856637840159237,0.005859375,0.0010995640041073784,0.00010074244751664105
1971200,0.00886926834937185,0.32386383367702365,-0.03975359653122723,0.02099609375,0.007392597006401047,0.0001007168458781362
1972224,-0.0004485457902774215,0.3793407796183601,-0.03710262960521504,0.0087890625,0.0013555045006796718,0.00010069124423963132
1973248,-0.001092328893719241,0.10911923076491803,-0.025259107744204812,0.01025390625,0.005156984145287424,0.00010066564260112647
1974272,-0.0018185232911491767,0.0813016346655786,-0.02493994186806958,0.01708984375,0.008825543714920059,0.0001006400409626216
1975296,-0.0008801890871836804,0.06575107085518539,-0.020778066114871763,0.0078125,0.00069878161593806,0.00010061443932411674
1976320,-0.0005730241537094116,0.03655384888406843,-0.02362334422650747,0.01416015625,0.007384624710539356,0.00010058883768561187
1977344,-0.0009923087927745655,0.14839639235287905,-0.019568010973216587,0.01220703125,0.004195656321826391,0.00010056323604710701
1978368,-0.0021073506213724613,0.06085497862659395,-0.02656114507408347,0.013671875,0.005731122626457363,0.00010053763440860214
1979392,0.0004826596996281296,0.06484191736672074,-0.022211721727217082,0.0068359375,0.0008752060821279883,0.00010051203277009728
1980416,-0.0001582606346346438,0.40806853061076254,-0.03067087451745465,0.01513671875,0.006167657295009121,0.00010048643113159242
1981440,-0.0006878545245854184,0.12484966812189668,-0.023383724850646104,0.00634765625,0.0017603837040951476,0.00010046082949308755
1982464,-0.0025128635752480477,1.3770333006978035,-0.06338859087554738,0.0380859375,0.0074613154865801334,0.00010043522785458269
1983488,-0.0006534864223795012,0.7599828857928514,-0.03538211030536331,0.0107421875,0.0008988942427095026,0.0001004096262160778
1984512,-0.0008829168655211106,0.09342972643207759,-0.02592647189158015,0.00830078125,0.0031959461193764582,0.00010038402457757296
1985536,0.0013741743750870228,0.059661000908818096,-0.02422984759323299,0.013671875,0.005628005397738889,0.00010035842293906809
1986560,0.0003216997574781999,0.03882575675379485,-0.020228651897923555,0.0029296875,0.0002136364346370101,0.00010033282130056323
1987584,-0.0010720239079091698,0.3545679700328037,-0.04036048337002285,0.01708984375,0.0059869302494917065,0.00010030721966205836
1988608,-0.002059886319329962,0.2502506914315745,-0.03649890242377296,0.01611328125,0.002910744908149354,0.0001002816180235535
1989632,-0.0010060855565825477,0.06246235058642924,-0.02564118088412215,0.00390625,0.0023714292037766427,0.00010025601638504863
1990656,-0.0006995052535785362,0.5745808999054134,-0.02845301033812575,0.01220703125,0.0015957993746269494,0.00010023041474654377
1991680,-0.001331760300672613,0.6844461224973202,-0.030728929647011682,0.01513671875,0.0035506538406480104,0.00010020481310803891
1992704,-0.00262854338507168,0.43882428482174873,-0.0317517762305215,0.01220703125,0.0021466940379468724,0.00010017921146953404
1993728,-0.0008493630302837119,0.5713654826395214,-0.03310122223047074,0.0166015625,0.0038897389895282686,0.00010015360983102918
1994752,2.7493406378198415e-05,0.28239144501276314,-0.02565581278031459,0.0087890625,0.003783474225201644,0.0001001280081925243
1995776,-0.001837514093494974,0.35523310862481594,-0.03391501263831742,0.01806640625,0.003142219429719262,0.00010010240655401945
1996800,-0.0038554687052965164,0.48868552478961647,-0.042025357572128996,0.02099609375,0.0029546145378844813,0.00010007680491551458
1997824,-0.0010529500141274184,0.0941696772351861,-0.02670430023863446,0.0078125,0.0012145142536610365,0.00010005120327700974
1998848,-0.002874874509871006,0.4017846768256277,-0.034643912222236395,0.02197265625,0.0058451445220271125,0.00010002560163850485
1999872,0.0024818469319143333,0.4709864684846252,-0.03858973569003865,0.02099609375,0.004223093361360952,0.0001
2000896,-0.003487442882033065,0.3493605963885784,-0.0367654133005999,0.0234375,0.00459218087780755,9.997439836149512e-05
2001920,-0.0009721966489451006,0.06426142319105566,-0.023171383632870857,0.0087890625,0.0010940854990622029,9.994879672299026e-05
2002944,-0.0007081631920300424,0.0785055166343227,-0.02561353523924481,0.00537109375,0.0015995803696569055,9.99231950844854e-05
2003968,-0.00032842328073456883,0.8685660143382847,-0.0362875715654809,0.02001953125,0.0022559610661119223,9.989759344598053e-05
2004992,-0.0007047584949759766,0.2331313849426806,-0.02751865923346486,0.009765625,0.005112744649522938,9.987199180747567e-05
2006016,-0.0011928283929591998,0.7988705970346928,-0.03712665624334477,0.01611328125,0.002603267625090666,9.984639016897081e-05
2007040,-0.0011776849860325456,0.06622637179680169,-0.023186719088698737,0.0126953125,0.001679323278949596,9.982078853046594e-05
2008064,0.0004398322489578277,0.09356763714458793,-0.02661799946508836,0.01611328125,0.003053238629945554,9.979518689196107e-05
2009088,-0.0025006472860695794,0.3752236511791125,-0.042587362171616405,0.02197265625,0.002330033719772473,9.976958525345623e-05
2010112,-0.001590971660334617,0.32488182256929576,-0.03394345994456671,0.0126953125,0.0018935564730782062,9.974398361495134e-05
2011136,-0.0012437234108801931,0.0893273517722264,-0.027663949877023697,0.01513671875,0.004430922330357134,9.97183819764465e-05
2012160,-0.0006179073243401945,0.8510123621672392,-0.04737161114462651,0.0126953125,0.0021660800848621875,9.969278033794161e-05
2013184,-0.00040911623364081606,0.4281210205517709,-0.035574270237702876,0.0029296875,0.0005256079457467422,9.966717869943676e-05
2014208,-0.0019683570717461407,0.1028718447778374,-0.029381129497778602,0.01416015625,0.0027158376469742507,9.964157706093189e-05
2015232,-0.0023222219315357506,0.892519099637866,-0.042369012837298214,0.00830078125,0.005383502793847583,9.961597542242702e-05
2016256,0.014393536999705248,0.0631860526627861,-0.02790002489928156,0.01318359375,0.006797951704356819,9.959037378392216e-05
2017280,-0.0003832840156974271,0.5118219228461385,-0.034180674934759736,0.01025390625,0.0035368154203752056,9.95647721454173e-05
2018304,-0.0026682219686335884,0.528504790738225,-0.04066501828492619,0.00732421875,0.001537657342851162,9.953917050691243e-05
2019328,0.008130526286549866,0.8704897593706846,-0.05929653422208503,0.0205078125,0.0031832290260354057,9.951356886840757e-05
2020352,0.0013251561031211168,0.08307595096994191,-0.026384818251244724,0.005859375,0.0021140877943253145,9.948796722990272e-05
2021376,-0.00040345368324778974,0.09134530497249216,-0.02548505463710171,0.00830078125,0.003568056083167903,9.946236559139783e-05
2022400,-0.0019359935686225072,0.7064229426905513,-0.03506644557637628,0.00341796875,0.00039920130802784115,9.943676395289299e-05
2023424,-0.001712293509626761,0.1488366606645286,-0.035131084398017265,0.01953125,0.005451408447697759,9.94111623143881e-05
2024448,-0.004451512693776749,1.093252569437027,-0.055182203417643905,0.02392578125,0.005152152894879691,9.938556067588326e-05
2025472,-0.00021368474699556828,0.0762300156056881,-0.029077420593239367,0.00634765625,0.001893503766041249,9.935995903737838e-05
2026496,0.0004441782948561013,0.46830497309565544,-0.04574652522569522,0.00390625,0.0007950486178742722,9.933435739887351e-05
2027520,-0.0014627131604356691,0.47004581429064274,-0.035884120472474024,0.00927734375,0.0028761636349372566,9.930875576036865e-05
2028544,0.002108125998347532,0.0625342398416251,-0.02334041677386267,0.00830078125,0.0018182707717642188,9.92831541218638e-05
2029568,-0.001028942730044946,0.08997477788943797,-0.02882411423343001,0.0146484375,0.0029147882014513016,9.925755248335892e-05
2030592,0.0021034661040175706,0.09874194720759988,-0.0310056580347009,0.01025390625,0.0014723948697792366,9.923195084485406e-05
2031616,-0.00036818521039094776,0.08081105491146445,-0.025483315359451808,0.0078125,0.001235214716871269,9.92063492063492e-05
2032640,0.0016631873149890453,0.07297896145610139,-0.02008991331967991,0.01123046875,0.004799358328455128,9.918074756784432e-05
2033664,-0.0003382665163371712,0.04783518466865644,-0.03189680981449783,0.01123046875,0.0018833106296369806,9.915514592933948e-05
2034688,-0.00031690081232227385,0.21743666287511587,-0.029886428616009653,0.01025390625,0.0026455809856997803,9.912954429083459e-05
2035712,-0.0003351729683345184,0.38702660193666816,-0.035724300250876695,0.01806640625,0.0019089441193500534,9.910394265232975e-05
2036736,-0.0023933821357786655,0.33217473700642586,-0.04509645659709349,0.01318359375,0.001949477955349721,9.907834101382487e-05
2037760,0.0005098609690321609,0.08188468811567873,-0.02741047986637568,0.00439453125,0.0013414127170108259,9.905273937532003e-05
2038784,-0.0010653770877979696,0.12813082919456065,-0.0250118233707326,0.00927734375,0.002684944061911665,9.902713773681514e-05
2039808,-0.006408227958672796,0.6704368945211172,-0.04565532767446712,0.02197265625,0.0023592666984768584,9.900153609831029e-05
2040832,0.001144105423009023,0.9754805667325854,-0.057864944959874265,0.02490234375,0.0023921108077047393,9.897593445980541e-05
2041856,0.00022038331371732056,0.847390731330961,-0.04360798781272024,0.0107421875,0.0010700410202844068,9.895033282130056e-05
2042880,-0.0030350099405040964,0.36409606388770044,-0.030012012517545372,0.01025390625,0.001651761427638121,9.89247311827957e-05
2043904,-0.0018248293054057285,0.45603731158189476,-0.036356402531964704,0.00830078125,0.0008714805298950523,9.889912954429082e-05
2044928,0.0001334810076514259,0.4988655596971512,-0.026265654523740523,0.00927734375,0.0024655696470290422,9.887352790578597e-05
2045952,0.0010718174162320793,0.06707396800629795,-0.02628989511867985,0.01611328125,0.007019749842584133,9.884792626728108e-05
2046976,-0.0014073599959374405,0.6362590515054762,-0.04261909579508938,0.0107421875,0.002330261471797712,9.882232462877624e-05
2048000,-0.0014505622675642371,1.0178993856534362,-0.0569989891955629,0.01220703125,0.0011269111128058285,9.879672299027136e-05
2049024,-0.0012346643343335018,0.34586254274472594,-0.03923516848590225,0.0185546875,0.0016672861820552498,9.877112135176652e-05
2050048,-0.0016663499118294567,0.09258800523821265,-0.035369495511986315,0.01220703125,0.006099396574427374,9.874551971326163e-05
2051072,0.000489307873067446,1.4765191515907645,-0.07659254485042766,0.02392578125,0.0020219853904563934,9.871991807475679e-05
2052096,-0.0011469376913737506,0.5211831433698535,-0.0406567445024848,0.00537109375,0.002376678923610598,9.86943164362519e-05
2053120,-0.0016800225421320647,0.3525804278906435,-0.032312940631527454,0.01220703125,0.001678680899203755,9.866871479774705e-05
2054144,-0.0003047672798857093,0.9609633558429778,-0.06548195698997006,0.01611328125,0.001568704450619407,9.864311315924219e-05
2055168,-0.00036865910806227475,0.13005052297376096,-0.032691585714928806,0.00537109375,0.0011592940281843767,9.861751152073732e-05
2056192,-9.47091612033546e-05,0.0652591441757977,-0.025968052192183677,0.01513671875,0.00392025217297487,9.859190988223246e-05
2057216,-0.0007827666122466326,0.3357691466808319,-0.03218190713960212,0.00830078125,0.0012436699616955593,9.85663082437276e-05
2058240,0.0007887488027336076,0.475334599846974,-0.02617132909654174,0.01513671875,0.008891923993360251,9.854070660522273e-05
2059264,-0.0016562896053073928,0.07487465243320912,-0.020471818708756473,0.009765625,0.004007778625236824,9.851510496671785e-05
2060288,0.0001509463181719184,0.4253685849253088,-0.027489778403833043,0.02099609375,0.0033075493847718462,9.848950332821301e-05
2061312,-0.0016455329896416515,0.07975924748461694,-0.021468404745974112,0.009765625,0.007045136269880459,9.846390168970812e-05
2062336,0.0015289856819435954,0.5738602159544826,-0.03574140202545095,0.0087890625,0.0013370709493756294,9.843830005120328e-05
2063360,-0.0005130094359628856,0.6350395772606134,-0.028855270968051627,0.02001953125,0.0026609627675497904,9.84126984126984e-05
2064384,-0.001224227438797243,0.7220394629985094,-0.040891235577873886,0.01318359375,0.002055472257779911,9.838709677419354e-05
2065408,-0.0010643471032381058,0.09689309797249734,-0.02001153385208454,0.01220703125,0.004130053202970885,9.836149513568868e-05
2066432,-0.0029583560171886347,0.40305220265872777,-0.03927897827816196,0.013671875,0.0019668961176648736,9.83358934971838e-05
2067456,-0.0008073409117059782,0.1080290803220123,-0.025209254534274805,0.00634765625,0.0012646491377381608,9.831029185867895e-05
2068480,0.0004132451576879248,0.37014940520748496,-0.024257403398223687,0.0107421875,0.0014265966456150636,9.828469022017409e-05
2069504,-0.002239515451947227,0.09072061337064952,-0.02454419727291679,0.0146484375,0.004689516732469201,9.825908858166922e-05
2070528,-0.0007000268378760666,0.09570505667943507,-0.02688160632533254,0.01220703125,0.00129300459229853,9.823348694316436e-05
2071552,-0.0017259238520637155,0.7228311786893755,-0.029462210834026337,0.0205078125,0.0035764558851951733,9.82078853046595e-05
2072576,-0.002071969414828345,0.4011206073919311,-0.044982218809309416,0.0166015625,0.0035641345602925867,9.818228366615461e-05
2073600,-0.0008635801932541654,0.22924658237025142,-0.03405661685974337,0.00927734375,0.0018478437850717455,9.815668202764977e-05
2074624,-0.0003143313806504011,0.08025569398887455,-0.02760890222270973,0.013671875,0.001897741705761291,9.813108038914488e-05
2075648,0.003727393108420074,0.4477491667494178,-0.04494960198644549,0.01318359375,0.0012907040072605014,9.810547875064004e-05
2076672,0.0002639693266246468,1.2701391400769353,-0.08556725562084466,0.03271484375,0.002704201207961887,9.807987711213517e-05
2077696,-0.0003098446541116573,0.06600035261362791,-0.021068455978820566,0.00341796875,0.0011797289917012677,9.80542754736303e-05
2078720,-0.0002971972862724215,0.2990571060217917,-0.03046625830756966,0.005859375,0.0008087293099379167,9.802867383512544e-05
2079744,-0.00048245713696815073,0.08456275623757392,-0.02193458344117971,0.01220703125,0.0034058966411976144,9.800307219662058e-05
2080768,-0.000125450809719041,0.08172477467451245,-0.017408828316547442,0.00439453125,0.0008366667316295207,9.797747055811571e-05
2081792,-0.0025090774579439312,0.7948583052493632,-0.040790791012113914,0.0185546875,0.003134635728201829,9.795186891961085e-05
2082816,0.0002594935067463666,0.12041658069938421,-0.024249130321550183,0.00341796875,0.0006681331142317504,9.792626728110599e-05
2083840,-0.0023046355272526853,1.2337127840146422,-0.04286145907826722,0.02001953125,0.0019874080026056617,9.79006656426011e-05
2084864,-0.0012747846922138706,0.07887056993786246,-0.020262302488845307,0.01611328125,0.009560171034536324,9.787506400409626e-05
2085888,-0.0020162341534160078,0.5379960141144693,-0.03436857563792728,0.0078125,0.0005899429379496723,9.784946236559137e-05
2086912,-0.004310948948841542,0.6223438093438745,-0.038395625131670386,0.01708984375,0.004107741217012517,9.782386072708653e-05
2087936,-0.00024578144075348973,0.44767435546964407,-0.033306009747320786,0.009765625,0.006605092261452228,9.779825908858166e-05
2088960,-0.0017532906640553847,0.07567402115091681,-0.020198413978505414,0.0126953125,0.0018933881947305053,9.777265745007681e-05
2089984,-0.0011576750912354328,0.1472446103580296,-0.026856881493586116,0.01025390625,0.002094997646054253,9.774705581157193e-05
2091008,-0.00013288453919813037,0.2363318228162825,-0.02476558789203409,0.0087890625,0.0016818160511320457,9.772145417306707e-05
2092032,-0.0007667190075153485,0.08149556303396821,-0.022208315480384044,0.0107421875,0.004880963926552795,9.76958525345622e-05
2093056,-0.0002525607560528442,0.10202595067676157,-0.019826139159704326,0.00634765625,0.0035089552984572947,9.767025089605734e-05
2094080,-0.00020427435811143368,0.10587559128180146,-0.030587186862248927,0.005859375,0.003591205066186376,9.764464925755248e-05
2095104,-0.0005737127794418484,0.07756329991389066,-0.02809256609180011,0.013671875,0.00406427176494617,9.761904761904761e-05
2096128,-4.835806612391025e-05,0.3756448603235185,-0.026232055766740814,0.0107421875,0.0021391397021943703,9.759344598054275e-05
2097152,-0.0017765931552276015,0.0639604686293751,-0.028012310445774347,0.02099609375,0.0036477568792179227,9.756784434203787e-05
2098176,-0.0011632431851467118,0.051548508810810745,-0.021996211464283988,0.0068359375,0.0023492127656936646,9.754224270353302e-05
2099200,-0.00032454902247991413,0.43605774990282953,-0.029447977751260623,0.0048828125,0.00048484587750863284,9.751664106502815e-05
2100224,-0.0012693892058450729,0.3105121877742931,-0.029846817575162277,0.01220703125,0.002150112413801253,9.74910394265233e-05
2101248,-0.0008788540289970115,0.0962853814708069,-0.02318484643183183,0.0068359375,0.00035480949736665934,9.746543778801842e-05
2102272,-0.0006566971132997423,0.06355202256236225,-0.020617929152649594,0.0078125,0.0014350565325003117,9.743983614951357e-05
2103296,-0.0012158330209786072,0.07645886926911771,-0.025053230539924698,0.01123046875,0.001796193842892535,9.741423451100869e-05
2104320,-0.0008827932615531608,0.08590121380984783,-0.022930046798137482,0.01220703125,0.004215292879962362,9.738863287250383e-05
2105344,-0.0030748999706702307,0.3325243021827191,-0.03380617522634566,0.02001953125,0.0027558345609577373,9.736303123399897e-05
2106368,-0.0007430225959978998,4.398798909038305,-0.19563705194741488,0.04541015625,0.004804397554835305,9.73374295954941e-05
2107392,0.000626238776021637,0.45834832871332765,-0.031019433212350123,0.005859375,0.0007258080295287073,9.731182795698924e-05
2108416,-0.0017818188498495147,0.812728722114116,-0.04405266998219304,0.015625,0.0016940191271714866,9.728622631848438e-05
2109440,-0.0022445655922638252,0.06445945019368082,-0.024520128295989707,0.01513671875,0.002928216359578073,9.726062467997951e-05
2110464,-0.0014299266040325165,0.10644774965476245,-0.027718806595657952,0.01123046875,0.0024426955642411485,9.723502304147464e-05
2111488,-0.0006652492156717926,0.06870712561067194,-0.022623053046118002,0.01611328125,0.0035137779923388734,9.72094214029698e-05
2112512,-0.000671385569148697,0.35020806442480534,-0.03489255340537056,0.00732421875,0.0008868316508596763,9.718381976446491e-05
2113536,-0.0008345542009919882,0.19721162738278508,-0.024762266453763004,0.009765625,0.0030529714276781306,9.715821812596006e-05
2114560,-0.001114292288548313,0.09825627075042576,-0.027325304650730686,0.00537109375,0.0009369958570459858,9.713261648745518e-05
2115584,-0.0043037098803324625,0.8863478822167963,-0.05060383852105588,0.01513671875,0.003765021450817585,9.710701484895032e-05
2116608,-0.001108173411921598,0.11473983014002442,-0.026498598424950615,0.01513671875,0.003317582333693281,9.708141321044546e-05
2117632,-0.000948990105825942,0.27344406698830426,-0.03968388639623299,0.0087890625,0.0012208752887090668,9.705581157194059e-05
2118656,-0.0012710017763311043,0.07828302739653736,-0.02739251242746832,0.00537109375,0.0010212699562544003,9.703020993343573e-05
2119680,0.0006576665909960866,0.06620775896590203,-0.020522727019852027,0.0087890625,0.0017320866463705897,9.700460829493087e-05
2120704,0.0004411655099829659,0.11106785596348345,-0.02579139856970869,0.0126953125,0.002719569325563498,9.6979006656426e-05
2121728,-0.0013791493402095512,0.07124454900622368,-0.025073110718949465,0.01171875,0.0011573516530916095,9.695340501792113e-05
2122752,-0.0015083820326253772,0.11725707876030356,-0.027522106436663307,0.00732421875,0.0032958892843453214,9.692780337941628e-05
2123776,2.1894753444939852e-05,0.4491248248377815,-0.028992936946451664,0.0009765625,0.00014164537424221635,9.69022017409114e-05
2124800,-0.0010986727138515562,1.7827709130942822,-0.07478159805759788,0.0126953125,0.001364989555440843,9.687660010240655e-05
2125824,-0.006060961226467043,1.455237990245223,-0.07407683279598132,0.0205078125,0.0025042643392225727,9.685099846390167e-05
2126848,-0.0017630068614380434,0.08116840524598956,-0.025156177427561488,0.00927734375,0.002459344395902008,9.682539682539682e-05
2127872,-0.0015794611972523853,0.09300927084404975,-0.02342401966052421,0.0146484375,0.0036501688591670245,9.679979518689195e-05
2128896,-0.0010704687010729685,0.4373888170812279,-0.03232484241016209,0.00732421875,0.0014598103589378297,9.677419354838708e-05
2129920,-0.0032567511370871216,1.313478672876954,-0.06677637010579929,0.01513671875,0.0013162435934646055,9.674859190988222e-05
2130944,-0.0003181695064995438,0.06911227852106094,-0.022692238479066873,0.00732421875,0.0030586705106543377,9.672299027137736e-05
2131968,0.0005065317236585543,0.06180401332676411,-0.027109369286336005,0.01416015625,0.003537734562996775,9.669738863287249e-05
2132992,0.0005748014518758282,0.8772301068529487,-0.05252710991771892,0.017578125,0.0017420482472516596,9.667178699436763e-05
2134016,0.00013175093044992536,0.11390635487623513,-0.035026713041588664,0.00927734375,0.0036267459363443777,9.664618535586278e-05
2135040,-0.001028896775096655,0.3031940225046128,-0.028956923561054282,0.0146484375,0.00291647894482594,9.662058371735789e-05
2136064,-0.0013199378590798005,0.06349226727616042,-0.03039529052330181,0.0107421875,0.002222102470113896,9.659498207885304e-05
2137088,-0.0014101856795605272,0.3843269068747759,-0.029109440511092544,0.01318359375,0.0029981680709170178,9.656938044034816e-05
2138112,-0.0040835163672454655,0.659574382007122,-0.051165273354854435,0.01416015625,0.0018605011573527008,9.654377880184331e-05
2139136,-0.00034726700687315315,0.3141035025473684,-0.03378535568481311,0.00830078125,0.0008375929755857214,9.651817716333844e-05
2140160,0.0012268692225916311,0.10527486191131175,-0.029703743783102254,0.00927734375,0.001883180026197806,9.64925755248336e-05
2141184,-0.0001872613611340057,0.10620848392136395,-0.028466057978221215,0.0029296875,0.0007040963973850012,9.646697388632871e-05
2142208,-0.00031732289062347263,0.3604401140473783,-0.03759968627127819,0.01171875,0.0033287872065557167,9.644137224782385e-05
2143232,-0.0024641143390908837,0.8102524029091001,-0.034043628693325445,0.01171875,0.0027507520135259256,9.641577060931898e-05
2144256,0.003268269145337399,0.4495299095287919,-0.032107079670822714,0.01220703125,0.00224259085371159,9.639016897081412e-05
2145280,-0.0022325486061163247,0.3870639428496361,-0.03668607087456621,0.01416015625,0.0019436081929598004,9.636456733230927e-05
2146304,-0.003451687458436936,0.5003457551356405,-0.041527382243657485,0.0166015625,0.0037151674914639443,9.63389656938044e-05
2147328,0.0001362022740067914,0.150915814563632,-0.03209260953008197,0.0087890625,0.0027495387330418453,9.631336405529954e-05
2148352,-0.0006176679744385183,0.06415050063515082,-0.022625157285801833,0.00830078125,0.0008722500642761588,9.628776241679465e-05
2149376,-0.001658988869166933,0.424865257460624,-0.030561291991034523,0.0166015625,0.0032686719932826236,9.62621607782898e-05
2150400,-0.0007978673747857101,0.06627173162996769,-0.02851404006651137,0.013671875,0.002661049657035619,9.623655913978493e-05
2151424,0.0005674966232618317,0.5303388815373182,-0.035311598621774465,0.0087890625,0.0008285465446533635,9.621095750128009e-05
2152448,-0.0026317289157304913,0.7457662601955235,-0.03694219849421643,0.01171875,0.001522704362287186,9.61853558627752e-05
2153472,-0.000427133338234853,0.3859855127520859,-0.03122716912184842,0.0048828125,0.000724585828720592,9.615975422427034e-05
2154496,-0.0002408256259514019,0.10639712552074343,-0.030095311129116453,0.0146484375,0.006858768771053292,9.613415258576547e-05
2155520,-0.0014184113824740052,0.28284516744315624,-0.03042705758707598,0.00927734375,0.0018246671534143388,9.610855094726061e-05
2156544,-0.0002459419483784586,0.3845392093062401,-0.032990082807373255,0.01220703125,0.0027232697466388345,9.608294930875576e-05
2157568,-9.711577149573714e-05,0.06655165215488523,-0.02345537031578715,0.0087890625,0.0011234737612539902,9.605734767025088e-05
2158592,0.0005724978545913473,0.08107853773981333,-0.0250295215028018,0.00830078125,0.004486548830755055,9.603174603174603e-05
2159616,-0.001097200220101513,0.29596256255172193,-0.03702179477659229,0.01123046875,0.006928919363417663,9.600614439324114e-05
2160640,-0.0008084977889666334,0.05610915401484817,-0.02439969443366863,0.0126953125,0.003332795968162827,9.59805427547363e-05
2161664,-0.0035668063574121334,0.34931548580061644,-0.027889519318705425,0.0244140625,0.010596906824503094,9.595494111623142e-05
2162688,-0.0006340188847389072,0.10822363791521639,-0.023895852966234088,0.0087890625,0.0023170158092398196,9.592933947772658e-05
2163712,-0.0011082214768975973,0.11120656621642411,-0.02389873792344588,0.005859375,0.0025826739438343793,9.59037378392217e-05
2164736,-0.0004647813329938799,0.10968868993222713,-0.024601924626040272,0.0126953125,0.00755371515697334,9.587813620071685e-05
2165760,0.00014937274681869894,0.44919778732582927,-0.036741239891853184,0.01611328125,0.0016725317400414497,9.585253456221196e-05
2166784,-0.0010566930286586285,0.8001711606048048,-0.039304216275922954,0.0078125,0.002699399148696102,9.58269329237071e-05
2167808,-0.0016828538791742176,0.06624848628416657,-0.022280079613665293,0.01025390625,0.006238314250367694,9.580133128520225e-05
2168832,-0.0013876940065529197,0.12751880777068436,-0.021749734922195785,0.0107421875,0.0007982585084391758,9.577572964669737e-05
2169856,-0.0020673007529694587,0.059845855459570885,-0.021311480635631597,0.0126953125,0.004789246537256986,9.575012800819252e-05
2170880,-0.0005238835728960112,0.1129262411268428,-0.027624499360172194,0.01171875,0.002267952833790332,9.572452636968766e-05
2171904,-0.00024116827989928424,0.15149496227968484,-0.02813108481495874,0.00830078125,0.004098492208868265,9.569892473118279e-05
2172928,-0.004536099964752793,0.8038818561471999,-0.04496380189084448,0.02099609375,0.004707816173322499,9.567332309267791e-05
2173952,-0.0011572568328119814,0.5455498844385147,-0.04027182506979443,0.0107421875,0.0009775163925951347,9.564772145417307e-05
2174976,-0.0004976181080564857,0.5859095028135926,-0.044944590103114024,0.0185546875,0.0019206509896321222,9.562211981566818e-05
2176000,-3.555430157575756e-05,0.12348223954904824,-0.029810638836352155,0.01513671875,0.0051598457066575065,9.559651817716334e-05
2177024,-0.0009181083005387336,0.07033148768823594,-0.02846650977153331,0.00830078125,0.005929489008849487,9.557091653865845e-05
2178048,-0.0008868986187735572,0.3584067786578089,-0.027649267089145724,0.0087890625,0.0024457468825858086,9.554531490015361e-05
2179072,-0.001476895937230438,0.19765791902318597,-0.029996793418831658,0.01025390625,0.0032452590094180778,9.551971326164874e-05
2180096,0.0005907926606596448,0.06264742673374712,-0.025753149209776893,0.00537109375,0.0018994937563547865,9.549411162314386e-05
2181120,-0.0010454894363647327,0.07895628933329135,-0.02568271585914772,0.0087890625,0.0043842943996423855,9.5468509984639e-05
2182144,-0.0008322117064381018,0.1494752261787653,-0.02823842463840265,0.00634765625,0.0020342158968560398,9.544290834613415e-05
2183168,-0.0025861859903670847,0.6105791595764458,-0.0536379863624461,0.01708984375,0.0020157264079898596,9.541730670762928e-05
2184192,-0.0014735489676240832,0.4013652622234076,-0.038189828672329895,0.0087890625,0.0021164335776120424,9.539170506912442e-05
2185216,-0.0002527658361941576,0.7185956384055316,-0.028975833381991833,0.0068359375,0.0013374210393521935,9.536610343061956e-05
2186240,-0.0013795989798381925,1.031840616837144,-0.043096287990920246,0.013671875,0.0016853532870300114,9.534050179211467e-05
2187264,-0.0027370810275897384,0.3352985179517418,-0.037326684439904056,0.01025390625,0.0017613482777960598,9.531490015360983e-05
2188288,-0.0010246648453176022,0.4159818356856704,-0.03483615376171656,0.0107421875,0.0019473583524813876,9.528929851510494e-05
2189312,-0.001096156018320471,0.08514895802363753,-0.027589500526119082,0.00927734375,0.004754426947329193,9.52636968766001e-05
2190336,0.0005306699604261667,1.0279003204777837,-0.037556192255578935,0.0087890625,0.001343282696325332,9.523809523809523e-05
2191360,-0.004065522065502591,0.5791607650462538,-0.02686520074348664,0.01123046875,0.0035118354571750388,9.521249359959036e-05
2192384,0.0002468801976647228,2.0066893193870783,-0.06865929288323969,0.0107421875,0.0012493227695813403,9.51868919610855e-05
2193408,-0.0009379334951518103,0.10239728633314371,-0.02473843282496091,0.013671875,0.002233211067505181,9.516129032258064e-05
2194432,-0.0010002497292589396,0.10092443297617137,-0.03285311517538503,0.0029296875,0.0005007847503293306,9.513568868407577e-05
2195456,-0.0019145921687595546,0.43912138463929296,-0.027445390369393863,0.0146484375,0.0049911659298231825,9.511008704557091e-05
2196480,-0.00150443019811064,0.056811668211594224,-0.025767594714125153,0.02001953125,0.006092297364375554,9.508448540706605e-05
2197504,0.002261732799524907,0.13122767419554293,-0.025839729169092607,0.0078125,0.0018363704293733463,9.505888376856118e-05
2198528,-0.00127871532458812,0.14951067883521318,-0.018487070321498322,0.0068359375,0.003260933546698652,9.503328213005632e-05
2199552,-0.0013982710952404886,0.34967630729079247,-0.023412025519064628,0.0087890625,0.002957822915050201,9.500768049155145e-05
2200576,-0.0008850115555105731,0.09284771594684571,-0.020851411665717023,0.0048828125,0.0011797151382779703,9.498207885304659e-05
2201600,-0.0010172827605856583,0.40112738870084286,-0.031122034532018006,0.0087890625,0.0006458637362811714,9.495647721454172e-05
2202624,-0.0010627766750985757,0.10328499495517462,-0.021633590124110924,0.005859375,0.002213197003584355,9.493087557603687e-05
2203648,-0.0004334830300649628,0.3843209254555404,-0.0318288316775579,0.0078125,0.0023967086744960397,9.490527393753199e-05
2204672,-0.000698657866450958,0.33742593391798437,-0.02520437525527086,0.0078125,0.0008551546197850257,9.487967229902713e-05
2205696,-0.0007875582377891988,0.06702975754160434,-0.023271776793990284,0.0087890625,0.0029551180341513827,9.485407066052226e-05
2206720,-0.0010722439183155075,0.04163340124068782,-0.022504835040308535,0.0078125,0.0025019955937750638,9.48284690220174e-05
2207744,-0.001047548241331242,0.41447598743252456,-0.025753183088454534,0.009765625,0.0013103331584716216,9.480286738351254e-05
2208768,-0.0007428732787957415,0.3617346356622875,-0.029834895802196115,0.00732421875,0.0006578879256267101,9.477726574500767e-05
2209792,-0.0008640657761134207,0.3188793254084885,-0.031543998047709465,0.00537109375,0.0006499629962490872,9.475166410650281e-05
2210816,-0.002361239225137979,0.3706064169527963,-0.02505216750432737,0.01513671875,0.0038024043169571087,9.472606246799794e-05
2211840,-0.0014826360711595044,0.20583706547040492,-0.02928102746955119,0.0078125,0.0024175084254238755,9.470046082949308e-05
2212864,-0.0012198579643154517,0.38167880079708993,-0.040778582100756466,0.01171875,0.002876214246498421,9.467485919098821e-05
2213888,-0.0004028855328215286,0.05824006989132613,-0.021007865078900068,0.00634765625,0.0013153153704479337,9.464925755248336e-05
2214912,0.0005720488261431456,0.12406881083734334,-0.02100960111420136,0.0048828125,0.002011251650401391,9.462365591397848e-05
2215936,0.005204427186981775,0.5875493558123708,-0.03583517298102379,0.015625,0.0028191339079057798,9.459805427547363e-05
2216960,-0.0008187614876078442,0.11914199683815241,-0.028510933771030977,0.01123046875,0.0026065917481901124,9.457245263696875e-05
2217984,-0.0010860434995265678,0.08666700241155922,-0.021602920520308544,0.013671875,0.0017837206687545404,9.454685099846389e-05
2219008,-0.00091936880198773,0.07692189805675298,-0.022622772980639638,0.005859375,0.0032450253784190863,9.452124935995903e-05
2220032,-0.0009670046783867292,0.07086367660667747,-0.02703678134275833,0.01025390625,0.002261689296574332,9.449564772145416e-05
2221056,-0.0007491214782930911,0.10992335982155055,-0.022246022884246486,0.0048828125,0.000832721299957484,9.44700460829493e-05
2222080,-0.00023301933833863586,0.10882950236555189,-0.022614111225266242,0.01123046875,0.002565378919825889,9.444444444444444e-05
2223104,-0.0007459424086846411,0.03771145944483578,-0.019843006717565004,0.00830078125,0.0029249125364003703,9.441884280593957e-05
2224128,-0.000298476021271199,0.08041364833479747,-0.018048955716039927,0.0078125,0.0032320271420758218,9.43932411674347e-05
2225152,-0.0009535209828754887,0.45872308989055455,-0.034541841509053484,0.00439453125,0.0005195548437768593,9.436763952892985e-05
2226176,-0.0005033203342463821,0.06445477262604982,-0.02122601622613729,0.0087890625,0.0035787376546068117,9.434203789042497e-05
2227200,-0.0015741842071292922,0.1483316426165402,-0.02557136047835229,0.00732421875,0.0021080170845380053,9.431643625192012e-05
2228224,-0.001382457892759703,0.37947726843412966,-0.027167221553099807,0.005859375,0.0012700654187938198,9.429083461341525e-05
2229248,-0.0008812194137135521,0.32634803699329495,-0.02725402155192569,0.0068359375,0.0012261207884876058,9.426523297491038e-05
2230272,-0.0008558228291803971,0.07336424489039928,-0.026723217483777262,0.013671875,0.0027911428187508136,9.423963133640552e-05
2231296,0.0003864467435050756,0.06875606370158494,-0.028089342604289413,0.01611328125,0.0018575599533505738,9.421402969790065e-05
2232320,1.2889737263321877e-05,0.07691650360357016,-0.023774616936862003,0.00830078125,0.0015404368605231866,9.418842805939579e-05
2233344,-0.0009317838121205568,0.09736327989958227,-0.0260686093752156,0.01171875,0.0019736490212380886,9.416282642089093e-05
2234368,-0.0014534637739416212,0.7246574969030917,-0.03522019003867172,0.01171875,0.0018776183278532699,9.413722478238606e-05
2235392,0.00018979782180394977,0.10505201434716582,-0.020837547825067304,0.01171875,0.004338745275163092,9.41116231438812e-05
2236416,-0.0006059234729036689,0.15114170336164534,-0.02538526953139808,0.00390625,0.0010356824641348794,9.408602150537634e-05
2237440,-0.002199577575083822,0.05201598635176197,-0.025582294852938503,0.0146484375,0.005767930779256858,9.406041986687146e-05
2238464,-0.0013137441128492355,0.08263140567578375,-0.02778285869226238,0.009765625,0.0009641195938456804,9.403481822836661e-05
2239488,-0.0008948844770202413,0.11555635184049606,-0.025801885551572923,0.00634765625,0.0009961000614566728,9.400921658986174e-05
2240512,0.0008533078944310546,0.09672927262727171,-0.02263743295770837,0.0087890625,0.002016249025473371,9.398361495135688e-05
2241536,-0.0016622466791886836,0.47256911592558026,-0.036803398630581796,0.01318359375,0.0010307125630788505,9.395801331285201e-05
2242560,0.0004799535672646016,0.08696891891304404,-0.025303695118054748,0.0048828125,0.0010035815357696265,9.393241167434715e-05
2243584,-0.0011397281996323727,0.08216285821981728,-0.02000063069499447,0.0068359375,0.004118666620342992,9.390681003584228e-05
2244608,-0.0002606639754958451,0.33333391253836453,-0.03041389906866243,0.00146484375,0.0002579180581960827,9.388120839733742e-05
2245632,-0.0022342486408888362,0.08731893065851182,-0.02604705232079141,0.0107421875,0.0021099798468640074,9.385560675883255e-05
2246656,0.004118715776712634,0.08235177700407803,-0.027624378039035946,0.00830078125,0.003816050724708475,9.383000512032769e-05
2247680,0.000555891587282531,0.14992764871567488,-0.02991525668767281,0.00830078125,0.002514145046006888,9.380440348182283e-05
2248704,-0.0005307195242494345,0.03997290477855131,-0.02726760442601517,0.00341796875,0.00028229481540620327,9.377880184331795e-05
2249728,-0.0003161516069667414,0.3662292304215953,-0.025883114816679154,0.00732421875,0.0005350226711016148,9.37532002048131e-05
2250752,-0.0008714418072486296,0.10294103517662734,-0.026849310990655795,0.005859375,0.0007072376465657726,9.372759856630823e-05
2251776,-0.0015611571798217483,0.46148603060282767,-0.023037791626848048,0.0087890625,0.0019249724427936599,9.370199692780337e-05
2252800,-0.00020849087741225958,0.38930297060869634,-0.027548574180400465,0.00634765625,0.0008316564344568178,9.36763952892985e-05
2253824,-0.002005465072215884,0.3658154555596411,-0.028613611866603605,0.015625,0.005031607317505404,9.365079365079366e-05
2254848,-0.0003390437923371792,0.23592782113701105,-0.027442243565019453,0.00244140625,0.0003857311967294663,9.362519201228877e-05
2255872,-0.001894566034025047,0.20970645337365568,-0.026068121544085443,0.0078125,0.0027384457644075155,9.359959037378391e-05
2256896,-0.001397784159053117,0.04751545935869217,-0.019327644826262258,0.013671875,0.004132782909437083,9.357398873527906e-05
2257920,-0.0012859895141446032,0.39829382416792214,-0.03397493655211292,0.00439453125,0.0005166675109649077,9.354838709677418e-05
2258944,-0.003013016132172197,0.4542191573418677,-0.03283582752919756,0.009765625,0.0017616460099816322,9.352278545826932e-05
2259968,-0.002101880163536407,0.06088476232253015,-0.027896850551769603,0.02001953125,0.003579790107323788,9.349718381976445e-05
2260992,-0.0006671702867606655,0.21225942857563496,-0.03181605113786645,0.00244140625,0.00034559292544145137,9.34715821812596e-05
2262016,-0.0010546769481152296,0.3214981034398079,-0.036978473188355565,0.009765625,0.001227038781507872,9.344598054275472e-05
2263040,-0.0012628592812689021,0.08745588106103241,-0.02897952352941502,0.01220703125,0.0016932110593188554,9.342037890424986e-05
2264064,-0.0008013418409973383,0.48241019947454333,-0.02883849266800098,0.0107421875,0.0034390272630844265,9.339477726574499e-05
2265088,-0.0035277562856208533,0.544968634378165,-0.0425237103481777,0.02001953125,0.005434194128611125,9.336917562724015e-05
2266112,-0.002364077838137746,0.3629037251230329,-0.028803030247217976,0.0087890625,0.0021376330259954557,9.334357398873526e-05
2267136,-0.0015919557918095961,0.14383508637547493,-0.0326748731022235,0.01318359375,0.0019844285416183993,9.331797235023042e-05
2268160,-0.0022698975808452815,0.7803099938901141,-0.04640415054745972,0.01513671875,0.002374769392190501,9.329237071172555e-05
2269184,-0.0008031726611079648,0.3177210344001651,-0.028844473068602383,0.01220703125,0.004166988466749899,9.326676907322067e-05
2270208,-0.001685793831711635,0.583528695628047,-0.03799228408024646,0.013671875,0.0013021488848607987,9.324116743471582e-05
2271232,9.857667464530095e-05,0.09442373353522271,-0.026666733814636245,0.01025390625,0.001944372124853544,9.321556579621096e-05
2272256,-6.901376764290035e-05,0.5317735369317234,-0.035589121835073456,0.009765625,0.0034923291095765308,9.318996415770608e-05
2273280,-0.0009506545320618898,0.08010241435840726,-0.021875344566069543,0.00537109375,0.001569952248246409,9.316436251920123e-05
2274304,-0.0019392800240893848,0.8382315528579056,-0.04241490246204194,0.02685546875,0.005325035614077933,9.313876088069635e-05
2275328,-0.0009112366824410856,0.07666008488740772,-0.02559187881706748,0.01171875,0.004402756167110056,9.311315924219148e-05
2276352,-0.003597128627006896,0.3406638182932511,-0.03693373147689272,0.02099609375,0.002306627109646797,9.308755760368664e-05
2277376,-0.0023138714022934437,0.05493396753445268,-0.030003919469891116,0.00732421875,0.0005771471478510648,9.306195596518175e-05
2278400,-0.0007346342608798295,0.12110593181569129,-0.022508012469188543,0.0048828125,0.0008069269824773073,9.303635432667691e-05
2279424,-0.0012961169995833188,0.09633518266491592,-0.022585910162888467,0.009765625,0.0023035773629089817,9.301075268817204e-05
2280448,-0.00041037869232241064,0.45024478645063937,-0.0346837742254138,0.0087890625,0.0012645337701542303,9.298515104966716e-05
2281472,-0.0029449352296069264,0.0483481849078089,-0.024548825800593477,0.01611328125,0.009079699477297254,9.29595494111623e-05
2282496,-0.0011341012650518678,0.39397463970817626,-0.03167522467265371,0.0126953125,0.001203593667014502,9.293394777265745e-05
2283520,0.00018928723875433207,0.10125511686783284,-0.026038250740384683,0.005859375,0.0007533119787694886,9.290834613415258e-05
2284544,-0.0035611688799690455,0.9289705501869321,-0.04443298518890515,0.009765625,0.0013068814296275377,9.288274449564772e-05
2285568,-0.001658111170399934,0.3572849635966122,-0.03543372586136684,0.013671875,0.0034432863030815497,9.285714285714286e-05
2286592,-0.001368600846035406,0.3776028580032289,-0.034319959115237,0.00830078125,0.001614468332263641,9.283154121863797e-05
2287616,-0.000806763709988445,0.15196350892074406,-0.03254354996897746,0.0126953125,0.0015532745455857366,9.280593958013313e-05
2288640,-0.00026007453561760485,0.11047128960490227,-0.034324455162277445,0.0107421875,0.0011162988375872374,9.278033794162824e-05
2289664,-0.0013716818939428777,0.05704000929836184,-0.032941536788712256,0.01025390625,0.0015796371590113267,9.27547363031234e-05
2290688,-0.0006645262765232474,0.12935548811219633,-0.030897361666575307,0.013671875,0.0018653731240192428,9.272913466461853e-05
2291712,-0.004210831903037615,0.1096008294261992,-0.03392144204553915,0.0126953125,0.004491848114412278,9.270353302611367e-05
2292736,-0.0017966830782825127,0.7183116506785154,-0.0342161632142961,0.00634765625,0.0010600458044791594,9.26779313876088e-05
2293760,-0.00039217586163431406,0.07103800366166979,-0.023195008368929848,0.01220703125,0.00211675999162253,9.265232974910394e-05
2294784,-0.0009401223214808851,0.10306558874435723,-0.026648944171029143,0.0068359375,0.0009192787401843816,9.262672811059907e-05
2295808,-0.0004104920371901244,0.09426527505274862,-0.022613921965785266,0.00927734375,0.0016200133395614102,9.260112647209421e-05
2296832,-0.002794949832605198,0.3830573500599712,-0.03212739140144549,0.01611328125,0.0042068743641721085,9.257552483358935e-05
2297856,-7.119977090042084e-05,0.7123439845163375,-0.03588872264663223,0.01416015625,0.004507210003794171,9.254992319508448e-05
2298880,-0.0015052193484734744,0.09708731854334474,-0.026007050251791952,0.00732421875,0.001497963719884865,9.252432155657962e-05
2299904,0.00020609929924830794,0.06884324550628662,-0.02481539220389095,0.0107421875,0.0034121611824957654,9.249871991807473e-05
2300928,-0.0018399158434476703,0.17081877845339477,-0.033888465564814396,0.01123046875,0.0013763901661150157,9.247311827956989e-05
2301952,-0.001105524497688748,0.36681824654806405,-0.031450605230929796,0.009765625,0.0018542984616942704,9.244751664106502e-05
2302976,-0.0005116092361276969,0.38277603150345385,-0.028400490366038866,0.00927734375,0.0016740201535867527,9.242191500256017e-05
2304000,-0.002074131916742772,0.10232404712587595,-0.021742429249570705,0.00732421875,0.0021087669738335535,9.239631336405529e-05
2305024,-0.0004548630095086992,1.00279820850119,-0.0485469542327337,0.01025390625,0.0014049119636183605,9.237071172555044e-05
2306048,-0.002093203947879374,0.3053840403445065,-0.03482155446181423,0.01025390625,0.0021181940974202007,9.234511008704556e-05
2307072,0.0004708209598902613,0.05151631945045665,-0.02363777879963891,0.00732421875,0.001341658760793507,9.23195084485407e-05
2308096,-0.0014532092900481075,0.04755186743568629,-0.02213075908821338,0.00732421875,0.0020261472673155367,9.229390681003584e-05
2309120,0.00024770139134489,0.17539446521550417,-0.02380997956788633,0.00830078125,0.004153836707700975,9.226830517153097e-05
2310144,-0.0005209423397900537,0.3397552903043106,-0.030546350601071026,0.01220703125,0.0014665335038444027,9.224270353302611e-05
2311168,-0.0020409757271409035,0.09936798422131687,-0.026805351837538183,0.01416015625,0.004228021018207073,9.221710189452125e-05
2312192,0.003010651984368451,0.8698724061250687,-0.042738439922686666,0.01611328125,0.0026912783650914207,9.219150025601638e-05
2313216,-0.001463572698412463,0.08866950287483633,-0.021392226139141712,0.01123046875,0.0025283267750637606,9.216589861751151e-05
2314240,-0.0037961585840093903,0.6675536828115582,-0.03300081772613339,0.0205078125,0.006213662592926994,9.214029697900666e-05
2315264,-0.00022376606648322195,0.08034230081830174,-0.020374912353872787,0.0048828125,0.0007458985346602276,9.211469534050178e-05
2316288,-0.0013338061107788235,0.0651244311593473,-0.02414791488990886,0.0126953125,0.007419920904794708,9.208909370199693e-05
2317312,-0.00029158157849451527,0.4450997095555067,-0.02528034093847964,0.00390625,0.0013536222977563739,9.206349206349205e-05
2318336,-0.0010137291974388063,0.11238218110520393,-0.028712467399600428,0.01416015625,0.0033464738517068326,9.203789042498719e-05
2319360,-0.002551456302171573,0.4228772434871644,-0.03075944601732772,0.01708984375,0.003017893061041832,9.201228878648233e-05
2320384,-0.0019825233248411678,0.539202390005812,-0.03185493382625282,0.0087890625,0.0015616762539139017,9.198668714797746e-05
2321408,-0.0005839511795784347,0.07616392220370471,-0.02446762958425097,0.00537109375,0.0011285578802926466,9.19610855094726e-05
2322432,0.0002934950462076813,0.10960519558284432,-0.029504942165658576,0.0107421875,0.00269078605924733,9.193548387096774e-05
2323456,-0.0010619372042128816,0.4061182664008811,-0.025690473237773404,0.00830078125,0.002370861009694636,9.190988223246287e-05
2324480,-0.00203012689598836,0.2973159239627421,-0.03467073178035207,0.0087890625,0.0024118517467286438,9.1884280593958e-05
2325504,0.001023497257847339,0.11083217337727547,-0.028767448362486903,0.0078125,0.0023233800602611154,9.185867895545315e-05
2326528,0.0008732059504836798,0.1639052217360586,-0.026598202850436792,0.005859375,0.0022944588272366673,9.183307731694827e-05
2327552,0.00017578722327016294,0.05124431778676808,-0.019335804388902034,0.00244140625,0.0004034877347294241,9.180747567844342e-05
2328576,-0.0008711510163266212,0.4133279235102236,-0.03084335383027792,0.01025390625,0.0021890875505050644,9.178187403993854e-05
2329600,-0.0007347757491515949,0.11122389719821513,-0.03185132218641229,0.01318359375,0.0027836411754833534,9.175627240143369e-05
2330624,-0.00028903508791700006,0.4159062918042764,-0.03080578970548231,0.00732421875,0.0005310181295499206,9.173067076292882e-05
2331648,-0.004112138878554106,0.200231317197904,-0.03198845306178555,0.01171875,0.002804349234793335,9.170506912442395e-05
2332672,-0.0010053992446046323,0.08791350072715431,-0.02981500866371789,0.00830078125,0.0009656598413130268,9.167946748591909e-05
2333696,-8.275845902971923e-05,0.05996355216484517,-0.024805452558211982,0.00244140625,0.00023315788712352514,9.165386584741423e-05
2334720,-0.0006655099787167273,0.3425113578559831,-0.02807793927786406,0.0126953125,0.0015859833365539089,9.162826420890936e-05
2335744,-0.0019483424766804092,0.10294224438257515,-0.03408885982935317,0.0166015625,0.003990733690443449,9.16026625704045e-05
2336768,-0.002667916749487631,0.7381553195882589,-0.03904322921880521,0.01611328125,0.0027174940041732043,9.157706093189964e-05
2337792,-0.0020859567157458514,0.3672624286264181,-0.04014183016261086,0.01904296875,0.0020815703173866495,9.155145929339476e-05
2338816,-0.0019984877289971337,0.7192532639019191,-0.038849867414683104,0.0087890625,0.0032784263748908415,9.152585765488991e-05
2339840,-0.001269025007786695,0.4975827152375132,-0.03095931760617532,0.02197265625,0.005700975743820891,9.150025601638503e-05
2340864,-0.001201281658723019,0.10640906519256532,-0.026661761105060577,0.01123046875,0.003000927055836655,9.147465437788018e-05
2341888,-0.001121149631217122,0.06059277418535203,-0.023903145112853963,0.0078125,0.0015422168944496661,9.144905273937531e-05
2342912,-0.0007092173618730158,0.3982266541570425,-0.037455895537277684,0.0048828125,0.000585473157116212,9.142345110087047e-05
2343936,-5.0761562306433916e-05,0.3353147958405316,-0.03422641893848777,0.00830078125,0.001492045892518945,9.139784946236558e-05
2344960,-0.00129346689209342,0.3608277461025864,-0.03414330325904302,0.0048828125,0.000489287413074635,9.137224782386072e-05
2345984,-0.0029402313812170178,0.3540545467985794,-0.03554478395381011,0.0166015625,0.001624813667149283,9.134664618535585e-05
2347008,-0.00030105860787443817,0.6631973534822464,-0.041203664732165635,0.00244140625,0.0003405695460969582,9.132104454685099e-05
2348032,-0.0013911345595261082,0.5174415824003518,-0.03331828581576701,0.01025390625,0.0038827517128083855,9.129544290834613e-05
2349056,-0.0013857345911674201,0.08622908149845898,-0.03625344540341757,0.013671875,0.00494620633253362,9.126984126984126e-05
2350080,-0.001213857321999967,0.12224641954526305,-0.035697758255992085,0.01123046875,0.0023193617380457,9.12442396313364e-05
2351104,-0.0037803328887093812,0.9265431892126799,-0.04232918960042298,0.009765625,0.002871879914891906,9.121863799283152e-05
2352128,-0.0002376848424319178,0.05070408119354397,-0.026470614575373475,0.0087890625,0.0014145381574053317,9.119303635432667e-05
2353152,-0.001536196272354573,0.15124998148530722,-0.027182484067452606,0.0166015625,0.003371643688296899,9.11674347158218e-05
2354176,-0.005160594839253463,0.8588696643710136,-0.04501861322205514,0.02001953125,0.002361217499128543,9.114183307731696e-05
2355200,-0.0010457790340296924,0.18861099798232317,-0.03841672316775657,0.015625,0.0031679878011345863,9.111623143881207e-05
2356224,-0.0005044068311690353,0.1022280661854893,-0.032471459766384214,0.00830078125,0.0013039934710832313,9.109062980030721e-05
2357248,-0.0013274793964228593,0.1320675916504115,-0.027777178649557754,0.01611328125,0.004155100483330898,9.106502816180234e-05
2358272,-0.0014115484082140028,0.09595497022382915,-0.027361389555153437,0.00537109375,0.0011156844557262957,9.103942652329748e-05
2359296,-0.00260578520828858,1.043752333149314,-0.04889656195882708,0.01220703125,0.0029265482880873606,9.101382488479262e-05
2360320,-0.0012174169096397236,0.4315317436121404,-0.034263758490851615,0.0078125,0.0007684288138989359,9.098822324628775e-05
2361344,-0.0016333966486854479,0.3963155332021415,-0.03078752418514341,0.0078125,0.0007655932568013668,9.09626216077829e-05
2362368,-0.000672095047775656,0.10165017552208155,-0.02646410375018604,0.0068359375,0.000882852531503886,9.093701996927804e-05
2363392,-0.0012860170827480033,0.05478777165990323,-0.027196844021091238,0.0107421875,0.0009078077273443341,9.091141833077316e-05
2364416,-0.0004486207908485085,0.1370750640053302,-0.02695024952845415,0.00390625,0.00028707408637274057,9.088581669226829e-05
2365440,-0.0005062183772679418,0.0738076736452058,-0.022930742730750353,0.00732421875,0.0005496314261108637,9.086021505376345e-05
2366464,-0.0003664909745566547,0.15735335368663073,-0.03047394430905115,0.01123046875,0.0014288636593846604,9.083461341525856e-05
2367488,-0.004160356780630536,0.7145334887318313,-0.03291688792523928,0.0224609375,0.008466574174235575,9.080901177675372e-05
2368512,-0.0011225130438106135,0.1190517955692485,-0.026586786305415444,0.00927734375,0.0019210062018828467,9.078341013824883e-05
2369536,-0.0007584685372421518,0.07625831139739603,-0.020276781913707964,0.00537109375,0.002656934331753291,9.075780849974397e-05
2370560,-0.0021839460387127474,0.07450352609157562,-0.026129026620765217,0.0126953125,0.00845077408303041,9.073220686123911e-05
2371584,-0.0010812586406245828,0.599632422439754,-0.03714636641961988,0.00732421875,0.0012780637625837699,9.070660522273424e-05
2372608,-0.0016274759254883975,0.7732729478739202,-0.04074052147916518,0.0126953125,0.001291885695536621,9.068100358422938e-05
2373632,-0.0026844603416975588,0.7201750022359192,-0.040209031401900575,0.0087890625,0.000925461485167034,9.065540194572453e-05
2374656,-0.0021821279369760305,0.3870242349803448,-0.03953468179679476,0.013671875,0.0013856368750566617,9.062980030721965e-05
2375680,-0.0015130717656575143,0.663421772653237,-0.039350145641947165,0.0087890625,0.0009326103318016976,9.060419866871478e-05
2376704,-0.0005607961375062587,0.11359238205477595,-0.021735163005359937,0.00927734375,0.0017782872018869966,9.057859703020994e-05
2377728,-0.004028815877973102,0.6132716215215623,-0.045011653419351205,0.021484375,0.003672796592582017,9.055299539170505e-05
2378752,-0.0001953099126694724,0.08018019038718194,-0.030463074981526006,0.00390625,0.0006480948504758999,9.052739375320021e-05
2379776,-0.0025447344523854554,0.9433516473509371,-0.04015670466469601,0.017578125,0.001291592328925617,9.050179211469532e-05
2380800,-0.0004722602607216686,0.0723498233128339,-0.025836635155428667,0.00732421875,0.0013115274341544136,9.047619047619048e-05
2381824,-0.0004205141740385443,0.08884984266478568,-0.020182942233077483,0.0009765625,0.0001926112308865413,9.04505888376856e-05
2382848,-0.0009992127597797662,0.08215276966802776,-0.022282554218691075,0.0068359375,0.002443172546918504,9.042498719918073e-05
2383872,6.890045187901706e-05,0.37222748156636953,-0.025497306967736222,0.00390625,0.0002844233677024022,9.039938556067587e-05
2384896,-0.0012628975964616984,0.09245541936252266,-0.03174085862701759,0.0166015625,0.004520534275798127,9.037378392217102e-05
2385920,-0.002602737135021016,0.10638170619495213,-0.028000937149045058,0.01953125,0.007799754370353185,9.034818228366614e-05
2386944,-0.0018047541088890284,1.2051789378747344,-0.05243295896798372,0.01171875,0.0015843332512304187,9.032258064516129e-05
2387968,-0.0009057033312274143,0.06214411021210253,-0.025294351755292155,0.0068359375,0.004166237718891352,9.029697900665643e-05
2388992,-0.0019322036241646856,0.5382883129641414,-0.04363629763247445,0.005859375,0.0008503366989316419,9.027137736815154e-05
2390016,-0.0011739282635971904,0.4001019645947963,-0.029797498616972007,0.02099609375,0.004068638139870018,9.02457757296467e-05
2391040,-0.003990804078057408,0.8107516556046903,-0.04280877747805789,0.0185546875,0.0032508597942069173,9.022017409114181e-05
2392064,-0.005809037698782049,0.6108086761087179,-0.04060675640357658,0.0283203125,0.005479731742525473,9.019457245263697e-05
2393088,-0.0011573365627555177,0.5460149645805359,-0.03333463513990864,0.01318359375,0.0023866477131377906,9.01689708141321e-05
2394112,-0.0006310010357992724,0.056103873532265425,-0.026093612068507355,0.0087890625,0.010132637951755896,9.014336917562725e-05
2395136,-0.0010036193416453898,0.18706683325581253,-0.022312943675387942,0.00830078125,0.001991105586057529,9.011776753712236e-05
2396160,-0.00031648257572669536,0.15830267895944417,-0.03136651674867608,0.0048828125,0.0006354327051667497,9.00921658986175e-05
2397184,-0.0017702624609228224,0.5302620952716097,-0.03089922350773122,0.0107421875,0.003211258808732964,9.006656426011263e-05
2398208,0.00011759059270843863,0.4350796783110127,-0.0324972300149966,0.01708984375,0.003657511741039343,9.004096262160778e-05
2399232,0.000418111783801578,0.48933425708673894,-0.035107708419673145,0.0087890625,0.0018554034904809669,9.001536098310292e-05
2400256,-0.0018776026699924842,0.044103575055487454,-0.024038689567532856,0.01416015625,0.006519416128867306,8.998975934459805e-05
2401280,-0.004091205162694678,0.5356254098005593,-0.043553583964239806,0.01318359375,0.003542313221259974,8.996415770609319e-05
2402304,-0.001201559163746424,0.4009735048748553,-0.03136689504026435,0.0107421875,0.0012639140186365694,8.99385560675883e-05
2403328,-0.0002214795385953039,0.9655780410394073,-0.039905471086967736,0.00927734375,0.00301150833547581,8.991295442908346e-05
2404352,-0.0021113877155585214,0.13258519815281034,-0.028188548123580404,0.0146484375,0.0030915482057025656,8.988735279057859e-05
2405376,-0.0026625678437994793,0.3455091428477317,-0.04160765616688877,0.02099609375,0.003295839109341614,8.986175115207374e-05
2406400,-0.00038736950955353677,0.09774960915092379,-0.02662194912409177,0.01416015625,0.003362424671649933,8.983614951356886e-05
2407424,-0.000573023920878768,0.20502427429892123,-0.030149484100547852,0.005859375,0.0006258585781324655,8.9810547875064e-05
2408448,-0.0016555636830162257,0.05928354611387476,-0.029974074801430106,0.01171875,0.0015793608472449705,8.978494623655913e-05
2409472,0.0008366710389964283,0.08165632048621774,-0.024630977048218483,0.00732421875,0.0005786053079646081,8.975934459805427e-05
2410496,-0.0016420689062215388,0.39364025206305087,-0.03943193316808902,0.01171875,0.0016981995577225462,8.973374295954941e-05
2411520,-0.0015065847401274368,0.09911786031443626,-0.03502367966575548,0.01708984375,0.0032163849100470543,8.970814132104454e-05
2412544,-0.0005144067108631134,0.46950328326784074,-0.0333407483267365,0.0087890625,0.0019284635200165212,8.968253968253968e-05
2413568,-0.004534359322860837,0.06977526529226452,-0.03428761730901897,0.02783203125,0.007526045825215988,8.965693804403479e-05
2414592,-0.0030326579872053117,0.9919900270178914,-0.04205003997776657,0.01123046875,0.0015821817360119894,8.963133640552995e-05
2415616,-0.002953216859168606,0.584308007848449,-0.038755892805056646,0.013671875,0.003946822587749921,8.960573476702508e-05
2416640,-0.001229419925948605,0.4012173672672361,-0.03289337843307294,0.01123046875,0.0015775467763887718,8.958013312852023e-05
2417664,-0.0025501428317511454,1.2896994156762958,-0.0503197776270099,0.00732421875,0.0009403786098118871,8.955453149001535e-05
2418688,-0.0001991571916732937,0.3462919016601518,-0.037141842738492414,0.00732421875,0.0009235941543010995,8.95289298515105e-05
2419712,-0.0010587644355837256,0.09624692646320909,-0.03210516952822218,0.01611328125,0.005689700104994699,8.950332821300562e-05
2420736,-0.0024123991461237893,0.7608952764421701,-0.04377640018356033,0.0185546875,0.0028784909227397293,8.947772657450076e-05
2421760,-0.0014635243423981592,0.343035448808223,-0.030647390383819584,0.005859375,0.002317473219591193,8.94521249359959e-05
2422784,-0.0008620079461252317,0.10844117659144104,-0.027891821097000502,0.0068359375,0.0010356061102356762,8.942652329749103e-05
2423808,-0.0011087936873082072,0.05064623127691448,-0.023292023724934552,0.01220703125,0.0010440357436891645,8.940092165898617e-05
2424832,-0.0006058284343453124,0.42232221737504005,-0.034303133870707825,0.0107421875,0.0018053832463920116,8.937532002048131e-05
2425856,-0.0014145401364658028,0.45899262093007565,-0.026375720990472473,0.00830078125,0.0015752624167362228,8.934971838197644e-05
2426880,-0.001461484600440599,0.09398044203408062,-0.03215440665371716,0.0087890625,0.003043298434931785,8.932411674347157e-05
2427904,-0.0012553069973364472,0.4402885241433978,-0.03529152137343772,0.0078125,0.0011305818625260144,8.929851510496672e-05
2428928,-0.0015578917664242908,0.7812749445438385,-0.043630734842736274,0.013671875,0.001647440149099566,8.927291346646184e-05
2429952,-0.001981550711207092,0.3794006775133312,-0.03853209601948038,0.0107421875,0.001527482207166031,8.924731182795699e-05
2430976,-0.0017514634237159044,0.09659171616658568,-0.03418265300570056,0.01025390625,0.0014951417688280344,8.92217101894521e-05
2432000,-0.0021711288718506694,0.09725305589381605,-0.033309058722807094,0.0087890625,0.0014812130539212376,8.919610855094726e-05
2433024,-0.0015064570106915198,0.41948617016896605,-0.03293463803129271,0.00927734375,0.0018489652720745653,8.917050691244239e-05
2434048,-0.0005443689151434228,0.0729199917986989,-0.0310037546150852,0.0048828125,0.0013294355012476444,8.914490527393752e-05
2435072,-0.0004179846146143973,0.09191621595527977,-0.025846434757113457,0.0126953125,0.005689052297384478,8.911930363543266e-05
2436096,-0.0005847493739565834,0.05423640459775925,-0.02127524585921492,0.01123046875,0.001890809420729056,8.90937019969278e-05
2437120,-0.0014765541709493846,0.11533519939985126,-0.023189733168692328,0.0078125,0.002665336724021472,8.906810035842293e-05
2438144,-0.0005630523737636395,0.08944271213840693,-0.02588631652179174,0.00634765625,0.0009327192383352667,8.904249871991807e-05
2439168,-0.001366446704196278,0.5413123392499983,-0.036382452555699274,0.0087890625,0.0008232264372054487,8.901689708141321e-05
2440192,0.0018541172030381858,0.1268840197008103,-0.028738324996083975,0.00634765625,0.002553303347667679,8.899129544290833e-05
2441216,0.0026679148722905666,0.0946966684423387,-0.0266503844759427,0.01171875,0.0015760058304294944,8.896569380440348e-05
2442240,-0.0007569335284642875,0.05999670526944101,-0.02513283608641359,0.01123046875,0.0010463322105351835,8.89400921658986e-05
2443264,-0.00018551068205852062,0.4101073245983571,-0.027938423270825297,0.00341796875,0.0002323508233530447,8.891449052739375e-05
2444288,-0.0002455493522575125,0.6852295605931431,-0.03000883196364157,0.017578125,0.0025547944387653843,8.888888888888888e-05
2445312,-5.8430872741155326e-05,0.35796449496410787,-0.027939951076405123,0.00341796875,0.0005893513007322326,8.886328725038401e-05
2446336,-0.0007532687159255147,0.0616887251380831,-0.02295509188752476,0.00244140625,0.00031641009263694286,8.883768561187915e-05
2447360,-0.0001816500662243925,0.09879510651808232,-0.026756401974125765,0.00927734375,0.0018647295801201835,8.881208397337429e-05
2448384,-0.0005206530477153137,0.09222453297115862,-0.020939149719197303,0.009765625,0.001147218674304895,8.878648233486942e-05
2449408,-0.0022855212882859632,0.6018747799098492,-0.04653302516089752,0.01123046875,0.0026499022351345047,8.876088069636456e-05
2450432,0.0024665027303854004,0.4098045900464058,-0.028706643992336467,0.0068359375,0.0007884393417043611,8.87352790578597e-05
2451456,-0.0022674178471788764,0.3426225536968559,-0.027220407631830312,0.00927734375,0.0020316361624281853,8.870967741935482e-05
2452480,-0.000938417564611882,0.0516365134390071,-0.02287720517415437,0.0048828125,0.001623445627046749,8.868407578084997e-05
2453504,-0.0003546795924194157,0.06837028102017939,-0.02273589204378368,0.00537109375,0.001189849601360038,8.865847414234509e-05
2454528,-0.0004695549432653934,0.06937482202192768,-0.02058036608286784,0.0107421875,0.0014581790601368994,8.863287250384024e-05
2455552,-0.0005497654055943713,0.058403657050803304,-0.028158004395663738,0.01416015625,0.0020739517349284142,8.860727086533537e-05
2456576,-7.115805055946112e-05,0.054707213304936886,-0.023122832353692502,0.0068359375,0.001091835685656406,8.858166922683053e-05
2457600,-0.002324518980458379,0.05639863095711917,-0.03018165787216276,0.01123046875,0.0035682684974744916,8.855606758832564e-05
2458624,-0.0011889174347743392,0.07470151595771313,-0.02936474907619413,0.009765625,0.002208039935794659,8.853046594982078e-05
2459648,-0.0022427559015341103,0.3986320828553289,-0.039196721685584635,0.01611328125,0.002216038148617372,8.850486431131591e-05
2460672,-0.002381870915996842,0.49284603470005095,-0.037769962087622844,0.009765625,0.004027730756206438,8.847926267281105e-05
2461696,-0.00047461183567065746,0.06176704872632399,-0.023326703507336788,0.00390625,0.0004733064997708425,8.845366103430619e-05
2462720,-0.0013586958375526592,0.5096092754974961,-0.02519543035305105,0.0068359375,0.0010543556709308177,8.842805939580132e-05
2463744,3.142834611935541e-05,0.05864792305510491,-0.02924644632730633,0.0087890625,0.0037012928660260513,8.840245775729646e-05
2464768,-0.0005784576933365315,0.05227190983714536,-0.025011547390022315,0.0068359375,0.0010116555204149336,8.837685611879158e-05
2465792,-0.0017541384004289284,0.3689041050383821,-0.02993619878543541,0.013671875,0.004248672252288088,8.835125448028673e-05
2466816,-0.0019882524939021096,1.1028611878864467,-0.04041007847990841,0.00634765625,0.0006360492698149756,8.832565284178186e-05
2467840,-0.0012238987110322341,0.11288211983628571,-0.025237030888092704,0.01220703125,0.0026938629598589614,8.830005120327702e-05
2468864,-0.001782711551641114,0.5938096572645009,-0.03976248670369387,0.0078125,0.0028138561610830948,8.827444956477213e-05
2469888,-0.0006696204363834113,0.1418962508905679,-0.02508449317247141,0.0068359375,0.0016737153055146337,8.824884792626729e-05
2470912,-0.0024826678563840687,0.07706543733365834,-0.028725872427457944,0.01611328125,0.005492374504683539,8.82232462877624e-05
2471936,-0.0009337408118881285,0.8706146241165698,-0.06273025956761558,0.0126953125,0.0017532932834001258,8.819764464925754e-05
2472960,0.0024368359590880573,0.6965854582376778,-0.04634722392074764,0.00927734375,0.0008261402399512008,8.817204301075268e-05
2473984,0.00047760076995473355,0.0822321146260947,-0.03425203400547616,0.01123046875,0.002586607603006996,8.814644137224781e-05
2475008,3.390538040548563e-06,0.36519991769455373,-0.03520721379027236,0.00830078125,0.0014997274556662887,8.812083973374295e-05
2476032,-1.2830132618546486e-05,0.0677391734207049,-0.023426918269251473,0.00537109375,0.0011734272120520473,8.80952380952381e-05
2477056,-0.0031831869782763533,0.6749584008939564,-0.05402250390034169,0.009765625,0.0021972649556118995,8.806963645673322e-05
2478080,-0.0007833627460058779,0.3640562111977488,-0.03420840125181712,0.01416015625,0.002538175423978828,8.804403481822835e-05
2479104,-0.0033977159473579377,0.6887029535137117,-0.03618803799326997,0.01953125,0.00358088401844725,8.80184331797235e-05
2480128,-0.0015172619896475226,0.08592828770633787,-0.030620671677752398,0.01318359375,0.0024214722943725064,8.799283154121862e-05
2481152,-0.0003027494822163135,0.06694316712673753,-0.023330252151936293,0.0087890625,0.002040611580014229,8.796722990271378e-05
2482176,-0.0007646333979209885,0.061986922402866185,-0.024735752667766064,0.009765625,0.0017474918713560328,8.794162826420889e-05
2483200,0.003789402384427376,1.244995292276144,-0.06921344134025276,0.02490234375,0.0029189453489379957,8.791602662570403e-05
2484224,0.008258122281404212,1.4032480120658875,-0.08838512015063316,0.044921875,0.0056027869577519596,8.789042498719917e-05
2485248,-2.5955640012398362e-05,0.16151212435215712,-0.036019176710397005,0.0087890625,0.00076530352816917,8.78648233486943e-05
2486272,0.0017994639347307384,3.011234872043133,-0.13490990363061428,0.05322265625,0.006098325800849125,8.783922171018944e-05
2487296,0.0003048364305868745,6.306756108999252,-0.325930112041533,0.0751953125,0.0070506051706615835,8.781362007168459e-05
2488320,-0.0015618833422195166,0.12993182917125523,-0.028474743536207825,0.0078125,0.002318969593034126,8.778801843317971e-05
2489344,-0.0028803245804738253,1.7000263184309006,-0.10520160803571343,0.025390625,0.0024048185441643,8.776241679467484e-05
2490368,0.0021134242124389857,1.0895498069003224,-0.11773726984392852,0.02783203125,0.0022747219336451963,8.773681515617e-05
2491392,-0.002253243117593229,0.6095762001350522,-0.042472101136809215,0.0126953125,0.002090862311888486,8.771121351766511e-05
2492416,-0.001799765945179388,2.8792937994003296,-0.18883920274674892,0.025390625,0.0022569830471184105,8.768561187916027e-05
2493440,-0.0022589308209717274,1.8014910519123077,-0.1394662766251713,0.03759765625,0.0051296654419275,8.766001024065538e-05
2494464,-0.0006587562238564715,2.5998179353773594,-0.18923602672293782,0.03515625,0.003206777764717117,8.763440860215054e-05
2495488,-0.0013688185426872224,1.0533678894862533,-0.06992720655398443,0.0146484375,0.0014773296716157347,8.760880696364566e-05
2496512,-0.00024741953529883176,0.11858886328991503,-0.028056333074346185,0.00732421875,0.001223835104610771,8.758320532514079e-05
2497536,-0.002149629479390569,0.1041592905530706,-0.0332111589377746,0.01025390625,0.0018000465352088213,8.755760368663593e-05
2498560,0.00010666163871064782,0.10708952299319208,-0.03090813450398855,0.01025390625,0.003940691429306753,8.753200204813108e-05
2499584,-0.0010638079256750643,0.3912880034185946,-0.035484423278830945,0.01953125,0.004097633151104674,8.75064004096262e-05
2500608,-0.002177478832891211,1.0345408185385168,-0.06198745398432948,0.0146484375,0.0018987886724062264,8.748079877112135e-05
2501632,-0.0007710372592555359,0.06854573194868863,-0.02937490530894138,0.00390625,0.001397783576976508,8.745519713261649e-05
2502656,-0.00045393823529593647,0.45830727694556117,-0.030734079977264628,0.00634765625,0.0020749521208927035,8.74295954941116e-05
2503680,-0.0012720431695925072,0.5519072557799518,-0.029427704866975546,0.01806640625,0.0030348426225828007,8.740399385560676e-05
2504704,-0.0022424619528464973,0.11341914010699838,-0.02978002499730792,0.01318359375,0.006723630125634372,8.737839221710188e-05
2505728,-0.000887849586433731,0.08520830364432186,-0.02411402154393727,0.009765625,0.0014734061842318624,8.735279057859703e-05
2506752,-0.0013769849756499752,0.36918646458070725,-0.02813480891927611,0.00927734375,0.000618602367467247,8.732718894009215e-05
2507776,-0.001081734662875533,1.0870175436139107,-0.03895099210785702,0.01123046875,0.0017934914794750512,8.730158730158731e-05
2508800,-0.0009081848547793925,0.3538651403505355,-0.02997792859969195,0.01171875,0.0025449692620895803,8.727598566308242e-05
2509824,-0.001241781224962324,0.2788671829039231,-0.038329360861098394,0.01318359375,0.0012648873962461948,8.725038402457757e-05
2510848,-0.0009932285902323201,0.07660803315229714,-0.024061980584519915,0.0068359375,0.0010934306483250111,8.72247823860727e-05
2511872,-0.0006113735580584034,0.09057150059379637,-0.027654396166326478,0.0048828125,0.0026475505583221093,8.719918074756784e-05
2512896,-0.0014370681310538203,0.5156564456410706,-0.028570900001795962,0.0185546875,0.0033546870399732143,8.717357910906298e-05
2513920,-0.0016213114140555263,0.1512152454815805,-0.0248943518690794,0.00927734375,0.0038559231179533526,8.71479774705581e-05
2514944,-0.0007686582976020873,0.0673020399408415,-0.02703997121716384,0.01025390625,0.001800319951144047,8.712237583205325e-05
2515968,-0.0010752448288258165,0.6658362546004355,-0.0360448838036973,0.001953125,0.0008874357008608058,8.709677419354838e-05
2516992,-0.001336060420726426,0.10737073712516576,-0.02161618336685933,0.01318359375,0.002972376489196904,8.707117255504352e-05
2518016,-0.0009784256108105183,0.24933452624827623,-0.030352767193107866,0.01220703125,0.001586813639733009,8.704557091653864e-05
2519040,-0.001909562706714496,0.07785145647358149,-0.02338652586331591,0.00634765625,0.0018904884782386944,8.70199692780338e-05
2520064,-0.0008055893413256854,0.39103063312359154,-0.025489791616564617,0.0048828125,0.0006322920817183331,8.699436763952891e-05
2521088,-0.0007384545606328174,0.1100024483166635,-0.02494111477426486,0.0048828125,0.0007436306332238019,8.696876600102406e-05
2522112,-0.002348031150177121,0.3663167010527104,-0.03289711073739454,0.0126953125,0.0024062447337200865,8.694316436251918e-05
2523136,-0.0009710704325698316,0.41622633417136967,-0.02517620699654799,0.00439453125,0.0016345544863725081,8.691756272401433e-05
2524160,-0.0005637462309096009,0.11373588349670172,-0.020799653717404,0.00634765625,0.0015479403809877113,8.689196108550947e-05
2525184,-0.0026155224768444896,0.40472875139676034,-0.03135158558143303,0.01220703125,0.002062421655864455,8.68663594470046e-05
2526208,-0.000563987108762376,0.37177327810786664,-0.02794770587934181,0.00927734375,0.0011450575402704999,8.684075780849974e-05
2527232,-0.00109763715590816,0.11171558126807213,-0.02410229555971455,0.00537109375,0.00048816739581525326,8.681515616999488e-05
2528256,-0.0019876773294527084,0.0521935005672276,-0.02461066917339849,0.0078125,0.003020229414687492,8.678955453149001e-05
2529280,-0.002279751468449831,0.37871696008369327,-0.03142984076839639,0.00830078125,0.0009693506144685671,8.676395289298514e-05
2530304,-0.0011149059573654085,0.0786393815651536,-0.021342102802009322,0.01171875,0.0034521985216997564,8.673835125448029e-05
2531328,-0.00037025331403128803,0.06595614983234555,-0.019823857521259924,0.00830078125,0.0009615875751478598,8.67127496159754e-05
2532352,-0.0014180565485730767,0.04017046111403033,-0.0313055719161639,0.0126953125,0.002539026230806485,8.668714797747056e-05
2533376,-0.002069622918497771,0.0498615235555917,-0.022855491093650926,0.01513671875,0.005806187618873082,8.666154633896569e-05
2534400,-0.0017106719897128642,0.049707488738931715,-0.02416566114698071,0.013671875,0.0052997874590801075,8.663594470046082e-05
2535424,-0.0007225295921671204,0.15000697830691934,-0.02490329774445854,0.0126953125,0.0050220933044329286,8.661034306195596e-05
2536448,-0.0002459252718836069,0.5200602293480188,-0.0341454473673366,0.00927734375,0.002164490389986895,8.658474142345109e-05
2537472,-0.0012823434371966869,0.5339311892166734,-0.02378631551982835,0.013671875,0.004610725911334157,8.655913978494623e-05
2538496,0.0014980410051066428,0.07782800786662847,-0.022110413912741933,0.00830078125,0.004281567627913319,8.653353814644137e-05
2539520,-0.0019404457125347108,0.5770402192138135,-0.024392665036430117,0.01220703125,0.004654158532503061,8.65079365079365e-05
2540544,-0.00299145665121614,0.576361401937902,-0.039292786503210664,0.02001953125,0.0030441561830230057,8.648233486943163e-05
2541568,-0.0016082512302091345,0.03793856350239366,-0.023069621402100893,0.00927734375,0.004281286237528548,8.645673323092678e-05
2542592,-3.11446056002751e-05,0.11028810555581003,-0.025622882982133888,0.0087890625,0.003177731574396603,8.64311315924219e-05
2543616,-0.0019670367473736405,0.7252971404232085,-0.031435324577614665,0.01123046875,0.0011785842070821673,8.640552995391705e-05
2544640,-0.001456838901503943,0.08614313800353557,-0.022056653931940673,0.00830078125,0.0043929223757004365,8.637992831541218e-05
2545664,-0.00033751281443983316,0.06281031761318445,-0.023475234156649094,0.0068359375,0.0017779116315068677,8.635432667690732e-05
2546688,-0.0010620745015330613,0.05983834934886545,-0.021570401509961812,0.00439453125,0.0006391048373188823,8.632872503840245e-05
2547712,-0.0008501687116222456,0.07401436939835548,-0.02314171440229984,0.0068359375,0.001188536625704728,8.630312339989759e-05
2548736,-0.0033184507628902793,0.7835214748047292,-0.035337497654836625,0.01513671875,0.0033753502211766317,8.627752176139272e-05
2549760,-0.0004645705776056275,0.9496341859921813,-0.031123560154810548,0.009765625,0.003946499506128021,8.625192012288786e-05
2550784,-0.0005315720045473427,0.370305338408798,-0.03504792299645487,0.0029296875,0.0003787569294217974,8.622631848438299e-05
2551808,-0.0011724347423296422,0.07974129496142268,-0.02368890299112536,0.00830078125,0.0015175066364463419,8.620071684587813e-05
2552832,-0.0004560621237033047,0.4861465753056109,-0.027010273646737915,0.00732421875,0.001985999886528589,8.617511520737327e-05
2553856,-0.0015601660124957561,0.0728969166520983,-0.020411573255842086,0.0078125,0.003088182274950668,8.614951356886839e-05
2554880,0.0010310616016795393,0.08405659638810903,-0.022578876010811655,0.01318359375,0.00764472181617748,8.612391193036354e-05
2555904,-0.00033291790896328166,0.061645320209208876,-0.027095392113551497,0.0185546875,0.0052284221310401335,8.609831029185867e-05
2556928,-0.0013183013652451336,0.8057091711089015,-0.03921529132639989,0.0107421875,0.0011169468343723565,8.607270865335381e-05
2557952,-0.0011250748066231608,0.631889515556395,-0.038067600660724565,0.0126953125,0.0014166280161589384,8.604710701484894e-05
2558976,-0.002759917580988258,0.9045850764960051,-0.07055237982422113,0.033203125,0.0026637214032234624,8.60215053763441e-05
2560000,-0.0034534321166574955,1.2008005864918232,-0.06546630407683551,0.01416015625,0.0010529890423640609,8.599590373783921e-05
2561024,-0.0005768505798187107,0.8806697381660342,-0.04163417700328864,0.0068359375,0.001558127798489295,8.597030209933435e-05
2562048,-0.00207989860791713,1.315951632335782,-0.07726191589608788,0.0185546875,0.0025541841314407066,8.594470046082949e-05
2563072,-0.0004405708168633282,0.09958030644338578,-0.02869774059217889,0.00537109375,0.0016972497687675059,8.591909882232462e-05
2564096,-0.001042533025611192,1.1494567347690463,-0.06624330277554691,0.01416015625,0.0027741211524698883,8.589349718381976e-05
2565120,-0.0024142154143191874,0.8553448049351573,-0.07259933260502294,0.017578125,0.0018612150743138045,8.586789554531489e-05
2566144,-0.0034910472168121487,0.06392990262247622,-0.03140414465451613,0.01318359375,0.007140417350456119,8.584229390681003e-05
2567168,-0.00029415724566206336,0.1256156894378364,-0.023354535955149913,0.00341796875,0.0008298922912217677,8.581669226830516e-05
2568192,-0.001590267325809691,0.3587494322564453,-0.04399515961995348,0.00390625,0.00039341072260867804,8.57910906298003e-05
2569216,-0.0013066246174275875,0.08505747991148382,-0.025947267146875674,0.0078125,0.0021599376486847177,8.576548899129543e-05
2570240,-0.0007190275064203888,0.6045719301328063,-0.04857306292979047,0.0126953125,0.0011344773374730721,8.573988735279058e-05
2571264,-0.0016921111091505736,0.06363723881077021,-0.03240389625716489,0.01416015625,0.0037687233270844445,8.57142857142857e-05
2572288,-0.002311787538928911,0.39214404695667326,-0.03141392311954405,0.01708984375,0.003923907614080235,8.568868407578084e-05
2573312,0.0005122518778080121,0.07408037956338376,-0.02385923967085546,0.00634765625,0.0009372091299155727,8.566308243727598e-05
2574336,0.0002631671086419374,0.586461995029822,-0.04794021969428286,0.0107421875,0.0023909893207019195,8.563748079877111e-05
2575360,-0.0003318265953566879,0.11382300825789571,-0.03512990742456168,0.00732421875,0.00118769051914569,8.561187916026625e-05
2576384,-0.0007243933505378664,0.32203094696160406,-0.036329285096144304,0.00634765625,0.003321653712191619,8.55862775217614e-05
2577408,-0.0032438789203297347,0.5200733605306596,-0.05628929095109925,0.01806640625,0.003037547881831415,8.556067588325652e-05
2578432,-0.0009751660691108555,0.09136801841668785,-0.025028360018040985,0.00341796875,0.00029174228257033974,8.553507424475165e-05
2579456,0.0017173964297398925,0.734513693023473,-0.0609657226013951,0.01171875,0.0029973503114888445,8.550947260624679e-05
2580480,-0.0009967069927370176,1.9824195019900799,-0.09458656213246286,0.01416015625,0.0012664676323765889,8.548387096774192e-05
2581504,0.0004958300414728001,0.08498657902237028,-0.028068249244824983,0.01123046875,0.004030280048027635,8.545826932923707e-05
2582528,-0.0009931057720677927,1.898679506033659,-0.07546393596567214,0.01025390625,0.0012474323739297688,8.543266769073219e-05
2583552,-0.0009279980295104906,0.42566698230803013,-0.038528067292645574,0.0146484375,0.0027121933380840346,8.540706605222734e-05
2584576,-0.0010823584016179666,0.05394961661659181,-0.026176536219281843,0.00830078125,0.0025536390458000824,8.538146441372247e-05
2585600,-0.0032193127262871712,0.3485683761537075,-0.03454342650366016,0.02197265625,0.0025018108572112396,8.53558627752176e-05
2586624,-0.0004883491346845403,1.854633416980505,-0.09702630981337279,0.0224609375,0.0016318794660037383,8.533026113671274e-05
2587648,-0.0014210309454938397,0.05489620810840279,-0.024691657519724686,0.00830078125,0.0017872248718049377,8.530465949820788e-05
2588672,-0.002899196944781579,1.5090303039178252,-0.08036906062625349,0.0234375,0.0018003485456574708,8.527905785970301e-05
2589696,-0.0036915357341058552,0.33255647402256727,-0.03797186035080813,0.0087890625,0.0005965811287751421,8.525345622119815e-05
2590720,-0.0011971390049438924,0.1132525394205004,-0.023258342436747625,0.00537109375,0.0026391284918645397,8.52278545826933e-05
2591744,-0.0006140178156783804,0.05140114726964384,-0.02306308333936613,0.00927734375,0.0014528984320349991,8.520225294418841e-05
2592768,-0.0012050589575665072,0.48955331975594163,-0.04020249500172213,0.00439453125,0.0012815911613870412,8.517665130568357e-05
2593792,-0.004205088975140825,0.40079142968170345,-0.03431874826128478,0.017578125,0.004161803284659982,8.515104966717868e-05
2594816,3.690106677822769e-05,0.0977155698928982,-0.025931113079423085,0.01123046875,0.003688920784043148,8.512544802867384e-05
2595840,-0.0024678810441400856,0.3299202900379896,-0.03184098956990056,0.00732421875,0.0008456912619294599,8.509984639016896e-05
2596864,-0.0012493747926782817,0.0571751925162971,-0.020846879451710265,0.0068359375,0.0011836700141429901,8.50742447516641e-05
2597888,-0.0013916400203015655,1.0217899926938117,-0.04315656435210258,0.02294921875,0.0034009395021712407,8.504864311315923e-05
2598912,-0.000578862673137337,0.0774966417811811,-0.02560501665720949,0.00927734375,0.0008935759396990761,8.502304147465437e-05
2599936,-4.081385850440711e-05,0.04383303801296279,-0.026017310592578724,0.0029296875,0.001265635437448509,8.49974398361495e-05
2600960,-0.0009315755596617237,0.3466271427460015,-0.03161665338848252,0.00439453125,0.0003607760590966791,8.497183819764464e-05
2601984,-0.0006099799211369827,0.3898729158099741,-0.03936350881122053,0.0087890625,0.0008380446233786643,8.494623655913979e-05
2603008,-0.00032191257923841476,0.39439224544912577,-0.03699226846219972,0.00732421875,0.0006922556349309161,8.492063492063491e-05
2604032,-0.0006910982774570584,0.048830467800144106,-0.028137259156210348,0.0107421875,0.0010669167095329612,8.489503328213006e-05
2605056,-0.0013791803503409028,0.4968010690063238,-0.040624903922434896,0.01171875,0.002063628038740717,8.486943164362517e-05
2606080,8.685019565746188e-05,0.04273847950389609,-0.03163038205821067,0.00830078125,0.0009012023074319586,8.484383000512033e-05
2607104,2.357018820475787e-05,0.06533299630973488,-0.027331772886100225,0.01025390625,0.0010297842527506873,8.481822836661545e-05
2608128,-0.0014344286755658686,0.6340832794085145,-0.042461551463929936,0.00439453125,0.0003859889257000759,8.47926267281106e-05
2609152,-0.001591053674928844,0.07094531517941505,-0.03108059475198388,0.01025390625,0.0018622900970513001,8.476702508960572e-05
2610176,-0.0009836316748987883,0.9059349298477173,-0.04649437396437861,0.01220703125,0.0010264533193549141,8.474142345110086e-05
2611200,-0.0032072633403004147,0.36259337118826807,-0.03424680884927511,0.01318359375,0.0031043881608638912,8.471582181259599e-05
2612224,0.00014539560652337968,0.10419002233538777,-0.027433130220742896,0.00634765625,0.001977509484277107,8.469022017409113e-05
2613248,-0.0006405600142898038,0.8342232713475823,-0.0499261460499838,0.00927734375,0.0012793068744940683,8.466461853558628e-05
2614272,-0.001688886302872561,2.28309416025877,-0.10926239821128547,0.041015625,0.004074276730534621,8.46390168970814e-05
2615296,-0.0009477793355472386,0.47639951040036976,-0.03695279615931213,0.0107421875,0.0026857088960241526,8.461341525857655e-05
2616320,-0.0015607413224643096,0.32681452576071024,-0.039171949320007116,0.009765625,0.0014489778113784268,8.458781362007166e-05
2617344,-0.004441324694198556,0.5411991220898926,-0.051734353648498654,0.00830078125,0.001099461645935662,8.456221198156682e-05
2618368,-0.00139723252505064,0.3369013697374612,-0.03120111659518443,0.0078125,0.001362410606816411,8.453661034306194e-05
2619392,-0.0009725631243782118,0.3146253421436995,-0.04053683381062001,0.009765625,0.002681312966160476,8.45110087045571e-05
2620416,-0.003484791610389948,0.3819821486249566,-0.04569006820383947,0.01806640625,0.0014922319678589702,8.448540706605221e-05
2621440,-0.0010138949000975117,0.06859771639574319,-0.02544475884496933,0.00927734375,0.0023517827794421464,8.445980542754737e-05
2622464,-0.0006592132995137945,0.6366822756826878,-0.04468680525314994,0.0146484375,0.001454065670259297,8.443420378904248e-05
2623488,0.001180211445898749,0.15054513118229806,-0.028493776655523106,0.0107421875,0.0014777082833461463,8.440860215053763e-05
2624512,-0.0029977943195262924,0.3407658793730661,-0.03886622504796833,0.017578125,0.002943995306850411,8.438300051203277e-05
2625536,-0.0010443811188451946,0.04224525293102488,-0.031659675762057304,0.00634765625,0.0007569789449917153,8.43573988735279e-05
2626560,-0.0002740755880950019,0.6103359325788915,-0.03917179733980447,0.0068359375,0.001252366157132201,8.433179723502304e-05
2627584,-0.0010834234562935308,0.32671693922020495,-0.030246792593970895,0.00537109375,0.0006947582733118907,8.430619559651818e-05
2628608,-0.0011890076857525855,0.5231126539874822,-0.03240137785905972,0.01318359375,0.00496894886600785,8.42805939580133e-05
2629632,-0.0020102627167943865,0.46527288341894746,-0.037208024034043774,0.0087890625,0.0020555897062877193,8.425499231950843e-05
2630656,-0.0006331928307190537,0.0599462972022593,-0.026468803927855333,0.00634765625,0.0006940662278793752,8.422939068100359e-05
2631680,-0.00044937280472368,0.056611370062455535,-0.02476980385836214,0.00732421875,0.0017077712982427329,8.42037890424987e-05
2632704,-0.0015260966902133077,1.5302870385348797,-0.05472843343159184,0.01025390625,0.0018393046339042485,8.417818740399386e-05
2633728,0.0017729531682562083,1.228322017006576,-0.09585906390566379,0.01416015625,0.002667247797944583,8.415258576548897e-05
2634752,-0.00218179784133099,0.04476752312621102,-0.026550669252173975,0.0126953125,0.0033285766694461927,8.412698412698413e-05
2635776,-0.0009085924248211086,2.2145192362368107,-0.1452560133766383,0.04443359375,0.006283742681262083,8.410138248847926e-05
2636800,-0.0027712971350410953,0.1527105865534395,-0.02331078734005132,0.01416015625,0.0056789423688314855,8.407578084997439e-05
2637824,-0.0015844515874050558,0.09773146035149693,-0.026358851930126548,0.0068359375,0.001195429271319881,8.405017921146953e-05
2638848,-0.0007666760357096791,0.07979852857533842,-0.02324824007519055,0.0068359375,0.001509698951849714,8.402457757296467e-05
2639872,-0.003893464745488018,0.054108007927425206,-0.024735695646086242,0.0107421875,0.004811028979020193,8.39989759344598e-05
2640896,-0.0044128724039183,1.9000738561153412,-0.09767267748247832,0.0205078125,0.0018937948334496468,8.397337429595494e-05
2641920,-0.005321373464539647,0.7642657803371549,-0.060582094360142946,0.02685546875,0.0027082684682682157,8.394777265745008e-05
2642944,-0.0011099278053734452,0.3793661061208695,-0.030513624515151605,0.00439453125,0.001916403547511436,8.39221710189452e-05
2643968,-5.8880148571915925e-05,0.06917445978615433,-0.022547862759893178,0.0048828125,0.0005343794618966058,8.389656938044035e-05
2644992,0.0009553928684908897,0.09587810270022601,-0.023785472934832796,0.00830078125,0.001996361490455456,8.387096774193546e-05
2646016,-0.0016138528881128877,0.0705340791027993,-0.019233897517551668,0.0068359375,0.0019312671211082488,8.384536610343062e-05
2647040,0.002360305021284148,2.5282340720295906,-0.13449362199753523,0.0283203125,0.0027267471741652116,8.381976446492575e-05
2648064,-0.0010363471519667655,0.1743896254338324,-0.028290466347243637,0.00244140625,0.0026115019427379593,8.379416282642088e-05
2649088,-0.0007988869037944824,0.09762117848731577,-0.02520145458402112,0.0068359375,0.0017771377169992775,8.376856118791602e-05
2650112,0.0009340397373307496,1.2234259974211454,-0.08061319217085838,0.02783203125,0.0047117038775468245,8.374295954941116e-05
2651136,-0.00046886377094779164,0.7426496075931937,-0.03717597376089543,0.00634765625,0.0026632060762494802,8.371735791090629e-05
2652160,-0.0010441847844049335,0.5445125005207956,-0.0419534461107105,0.01123046875,0.0015788378950674087,8.369175627240143e-05
2653184,-0.0012076687416993082,0.3584385353606194,-0.035755276621785015,0.00732421875,0.0012796456576325,8.366615463389657e-05
2654208,5.608235369436443e-06,0.14980315091088414,-0.024730250268476084,0.01416015625,0.002613703050883487,8.364055299539168e-05
2655232,-0.0017476749344496056,0.058465130627155304,-0.0263886938446376,0.01220703125,0.0014787626278121024,8.361495135688684e-05
2656256,0.03782045450498117,0.08285274216905236,-0.027611115441686707,0.0107421875,0.011710887323715724,8.358934971838195e-05
2657280,-0.0014561243151547387,0.11394690372981131,-0.03028918939526193,0.0166015625,0.0035104737180517986,8.356374807987711e-05
2658304,-0.0010274372398271225,0.5839890232309699,-0.03558107120625209,0.00537109375,0.0025113351875916123,8.353814644137224e-05
2659328,-0.00021884747548028827,0.06732729228679091,-0.024185427973861806,0.00732421875,0.0013384854682954028,8.351254480286739e-05
2660352,-0.0016079529232229106,0.13402508641593158,-0.026619470139849,0.01025390625,0.0032683785975677893,8.348694316436251e-05
2661376,-0.0007537322089774534,0.04656717483885586,-0.02437237009871751,0.00537109375,0.0009351208282168955,8.346134152585765e-05
2662400,-0.004540798967354931,0.8310771244578063,-0.05463708809111267,0.01171875,0.0027967697387794033,8.343573988735278e-05
2663424,-0.0011635843256954104,0.05577620671829209,-0.030666591777844587,0.005859375,0.0010279309062752873,8.341013824884792e-05
2664448,-0.0005059462564531714,0.42022067960351706,-0.05082135373959318,0.0048828125,0.0007892995636211708,8.338453661034306e-05
2665472,-0.0014375607715919614,0.147651836858131,-0.03503004115191288,0.01171875,0.004227529192576185,8.335893497183819e-05
2666496,-0.0003861835866700858,0.06121048761997372,-0.031057581305503845,0.01025390625,0.002582820670795627,8.333333333333333e-05
2667520,-0.0036407002771738917,0.4359378949739039,-0.03006493198336102,0.01708984375,0.0029755245050182566,8.330773169482845e-05
2668544,-0.0009179110347758979,0.7513775790575892,-0.045366820675553754,0.01171875,0.0012606033706106246,8.32821300563236e-05
2669568,-0.0003240318619646132,0.07079557643737644,-0.02510524570243433,0.005859375,0.0004525753465713933,8.325652841781873e-05
2670592,-0.001863162062363699,0.1375994656700641,-0.02778186576324515,0.0068359375,0.0039932770014274865,8.323092677931388e-05
2671616,0.0034982092765858397,0.0642179447459057,-0.03067396002552414,0.00732421875,0.0029534873174270615,8.3205325140809e-05
2672640,-0.0008555318781873211,0.5047928134445101,-0.035248201340436935,0.005859375,0.001577836024807766,8.317972350230415e-05
2673664,-0.002348950831219554,0.06216435309033841,-0.03330731100868434,0.009765625,0.0028511090495157987,8.315412186379927e-05
2674688,-0.0008384696848224849,0.12289474252611399,-0.027483343954372685,0.01123046875,0.002966312094940804,8.312852022529441e-05
2675712,-0.0007386915967799723,0.6387627937365323,-0.04009077812952455,0.01025390625,0.0007918759511085227,8.310291858678955e-05
2676736,-0.0012076828861609101,0.7106948769651353,-0.0370128711219877,0.00390625,0.0008254126732936129,8.307731694828468e-05
2677760,-0.0013380340315052308,0.1560179670341313,-0.03128434403333813,0.00390625,0.002898042483138852,8.305171530977982e-05
2678784,-0.0004971122980350628,0.25830048247007653,-0.02946848000283353,0.00634765625,0.0006015232502250001,8.302611367127496e-05
2679808,-0.0007632189517607912,0.06403716409113258,-0.02858066115732072,0.0126953125,0.0011472500918898731,8.300051203277009e-05
2680832,-0.0005025289137847722,0.03799434058601037,-0.025383014199178433,0.0068359375,0.0018207616230938584,8.297491039426522e-05
2681856,-0.0010562353127170354,0.6459648597519845,-0.04384251596638933,0.013671875,0.002351236136746593,8.294930875576037e-05
2682880,-0.0016506583779118955,0.34772957512177527,-0.03382746028364636,0.0068359375,0.0007977182831382379,8.292370711725549e-05
2683904,-0.00024313920584972948,0.12063992873299867,-0.025259676403948106,0.0087890625,0.001374797720927745,8.289810547875064e-05
2684928,-0.0009883453894872218,0.6334492755122483,-0.04332982510095462,0.00537109375,0.002645414337166585,8.287250384024576e-05
2685952,-0.0021061799488961697,0.12443014793097973,-0.027471085370052606,0.01220703125,0.005054608438513242,8.28469022017409e-05
2686976,0.0016385440394515172,0.0624065981246531,-0.02702569624671014,0.0078125,0.004612644377630204,8.282130056323604e-05
2688000,0.015638769735232927,0.05705470498651266,-0.0276893291156739,0.00927734375,0.0053681582503486425,8.279569892473117e-05
2689024,-0.0018661577923921868,0.06956903263926506,-0.029140062542865053,0.01416015625,0.003377962886588648,8.277009728622631e-05
2690048,0.0010732048249337822,0.05084156198427081,-0.027621964347417816,0.01123046875,0.002740509284194559,8.274449564772145e-05
2691072,-0.001343047246336937,0.5985058905789629,-0.03194913925108267,0.00634765625,0.000883674030774273,8.271889400921658e-05
2692096,-0.0051204250630689785,0.5638275113888085,-0.05122854359797202,0.01025390625,0.0012878508132416755,8.269329237071172e-05
2693120,-0.00206448593235109,0.3551107686944306,-0.030645875463960692,0.01025390625,0.001754805474774912,8.266769073220686e-05
2694144,-0.0007474631565855816,0.04550274403300136,-0.02531161397928372,0.00439453125,0.0007588326261611655,8.264208909370198e-05
2695168,-0.0007117845234461129,0.37950507062487304,-0.031188192886475008,0.009765625,0.002610339841339737,8.261648745519713e-05
2696192,-0.0011566350003704429,0.38447542302310467,-0.03320700958283851,0.00927734375,0.0021355059725465253,8.259088581669225e-05
2697216,-0.0012412714131642133,0.06386467046104372,-0.02128388461551367,0.00830078125,0.005305482292897068,8.25652841781874e-05
2698240,-0.0005724015718442388,0.09734680142719299,-0.02404804369143676,0.00927734375,0.0017137247195933014,8.253968253968253e-05
2699264,-0.0009569944813847542,0.10713133832905442,-0.025907724284479627,0.0107421875,0.0024648105318192393,8.251408090117766e-05
2700288,-0.0004612916964106262,0.42595874471589923,-0.029314987725229003,0.00634765625,0.0018282772070961073,8.24884792626728e-05
2701312,-0.0016018877504393458,0.05433017970062792,-0.02288069957285188,0.0078125,0.003148213421809487,8.246287762416794e-05
2702336,-0.0011440724192652851,0.06961242307443172,-0.021526961274503265,0.0068359375,0.0011651988606899977,8.243727598566307e-05
2703360,-0.0010500696225790307,0.11885755253024399,-0.023847194446716458,0.00830078125,0.003044872937607579,8.241167434715821e-05
2704384,-0.000778030400397256,0.05566273850854486,-0.022093895917350892,0.0087890625,0.000670570574584417,8.238607270865335e-05
2705408,-0.0006473581015598029,0.0332554864580743,-0.022647801059065387,0.00927734375,0.000849339587148279,8.236047107014847e-05
2706432,-0.001744822435284732,0.4544630995951593,-0.029081828106427565,0.0068359375,0.0006492665415862575,8.233486943164362e-05
2707456,-0.0006443745660362765,0.09217546437866986,-0.029089074014336802,0.009765625,0.004246962154866196,8.230926779313874e-05
2708480,-0.0015885048196651042,1.0556687405332923,-0.04924559884238988,0.0087890625,0.0007807804795447737,8.22836661546339e-05
2709504,-0.0005507497844519094,0.03437821107218042,-0.02058250615664292,0.00634765625,0.0015878545673331246,8.225806451612902e-05
2710528,-0.0002954292867798358,0.11975227412767708,-0.02558888956264127,0.01171875,0.0014793019945500419,8.223246287762418e-05
2711552,-0.0005195429548621178,0.09689942712429911,-0.025787083330214955,0.00732421875,0.002209417856647633,8.220686123911929e-05
2712576,-0.0026201735890936106,0.7701435072813183,-0.03270219429396093,0.009765625,0.0019910308328690007,8.218125960061443e-05
2713600,-0.00023875389888416976,0.10195388610009104,-0.025872728088870645,0.00439453125,0.0017643469327595085,8.215565796210956e-05
2714624,-0.0015892826122581027,0.07503846264444292,-0.03388667441322468,0.00927734375,0.001211622657137923,8.21300563236047e-05
2715648,-0.0005682471673935652,0.4257907415740192,-0.031675177087890916,0.005859375,0.000994337722659111,8.210445468509985e-05
2716672,-0.0013453167339321226,0.4161041828338057,-0.037997969033312984,0.0185546875,0.001981524474103935,8.207885304659497e-05
2717696,-0.0018051974911941215,0.5638729000929743,-0.036799830209929496,0.00927734375,0.0007482015935238451,8.205325140809011e-05
2718720,0.00048103908193297684,0.6268695371691138,-0.032220779699855484,0.005859375,0.0015430349740199745,8.202764976958523e-05
2719744,-0.0010117311321664602,0.0769874497782439,-0.024981962953461334,0.01123046875,0.0015931351663311943,8.200204813108038e-05
2720768,-0.0018855727830668911,0.07063125667627901,-0.02941651365836151,0.0126953125,0.007588594569824636,8.197644649257551e-05
2721792,0.0037757576938020065,0.07189307070802897,-0.024235557546489872,0.01171875,0.0028807706403313205,8.195084485407067e-05
2722816,-0.0006420275894924998,0.6543335545575246,-0.03287834918592125,0.0107421875,0.0009896839619614184,8.192524321556578e-05
2723840,0.0001105786650441587,0.41768566938117146,-0.03658066027855966,0.00634765625,0.0007190907635958865,8.189964157706094e-05
2724864,-0.001451689808163792,0.057408232940360904,-0.02142799739522161,0.0068359375,0.0020682626054622233,8.187403993855605e-05
2725888,0.0004053630691487342,0.06136795342899859,-0.019881760244970792,0.01171875,0.0035944895789725706,8.18484383000512e-05
2726912,-0.003508697001961991,1.9776320327073336,-0.06321976496838033,0.01904296875,0.0064924506295938045,8.182283666154634e-05
2727936,0.00032957746589090675,0.08412484615109861,-0.023151935183705064,0.00244140625,0.0004383036575745791,8.179723502304146e-05
2728960,-0.0004501011280808598,0.5046689995797351,-0.03425993846030906,0.00830078125,0.001328209342318587,8.17716333845366e-05
2729984,0.0012780055694747716,0.7988542349776253,-0.04630782449385151,0.0107421875,0.0020726566726807505,8.174603174603175e-05
2731008,-0.0007581811514683068,0.0786894850898534,-0.0216170410894847,0.00439453125,0.0014798940101172775,8.172043010752688e-05
2732032,-0.0006029135183780454,0.15421914332546294,-0.026793853772687726,0.0126953125,0.005000646211556159,8.1694828469022e-05
2733056,-0.0005758209299528971,0.4581037852913141,-0.031008128280518577,0.0068359375,0.0035601708805188537,8.166922683051716e-05
2734080,-0.0010529594292165712,0.14801329420879483,-0.024285547478939407,0.005859375,0.0013697881513508037,8.164362519201227e-05
2735104,0.004412415757542476,0.09727276756893843,-0.02714325859233213,0.0068359375,0.0031001162278698757,8.161802355350743e-05
2736128,-0.0011563886073417962,0.04459186992608011,-0.025448142187087797,0.0146484375,0.004284261973225512,8.159242191500254e-05
2737152,-0.00031798778218217194,0.12800499272998422,-0.029989944880071562,0.00439453125,0.0004144802369410172,8.156682027649768e-05
2738176,-7.939247734611854e-05,0.3634421897586435,-0.0329870245186612,0.0029296875,0.000350611939211376,8.154121863799283e-05
2739200,-0.0016963452217169106,0.1280413770582527,-0.028858205820142757,0.01123046875,0.003304518206277862,8.151561699948795e-05
2740224,-0.0014680063613923267,0.05159922118764371,-0.027747931097110268,0.00927734375,0.008128225323162042,8.14900153609831e-05
2741248,-0.0052316804067231715,0.5776292020455003,-0.04372741939732805,0.0185546875,0.001485838001826778,8.146441372247824e-05
2742272,0.003112481877906248,0.32274153968319297,-0.05660346813965589,0.01904296875,0.004379431804409251,8.143881208397337e-05
2743296,-0.001026147794618737,0.05623743939213455,-0.026860034118726617,0.00830078125,0.004266043935786001,8.14132104454685e-05
2744320,-0.0017438829090679064,0.5233556830789894,-0.03819655592087656,0.01123046875,0.0009222405351465568,8.138760880696365e-05
2745344,-0.0006370194168994203,0.4596792646916583,-0.038405976025387645,0.00927734375,0.003519954494549893,8.136200716845876e-05
2746368,-0.0011246901049162261,0.49004560499452055,-0.03532852418720722,0.00537109375,0.0013518478081095964,8.133640552995392e-05
2747392,-0.0009611257919459604,0.05828248325269669,-0.027683339154464193,0.009765625,0.0015068926149979234,8.131080389144903e-05
2748416,0.00017828292038757354,0.3597712747287005,-0.033368532691383734,0.01171875,0.0022087557008489966,8.128520225294419e-05
2749440,-0.001353308791294694,1.7994219306856394,-0.09742838842794299,0.02587890625,0.0022599375806748867,8.125960061443932e-05
2750464,-0.00011693724081851542,0.37353045935742557,-0.03373997853486799,0.0107421875,0.0019579829822760075,8.123399897593444e-05
2751488,-0.0013245409354567528,0.06742191396187991,-0.02296207855670218,0.01513671875,0.003238295510527678,8.120839733742959e-05
2752512,-0.0015527034411206841,0.3741720379330218,-0.032409381157776807,0.0068359375,0.0004932470037601888,8.118279569892473e-05
2753536,-0.0007424698851536959,0.41481442702934146,-0.033423666245653294,0.00341796875,0.0005222393665462732,8.115719406041986e-05
2754560,0.0004715732648037374,0.08500317845027894,-0.025936001984518953,0.0107421875,0.0020836976473219693,8.1131592421915e-05
2755584,-0.001237696356838569,0.33850219810847193,-0.03770535558578558,0.01123046875,0.0013951878936495632,8.110599078341014e-05
2756608,0.0002443281846353784,0.07455333764664829,-0.023843049424613127,0.0107421875,0.0043586217652773485,8.108038914490525e-05
2757632,-0.001294515939662233,0.049252901575528085,-0.027080390209448524,0.00927734375,0.0016377581632696092,8.105478750640041e-05
2758656,-0.002007699658861384,0.07428829080890864,-0.030012462433660403,0.01123046875,0.0011408562131691724,8.102918586789552e-05
2759680,-0.0008379354258067906,0.3779052977915853,-0.03737050131894648,0.01025390625,0.0011473330960143358,8.100358422939068e-05
2760704,-0.0027285056421533227,0.38104327488690615,-0.03795643323974218,0.005859375,0.001217487340909429,8.097798259088581e-05
2761728,-0.0008746570529183373,0.06382541626226157,-0.024198206767323427,0.00732421875,0.0018506404740037397,8.095238095238096e-05
2762752,-0.0005557598124141805,0.4670173383783549,-0.027705968226655386,0.00634765625,0.0004000538610853255,8.092677931387608e-05
2763776,-0.002035892626736313,0.45338961761444807,-0.028108796759624965,0.0068359375,0.0011025787680409849,8.090117767537122e-05
2764800,-0.0006078356818761677,0.07918223435990512,-0.0267357610136969,0.0126953125,0.0030422108102357015,8.087557603686635e-05
2765824,0.0002453503111610189,0.046395496057812124,-0.02968967026754399,0.01123046875,0.003979095199611038,8.084997439836149e-05
2766848,-0.001980126602575183,0.11652304790914059,-0.03513058950193226,0.0126953125,0.00449165167810861,8.082437275985663e-05
2767872,-0.00018300832016393542,0.3032388244755566,-0.03688835687353276,0.00537109375,0.0005568222259171307,8.079877112135176e-05
2768896,-0.0020111208214075305,0.5443332125432789,-0.05115646234480664,0.00830078125,0.0012589930411195382,8.07731694828469e-05
2769920,-0.002771621599094942,0.3789652744308114,-0.03988630845560692,0.00830078125,0.0014370788121595979,8.074756784434201e-05
2770944,-0.001250868102943059,0.09218090283684433,-0.025949669929104857,0.01025390625,0.002006313035963103,8.072196620583717e-05
2771968,0.00010795998969115317,1.324832552112639,-0.05815125332446769,0.009765625,0.0015118941955734044,8.06963645673323e-05
2772992,-0.0009883504826575518,0.12461690045893192,-0.030821935215499252,0.0068359375,0.0011398083734093234,8.067076292882745e-05
2774016,-0.0013985577679704875,0.09457905543968081,-0.028055103233782575,0.009765625,0.0036585686029866338,8.064516129032257e-05
2775040,-0.0017424742109142244,0.3918436693493277,-0.04536996688693762,0.01123046875,0.0026962448755512014,8.061955965181771e-05
2776064,-0.0018426522292429581,0.07042786083184183,-0.031628817901946604,0.0146484375,0.003191050316672772,8.059395801331284e-05
2777088,-0.00033108063507825136,0.036319860839284956,-0.02607939365407219,0.00537109375,0.0017304791981587186,8.056835637480798e-05
2778112,-0.0016420584433944896,0.09940725238993764,-0.035193722404073924,0.015625,0.0033003944117808715,8.054275473630312e-05
2779136,0.0011785410169977695,0.09114321286324412,-0.02936413264251314,0.00634765625,0.0024983426847029477,8.051715309779825e-05
2780160,-0.0014425336048589088,0.049792502948548645,-0.027478064061142504,0.0126953125,0.001401884641381912,8.049155145929339e-05
2781184,-0.00034421497548464686,0.06553194706793875,-0.032130677296663634,0.0078125,0.0007748287898721173,8.046594982078852e-05
2782208,-0.0032192891667364165,0.32556187082082033,-0.029922850109869614,0.01318359375,0.0014482100086752325,8.044034818228366e-05
2783232,-0.00026428746059536934,0.057840550667606294,-0.02464457691530697,0.00439453125,0.0013423751515801996,8.041474654377879e-05
2784256,-0.0007275643874891102,0.04525781312258914,-0.02817216944822576,0.0029296875,0.0002575567923486233,8.038914490527394e-05
2785280,-0.006179710879223421,0.9809562982991338,-0.048339388449676335,0.017578125,0.0015068368811625987,8.036354326676906e-05
2786304,-0.0013734918902628124,0.07459976198151708,-0.024239226993813645,0.01220703125,0.0019324865279486403,8.033794162826421e-05
2787328,-0.0009862159204203635,0.05675245961174369,-0.026447077983903,0.00390625,0.0008537621470168233,8.031233998975933e-05
2788352,-0.002549270022427663,0.3871489376761019,-0.03192931297235191,0.00830078125,0.0034208831057185307,8.028673835125447e-05
2789376,-0.0008097982208710164,0.0681495692115277,-0.0274240139133326,0.009765625,0.0019026994705200195,8.026113671274961e-05
2790400,-0.001140398730058223,0.08671066130045801,-0.030106091777270194,0.0048828125,0.0008932268247008324,8.023553507424474e-05
2791424,-0.0021084882464492694,0.061952563002705574,-0.03604473971063271,0.01318359375,0.005861862751771696,8.020993343573988e-05
2792448,-0.0005417596985353157,0.4146773209795356,-0.056718050269410014,0.00732421875,0.0007973117317305878,8.018433179723502e-05
2793472,0.00138492627593223,0.09584974218159914,-0.031636340645491146,0.01025390625,0.006352143129333854,8.015873015873015e-05
2794496,-0.0009079224982997403,0.5718340415041894,-0.035480254169669934,0.009765625,0.0028716268425341696,8.013312852022528e-05
2795520,-0.00017503203707747161,0.042588283540681005,-0.02248952072841348,0.005859375,0.00045381572272162884,8.010752688172043e-05
2796544,-0.0020839750941377133,0.9802998555824161,-0.040358010126510635,0.0078125,0.00046699284575879574,8.008192524321555e-05
2797568,-0.0012163765350123867,0.06228487007319927,-0.021333918397431262,0.00439453125,0.001267862637178041,8.00563236047107e-05
2798592,-0.0008111035276670009,0.813097667414695,-0.04070952968322672,0.00439453125,0.0006718393560731784,8.003072196620582e-05
2799616,-0.0010797831491800025,0.561766373924911,-0.0423597110202536,0.0068359375,0.0009181138302665204,8.000512032770097e-05
2800640,-0.0021971981186652556,0.08138826990034431,-0.03490826368215494,0.01318359375,0.0018337305664317682,7.99795186891961e-05
2801664,0.0007127963763196021,1.231042799539864,-0.05568265693727881,0.0068359375,0.0012254416069481522,7.995391705069123e-05
2802688,-0.0017647403583396226,0.5324547837954015,-0.045404084434267133,0.00830078125,0.0018740948144113645,7.992831541218637e-05
2803712,-0.0007912617875263095,0.39178481325507164,-0.03389754972886294,0.0078125,0.0021820788097102195,7.990271377368151e-05
2804736,-0.0008231540559791028,0.10134640580508858,-0.023942001134855673,0.00830078125,0.0016110296855913475,7.987711213517664e-05
2805760,-0.0008654159610159695,0.08658251352608204,-0.029897231799623114,0.01025390625,0.003416974999709055,7.985151049667178e-05
2806784,-0.0013040679841651581,0.40620037144981325,-0.026120214788534213,0.0048828125,0.0012783575512003154,7.982590885816692e-05
2807808,-0.0009819971019169316,0.057822443603072315,-0.028675589710474014,0.00732421875,0.0016579356015427038,7.980030721966204e-05
2808832,-0.0008359558196389116,0.08714115712791681,-0.03248692653141916,0.01123046875,0.005003873637178913,7.97747055811572e-05
2809856,0.00011656864080578089,0.4202175356913358,-0.03905414225300774,0.015625,0.0013969144638394937,7.974910394265232e-05
2810880,-0.0017753885767888278,0.43754798150621355,-0.03306276799412444,0.0068359375,0.0004788153455592692,7.972350230414746e-05
2811904,-0.0008394751639571041,0.5191368800587952,-0.04022786905989051,0.00634765625,0.0013681012205779552,7.969790066564259e-05
2812928,0.002172134365537204,0.3724256476853043,-0.02844689504854614,0.00634765625,0.0007082469091983512,7.967229902713772e-05
2813952,-0.0014235886046662927,0.3709615564439446,-0.030895524949301034,0.00634765625,0.0005443004047265276,7.964669738863286e-05
2814976,-0.001661806061747484,0.6142938523553312,-0.052245774888433516,0.0087890625,0.0022894193971296772,7.9621095750128e-05
2816000,-0.0007166334398789331,0.3632925460115075,-0.031199041317449883,0.00341796875,0.000833550890092738,7.959549411162313e-05
2817024,-0.0009077713766600937,0.06105004402343184,-0.027289786521578208,0.00244140625,0.0005209243681747466,7.956989247311827e-05
2818048,-0.0017556618113303557,1.2811119528487325,-0.044321944238618016,0.0166015625,0.003127188392682001,7.954429083461341e-05
2819072,-0.0004349765367805958,0.07561191322747618,-0.027065046539064497,0.00341796875,0.00022809159418102354,7.951868919610853e-05
2820096,-0.0009828128095250577,0.35442524147219956,-0.038419613149017096,0.017578125,0.002474957233062014,7.949308755760368e-05
2821120,0.0009368151513626799,0.06862969661597162,-0.030042206082725897,0.01123046875,0.0028823812754126266,7.946748591909881e-05
2822144,-0.0018990423413924873,0.0909702277276665,-0.03111054201872321,0.01123046875,0.0032618249097140506,7.944188428059395e-05
2823168,-0.0012169925976195373,0.4411965277977288,-0.044108124304329976,0.00927734375,0.002243743438157253,7.941628264208908e-05
2824192,-0.0007308602798730135,0.060277214157395065,-0.027168234417331405,0.00732421875,0.0018393999052932486,7.939068100358424e-05
2825216,-0.0005036729708081111,0.45360490307211876,-0.037815326199051924,0.00439453125,0.0008547989564249292,7.936507936507935e-05
2826240,-0.00023599457199452445,0.3716591354459524,-0.035247983963927254,0.01025390625,0.0008186727063730359,7.933947772657449e-05
2827264,-0.001936369895702228,0.06970983045175672,-0.029378769686445594,0.0107421875,0.002571360964793712,7.931387608806962e-05
2828288,-0.0002021251420956105,0.11919486057013273,-0.029318459892238025,0.01025390625,0.002840331813786179,7.928827444956476e-05
2829312,-0.0007968635618453845,1.0936746094375849,-0.05594009777996689,0.0087890625,0.0010856834560399875,7.92626728110599e-05
2830336,0.0003171730932081118,0.09103525814134628,-0.02700693286897149,0.005859375,0.0006580901390407234,7.923707117255503e-05
2831360,-0.0004544329894997645,0.4422632158966735,-0.030417512636631727,0.00537109375,0.0008562197035644203,7.921146953405017e-05
2832384,-0.0013267849572002888,0.41030850913375616,-0.03662295029789675,0.0126953125,0.0009826420282479376,7.91858678955453e-05
2833408,-0.00240532610041555,0.1677291733212769,-0.029468593013007194,0.0078125,0.0016862882912391797,7.916026625704044e-05
2834432,-0.00036967406049370766,0.08579420566093177,-0.025364434346556664,0.00537109375,0.0005848779401276261,7.913466461853557e-05
2835456,9.706754644867033e-05,0.07756843778770417,-0.02982679582601122,0.00830078125,0.0017107650055550039,7.910906298003073e-05
2836480,-9.052871610037982e-05,0.6484164497815073,-0.03814406809397042,0.01220703125,0.002199596186983399,7.908346134152584e-05
2837504,-0.0024083756798063405,0.3926513437181711,-0.03645388002041727,0.01220703125,0.002394827242824249,7.9057859703021e-05
2838528,-0.0017653849063208327,0.39579981309361756,-0.03410595060267951,0.01025390625,0.0016271858621621504,7.903225806451613e-05
2839552,-0.0007716451364103705,0.46807604073546827,-0.028426169796148315,0.01806640625,0.0036790343438042328,7.900665642601125e-05
2840576,-0.0038009004783816636,0.34901779191568494,-0.03113404223404359,0.025390625,0.0052757079974981025,7.89810547875064e-05
2841600,-0.0001367806689813733,0.5381967998109758,-0.04359925107564777,0.0029296875,0.0014001898089190945,7.895545314900152e-05
2842624,-0.00026817561592906713,0.10145750246010721,-0.02787196093413513,0.00537109375,0.0019342556333867833,7.892985151049666e-05
2843648,-0.000811396079370752,0.10816040402278304,-0.02732457009551581,0.01025390625,0.0033280263742199168,7.89042498719918e-05
2844672,-0.00022294868540484458,0.10718002403154969,-0.03158074160455726,0.0068359375,0.0006842626607976854,7.887864823348693e-05
2845696,-0.001752054609823972,0.15504195541143417,-0.02333569255642942,0.00830078125,0.0028374491521390155,7.885304659498206e-05
2846720,-0.0013482593931257725,0.49594397749751806,-0.03318897256394848,0.005859375,0.0015105682105058804,7.882744495647722e-05
2847744,-0.00022451134282164276,0.0860742941731587,-0.02785196558397729,0.00732421875,0.001580228446982801,7.880184331797233e-05
2848768,-0.0006548120290972292,0.07647173840086907,-0.027765722839831142,0.0048828125,0.0009941344324033707,7.877624167946749e-05
2849792,-0.0036823098635068163,0.3731707171536982,-0.03429141239030287,0.0166015625,0.0019349589565536007,7.875064004096262e-05
2850816,-0.00020352040883153677,0.0850372560089454,-0.02810127912380267,0.0087890625,0.0013069486012682319,7.872503840245774e-05
2851840,-0.0011971357744187117,0.06985617917962372,-0.033801401674281806,0.013671875,0.0031998831836972386,7.869943676395289e-05
2852864,-0.001226062246132642,0.3816703527700156,-0.034688895670115016,0.0087890625,0.0006150499393697828,7.867383512544803e-05
2853888,-0.002013377728872001,0.3017202552873641,-0.0341269819655281,0.0087890625,0.0008794148016022518,7.864823348694316e-05
2854912,-0.00040031383105088025,0.375359684927389,-0.03258385452500079,0.00390625,0.0003150902921333909,7.86226318484383e-05
2855936,-0.0006604195659747347,0.05045174062252045,-0.0264080797569477,0.00732421875,0.0013396248687058687,7.859703020993342e-05
2856960,-0.004121406469494104,0.3997369995340705,-0.0336293568398105,0.01708984375,0.0017544870788697153,7.857142857142857e-05
2857984,-0.00017306658264715225,0.07527642720378935,-0.023336010286584496,0.00537109375,0.0018394811049802229,7.854582693292371e-05
2859008,-0.00044702502782456577,0.05273242911789566,-0.01903812611453759,0.0009765625,7.738902058918029e-05,7.852022529441882e-05
2860032,-0.0002237783482996747,0.35130854696035385,-0.03471612278372049,0.00634765625,0.0005735316226491705,7.849462365591398e-05
2861056,-0.0005817262426717207,1.042060268111527,-0.043970807586447336,0.02099609375,0.002343745989492163,7.84690220174091e-05
2862080,-0.0030294121461338364,0.08534022502135485,-0.026255052798660472,0.01318359375,0.004864062473643571,7.844342037890425e-05
2863104,-0.0010030428747995757,0.7763134047854692,-0.04118309370824136,0.01171875,0.0012949122028658167,7.841781874039938e-05
2864128,-0.0010266814133501612,0.9313734602183104,-0.046644022746477276,0.00830078125,0.0012636313622351736,7.839221710189452e-05
2865152,-0.0013192840560805053,0.27989879494998604,-0.03026925539597869,0.0087890625,0.001408733573043719,7.836661546338965e-05
2866176,-0.0003537482989486307,1.0714293497148901,-0.03899395471671596,0.01513671875,0.0017978915420826524,7.834101382488479e-05
2867200,-0.0004968963912688196,0.3628951325081289,-0.03135363446199335,0.00732421875,0.0013855432334821671,7.831541218637993e-05
2868224,-0.0011696316651068628,0.8203555287327617,-0.04621199335088022,0.00830078125,0.0010752331581898034,7.828981054787506e-05
2869248,0.00015492623788304627,0.3452496585668996,-0.0300267845595954,0.00634765625,0.0020774804143002257,7.82642089093702e-05
2870272,-0.0002998432610183954,0.3836267660371959,-0.027318916683725547,0.00634765625,0.0017901604442158714,7.823860727086531e-05
2871296,-0.0011472634432720952,0.22986238915473223,-0.025144378203549422,0.0048828125,0.003511098140734248,7.821300563236047e-05
2872320,0.0004575485654640943,0.13464445027057081,-0.024722521364310523,0.00634765625,0.0011276999284746125,7.81874039938556e-05
2873344,-0.0013734999083681032,0.10466501396149397,-0.02558530146779958,0.01611328125,0.0011765740637201816,7.816180235535074e-05
2874368,-0.0006234784086700529,0.07458485895767808,-0.020202553074341267,0.00732421875,0.0006783400021959096,7.813620071684587e-05
2875392,-0.001709620701149106,0.08367543609347194,-0.033120695705292746,0.01513671875,0.003314855639473535,7.811059907834102e-05
2876416,-0.0021197975001996383,0.3860362864797935,-0.0249805075727636,0.009765625,0.00425960028951522,7.808499743983614e-05
2877440,-0.0010329000215278938,0.34023202303797007,-0.035121202672598884,0.00634765625,0.0015053435927256942,7.805939580133128e-05
2878464,-6.229629798326641e-05,0.49924965703394264,-0.036669010971309035,0.01171875,0.0010357258870499209,7.803379416282642e-05
2879488,-0.002007908682571724,0.3257332944776863,-0.03281605467782356,0.0166015625,0.003860269353026524,7.800819252432155e-05
2880512,-2.7775073249358684e-05,0.39947757427580655,-0.026581209305732045,0.013671875,0.002211072001955472,7.798259088581669e-05
2881536,-0.0008039435633691028,0.10644306906033307,-0.034026908047962934,0.00830078125,0.0011307437816867605,7.795698924731183e-05
2882560,-0.0035689075448317453,0.3756490251980722,-0.03457869967678562,0.013671875,0.004378350902698003,7.793138760880696e-05
2883584,-0.0013375509588513523,0.44362897984683514,-0.028250581730389968,0.01416015625,0.007397926936391741,7.790578597030209e-05
2884608,1.1431111488491297e-06,0.3739672910887748,-0.029724835098022595,0.0087890625,0.0007120189256966114,7.788018433179723e-05
2885632,-0.0038705205806763843,0.8376358561217785,-0.051170010527130216,0.01611328125,0.0018336327630095184,7.785458269329236e-05
2886656,0.00039592940083821304,0.0856724166078493,-0.023177208031484042,0.005859375,0.0009488508512731642,7.782898105478751e-05
2887680,-0.00014566609752364457,0.05381846259115264,-0.027607514968622127,0.00732421875,0.0006976983568165451,7.780337941628263e-05
2888704,-0.00011291503324173391,0.0741446150932461,-0.02218183907098137,0.00390625,0.0004711038782261312,7.777777777777778e-05
2889728,-0.00036369584267959,0.10612446744926274,-0.023607696013641544,0.00732421875,0.0013801807654090226,7.775217613927291e-05
2890752,-0.00020998324907850474,0.450637842877768,-0.02550512245943537,0.001953125,0.0004305358888814226,7.772657450076804e-05
2891776,-0.000985914739430882,0.05430800124304369,-0.021716434130212292,0.0087890625,0.002202648247475736,7.770097286226318e-05
2892800,-0.0011911652545677498,0.41569342894945294,-0.02746140307863243,0.0048828125,0.0005385103868320584,7.767537122375832e-05
2893824,-0.00026373091532150283,0.13445844990201294,-0.030887727982189972,0.005859375,0.0012342091649770737,7.764976958525345e-05
2894848,-0.002283308655023575,0.39628827502019703,-0.033694012818159536,0.015625,0.001189460715977475,7.762416794674859e-05
2895872,-0.0008857263019308448,0.3516131374053657,-0.030668711006001104,0.009765625,0.0006301004032138735,7.759856630824373e-05
2896896,-0.0006617120452574454,0.05444575706496835,-0.021496405512152705,0.0048828125,0.0007144758710637689,7.757296466973885e-05
2897920,-0.0008030089666135609,0.044063512061256915,-0.022784814500482753,0.00439453125,0.0014447556750383228,7.7547363031234e-05
2898944,-0.0005643617769237608,0.05483410332817584,-0.023221262999868486,0.00732421875,0.0020187756599625573,7.752176139272912e-05
2899968,-0.0003473594697425142,0.4095790715655312,-0.030596073178458028,0.005859375,0.00038930762093514204,7.749615975422427e-05
2900992,-0.0008287909149657935,0.13360164244659245,-0.024329261366801802,0.00439453125,0.0013029664987698197,7.74705581157194e-05
2902016,-0.0006616230384679511,0.0335302795865573,-0.02234430023599998,0.005859375,0.0005903869605390355,7.744495647721453e-05
2903040,-0.0005912942287977785,0.06816826458089054,-0.026396242014016025,0.00732421875,0.00144330455805175,7.741935483870967e-05
2904064,-0.0011993169464403763,0.3756429023342207,-0.031077953579369932,0.0126953125,0.0013956691254861653,7.739375320020481e-05
2905088,-0.0014640057634096593,0.04044746811268851,-0.025931791387847625,0.013671875,0.005703870527213439,7.736815156169994e-05
2906112,-0.0016305987373925745,0.7014771602116525,-0.03832106600748375,0.01171875,0.0012855617969762534,7.734254992319508e-05
2907136,-4.603950947057456e-05,0.09077362157404423,-0.023574447390274145,0.00634765625,0.0005230628739809617,7.731694828469022e-05
2908160,-0.0017789391276892275,0.3368482149671763,-0.03350871181464754,0.01318359375,0.0028931007254868746,7.729134664618534e-05
2909184,-0.001401595160132274,0.0774341287324205,-0.02513858008023817,0.00830078125,0.0012983773631276563,7.726574500768049e-05
2910208,-0.0014243483456084505,0.08954685239586979,-0.0284692360291956,0.0126953125,0.0024252121802419424,7.724014336917561e-05
2911232,-9.039210272021592e-05,0.09512370615266263,-0.03367991614504717,0.01123046875,0.006399713616701774,7.721454173067076e-05
2912256,-0.0015563708293484524,1.0067856218665838,-0.051743674965109676,0.00927734375,0.0011892788752447814,7.718894009216589e-05
2913280,-0.0011471023899503052,0.3035092849750072,-0.03860086528584361,0.0126953125,0.004209470571368001,7.716333845366103e-05
2914304,-0.0014085047441767529,0.15994801907800138,-0.0311206781771034,0.013671875,0.004317561804782599,7.713773681515616e-05
2915328,-0.0018283635727129877,1.0644856682047248,-0.05216411757282913,0.013671875,0.0020811712747672573,7.71121351766513e-05
2916352,-0.0012332134356256574,0.7105945006478578,-0.05221809365320951,0.01220703125,0.0018021454598056152,7.708653353814643e-05
2917376,0.0007038721305434592,0.45903827669098973,-0.040873664926039055,0.0068359375,0.0008987859764602035,7.706093189964157e-05
2918400,0.0023575584637001157,0.3734048097394407,-0.03693236532853916,0.005859375,0.0021802413975819945,7.703533026113671e-05
2919424,-0.003181433698046021,1.2390225743874907,-0.06107685773167759,0.015625,0.0016090477001853287,7.700972862263184e-05
2920448,-0.00042312043660786003,0.3165985511150211,-0.043574503099080175,0.005859375,0.0007457612227881327,7.698412698412698e-05
2921472,-0.001144870271673426,0.0859622796997428,-0.026043449783173855,0.0029296875,0.0003224233223591,7.69585253456221e-05
2922496,-0.002520642927265726,0.3901409124955535,-0.031641028210287914,0.01513671875,0.0022857415751786903,7.693292370711725e-05
2923520,-0.0017495349966338836,0.5032909321598709,-0.03108199592679739,0.0107421875,0.0009452529775444418,7.690732206861238e-05
2924544,-0.004176604212261736,0.3527621952816844,-0.03476279164897278,0.0205078125,0.003389601828530431,7.688172043010754e-05
2925568,0.0003918208822142333,0.0924854336772114,-0.025617859391786624,0.0068359375,0.0013122126256348565,7.685611879160265e-05
2926592,-0.0003819885605480522,0.44402490090578794,-0.02854392380686477,0.00634765625,0.0022566389670828357,7.68305171530978e-05
2927616,-0.00032739120069891214,0.39829294627998024,-0.022624345581789385,0.00244140625,0.00016329657228197902,7.680491551459292e-05
2928640,6.860850407974795e-05,0.13018949469551444,-0.03174747232696973,0.0048828125,0.0006434013193938881,7.677931387608806e-05
2929664,-0.0015134179484448396,0.07181349443271756,-0.024389929880271666,0.005859375,0.00133347645169124,7.67537122375832e-05
2930688,-0.0021597800514427945,0.9680928476154804,-0.04124087834497914,0.01416015625,0.0020303183409851044,7.672811059907833e-05
2931712,-0.0009170522534986958,0.05865502299275249,-0.023410584555676905,0.00439453125,0.0007263267034431919,7.670250896057347e-05
2932736,-0.0006718156873830594,0.05984288832405582,-0.02717467289767228,0.00341796875,0.0012473374954424798,7.667690732206862e-05
2933760,-0.00026646588230505586,0.8743032682687044,-0.04951824469026178,0.009765625,0.0009526379872113466,7.665130568356374e-05
2934784,-0.001201124396175146,0.38640668825246394,-0.03265198730514385,0.02099609375,0.0019252776546636596,7.662570404505887e-05
2935808,0.007242633160785772,0.9161707502789795,-0.05300568335223943,0.01806640625,0.002184068478527479,7.660010240655403e-05
2936832,-0.00041746791976038367,0.11248859134502709,-0.0346310394234024,0.0146484375,0.004842059730435722,7.657450076804914e-05
2937856,-7.482240471290424e-05,0.38072886294685304,-0.037699022388551384,0.00927734375,0.0007564902916783467,7.65488991295443e-05
2938880,0.0014491274196188897,0.11411139753181487,-0.02678034942073282,0.005859375,0.002306630543898791,7.652329749103941e-05
2939904,-0.0016017735106288455,0.5164761319756508,-0.03144370767404325,0.01904296875,0.007266309403348714,7.649769585253455e-05
2940928,-0.003052612242754549,0.6207536526490003,-0.0447304014232941,0.02587890625,0.0037454496196005493,7.64720942140297e-05
2941952,-0.0014792337315157056,0.39263602066785097,-0.029364997390075587,0.01025390625,0.0026789873227244243,7.644649257552482e-05
2942976,0.0003416644758544862,0.06873607914894819,-0.019673400380270323,0.0087890625,0.0011897210642928258,7.642089093701996e-05
2944000,-0.0010204739883192815,0.05211564159253612,-0.023906143545900704,0.00732421875,0.0010745257459348068,7.63952892985151e-05
2945024,-0.001100324938306585,0.09962552273645997,-0.02636115168570541,0.00537109375,0.0007970986771397293,7.636968766001023e-05
2946048,-0.0006176141614560038,0.31567550054751337,-0.03570560982916504,0.0107421875,0.002080334408674389,7.634408602150536e-05
2947072,-0.0018749100854620337,0.08714298787526786,-0.021758393177151447,0.0166015625,0.007189296622527763,7.631848438300052e-05
2948096,-0.0006726015417370945,0.10276878532022238,-0.02907987718936056,0.0078125,0.0014518363459501415,7.629288274449563e-05
2949120,-0.0005267527667456307,0.047747690055985004,-0.02591585591653711,0.009765625,0.0015136040310608223,7.626728110599079e-05
2950144,-0.004264910206984496,0.6551745559554547,-0.04381403440493159,0.02783203125,0.0021677977492799982,7.62416794674859e-05
2951168,-8.463872654829174e-05,0.07044854667037725,-0.024141874368069693,0.00634765625,0.0015832630160730332,7.621607782898106e-05
2952192,-0.0032443154195789248,0.3663426316343248,-0.042054067889694124,0.01318359375,0.0013577556383097544,7.619047619047618e-05
2953216,-0.0006397382676368579,0.45906530204229057,-0.0319623572868295,0.00830078125,0.0012145315122324973,7.616487455197131e-05
2954240,-0.0004685376479756087,0.03971411817474291,-0.02480452808958944,0.0068359375,0.0012605834635905921,7.613927291346645e-05
2955264,-0.0036630274989875033,0.9454567253123969,-0.051604445034172386,0.0234375,0.002026664820732549,7.61136712749616e-05
2956288,-0.0015781052206875756,0.38016649754717946,-0.03028522167733172,0.00830078125,0.0025134144962066785,7.608806963645672e-05
2957312,-0.0018700655564316548,0.5507135693915188,-0.04145530133973807,0.00830078125,0.001055437940522097,7.606246799795187e-05
2958336,-0.0011604257742874324,0.4613492430653423,-0.03249976992083248,0.005859375,0.001144784750067629,7.603686635944701e-05
2959360,0.00734263623598963,0.10137634538114071,-0.020524506900983397,0.01025390625,0.006155879178550094,7.601126472094212e-05
2960384,-0.0009014846364152618,0.07270708866417408,-0.02292715915973531,0.0068359375,0.0012420629645930603,7.598566308243728e-05
2961408,-0.0014683364424854517,0.32582168211229146,-0.02948409591044765,0.0126953125,0.002477721791365184,7.596006144393239e-05
2962432,0.0014708908274769783,0.7469350681640208,-0.05137364804977551,0.01123046875,0.0011061326513299718,7.593445980542755e-05
2963456,-0.00034867317299358547,0.05991228681523353,-0.020434018606465543,0.00732421875,0.001075556268915534,7.590885816692267e-05
2964480,-0.00044660159619525075,0.06221087015001103,-0.021721367789723445,0.01025390625,0.0013892481510993093,7.588325652841783e-05
2965504,-0.0003512179828248918,0.389650397002697,-0.030518172847223468,0.0068359375,0.000553154299268499,7.585765488991294e-05
2966528,-0.0008654780976939946,0.8173815859481692,-0.03326945813023485,0.0078125,0.0015027168265078217,7.583205325140809e-05
2967552,0.00035227660555392504,0.05149789369897917,-0.025411032300326042,0.009765625,0.0014827174600213766,7.580645161290321e-05
2968576,-0.0005432640318758786,0.11827755230478942,-0.024890754466468934,0.00341796875,0.0005354240274755284,7.578084997439836e-05
2969600,-0.0018019147391896695,0.37279371661134064,-0.03225244946588646,0.005859375,0.0011705855140462518,7.57552483358935e-05
2970624,-0.0006939854938536882,0.09023873344995081,-0.026029261151052197,0.00927734375,0.003127128060441464,7.572964669738863e-05
2971648,-0.00018009261111728847,0.08766300359275192,-0.02625256274768617,0.01123046875,0.004768136903294362,7.570404505888377e-05
2972672,-0.0008559857378713787,0.09813730278983712,-0.02604528143638163,0.005859375,0.0007025395898381248,7.567844342037888e-05
2973696,-0.0008446073334198445,0.051950291031971574,-0.022855915754917078,0.009765625,0.0008728492102818564,7.565284178187404e-05
2974720,-0.0006578739266842604,0.3928294356446713,-0.03053626934706699,0.01806640625,0.001637583802221343,7.562724014336917e-05
2975744,-0.0001302180899074301,0.047967241785954684,-0.02237392956885742,0.00830078125,0.004929484246531501,7.560163850486432e-05
2976768,-0.0039460969710489735,0.7740863303188235,-0.03922608681023121,0.013671875,0.0033610370446695015,7.557603686635944e-05
2977792,-0.001778088218998164,0.10687596804928035,-0.02666907439015631,0.01025390625,0.0026205730391666293,7.555043522785458e-05
2978816,-0.0053861204360146075,0.3108434551395476,-0.02708887062908616,0.0048828125,0.004445616403245367,7.55248335893497e-05
2979840,-0.0030419566901400685,0.7411756431683898,-0.040301968285348266,0.00732421875,0.0007514752505812794,7.549923195084485e-05
2980864,-0.00040852546226233244,0.12527708115521818,-0.021011563407228095,0.00830078125,0.003238866338506341,7.547363031233999e-05
2981888,-0.0007992643149918877,0.11878343322314322,-0.024653569002111908,0.01220703125,0.002847655428922735,7.544802867383512e-05
2982912,-0.005058139300672337,1.8931250413879752,-0.07713832578156143,0.02001953125,0.0016825843922561035,7.542242703533026e-05
2983936,-0.0005945988814346492,0.09060215554200113,-0.02233017159596784,0.01220703125,0.003669678815640509,7.53968253968254e-05
2984960,9.482170571573079e-05,0.11718959547579288,-0.029026577991317026,0.00634765625,0.0018217862088931724,7.537122375832053e-05
2985984,3.568797546904534e-05,0.7764853797852993,-0.039473584736697376,0.0107421875,0.0011743499198928475,7.534562211981566e-05
2987008,-0.0011080501863034442,0.2963612321764231,-0.03306942238123156,0.005859375,0.000554372149053961,7.532002048131081e-05
2988032,-0.00345559258130379,0.46190644078888,-0.03673247446567984,0.0068359375,0.001436895807273686,7.529441884280593e-05
2989056,0.0017168983322335407,0.8222329542040825,-0.04397702423739247,0.01123046875,0.001883758421172388,7.526881720430108e-05
2990080,-0.004340115672675893,0.6467533577233553,-0.052413628553040326,0.037109375,0.006102400366216898,7.52432155657962e-05
2991104,-0.0018804331630235538,0.43234867276623845,-0.02899253580835648,0.0126953125,0.0019349682843312621,7.521761392729134e-05
2992128,-0.0010667433962225914,0.3762412362266332,-0.027752470603445545,0.00439453125,0.00038795199361629784,7.519201228878648e-05
2993152,-0.0015062260936247185,0.09708765638060868,-0.025866175681585446,0.0107421875,0.002503545503714122,7.51664106502816e-05
2994176,-0.0011922636622330174,0.1485636574216187,-0.026986852772097336,0.009765625,0.004290177777875215,7.514080901177675e-05
2995200,-0.0011381510339560919,0.7114939063321799,-0.038796519220341,0.01123046875,0.0011190699297003448,7.511520737327189e-05
2996224,-0.0011566724424483255,0.08539637143258005,-0.02092661401729856,0.0029296875,0.0003652758459793404,7.508960573476702e-05
2997248,-0.0014488358719972894,0.08572999725583941,-0.027850318612763658,0.01025390625,0.001953128623426892,7.506400409626215e-05
2998272,-0.002825105839292519,0.35008551843930036,-0.0343408628468751,0.0107421875,0.001481068044085987,7.50384024577573e-05
2999296,-0.0009895190014503896,0.39920252887532115,-0.02498272425873438,0.01025390625,0.002234308863990009,7.501280081925242e-05
3000320,0.0002036698570009321,0.08582696912344545,-0.0281082225847058,0.005859375,0.0014520988333970308,7.498719918074756e-05
3001344,-0.002487986916094087,0.5244376317132264,-0.03411478298949078,0.0166015625,0.002570142925833352,7.496159754224269e-05
3002368,-0.0015849950723350048,0.38528653630055487,-0.03074577149527613,0.013671875,0.0030284406966529787,7.493599590373783e-05
3003392,-0.0013958375056972727,0.09842733643017709,-0.01819841620454099,0.00537109375,0.0018388167954981327,7.491039426523297e-05
3004416,-0.00046372248107218184,0.3220921049360186,-0.02181736598322459,0.0068359375,0.0008027428266359493,7.48847926267281e-05
3005440,-0.0010634882273734547,0.06359163380693644,-0.02424343208258506,0.00634765625,0.0016708683542674407,7.485919098822324e-05
3006464,-0.0007277521654032171,0.5274884277023375,-0.02711144099885132,0.00732421875,0.0008175528637366369,7.483358934971838e-05
3007488,-0.0004883460642304271,0.09618150675669312,-0.02293128582823556,0.01171875,0.0026839257479878142,7.480798771121351e-05
3008512,-0.0004935568140354007,0.07934573059901595,-0.0202694549871012,0.00244140625,0.0004178004455752671,7.478238607270865e-05
3009536,-0.0013853113923687488,0.5459268889389932,-0.032769895071396604,0.01416015625,0.0017552571225678548,7.475678443420379e-05
3010560,-0.00038228672929108143,0.8675026306882501,-0.042044828209327534,0.01025390625,0.0008440068777417764,7.473118279569892e-05
3011584,-0.005435089551610872,1.4802418844774365,-0.05191736901178956,0.01708984375,0.0015742208197480068,7.470558115719406e-05
3012608,-0.0009324825805379078,0.11261723027564585,-0.022143409352793242,0.00732421875,0.0007820414466550574,7.467997951868918e-05
3013632,-0.00491804453486111,0.2446591145126149,-0.028930573922480107,0.017578125,0.0038176629750523716,7.465437788018432e-05
3014656,-0.000786024538683705,0.47691669571213424,-0.024465426271490287,0.00732421875,0.001438856590539217,7.462877624167946e-05
3015680,0.003722586145158857,0.08769751526415348,-0.024254794861917617,0.01220703125,0.0029504407284548506,7.460317460317459e-05
3016704,-0.0016213897324632853,0.3584669539704919,-0.029563108844740782,0.005859375,0.001145866175647825,7.457757296466973e-05
3017728,-0.0018186135712312534,0.04344404203584418,-0.018376251522568054,0.0087890625,0.0017062810220522806,7.455197132616487e-05
3018752,-0.0004255084495525807,0.062211273005232215,-0.02277023259739508,0.00732421875,0.0022692720231134444,7.452636968766e-05
3019776,-0.002002077926590573,0.405187182710506,-0.02750660183664877,0.01171875,0.0015058343851706013,7.450076804915514e-05
3020800,-0.0010833275591721758,0.3395538069307804,-0.03077834330906626,0.00732421875,0.0017853434255812317,7.447516641065028e-05
3021824,-0.003653193765785545,0.0796299884095788,-0.02553315181285143,0.015625,0.007973858126206324,7.444956477214541e-05
3022848,0.0005747187824454159,0.12035553227178752,-0.031909085606457666,0.0107421875,0.0026104530988959596,7.442396313364055e-05
3023872,-0.002502622752217576,0.36743842996656895,-0.039730980643071234,0.02099609375,0.005818372854264453,7.43983614951357e-05
3024896,-0.0007591650792164728,0.05683314427733421,-0.01902163379418198,0.005859375,0.0015125800127862021,7.437275985663082e-05
3025920,-0.001012323802569881,0.09306527161970735,-0.024155317674740218,0.0068359375,0.0003358165267854929,7.434715821812595e-05
3026944,-0.00021293868485372514,0.08437947288621217,-0.0270036726797116,0.01220703125,0.002494915053830482,7.432155657962108e-05
3027968,8.904316928237677e-08,0.36573417019098997,-0.038291612814646214,0.00927734375,0.0008463616977678612,7.429595494111622e-05
3028992,-0.0009123772688326426,0.7542106914333999,-0.03622563518001698,0.01220703125,0.00248570874100551,7.427035330261136e-05
3030016,-0.0012154595970059745,0.4125154677312821,-0.04288176080444828,0.02099609375,0.0035309871163917705,7.424475166410649e-05
3031040,-0.0012431725190253928,0.33459839248098433,-0.032498003893124405,0.009765625,0.0016422618791693822,7.421915002560163e-05
3032064,-0.0010658336977940053,0.03988666174700484,-0.03282378718722612,0.01171875,0.0020388856501085684,7.419354838709677e-05
3033088,-7.479972555302083e-05,0.08980538812465966,-0.029795451235258952,0.0078125,0.0005703672795789316,7.41679467485919e-05
3034112,-0.0012160596234025434,0.0467578336247243,-0.02790068790636724,0.0048828125,0.0005544891610043123,7.414234511008704e-05
3035136,-0.0009666107434895821,0.28694863652344793,-0.028160015572211705,0.00634765625,0.0008860195666784421,7.411674347158218e-05
3036160,-0.000671736997901462,0.15037272102199495,-0.023711723741143942,0.0048828125,0.0012252727756276727,7.409114183307731e-05
3037184,-2.8082627977710217e-05,0.7002780670300126,-0.04067025816766545,0.005859375,0.000384060011128895,7.406554019457245e-05
3038208,-0.00041130848694592714,0.07630040170624852,-0.02313207737824996,0.00439453125,0.000569827199797146,7.403993855606757e-05
3039232,-0.0014477759541478008,0.07793487247545272,-0.024326864164322615,0.00830078125,0.001358889479888603,7.401433691756271e-05
3040256,-0.00033539663127157837,0.0596813844749704,-0.02213973322068341,0.00341796875,0.00028494495199993253,7.398873527905785e-05
3041280,-0.0013988383871037513,0.41056094435043633,-0.03890230188699206,0.00732421875,0.0007175351056503132,7.396313364055298e-05
3042304,-0.00249370229721535,0.6540745650418103,-0.0427051164151635,0.01171875,0.003272278467193246,7.393753200204812e-05
3043328,-0.00017801811918616295,0.2955816562753171,-0.028263430735023576,0.01123046875,0.0008877316286088899,7.391193036354326e-05
3044352,-0.0003207128174835816,0.34961342602036893,-0.028261945306439884,0.01123046875,0.0016336152475560084,7.388632872503839e-05
3045376,-0.001020199473714456,0.3818456318695098,-0.02348277121927822,0.00390625,0.0003018782881554216,7.386072708653353e-05
3046400,-0.0001662337890593335,0.4802040746435523,-0.02554280389449559,0.00439453125,0.001011255124467425,7.383512544802867e-05
3047424,-0.0006301983958110213,0.5334764188155532,-0.04494839475955814,0.0107421875,0.0010857335582841188,7.38095238095238e-05
3048448,-0.0009486464550718665,0.714895501267165,-0.034868602073402144,0.0078125,0.0005290257831802592,7.378392217101894e-05
3049472,0.0026478003128431737,1.0989473452791572,-0.0527939674211666,0.00830078125,0.0010074382153106853,7.375832053251409e-05
3050496,-0.0047377160808537155,0.36532192560844123,-0.04644280095817521,0.013671875,0.0012644915404962376,7.373271889400921e-05
3051520,-0.0004641245468519628,0.11407578410580754,-0.023780689502018504,0.0087890625,0.004573430196614936,7.370711725550434e-05
3052544,-0.00029521984106395394,0.12194453692063689,-0.03177787459571846,0.0087890625,0.002302536944625899,7.368151561699947e-05
3053568,-0.0028243639098946005,1.0721636861562729,-0.04701827286044136,0.0166015625,0.0028262412670301273,7.365591397849461e-05
3054592,-0.0006269803852774203,0.09324548032600433,-0.020120442744882894,0.00439453125,0.000733541717636399,7.363031233998975e-05
3055616,-7.19486124580726e-05,0.20116080599837005,-0.033524544749525376,0.00634765625,0.0014274977147579193,7.360471070148488e-05
3056640,0.0003835555980913341,0.07362004835158587,-0.024928822167566977,0.00341796875,0.0009773085330380127,7.357910906298002e-05
3057664,-0.0006714479313814081,0.10140974458772689,-0.028145396179752424,0.01416015625,0.0036367433931445703,7.355350742447516e-05
3058688,-0.0006702680111629888,0.7233941499143839,-0.04017047057277523,0.0048828125,0.0020927655568812042,7.352790578597029e-05
3059712,-0.0029457375057972968,0.3793993587605655,-0.03069381478417199,0.02001953125,0.002786911019938998,7.350230414746543e-05
3060736,0.0004436539893504232,0.10944169224239886,-0.033838341798400506,0.0107421875,0.0015475677064387128,7.347670250896058e-05
3061760,-0.00035697539715329185,0.36341652390547097,-0.027187176652660128,0.00390625,0.00028877191653009504,7.34511008704557e-05
3062784,-0.0029059327207505703,0.7091636990662664,-0.03440224629594013,0.015625,0.0020775547163793817,7.342549923195085e-05
3063808,-0.0006207450060173869,0.326275842031464,-0.027379705454222858,0.00341796875,0.0003858416894217953,7.339989759344596e-05
3064832,0.0007161462272051722,0.06688798149116337,-0.020538337707876053,0.0087890625,0.0017903630796354264,7.33742959549411e-05
3065856,-0.000919181911740452,0.09713641449343413,-0.03152056291582994,0.01123046875,0.006299908200162463,7.334869431643624e-05
3066880,-0.0006828095647506416,0.30322200746741146,-0.03287873296358157,0.0078125,0.0019409352098591626,7.332309267793137e-05
3067904,-0.001204228392452933,0.3153071980923414,-0.026731334375654114,0.00634765625,0.00042277386819478124,7.329749103942651e-05
3068928,-0.001093345315894112,0.05064056545961648,-0.021936783585260855,0.00341796875,0.0005230915267020464,7.327188940092166e-05
3069952,-0.002110102097503841,1.3145648064091802,-0.04754757572663948,0.0078125,0.0008078933897195384,7.324628776241678e-05
3070976,-0.0007684763913857751,0.053294211626052856,-0.030980611707491335,0.00634765625,0.0012877272820333019,7.322068612391192e-05
3072000,-0.00021259646746329963,0.36112236441113055,-0.024288621672894806,0.0048828125,0.0004918184131383896,7.319508448540707e-05
3073024,0.0016799564400571398,0.34720691945403814,-0.02962078235577792,0.01220703125,0.0025278361717937514,7.31694828469022e-05
3074048,-0.00021795701468363404,0.06112661078805104,-0.02342799719190225,0.00634765625,0.004317370185162872,7.314388120839734e-05
3075072,6.178452167659998e-05,0.03610859042964876,-0.025862015343591338,0.00732421875,0.0024107040226226673,7.311827956989248e-05
3076096,-0.0004915249883197248,0.06462063326034695,-0.024517063262464944,0.00439453125,0.0004937191552016884,7.309267793138759e-05
3077120,-0.003292687368229963,0.4211764840874821,-0.04045165391289629,0.00634765625,0.0007642242999281734,7.306707629288273e-05
3078144,-0.0015472687518922612,0.07057011895813048,-0.02203689396264963,0.0107421875,0.005760770654887892,7.304147465437786e-05
3079168,-0.0013755250838585198,0.08223984611686319,-0.027493932881043293,0.01220703125,0.006804820441175252,7.3015873015873e-05
3080192,-0.0028240162937436253,0.35502741509117186,-0.030926091072615236,0.01025390625,0.0009130638354690745,7.299027137736815e-05
3081216,-0.000710104635800235,0.11709155980497599,-0.024272393846331397,0.00537109375,0.002385050946031697,7.296466973886327e-05
3082240,2.9216520488262177e-05,0.3654978568665683,-0.03575137842562981,0.0087890625,0.001161795575171709,7.293906810035842e-05
3083264,-0.002207622688729316,0.361892546992749,-0.03722086109337397,0.0126953125,0.001819328623241745,7.291346646185356e-05
3084288,0.0010177982621826231,0.8338603894226253,-0.043614223395707086,0.0078125,0.0012158156459918246,7.288786482334869e-05
3085312,-0.0003786361339734867,0.9924815157428384,-0.06106916689896025,0.015625,0.0015126547659747303,7.286226318484383e-05
3086336,-0.00025014883431140333,0.39069637190550566,-0.02926377533003688,0.0029296875,0.00020727711671497673,7.283666154633897e-05
3087360,-0.0013436184235615656,0.4122626921162009,-0.028616786512429826,0.0087890625,0.0011721212940756232,7.28110599078341e-05
3088384,-0.00042582195601426065,0.16981096984818578,-0.027082755404990166,0.00244140625,0.0003189074632246047,7.278545826932924e-05
3089408,-0.001460082537960261,0.06404036073945463,-0.02452964839176275,0.0078125,0.002928644113126211,7.275985663082435e-05
3090432,-0.0011193288082722574,0.3958696520421654,-0.03651335969334468,0.00390625,0.0003227526758564636,7.27342549923195e-05
3091456,-0.001098641791031696,0.06593401695135981,-0.026398524671094492,0.0078125,0.0007893005385994911,7.270865335381464e-05
3092480,-0.0010235236841253936,0.05761849507689476,-0.0295364617377345,0.0078125,0.0010293647355865687,7.268305171530976e-05
3093504,-5.161378066986799e-05,0.5278251606505364,-0.037440940446686,0.0048828125,0.0010971738811349496,7.26574500768049e-05
3094528,-0.0011881445461767726,0.0648865484399721,-0.031092728553630877,0.00537109375,0.0009450653888052329,7.263184843830005e-05
3095552,-0.0009209301861119457,0.05052918795263395,-0.03169023296504747,0.01220703125,0.0014954171929275617,7.260624679979518e-05
3096576,-0.0006664973625447601,0.1424102836754173,-0.033113532612333074,0.0068359375,0.0014670373493572697,7.258064516129032e-05
3097600,-0.0009247970883734524,0.10625408869236708,-0.03186873937374912,0.009765625,0.0018052436789730564,7.255504352278546e-05
3098624,-0.0006814533553551883,0.053587299247737974,-0.035984728136099875,0.00830078125,0.0010605121788103133,7.252944188428059e-05
3099648,-0.0001657831744523719,0.3932984630810097,-0.036572018536389805,0.00244140625,0.0006034813559381291,7.250384024577573e-05
3100672,0.00041783045162446797,0.4400956404861063,-0.039547879685414955,0.005859375,0.0006288109434535727,7.247823860727087e-05
3101696,-0.00042520040733506903,0.44560656836256385,-0.03072776037879521,0.0029296875,0.0010950791911454871,7.245263696876598e-05
3102720,0.0006855615065433085,1.3374482449144125,-0.06813543103635311,0.02294921875,0.0017624580214032903,7.242703533026113e-05
3103744,-0.0027078495477326214,0.808250046800822,-0.05291929771192372,0.0087890625,0.001373124250676483,7.240143369175625e-05
3104768,-0.0015352318587247282,0.15138582629151642,-0.023174480709712952,0.01025390625,0.002414567381492816,7.23758320532514e-05
3105792,-0.0008167047635652125,0.04784447414567694,-0.02343027386814356,0.00341796875,0.0013720794522669166,7.235023041474654e-05
3106816,-0.0010562726529315114,0.0882733300095424,-0.02804203271807637,0.01025390625,0.0011359852942405269,7.232462877624167e-05
3107840,-0.00017661457241047174,0.14305726322345436,-0.028170761390356347,0.0048828125,0.0021760222443845123,7.229902713773681e-05
3108864,-0.00047066519618965685,0.05089765938464552,-0.023559058339742478,0.0078125,0.00235909792536404,7.227342549923195e-05
3109888,0.0032186725875362754,1.3369072806090117,-0.07404622435569763,0.01904296875,0.002136967028491199,7.224782386072708e-05
3110912,-0.0011621330631896853,0.12682041968218982,-0.03012108376424294,0.00634765625,0.0013964581012260169,7.222222222222222e-05
3111936,-0.0016858657472766936,0.18915034574456513,-0.03144379972945899,0.009765625,0.002623247797600925,7.219662058371736e-05
3112960,-0.00026453517784830183,0.4797592805698514,-0.0428081764257513,0.00830078125,0.001044875243678689,7.217101894521249e-05
3113984,-0.001951364494743757,0.3752730516716838,-0.03349469578824937,0.0126953125,0.0010733061644714326,7.214541730670762e-05
3115008,-0.002276433602673933,1.1378027657046914,-0.06958017323631793,0.00634765625,0.0005044906283728778,7.211981566820276e-05
3116032,-0.0003113001730525866,0.11624716618098319,-0.03074876377650071,0.001953125,0.00023804751981515437,7.209421402969789e-05
3117056,-0.0002768003469100222,0.050298581132665277,-0.024212187134253327,0.00244140625,0.0015355680661741644,7.206861239119303e-05
3118080,-0.0008662155451020226,0.7381011289544404,-0.04911089995584916,0.00634765625,0.00039833184564486146,7.204301075268816e-05
3119104,-0.0019220213580410928,0.4349875816842541,-0.03313853785220999,0.005859375,0.0012830327032133937,7.20174091141833e-05
3120128,0.004708973312517628,1.3077413644641638,-0.06537653552368283,0.01708984375,0.0018239635246573016,7.199180747567844e-05
3121152,-0.00026481811073608696,0.08368761348538101,-0.021273893289617263,0.0068359375,0.0015640635829186067,7.196620583717357e-05
3122176,-2.887788286898285e-05,0.0654380907653831,-0.023004338774626376,0.00439453125,0.0004227672325214371,7.194060419866871e-05
3123200,-0.0005957736757409293,0.43979880679398775,-0.033390616517863236,0.00732421875,0.0028342437581159174,7.191500256016385e-05
3124224,-0.001495087330113165,0.45112448814325035,-0.038649769441690296,0.00439453125,0.0005308431718731299,7.188940092165898e-05
3125248,-0.0011400477669667453,1.1920633856207132,-0.0569962952286005,0.00634765625,0.0008779249910730869,7.186379928315412e-05
3126272,0.0002310930285602808,0.049248493276536465,-0.027947075803240295,0.0068359375,0.001981147797778249,7.183819764464926e-05
3127296,-0.00041945211705751717,0.06870855309534818,-0.025195061331032775,0.01123046875,0.00217846900341101,7.181259600614438e-05
3128320,-0.0005479391547851264,0.045631544024217874,-0.021803156327223405,0.0029296875,0.000263471738435328,7.178699436763952e-05
3129344,0.0007561477832496166,0.06907505588606,-0.02732870826002909,0.0078125,0.0010694949596654624,7.176139272913466e-05
3130368,-0.0003123425994999707,0.09347011579666287,-0.02980180733720772,0.0126953125,0.0024685821699677035,7.173579109062979e-05
3131392,-0.0013169898156775162,0.37799013254698366,-0.03200810370617546,0.00732421875,0.0005861171666765586,7.171018945212493e-05
3132416,-0.003933452069759369,0.6622726558707654,-0.04293042910285294,0.0146484375,0.0018787176522891968,7.168458781362006e-05
3133440,-0.001075943058822304,0.08766589767765254,-0.024719312321394682,0.00341796875,0.0005791514995507896,7.16589861751152e-05
3134464,-0.001080690126400441,0.0530429482460022,-0.02882294541632291,0.0146484375,0.002033201089943759,7.163338453661034e-05
3135488,-0.0010500218777451664,0.3960498160449788,-0.027332251775078475,0.00830078125,0.0011644551559584215,7.160778289810547e-05
3136512,-0.0009847318870015442,0.48557736654765904,-0.02999230560089927,0.01025390625,0.002135002418071963,7.158218125960061e-05
3137536,-0.0017868767463369295,0.07131224556360394,-0.02792028673866298,0.01220703125,0.002641091705299914,7.155657962109575e-05
3138560,-0.0006513886764878407,0.05831292120274156,-0.03059652055526385,0.00927734375,0.0025728742766659707,7.153097798259088e-05
3139584,-0.0008033499179873616,0.06440544640645385,-0.023851495061535388,0.00341796875,0.0017348396795568988,7.150537634408601e-05
3140608,-0.0003528597007971257,0.32275255280546844,-0.03200886898594035,0.00439453125,0.0005577798292506486,7.147977470558115e-05
3141632,-0.0018418970139464363,0.09850782505236566,-0.023823022569558816,0.0146484375,0.001782414285116829,7.145417306707628e-05
3142656,-0.00027176115690963343,0.04999658849555999,-0.02392479940317571,0.0087890625,0.0015641298523405567,7.142857142857142e-05
3143680,-0.003084773496084381,0.30838476913049817,-0.02591887417656835,0.01220703125,0.002931979179265909,7.140296979006656e-05
3144704,-0.0002103548322338611,0.07729831058532,-0.02782489630044438,0.005859375,0.002433146131807007,7.137736815156169e-05
3145728,-0.0013695416710106656,0.07197819696739316,-0.02432053318625549,0.009765625,0.0008857459179125726,7.135176651305683e-05
3146752,-0.0012390047777444124,0.8941371524706483,-0.033635366591624916,0.005859375,0.00215955195017159,7.132616487455196e-05
3147776,-0.0007155649291235022,0.042683961568400264,-0.02280081494791375,0.00341796875,0.0005349369457690045,7.13005632360471e-05
3148800,0.001061803792254068,0.0887855967739597,-0.019314319230034016,0.0068359375,0.004020572421723045,7.127496159754224e-05
3149824,-0.001593559718457982,0.080552744329907,-0.0218767407204723,0.00634765625,0.0015947567590046674,7.124935995903737e-05
3150848,-0.0031253473716787994,0.4439865257591009,-0.03300838379072957,0.00439453125,0.0014375497121363878,7.122375832053251e-05
3151872,-0.0006994562718318775,0.40483892732299864,-0.032193478517001495,0.0087890625,0.0009417298861080781,7.119815668202765e-05
3152896,-0.0005715676961699501,0.08750658086501062,-0.023123769409721717,0.00537109375,0.0008284361683763564,7.117255504352277e-05
3153920,-0.001142537614214234,0.09960109298117459,-0.016734312574044452,0.00634765625,0.003569070089724846,7.114695340501791e-05
3154944,-0.0014253576955525205,0.07772327854763716,-0.020147173639998073,0.0107421875,0.003380089852726087,7.112135176651305e-05
3155968,-0.0005533681251108646,0.07975490530952811,-0.019927557586925104,0.0087890625,0.0022018022718839347,7.109575012800818e-05
3156992,-0.0006042488967068493,0.06901484978152439,-0.02589376443938818,0.00634765625,0.0007811531977495179,7.107014848950332e-05
3158016,-0.001618962749489583,0.09705284226220101,-0.023903119516035076,0.01025390625,0.0020119841065024957,7.104454685099846e-05
3159040,-0.0009709935111459345,0.09953125554602593,-0.029141895516659133,0.00732421875,0.0013051788409939036,7.101894521249359e-05
3160064,-0.0019899410544894636,0.46036383230239153,-0.03424447969882749,0.00634765625,0.0006728281441610307,7.099334357398873e-05
3161088,-2.1755811758339405e-05,0.0737428639549762,-0.023960754408108187,0.005859375,0.0016906329110497609,7.096774193548386e-05
3162112,-0.0019369547226233408,0.06631462345831096,-0.026673219559597783,0.00732421875,0.002197860900196247,7.0942140296979e-05
3163136,-0.0005558978300541639,0.03601911349687725,-0.021507472032681108,0.00439453125,0.0006058695580577478,7.091653865847414e-05
3164160,-0.0007440971094183624,0.40755516989156604,-0.029929087730124593,0.00634765625,0.001582095370395109,7.089093701996927e-05
3165184,-0.0014065252762520686,1.2626234525814652,-0.058409518213011324,0.0068359375,0.0012954029662068933,7.08653353814644e-05
3166208,-0.0013493625447154045,0.07236435235245153,-0.02434724080558226,0.01123046875,0.0027282434020889923,7.083973374295954e-05
3167232,-0.0007701182184973732,0.03628748148912564,-0.023533101950306445,0.00537109375,0.0008009509620023891,7.081413210445467e-05
3168256,0.0008265420474344864,0.1029575887368992,-0.021748132527136477,0.0048828125,0.003452185119385831,7.078853046594981e-05
3169280,-0.00044542396790347993,0.04829676746157929,-0.018714442559939926,0.00146484375,0.00024196787853725255,7.076292882744495e-05
3170304,-0.0008315271261380985,0.3871508132433519,-0.032454564148793,0.00927734375,0.0006980283505981788,7.073732718894008e-05
3171328,-0.0006461754674091935,0.4023594743339345,-0.03332804529054556,0.0068359375,0.0020827333064517006,7.071172555043522e-05
3172352,0.00010791033855639398,0.14512516162358224,-0.02229655866176472,0.00537109375,0.0019371206290088594,7.068612391193037e-05
3173376,-0.0010184250568272546,0.08560362132266164,-0.026458092230313923,0.01318359375,0.008015111074200831,7.06605222734255e-05
3174400,-0.0009868028428172693,0.341409508488141,-0.02773715824878309,0.00537109375,0.0014042800466995686,7.063492063492064e-05
3175424,-0.002109869230480399,0.4446202456019819,-0.026001040896517225,0.009765625,0.0012511425011325628,7.060931899641576e-05
3176448,-0.0027453427901491523,0.3657538938568905,-0.026166220457525924,0.0078125,0.0011224284826312214,7.05837173579109e-05
3177472,-0.00026967140001943335,0.40338796586729586,-0.029839687907951884,0.0048828125,0.0007226760644698516,7.055811571940603e-05
3178496,-0.0024616325536044315,0.5607661920366809,-0.023452486522728577,0.01025390625,0.0024887519684853032,7.053251408090116e-05
3179520,-0.001276207942282781,0.12277335440739989,-0.035068375524133444,0.00732421875,0.0018887014157371596,7.05069124423963e-05
3180544,-0.0013445991644402966,0.8813902870751917,-0.04278440511552617,0.005859375,0.0006296826613834128,7.048131080389144e-05
3181568,-0.0007900834607426077,0.06748546997550875,-0.02539755336874805,0.00341796875,0.0003971367113990709,7.045570916538657e-05
3182592,-0.0006224112003110349,0.06209521787241101,-0.02818925314477383,0.0068359375,0.0028231118922121823,7.043010752688171e-05
3183616,-0.00034676607174333185,0.040663356659933925,-0.021944392698060255,0.00439453125,0.0009397959802299738,7.040450588837686e-05
3184640,-0.000880385035998188,0.06967541901394725,-0.03049758364795707,0.005859375,0.0011235656420467421,7.037890424987198e-05
3185664,0.0007148988515837118,0.13227992842439562,-0.027003142880857922,0.013671875,0.007036918759695254,7.035330261136713e-05
3186688,0.0006398979458026588,0.08279739529825747,-0.02165326470276341,0.01171875,0.00250594578392338,7.032770097286227e-05
3187712,-0.001205786036734935,0.06175904010888189,-0.021614087047055364,0.00439453125,0.0014824496756773442,7.03020993343574e-05
3188736,-0.00045903910358902067,0.06186964601511136,-0.0191090198859456,0.00341796875,0.0012431934592314065,7.027649769585254e-05
3189760,8.628553041489795e-05,0.0386889188666828,-0.019369468485820107,0.00439453125,0.0015454520180355757,7.025089605734767e-05
3190784,-0.0020202614687150344,0.38530615204945207,-0.027742181311623426,0.0166015625,0.0026904586848104373,7.02252944188428e-05
3191808,-0.0004295128310332075,0.33357025822624564,-0.024260282632894814,0.00341796875,0.0005225634813541546,7.019969278033794e-05
3192832,-0.0010130243317689747,0.05614887090632692,-0.02117315196665004,0.00537109375,0.0011218144791200757,7.017409114183306e-05
3193856,-0.0008500210242345929,0.07885481661651284,-0.019526271395079675,0.0068359375,0.0016272191714961082,7.01484895033282e-05
3194880,-0.0010284184972988442,0.42123151454143226,-0.03422303806291893,0.001953125,0.0012310172314755619,7.012288786482335e-05
3195904,-0.002347050030948594,0.04035931307589635,-0.023653394453504006,0.013671875,0.004538046079687774,7.009728622631847e-05
3196928,-0.0014308143581729382,0.13858109444845468,-0.02154884314222727,0.0146484375,0.002201244657044299,7.007168458781362e-05
3197952,-0.0012792048073606566,0.35965564695652574,-0.03217681701062247,0.0048828125,0.00029841742070857435,7.004608294930876e-05
3198976,-0.00026506895665079355,0.09058900305535644,-0.02846716511703562,0.00732421875,0.0010562611714703962,7.002048131080389e-05
3200000,-0.0013914903975091875,0.07716060942038894,-0.015962584556291404,0.00390625,0.0020960262918379158,6.999487967229903e-05
3201024,-0.0003858087584376335,0.06679490918759257,-0.022582239278563065,0.001953125,0.00018883481970988214,6.996927803379417e-05
3202048,-0.0006370189221343026,0.04913020582171157,-0.015429994207352138,0.0087890625,0.0016096403851406649,6.99436763952893e-05
3203072,-0.0007360404342762195,0.038271929777693,-0.016753379664805834,0.00390625,0.0003480927989585325,6.991807475678443e-05
3204096,-0.0006821310962550342,0.05125503591261804,-0.0244742759532528,0.0087890625,0.0009887991327559575,6.989247311827955e-05
3205120,-0.0007285120227606967,0.08943442173767835,-0.01903728953720929,0.00634765625,0.001198069512611255,6.98668714797747e-05
3206144,-0.000888766415300779,0.07140592322684824,-0.024343562181456946,0.00439453125,0.001461420048144646,6.984126984126984e-05
3207168,0.0001652386854402721,0.7932991809211671,-0.043449813150800765,0.005859375,0.00043766894668806344,6.981566820276496e-05
3208192,-0.0008012631296878681,0.05378892156295478,-0.02336153124269913,0.0087890625,0.003634708627942018,6.97900665642601e-05
3209216,-0.0012954903213540092,0.08968236390501261,-0.020476900375797413,0.00927734375,0.002330520044779405,6.976446492575525e-05
3210240,0.0038930701557546854,0.03535337484208867,-0.02181123400805518,0.005859375,0.0030680791969643906,6.973886328725038e-05
3211264,-0.0016596787609159946,0.9025597220752388,-0.028647964063566178,0.00732421875,0.0013052100111963227,6.971326164874552e-05
3212288,0.0003879662835970521,0.4329760835971683,-0.029962169064674526,0.00439453125,0.001383110327878967,6.968766001024066e-05
3213312,-0.00037761587009299546,0.02530989417573437,-0.02197765702385368,0.00634765625,0.002288050323841162,6.966205837173579e-05
3214336,0.0012488081192714162,0.553478536894545,-0.03119447703647893,0.01220703125,0.0023715455317869782,6.963645673323093e-05
3215360,-0.0012177525495644659,0.03701009461656213,-0.02173365289127105,0.0126953125,0.0034780484274961054,6.961085509472607e-05
3216384,-0.0013542630586016458,0.3979186504147947,-0.030767475167522207,0.01318359375,0.0021314457117114216,6.958525345622119e-05
3217408,-0.0008296255837194622,0.40033353259786963,-0.02819921784248436,0.00732421875,0.0007403832860291004,6.955965181771633e-05
3218432,-0.0028562658990267664,0.39553238824009895,-0.03814603098726366,0.00830078125,0.0014219947479432449,6.953405017921146e-05
3219456,-0.0003009766951436177,0.1793698330875486,-0.027478231328132097,0.00439453125,0.0010261756979161873,6.95084485407066e-05
3220480,0.0002200180315412581,0.7298785205930471,-0.04068395250942558,0.0029296875,0.0021367624431150034,6.948284690220174e-05
3221504,-0.0002391180896665901,0.159546326729469,-0.029704161410336383,0.01123046875,0.0019157932401867583,6.945724526369687e-05
3222528,-0.0023667849745834246,0.06165667960885912,-0.02372841621763655,0.00732421875,0.0031347954645752907,6.943164362519201e-05
3223552,0.006563656177604571,1.6719500087201595,-0.07117656583432108,0.0126953125,0.001481547617004253,6.940604198668715e-05
3224576,-0.0014902374532539397,0.43794782063923776,-0.02776061574695632,0.00830078125,0.0010283623851137236,6.938044034818228e-05
3225600,-0.0015639164339518175,0.09655749890953302,-0.022223337582545355,0.009765625,0.0031294418731704354,6.935483870967742e-05
3226624,-0.002011954791669268,0.40765194362029433,-0.0289917465452163,0.009765625,0.0018619021284393966,6.932923707117256e-05
3227648,-0.0017228937067557126,0.916109886020422,-0.047777504834812135,0.0087890625,0.0005377444467740133,6.930363543266769e-05
3228672,-0.0007611055261804722,0.42287037521600723,-0.041411637226701714,0.00341796875,0.0010783627367345616,6.927803379416282e-05
3229696,-0.00040836402331478894,0.09438801999203861,-0.025995929150667507,0.0068359375,0.0009635501191951334,6.925243215565795e-05
3230720,-0.0006375115917762741,0.06545112130697817,-0.021640003236825578,0.00537109375,0.0005509087786776945,6.922683051715309e-05
3231744,0.00024954258697107434,0.0735200229100883,-0.02243507384264376,0.005859375,0.0009045865590451285,6.920122887864823e-05
3232768,-0.0008073687495198101,0.08594397525303066,-0.024162840927601792,0.00537109375,0.001324342010775581,6.917562724014336e-05
3233792,-0.0007416121516143903,0.07332548452541232,-0.018115726994437864,0.00634765625,0.0006415245588868856,6.91500256016385e-05
3234816,-0.0022979560890235007,1.042675867676735,-0.05202967580407858,0.00439453125,0.0016745562897995114,6.912442396313364e-05
3235840,-0.0011349874548614025,0.33682136493735015,-0.03272895110421814,0.0078125,0.0016910714621189982,6.909882232462877e-05
3236864,-0.0018552757537690923,0.3375971836503595,-0.029399014892987907,0.00927734375,0.0022588460706174374,6.907322068612391e-05
3237888,-0.0011683883349178359,0.051897985220421106,-0.022522496932651848,0.0078125,0.0015715897752670571,6.904761904761905e-05
3238912,-0.0006255709304241464,0.06890218012267724,-0.016961318812718673,0.00732421875,0.003882856195559725,6.902201740911418e-05
3239936,-0.0012182532518636435,0.04393965727649629,-0.01301072895512334,0.00390625,0.003907142876414582,6.899641577060932e-05
3240960,0.0013878484023734927,0.02786898339400068,-0.015916373600703082,0.0029296875,0.0014177574921632186,6.897081413210444e-05
3241984,-0.00025971246941480786,0.7145042300689965,-0.04257914854679257,0.013671875,0.0015139761962927878,6.894521249359958e-05
3243008,-0.000801570771727711,0.621486296877265,-0.03521244697913062,0.00390625,0.00047900482604745775,6.891961085509472e-05
3244032,-0.0003647813864517957,0.08086701284628361,-0.02096361335225083,0.00244140625,0.0003453358367551118,6.889400921658985e-05
3245056,-3.600634227041155e-05,0.04631750000407919,-0.016696826300176326,0.001953125,0.00029961115797050297,6.886840757808499e-05
3246080,-0.0004967912391293794,0.059539182810112834,-0.01922517091111331,0.00537109375,0.0003985949733760208,6.884280593958013e-05
3247104,-0.0002654376730788499,0.11107549036387354,-0.020293174786274903,0.0078125,0.0010544136603130028,6.881720430107526e-05
3248128,-0.00045425711141433567,0.069118119077757,-0.023928316906676628,0.0048828125,0.0010079403436975554,6.87916026625704e-05
3249152,-2.840859815478325e-05,0.4204820771701634,-0.028018467259244062,0.005859375,0.0013371681270655245,6.876600102406554e-05
3250176,-0.0006883337919134647,0.25529290013946593,-0.03488890125299804,0.0087890625,0.0012995082361157984,6.874039938556067e-05
3251200,-0.002149563326383941,0.6283719898201525,-0.03222196319256909,0.0107421875,0.0020836709736613557,6.871479774705581e-05
3252224,-0.0006355573277687654,0.4417360790539533,-0.029980894994878327,0.00439453125,0.00046612312144134194,6.868919610855095e-05
3253248,0.00020249985391274095,0.39231804362498224,-0.03694638583692722,0.00341796875,0.00028580037178471684,6.866359447004608e-05
3254272,-0.0007377162837656215,0.08260212035384029,-0.020891058913548477,0.00830078125,0.006596912746317685,6.863799283154121e-05
3255296,-0.00375163575517945,0.7086673222947866,-0.04137379172607325,0.021484375,0.00272037839749828,6.861239119303634e-05
3256320,-0.0030265387322288007,0.34379990748129785,-0.022491290172183653,0.009765625,0.0013320663856575266,6.858678955453148e-05
3257344,2.6925044949166477e-05,0.07670476415660232,-0.020756081243234803,0.00146484375,0.00036770669976249337,6.856118791602662e-05
3258368,-0.001056821463862434,0.09929181274492294,-0.021919708624409395,0.00634765625,0.0023905719281174242,6.853558627752175e-05
3259392,-0.0015558787454210687,0.09299184684641659,-0.02477423518394062,0.0146484375,0.0018086907803080976,6.850998463901689e-05
3260416,0.00022459018509835005,0.8202757979743183,-0.036417025679838844,0.00732421875,0.002608447990496643,6.848438300051203e-05
3261440,-0.0006705128616886213,0.04231468460056931,-0.02282502183879842,0.00732421875,0.0010403470078017563,6.845878136200716e-05
3262464,-0.0006647215923294425,0.13973253371659666,-0.030102852178970352,0.00830078125,0.002250620207632892,6.84331797235023e-05
3263488,-0.0010835341236088425,0.6827650021295995,-0.03695908244117163,0.00634765625,0.0004430423432495445,6.840757808499744e-05
3264512,-0.0017184648604597896,0.6564908321015537,-0.036409221414942294,0.00390625,0.000561124543310143,6.838197644649257e-05
3265536,-0.0014680854801554233,0.42905166069976985,-0.03526344712008722,0.009765625,0.001242195299710147,6.835637480798771e-05
3266560,-0.0007161534595070407,0.3094114549458027,-0.029817410017130896,0.00830078125,0.001142013759817928,6.833077316948283e-05
3267584,-0.0013906601670896634,0.38363665365613997,-0.02880003331665648,0.00927734375,0.000795473883044906,6.830517153097797e-05
3268608,-0.0003703705297084525,0.06620137672871351,-0.02594112239603419,0.00537109375,0.0018769947200780734,6.827956989247311e-05
3269632,-0.0005695359868695959,0.36283779644872993,-0.020577856517775217,0.0029296875,0.0017198710411321372,6.825396825396824e-05
3270656,-0.0022046383237466216,0.5514426669105887,-0.038682410755427554,0.00634765625,0.0010058978077722713,6.822836661546338e-05
3271680,-0.0020448183349799365,0.4361256919801235,-0.02913873609213624,0.005859375,0.001567617611726746,6.820276497695852e-05
3272704,-0.0011037542863050476,0.5402457700110972,-0.033478365308837965,0.00244140625,0.0003236401389585808,6.817716333845365e-05
3273728,-0.0014915689243935049,0.44533121143467724,-0.03502493656560546,0.01611328125,0.0031002151081338525,6.815156169994879e-05
3274752,-0.001526623236713931,0.3536709612235427,-0.027563783325604163,0.01171875,0.00166667191660963,6.812596006144393e-05
3275776,-0.0008923527493607253,0.14197771716862917,-0.026694768923334777,0.00732421875,0.0018362424889346585,6.810035842293906e-05
3276800,-0.0010130761220352724,0.27333773160353303,-0.025891321150993463,0.005859375,0.0019303034496260807,6.80747567844342e-05
3277824,-0.0002826835698215291,0.1026025079190731,-0.027885094390512677,0.00341796875,0.000413970003137365,6.804915514592935e-05
3278848,-0.0010380963794887066,0.0862362973857671,-0.02463834811351262,0.00341796875,0.0014548038452630863,6.802355350742447e-05
3279872,-0.00015530252130702138,0.0663783464115113,-0.019217651708459016,0.00244140625,0.0007500020292354748,6.79979518689196e-05
3280896,-0.001310843596002087,0.9371399511583149,-0.04237996361916885,0.00732421875,0.0005388759454945102,6.797235023041473e-05
3281920,-0.0006997628152021207,0.07888511545024812,-0.01755913393208175,0.00537109375,0.0014761659986106679,6.794674859190987e-05
3282944,-0.0006420630670618266,0.8573822607286274,-0.04726699736784212,0.0087890625,0.0016058065230026841,6.792114695340501e-05
3283968,-0.0012059420259902254,0.589653714094311,-0.03499577281763777,0.009765625,0.0015746356075396761,6.789554531490014e-05
3284992,-0.0006681165468762629,0.36894766171462834,-0.02224364142603008,0.00732421875,0.0009483877656748518,6.786994367639528e-05
3286016,-0.0006006189214531332,0.33329863427206874,-0.03278101680916734,0.00341796875,0.00020690640667453408,6.784434203789042e-05
3287040,0.0004525166586972773,0.3494575305376202,-0.02768909676342446,0.0078125,0.0007315789116546512,6.781874039938555e-05
3288064,0.00016139329818543047,0.160628292709589,-0.02336033088795375,0.0048828125,0.0006563723582075909,6.77931387608807e-05
3289088,-3.696564817801118e-06,0.10253855027258396,-0.01736068394711765,0.00048828125,0.0004842057533096522,6.776753712237584e-05
3290112,-0.0018477999983588234,0.051797843829263,-0.019157151993567823,0.0078125,0.006406607426470146,6.774193548387096e-05
3291136,5.0587113946676254e-05,0.0712566883303225,-0.02061592842801474,0.00537109375,0.0009606732346583158,6.77163338453661e-05
3292160,-0.0012450179638108239,0.200673466315493,-0.02491924678088253,0.013671875,0.0026096656802110374,6.769073220686122e-05
3293184,0.0004518622736213729,0.4460178397130221,-0.028538245303934673,0.00390625,0.0003020322328666225,6.766513056835636e-05
3294208,-0.0008860095404088497,0.09951672109309584,-0.021748781866335776,0.00634765625,0.005870950801181607,6.76395289298515e-05
3295232,-0.0014763168583158404,0.6164861768484116,-0.03234878001967445,0.00634765625,0.0007046908867778257,6.761392729134663e-05
3296256,-0.0006702021273667924,0.455229421146214,-0.033043397415895015,0.00927734375,0.0013178801164031029,6.758832565284177e-05
3297280,-0.0010905858362093568,0.09096335829235613,-0.02266714407596737,0.00732421875,0.0012011107319267467,6.756272401433692e-05
3298304,-0.000890058116056025,0.7822555531747639,-0.03773889080184745,0.0068359375,0.001517401629826054,6.753712237583204e-05
3299328,0.0002663984923856333,0.5463032275438309,-0.03710993309505284,0.005859375,0.0009019396675284952,6.751152073732719e-05
3300352,-0.0007447243551723659,0.07013512041885406,-0.01829433834700467,0.00830078125,0.0007284403691301122,6.748591909882233e-05
3301376,-0.0005227190122241154,0.10466903308406472,-0.021940863261988852,0.00537109375,0.0003910146187990904,6.746031746031745e-05
3302400,-0.0003380800335435197,0.10929231671616435,-0.026188895701125148,0.005859375,0.0006474183173850179,6.74347158218126e-05
3303424,0.001938769972184673,0.07903016812633723,-0.01968070493603591,0.00244140625,0.0010354426631238312,6.740911418330774e-05
3304448,-0.001032752450555563,0.06692352495156229,-0.02456900579363719,0.0078125,0.0016934900922933593,6.738351254480285e-05
3305472,-0.002696815208764747,0.35734834196045995,-0.032099123440275434,0.0185546875,0.0035772238188656047,6.7357910906298e-05
3306496,-0.0004913512530038133,0.046586642623879015,-0.020725760667119175,0.00146484375,0.0004634880169760436,6.733230926779312e-05
3307520,-0.0010120439401362091,0.08964023925364017,-0.02747295136214234,0.00634765625,0.0019082103535765782,6.730670762928826e-05
3308544,-0.0026459802757017314,0.39120659744367003,-0.03232593243592419,0.0087890625,0.0015445787576027215,6.72811059907834e-05
3309568,-0.0012874151216237806,0.3463964727707207,-0.02375356189440936,0.01025390625,0.0009333141788374633,6.725550435227853e-05
3310592,0.002876569516956806,0.06344684807118028,-0.021786885544315737,0.00927734375,0.0032578030513832346,6.722990271377368e-05
3311616,-0.0007866088853916153,0.05820054444484413,-0.027553189229138297,0.0068359375,0.0023745281650917605,6.720430107526882e-05
3312640,-6.114237476140261e-05,0.04995711846277118,-0.02181055509026919,0.00634765625,0.0008338682382600382,6.717869943676395e-05
3313664,-0.0009270745067624375,0.09426859649829566,-0.026661466243240284,0.00732421875,0.002504538497305475,6.715309779825909e-05
3314688,-0.000982155223027803,0.3637733201030642,-0.03213878699170891,0.00634765625,0.0009157333697658032,6.712749615975423e-05
3315712,-0.0008626422786619514,0.05615732946898788,-0.026888835520367138,0.01171875,0.0037587285187328234,6.710189452124936e-05
3316736,-0.0015071697416715324,0.7057580833788961,-0.03286573209334165,0.01416015625,0.0021770676830783486,6.70762928827445e-05
3317760,-0.0012286291748750955,0.6338857414666563,-0.038076168741099536,0.0048828125,0.0005051934713264927,6.705069124423961e-05
3318784,-0.0023747169907437637,0.39243741263635457,-0.029576791850558948,0.00927734375,0.00243338338623289,6.702508960573475e-05
3319808,-0.0012571131883305497,0.09556481777690351,-0.024418090179096907,0.00732421875,0.0019825923955067992,6.69994879672299e-05
3320832,-0.001150468728155829,0.17589195468463004,-0.024436752690235153,0.013671875,0.004551165737211704,6.697388632872502e-05
3321856,-0.0010905910312430933,0.0992566937347874,-0.030384721329028253,0.0078125,0.001344713571597822,6.694828469022017e-05
3322880,-0.0012372320925351232,0.057980895042419434,-0.026025984228908783,0.0068359375,0.0006739641830790788,6.692268305171531e-05
3323904,-0.00144659832585603,0.07540388696361333,-0.03058824125037063,0.0126953125,0.0030441741982940584,6.689708141321044e-05
3324928,-0.00011604824976529926,0.10769864008761942,-0.022939672904612962,0.0068359375,0.0012371601769700646,6.687147977470558e-05
3325952,-0.000598866754444316,0.10363948228769004,-0.03209001975483261,0.0068359375,0.0010438098252052441,6.684587813620072e-05
3326976,-0.0004994011105736718,0.3536658107768744,-0.03188337275059894,0.00634765625,0.0031962050416041166,6.682027649769585e-05
3328000,-0.0011948076426051557,0.0661147179780528,-0.020666218651967938,0.00537109375,0.004272047881386243,6.679467485919099e-05
3329024,-0.000955741954385303,0.06071241176687181,-0.02766145490022609,0.00390625,0.0005232029798207805,6.676907322068613e-05
3330048,-0.00038440160278696567,0.05398418731056154,-0.023608893498021644,0.0107421875,0.001558606920298189,6.674347158218124e-05
3331072,0.0008158305136021227,0.11592873418703675,-0.027807197331640054,0.0068359375,0.0022607381688430905,6.671786994367639e-05
3332096,-0.0006712002214044333,0.05676614021649584,-0.024122377719322685,0.0078125,0.0029999409889569506,6.669226830517151e-05
3333120,-0.0005524981097551063,0.07983639813028276,-0.02323675282241311,0.00830078125,0.001272009321837686,6.666666666666666e-05
3334144,0.001237603006302379,0.08234253036789596,-0.03449144084879663,0.00927734375,0.002373639654251747,6.66410650281618e-05
3335168,-0.0011101470154244453,0.06406719016376883,-0.028876631389721297,0.005859375,0.0006343473360175267,6.661546338965693e-05
3336192,-0.0014108334435150027,0.04308834025869146,-0.027233994303969666,0.01123046875,0.0012150968104833737,6.658986175115207e-05
3337216,-0.0009712464379845187,0.3161704365629703,-0.03424013088806532,0.005859375,0.0008162232552422211,6.656426011264721e-05
3338240,-9.012800001073629e-05,1.3370228596031666,-0.04822048076312058,0.0087890625,0.0024759210500633344,6.653865847414234e-05
3339264,-0.002255191473523155,0.37029339373111725,-0.029552042462455574,0.00537109375,0.000713276385795325,6.651305683563748e-05
3340288,-0.0008637521241325885,0.42017431696876884,-0.032549850788200274,0.01123046875,0.0009019698045449331,6.648745519713262e-05
3341312,-0.0009147835080511868,0.06926340190693736,-0.025699203222757205,0.005859375,0.0005324762605596334,6.646185355862775e-05
3342336,-0.0006941787287360057,0.3869653935544193,-0.029005407530348748,0.00927734375,0.0015183764189714566,6.643625192012288e-05
3343360,-0.0011046473373426124,0.056611352134495974,-0.026546367378614377,0.00390625,0.00035999136161990464,6.6410650281618e-05
3344384,-0.0016209595487453043,1.0438577942550182,-0.0506516549794469,0.01416015625,0.0010508285922696814,6.638504864311315e-05
3345408,-0.0035488096036715433,0.36955211067106575,-0.03601416078163311,0.01708984375,0.00142162230622489,6.635944700460829e-05
3346432,-0.00020707622752524912,0.40356955653987825,-0.02979168800811749,0.0009765625,0.00014130085764918476,6.633384536610342e-05
3347456,-0.0003924116026610136,0.07084555953042582,-0.025350869429530576,0.0087890625,0.0013922455109423026,6.630824372759856e-05
3348480,0.0002477181042195298,0.7001741458661854,-0.03590481128776446,0.00830078125,0.0006219642673386261,6.62826420890937e-05
3349504,-6.475138070527464e-05,0.11931015062145889,-0.031053071143105626,0.005859375,0.001064619587850757,6.625704045058883e-05
3350528,-0.00022114771127235144,0.07648450089618564,-0.02783770498353988,0.00390625,0.00029994602664373815,6.623143881208397e-05
3351552,-0.0015820527041796595,0.9532384993508458,-0.04199436292401515,0.0068359375,0.0007104932446964085,6.620583717357911e-05
3352576,-0.000242355527007021,0.45068020781036466,-0.031805579230422154,0.005859375,0.0004110414156457409,6.618023553507424e-05
3353600,-0.0011730511614587158,0.34160569054074585,-0.03502273382036947,0.00439453125,0.0010873825958697125,6.615463389656938e-05
3354624,-0.0009724061092128977,0.10469881584867835,-0.022608688559557777,0.01025390625,0.0013823548215441406,6.612903225806452e-05
3355648,3.1462201150134206e-05,0.08570590789895505,-0.022144896356621757,0.0087890625,0.0015174031141214073,6.610343061955964e-05
3356672,-0.002073093462968245,0.4281328683719039,-0.036101861667702906,0.005859375,0.0014975081430748105,6.607782898105478e-05
3357696,-0.0008888854354154319,0.043549193535000086,-0.031406054069520906,0.00927734375,0.003586314240237698,6.605222734254991e-05
3358720,-0.0016421817999798805,0.20486975298263133,-0.025000524110510014,0.01025390625,0.0031429484952241182,6.602662570404505e-05
3359744,-0.0002712400601012632,0.47433905815705657,-0.03559722943464294,0.001953125,0.0002947358298115432,6.600102406554019e-05
3360768,-0.00011911854380741715,0.32091323961503804,-0.025487601684289984,0.00537109375,0.000683194084558636,6.597542242703532e-05
3361792,-0.0005567366752075031,0.0962903966428712,-0.02859131750301458,0.0048828125,0.002733844594331458,6.594982078853046e-05
3362816,-0.00044677883488475345,0.423945659538731,-0.03450056942529045,0.00390625,0.0006482276221504435,6.59242191500256e-05
3363840,-0.004709719083621167,0.8709613019600511,-0.05197552821482532,0.01806640625,0.002380737743806094,6.589861751152073e-05
3364864,-0.000440657720901072,0.3500679605640471,-0.029887617893109564,0.0048828125,0.00066658720606938,6.587301587301587e-05
3365888,-0.0015382622077595443,0.05231687566265464,-0.03070162469521165,0.0068359375,0.0028670817700913176,6.584741423451101e-05
3366912,-0.00027060797583544627,0.10119095619302243,-0.022961289741942892,0.0078125,0.002151380802388303,6.582181259600614e-05
3367936,-0.0024818920355755836,0.396476372377947,-0.04133820399874821,0.01171875,0.0010595700587145984,6.579621095750127e-05
3368960,-0.0027950480580329895,0.6192585485987365,-0.04253237333614379,0.005859375,0.0010012395796366036,6.57706093189964e-05
3369984,-0.00040290929609909654,0.3704791949130595,-0.03381801846262533,0.00244140625,0.0002661125181475654,6.574500768049154e-05
3371008,-0.002602872555144131,0.09452866693027318,-0.033371440493283444,0.01416015625,0.005327712482539937,6.571940604198668e-05
3372032,-0.0036653113274951465,0.387211786583066,-0.03428167843821939,0.01513671875,0.0013813401164952666,6.569380440348181e-05
3373056,-0.0003360054543009028,0.08615783543791622,-0.023577747720992193,0.0107421875,0.0027905040042242035,6.566820276497695e-05
3374080,-0.001167812995845452,0.051931152353063226,-0.02376703344634734,0.005859375,0.0013133574539097026,6.564260112647209e-05
3375104,-0.0008706690568942577,0.06117925053695217,-0.017552763893036172,0.01123046875,0.002942667357274331,6.561699948796722e-05
3376128,-0.0006396105454768986,0.13686756184324622,-0.027360528491044533,0.0029296875,0.0008093352371361107,6.559139784946236e-05
3377152,-0.0020954774226993322,0.043781550601124763,-0.025814231514232233,0.0146484375,0.003578503616154194,6.55657962109575e-05
3378176,-0.001439285399101209,0.3744454593397677,-0.034651205874979496,0.0048828125,0.0003383370640221983,6.554019457245263e-05
3379200,-0.00042247807141393423,0.08328985434491187,-0.02189598481345456,0.00341796875,0.0006461515586124733,6.551459293394777e-05
3380224,4.5714841689914465e-08,0.08191219833679497,-0.02216473367298022,0.00537109375,0.001721190637908876,6.548899129544291e-05
3381248,-0.0019742991134990007,0.10537819610908628,-0.028296719829086214,0.01171875,0.0037294841167749837,6.546338965693803e-05
3382272,-0.0013970091677038,0.039743686735164374,-0.023442846064426703,0.0087890625,0.0012507356004789472,6.543778801843317e-05
3383296,-0.0006911452801432461,0.05082123848842457,-0.024067032798484433,0.0087890625,0.0016906385135371238,6.54121863799283e-05
3384320,-0.0010669787734514102,0.049073239671997726,-0.027748077482101507,0.00634765625,0.0006541452603414655,6.538658474142344e-05
3385344,-0.0005182945096748881,0.0635608381126076,-0.023266710864845663,0.00927734375,0.0008279842440970242,6.536098310291858e-05
3386368,-0.00039160459709819406,0.3708140456583351,-0.025445994469919242,0.00341796875,0.00026157801039516926,6.533538146441371e-05
3387392,-0.0006677781639155,0.09472929453477263,-0.02415914570883615,0.0068359375,0.0011463202827144414,6.530977982590885e-05
3388416,-0.0010234149522148073,0.3793993014842272,-0.02504684573614213,0.001953125,0.00013509167183656245,6.5284178187404e-05
3389440,-0.0006725676503265277,0.06357258057687432,-0.023179151947260834,0.00830078125,0.001648178294999525,6.525857654889912e-05
3390464,-0.00144635589185782,0.04383867926662788,-0.0198202179344662,0.00634765625,0.0011239493906032294,6.523297491039426e-05
3391488,-0.0010031273995991796,0.08582177152857184,-0.019517872262895253,0.0068359375,0.0012439704878488556,6.52073732718894e-05
3392512,-0.0006170333799673244,0.11143713956698775,-0.018780272330332082,0.00830078125,0.004476835587411188,6.518177163338453e-05
3393536,-0.002178603404900059,0.37535197869874537,-0.036562157853040844,0.01220703125,0.0011091051128460094,6.515616999487966e-05
3394560,-0.0011521667111082934,0.40612852782942355,-0.03819046207354404,0.00439453125,0.00105043024814222,6.513056835637479e-05
3395584,-0.00034338772820774466,0.60634284268599,-0.03870343271410093,0.0048828125,0.0005516425735550001,6.510496671786993e-05
3396608,-0.002133469701220747,0.3919453526614234,-0.028444476280128583,0.01220703125,0.001733144003082998,6.507936507936507e-05
3397632,-0.0018780450918711722,0.4011507567483932,-0.024421170965069905,0.00390625,0.0002555759565439075,6.50537634408602e-05
3398656,-0.0008643052715342492,0.05850184190785512,-0.023396006155962823,0.0048828125,0.0006353310018312186,6.502816180235534e-05
3399680,-0.0007801862520864233,0.06183250609319657,-0.020584611305821454,0.00537109375,0.0009924212063197047,6.500256016385048e-05
3400704,-0.0008997804980026558,0.1035983405308798,-0.0245959259555093,0.00390625,0.0012720529484795406,6.497695852534561e-05
3401728,-0.0012262185628060251,0.3846977420616895,-0.04157734423642978,0.01025390625,0.0012357302766758949,6.495135688684075e-05
3402752,-0.0015921411104500294,0.4261123843025416,-0.031690825562691316,0.01025390625,0.0010761443263618276,6.49257552483359e-05
3403776,-0.001035661349305883,0.14097163965925574,-0.021345477086470055,0.00390625,0.0016682940477039665,6.490015360983102e-05
3404800,-0.002012689728871919,0.39382045646198094,-0.030667913204524666,0.01025390625,0.001166165864560753,6.487455197132617e-05
3405824,-0.004132603804464452,0.7019750045146793,-0.03697301917418372,0.01611328125,0.0027862177521456033,6.48489503328213e-05
3406848,-0.0014901143149472773,0.0721154969651252,-0.02811151487458119,0.015625,0.0020211420487612486,6.482334869431642e-05
3407872,-0.0010419252794235945,0.6320550846867263,-0.036626361921662465,0.005859375,0.00046892857062630355,6.479774705581156e-05
3408896,-0.0005280968034639955,0.06108673429116607,-0.0215994421087089,0.0029296875,0.0006850206118542701,6.477214541730669e-05
3409920,-0.0011790158023359254,0.08005115517880768,-0.02638967876555398,0.01318359375,0.0016197946097236127,6.474654377880183e-05
3410944,-0.0005674739077221602,0.0698580282041803,-0.022785352724895347,0.01123046875,0.002567918418208137,6.472094214029697e-05
3411968,-0.001279426011024043,0.047829785849899054,-0.023997987727852887,0.0078125,0.0010744768951553851,6.46953405017921e-05
3412992,-3.104419738519937e-05,0.034419336705468595,-0.01785931794438511,0.00244140625,0.00011330343841109425,6.466973886328724e-05
3414016,-0.0010300446156179532,0.08297478058375418,-0.021430213659186848,0.00830078125,0.003748193252249621,6.464413722478239e-05
3415040,-0.00041770044481381774,0.03549410094274208,-0.01935939929990127,0.0078125,0.0024593468551756814,6.461853558627751e-05
3416064,-0.0007015975861577317,0.7496131444349885,-0.031758144876221195,0.0107421875,0.00199246610281989,6.459293394777266e-05
3417088,-0.00048162706661969423,0.07333151996135712,-0.01990285742067499,0.01171875,0.00346852742950432,6.45673323092678e-05
3418112,-0.0014721124607603997,0.034427169302944094,-0.019193325264495797,0.00439453125,0.0008411303424509242,6.454173067076293e-05
3419136,-0.0009601561177987605,0.08199995069298893,-0.023930679337354377,0.00634765625,0.0006575263978447765,6.451612903225805e-05
3420160,0.0014487442967947572,0.07587704772595316,-0.025367911417561118,0.00927734375,0.0018287085986230522,6.44905273937532e-05
3421184,-0.002977941941935569,0.7631060176063329,-0.04416089240112342,0.0205078125,0.0018861403805203736,6.446492575524832e-05
3422208,-0.0014013729960424826,0.4095544039737433,-0.022011197201209143,0.0068359375,0.0011609129287535325,6.443932411674347e-05
3423232,-0.00016067623073467985,0.07415024051442742,-0.020777712765266187,0.00537109375,0.0007728696073172614,6.441372247823859e-05
3424256,-0.0006531064864248037,0.04416311462409794,-0.021437537552628783,0.0068359375,0.002193516425904818,6.438812083973373e-05
3425280,-5.753393634222448e-05,0.403332652291283,-0.026147547663185833,0.005859375,0.0006549796235049143,6.436251920122888e-05
3426304,-0.000875841717061121,0.4370885423850268,-0.03120917291380465,0.0048828125,0.0004201021365588531,6.4336917562724e-05
3427328,-0.0016501057107234374,0.09503298334311694,-0.022677259665215388,0.00732421875,0.0024328069703187793,6.431131592421915e-05
3428352,-0.0005754135781899095,0.059880238492041826,-0.02095327696588356,0.0078125,0.0011067087325500324,6.428571428571429e-05
3429376,-0.0016933602164499462,0.39384079724550247,-0.028580923706613248,0.01611328125,0.002148553656297736,6.426011264720942e-05
3430400,-0.0017945889558177441,0.06406639388296753,-0.02172409814374987,0.00927734375,0.0026493872137507424,6.423451100870456e-05
3431424,-0.00018423493020236492,0.29317463212646544,-0.023659836988372263,0.0029296875,0.0002088539331452921,6.420890937019969e-05
3432448,-0.0013528757117455825,0.09710889484267682,-0.029182682985265274,0.00732421875,0.0007685096643399447,6.418330773169481e-05
3433472,-0.00028063010540790856,0.3695407151244581,-0.031244393467204645,0.00537109375,0.00047203851863741875,6.415770609318996e-05
3434496,-0.0005165709517314099,0.349601665744558,-0.0271188188717133,0.00830078125,0.001026686921250075,6.41321044546851e-05
3435520,-0.0011194165563210845,0.08148676413111389,-0.023499820177676156,0.013671875,0.002584775094874203,6.410650281618023e-05
3436544,-0.0005571672227233648,0.057349188602529466,-0.017697099279757822,0.00439453125,0.0006199416384333745,6.408090117767537e-05
3437568,0.00029051346064079553,0.4156887870049104,-0.028017458229442127,0.009765625,0.016703744942788035,6.40552995391705e-05
3438592,-0.004526616830844432,1.3474404942244291,-0.058636564994230866,0.0224609375,0.00175043499621097,6.402969790066564e-05
3439616,-0.0007583101833006367,0.08960624795872718,-0.02268979124346515,0.00439453125,0.0009431098296772689,6.400409626216078e-05
3440640,-0.0009154753352049738,0.06791010382585227,-0.022820038757345174,0.00830078125,0.000555776510736905,6.39784946236559e-05
3441664,-0.0005992741353111342,0.1069113340927288,-0.025219185496098362,0.009765625,0.001587999940966256,6.395289298515105e-05
3442688,-0.0010590411256998777,0.5311490714084357,-0.03088674508035183,0.001953125,0.0007201526314020157,6.392729134664619e-05
3443712,-0.0012251703010406345,1.6281294636428356,-0.055390127177815884,0.00439453125,0.0007272574002854526,6.390168970814132e-05
3444736,-0.0008228488441091031,0.3850094045046717,-0.026322624878957868,0.0029296875,0.00027903403679374605,6.387608806963645e-05
3445760,-0.0003238899807911366,0.06669376173522323,-0.02656653393205488,0.0087890625,0.000788420278695412,6.385048643113159e-05
3446784,-0.0005900495234527625,0.08720226830337197,-0.025117752054939047,0.005859375,0.0009918671858031303,6.382488479262672e-05
3447808,0.0009925393969751894,0.06077714136335999,-0.018877652189985383,0.0048828125,0.0008753670699661598,6.379928315412186e-05
3448832,-0.0008772481523919851,0.10323877551127225,-0.026581509329844266,0.009765625,0.003611128413467668,6.3773681515617e-05
3449856,-0.0013972970700706355,0.07870685949455947,-0.023791396415617783,0.009765625,0.0019401229656068608,6.374807987711213e-05
3450880,-0.0036505965908872895,0.376207368215546,-0.030016110176802613,0.02294921875,0.005160603090189397,6.372247823860727e-05
3451904,-0.0014507094747386873,0.3658538160379976,-0.029219513380667195,0.009765625,0.002119079203112051,6.36968766001024e-05
3452928,-0.001073618339432869,0.06376325222663581,-0.02001239623859874,0.01318359375,0.0020954695355612785,6.367127496159754e-05
3453952,-0.002328730930457823,0.25157285551540554,-0.02680862911802251,0.00634765625,0.0008212194225052372,6.364567332309268e-05
3454976,-0.004366399574792013,0.7188333282247186,-0.035112810583086684,0.01904296875,0.002297427592566237,6.362007168458781e-05
3456000,-0.002204064297984587,0.3102015642216429,-0.029720497521338984,0.0107421875,0.004182145523373038,6.359447004608295e-05
3457024,-0.0020041566021973267,0.046721264719963074,-0.02227340391254984,0.00634765625,0.0017781282222131267,6.356886840757808e-05
3458048,-0.0006697699427604675,0.06373598717618734,-0.02451934793498367,0.00732421875,0.001185835018986836,6.35432667690732e-05
3459072,-0.0016642574482830241,0.3827188569121063,-0.03228032447350415,0.0078125,0.0019877146114595234,6.351766513056835e-05
3460096,1.6356250853277743e-05,0.04813044116599485,-0.017556031845742837,0.005859375,0.0021476282126968727,6.349206349206349e-05
3461120,-0.0007288362830877304,0.12061249674297869,-0.020914452550641727,0.00634765625,0.0019438849267316982,6.346646185355862e-05
3462144,0.0006750863685738295,0.5010998849757016,-0.03107965472736396,0.00341796875,0.0012675932084675878,6.344086021505376e-05
3463168,-0.00041585773578844965,0.06725148297846317,-0.01724988397791094,0.00341796875,0.0015211638383334503,6.34152585765489e-05
3464192,-0.0011744986986741424,0.3254572816658765,-0.03421633998368634,0.01708984375,0.002391207483015023,6.338965693804403e-05
3465216,-0.0021446231548907235,0.5125787598080933,-0.02855904495481809,0.0146484375,0.003434346377616748,6.336405529953917e-05
3466240,-0.001456607977161184,0.3231640838785097,-0.02900247166689951,0.0087890625,0.0008966713066911325,6.33384536610343e-05
3467264,-0.0007309773209271953,0.3635328646050766,-0.021430862232591608,0.00537109375,0.0009709779551485553,6.331285202252944e-05
3468288,-0.0005119840352563187,0.4655453653540462,-0.023979931815119926,0.00634765625,0.00201410822046455,6.328725038402458e-05
3469312,-0.0008840496229822747,0.0619447665521875,-0.020237872175130178,0.00244140625,0.00032458647910971195,6.32616487455197e-05
3470336,-0.0008458507363684475,0.05761574301868677,-0.023625445246580057,0.00537109375,0.0008049092430155724,6.323604710701484e-05
3471360,-0.0016881651536095887,0.39346277341246605,-0.034321260754950345,0.0078125,0.0005234271957306191,6.321044546850998e-05
3472384,-0.0013413717097137123,0.3901802629698068,-0.022882703677169047,0.00830078125,0.003355235225171782,6.318484383000511e-05
3473408,-0.0009110872051678598,0.14260967983864248,-0.025149245862849057,0.00439453125,0.0011569289199542254,6.315924219150025e-05
3474432,-0.0006446349216275848,0.05819245323073119,-0.018868206841034407,0.0068359375,0.0011225031776120886,6.313364055299539e-05
3475456,0.0009518909137113951,0.08728980319574475,-0.025576411178917624,0.00927734375,0.0017618269775994122,6.310803891449052e-05
3476480,-0.001573683723108843,0.3333142267074436,-0.023506527424615342,0.00537109375,0.0014236802817322314,6.308243727598566e-05
3477504,-0.00042052216304000467,0.05887333839200437,-0.018401737402200524,0.00341796875,0.001068466910510324,6.30568356374808e-05
3478528,-0.0009922704193741083,0.10972758161369711,-0.019774708971453947,0.0087890625,0.0006914877158124,6.303123399897593e-05
3479552,-0.0011315513256704435,0.06662411661818624,-0.024501947053067852,0.0087890625,0.0007000475889071822,6.300563236047107e-05
3480576,-0.0006504483899334446,0.04680870129959658,-0.017288856623054016,0.00537109375,0.0025969868729589507,6.29800307219662e-05
3481600,-0.0011631981687969528,0.05882911931257695,-0.016655788636853686,0.00537109375,0.0014587414625566453,6.295442908346134e-05
3482624,-0.0013161925307940692,0.5231820655753836,-0.026489932657568716,0.00634765625,0.0018838552350644022,6.292882744495647e-05
3483648,-0.0008880299865268171,0.1997748906724155,-0.025841891518211924,0.00390625,0.0009077618306037039,6.29032258064516e-05
3484672,-0.000251290897722356,0.37066929624415934,-0.028816309582907706,0.0078125,0.0005439695960376412,6.287762416794674e-05
3485696,-0.00042896997183561325,0.04788237303728238,-0.023721624304016586,0.00341796875,0.00032273483520839363,6.285202252944188e-05
3486720,-0.0005181541491765529,0.49142216332256794,-0.027115816323203035,0.013671875,0.002919052407378331,6.282642089093701e-05
3487744,-0.0021886986505705863,0.05665706575382501,-0.03243375744204968,0.015625,0.00204611974186264,6.280081925243215e-05
3488768,-3.591518907342106e-05,0.3851970841642469,-0.030341859979671426,0.00732421875,0.00239611066353973,6.277521761392729e-05
3489792,-0.0019480490300338715,0.38636903814040124,-0.03151773918943945,0.0087890625,0.0007125866541173309,6.274961597542242e-05
3490816,-0.000642065228021238,0.11846381868235767,-0.026969229249516502,0.005859375,0.0006870497163617983,6.272401433691756e-05
3491840,-0.00047403707867488265,0.034188780293334275,-0.01806582827884995,0.001953125,0.00012911399244330823,6.26984126984127e-05
3492864,-0.0030716051987838,0.05424908304121345,-0.027503626653924584,0.01416015625,0.002179796152631752,6.267281105990783e-05
3493888,-0.0009583672072039917,0.3912928680656478,-0.036353678835439496,0.0107421875,0.0017751162959029898,6.264720942140297e-05
3494912,-0.0007297679403563961,0.05637085117632523,-0.02313607903488446,0.00927734375,0.0014881390816299245,6.262160778289809e-05
3495936,-0.0005785028915852308,0.06300961261149496,-0.022527700770297088,0.00830078125,0.0009376162488479167,6.259600614439323e-05
3496960,-0.0008168325948645361,0.32393350754864514,-0.03549336508149281,0.0048828125,0.0005309033149387687,6.257040450588837e-05
3497984,-0.0029980053222971037,0.1767529471544549,-0.030926825827918947,0.01123046875,0.001907041048980318,6.25448028673835e-05
3499008,-0.0010722318256739527,0.07720716658513993,-0.017999343133851653,0.0048828125,0.0019842266337946057,6.251920122887864e-05
3500032,0.0003431068762438372,0.04643640376161784,-0.020608072889444884,0.00537109375,0.0008168739877874032,6.249359959037378e-05
3501056,-0.0010576846107142046,0.06373144860845059,-0.027564506584894843,0.00634765625,0.0014725253131473437,6.246799795186891e-05
3502080,-0.0010857043089345098,0.05196551070548594,-0.02191966478858376,0.00732421875,0.0015903988532954827,6.244239631336405e-05
3503104,3.6706478567793965e-05,0.07090690766926855,-0.025757842717212043,0.005859375,0.0007229300535982475,6.24167946748592e-05
3504128,-0.0006198168994160369,0.0324399484670721,-0.018118759122444317,0.0029296875,0.00034412226523272693,6.239119303635432e-05
3505152,-0.0013443679199554026,0.07844899583142251,-0.02309569171484327,0.01025390625,0.0034483950003050268,6.236559139784946e-05
3506176,-0.001264351376448758,0.06514150230214,-0.020797101125936024,0.00537109375,0.0010860062029678375,6.23399897593446e-05
3507200,-0.0005994954844936728,0.061954108881764114,-0.022322390977933537,0.0078125,0.0023636474943486974,6.231438812083972e-05
3508224,-0.0005862809339305386,0.06654816173249856,-0.023997463344130665,0.0087890625,0.0012723660620395094,6.228878648233486e-05
3509248,-0.0005358360067475587,0.08048326463904232,-0.02489092318865005,0.0048828125,0.001259604687220417,6.226318484382999e-05
3510272,-0.0010320006986148655,0.41536879225168377,-0.03502679728262592,0.0068359375,0.0006232372252270579,6.223758320532513e-05
3511296,-0.0021737390925409272,0.044688402325846255,-0.02334246969257947,0.00927734375,0.0024493450473528355,6.221198156682027e-05
3512320,-0.0010032314894488081,0.2644675517221913,-0.030133471154840663,0.00537109375,0.003620706600486301,6.21863799283154e-05
3513344,-0.0034653892216738313,0.7207558955997229,-0.03893308145052288,0.00830078125,0.0008818443602649495,6.216077828981054e-05
3514368,-7.472334254998714e-05,0.43364921025931835,-0.026049986947327852,0.00439453125,0.0007077105110511184,6.213517665130569e-05
3515392,-0.00062837332370691,0.14398006931878626,-0.02577278221724555,0.00244140625,0.0003582149220164865,6.210957501280081e-05
3516416,-0.0007542745443060994,0.062415486259851605,-0.02287244524632115,0.01123046875,0.00210930933826603,6.208397337429595e-05
3517440,-0.0005006245555705391,0.0572130928048864,-0.028199137945193797,0.00927734375,0.0033180204045493156,6.20583717357911e-05
3518464,-0.0007493240409530699,0.3951160372234881,-0.033655304490821436,0.00537109375,0.0008638651779619977,6.203277009728622e-05
3519488,-0.0016898948524612933,0.05990265356376767,-0.022829198132967576,0.00732421875,0.0024355148780159652,6.200716845878137e-05
3520512,0.0007304578030016273,0.10818031500093639,-0.02401120960712433,0.00732421875,0.0019206312572350726,6.198156682027648e-05
3521536,-0.002599004830699414,0.3710282682441175,-0.033215798874152824,0.0068359375,0.0005534190422622487,6.195596518177162e-05
3522560,-0.0014607263583457097,0.0849896366125904,-0.023917540296679363,0.013671875,0.0038316131103783846,6.193036354326676e-05
3523584,-0.0022160499647725374,0.26310577243566513,-0.03774430125486106,0.005859375,0.0012333732593106106,6.190476190476189e-05
3524608,-0.00024385337019339204,0.059936538455076516,-0.025153489150397945,0.00732421875,0.0005891403998248279,6.187916026625703e-05
3525632,-0.0013302570951054804,0.522090696496889,-0.029019289402640425,0.0087890625,0.0016117450722958893,6.185355862775218e-05
3526656,-0.0014757476019440219,0.42352845740970224,-0.021772475134639535,0.0087890625,0.0008824376127449796,6.18279569892473e-05
3527680,-0.0020659377914853394,0.7780446733813733,-0.05638923804508522,0.01416015625,0.00281263368378859,6.180235535074245e-05
3528704,-0.0012120952305849642,0.3504426332656294,-0.02822843479225412,0.01416015625,0.0017687549407128245,6.177675371223759e-05
3529728,0.0008456127397948876,0.3889939372893423,-0.03518820093086106,0.0087890625,0.00199464030447416,6.175115207373272e-05
3530752,-0.0002993029193021357,0.7199312911834568,-0.03703399052028544,0.01171875,0.00197785857017152,6.172555043522786e-05
3531776,-0.0006523988849949092,0.09081837709527463,-0.025972082104999572,0.00341796875,0.0007617893134010956,6.1699948796723e-05
3532800,-0.0015875475874054246,0.329633088898845,-0.026633390472852625,0.005859375,0.0033166325592901558,6.167434715821811e-05
3533824,-0.0005611783562926576,0.3190768862841651,-0.029434825788484886,0.00439453125,0.0003680096851894632,6.164874551971325e-05
3534848,-0.000548630254343152,0.7119964389130473,-0.04394751753716264,0.00537109375,0.0012486934574553743,6.162314388120838e-05
3535872,-0.0006824297743150964,1.1771912151016295,-0.057918088568840176,0.00634765625,0.0007359843875747174,6.159754224270352e-05
3536896,-0.00028337142430245876,0.0998493058141321,-0.01952215474739205,0.00341796875,0.0015654865856049582,6.157194060419867e-05
3537920,-0.001589119594427757,0.5180931759532541,-0.03503580299729947,0.00439453125,0.0005167513299966231,6.15463389656938e-05
3538944,-0.001181676343549043,0.08205049694515765,-0.02571951554273255,0.00439453125,0.0008048409217735752,6.152073732718894e-05
3539968,-0.0005661645554937422,0.04553997557377443,-0.021470713836606592,0.0068359375,0.0010862730123335496,6.149513568868408e-05
3540992,-0.0012942801404278725,0.09332759992685169,-0.019786809380093473,0.01025390625,0.0011370699503459036,6.14695340501792e-05
3542016,-0.0011346878891345114,0.3699928493006155,-0.02837989799445495,0.00390625,0.00044042376975994557,6.144393241167435e-05
3543040,-0.0014808109299337957,0.3694561653537676,-0.033156087978568394,0.00830078125,0.001173594719148241,6.141833077316949e-05
3544064,-0.0009517633297946304,0.2892057632561773,-0.03980103324283846,0.00390625,0.00040815744432620704,6.139272913466462e-05
3545088,-0.0012892600207123905,0.32652426906861365,-0.040523065224988386,0.0166015625,0.002411192806903273,6.136712749615976e-05
3546112,-0.0029306440956133883,0.4637232853565365,-0.03985536328400485,0.02197265625,0.007464572932804003,6.134152585765487e-05
3547136,-0.000979634489340242,0.5759288691915572,-0.029744395200395957,0.0068359375,0.0008713232382433489,6.131592421915001e-05
3548160,-0.0009770596225280315,0.08914037642534822,-0.01761870271730004,0.00732421875,0.0038254559185588732,6.129032258064516e-05
3549184,-0.0024798715458018705,0.6680236451793462,-0.03958604875515448,0.0048828125,0.000532486432348378,6.126472094214028e-05
3550208,-0.0014835416950518265,0.11246308288536966,-0.024351031671358214,0.00439453125,0.00048451470502186567,6.123911930363543e-05
3551232,0.0052740917599294335,0.0532536671962589,-0.018676744721233263,0.01123046875,0.0034252172627020627,6.121351766513057e-05
3552256,-0.0008774183661444113,0.39753766474314034,-0.028261791303521022,0.0029296875,0.0004382737388368696,6.11879160266257e-05
3553280,-0.0015676574257668108,0.5355526166968048,-0.03427671304962132,0.00390625,0.0005824979452881962,6.116231438812084e-05
3554304,-0.000961122234002687,0.4878694317303598,-0.030032478469365742,0.013671875,0.001259780940017663,6.113671274961598e-05
3555328,-0.0006407016480807215,0.10229871061164886,-0.01881918490107637,0.0078125,0.0018124686903320253,6.111111111111111e-05
3556352,-0.001727797687635757,0.09848264348693192,-0.024818980949930847,0.00732421875,0.0026768779498524964,6.108550947260625e-05
3557376,-0.00044195765076437965,0.4332976744044572,-0.028438031309633516,0.00634765625,0.002736621056101285,6.105990783410139e-05
3558400,-0.002129016807884909,0.754236719571054,-0.04924102046061307,0.0048828125,0.0009069590305443853,6.1034306195596505e-05
3559424,4.453954170458019e-05,0.6926940106786788,-0.03645900121773593,0.0048828125,0.00044569089368451387,6.100870455709164e-05
3560448,-0.0031899458990665153,0.3959236063528806,-0.039874517780845053,0.0087890625,0.0008412763854721561,6.098310291858678e-05
3561472,-0.0004132284811930731,0.08192734001204371,-0.028334992362943012,0.00390625,0.0013896039599785581,6.0957501280081917e-05
3562496,-0.0009570508300384972,0.3655067894142121,-0.035939267807407305,0.00634765625,0.0007612925837747753,6.093189964157705e-05
3563520,-0.0010026632662629709,0.3536931951530278,-0.036766238044947386,0.005859375,0.00047516479389742017,6.090629800307219e-05
3564544,-0.0008814499451545998,0.3361329467734322,-0.0333698952163104,0.00390625,0.0004442018980626017,6.088069636456733e-05
3565568,-0.000898082391358912,0.0504569677868858,-0.02389943412526918,0.00830078125,0.0009718491492094472,6.085509472606246e-05
3566592,-0.0004391833790577948,0.10889429366216063,-0.023772923668730073,0.00537109375,0.0013988283753860742,6.0829493087557604e-05
3567616,-0.0016913334620767273,0.6546844260301441,-0.03379806032171473,0.01171875,0.0020435558690223843,6.080389144905274e-05
3568640,-0.0007787998911226168,0.3192458925768733,-0.03292593633523211,0.005859375,0.0017859205254353583,6.0778289810547874e-05
3569664,-0.0013271980424178764,0.07784680719487369,-0.02210258020204492,0.0068359375,0.002131670175003819,6.0752688172043016e-05
3570688,-0.0008797025220701471,0.048563527408987284,-0.023203614153317176,0.00244140625,0.00020290486281737685,6.072708653353813e-05
3571712,-0.0018037002009805292,0.704667673446238,-0.03677820702068857,0.013671875,0.001706579263554886,6.070148489503327e-05
3572736,-0.0021189509861869738,0.048602954542730004,-0.023546967902802862,0.0126953125,0.004184553923550993,6.067588325652841e-05
3573760,-0.0013399880699580535,0.4453919699881226,-0.03579671125044115,0.0078125,0.0006320171960396692,6.065028161802354e-05
3574784,-0.003654295433079824,1.0604257974773645,-0.04713615731452592,0.01806640625,0.0018118624720955268,6.0624679979518683e-05
3575808,-0.0008261282637249678,0.49713170202448964,-0.027119072983623482,0.00732421875,0.0011946852318942547,6.059907834101382e-05
3576832,-0.00018790067406371236,0.321507440879941,-0.030999251583125442,0.00439453125,0.0004243322473485023,6.057347670250895e-05
3577856,5.978799890726805e-07,0.05756180448224768,-0.02321297947128187,0.01171875,0.0018110919627361,6.0547875064004095e-05
3578880,-0.0005339054041542113,0.05995104415342212,-0.020210394468449522,0.00732421875,0.000846783586894162,6.052227342549923e-05
3579904,-0.0009939363080775365,0.12273660267237574,-0.02597759280251921,0.0068359375,0.003993329853983596,6.0496671786994365e-05
3580928,-0.0006563679562532343,0.588752880692482,-0.03715645949705504,0.00341796875,0.00031986609974410385,6.0471070148489506e-05
3581952,-0.002616992002003826,0.03420542919775471,-0.028942329401616007,0.01611328125,0.0077992723090574145,6.044546850998464e-05
3582976,-0.0003697046486195177,0.07051479432266206,-0.022528343352860247,0.0048828125,0.0007020857301540673,6.0419866871479776e-05
3584000,-0.0014160380378598347,0.04560107481665909,-0.023170338157797232,0.0078125,0.00100671463587787,6.03942652329749e-05
3585024,-0.000661297410260886,0.029780376644339412,-0.021889219446165953,0.00634765625,0.0006490823143394664,6.036866359447003e-05
3586048,-0.000676377778290771,0.1303897809702903,-0.0315162570332177,0.00390625,0.001047823010594584,6.0343061955965174e-05
3587072,-0.0030600545869674534,0.19136500463355333,-0.029123929503839463,0.0068359375,0.0009150673868134618,6.031746031746031e-05
3588096,-7.849643588997424e-05,0.046624803508166224,-0.02109190510964254,0.00390625,0.0011539263650774956,6.0291858678955444e-05
3589120,-0.0007674456501263194,0.07375966431573033,-0.02785817422409309,0.00732421875,0.0011951160995522514,6.0266257040450585e-05
3590144,-0.0045692492567468435,0.7119574723765254,-0.0417709139874205,0.0146484375,0.0016690797492628917,6.024065540194572e-05
3591168,-0.001319056362262927,0.18012673663906753,-0.027689379487128463,0.00927734375,0.0025128888519247994,6.0215053763440855e-05
3592192,-0.0015758902591187507,0.045180476910900325,-0.02497318180394359,0.00830078125,0.0028582291706698015,6.0189452124936e-05
3593216,-0.0004266696851118468,0.33115027169696987,-0.030299276077130344,0.0078125,0.0015737713692942634,6.016385048643113e-05
3594240,-0.000710788335709367,0.4057830348610878,-0.0327312852605246,0.00634765625,0.0014769721601624042,6.0138248847926266e-05
3595264,-0.0014986622336436994,0.2790787823032588,-0.03155071893706918,0.00341796875,0.0005395282933022827,6.011264720942141e-05
3596288,-0.0005344430101104081,0.11371502513065934,-0.02660773362731561,0.0087890625,0.00573240069206804,6.008704557091652e-05
3597312,-0.001564213031088002,0.04126231838017702,-0.023543270228401525,0.00732421875,0.0032130459876498207,6.0061443932411664e-05
3598336,-0.0011906836880370975,0.07434169121552259,-0.02096583871752955,0.0107421875,0.0022829131630714983,6.00358422939068e-05
3599360,-0.0007726701005594805,0.14464348170440644,-0.026709318448411068,0.00732421875,0.0015283727698260918,6.0010240655401934e-05
3600384,-0.0015177997556747869,0.17613486689515412,-0.023655233555473387,0.01318359375,0.0018886934267356992,5.9984639016897076e-05
3601408,-0.003171075280988589,0.3840118898078799,-0.0347631919576088,0.01513671875,0.001518293604021892,5.995903737839221e-05
3602432,-0.0004912121657980606,0.09864343691151589,-0.02081880312107387,0.0029296875,0.00020454080367926508,5.9933435739887345e-05
3603456,-0.0005023106205044314,0.07705881865695119,-0.023545560296042822,0.0068359375,0.001968916752957739,5.990783410138249e-05
3604480,-0.0011259991442784667,0.045434320461936295,-0.027589912293478847,0.009765625,0.0030377968214452267,5.988223246287762e-05
3605504,-0.0013787435018457472,0.09218539937864989,-0.021277908963384107,0.00927734375,0.001320343799307011,5.985663082437276e-05
3606528,-0.001556283954414539,0.12311389786191285,-0.021719918062444776,0.0048828125,0.0028214322810526937,5.98310291858679e-05
3607552,-0.0005496277517522685,0.04311761079588905,-0.021606149670333252,0.00146484375,0.0001624727010494098,5.980542754736303e-05
3608576,-0.001099160457670223,0.04070865397807211,-0.01966135729890084,0.01025390625,0.0009343456185888499,5.977982590885817e-05
3609600,-0.00029012364393565804,0.05385283869691193,-0.020732599368784577,0.0029296875,0.00015565112698823214,5.975422427035329e-05
3610624,-0.002123066267813556,0.39572023833170533,-0.03024509781243978,0.00830078125,0.0009841531864367425,5.9728622631848424e-05
3611648,-0.0013629084714921191,0.6634076030459255,-0.03513510066841263,0.00341796875,0.0002524690789869055,5.9703020993343566e-05
3612672,0.0003326727310195565,0.0664091375656426,-0.02578903519315645,0.00830078125,0.002082013088511303,5.96774193548387e-05
3613696,-0.00047076487680897117,0.03620675194542855,-0.020907988761791785,0.00390625,0.00033991626696661115,5.9651817716333836e-05
3614720,0.0011275451252004132,0.829507595859468,-0.05034830751901609,0.0107421875,0.001194395197671838,5.962621607782898e-05
3615744,-0.0012442555744200945,0.11852306826040149,-0.02268867137900088,0.00634765625,0.002492455649189651,5.960061443932411e-05
3616768,-0.0016426729562226683,0.42077865917235613,-0.02802032179897651,0.01123046875,0.0007323862228076905,5.957501280081925e-05
3617792,-0.0013602084218291566,0.40437718597240746,-0.03200349703183747,0.0078125,0.0014188109198585153,5.954941116231439e-05
3618816,-0.0004307795752538368,0.10613385564647615,-0.025171491999572027,0.0048828125,0.0010712578514358029,5.9523809523809524e-05
3619840,0.0006696169948554598,0.5111583661055192,-0.02782245283742668,0.00537109375,0.0013413011038210243,5.949820788530466e-05
3620864,-0.0005449915333883837,0.3353312376420945,-0.03865454625338316,0.00341796875,0.0012301710376050323,5.94726062467998e-05
3621888,-0.0018382783164270222,0.4088073057355359,-0.031421857958775945,0.01025390625,0.0010324269242119044,5.9447004608294915e-05
3622912,-0.0011809885763796046,0.046516893431544304,-0.023697572512901388,0.0087890625,0.0024076424597296864,5.9421402969790056e-05
3623936,-0.0014676778664579615,0.09255564922932535,-0.018446522623889905,0.00732421875,0.0022234159405343235,5.939580133128519e-05
3624960,-0.00021863001165911555,0.09419791947584599,-0.027176324212632608,0.00732421875,0.001275149144930765,5.9370199692780326e-05
3625984,0.007351966545684263,1.5191700095310807,-0.054457544174510986,0.0380859375,0.009707298304419965,5.934459805427547e-05
3627008,-0.00029214225651230663,0.09654812689404935,-0.024663906937348656,0.00732421875,0.0019177783688064665,5.93189964157706e-05
3628032,0.0002587207709439099,0.06540695391595364,-0.022261889040237293,0.0048828125,0.0004563014372251928,5.929339477726574e-05
3629056,-0.001012710010400042,0.07551539153791964,-0.02047747169945069,0.00732421875,0.002360214333748445,5.926779313876088e-05
3630080,-0.0005962299183011055,0.04837452480569482,-0.026048902906040894,0.0068359375,0.0006679760408587754,5.9242191500256014e-05
3631104,-0.0010303992021363229,0.40021462133154273,-0.032875617282115854,0.00341796875,0.0002933213545475155,5.921658986175115e-05
3632128,-0.0008720951300347224,0.42208413407206535,-0.027211269713006914,0.0078125,0.0007082443626131862,5.919098822324629e-05
3633152,-0.0018251758883707225,0.08292184898164123,-0.025986856504459865,0.0087890625,0.0016173654585145414,5.9165386584741426e-05
3634176,-0.0005747453251387924,0.041345886362250894,-0.018367388380283955,0.0029296875,0.0005581153382081538,5.913978494623655e-05
3635200,-0.0009110256214626133,0.390220298897475,-0.02972177379706409,0.00537109375,0.0009716956265037879,5.911418330773168e-05
3636224,-0.002013447432545945,0.11566315812524408,-0.02909641024598386,0.01806640625,0.003430115946684964,5.908858166922682e-05
3637248,-0.0003957592125516385,0.08486151578836143,-0.017894328528200276,0.00244140625,0.0006400495331035927,5.906298003072196e-05
3638272,-0.001080905261915177,0.03537922241957858,-0.025279357076215092,0.01025390625,0.0035695712867891416,5.903737839221709e-05
3639296,-0.001559454103698954,0.10120443033520132,-0.029471051020664163,0.01220703125,0.0029332753765629604,5.901177675371223e-05
3640320,3.985974763054401e-05,0.06273063679691404,-0.028328163141850382,0.0068359375,0.000826708972454071,5.898617511520737e-05
3641344,-0.001297620328841731,0.9468303355388343,-0.042938215119647793,0.009765625,0.0008884816343197599,5.8960573476702505e-05
3642368,-0.0007519307837355882,0.04180196928791702,-0.023460155107386527,0.00830078125,0.0010263098229188472,5.893497183819764e-05
3643392,-0.0012746201973641291,0.0904135379823856,-0.023721391276922077,0.0029296875,0.0014806325343670323,5.890937019969278e-05
3644416,-0.0005581120640272275,0.378787100315094,-0.028960513722267933,0.0078125,0.0005809841240989044,5.8883768561187916e-05
3645440,-0.00035530392779037356,0.09890596615150571,-0.022981702626566403,0.00732421875,0.0016065629752120003,5.885816692268305e-05
3646464,-0.0010647477756720036,0.0625507946824655,-0.02610453292436432,0.00927734375,0.004096351214684546,5.883256528417819e-05
3647488,-0.0010390947427367792,0.0734351163264364,-0.02679779869504273,0.00732421875,0.0012529187079053372,5.8806963645673314e-05
3648512,-0.0012452926457626745,0.08355745323933661,-0.026109774054930313,0.01123046875,0.009035595794557594,5.878136200716845e-05
3649536,-0.0031784183520358056,1.0806875978596509,-0.04931388801924186,0.01953125,0.0022307923645712435,5.8755760368663584e-05
3650560,-0.0006780032126698643,0.06314673705492169,-0.025076878519030288,0.00830078125,0.0010889633122133091,5.873015873015872e-05
3651584,-0.0004560874658636749,0.40981977665796876,-0.024233843010733835,0.00537109375,0.0006485514168161899,5.870455709165386e-05
3652608,1.7938175005838275e-05,0.06722110800910741,-0.021910019488132093,0.00390625,0.0027000221743946895,5.8678955453148995e-05
3653632,-0.00039624597411602736,0.0906475466908887,-0.02378920901173842,0.009765625,0.002916269324487075,5.865335381464413e-05
3654656,-0.002023558408836834,0.7357179543469101,-0.03418826407141751,0.01220703125,0.0009866744076134637,5.862775217613927e-05
3655680,-0.0047250346397049725,0.7267883964814246,-0.03747735038632527,0.01025390625,0.002620405124616809,5.8602150537634406e-05
3656704,-0.000313710916088894,0.15939950780011714,-0.021505861295736395,0.00146484375,0.00024109994410537183,5.857654889912954e-05
3657728,-0.0008637141872895882,0.3871050614397973,-0.029828979648300447,0.0068359375,0.0008468144369544461,5.855094726062468e-05
3658752,-0.0007615497888764367,0.04608349991030991,-0.01660621424434794,0.0029296875,0.0001705911272438243,5.852534562211982e-05
3659776,-0.0025995265459641814,0.0690133156022057,-0.021688210417778464,0.013671875,0.0018255811155540869,5.849974398361494e-05
3660800,-0.0014161167782731354,0.12259685900062323,-0.026049589378089877,0.0048828125,0.0013960617507109419,5.8474142345110074e-05
3661824,-0.00032511469908058643,0.06476603518240154,-0.02096964613883756,0.0087890625,0.0014811296568950638,5.8448540706605216e-05
3662848,-0.0004667215689551085,0.05849704606225714,-0.023196701549750287,0.00439453125,0.0010746476909844205,5.842293906810035e-05
3663872,-0.00040722508856561035,0.6846614242531359,-0.040459360723616555,0.0029296875,0.0002537047548685223,5.8397337429595485e-05
3664896,-0.0005681323673343286,0.8082455224357545,-0.04380027897423133,0.00244140625,0.00023378855257760733,5.837173579109062e-05
3665920,-0.0007027011961326934,0.06757546705193818,-0.01974580508249346,0.00390625,0.001985797454835847,5.834613415258576e-05
3666944,-0.00021267026022542268,0.048480463679879904,-0.02508482272969559,0.0087890625,0.0011609943903749809,5.83205325140809e-05
3667968,-0.0016597334324615076,0.30506948684342206,-0.026481193940526282,0.0048828125,0.0006999247270869091,5.829493087557603e-05
3668992,-0.00044736111885868013,0.05103697662707418,-0.020160161886451533,0.00537109375,0.0005006548599340022,5.826932923707117e-05
3670016,-0.0010818901064340025,0.05571988329757005,-0.022265508449891058,0.00634765625,0.0011953225475735962,5.824372759856631e-05
3671040,-0.0007072517328197137,0.4655794926220551,-0.030323120154207572,0.0078125,0.000519255583640188,5.821812596006144e-05
3672064,-0.002580770567874424,0.3940641426015645,-0.03833077277522534,0.013671875,0.0015371641056844965,5.8192524321556585e-05
3673088,-0.0021615137957269326,0.41585649247281253,-0.03127373533061473,0.0068359375,0.0007817300211172551,5.8166922683051706e-05
3674112,-0.0008626283743069507,0.0556014787289314,-0.024642493488499895,0.00634765625,0.0010434258147142828,5.814132104454684e-05
3675136,-0.0001892029686132446,0.07104434334905818,-0.02143287372746272,0.00732421875,0.0030073549278313294,5.8115719406041976e-05
3676160,0.00028926557570230216,0.0911704747704789,-0.0282927571242908,0.005859375,0.0006897126731928438,5.809011776753712e-05
3677184,-0.0010562609240878373,0.3793586897663772,-0.03122999778315716,0.00341796875,0.00039882760029286146,5.806451612903225e-05
3678208,-0.0018497630080673844,0.3229462851304561,-0.032979455369058996,0.009765625,0.0027846960438182577,5.803891449052739e-05
3679232,-0.0006614112644456327,0.4174217664403841,-0.0265255824488122,0.00439453125,0.0002945249871117994,5.801331285202252e-05
3680256,-0.0008129093039315194,0.07676389592234045,-0.0234977981162956,0.005859375,0.0022170823940541595,5.7987711213517664e-05
3681280,-0.00020517042139545083,0.07241275196429342,-0.022702981346810702,0.00146484375,0.0003104529750999063,5.79621095750128e-05
3682304,0.0002384996332693845,0.36190435383468866,-0.029396448881016113,0.00341796875,0.0009318638331023976,5.7936507936507933e-05
3683328,-0.0009379058901686221,0.08607433375436813,-0.018914997817773838,0.00537109375,0.0014082294219406322,5.7910906298003075e-05
3684352,-0.0013556591075030155,0.440477573312819,-0.027202877896343125,0.005859375,0.0007057435286697,5.788530465949821e-05
3685376,-0.003618945775087923,0.7464297418482602,-0.03177746231085621,0.01513671875,0.0011813097371486947,5.785970302099333e-05
3686400,-0.002425714337732643,0.07226495386566967,-0.017954503473447403,0.00830078125,0.002937774363090284,5.7834101382488466e-05
3687424,-0.0011820780055131763,0.06011033680988476,-0.018105856033798773,0.0078125,0.0027590960380621254,5.780849974398361e-05
3688448,-0.0010360889427829534,0.11766826477833092,-0.027886860858416185,0.01318359375,0.0017632822273299098,5.778289810547874e-05
3689472,-0.002268783238832839,0.37468757160240784,-0.027018642380426172,0.01220703125,0.002139344112947583,5.775729646697388e-05
3690496,-0.0007354632543865591,0.047349916538223624,-0.022340922078001313,0.005859375,0.0006353044591378421,5.773169482846902e-05
3691520,-0.0003942821058444679,0.38949656509794295,-0.022318646850180812,0.00537109375,0.002085430358420126,5.7706093189964154e-05
3692544,-0.0026497069920878857,0.5590616194531322,-0.03606326427689055,0.01220703125,0.001856303701060824,5.768049155145929e-05
3693568,-0.00045906285231467336,0.07761377119459212,-0.017287747134105302,0.001953125,0.0010351968376198784,5.765488991295443e-05
3694592,-0.0015329481393564492,0.07220604456961155,-0.021005788945331005,0.01123046875,0.00418544647982344,5.7629288274449566e-05
3695616,-0.002428936059004627,0.8594400058500469,-0.039954206833499484,0.0126953125,0.0018400989938527346,5.76036866359447e-05
3696640,-0.0008621581218903884,0.05568795249564573,-0.021142435411093174,0.00634765625,0.0005127012846060097,5.7578084997439835e-05
3697664,-0.0009254972392227501,0.09701752639375627,-0.026041901863209205,0.01025390625,0.0017122661374742165,5.7552483358934957e-05
3698688,-0.0008361824875464663,0.06574941892176867,-0.02660034695873037,0.00439453125,0.0004760902374982834,5.75268817204301e-05
3699712,-0.0009471173252677545,0.057334800891112536,-0.024306174236699007,0.00537109375,0.001017543429043144,5.750128008192523e-05
3700736,-0.0006178570838528685,0.05786356597673148,-0.02222756593255326,0.00634765625,0.0019774133252212778,5.747567844342037e-05
3701760,-0.00045198286534287035,0.028122019371949136,-0.023298394969970104,0.005859375,0.0009333168854936957,5.745007680491551e-05
3702784,-0.0007863060018280521,0.1343592049088329,-0.02665744035039097,0.00537109375,0.000541003217222169,5.7424475166410645e-05
3703808,-0.0010199142598139588,0.1212282192427665,-0.022690120418701554,0.00732421875,0.00325708877062425,5.739887352790578e-05
3704832,-0.002074604737572372,0.41657836141530424,-0.029705119450227357,0.00830078125,0.0042749425774673,5.737327188940092e-05
3705856,-0.00016849572421051562,0.05873164546210319,-0.02679058063949924,0.005859375,0.0027199523174203932,5.7347670250896056e-05
3706880,-0.0006429007044062018,0.06473926303442568,-0.027235885052505182,0.00439453125,0.0005101846618345007,5.732206861239119e-05
3707904,-0.0003869906213367358,0.09512531291693449,-0.023166158141975757,0.0048828125,0.0007369988161372021,5.729646697388633e-05
3708928,-0.0019358174977242015,0.4097847531083971,-0.03261249070055783,0.00390625,0.00031237346411217004,5.727086533538147e-05
3709952,-0.0010501161887077615,0.050651011464651674,-0.022750723706849385,0.0078125,0.0012504672922659665,5.72452636968766e-05
3710976,-0.0009429414494661614,0.043056923954281956,-0.02364621429296676,0.0048828125,0.0004438083269633353,5.7219662058371724e-05
3712000,-0.00016128347488120198,0.05020449525909498,-0.022404728733818047,0.001953125,0.00022459527826867998,5.719406041986686e-05
3713024,-0.0003918554284609854,0.07436109764967114,-0.02347019394801464,0.00537109375,0.0014860883529763669,5.7168458781362e-05
3714048,-0.0016052254650276154,0.06162825011415407,-0.028005514803226106,0.01171875,0.002803986018989235,5.7142857142857135e-05
3715072,-0.00030708459235029295,0.4067940474487841,-0.030062803085456835,0.00732421875,0.0013250995543785393,5.711725550435227e-05
3716096,-0.00012486310151871294,0.4052115152589977,-0.036665608058683574,0.00390625,0.00023319573665503412,5.709165386584741e-05
3717120,1.7975515220314264e-05,0.04160470643546432,-0.018690194385271752,0.00439453125,0.00129904922505375,5.7066052227342546e-05
3718144,0.0024776363134151325,0.9687456805258989,-0.04677385633112863,0.00634765625,0.0008532534848200157,5.704045058883768e-05
3719168,-0.0013387373182922602,0.06614695582538843,-0.02385350128315622,0.00830078125,0.0016389803058700636,5.701484895033282e-05
3720192,-0.0027106140478281304,0.3528319839388132,-0.036667679669335485,0.01025390625,0.0006414556701201946,5.698924731182796e-05
3721216,-0.0007989469158928841,0.04868887201882899,-0.02587158621463459,0.0048828125,0.00041450401477050036,5.696364567332309e-05
3722240,-6.93095353199169e-05,0.09215541428420693,-0.022557017480721697,0.00634765625,0.001420337604940869,5.6938044034818234e-05
3723264,-6.12251169513911e-05,0.041186901449691504,-0.01937360532247112,0.005859375,0.00345486773585435,5.691244239631335e-05
3724288,-0.0009020970901474357,0.6289009787142277,-0.035807698499411345,0.00439453125,0.0008020009263418615,5.688684075780849e-05
3725312,-0.00047492045268882066,0.11244482558686286,-0.02531426304631168,0.009765625,0.0015671424916945398,5.6861239119303625e-05
3726336,-0.0006431974325096235,0.41384103102609515,-0.028304839157499373,0.00439453125,0.0007938912895042449,5.683563748079876e-05
3727360,-0.0009526305584586225,0.5586094174068421,-0.03396937411162071,0.00537109375,0.0005337044567568228,5.68100358422939e-05
3728384,-0.0012303753901505843,0.11737899167928845,-0.02656064962502569,0.0087890625,0.0023397606564685702,5.678443420378904e-05
3729408,-0.0006058890430722386,0.08754078147467226,-0.02742214812678867,0.005859375,0.000971392699284479,5.675883256528417e-05
3730432,-0.0010897267202381045,0.07388140901457518,-0.026716766325989738,0.0078125,0.0018291344604222104,5.673323092677931e-05
3731456,-0.00043465780618134886,0.07066771865356714,-0.023294054153666366,0.00634765625,0.0010851448314497247,5.670762928827445e-05
3732480,-0.001024681216222234,0.08300600841175765,-0.02446858688199427,0.00537109375,0.0008993230003397912,5.668202764976958e-05
3733504,-0.0017689158412395045,0.5278822490945458,-0.047059830103535205,0.00537109375,0.0005075670633232221,5.6656426011264725e-05
3734528,-0.0020960711262887344,0.40847561589907855,-0.0353533881061594,0.0107421875,0.0010651641059666872,5.663082437275986e-05
3735552,-0.00040278193773701787,0.1269144732505083,-0.029331194287806284,0.01171875,0.0019997080671600997,5.660522273425498e-05
3736576,-0.00035968176962342113,0.03515289520146325,-0.018468032621967723,0.0029296875,0.0004850514087593183,5.6579621095750116e-05
3737600,-0.002531020116293803,0.8199200285598636,-0.048491703637409955,0.015625,0.0015882835577940568,5.655401945724525e-05
3738624,-0.0012012684455839917,0.06759591412264854,-0.023328473202127498,0.00537109375,0.003879113690345548,5.652841781874039e-05
3739648,-0.0007134915795177221,0.058753764955326915,-0.024877423376892693,0.0078125,0.0009624549129512161,5.650281618023553e-05
3740672,-0.0008656009595142677,1.2598191928118467,-0.04678022096049972,0.01171875,0.0008533942745998502,5.647721454173066e-05
3741696,-0.001464672532165423,0.10622518765740097,-0.02052037083558389,0.0068359375,0.0022666991862934083,5.6451612903225804e-05
3742720,-0.0024096556880977005,0.3872613147832453,-0.025367886686581187,0.00830078125,0.0007508130656788126,5.642601126472094e-05
3743744,-0.0011752905702451244,0.2747617381392047,-0.0222964530257741,0.00537109375,0.0004169648891547695,5.6400409626216073e-05
3744768,-0.00039102799200918525,0.07882974273525178,-0.024286969241074985,0.00390625,0.0007192124758148566,5.6374807987711215e-05
3745792,-0.0017239514854736626,0.6985979885794222,-0.030530868156347424,0.00634765625,0.00044468788837548345,5.634920634920635e-05
3746816,-0.000961285360972397,0.0790156137663871,-0.024609272368252277,0.00732421875,0.0016701886779628694,5.6323604710701485e-05
3747840,3.4777738619595766e-05,0.09486810234375298,-0.01784742441122944,0.005859375,0.0010908655676757917,5.6298003072196626e-05
3748864,-0.0005550714849960059,0.3867280662525445,-0.023637607251657755,0.001953125,0.000666535139316693,5.627240143369174e-05
3749888,-0.00037832686211913824,0.03975252533564344,-0.02120908887445694,0.00439453125,0.0004928556300001219,5.624679979518688e-05
3750912,-0.0009302619000663981,0.08269168389961123,-0.02610117685981095,0.01025390625,0.0011241973261348903,5.622119815668202e-05
3751936,-0.001169439492514357,0.06311369850300252,-0.025238823975087143,0.00927734375,0.001660799069213681,5.619559651817715e-05
3752960,-0.0014751618873560801,0.9138043788261712,-0.04192105744004948,0.00634765625,0.0005726983945351094,5.6169994879672294e-05
3753984,-0.00019779964350163937,1.0696601253002882,-0.043517326208529994,0.00732421875,0.0008173983806045726,5.614439324116743e-05
3755008,-0.0005763847875641659,0.08256917865946889,-0.02547194727230817,0.00830078125,0.0034527415118645877,5.6118791602662564e-05
3756032,-0.0006245897093322128,0.09673508093692362,-0.03195085749030113,0.001953125,0.0005438625084934756,5.6093189964157706e-05
3757056,-0.0015460183494724333,0.6955566597171128,-0.04156911154859699,0.00927734375,0.0008303531212732196,5.606758832565284e-05
3758080,-0.0003266551357228309,0.7503094689454883,-0.039997921925532864,0.00390625,0.0005461739929160103,5.6041986687147975e-05
3759104,-0.001003551653411705,0.4451761853415519,-0.03298702021129429,0.005859375,0.0038222846487769857,5.601638504864312e-05
3760128,-0.0030045677995076403,0.6445068628527224,-0.04575386896613054,0.00927734375,0.0013743588206125423,5.599078341013825e-05
3761152,-0.0007000112964306027,0.06321434245910496,-0.02176931236317614,0.0068359375,0.000744497636333108,5.596518177163337e-05
3762176,-0.0013992898893775418,0.1214741786243394,-0.02453161182347685,0.00634765625,0.0006294120976235718,5.593958013312851e-05
3763200,0.0013211185578256845,0.07811549759935588,-0.021338061501410266,0.0068359375,0.0017744191136443987,5.591397849462364e-05
3764224,-0.00040124269435182214,0.04637828603154048,-0.01947468239814043,0.0029296875,0.0002500599075574428,5.5888376856118785e-05
3765248,-0.0007402892370009795,0.06653980305418372,-0.02371423521253746,0.00439453125,0.001183202548418194,5.586277521761392e-05
3766272,-0.0009310650493716821,0.057217632012907416,-0.026813556658453308,0.01220703125,0.0021310711308615282,5.5837173579109054e-05
3767296,-0.0011529493640409783,0.10719545709434897,-0.02619055282411864,0.00439453125,0.0010474402224645019,5.5811571940604196e-05
3768320,-0.0002340020437259227,0.35337760811671615,-0.02713724347995594,0.00341796875,0.0006605828675674275,5.578597030209933e-05
3769344,-0.0013632523914566264,0.03669114253716543,-0.023860527915530838,0.005859375,0.0010245320590911433,5.5760368663594466e-05
3770368,-0.001305093799601309,0.5596505554858595,-0.0330989058893465,0.00830078125,0.0010312100785085931,5.573476702508961e-05
3771392,-0.0009379051916766912,0.6401149774901569,-0.03354804846458137,0.0029296875,0.00040045988862402737,5.570916538658474e-05
3772416,-0.0004028586990898475,0.039498394005931914,-0.020136596034717513,0.00439453125,0.0009479658474447206,5.568356374807988e-05
3773440,-0.0007072738080751151,0.04671284859068692,-0.019529834426975867,0.00146484375,0.0008615180558990687,5.565796210957502e-05
3774464,-0.0008585264440625906,0.04112111387075856,-0.020584806879924145,0.00439453125,0.0006285251583904028,5.563236047107013e-05
3775488,-0.00240858482720796,0.31022177869454026,-0.03164575996925123,0.01171875,0.0024762035318417475,5.5606758832565275e-05
3776512,-0.0008406091801589355,0.4246706827543676,-0.029791799359372817,0.00634765625,0.0006672487215837464,5.558115719406041e-05
3777536,-0.001582225195306819,0.0891279197530821,-0.023208965649246238,0.01171875,0.001858268864452839,5.5555555555555545e-05
3778560,-0.002483702395693399,0.3659626218723133,-0.029320011992240325,0.01220703125,0.006039498635800555,5.5529953917050686e-05
3779584,-0.000838031541206874,0.3927071332000196,-0.030506688577588648,0.00390625,0.0005862223042640835,5.550435227854582e-05
3780608,-4.811731923837215e-05,0.06517185096163303,-0.019446859527306515,0.00927734375,0.0018200820486526936,5.5478750640040956e-05
3781632,-0.0001991385070141405,0.03300604980904609,-0.02306701542238443,0.00732421875,0.0004742624732898548,5.54531490015361e-05
3782656,-0.0019569434807635844,0.7099268811289221,-0.03714612024486996,0.0107421875,0.0008652153919683769,5.542754736303123e-05
3783680,-0.00240539459628053,1.1179140559397638,-0.06414036435307935,0.0126953125,0.0017366335523547605,5.540194572452637e-05
3784704,0.00877637010125909,0.36498954822309315,-0.03821070387493819,0.01123046875,0.002385461746598594,5.537634408602151e-05
3785728,-0.0017213124665431678,0.4738136667292565,-0.025772469969524536,0.0146484375,0.001580295807798393,5.5350742447516644e-05
3786752,-0.0012107820184610318,0.10280038823839277,-0.022850465422379784,0.0078125,0.002413428301224485,5.5325140809011765e-05
3787776,-0.0003533962881192565,0.3320782140363008,-0.03194822658406338,0.00439453125,0.00034949702967423946,5.52995391705069e-05
3788800,-0.0005189867224544287,0.5160209122113883,-0.03257961197232362,0.00439453125,0.000747972633689642,5.5273937532002035e-05
3789824,-0.0005959502304904163,0.4154078436549753,-0.02817932260222733,0.0029296875,0.0004951707378495485,5.524833589349718e-05
3790848,-7.160092354752123e-05,0.09500435995869339,-0.018868132639909163,0.00390625,0.0006115208670962602,5.522273425499231e-05
3791872,-0.0009309769375249743,0.3385968969669193,-0.03106055704120081,0.00732421875,0.0016843371413415298,5.5197132616487446e-05
3792896,-0.00025314568483736366,0.09241193800698966,-0.0200642479758244,0.00146484375,0.00017270042735617608,5.517153097798259e-05
3793920,4.0135011659003794e-05,0.05743173125665635,-0.025100934751208115,0.0068359375,0.0009269620932172984,5.514592933947772e-05
3794944,-0.0006843651717645116,0.037850580643862486,-0.02274095473694615,0.00439453125,0.000854174155392684,5.512032770097286e-05
3795968,-0.0013317686971276999,0.06160313042346388,-0.018565500122349476,0.005859375,0.0009020044526550919,5.5094726062468e-05
3796992,-0.001409606818924658,0.8929740600287914,-0.05319449002854526,0.0087890625,0.001112317040679045,5.5069124423963134e-05
3798016,-0.0003985515213571489,0.03263150458224118,-0.01717635180830257,0.001953125,0.0010397675214335322,5.504352278545827e-05
3799040,-0.0007048603001749143,0.051467880490235984,-0.020895544323138893,0.0078125,0.0005706377414753661,5.501792114695339e-05
3800064,-0.0011260303581366315,0.06363081245217472,-0.02154974608856719,0.0107421875,0.0010642997949616984,5.499231950844853e-05
3801088,0.0003194812161382288,0.4882624582387507,-0.02500090576359071,0.0029296875,0.00045378864160738885,5.496671786994367e-05
3802112,-0.0014280575705925003,0.04044185584643856,-0.021911036876190337,0.00634765625,0.0018731493619270623,5.49411162314388e-05
3803136,-0.0032780021138023585,0.7891330616548657,-0.04792002204339951,0.015625,0.0014547592436429113,5.491551459293394e-05
3804160,0.00034373620292171836,0.9938822882249951,-0.058261852769646794,0.01123046875,0.0009084600751521066,5.488991295442908e-05
3805184,-0.001149699921370484,0.1302173244766891,-0.028754339698934928,0.01220703125,0.0027946118352701887,5.4864311315924213e-05
3806208,-0.0015646477841073647,0.0749973215861246,-0.022826712462119758,0.01123046875,0.0038889066054252908,5.483870967741935e-05
3807232,-0.0008230696548707783,0.04968372720759362,-0.01845590149605414,0.00390625,0.0005411097517935559,5.481310803891449e-05
3808256,-8.298267493955791e-05,0.07540427707135677,-0.018750372730210074,0.00390625,0.0014453330804826692,5.4787506400409625e-05
3809280,-0.001918890469823964,0.37575540447141975,-0.02599036294122925,0.0029296875,0.00020586859318427742,5.476190476190476e-05
3810304,-0.0005655855493387207,0.46219098940491676,-0.03209310016154632,0.00537109375,0.0011744415969587862,5.47363031233999e-05
3811328,-0.002398131910013035,0.44093290460295975,-0.03232030190702062,0.005859375,0.0009515212441328913,5.4710701484895036e-05
3812352,-0.0003411669022170827,0.07812988816294819,-0.02117833588999929,0.00244140625,0.00034763764415401965,5.468509984639016e-05
3813376,-0.0005526129971258342,0.06815252045635134,-0.021230306032521185,0.0048828125,0.0006858547130832449,5.465949820788529e-05
3814400,-0.00014979355910327286,0.04614884010516107,-0.02248363583748869,0.001953125,0.00018696555343922228,5.4633896569380434e-05
3815424,-0.0010103067761519924,0.06936291581951082,-0.026656011024897452,0.009765625,0.0005592305096797645,5.460829493087557e-05
3816448,3.0621333280578256e-05,0.06008404621388763,-0.02355723883374594,0.00537109375,0.0031714959914097562,5.4582693292370704e-05
3817472,-0.0012927640200359747,0.49375866702757776,-0.03364781221898738,0.00830078125,0.0026193631783826277,5.455709165386584e-05
3818496,-0.001677919295616448,0.4466256706509739,-0.03131503681652248,0.00634765625,0.0007834997231839225,5.453149001536098e-05
3819520,-0.0005304182122927159,0.33889171411283314,-0.03573870682157576,0.001953125,0.000494818581501022,5.4505888376856115e-05
3820544,-0.00039021398697514087,0.07282810506876558,-0.025336485661682673,0.00634765625,0.0010082998487632722,5.448028673835125e-05
3821568,-0.00045177264837548137,0.07791543065104634,-0.02505528717301786,0.005859375,0.0011747174430638552,5.445468509984639e-05
3822592,-0.0003057840222027153,0.10873756418004632,-0.021705596438550856,0.0029296875,0.0003693034523166716,5.442908346134153e-05
3823616,-0.0008117590623442084,0.06402099167462438,-0.02336156250385102,0.01025390625,0.0028290362242842093,5.440348182283666e-05
3824640,-0.0015116357972146943,0.045955580892041326,-0.020702003501355648,0.005859375,0.0011115041852463037,5.437788018433178e-05
3825664,-0.0001400418404955417,0.09858075203374028,-0.024688640871318057,0.00537109375,0.000807578006060794,5.4352278545826924e-05
3826688,-0.0003400962013984099,0.0555237628868781,-0.02307732884219149,0.00390625,0.0004556835920084268,5.432667690732206e-05
3827712,-7.693321094848216e-05,0.41664975322782993,-0.036379593366291374,0.0078125,0.001016437279758975,5.4301075268817194e-05
3828736,-0.00045555557881016284,0.04763400909723714,-0.022463688099378487,0.00390625,0.0003554348077159375,5.4275473630312336e-05
3829760,-0.002575476231868379,1.2418623669072986,-0.06478270213119686,0.01220703125,0.0009316506329923868,5.424987199180747e-05
3830784,-0.0005593798996414989,0.05380037473514676,-0.01759125481294177,0.00341796875,0.0005198597500566393,5.4224270353302606e-05
3831808,-0.001186638037324883,0.03713457309640944,-0.02418616638169624,0.005859375,0.0006688769935863093,5.419866871479774e-05
3832832,-0.00033401671680621803,0.04512347449781373,-0.025483155135589186,0.00634765625,0.0014959280233597383,5.417306707629288e-05
3833856,-0.0005113450752105564,0.757270191796124,-0.03504524374147877,0.00439453125,0.0005512688221642748,5.414746543778802e-05
3834880,-0.00036002066917717457,0.3514773810748011,-0.03207019231922459,0.00927734375,0.0008128763583954424,5.412186379928315e-05
3835904,-0.0009449489007238299,0.08173367183189839,-0.02266410633455962,0.00341796875,0.00023734390561003238,5.4096262160778294e-05
3836928,-0.0017380740318913013,0.13841413706541061,-0.02455909928539768,0.00830078125,0.0024095379194477573,5.407066052227343e-05
3837952,-0.0015668651321902871,0.03845732897752896,-0.024458844198306906,0.01025390625,0.002669170033186674,5.404505888376855e-05
3838976,-0.001057300134561956,0.04110928368754685,-0.025720966683365987,0.0068359375,0.0019454083958407864,5.4019457245263685e-05
3840000,-0.002253038364870008,0.39537472801748663,-0.02621049685694743,0.0048828125,0.0003335121291456744,5.3993855606758826e-05
3841024,-0.0013671112683368847,0.3539752175565809,-0.031181080936221406,0.001953125,0.0004392439004732296,5.396825396825396e-05
3842048,-0.0005939936090726405,0.10243727406486869,-0.027805618155980483,0.00341796875,0.00044406403321772814,5.3942652329749096e-05
3843072,-0.0023347290989477187,0.06223994179163128,-0.02929117168241646,0.01708984375,0.005712151250918396,5.391705069124424e-05
3844096,-0.0008320685592480004,0.0673508036416024,-0.020574674846102425,0.00341796875,0.0003246704436605796,5.389144905273937e-05
3845120,-8.170309592969716e-05,0.42769217886961997,-0.027155328541994095,0.00341796875,0.000355181866325438,5.386584741423451e-05
3846144,-0.0005191705859033391,0.07567887450568378,-0.023824022886401508,0.00537109375,0.0011379696516087279,5.384024577572965e-05
3847168,-0.001021674499497749,0.0735389853361994,-0.02233631409762893,0.00634765625,0.0010051763383671641,5.3814644137224784e-05
3848192,-0.0006302225519903004,0.40746978111565113,-0.0257205724119558,0.00634765625,0.0012494321417761967,5.378904249871992e-05
3849216,-0.00027429436158854514,0.385792174609378,-0.026456498775587534,0.00439453125,0.0004658647085307166,5.3763440860215054e-05
3850240,-0.003479244449408725,0.3963582490105182,-0.033507550208014436,0.01025390625,0.0007405349751934409,5.3737839221710175e-05
3851264,-0.0013205440191086382,0.062419803347438574,-0.029136908691725694,0.0068359375,0.0004734435788122937,5.371223758320532e-05
3852288,-0.0005492600321304053,0.39495587977580726,-0.04212307941634208,0.00732421875,0.0014419318467844278,5.368663594470045e-05
3853312,-0.00018930016085505486,0.04866596800275147,-0.02073623713431516,0.00244140625,0.000380117999156937,5.3661034306195586e-05
3854336,-0.001147271330410149,0.06790072505827993,-0.028259811544558033,0.01171875,0.0018520109151722863,5.363543266769073e-05
3855360,-0.0013878625322831795,0.4267171521205455,-0.03289086840231903,0.00927734375,0.0014948660536902025,5.360983102918586e-05
3856384,-0.0004511912411544472,0.059695438016206026,-0.021015728896600194,0.0029296875,0.00022067087411414832,5.3584229390681e-05
3857408,0.0001127541545429267,0.0892053849529475,-0.024164899470633827,0.00537109375,0.0006665520486421883,5.355862775217614e-05
3858432,-0.0015359974058810622,0.6847679801285267,-0.0392374123330228,0.0087890625,0.0012288038997212425,5.3533026113671274e-05
3859456,-0.0014482862025033683,0.5730497190961614,-0.03851246087288018,0.005859375,0.0005302849604049698,5.350742447516641e-05
3860480,-0.001906351069919765,0.2918458750937134,-0.03630334825720638,0.0048828125,0.0009417166147613898,5.348182283666155e-05
3861504,-0.0010592875187285244,0.04901313432492316,-0.021170562598854303,0.00439453125,0.0004529408470261842,5.3456221198156686e-05
3862528,-0.000924101346754469,0.10600782930850983,-0.02631943571032025,0.01220703125,0.001248039974598214,5.343061955965181e-05
3863552,-0.00186732760630548,0.42972535523585975,-0.02927616349188611,0.0068359375,0.0007226017623906955,5.340501792114694e-05
3864576,-0.002124045029631816,0.2667121143313125,-0.029886743847782782,0.0107421875,0.0008046724833548069,5.337941628264208e-05
3865600,-0.0007786860223859549,0.15921147004701197,-0.026093557884451002,0.0068359375,0.0015390681219287217,5.335381464413722e-05
3866624,-0.0011079980904469267,0.09315463807433844,-0.022622612246777862,0.00634765625,0.0009069507650565356,5.332821300563235e-05
3867648,-0.0004887122195214033,0.06808217405341566,-0.024631241205497645,0.0029296875,0.0006027089548297226,5.330261136712749e-05
3868672,-0.0015799167158547789,0.04968404589453712,-0.02580844068143051,0.00732421875,0.0015245287941070274,5.327700972862263e-05
3869696,-0.002906231748056598,1.1505421428009868,-0.06883647647919133,0.02587890625,0.002365633161389269,5.3251408090117765e-05
3870720,-0.0015510664379689842,0.1462712287902832,-0.024240434548119083,0.0068359375,0.0012888525379821658,5.32258064516129e-05
3871744,-0.002620657454826869,0.5512733028735965,-0.03544772934401408,0.009765625,0.0009224037639796734,5.320020481310804e-05
3872768,0.00032724079210311174,0.5745791404042393,-0.03426694544032216,0.00634765625,0.0011939898977288976,5.3174603174603176e-05
3873792,-0.0012927538773510605,0.04848543007392436,-0.01871185703930678,0.00244140625,0.0012455928808776662,5.314900153609831e-05
3874816,-0.00349869231285993,1.1785141727887094,-0.05373636732110754,0.02099609375,0.0024277549237012863,5.312339989759345e-05
3875840,0.0004538867506198585,0.6731563284993172,-0.03727271861862391,0.0068359375,0.0005806585686514154,5.309779825908857e-05
3876864,-7.255148375406861e-06,0.5342370700091124,-0.036134841036982834,0.005859375,0.0006734987255185843,5.307219662058371e-05
3877888,-0.00013290857896208763,0.3912106354255229,-0.024691453630111937,0.0029296875,0.0002350708527956158,5.3046594982078844e-05
3878912,-0.0006857400003354996,0.9914319873787463,-0.03862329970434075,0.0009765625,0.00022283107682596892,5.302099334357398e-05
3879936,-0.001238317636307329,0.63374984706752,-0.03484964751987718,0.0029296875,0.0002851972240023315,5.299539170506912e-05
3880960,-0.00086229968292173,0.0446862400858663,-0.028655936832365114,0.00390625,0.0008868528238963336,5.2969790066564255e-05
3881984,0.0007372074760496616,0.2965954151004553,-0.0302910961327143,0.00390625,0.0015135561843635514,5.294418842805939e-05
3883008,-0.0002799496869556606,0.07770355767570436,-0.02679942898248555,0.00146484375,0.00010327641211915761,5.291858678955453e-05
3884032,0.0005718776519643143,0.460437502944842,-0.04377303534420207,0.00341796875,0.0016004667995730415,5.2892985151049667e-05
3885056,-0.0016104584210552275,0.54251651361119,-0.04013490072975401,0.00830078125,0.0006310573953669518,5.28673835125448e-05
3886080,2.4787690563243814e-05,0.7547243635635823,-0.03617431953898631,0.0048828125,0.0004963144747307524,5.284178187403994e-05
3887104,-0.0008196381677407771,0.084635189617984,-0.02297433343483135,0.0048828125,0.00031265961297322065,5.281618023553508e-05
3888128,-0.0016088969714473933,0.06267819623462856,-0.027350254320481326,0.005859375,0.0017787343676900491,5.27905785970302e-05
3889152,-0.0001269274071091786,0.412907425314188,-0.03610607722657733,0.0126953125,0.001566136590554379,5.2764976958525334e-05
3890176,-0.0009644616511650383,0.3054181144107133,-0.03885418543359265,0.00537109375,0.0017329779802821577,5.273937532002047e-05
3891200,-0.0010288131597917527,0.04733239620691165,-0.025623477100452874,0.0048828125,0.0007592072652187198,5.271377368151561e-05
3892224,-0.0012219632044434547,0.059133120346814394,-0.025824490214290563,0.00537109375,0.001709022733848542,5.2688172043010746e-05
3893248,0.00011337878822814673,0.3917455996852368,-0.032066203450085595,0.00341796875,0.0005571836663875729,5.266257040450588e-05
3894272,-0.001954088846105151,0.32676916010677814,-0.03302822844852926,0.00732421875,0.0018586103105917573,5.263696876600102e-05
3895296,-0.00088369136210531,0.06956278835423291,-0.022358193367836066,0.0029296875,0.0011327248066663742,5.261136712749616e-05
3896320,-0.0005804948741570115,0.38931785081513226,-0.03416912731154298,0.00634765625,0.0029929349257145077,5.258576548899129e-05
3897344,-0.0004928522976115346,0.04900794744025916,-0.022919700830243528,0.00244140625,0.0002700356562854722,5.2560163850486434e-05
3898368,-0.0010986906418111175,0.09177924203686416,-0.02269738588074688,0.00537109375,0.0007779985462548211,5.253456221198157e-05
3899392,-0.0006581858324352652,0.08096220646984875,-0.023435695518855937,0.00341796875,0.000686890009092167,5.25089605734767e-05
3900416,-0.0006838015979155898,0.09402664843946695,-0.024581011668487918,0.0087890625,0.001691529483650811,5.2483358934971825e-05
3901440,0.00025927867682185024,0.5075151519849896,-0.03372529460466467,0.001953125,0.00018635606102179736,5.245775729646696e-05
3902464,-0.0017158238333649933,0.7950549107044935,-0.03364824547315948,0.01123046875,0.0019204657728550956,5.24321556579621e-05
3903488,-0.001218412166053895,0.03494471515296027,-0.024909541272791103,0.00341796875,0.002058410464087501,5.2406554019457236e-05
3904512,-0.0008573771046940237,0.08055548800621182,-0.027259439644694794,0.0068359375,0.0010381879255874082,5.238095238095237e-05
3905536,-0.0008188464271370322,0.10758570249890909,-0.02427078144683037,0.00439453125,0.0006513554108096287,5.235535074244751e-05
3906560,-0.0012236765178386122,0.04303634393727407,-0.02317584456432087,0.00537109375,0.0013122452510287985,5.232974910394265e-05
3907584,-0.0004941826045978814,0.7709155343472958,-0.04484076348308008,0.0009765625,0.00025987077970057726,5.230414746543778e-05
3908608,-0.002448786166496575,0.8900696677155793,-0.04932425732840784,0.0087890625,0.001252002635737881,5.2278545826932924e-05
3909632,-0.00036665804509539157,0.7123862621374428,-0.04324606354930438,0.00048828125,9.116889850702137e-05,5.225294418842806e-05
3910656,-0.003107859185547568,0.6529085207730532,-0.042365282599348575,0.01513671875,0.0015182957577053457,5.2227342549923194e-05
3911680,-0.00041814931319095194,0.5699057031888515,-0.03589267862844281,0.0009765625,0.00010065099922940135,5.2201740911418335e-05
3912704,-0.0011166560107085388,0.3352627292042598,-0.028957187685591634,0.0048828125,0.0006591684505110607,5.217613927291347e-05
3913728,-0.0029132368363207206,0.5895762161817402,-0.0304658483073581,0.0029296875,0.0010006906668422744,5.215053763440859e-05
3914752,-0.0007625722064403817,0.0925641170470044,-0.021866878640139475,0.00732421875,0.0018555438873590901,5.2124935995903726e-05
3915776,-0.0008813139065750875,0.03939730871934444,-0.0207195438688359,0.00634765625,0.0011636813724180683,5.209933435739886e-05
3916800,-0.00017167838814202696,0.059069982380606234,-0.021898173337831395,0.00244140625,0.0003157529572490603,5.2073732718894e-05
3917824,-0.001775183976860717,0.3629230710212141,-0.02635279759124387,0.0068359375,0.0008000363159226254,5.204813108038914e-05
3918848,-0.002209285376011394,0.4212309941649437,-0.04042073374148458,0.0107421875,0.001155376376118511,5.202252944188427e-05
3919872,-0.0014005961347720586,0.3666476858779788,-0.0378750651871087,0.0068359375,0.0006563565693795681,5.1996927803379414e-05
3920896,-0.0006523857300635427,0.12130506383255124,-0.022541904560057446,0.0087890625,0.001646217904635705,5.197132616487455e-05
3921920,-0.0005913668865105137,0.07388133567292243,-0.026146827996853972,0.0048828125,0.0005397047498263419,5.1945724526369684e-05
3922944,-0.001496463009971194,1.0084302928298712,-0.05086545873200521,0.0029296875,0.0003718263324117288,5.1920122887864826e-05
3923968,-0.0005799947903142311,0.08340796234551817,-0.024404067160503473,0.00634765625,0.001282268640352413,5.189452124935996e-05
3924992,-0.0001032183354254812,0.08721596607938409,-0.0247601673763711,0.005859375,0.0007601243705721572,5.1868919610855095e-05
3926016,-0.0005725533846998587,0.0791005598148331,-0.020463560100324685,0.00439453125,0.0010022662027040496,5.184331797235022e-05
3927040,-0.0016483208673889749,0.28032533964142203,-0.02662447498732945,0.00537109375,0.0005171824886929244,5.181771633384535e-05
3928064,-0.0010595610947348177,0.06769934867043048,-0.0218275996412558,0.0048828125,0.00081329804379493,5.179211469534049e-05
3929088,-0.0011945001315325499,0.06268921040464193,-0.025191555556375533,0.0068359375,0.0011488508462207392,5.176651305683563e-05
3930112,-0.001297332055401057,0.3459681221283972,-0.032148103055078536,0.005859375,0.001074271378456615,5.174091141833076e-05
3931136,-0.0006924418557900935,0.07867055234964937,-0.02172223122761352,0.00537109375,0.0009274011681554839,5.1715309779825905e-05
3932160,-0.0005392267048591748,0.06980447261594236,-0.025994343144702725,0.0078125,0.001624956406885758,5.168970814132104e-05
3933184,9.765247523318976e-05,1.247419980354607,-0.051832182449288666,0.0029296875,0.0003405355237191543,5.1664106502816174e-05
3934208,-0.0012518993753474206,0.8075747126713395,-0.03691471966158133,0.009765625,0.0017548738687764853,5.1638504864311316e-05
3935232,-0.0008738259057281539,0.07588627014774829,-0.02327724196948111,0.005859375,0.0026981864648405463,5.161290322580645e-05
3936256,-0.0017207285200129263,0.08800879237242043,-0.024462578465318074,0.009765625,0.0023816738539608195,5.1587301587301586e-05
3937280,-0.0011778921907534823,0.6956088519655168,-0.04235146567225456,0.00537109375,0.0005576238472713158,5.156169994879673e-05
3938304,-0.0014338256733026356,1.1651396406814456,-0.05276683164993301,0.00537109375,0.0005597571143880486,5.153609831029186e-05
3939328,0.001357828004984185,0.07268758630380034,-0.024225214117905125,0.00439453125,0.0009562239138176665,5.1510496671786984e-05
3940352,-0.00022931063722353429,0.06313078268431127,-0.026173105305133504,0.0009765625,0.00017788447439670563,5.148489503328212e-05
3941376,-0.0027408864407334477,0.3937595644965768,-0.03593019035179168,0.00390625,0.0005253921262919903,5.1459293394777254e-05
3942400,-0.0013388759834924713,0.07429802068509161,-0.023253122159076156,0.00341796875,0.0029428733396343887,5.1433691756272395e-05
3943424,-0.00019020323088625446,0.07570362882688642,-0.0222798934300954,0.00390625,0.0007233147480292246,5.140809011776753e-05
3944448,-0.0010836771252797917,0.1073448141105473,-0.027352656932635,0.00830078125,0.0011916179355466738,5.1382488479262665e-05
3945472,-0.0007257355027832091,0.060526850866153836,-0.027026513242162764,0.00537109375,0.0005947536556050181,5.1356886840757807e-05
3946496,-0.0018397779786027968,0.38634079170878977,-0.029015093939960934,0.01318359375,0.0014964956644689664,5.133128520225294e-05
3947520,-0.00039179492159746587,0.5065950450953096,-0.034721186180831864,0.00341796875,0.00040357132093049586,5.1305683563748076e-05
3948544,-0.00027710407448466867,0.0433586755534634,-0.0215880587202264,0.0087890625,0.0027966948837274686,5.128008192524322e-05
3949568,-0.00039123637543525547,0.3380758515559137,-0.0314801200729562,0.00146484375,0.00042282573122065514,5.125448028673835e-05
3950592,-0.0023377433826681226,0.40216033696196973,-0.04109703528229147,0.0146484375,0.0017265118949580938,5.122887864823349e-05
3951616,-0.0005069334001746029,0.07638807862531394,-0.024065932011581026,0.00439453125,0.0006548556993948296,5.120327700972861e-05
3952640,-0.002563055582868401,0.0578114950330928,-0.026666238612961024,0.0126953125,0.002776007037027739,5.117767537122375e-05
3953664,-0.00036489724152488634,0.10487547086086124,-0.02171682464540936,0.0029296875,0.00016622760449536145,5.1152073732718886e-05
3954688,0.00021339034719858319,0.5761410431005061,-0.03095209176535718,0.01416015625,0.0015053370007080957,5.112647209421402e-05
3955712,-0.0008383381282328628,0.12357433279976249,-0.023618497267307248,0.00244140625,0.0002269077958771959,5.1100870455709155e-05
3956736,-0.000543039379408583,0.25889104197267443,-0.023730045009870082,0.00244140625,0.0005054294451838359,5.10752688172043e-05
3957760,-0.0006279978697421029,0.09543204854708165,-0.027243846187047893,0.00732421875,0.0009136043227044865,5.104966717869943e-05
3958784,-8.807651465758681e-05,0.07688359799794853,-0.025667601636087056,0.0068359375,0.0008470724860671908,5.102406554019457e-05
3959808,-0.0014149999260553159,0.41013279533945024,-0.03248761731083505,0.00830078125,0.001086610442143865,5.099846390168971e-05
3960832,-0.0011472925689304247,0.061681955063249916,-0.02830046074814163,0.00927734375,0.0017879305087262765,5.097286226318484e-05
3961856,-0.0012564321950776502,0.3685079524293542,-0.027881205372978002,0.00732421875,0.0006720945675624534,5.094726062467998e-05
3962880,-0.0015154058783082291,0.0701444479636848,-0.021794694668642478,0.0078125,0.0010311962687410414,5.092165898617512e-05
3963904,0.0007288964989129454,0.09765454987064004,-0.02715570738655515,0.0068359375,0.00196647213306278,5.089605734767024e-05
3964928,-0.0004536947963060811,0.07140292203985155,-0.02405354176153196,0.0048828125,0.001034851957228966,5.0870455709165376e-05
3965952,-0.0008876589126884937,0.673623566981405,-0.03518462777356035,0.00390625,0.00030214937578421086,5.084485407066051e-05
3966976,-0.0020103221759200096,0.3919864878989756,-0.03238762581895571,0.00732421875,0.000767340199672617,5.081925243215565e-05
3968000,-0.0012731501192320138,0.3921051740180701,-0.02804754226235673,0.00439453125,0.0004931023722747341,5.079365079365079e-05
3969024,-0.0014234433256206103,0.2889438944403082,-0.024545802334614564,0.00244140625,0.00019647151930257678,5.076804915514592e-05
3970048,-0.0006810444756411016,0.3953544129617512,-0.028889472343507805,0.00390625,0.00033677871397230774,5.074244751664106e-05
3971072,-0.001875351372291334,0.44329433399252594,-0.028072848319425248,0.00732421875,0.0006818664842285216,5.07168458781362e-05
3972096,-0.000557340303203091,0.04575822775950655,-0.020678131171735004,0.0029296875,0.000801263318862766,5.0691244239631334e-05
3973120,-0.0014695684658363461,0.3626089561730623,-0.023121705467929132,0.0029296875,0.0008067107410170138,5.066564260112647e-05
3974144,-0.0004607043956639245,0.07581367006059736,-0.020579795138473855,0.00146484375,0.00023548724129796028,5.064004096262161e-05
3975168,-0.00036111204099142924,0.06322926073335111,-0.018557443145255093,0.0048828125,0.001080482907127589,5.0614439324116745e-05
3976192,-0.0011161215952597558,0.07080261735245585,-0.02657053477014415,0.0068359375,0.0009420340502401814,5.058883768561188e-05
3977216,-0.0007986002019606531,0.051952838664874434,-0.023028139552479843,0.0048828125,0.0005401609378168359,5.0563236047107e-05
3978240,0.00015388039173558354,0.08216639515012503,-0.022655230393866077,0.005859375,0.0013413036213023588,5.053763440860214e-05
3979264,-0.0018446538160787895,0.0642661202000454,-0.024480494866566005,0.0087890625,0.0014348996483022347,5.051203277009728e-05
3980288,-0.00018746190471574664,0.10346890648361295,-0.025198052353516687,0.0029296875,0.00030060260905884206,5.048643113159241e-05
3981312,0.00022613437613472342,0.3996626529842615,-0.032623346633045,0.001953125,0.0001126458082580939,5.0460829493087554e-05
3982336,-0.0007351816457230598,0.3630009666085243,-0.03294330057087791,0.00390625,0.0006017016567056999,5.043522785458269e-05
3983360,-0.0007656976085854694,0.04959200229495764,-0.020567359562846832,0.0048828125,0.001255187889910303,5.0409626216077824e-05
3984384,-0.001475809171097353,0.3501818652730435,-0.02915678100907826,0.0048828125,0.0005156161059858277,5.038402457757296e-05
3985408,-0.0015293388860300183,0.052920571295544505,-0.019962754618973122,0.0068359375,0.002616259444039315,5.03584229390681e-05
3986432,3.5920675145462155e-05,0.3930959745775908,-0.028993103027460165,0.001953125,0.0002673841518117115,5.0332821300563235e-05
3987456,-0.0005410884623415768,0.4247027230449021,-0.028178923046652926,0.00830078125,0.0009290164016420022,5.030721966205837e-05
3988480,-0.001532765629235655,0.9144267970696092,-0.037295058369636536,0.00390625,0.0004790885577676818,5.028161802355351e-05
3989504,-6.832646249677055e-05,0.10318935452960432,-0.02146630072093103,0.00341796875,0.0009276450728066266,5.025601638504863e-05
3990528,0.0010270404309267178,0.8213487188331783,-0.040400592421065085,0.01025390625,0.001804647225071676,5.023041474654377e-05
3991552,-0.0026509403251111507,0.5125166666693985,-0.03275707148713991,0.00537109375,0.0007814367127139121,5.02048131080389e-05
3992576,-0.0008054590434767306,0.09251353552099317,-0.024474067315168213,0.0048828125,0.0005331834108801559,5.0179211469534045e-05
3993600,-0.0007434537255903706,0.37273167143575847,-0.02759927853185218,0.00341796875,0.00020950603357050568,5.015360983102918e-05
3994624,-0.0017779562040232122,0.07273918366990983,-0.02940419215883594,0.0087890625,0.000615838376688771,5.0128008192524314e-05
3995648,-0.00015353418712038547,0.9965653046965599,-0.039316972164670005,0.00146484375,0.0001524386607343331,5.0102406554019456e-05
3996672,-0.00038158640381880105,0.6004371107555926,-0.03558295071707107,0.00341796875,0.00029139766411390156,5.007680491551459e-05
3997696,0.0007459992484655231,0.10507714212872088,-0.03629488457227126,0.00732421875,0.00269268179545179,5.0051203277009726e-05
3998720,0.0005745389935327694,0.4259205281268805,-0.03273558692308143,0.0029296875,0.00093622446001973,5.002560163850487e-05
3999744,-0.0015982303011696786,0.07913148438092321,-0.030535600759321824,0.01953125,0.0017492893384769559,5e-05
4000768,-0.002912211144575849,0.8590829540044069,-0.044899675936903805,0.017578125,0.0024400091351708397,4.997439836149514e-05
4001792,-0.0008819921713438816,0.05728303175419569,-0.020378002802317496,0.00341796875,0.0005898593663005158,4.994879672299027e-05
4002816,-0.0012969668314326555,0.7035759333521128,-0.03781439541489817,0.00732421875,0.0005329180712578818,4.9923195084485393e-05
4003840,-0.0012934071928611957,0.07980988710187376,-0.025123117498878855,0.00439453125,0.0002991866349475458,4.9897593445980535e-05
4004864,-0.0010769854270620272,0.4199578861007467,-0.02932401606813073,0.00830078125,0.000938020195462741,4.987199180747567e-05
4005888,-0.00026982816052623093,0.08859916951041669,-0.028091998788113415,0.0029296875,0.0006990065739955753,4.9846390168970805e-05
4006912,-0.0016812892281450331,0.6134704607538879,-0.04099262724048458,0.005859375,0.0005529904738068581,4.9820788530465947e-05
4007936,-0.0005073797074146569,0.06051648559514433,-0.022326194804918487,0.001953125,0.00010301597649231553,4.979518689196108e-05
4008960,-0.0012495488626882434,0.1126109283650294,-0.024663223484822083,0.00634765625,0.0013125367258908227,4.9769585253456216e-05
4009984,-0.001285611215280369,0.5813836557790637,-0.04206107053323649,0.00732421875,0.0006595451268367469,4.974398361495136e-05
4011008,-0.0013424354474409483,0.43220008455682546,-0.02900610741926357,0.01025390625,0.0027364885318093,4.971838197644649e-05
4012032,-0.00043881584133487195,0.0673315521562472,-0.025121958169620484,0.00341796875,0.0004557714273687452,4.969278033794163e-05
4013056,-0.0029572681232821196,0.051961652585305274,-0.02177931715414161,0.01123046875,0.002653067043866031,4.966717869943677e-05
4014080,-0.0010132603056263179,0.3420437837485224,-0.03232587588718161,0.00146484375,0.00014937321247998625,4.9641577060931904e-05
4015104,-0.0006330446049105376,0.74321901332587,-0.04432064475258812,0.0009765625,0.00010196211223956198,4.9615975422427026e-05
4016128,0.0004090610600542277,1.2601080052554607,-0.04951615474419668,0.0048828125,0.0003306920552859083,4.959037378392216e-05
4017152,-0.0034598878482938744,0.6440491382963955,-0.038409495959058404,0.00927734375,0.0007299219287233427,4.9564772145417295e-05
4018176,-0.00046888219367247075,0.06657393928617239,-0.02400207937171217,0.00341796875,0.0009109122329391539,4.953917050691244e-05
4019200,-0.0002015317732002586,0.0729994720313698,-0.021219084435870172,0.01220703125,0.0030001685954630375,4.951356886840757e-05
4020224,-0.003019181778654456,0.6093705224338919,-0.03878786676796153,0.01416015625,0.0018240137287648395,4.948796722990271e-05
4021248,-0.0007665327430004254,0.07680392370093614,-0.025610282471461687,0.00244140625,0.0007586052233818918,4.946236559139785e-05
4022272,-0.0008939656836446375,0.09634888800792396,-0.024542938786908053,0.01416015625,0.0018725277041085064,4.943676395289298e-05
4023296,-0.0018663088994799182,0.07969808508642018,-0.030078537412919104,0.0068359375,0.0005859413940925151,4.941116231438812e-05
4024320,-0.0017625040272832848,0.0547988509060815,-0.029698812486458337,0.0078125,0.0004767735954374075,4.938556067588326e-05
4025344,0.00027552143728826195,0.05685986310709268,-0.023345848014287185,0.00634765625,0.0010596208740025759,4.9359959037378395e-05
4026368,-0.0010099868231918663,0.31927038764115423,-0.03208934664144181,0.0087890625,0.004407156680827029,4.933435739887353e-05
4027392,-0.0005667160148732364,0.05324612429831177,-0.02284689396765316,0.00634765625,0.0014825491525698453,4.930875576036865e-05
4028416,-0.00011381215881556273,0.14419711218215525,-0.02920656271817279,0.005859375,0.0013548481074394658,4.9283154121863786e-05
4029440,-0.0011944258294533938,0.06586139590945095,-0.024113479408697458,0.0048828125,0.0018587210506666452,4.925755248335893e-05
4030464,-0.000940440921112895,0.05232065310701728,-0.027546101115149213,0.0048828125,0.0006908977666171268,4.923195084485406e-05
4031488,0.0001042212825268507,0.4500880658160895,-0.03127417727955617,0.0078125,0.0016396792780142277,4.92063492063492e-05
4032512,-0.0001919581845868379,0.04591350577538833,-0.02493638482701499,0.00341796875,0.0013186696742195636,4.918074756784434e-05
4033536,-0.0011715617147274315,0.6614568459335715,-0.04083354755130131,0.00439453125,0.0006156101153464988,4.9155145929339474e-05
4034560,-0.0008924958237912506,0.6932974387891591,-0.03972961577528622,0.00341796875,0.0003574249421944842,4.912954429083461e-05
4035584,-4.9198773922398686e-05,0.11473719088826329,-0.023709658889856655,0.0048828125,0.001125472379499115,4.910394265232975e-05
4036608,-0.000797414148109965,0.28873940370976925,-0.019553067392735102,0.00341796875,0.0005789409042336047,4.9078341013824885e-05
4037632,0.0008613585669081658,0.07077565521467477,-0.021280061009747442,0.00634765625,0.0012425494787748903,4.905273937532002e-05
4038656,-0.0006873263482702896,0.10086630994919688,-0.0209061816749454,0.00830078125,0.0005842880054842681,4.902713773681516e-05
4039680,-0.0006009716453263536,0.09164137206971645,-0.026512782507779775,0.00244140625,0.000197814020793885,4.9001536098310296e-05
4040704,-0.0011852609168272465,0.046893072430975735,-0.020132812817792,0.00927734375,0.0018611272244015709,4.897593445980542e-05
4041728,-0.0003263817052356899,0.04681171989068389,-0.02089397668169113,0.00634765625,0.001968734650290571,4.895033282130055e-05
4042752,-0.001299097712035291,0.06431050517130643,-0.023069981707521947,0.0087890625,0.003003533653100021,4.892473118279569e-05
4043776,-0.0008159118151525036,0.070197515306063,-0.024382606221479364,0.0087890625,0.0016140523948706686,4.889912954429083e-05
4044800,-0.00022190427989698946,0.04390213586157188,-0.018877899903600337,0.00732421875,0.0027509843930602074,4.8873527905785964e-05
4045824,-0.0008385451801586896,0.4511330397799611,-0.03135692210344132,0.001953125,0.0002465132420184091,4.88479262672811e-05
4046848,-0.0008156366529874504,0.04546916845720261,-0.01862254745537939,0.0048828125,0.001510429588961415,4.882232462877624e-05
4047872,-0.0009147712116828188,0.06168987188721076,-0.02794457066920586,0.0029296875,0.0003750926407519728,4.8796722990271375e-05
4048896,-0.0005390988080762327,0.3822562071727589,-0.029040670837275684,0.0048828125,0.0003573365102056414,4.877112135176651e-05
4049920,-0.0008281205518869683,0.04937715863343328,-0.022626945705269463,0.00634765625,0.001804883693694137,4.874551971326165e-05
4050944,-0.0004600417596520856,0.3139563655713573,-0.02582194704154972,0.00244140625,0.00033344855182804167,4.871991807475679e-05
4051968,-0.0010432721464894712,0.27678146259859204,-0.03525672428077087,0.0087890625,0.002335423312615603,4.869431643625192e-05
4052992,-0.0007261662103701383,0.0573410983197391,-0.02112233647494577,0.00244140625,0.00033031955535989255,4.866871479774704e-05
4054016,-0.0007762312889099121,0.1404794401023537,-0.02381007926305756,0.00341796875,0.0004273199156159535,4.864311315924218e-05
4055040,-0.0009147256496362388,0.06773511285427958,-0.020465637106099166,0.00390625,0.0005175660335225984,4.861751152073732e-05
4056064,-0.0007535575059591793,0.525457943091169,-0.02819114871090278,0.00537109375,0.0008199339936254546,4.8591909882232454e-05
4057088,-0.0005935951194260269,0.05844402534421533,-0.023036748774757143,0.00341796875,0.0009457809937885031,4.856630824372759e-05
4058112,-0.0010381041938671842,0.7234939779154956,-0.03436430878355168,0.00439453125,0.0003453213721513748,4.854070660522273e-05
4059136,-0.001079163070244249,0.6700506424531341,-0.03475172448088415,0.005859375,0.0005391223094193265,4.8515104966717866e-05
4060160,-0.0005617909919237718,0.08085260144434869,-0.023842296166549204,0.00048828125,7.740073488093913e-05,4.8489503328213e-05
4061184,-0.001094555998861324,0.062498841318301857,-0.020240732412275975,0.005859375,0.0007953833846841007,4.846390168970814e-05
4062208,-0.000705619968357496,0.3768082389142364,-0.027620250617474085,0.0009765625,0.0002340048085898161,4.843830005120328e-05
4063232,-0.0005124969757162035,0.4369020482990891,-0.03626385878305882,0.00146484375,0.00013740104623138905,4.841269841269841e-05
4064256,-0.001846819963247981,0.38093204400502145,-0.028127882455009967,0.0068359375,0.0011039836826967075,4.8387096774193554e-05
4065280,0.00011329034168738872,0.04939524159999564,-0.02325173537246883,0.00732421875,0.0011955324735026807,4.836149513568867e-05
4066304,-0.0013396585709415376,0.5083766358438879,-0.03011271967261564,0.00830078125,0.0025016552972374484,4.833589349718381e-05
4067328,-0.00033072917722165585,0.07239875732921064,-0.02278855279291747,0.0009765625,9.377549577038735e-05,4.8310291858678945e-05
4068352,-0.001011296801152639,0.2810828937217593,-0.0271209235288552,0.00537109375,0.0006894140824442729,4.828469022017408e-05
4069376,-0.0010370307427365333,0.06227382645010948,-0.02639673622616101,0.0048828125,0.0009222585504176095,4.825908858166922e-05
4070400,-0.0019828938602586277,0.11409500311128795,-0.02745610265992582,0.01025390625,0.0017794364684959874,4.8233486943164356e-05
4071424,-0.0007574197807116434,0.0795992148341611,-0.023353912586117076,0.00244140625,0.0002716780290938914,4.820788530465949e-05
4072448,-0.0006302893161773682,0.09577910043299198,-0.021941169770798297,0.00390625,0.0008111850911518559,4.818228366615463e-05
4073472,-0.0018612442509038374,0.03837866737740114,-0.02162624945049174,0.005859375,0.0017458552902098745,4.815668202764977e-05
4074496,-0.0004632682175724767,0.4005798604339361,-0.031655134887841996,0.00244140625,0.0007959725189721212,4.81310803891449e-05
4075520,-0.00026862110826186836,0.0542993675917387,-0.02068953463458456,0.00244140625,0.0010483361111255363,4.8105478750640044e-05
4076544,-0.0006443884631153196,0.44467823952436447,-0.029706966060984996,0.0048828125,0.00033507737680338323,4.807987711213518e-05
4077568,-0.0018022893054876477,0.060296896495856345,-0.02823508859728463,0.01171875,0.0023456481867469847,4.8054275473630314e-05
4078592,-0.004098200617590919,1.7093545012176037,-0.0569806132116355,0.01025390625,0.0008970956114353612,4.8028673835125435e-05
4079616,-0.000503376213600859,0.09312016051262617,-0.02171140077189193,0.00341796875,0.000333300355123356,4.800307219662057e-05
4080640,-0.001206191402161494,0.3870017076842487,-0.03639028070028871,0.00390625,0.00038673714152537286,4.797747055811571e-05
4081664,-0.0004388550732983276,0.05024849250912666,-0.018445901247105212,0.0029296875,0.0005768399423686787,4.795186891961085e-05
4082688,-0.0017730494437273592,0.48027819115668535,-0.030715683060407173,0.00634765625,0.0014316163724288344,4.792626728110598e-05
4083712,-0.00020074640633538365,0.5288291871547699,-0.032261819433188066,0.00341796875,0.00045369179861154407,4.790066564260112e-05
4084736,-0.0006539602327393368,0.4135661041364074,-0.030941431075916626,0.001953125,0.00022932651336304843,4.787506400409626e-05
4085760,-0.0016869563551153988,0.3829474146477878,-0.035316563909873366,0.0087890625,0.0007090827712090686,4.784946236559139e-05
4086784,-0.000945415158639662,0.08291382587049156,-0.02462766417011153,0.0068359375,0.002232518876553513,4.7823860727086535e-05
4087808,-0.00031478678283747286,0.45441375602968037,-0.01973110947801615,0.00390625,0.0009903308673528954,4.779825908858167e-05
4088832,-0.002728311956161633,0.07982759340666234,-0.026501346932491288,0.0078125,0.003100277259363793,4.7772657450076804e-05
4089856,-0.0017654970433795825,0.40397480269894004,-0.029757597847492434,0.00439453125,0.0007094137981766835,4.7747055811571946e-05
4090880,3.845401806756854e-06,0.5977404362056404,-0.03542052397096995,0.001953125,0.0003502315521473065,4.772145417306707e-05
4091904,-0.0012322823895374313,0.06039777537807822,-0.018781592890036336,0.00439453125,0.0023368109978036955,4.76958525345622e-05
4092928,-0.0004151587054366246,0.036209584679454565,-0.024128691789883305,0.00732421875,0.0009243585518561304,4.767025089605734e-05
4093952,-0.00039154241676442325,0.07818793610204011,-0.03099776024464518,0.0087890625,0.0040124068764271215,4.764464925755247e-05
4094976,-0.0013065595558146015,0.3910226374864578,-0.033454067966886214,0.0048828125,0.00042767651029862463,4.7619047619047614e-05
4096000,-0.0008273240382550284,0.04392444103723392,-0.026320753248000983,0.0029296875,0.00038890907308086753,4.759344598054275e-05
4097024,-0.0017670301458565518,0.5727282683365047,-0.040723808720940724,0.0029296875,0.0007057730981614441,4.756784434203788e-05
4098048,-0.0020498023368418217,0.2838598082307726,-0.028730190788337495,0.00634765625,0.00048734285519458354,4.7542242703533025e-05
4099072,-0.0009689849393907934,0.13195326062850654,-0.02432349590708327,0.0078125,0.0015676313923904672,4.751664106502816e-05
4100096,-0.0025597527564968914,0.2776006432250142,-0.03518153497134335,0.00732421875,0.001168413698906079,4.7491039426523295e-05
4101120,-0.0005809868453070521,0.07330690138041973,-0.026911720931821037,0.00537109375,0.001257066716789268,4.7465437788018436e-05
4102144,-0.0017733139247866347,0.024346902180695906,-0.020032218701089732,0.0087890625,0.0018074356630677357,4.743983614951357e-05
4103168,-8.104092557914555e-05,0.0608715241542086,-0.02120834864626886,0.00390625,0.0005206997593631968,4.7414234511008706e-05
4104192,-0.0003659080102806911,0.061415813863277435,-0.026592542793878238,0.0009765625,0.00012523516488727182,4.738863287250383e-05
4105216,-0.00045284724910743535,0.3960855066543445,-0.03225785875838483,0.0009765625,0.00023781435447745025,4.736303123399897e-05
4106240,-0.00040340429404750466,0.07553926575928926,-0.025302570036728866,0.0048828125,0.0016131917072925717,4.7337429595494104e-05
4107264,-0.0003888664214173332,0.4043563862796873,-0.029499887867132202,0.00244140625,0.00023564095317851752,4.731182795698924e-05
4108288,-0.0010681679705157876,0.05349101428873837,-0.02581050232038251,0.00634765625,0.0009037359559442848,4.7286226318484374e-05
4109312,-0.00019874860299751163,0.35759358399081975,-0.021499723407032434,0.00341796875,0.0005573915404966101,4.7260624679979515e-05
4110336,-0.0007745218608761206,0.47662617382593453,-0.025232097759726457,0.00244140625,0.00026199947751592845,4.723502304147465e-05
4111360,-0.00046888367796782404,0.6292205799836665,-0.032279541657771915,0.005859375,0.001538929034722969,4.7209421402969785e-05
4112384,-0.0012253964378032833,0.40314770897384733,-0.03347889395081438,0.00537109375,0.0005449201998999342,4.718381976446493e-05
4113408,-0.0006345717119984329,0.11569201271049678,-0.022869723121402785,0.0048828125,0.0007153517508413643,4.715821812596006e-05
4114432,-0.0006561261907336302,0.37855524895712733,-0.035008220162126236,0.0068359375,0.0013105055841151625,4.7132616487455197e-05
4115456,-0.0020018388313474134,0.4063764351885766,-0.027298705012071878,0.0078125,0.0009872337250271812,4.710701484895034e-05
4116480,-0.0020808151020901278,0.39359674253501,-0.04103417741225712,0.0068359375,0.0007465524395229295,4.708141321044546e-05
4117504,-0.0014645316114183515,0.386592602590099,-0.039432323654182255,0.00927734375,0.0006453134847106412,4.7055811571940594e-05
4118528,-0.0031244124547811225,0.5823426987044513,-0.031246675906004384,0.009765625,0.0012858421396231279,4.703020993343573e-05
4119552,-0.0010769775253720582,0.08151883888058364,-0.02193984586847364,0.00634765625,0.000590495255892165,4.700460829493087e-05
4120576,-0.0026200441643595695,0.05807965900748968,-0.02720089720969554,0.01220703125,0.001824487088015303,4.6979006656426006e-05
4121600,-0.0017101332487072796,0.06973730714526027,-0.028392824999173172,0.0068359375,0.0007420246402034536,4.695340501792114e-05
4122624,-0.0009047820349223912,0.12449053302407265,-0.024123191313265124,0.00634765625,0.0027375973004382104,4.6927803379416276e-05
4123648,0.00024024285085033625,0.0734507794259116,-0.026488235555007122,0.0078125,0.0013945938117103651,4.690220174091142e-05
4124672,-0.000790957928984426,0.269565989729017,-0.03516817290801555,0.00244140625,0.00019790350052062422,4.687660010240655e-05
4125696,-0.000597688187554013,0.0491655211080797,-0.02216242896975018,0.00439453125,0.0011777536565205082,4.685099846390169e-05
4126720,-0.0015300527011277154,0.7170243617147207,-0.039039323848555796,0.0078125,0.0005683794297510758,4.682539682539683e-05
4127744,-0.0008385122928302735,0.6426167516037822,-0.02650467860075878,0.0068359375,0.0007712517253821716,4.6799795186891963e-05
4128768,-0.0005027978040743619,0.05061184166697785,-0.020966057724763232,0.00439453125,0.0006036109843989834,4.6774193548387085e-05
4129792,-0.0011414921027608216,0.04439214611193165,-0.016962148065431393,0.0029296875,0.002221756541985087,4.674859190988222e-05
4130816,-0.0004279340646462515,0.05786231468664482,-0.02234778080310207,0.00341796875,0.001175035591586493,4.672299027137736e-05
4131840,-0.0004924747336190194,0.37249441171297804,-0.03145143478468526,0.00244140625,0.0001790401292964816,4.6697388632872496e-05
4132864,-0.0027671291027218103,0.30855809908825904,-0.026321013523556758,0.00634765625,0.0009399628470418975,4.667178699436763e-05
4133888,-0.0005903637793380767,0.07322601065970957,-0.02059654090226104,0.00341796875,0.001255268172826618,4.664618535586277e-05
4134912,-0.00044077078928239644,0.05226147233042866,-0.023390037637000205,0.00341796875,0.0006646377732977271,4.662058371735791e-05
4135936,-0.0010148565925192088,0.056148307281546295,-0.025418645440367982,0.00732421875,0.0007537533529102802,4.659498207885304e-05
4136960,-0.001439327170373872,0.07301780488342047,-0.020703493913970306,0.00634765625,0.0011541113344719633,4.656938044034818e-05
4137984,-0.0004992575850337744,0.062240585568360984,-0.022886006886437826,0.00439453125,0.0005170365911908448,4.654377880184332e-05
4139008,-0.002037355545326136,0.3999453171854839,-0.03318554083671188,0.009765625,0.0007090070575941354,4.6518177163338454e-05
4140032,-0.0023522391566075385,0.41605243319645524,-0.03133568287739763,0.01416015625,0.00253037411312107,4.649257552483359e-05
4141056,-0.0026506158465053886,1.1108627223875374,-0.041248384077334777,0.00537109375,0.0003769569448195398,4.646697388632873e-05
4142080,-0.0011432954634074122,0.9066302599385381,-0.04539503052365035,0.00390625,0.0009869343193713576,4.644137224782385e-05
4143104,-0.0006901548622408882,0.08073960233014077,-0.022757426893804222,0.005859375,0.0007745312614133582,4.641577060931899e-05
4144128,-0.0011243686021771282,0.39806715911254287,-0.026432389720866922,0.005859375,0.0007779817533446476,4.639016897081412e-05
4145152,-0.0012443542364053428,0.438144079525955,-0.02985384498606436,0.0009765625,0.00011453183833509684,4.636456733230926e-05
4146176,-0.00018331516184844077,0.11312415730208158,-0.02129794166830834,0.005859375,0.00373806846619118,4.63389656938044e-05
4147200,-0.0011911073233932257,0.4665304545778781,-0.027967623638687655,0.00732421875,0.0010207604500465095,4.631336405529953e-05
4148224,-0.0003287021245341748,0.09781724587082863,-0.02327247204084415,0.00341796875,0.00033410587639082223,4.6287762416794675e-05
4149248,0.00011760261259041727,0.06008510664105415,-0.01628374643769348,0.0048828125,0.0012183656363049522,4.626216077828981e-05
4150272,-0.0006063872133381665,0.08057278115302324,-0.02447632865732885,0.00634765625,0.0008483562269248068,4.6236559139784944e-05
4151296,0.00013096255133859813,0.052482518716715276,-0.02080241821204254,0.0029296875,0.0012395633821142837,4.6210957501280086e-05
4152320,-0.00183834062772803,0.41625624417793006,-0.023592573197674938,0.00439453125,0.0006481915625045076,4.618535586277522e-05
4153344,-0.0005738352629123256,0.08641718130093068,-0.02347927581286058,0.0068359375,0.0018642242212081328,4.6159754224270356e-05
4154368,-0.0017628175555728376,0.671332607511431,-0.033068615215597674,0.0068359375,0.0006883457681396976,4.613415258576548e-05
4155392,-0.0014652048412244767,0.07251610117964447,-0.01731927840364733,0.005859375,0.0012029527424601838,4.610855094726061e-05
4156416,-0.001799120509531349,0.677544285543263,-0.0388198554283008,0.005859375,0.0005493657081387937,4.6082949308755754e-05
4157440,-0.0008990906208055094,0.38926973717752844,-0.02298947008421237,0.00341796875,0.0003068562946282327,4.605734767025089e-05
4158464,-0.0007423656134051271,0.2917763739824295,-0.018446942176524317,0.0068359375,0.0012607985700014979,4.603174603174602e-05
4159488,-0.0006734366179443896,0.4033245479222387,-0.02986409996810835,0.00732421875,0.0015764305426273495,4.6006144393241165e-05
4160512,-0.0009236678743036464,0.07562464103102684,-0.018321792944334447,0.0048828125,0.0019153093453496695,4.59805427547363e-05
4161536,-0.0008436861535301432,0.4283720145467669,-0.02184357646638091,0.00244140625,0.00019098373013548553,4.5954941116231435e-05
4162560,0.000381816818844527,0.3868156804237515,-0.021583736670436338,0.0048828125,0.0002969189954455942,4.5929339477726576e-05
4163584,-0.0013663558565895073,0.13406516914255917,-0.02793420327361673,0.00732421875,0.0015885037719272077,4.590373783922171e-05
4164608,0.0003040387819055468,0.11164829530753195,-0.021714942045946373,0.0048828125,0.0007644180877832696,4.5878136200716846e-05
4165632,-0.0005480463296407834,0.16127187060192227,-0.023353942640824243,0.00146484375,0.00011970057676080614,4.585253456221199e-05
4166656,-0.0012029621721012518,0.4199829313438386,-0.02658433737087762,0.005859375,0.0006321134860627353,4.582693292370712e-05
4167680,-0.001445789574063383,0.3607114328769967,-0.02748920071462635,0.00732421875,0.0004851056874031201,4.5801331285202244e-05
4168704,-0.00044087431160733104,0.04662913567153737,-0.019362175216429023,0.00390625,0.0010099815408466384,4.577572964669738e-05
4169728,-0.0018715472833719105,0.3772293026559055,-0.02886013097304385,0.005859375,0.00046959314204286784,4.5750128008192514e-05
4170752,-0.0004075879405718297,0.06101637217216194,-0.024813762938720174,0.00390625,0.0018535202543716878,4.5724526369687655e-05
4171776,-0.0011939780815737322,0.03352389927022159,-0.022679360721667763,0.009765625,0.00130799860926345,4.569892473118279e-05
4172800,-0.0013948718551546335,0.07527210854459554,-0.024548824698285898,0.0078125,0.0016074755840236321,4.5673323092677925e-05
4173824,-0.0018851181084755808,0.08006634004414082,-0.02187870851412299,0.0107421875,0.001864269856014289,4.564772145417307e-05
4174848,-0.0008331479330081493,0.06112248089630157,-0.0262117390811909,0.00634765625,0.0027799418749054894,4.56221198156682e-05
4175872,-0.0014679508167319,1.1053113024681807,-0.039687989570666105,0.00830078125,0.0009340129035990685,4.5596518177163337e-05
4176896,-0.0016462921194033697,0.06634697690606117,-0.024983187220641412,0.01025390625,0.0009848594054346904,4.557091653865848e-05
4177920,-0.004465510050067678,0.7572881667874753,-0.03691953464294784,0.01611328125,0.001451110394555144,4.554531490015361e-05
4178944,-0.0005074775108369067,0.07447954441886395,-0.03355366511095781,0.00732421875,0.0012616313470061868,4.551971326164875e-05
4179968,6.277457578107715e-05,0.37281512608751655,-0.030522491841111332,0.001953125,0.00015187387180048972,4.549411162314387e-05
4180992,-0.0004947493434883654,0.04588413838064298,-0.02245212763955351,0.01123046875,0.001454930767067708,4.5468509984639004e-05
4182016,-0.00202511232055258,0.3840813225833699,-0.028415981520083733,0.00341796875,0.00023647987109143287,4.5442908346134146e-05
4183040,-0.00023975213116500527,0.050076194340363145,-0.022595363448999706,0.0048828125,0.0010782354365801439,4.541730670762928e-05
4184064,-4.9643684178590775e-05,0.09018943214323372,-0.025188876294123475,0.00439453125,0.0002915624063462019,4.5391705069124416e-05
4185088,-0.0005759782216046005,0.4480269013438374,-0.025039965206815396,0.0068359375,0.0008328092080773786,4.536610343061956e-05
4186112,-0.0003127256713923998,0.5550269496161491,-0.026719209665316157,0.01025390625,0.0008350357384188101,4.534050179211469e-05
4187136,-0.0009142747730948031,0.05256414494942874,-0.018841646326109185,0.0029296875,0.0009459963330300525,4.531490015360983e-05
4188160,-0.0008497882954543456,0.07167591352481395,-0.023901414579995617,0.00390625,0.0008562212897231802,4.528929851510497e-05
4189184,-0.0009270855807699263,0.09283626964315772,-0.028403004971551127,0.00439453125,0.0022185071429703385,4.5263696876600103e-05
4190208,-0.0006475695336121134,0.42514113907236606,-0.019889459219484706,0.00146484375,0.0010576945933280513,4.523809523809524e-05
4191232,-0.0005643492040690035,0.03278280748054385,-0.019766675250139087,0.00537109375,0.0014359597553266212,4.521249359959038e-05
4192256,-0.0005487751477630809,0.0410423589637503,-0.019900064509783988,0.00146484375,0.00023009338474366814,4.5186891961085495e-05
4193280,-0.0005448420124594122,0.37786082818638533,-0.02296977814330603,0.0029296875,0.0006582875939784572,4.5161290322580636e-05
4194304,0.0007255000964505598,0.0920162727124989,-0.019328645732457517,0.00927734375,0.0025857890432234854,4.513568868407577e-05
4195328,-0.0005244256462901831,0.06429291621316224,-0.021382058073868393,0.00390625,0.0007420228066621348,4.5110087045570906e-05
4196352,-0.0003749535680981353,0.07412347663193941,-0.024660540409968235,0.0078125,0.0006955366407055408,4.508448540706605e-05
4197376,-0.0003460290463408455,0.0701076874975115,-0.017883571694255807,0.00244140625,0.00024133699480444193,4.505888376856118e-05
4198400,-0.0030628834647359326,0.7796787871047854,-0.04059021703142207,0.01611328125,0.0013426754740066826,4.503328213005632e-05
4199424,-0.00048658979358151555,0.0765916844829917,-0.023145053120060766,0.00341796875,0.0008558094996260479,4.500768049155146e-05
4200448,-0.0015282217063941061,0.13651079533156008,-0.024676896675373428,0.00732421875,0.0023912760807434097,4.4982078853046594e-05
4201472,-0.00029858136258553714,0.06986651627812535,-0.028370517184157507,0.00390625,0.0003866765764541924,4.495647721454173e-05
4202496,-0.002560625580372289,0.7986294231377542,-0.02997112313460093,0.01708984375,0.0022788501664763317,4.493087557603687e-05
4203520,-0.0012768380693159997,0.4137327680364251,-0.03291965802782215,0.005859375,0.0007723073504166678,4.4905273937532005e-05
4204544,-0.0004946967819705606,0.040893918834626675,-0.02287779607650009,0.00537109375,0.0003556891606422141,4.487967229902714e-05
4205568,-0.0007313114765565842,0.11843956541270018,-0.027780191230704077,0.0048828125,0.0010408087982796133,4.485407066052226e-05
4206592,-0.0008782831428106874,0.03688639524625614,-0.01821262914199906,0.001953125,0.0007032349094515666,4.4828469022017396e-05
4207616,-0.0004114436378586106,0.39390578062739223,-0.023831912876630668,0.0009765625,0.00022359155991580337,4.480286738351254e-05
4208640,0.006974048854317516,0.059671659022569656,-0.01727839588693314,0.00634765625,0.0021028709452366456,4.477726574500767e-05
4209664,0.0013365476188482717,0.059075301862321794,-0.023982382983376738,0.00634765625,0.0013269053597468883,4.475166410650281e-05
4210688,-0.0003705664275912568,0.12248766608536243,-0.026553403982688906,0.00537109375,0.0014605214382754639,4.472606246799795e-05
4211712,-0.002716911338211503,0.47471404098905623,-0.027774240137659945,0.00634765625,0.0011074861977249384,4.4700460829493084e-05
4212736,-0.002880243817344308,0.36610702669713646,-0.025902065986883827,0.00732421875,0.0006236874323803931,4.467485919098822e-05
4213760,-0.0007880802222643979,0.09377921128179878,-0.024907258311941405,0.00244140625,0.0003355374501552433,4.464925755248336e-05
4214784,-0.0011642589088296518,0.42724160058423877,-0.02784557810809929,0.0048828125,0.0010292573570040986,4.4623655913978496e-05
4215808,-0.000775186184910126,0.038030572643037885,-0.020970212337488192,0.00634765625,0.0011363691155565903,4.459805427547363e-05
4216832,-0.0009413911466253921,0.09373670339118689,-0.01883202273165807,0.0048828125,0.002185835430282168,4.457245263696877e-05
4217856,-0.0008050741453189403,0.06367256538942456,-0.024419162124104332,0.00390625,0.001975807113922201,4.454685099846389e-05
4218880,-0.0005245147040113807,0.09903814783319831,-0.02629931626142934,0.00390625,0.0007506414403906092,4.452124935995903e-05
4219904,-0.0017769430705811828,0.45522023970261216,-0.02702814760777983,0.0029296875,0.0007643616118002683,4.449564772145416e-05
4220928,-0.0006518027585116215,0.03284299583174288,-0.023553746115794638,0.00341796875,0.0016256219241768122,4.44700460829493e-05
4221952,-0.00011559823178686202,0.04369956156006083,-0.013540235438540549,0.00244140625,0.0002580693835625425,4.444444444444444e-05
4222976,0.00023631471412954852,0.7369698132388294,-0.03791080832888838,0.0068359375,0.0004614918725565076,4.4418842805939575e-05
4224000,-0.0006544222997035831,0.05805927136680111,-0.023440262933490885,0.00390625,0.001800015103071928,4.439324116743471e-05
4225024,-0.0003966676304116845,0.08829628268722445,-0.01897207451838767,0.0048828125,0.0008895816572476178,4.436763952892985e-05
4226048,-0.001965548741281964,0.39757502370048314,-0.030672433989821002,0.00390625,0.0004903415974695235,4.4342037890424986e-05
4227072,-0.0009082692122319713,0.0865906773833558,-0.02539879594132799,0.0029296875,0.0003589633706724271,4.431643625192012e-05
4228096,-0.0002963048027595505,0.08218630193732679,-0.02090233296621591,0.00439453125,0.0011563457665033638,4.429083461341526e-05
4229120,-0.00017478740846854635,0.4233671324327588,-0.024824114676448517,0.00146484375,0.0001597646187292412,4.42652329749104e-05
4230144,-0.0008277787201222964,0.38523349608294666,-0.028375039699312765,0.00634765625,0.0006394543452188373,4.423963133640553e-05
4231168,-0.0006511295650852844,0.4187886621803045,-0.025855774540104903,0.00341796875,0.00026201808941550553,4.4214029697900654e-05
4232192,-0.0019635669887065887,0.25776927126571536,-0.030883804080076516,0.0087890625,0.0008979382691904902,4.418842805939579e-05
4233216,-0.000998945819446817,0.04767863900633529,-0.021263588991132565,0.0048828125,0.0008744467195356265,4.416282642089093e-05
4234240,-0.0013792334357276559,0.803547814488411,-0.04030435346066952,0.00439453125,0.0004132809553993866,4.4137224782386065e-05
4235264,-0.00027790768945124,0.06307770824059844,-0.023088952996658918,0.00634765625,0.0008090751798590645,4.41116231438812e-05
4236288,-0.0006849342898931354,0.4146341241430491,-0.03130680455069523,0.0068359375,0.0006047005881555378,4.408602150537634e-05
4237312,-0.00016284739831462502,0.044298531545791775,-0.01517332752882794,0.0029296875,0.0002926253800978884,4.4060419866871476e-05
4238336,-0.0028124700365879107,0.5898683143313974,-0.03650979522353737,0.0048828125,0.0013343635655473918,4.403481822836661e-05
4239360,-0.0019691930356202647,0.885961074847728,-0.036540603323373944,0.005859375,0.0006468160863732919,4.400921658986175e-05
4240384,-0.00030631516710855067,0.038015217054635286,-0.016977504499664064,0.001953125,0.0012955464626429603,4.398361495135689e-05
4241408,0.00011590772191993892,0.8056882820092142,-0.029315753272385336,0.00537109375,0.0017617616831557825,4.395801331285202e-05
4242432,-0.0008792999360593967,0.04796873696614057,-0.022725826391251758,0.00732421875,0.0008617700223112479,4.3932411674347164e-05
4243456,-0.0002974516828544438,0.2914113840088248,-0.028728218661854044,0.0048828125,0.0011493351339595392,4.3906810035842286e-05
4244480,-0.0004898796032648534,0.05561720649711788,-0.02449843686645181,0.005859375,0.0009609188127797097,4.388120839733742e-05
4245504,-0.0002644821797730401,0.31471928011160344,-0.028804283996578306,0.00439453125,0.0004561915557133034,4.3855606758832555e-05
4246528,-0.0012428264308255166,0.41879396967124194,-0.02500254358164966,0.00439453125,0.00037081736081745476,4.383000512032769e-05
4247552,-0.0011337145697325468,0.7253516553901136,-0.03863166334485868,0.005859375,0.0013684200530406088,4.380440348182283e-05
4248576,-0.0007381979376077652,0.04236849449807778,-0.0234558598822332,0.00537109375,0.0015762688417453319,4.377880184331797e-05
4249600,-0.0007164168928284198,0.08098865440115333,-0.025741476376424544,0.00830078125,0.0014271823602030054,4.37532002048131e-05
4250624,-0.0006697806529700756,0.4220612507779151,-0.02957280461123446,0.00439453125,0.0003197736950824037,4.3727598566308243e-05
4251648,-0.0015387763851322234,0.5184616320766509,-0.02791802659339737,0.00341796875,0.0012113839038647711,4.370199692780338e-05
4252672,-0.0015811377379577607,0.3150767737533897,-0.03422368477913551,0.00537109375,0.0017729640530887991,4.367639528929851e-05
4253696,-0.0010236934176646173,0.319238189375028,-0.029758224525721744,0.00732421875,0.0010782656900119036,4.3650793650793655e-05
4254720,-0.0012177304743090644,0.12593369896057993,-0.024426091244095005,0.0048828125,0.0005311860149959102,4.362519201228879e-05
4255744,-0.00045637354924110696,0.13278019858989865,-0.02505267427841318,0.001953125,0.00043790688505396247,4.359959037378391e-05
4256768,-0.0008106931563816033,0.390964834485203,-0.027604062372120097,0.00537109375,0.0005978812259854749,4.3573988735279046e-05
4257792,-0.00011659749725367874,0.06408899964299053,-0.01827942704767338,0.00244140625,0.0010449548426549882,4.354838709677419e-05
4258816,-0.00037165635148994625,0.042922367225401103,-0.0215970617136918,0.001953125,0.0008061360567808151,4.352278545826932e-05
4259840,-0.0004002470668638125,0.08091997390147299,-0.02206447788830701,0.00244140625,0.00038827306707389653,4.349718381976446e-05
4260864,-0.00040287118463311344,0.7314951377920806,-0.03258159174583852,0.0009765625,0.000126829938380979,4.347158218125959e-05
4261888,6.36440672678873e-05,0.42551406589336693,-0.026363272349044564,0.00537109375,0.00042180847958661616,4.3445980542754734e-05
4262912,-0.001104580849641934,0.0997412275755778,-0.026815694916876964,0.00732421875,0.0011833852622658014,4.342037890424987e-05
4263936,-0.0015542085238848813,0.3821014908608049,-0.029937401734059677,0.005859375,0.0005510636838153005,4.3394777265745004e-05
4264960,-0.0014792584697715938,0.28338842873927206,-0.021742277458542958,0.00439453125,0.00033944312599487603,4.3369175627240145e-05
4265984,-0.0017966155646718107,0.39894365170039237,-0.02545891172485426,0.01416015625,0.0020917110377922654,4.334357398873528e-05
4267008,-0.0017385001410730183,0.12363933166489005,-0.03082778000680264,0.01123046875,0.002094038572977297,4.3317972350230415e-05
4268032,-0.0007072405569488183,0.09519919694866985,-0.0258900506705686,0.0068359375,0.0008972549258032814,4.329237071172556e-05
4269056,-0.00010365890921093524,0.09517524926923215,-0.02119301343918778,0.00244140625,0.00025301794812548906,4.326676907322068e-05
4270080,-0.00037584963138215244,0.07077905407641083,-0.021741106735134963,0.001953125,0.00013866422523278743,4.324116743471581e-05
4271104,-0.0013412983826128766,0.5032570487819612,-0.02076411845337134,0.001953125,0.0006024317845003679,4.321556579621095e-05
4272128,-0.0007434469880536199,0.6396765555255115,-0.04152440876350738,0.00537109375,0.0004780471499543637,4.318996415770609e-05
4273152,-0.001254824412171729,0.14602526952512562,-0.027138948258652817,0.00634765625,0.0017440877272747457,4.3164362519201224e-05
4274176,-8.096224337350577e-05,0.39083301019854844,-0.028094011366192717,0.0048828125,0.0006879057036712766,4.313876088069636e-05
4275200,-0.0008923797722673044,0.4411789358127862,-0.030644841230241582,0.00341796875,0.0009292481699958444,4.3113159242191494e-05
4276224,-0.0017007895221468061,0.057403086218982935,-0.022716106366715394,0.0048828125,0.0017717236914904788,4.3087557603686636e-05
4277248,0.0019870474352501333,0.25386373046785593,-0.02048699982697144,0.0087890625,0.0007906576065579429,4.306195596518177e-05
4278272,-0.00033721500949468464,0.037944526062346995,-0.022238292047404684,0.00341796875,0.00035608185862656683,4.3036354326676905e-05
4279296,-0.00017193760868394747,0.08698809647466987,-0.024661073890456464,0.00439453125,0.0005738147592637688,4.301075268817205e-05
4280320,-0.0014663201291114092,0.4536923607811332,-0.033404667607101146,0.005859375,0.0005890163738513365,4.298515104966718e-05
4281344,-0.0021059009159216657,0.36759303498547524,-0.029193880793172866,0.00390625,0.0007350011728703976,4.29595494111623e-05
4282368,-0.0006252162929740734,0.06143800093559548,-0.018189515627454966,0.0048828125,0.0007356371061177924,4.293394777265744e-05
4283392,-0.0005845098639838398,0.05870003247400746,-0.01694348880482721,0.00634765625,0.0012386470625642687,4.290834613415258e-05
4284416,-0.0012093519908376038,0.06554358033463359,-0.021830395839060657,0.005859375,0.0007956349290907383,4.2882744495647715e-05
4285440,-0.000844521913677454,0.0973332030698657,-0.025920049120031763,0.00537109375,0.0005488512251758948,4.285714285714285e-05
4286464,-0.0006722754551446997,0.4225844251923263,-0.026382453739643097,0.0029296875,0.0007037280593067408,4.283154121863799e-05
4287488,-0.001211543523822911,0.08738902735058218,-0.016815041657537222,0.00390625,0.0006712190370308235,4.2805939580133126e-05
4288512,-0.0009229450370185077,0.12052368000149727,-0.022207485235412605,0.00390625,0.0015946083149174228,4.278033794162826e-05
4289536,-0.0007314439571928233,0.08394541312009096,-0.01870683251581795,0.005859375,0.0007555550837423652,4.2754736303123396e-05
4290560,-0.0004098623321624473,0.4044967791996896,-0.024308556254254654,0.0048828125,0.00044282285671215504,4.272913466461854e-05
4291584,0.0006781732517993078,0.07028539571911097,-0.018909683798483456,0.00537109375,0.0006414943927666172,4.270353302611367e-05
4292608,-3.294571070000529e-05,0.04886813904158771,-0.017010792267683428,0.00048828125,0.00018694593745749444,4.267793138760881e-05
4293632,-0.0003965827636420727,0.4523274153470993,-0.02733675348372344,0.00244140625,0.0003103737981291488,4.265232974910393e-05
4294656,-0.0010578961810097098,0.05926537397317588,-0.014060728810363798,0.00439453125,0.0010188003798248246,4.262672811059907e-05
4295680,-0.00040206538687925786,0.07230354787316173,-0.025509509738185443,0.0048828125,0.0006132672569947317,4.2601126472094205e-05
4296704,4.883759538643062e-05,0.06224188324995339,-0.015464807158423355,0.00390625,0.0010651723423507065,4.257552483358934e-05
4297728,-0.0018884877936216071,0.42757265688851476,-0.027999725956760813,0.00634765625,0.0005493037751875818,4.254992319508448e-05
4298752,-0.0004697491094702855,0.07033022516407073,-0.025145237774268026,0.00244140625,0.0007174667989602312,4.2524321556579616e-05
4299776,-0.0006467704224633053,0.07739248650614172,-0.021664494925062172,0.00537109375,0.0005890234606340528,4.249871991807475e-05
4300800,0.00041257557313656434,0.389602669631131,-0.024424982406344498,0.0029296875,0.0002449898165650666,4.247311827956989e-05
4301824,-0.0010531299994909205,0.353969968855381,-0.029646557552041486,0.0009765625,0.00018464995082467794,4.244751664106503e-05
4302848,-0.00012553752458188683,0.03923460131045431,-0.016027459721954074,0.00439453125,0.001482296735048294,4.242191500256016e-05
4303872,-0.00015438834088854492,0.05249739554710686,-0.02512612330610864,0.00537109375,0.0004822937917197123,4.23963133640553e-05
4304896,0.00015083403559401631,0.04513757408130914,-0.0204763896545046,0.0078125,0.0009519448794890195,4.237071172555044e-05
4305920,-0.0014244639896787703,0.0901120756752789,-0.030969912550062872,0.0087890625,0.0013210479664849117,4.2345110087045574e-05
4306944,0.002209766855230555,0.2638992639258504,-0.025789081235416234,0.0068359375,0.0022506382665596902,4.2319508448540695e-05
4307968,-0.00012904920731671154,0.7151490622200072,-0.04215775188640691,0.00732421875,0.0008429431763943285,4.229390681003583e-05
4308992,-0.001353183324681595,0.3976870512124151,-0.026489937228689087,0.005859375,0.0007396859582513571,4.226830517153097e-05
4310016,-0.00047868749243207276,0.3664913510438055,-0.028917248637299053,0.00830078125,0.00044544151751324534,4.224270353302611e-05
4311040,-0.0006525818898808211,0.10893712262623012,-0.028097511414671317,0.00439453125,0.0011805600952357054,4.221710189452124e-05
4312064,0.0010116444464074448,0.4499076115898788,-0.03585923073114827,0.01611328125,0.0014973185316193849,4.219150025601638e-05
4313088,-0.001066570810507983,1.0348008377477527,-0.044987996749114245,0.00732421875,0.0006021019071340561,4.216589861751152e-05
4314112,-0.000983822625130415,0.03717169672017917,-0.021783565047371667,0.00439453125,0.0004375019925646484,4.214029697900665e-05
4315136,-0.0012204936356283724,0.08561449788976461,-0.023732436646241695,0.0068359375,0.001483745436416939,4.2114695340501795e-05
4316160,-0.001259533455595374,0.6547943283803761,-0.033652499165327754,0.0029296875,0.00025383853062521666,4.208909370199693e-05
4317184,-0.003181019565090537,1.210558908060193,-0.05766693042824045,0.00927734375,0.0007592003821628168,4.2063492063492065e-05
4318208,-0.0006373556680046022,0.09985007741488516,-0.016956559196842136,0.00244140625,0.0008151223883032799,4.2037890424987206e-05
4319232,0.00015964116028044373,0.05009625316597521,-0.018197446272097295,0.00341796875,0.0017069046443793923,4.201228878648232e-05
4320256,-0.0007717508560745046,0.2861689034034498,-0.028143060808361042,0.00537109375,0.0006005050818203017,4.198668714797746e-05
4321280,-0.0010724176099756733,0.08692044508643448,-0.02222011260346335,0.00439453125,0.0009405460295965895,4.19610855094726e-05
4322304,-9.006979234982282e-05,0.3573693176731467,-0.026307379477657378,0.00634765625,0.0016820933087728918,4.193548387096773e-05
4323328,-0.0016703232540749013,0.13233283488079906,-0.022312237797450507,0.0048828125,0.001150916374172084,4.1909882232462874e-05
4324352,-7.464885129593313e-06,0.0550592141225934,-0.017029287497280166,0.00146484375,0.0002511619095457718,4.188428059395801e-05
4325376,0.0011086477024946362,0.044194790127221495,-0.02224212418150273,0.009765625,0.0006593977595912293,4.1858678955453144e-05
4326400,-0.0016030954939196818,0.11309798271395266,-0.02174203305185074,0.01123046875,0.001627844976610504,4.1833077316948285e-05
4327424,-0.0002520263224141672,0.06421051488723606,-0.021911826638643106,0.001953125,0.0005695508589269593,4.180747567844342e-05
4328448,-0.003936512235668488,0.2581332402769476,-0.03112593971309252,0.00830078125,0.0018069343641400337,4.1781874039938555e-05
4329472,-0.0007670003979001194,0.04698455549078062,-0.023919156777992612,0.00537109375,0.0007753187965136021,4.1756272401433697e-05
4330496,-0.0008431650639977306,0.3711335672996938,-0.028654212124820333,0.0009765625,0.00024821337137836963,4.173067076292883e-05
4331520,-0.0008733635186217725,0.05455468565924093,-0.02081082944641821,0.00439453125,0.0005126618634676561,4.1705069124423966e-05
4332544,-0.001442442531697452,0.39480105857364833,-0.03651651955442503,0.005859375,0.0005686195363523439,4.167946748591909e-05
4333568,-0.00038359615427907556,0.09316543210297823,-0.016113677291286876,0.00390625,0.0004148855950916186,4.165386584741422e-05
4334592,-0.001632036262890324,0.25649347237776965,-0.02877637857454829,0.00341796875,0.00040662597166374326,4.1628264208909364e-05
4335616,-0.001869678046205081,0.45330239832401276,-0.037766331544844434,0.00537109375,0.0004230215272400528,4.16026625704045e-05
4336640,-0.0014269714883994311,0.7748207491822541,-0.04200061457231641,0.00732421875,0.001096344567486085,4.1577060931899634e-05
4337664,-0.00035349880636204034,0.5818683211691678,-0.03677355404943228,0.0029296875,0.0002729108528001234,4.1551459293394776e-05
4338688,-0.0001507273846073076,0.06525661109481007,-0.021712173242121935,0.00341796875,0.0009527366055408493,4.152585765488991e-05
4339712,-0.0008108251786325127,0.44738030957523733,-0.03955706930719316,0.01123046875,0.0016979394567897543,4.1500256016385045e-05
4340736,-0.0007603589328937232,0.06737254373729229,-0.02033890368511493,0.00439453125,0.0009577246091794223,4.147465437788019e-05
4341760,-0.0002259545144625008,0.39180460711941123,-0.030479145410936326,0.0029296875,0.0006250530714169145,4.144905273937532e-05
4342784,-0.0013833056727889925,0.7079355062451214,-0.044663672044407576,0.00390625,0.00041894352762028575,4.142345110087046e-05
4343808,-0.001521615544334054,0.2951808115467429,-0.02978283353149891,0.0029296875,0.0003586566454032436,4.13978494623656e-05
4344832,-0.0006826859607826918,0.037970981327816844,-0.026618933290592395,0.00537109375,0.0009078050788957626,4.137224782386071e-05
4345856,-0.0006637274345848709,0.16576463193632662,-0.025887958065140992,0.0068359375,0.0007116074266377836,4.1346646185355855e-05
4346880,-0.0018471186922397465,1.327859416604042,-0.06787721789442003,0.01416015625,0.0011723759962478653,4.132104454685099e-05
4347904,-0.00168055304675363,0.10734063177369535,-0.02505775377721875,0.00732421875,0.0030068522901274264,4.1295442908346124e-05
4348928,-0.0016934486775426194,0.6865061200223863,-0.03672791433564271,0.00830078125,0.0010589031444396824,4.1269841269841266e-05
4349952,-0.0006028235802659765,0.05157213902566582,-0.0247545576239645,0.00244140625,0.0005583870224654675,4.12442396313364e-05
4350976,-0.00024099631264107302,0.32650406390894204,-0.021309795429260703,0.0029296875,0.0001914712047437206,4.1218637992831536e-05
4352000,-0.0013173872866900638,0.3980820912402123,-0.03056798483885359,0.00732421875,0.0008393844909733161,4.119303635432668e-05
4353024,-0.003415035374928266,0.6924891837406904,-0.04060608899453655,0.01025390625,0.0010346975905122235,4.116743471582181e-05
4354048,-0.0006374583172146231,0.4820948054548353,-0.025237423018552363,0.00537109375,0.0014851729647489265,4.114183307731695e-05
4355072,-0.0022256850643316284,0.0649815850192681,-0.02169053251236619,0.00537109375,0.001445287824026309,4.111623143881209e-05
4356096,-0.0020058955415152013,0.7979247746989131,-0.036449104169150814,0.00927734375,0.0008280657348223031,4.1090629800307224e-05
4357120,-0.0008558272966183722,0.04861841502133757,-0.02335225325805368,0.0078125,0.0006769012834411114,4.1065028161802345e-05
4358144,-0.001459555045585148,0.6831140294671059,-0.039086517674149945,0.00732421875,0.0007014148286543787,4.103942652329748e-05
4359168,-0.001093492319341749,0.052299058297649026,-0.020803231262107147,0.00341796875,0.00045113232044968754,4.1013824884792615e-05
4360192,-0.0008710079418960959,0.7268651062622666,-0.029880262940423563,0.0048828125,0.000914367803488858,4.0988223246287756e-05
4361216,-0.00022434552374761552,0.07285006786696613,-0.025802182106417604,0.0009765625,0.000345770749845542,4.096262160778289e-05
4362240,-0.00333747013064567,0.6639928016811609,-0.03186948822985869,0.01416015625,0.0013709188206121325,4.0937019969278026e-05
4363264,-0.001704277325188741,0.07287764025386423,-0.023867229854658945,0.013671875,0.003572423927835189,4.091141833077317e-05
4364288,1.6061094356700778e-05,0.06365365849342197,-0.02176241656206912,0.0068359375,0.0016146068519446999,4.08858166922683e-05
4365312,-0.0004526499687926844,0.03339680947829038,-0.026596128889650572,0.00390625,0.0010513194283703342,4.086021505376344e-05
4366336,-0.0006128808163339272,0.3609462339663878,-0.028848371497588232,0.00048828125,7.497447950299829e-05,4.083461341525858e-05
4367360,-0.00010430452675791457,0.05706503742840141,-0.026386367527265975,0.005859375,0.0009279661753680557,4.0809011776753714e-05
4368384,-0.0012493747635744512,0.6975944647565484,-0.028889144098684483,0.0048828125,0.0005633845430565998,4.078341013824885e-05
4369408,-0.0013536444894270971,0.30493752320762724,-0.03442544772406109,0.00439453125,0.0002778753114398569,4.075780849974399e-05
4370432,-0.002390623456449248,1.0619790465570986,-0.049102899589342996,0.01220703125,0.0009212481381837279,4.0732206861239105e-05
4371456,-0.0017541410416015424,0.32146208896301687,-0.027054083982875454,0.00732421875,0.00100499510881491,4.070660522273425e-05
4372480,-0.0010125344851985574,0.041849523258861154,-0.02231213385493902,0.0068359375,0.0013038837350904942,4.068100358422938e-05
4373504,-0.000494549676659517,0.058131503872573376,-0.020309409621404484,0.00439453125,0.0005093329382361844,4.0655401945724517e-05
4374528,-0.0018650895217433572,0.37658984994050115,-0.025895263759593945,0.005859375,0.0004971766466042027,4.062980030721966e-05
4375552,-0.00038640343700535595,0.08390085212886333,-0.027813879532914143,0.00537109375,0.00046723360719624907,4.060419866871479e-05
4376576,-0.00017895165365189314,0.047724708914756775,-0.02366059855557978,0.00048828125,0.0002515033120289445,4.057859703020993e-05
4377600,-0.0009469033539062366,0.9411658328026533,-0.03953585744602606,0.0009765625,0.00012165916268713772,4.055299539170507e-05
4378624,-0.0006319650128716603,0.05385546857723966,-0.022676072374451905,0.00537109375,0.0009311363683082163,4.0527393753200205e-05
4379648,-0.0005774846504209563,0.041239912097807974,-0.023468960247555515,0.0029296875,0.001126266666688025,4.050179211469534e-05
4380672,-0.0013906785170547664,0.057853283651638776,-0.02543294572387822,0.00390625,0.00037567167601082474,4.047619047619048e-05
4381696,5.827751010656357e-07,0.08104861131869256,-0.02620325708267046,0.00244140625,0.00041296247218269855,4.0450588837685616e-05
4382720,-0.0008067322341958061,0.056079712929204106,-0.025916587635947508,0.00390625,0.0006578112515853718,4.042498719918074e-05
4383744,-0.0004707421758212149,0.5823479006066918,-0.031887540870229714,0.00244140625,0.0006193107401486486,4.039938556067587e-05
4384768,-0.0005259515819489025,0.41430860362015665,-0.02748441846051719,0.00244140625,0.0002536474057706073,4.037378392217101e-05
4385792,-0.00021756328351330012,0.0762332477606833,-0.01965857904360746,0.0029296875,0.0008277482411358505,4.034818228366615e-05
4386816,-7.737402484053746e-05,0.6420793638098985,-0.03722390963230282,0.00146484375,0.00020252082322258502,4.0322580645161284e-05
4387840,-0.0002796616463456303,0.0435809136251919,-0.020633911891309253,0.001953125,0.0004320228035794571,4.029697900665642e-05
4388864,-0.00036841000473941676,0.08519264019560069,-0.03096293874841649,0.0068359375,0.0007402666087727994,4.027137736815156e-05
4389888,-0.001397222455125302,0.3780997389694676,-0.0281021725240862,0.0068359375,0.0004162058321526274,4.0245775729646695e-05
4390912,-0.0002747734251897782,0.500641193240881,-0.030390431733394507,0.005859375,0.0005749612028012052,4.022017409114183e-05
4391936,-0.00043103264761157334,0.04547067533712834,-0.01895353548025014,0.001953125,0.0001652587961871177,4.019457245263697e-05
4392960,-0.0005703205097233877,0.06986297597177327,-0.02093878194136778,0.00537109375,0.0006231805746210739,4.0168970814132106e-05
4393984,-0.0011733128339983523,0.06219555833376944,-0.019949919791542925,0.00634765625,0.001326488287304528,4.014336917562724e-05
4395008,-0.0007823770865797997,0.4975357202347368,-0.02846778633829672,0.00537109375,0.0006506674399133772,4.011776753712238e-05
4396032,-0.0010293700179317966,0.4396057581761852,-0.04030039501958527,0.001953125,0.00026919263473246247,4.0092165898617504e-05
4397056,-0.0007880929624661803,0.04884124919772148,-0.024666941608302295,0.00244140625,0.0006359165126923472,4.006656426011264e-05
4398080,-0.00045621211756952107,0.07948763621971011,-0.019699486862009508,0.005859375,0.001091394733521156,4.0040962621607774e-05
4399104,-0.0003592146676965058,0.05344878928735852,-0.022321425771224312,0.0048828125,0.0007328436331590638,4.001536098310291e-05
4400128,-0.0007999178924364969,0.060697902692481875,-0.020387581545946887,0.00439453125,0.0012077446590410545,3.998975934459805e-05
4401152,-0.0009586064552422613,0.7609735396690667,-0.031941105975420214,0.00439453125,0.00037218068609945476,3.9964157706093185e-05
4402176,-0.0008118480327539146,0.029375126701779664,-0.01886361409060555,0.0029296875,0.0012003637239104137,3.993855606758832e-05
4403200,-0.002245379379019141,0.2530526027549058,-0.02831359712581616,0.0048828125,0.0003345785225974396,3.991295442908346e-05
4404224,-0.000877844518981874,0.060821295832283795,-0.026019041528343223,0.005859375,0.0007467160176020116,3.98873527905786e-05
4405248,-0.0007405956275761127,0.06232040491886437,-0.022753848250431474,0.0048828125,0.0003899712464772165,3.986175115207373e-05
4406272,-0.0003180528728989884,0.04486041789641604,-0.023445077378710266,0.0068359375,0.00048477000382263213,3.983614951356887e-05
4407296,5.5151176638901234e-05,0.37509539851453155,-0.030926576466299593,0.00439453125,0.0004792420659214258,3.981054787506401e-05
4408320,-0.0003655812324723229,0.04327682446455583,-0.02062133891740814,0.00439453125,0.0005611455126199871,3.978494623655913e-05
4409344,-0.0010075718892039731,0.15127942361868918,-0.03031005780212581,0.01611328125,0.0017133258952526376,3.9759344598054264e-05
4410368,-0.0008676664583617821,0.07328737713396549,-0.018241069210489513,0.001953125,0.0003372155042598024,3.9733742959549406e-05
4411392,-0.0005251453003438655,0.08180050435476005,-0.025987709988839924,0.00146484375,0.00018220396304968745,3.970814132104454e-05
4412416,-0.0017315780132776126,0.7591562813613564,-0.04368866857839748,0.00830078125,0.0007302136800717562,3.9682539682539676e-05
4413440,-0.0007111805316526443,0.3724564698059112,-0.0262755659641698,0.00439453125,0.0006184445373946801,3.965693804403481e-05
4414464,-0.0003727028306457214,0.03633070376235992,-0.014159923371153127,0.001953125,0.0008051125332713127,3.963133640552995e-05
4415488,-0.0007388514350168407,0.05303152836859226,-0.01956282953324262,0.00390625,0.00021707243286073208,3.960573476702509e-05
4416512,-0.002332594565814361,0.0755549002205953,-0.027884701135917567,0.01025390625,0.0022139005013741553,3.958013312852022e-05
4417536,-0.002343985572224483,0.3819480948150158,-0.03209744753985433,0.005859375,0.0005743403016822413,3.9554531490015364e-05
4418560,-0.0006189540727064013,0.41152126027736813,-0.027751522276957985,0.00244140625,0.000723494027624838,3.95289298515105e-05
4419584,-0.0006834813975729048,0.055840288987383246,-0.02282136399844603,0.0029296875,0.00023041851818561554,3.9503328213005633e-05
4420608,-0.0015896179611445405,0.4061805078526959,-0.031485181316384114,0.0048828125,0.0003429823846090585,3.9477726574500755e-05
4421632,-0.001082683855202049,0.05392901902087033,-0.023740936791000422,0.00537109375,0.0008298136381199583,3.9452124935995896e-05
4422656,-0.0006409224588423967,0.07117616443429142,-0.021616778860334307,0.00146484375,0.0005354147870093584,3.942652329749103e-05
4423680,-0.0003015933689312078,0.03352701629046351,-0.01913358094589057,0.00146484375,9.964188211597502e-05,3.9400921658986166e-05
4424704,0.00022483410430140793,0.46052655670791864,-0.04002209989266703,0.00244140625,0.0008954350487329066,3.937532002048131e-05
4425728,-4.496221663430333e-06,0.0349392129573971,-0.021614088682326837,0.00341796875,0.0002569348580436781,3.934971838197644e-05
4426752,-0.0019127027335343882,0.2858360046520829,-0.028196737162943464,0.00146484375,0.0001394104619976133,3.932411674347158e-05
4427776,-0.0003215489487047307,0.6814103636424989,-0.03376545148785226,0.0009765625,0.00012864748714491725,3.929851510496671e-05
4428800,-0.0008586414332967252,0.10986167890951037,-0.03151023486861959,0.00341796875,0.0009372547938255593,3.9272913466461854e-05
4429824,-0.0030901460559107363,0.6871677956078202,-0.03294266920420341,0.01953125,0.003011788969160989,3.924731182795699e-05
4430848,-0.0001589325547683984,0.17515563406050205,-0.02491056475264486,0.00048828125,0.00015702888777013868,3.9221710189452124e-05
4431872,-0.0005570917419390753,0.21560434089042246,-0.025926877176971175,0.00439453125,0.000940022204304114,3.9196108550947265e-05
4432896,-0.000803175033070147,0.7434444478712976,-0.03785718927974813,0.0029296875,0.0002568483760114759,3.91705069124424e-05
4433920,-0.0025553001032676548,0.3550113760866225,-0.03355883329641074,0.00830078125,0.0017647641361691058,3.914490527393752e-05
4434944,-0.0006572454294655472,0.09873610234353691,-0.027178519734661677,0.00830078125,0.0010075327445520088,3.9119303635432657e-05
4435968,-0.0015403589932247996,0.10872334544546902,-0.028480398534156848,0.01025390625,0.0024510304210707545,3.90937019969278e-05
4436992,-0.00026276594144292176,0.07031844882294536,-0.023225689787068404,0.00390625,0.0005279682663967833,3.906810035842293e-05
4438016,-0.002054396492894739,0.39158264780417085,-0.040291533776326105,0.0048828125,0.0007212383206933737,3.904249871991807e-05
4439040,-0.0014165697357384488,0.1035160421160981,-0.026289420726243407,0.0068359375,0.0019108737906208262,3.901689708141321e-05
4440064,-0.0013166585413273424,0.057208475074730814,-0.01901216022815788,0.00732421875,0.0017050957394530997,3.8991295442908344e-05
4441088,-0.0015813047939445823,0.4029044939670712,-0.029117219950421713,0.0068359375,0.002604702123790048,3.896569380440348e-05
4442112,5.1764072850346565e-06,0.7164076867047697,-0.03269922918116208,0.00439453125,0.0004596508661052212,3.8940092165898614e-05
4443136,-0.0015895124815870076,0.03988392069004476,-0.02228416736033978,0.0107421875,0.0037939829635433853,3.8914490527393756e-05
4444160,-0.00025989252026192844,0.05140008399030194,-0.024326751048647566,0.0029296875,0.0009042149758897722,3.888888888888889e-05
4445184,-0.0016492100694449618,1.0047550927847624,-0.03627446392783895,0.00927734375,0.0008275203726952896,3.8863287250384026e-05
4446208,-0.0007808461232343689,0.0735002119326964,-0.02889695182966534,0.0029296875,0.00029228455969132483,3.883768561187915e-05
4447232,-0.0006369662878569216,0.059838147135451436,-0.027425928084994666,0.00146484375,0.000627830289886333,3.881208397337429e-05
4448256,-0.0023835979809518903,0.15372619044501334,-0.026936045062029734,0.00634765625,0.001171222233097069,3.8786482334869423e-05
4449280,-0.001390505043673329,0.0540460383053869,-0.027508121798746288,0.00537109375,0.0010280935530317947,3.876088069636456e-05
4450304,-0.0011211548844585195,0.05051410000305623,-0.02445539658947382,0.00244140625,0.0004353159456513822,3.87352790578597e-05
4451328,-0.00021557947911787778,0.35540011222474277,-0.032034700736403465,0.001953125,0.0002095900708809495,3.8709677419354835e-05
4452352,-0.002459250157698989,0.2575810056878254,-0.03556036042573396,0.0087890625,0.0011751002457458526,3.868407578084997e-05
4453376,-0.0009526722133159637,0.04525953542906791,-0.023708930577413412,0.00537109375,0.00056678187684156,3.865847414234511e-05
4454400,-0.002079215395497158,0.17209768597967923,-0.03027506306534633,0.0087890625,0.003176251848344691,3.8632872503840246e-05
4455424,-0.0017728970851749182,0.0759093058295548,-0.02811421283695381,0.00830078125,0.00196787464665249,3.860727086533538e-05
4456448,-0.001261892801267095,0.1163566947216168,-0.0259021209058119,0.0068359375,0.0011918526142835617,3.8581669226830516e-05
4457472,-0.002027328016993124,0.44159902504179627,-0.03045507855131291,0.0048828125,0.0005132902879267931,3.855606758832566e-05
4458496,-0.001576778246089816,0.0508088962524198,-0.02266894500644412,0.0087890625,0.0011917625815840438,3.853046594982078e-05
4459520,-0.001610800507478416,0.09168997022788972,-0.025638871222326998,0.00927734375,0.002676734118722379,3.8504864311315914e-05
4460544,-0.00019839711603708565,0.11813595262356102,-0.026869695575442165,0.00341796875,0.00035835774906445295,3.847926267281105e-05
4461568,-0.00069231673842296,0.07035128097049892,-0.022672504870570265,0.00244140625,0.0003227987908758223,3.845366103430619e-05
4462592,-0.0004959710349794477,0.1028789043193683,-0.023471084245102247,0.00390625,0.0003048916842089966,3.8428059395801325e-05
4463616,-0.0021022272339905612,0.3894307583104819,-0.03814489228534512,0.013671875,0.0013990731677040458,3.840245775729646e-05
4464640,-0.004574101360049099,0.6536618378013372,-0.037666005082428455,0.005859375,0.002161848606192507,3.83768561187916e-05
4465664,0.00014945410657674074,0.8255957281216979,-0.04384162847418338,0.0048828125,0.0004113174509257078,3.835125448028674e-05
4466688,-0.0009922975150402635,0.08838296262547374,-0.024124469542584848,0.00439453125,0.0004832552367588505,3.832565284178187e-05
4467712,-8.524891745764762e-05,0.4052981794811785,-0.04599911201512441,0.00439453125,0.0007004197686910629,3.830005120327701e-05
4468736,-0.0017467709549237043,0.8352637644857168,-0.048384896537754685,0.0048828125,0.0010032659629359841,3.827444956477215e-05
4469760,-0.00036636163713410497,0.0728397014318034,-0.02447735993337119,0.0029296875,0.0005707354284822941,3.824884792626728e-05
4470784,-0.0024909869534894824,0.3968796362169087,-0.02647957416047575,0.00537109375,0.0006818901310907677,3.8223246287762425e-05
4471808,-0.0015489065845031291,0.6333602201193571,-0.03783835322246887,0.00390625,0.0005832680035382509,3.819764464925754e-05
4472832,-0.0014111862983554602,0.0770428815158084,-0.021083189029013738,0.00390625,0.000494308551424183,3.817204301075268e-05
4473856,-0.0006158312899060547,0.12527266202960163,-0.028533250882901484,0.0009765625,0.0001881688367575407,3.8146441372247816e-05
4474880,-0.0012975606805412099,0.04284602025290951,-0.021218541481175635,0.005859375,0.000563630965189077,3.812083973374295e-05
4475904,-0.001710188400465995,0.6186647797003388,-0.033362984569976106,0.0029296875,0.0007120304653653875,3.809523809523809e-05
4476928,-0.0013867909437976778,0.07620023167692125,-0.023867314113886096,0.00927734375,0.0022279053955571726,3.806963645673323e-05
4477952,-0.0007509140050387941,0.30692894104868174,-0.03687455545878038,0.009765625,0.0016331362567143515,3.804403481822836e-05
4478976,-0.00020776339806616306,0.05445781478192657,-0.032644662336679175,0.00146484375,0.00013684645819012076,3.8018433179723504e-05
4480000,-0.0006316380022326484,0.0629552147584036,-0.023525991644419264,0.00439453125,0.0006542695336975157,3.799283154121864e-05
4481024,-0.0007293149101315066,0.07327980303671211,-0.02412162370637816,0.00927734375,0.001518913370091468,3.796722990271377e-05
4482048,-0.0014867456920910627,0.05228197621181607,-0.02159793145256117,0.00927734375,0.001254503455129452,3.7941628264208915e-05
4483072,-0.0006373125142999925,0.343982667196542,-0.026401817813166417,0.00146484375,0.00010214513167738914,3.791602662570405e-05
4484096,-0.00044695023098029196,0.04745564376935363,-0.02634703987314424,0.00537109375,0.0005456332728499547,3.789042498719917e-05
4485120,-3.268040018156171e-05,0.04548622580477968,-0.023098137895431137,0.00390625,0.0005011428584111854,3.7864823348694306e-05
4486144,-0.0009155460284091532,0.094230089453049,-0.02407159384165425,0.00341796875,0.0013899817276978865,3.783922171018944e-05
4487168,-0.00034986413083970547,0.06867175293155015,-0.024282856233185157,0.0009765625,0.00011542096035555005,3.781362007168458e-05
4488192,-0.0009332875779364258,0.10299563850276172,-0.02165800028888043,0.0048828125,0.0009169124532490969,3.778801843317972e-05
4489216,-0.0001752489188220352,0.2579631549306214,-0.029419033038720954,0.0048828125,0.0008681151084601879,3.776241679467485e-05
4490240,-0.0022957625333219767,0.09747089503798634,-0.02480851234849979,0.00537109375,0.0007657856622245163,3.7736815156169994e-05
4491264,-0.0005680963804479688,0.04865627869730815,-0.02367859529931593,0.00146484375,0.0002033568889601156,3.771121351766513e-05
4492288,-0.0006845573807368055,0.04282826243434101,-0.022998119522526395,0.005859375,0.0012544274650281295,3.7685611879160264e-05
4493312,-0.0010870031983358786,0.061267459648661315,-0.023114082956453785,0.0068359375,0.001063168907421641,3.7660010240655405e-05
4494336,-0.00015462905867025256,0.06377334136050195,-0.02183778962262295,0.00244140625,0.00104523278423585,3.763440860215054e-05
4495360,-0.00030164109193719923,0.04825202643405646,-0.019665238782181405,0.00146484375,0.00017718403250910342,3.7608806963645675e-05
4496384,-0.0007705181778874248,0.08279232471249998,-0.026807962174643762,0.0029296875,0.0002534778031986207,3.758320532514082e-05
4497408,-0.00041552091170160566,0.4167517723981291,-0.03023539821151644,0.0029296875,0.0002678125456441194,3.755760368663593e-05
4498432,-0.0005033245106460527,0.46520699094980955,-0.0343173554756504,0.0029296875,0.0007018343021627516,3.753200204813107e-05
4499456,-0.00121749856043607,0.3142150498460978,-0.028910597051435616,0.00146484375,0.0001467554538976401,3.750640040962621e-05
4500480,-0.0009487983188591897,0.42100373969879,-0.024942118892795406,0.00244140625,0.000208833662327379,3.748079877112134e-05
4501504,-0.0013211147743277252,0.06647280580364168,-0.026941451908896852,0.00634765625,0.002101176680298522,3.7455197132616484e-05
4502528,-0.00036698125768452883,0.045168964308686554,-0.024910387008276302,0.0029296875,0.0004856372979702428,3.742959549411162e-05
4503552,-0.0012367090821499005,0.06458569213282317,-0.02615284634521231,0.00830078125,0.0008654883567942306,3.7403993855606754e-05
4504576,-0.00047090677253436297,0.392963295802474,-0.0273685262654908,0.005859375,0.0008956610690802336,3.7378392217101896e-05
4505600,-0.0005151095392648131,0.029528060171287507,-0.02191613354079891,0.001953125,0.0001433009747415781,3.735279057859703e-05
4506624,-0.001178824095404707,0.7318099765107036,-0.04502816320746206,0.0009765625,0.00013830374518875033,3.7327188940092166e-05
4507648,-0.001542507641715929,0.47376100439578295,-0.02941125209326856,0.00830078125,0.0015777711232658476,3.730158730158731e-05
4508672,-0.0011304541840218008,0.08908362477086484,-0.024591912726464216,0.0068359375,0.0022677379165543243,3.727598566308244e-05
4509696,-0.0007744836184429005,0.07685460487846285,-0.0246327873392147,0.00439453125,0.0013370557280723006,3.7250384024577563e-05
4510720,-0.0020528603781713173,0.40161529486067593,-0.033457431505667046,0.00439453125,0.00043135911982972175,3.72247823860727e-05
4511744,-0.0006186125610838644,1.1347621260210872,-0.04208517266670242,0.00341796875,0.00020727109222207218,3.719918074756783e-05
4512768,-0.0005314328154781833,0.03602097142720595,-0.02217999847016472,0.00244140625,0.00023502389376517385,3.7173579109062975e-05
4513792,-0.0006693555333185941,0.05149142997106537,-0.02294717544282321,0.00732421875,0.001831748100812547,3.714797747055811e-05
4514816,-0.0012623722941498272,0.07824252359569073,-0.025464535072387662,0.00634765625,0.0022196908394107595,3.7122375832053245e-05
4515840,-0.0018871350621338934,0.3089630267350003,-0.03939381286181742,0.00537109375,0.0005085244192741811,3.7096774193548386e-05
4516864,-0.0005091265338705853,0.3953582216054201,-0.026139442008570768,0.0029296875,0.0005685383948730305,3.707117255504352e-05
4517888,-0.0008147902408381924,0.05904978129547089,-0.021273473157634726,0.0029296875,0.0005359655770007521,3.7045570916538656e-05
4518912,0.00011698348680511117,0.08550686744274572,-0.02260573915373243,0.00390625,0.0011788468400482088,3.70199692780338e-05
4519936,-0.0031961877830326557,0.38402938563376665,-0.030507211660733446,0.0107421875,0.0014585918397642672,3.699436763952893e-05
4520960,-0.0008999721321742982,0.05515281041152775,-0.017662090826888743,0.0029296875,0.0008913804340409115,3.696876600102407e-05
4521984,-0.0007332209788728505,0.08093580580316484,-0.024734631333558355,0.00244140625,0.00017365140956826508,3.694316436251919e-05
4523008,-0.001084496449038852,0.060086755198426545,-0.02219520552898757,0.005859375,0.0008150908834068105,3.6917562724014324e-05
4524032,-0.0011509276373544708,0.06779710273258388,-0.030682622171298135,0.0048828125,0.0005083786672912538,3.6891961085509465e-05
4525056,-0.00044736170093528926,0.07438696920871735,-0.024202168939154944,0.00244140625,0.00025389945949427783,3.68663594470046e-05
4526080,-0.0012921109155286103,0.4235864240908995,-0.02881646952300798,0.00390625,0.00038056966150179505,3.6840757808499735e-05
4527104,-0.0003971189144067466,0.10463840328156948,-0.021534835497732274,0.0029296875,0.00031922599009703845,3.681515616999488e-05
4528128,-0.0006315892678685486,1.1685616141185164,-0.05102127604186535,0.00390625,0.00023172274813987315,3.678955453149001e-05
4529152,-0.0007187152950791642,0.0719797705532983,-0.02426110669330228,0.001953125,0.00023785611847415566,3.6763952892985146e-05
4530176,-0.0014134722878225148,0.32885050075128675,-0.032773428451037034,0.001953125,0.00015345952124334872,3.673835125448029e-05
4531200,0.00012084060290362686,0.3651623451150954,-0.031004218086309265,0.0029296875,0.0007425159128615633,3.671274961597542e-05
4532224,-0.0028778990963473916,0.16397542064078152,-0.032429438491817564,0.0078125,0.000791828875662759,3.668714797747056e-05
4533248,-0.0003889157378580421,0.09890899003949016,-0.025847859607893042,0.0048828125,0.0004931749426759779,3.66615463389657e-05
4534272,-0.00016862403572304174,0.30260764760896564,-0.03464900757535361,0.0048828125,0.0003087499499088153,3.6635944700460834e-05
4535296,-0.0021222748328000307,0.3702749714720994,-0.03475823896587826,0.00341796875,0.0007679827976971865,3.6610343061955956e-05
4536320,-0.001754055148921907,0.3331130853621289,-0.028604961411474505,0.00634765625,0.0006619908672291785,3.658474142345109e-05
4537344,-0.0010530681174714118,0.3446591373067349,-0.024821608560159802,0.00244140625,0.0002104970335494727,3.6559139784946225e-05
4538368,-0.0006015402177581564,0.054356450389605016,-0.026148185528199974,0.0048828125,0.0003506810462567955,3.653353814644137e-05
4539392,-0.000612449410255067,0.3857336789369583,-0.03367558811441995,0.0009765625,0.0001242191210621968,3.65079365079365e-05
4540416,-0.000883118380443193,0.16681833425536752,-0.02825210106675513,0.00341796875,0.0004608693561749533,3.648233486943164e-05
4541440,-0.00020766039961017668,1.0409592627547681,-0.05690387001959607,0.0126953125,0.002139116229955107,3.645673323092678e-05
4542464,-0.0003251406888011843,0.5763180204667151,-0.03220129992405418,0.00048828125,5.5980010074563324e-05,3.643113159242191e-05
4543488,-0.0009079132069018669,0.09180373756680638,-0.023371418970782543,0.00146484375,0.0002761786454357207,3.640552995391705e-05
4544512,-0.000407717889174819,0.2893415131838992,-0.028639981610467657,0.0,1.5297599020414054e-05,3.637992831541219e-05
4545536,-0.0003174478915752843,0.1359135981183499,-0.022222801898351463,0.001953125,0.0001480246864957735,3.6354326676907325e-05
4546560,-0.001750979121425189,0.39368273178115487,-0.0287382415990578,0.00537109375,0.0012940688320668414,3.632872503840246e-05
4547584,-0.0002590957737993449,0.4037241810001433,-0.037150741132791154,0.001953125,0.00019628893642220646,3.630312339989758e-05
4548608,-0.0006861600340926088,0.3095884936628863,-0.026125283278815914,0.0009765625,0.0002076731325360015,3.627752176139272e-05
4549632,-0.0008615864207968116,0.37141504674218595,-0.02684561589558143,0.00341796875,0.00044190634798724204,3.625192012288786e-05
4550656,-0.0006985455402173102,0.10967075126245618,-0.02301286692090798,0.001953125,0.0005888501036679372,3.622631848438299e-05
4551680,-0.0019154965120833367,0.10364532808307558,-0.025127837317995727,0.00634765625,0.0014384027163032442,3.620071684587813e-05
4552704,-0.0006989125104155391,0.10989723028615117,-0.018960547387905535,0.00244140625,0.0004312884557293728,3.617511520737327e-05
4553728,-0.0009127647354034707,0.07358381582889706,-0.023449478758266196,0.00244140625,0.00039044579898472875,3.6149513568868404e-05
4554752,-0.0012793920759577304,0.08227820100728422,-0.023552126232971204,0.0078125,0.0005462329281726852,3.612391193036354e-05
4555776,-0.0004827791126444936,0.033158092584926635,-0.02161030756542459,0.0009765625,9.705268894322217e-05,3.609831029185868e-05
4556800,-5.251381662674248e-05,0.061757945572026074,-0.02155986550496891,0.001953125,0.0003170930140186101,3.6072708653353815e-05
4557824,-0.0008652627839182969,0.6765076168812811,-0.034903406816738425,0.00146484375,0.00019615082419477403,3.604710701484895e-05
4558848,-0.0002972667571157217,0.050170445756521076,-0.017335181968519464,0.0009765625,9.92991408566013e-05,3.602150537634409e-05
4559872,-0.0015916948359517846,0.3749843048863113,-0.03291126521071419,0.00537109375,0.00039612766704522073,3.5995903737839227e-05
4560896,-0.0012740446691168472,0.09111147955991328,-0.019250708850449882,0.00341796875,0.0006797397218178958,3.597030209933435e-05
4561920,-0.00019348204659763724,0.056412240490317345,-0.017068074422240898,0.00244140625,0.0001805594947654754,3.594470046082948e-05
4562944,-0.00019317401165608317,0.3135297481203452,-0.026798398728715256,0.001953125,0.0009128680831054226,3.5919098822324624e-05
4563968,-0.0010699370614020154,0.06317001616116613,-0.02374351684557041,0.005859375,0.0007686019962420687,3.589349718381976e-05
4564992,-0.0010735399700934067,0.7096969191916287,-0.028196768165798858,0.001953125,0.00012956174032296985,3.5867895545314894e-05
4566016,-0.00151906593964668,0.054633797670248896,-0.02055128572465037,0.00341796875,0.00026387948310002685,3.584229390681003e-05
4567040,-0.0004991896275896579,0.09127139660995454,-0.022203159460332245,0.0029296875,0.0003135642036795616,3.581669226830517e-05
4568064,-0.0009511417447356507,0.3907952595036477,-0.022101722592196893,0.0048828125,0.0006707089196424931,3.5791090629800306e-05
4569088,-0.000636241034953855,0.41387365432456136,-0.03164435784856323,0.00341796875,0.001083349867258221,3.576548899129544e-05
4570112,-0.0010831942490767688,0.054444930341560394,-0.023120650152122835,0.0048828125,0.0011381862423149869,3.573988735279058e-05
4571136,-0.0007646352605661377,0.05008614587131888,-0.01828933741626315,0.00341796875,0.0006674541218671948,3.571428571428572e-05
4572160,-0.0008102316060103476,0.36932937055826187,-0.03014403757697437,0.0029296875,0.0006725228595314547,3.568868407578085e-05
4573184,-0.000226883334107697,0.06452789984177798,-0.022126191578536236,0.001953125,0.0007389731326838955,3.566308243727597e-05
4574208,-0.0001661982387304306,0.5236895100679249,-0.026662856645998545,0.00390625,0.0002218217123299837,3.5637480798771115e-05
4575232,-0.002317849110113457,0.6171634891070426,-0.03857063426403329,0.0048828125,0.0014111957425484434,3.561187916026625e-05
4576256,-0.001064089039573446,0.4676368945511058,-0.021202673893640167,0.00146484375,0.0002515460946597159,3.5586277521761385e-05
4577280,-0.0013300404680194333,0.4093177765607834,-0.02771712986577768,0.00244140625,0.0002601146843517199,3.5560675883256526e-05
4578304,-0.0012858933478128165,0.05553140118718147,-0.02180982802019571,0.0048828125,0.000850563810672611,3.553507424475166e-05
4579328,-0.0005997201369609684,0.09678534022532403,-0.019716605798748787,0.00927734375,0.0020535364164970815,3.5509472606246796e-05
4580352,-9.134486026596278e-05,0.05525581067195162,-0.019460626806903747,0.001953125,0.0002541901631047949,3.548387096774193e-05
4581376,-0.00043314381036907434,0.0808223889907822,-0.025577724173672323,0.00390625,0.0006835279782535508,3.545826932923707e-05
4582400,-0.00024339518859051168,0.06830344453919679,-0.027073676625150256,0.00390625,0.0013821123575326055,3.543266769073221e-05
4583424,-0.0032596093660686165,0.5914188288152218,-0.043942790769506246,0.01318359375,0.0009954661509254947,3.540706605222734e-05
4584448,-0.0001818103773985058,0.05775652587180957,-0.02274624798883451,0.00244140625,0.00071942679642234,3.5381464413722484e-05
4585472,-0.00037666068237740546,0.05386783741414547,-0.027762620185967535,0.00390625,0.0002523096336517483,3.5355862775217605e-05
4586496,-0.0006116528093116358,0.0407352396287024,-0.019816891666778247,0.00244140625,0.0002348674606764689,3.533026113671274e-05
4587520,-0.0008463102858513594,0.04812733561266214,-0.02331689956372429,0.0068359375,0.0007034929003566504,3.5304659498207875e-05
4588544,-0.0016598718211753294,0.7751512606628239,-0.041367165540577844,0.00537109375,0.0007051764550851658,3.527905785970302e-05
4589568,-0.0008550484926672652,0.06931412918493152,-0.027622724081084016,0.00390625,0.00046730363101232797,3.525345622119815e-05
4590592,-0.0004396335280034691,0.041595853050239384,-0.020073089639481623,0.00244140625,0.0004445589584065601,3.5227854582693286e-05
4591616,-0.004646739878808148,0.6387810942251235,-0.03449290193384513,0.0078125,0.0008011725294636562,3.520225294418843e-05
4592640,-0.0005015446949983016,0.09930095740128309,-0.026881367455644067,0.00341796875,0.00043077769805677235,3.517665130568356e-05
4593664,-0.0013614523049909621,0.05441471142694354,-0.030618526665421086,0.00830078125,0.0009339449170511216,3.51510496671787e-05
4594688,-0.0009252745949197561,0.082796287140809,-0.025797776310355403,0.0068359375,0.0009326662984676659,3.512544802867383e-05
4595712,-0.0015226226751110516,0.41866666299756616,-0.03419780620606616,0.001953125,0.00022100655769463629,3.5099846390168974e-05
4596736,-0.0013096550246700644,0.32931279321201146,-0.03849923713460157,0.0078125,0.000767403093050234,3.507424475166411e-05
4597760,-0.000642321101622656,0.04157898004632443,-0.019279258963251777,0.00390625,0.00029994547367095947,3.5048643113159244e-05
4598784,-0.000525410461705178,0.045875206240452826,-0.022890626056323526,0.00439453125,0.0009638027113396674,3.5023041474654365e-05
4599808,-0.0012032873928546906,0.0860535183455795,-0.025944483320927247,0.0078125,0.0011286176450084895,3.499743983614951e-05
4600832,-0.00027854603831656277,0.05289924604585394,-0.026145470692426898,0.0029296875,0.0008631058008177206,3.497183819764464e-05
4601856,-0.0004397777811391279,0.041146768955513835,-0.022852898695418844,0.00244140625,0.0004469707200769335,3.494623655913978e-05
4602880,-0.0015897336706984788,0.40649514668621123,-0.03144061306443291,0.005859375,0.0005673597624991089,3.492063492063492e-05
4603904,0.00018422097491566092,0.06158274644985795,-0.017500036250567064,0.00244140625,0.00013330885849427432,3.489503328213005e-05
4604928,-0.0007691068603890017,0.06255041877739131,-0.018251171211886685,0.00390625,0.0008016469801077619,3.486943164362519e-05
4605952,-7.93445942690596e-05,0.08744434604886919,-0.026198366680546314,0.00390625,0.0007480108906747773,3.484383000512033e-05
4606976,-0.0006350827097776346,0.061952256655786186,-0.022002726342179812,0.0029296875,0.0004962269304087386,3.4818228366615465e-05
4608000,-0.0017859018844319507,0.052305488963611424,-0.025308508276793873,0.0068359375,0.0007872186397435144,3.47926267281106e-05
4609024,-0.00048259232426062226,0.06824556493666023,-0.02591412638867041,0.00244140625,0.0003632313455455005,3.4767025089605734e-05
4610048,-0.0006988474924582988,0.03944404743378982,-0.02386207510426175,0.00244140625,0.0009222266089636832,3.4741423451100876e-05
4611072,-0.0005721190827898681,0.07782697852235287,-0.022362902025633957,0.0068359375,0.0014898941590217873,3.4715821812596e-05
4612096,-0.0009963826305465773,0.061325824761297554,-0.030507391260471195,0.00244140625,0.00018170489056501538,3.469022017409113e-05
4613120,-0.0033313561871182173,0.6615900783799589,-0.03748919133795425,0.00634765625,0.0007103700336301699,3.466461853558627e-05
4614144,-0.0016804175247671083,0.05369090079329908,-0.025803928961977363,0.005859375,0.001476176010328345,3.463901689708141e-05
4615168,-0.0005412765531218611,0.3684357546735555,-0.022370894919731654,0.0009765625,7.309603097382933e-05,3.4613415258576544e-05
4616192,-0.0015940256416797638,0.3203624857123941,-0.030198520245903637,0.0068359375,0.0006951531540835276,3.458781362007168e-05
4617216,-0.0008398124555242248,0.081037612631917,-0.02481604770946433,0.00537109375,0.0009991846018237993,3.456221198156682e-05
4618240,-0.0012650104763451964,0.42353525408543646,-0.03232849627966061,0.00341796875,0.00025742563593667,3.4536610343061955e-05
4619264,-0.000612561430898495,0.39970490720588714,-0.02726463980798144,0.0068359375,0.0014306316297734156,3.451100870455709e-05
4620288,-0.0009531276882626116,0.040347801288589835,-0.018070855803671293,0.00732421875,0.0011375884059816599,3.448540706605223e-05
4621312,1.6196310753002763e-05,0.3519444615812972,-0.03417152493420872,0.00048828125,0.0003757725062314421,3.4459805427547367e-05
4622336,-0.0004602437111316249,0.363146016956307,-0.032387276471126825,0.0029296875,0.00037734043144155294,3.44342037890425e-05
4623360,-0.0008703985440661199,0.4184636555146426,-0.028844467567978427,0.00244140625,0.0006113073613960296,3.440860215053764e-05
4624384,-0.0012624989030882716,0.02727638022042811,-0.021945725733530708,0.00830078125,0.0009048900828929618,3.438300051203276e-05
4625408,-0.0028111745486967266,0.09757954999804497,-0.02431293723930139,0.00830078125,0.000939190067583695,3.43573988735279e-05
4626432,-0.0018394142607576214,0.8196091619320214,-0.03507632364198798,0.0048828125,0.0004692885995609686,3.4331797235023034e-05
4627456,-0.0013014713913435116,0.2880866565974429,-0.025660767538283835,0.00146484375,0.00014365758397616446,3.430619559651817e-05
4628480,-0.002136874907591846,0.3428206455428153,-0.027142670758621534,0.00341796875,0.0006422737496905029,3.428059395801331e-05
4629504,-0.0003842106380034238,0.04807718633674085,-0.01998157491107122,0.00634765625,0.0010941520449705422,3.4254992319508446e-05
4630528,-0.0005887762235943228,0.12410537851974368,-0.02098112293970189,0.00390625,0.00028737801767420024,3.422939068100358e-05
4631552,-0.0003143971262034029,0.10298565402626991,-0.021894047899877478,0.00537109375,0.0015678983909310773,3.420378904249872e-05
4632576,-0.0010450156551087275,0.029331211582757533,-0.02402623311354546,0.00439453125,0.0005973126681055874,3.417818740399386e-05
4633600,-0.0010815512941917405,0.43872845894657075,-0.032254721998469904,0.0029296875,0.0004964554245816544,3.415258576548899e-05
4634624,-0.0008562596922274679,0.05185581068508327,-0.019710986060999858,0.0029296875,0.0002199746377300471,3.4126984126984133e-05
4635648,-4.604949936037883e-05,0.08658855280373245,-0.021998238291416783,0.0029296875,0.00023994034563656896,3.410138248847927e-05
4636672,-0.002070872942567803,0.40329362638294697,-0.02786152288899757,0.00390625,0.0004471250285860151,3.407578084997439e-05
4637696,-0.0006673348252661526,0.4498993007000536,-0.025077287573367357,0.0009765625,0.000512337326654233,3.4050179211469525e-05
4638720,-0.0008897140069166198,0.42905668122693896,-0.03164738263876643,0.00048828125,0.00016874397988431156,3.402457757296466e-05
4639744,-0.0007774934492772445,0.04773833334911615,-0.021902641907217912,0.00390625,0.0007503912347601727,3.39989759344598e-05
4640768,-0.00032666408515069634,0.05248629709240049,-0.024463226980515174,0.00390625,0.00041995687934104353,3.3973374295954936e-05
4641792,0.0011094209548900835,0.40851039916742593,-0.03844816643413651,0.0087890625,0.0006930361996637657,3.394777265745007e-05
4642816,-0.0014184103347361088,0.04911336721852422,-0.02337952638117713,0.00439453125,0.0002781088842311874,3.392217101894521e-05
4643840,-0.0010521229123696685,0.40109769522678107,-0.02711361862020567,0.00244140625,0.0005667581426678225,3.389656938044035e-05
4644864,-0.00040522756171412766,0.2787808505818248,-0.030012643052032217,0.0048828125,0.00034572137519717216,3.387096774193548e-05
4645888,-0.0006498420843854547,0.04294532479252666,-0.024474060111970175,0.00244140625,0.001008353297947906,3.3845366103430624e-05
4646912,-0.0007263317238539457,0.05138781701680273,-0.02272965853626374,0.00341796875,0.0008923257846618071,3.381976446492576e-05
4647936,-0.0010210789114353247,0.044381314306519926,-0.028722626331727952,0.00390625,0.0003083962947130203,3.3794162826420894e-05
4648960,-0.0016024280776036903,0.05246740847360343,-0.02428413090092363,0.00830078125,0.0021022359433118254,3.3768561187916015e-05
4649984,-0.0006598090985789895,0.7867963640019298,-0.040462253615260124,0.0009765625,0.00013439184112939984,3.374295954941115e-05
4651008,-0.001194768468849361,0.4105558138107881,-0.029328310731216334,0.00390625,0.00040553206054028124,3.371735791090629e-05
4652032,-0.0011424435215303674,0.06004730914719403,-0.022415390842070337,0.00341796875,0.000439770839875564,3.3691756272401426e-05
4653056,-0.0007682181312702596,0.9577447315678,-0.04473781818524003,0.001953125,0.00018150384130422026,3.366615463389656e-05
4654080,-0.0006939514714758843,0.04962800128851086,-0.02049608681409154,0.0029296875,0.0003706798452185467,3.36405529953917e-05
4655104,-0.0005127420736243948,0.08694974821992218,-0.02281219940596202,0.00244140625,0.00018997078586835414,3.361495135688684e-05
4656128,-0.00025475595612078905,0.07543581549543887,-0.024149716286046896,0.00146484375,0.00011270042159594595,3.358934971838197e-05
4657152,-0.000987323495792225,0.685469651594758,-0.035588606289820746,0.001953125,0.00013817455328535289,3.3563748079877114e-05
4658176,-0.0005052714986959472,0.05229207989759743,-0.022793713404098526,0.00390625,0.00045243171916808933,3.353814644137225e-05
4659200,-0.0014959743130020797,0.06365488830488175,-0.02620979756466113,0.00341796875,0.000723968303645961,3.3512544802867384e-05
4660224,-0.0014711894618812948,0.3649742166744545,-0.026640802358997462,0.00439453125,0.0006450486544054002,3.3486943164362526e-05
4661248,0.00015227684343699366,0.643072395818308,-0.029973669647006318,0.00439453125,0.00019264414731878787,3.346134152585766e-05
4662272,-0.0009270703594665974,0.07082225068006665,-0.028852356379502453,0.01025390625,0.0011679058661684394,3.343573988735278e-05
4663296,-0.0010624983406160027,0.4199130148626864,-0.027388535704631067,0.001953125,0.0003464587207417935,3.341013824884792e-05
4664320,0.000257786683505401,0.06310734746512026,-0.02438169639208354,0.005859375,0.0022360782022587955,3.338453661034305e-05
4665344,-0.0025731096684467047,0.5797151827719063,-0.02954467706149444,0.0087890625,0.0006096253637224436,3.335893497183819e-05
4666368,-0.0009674029715824872,0.11992058297619224,-0.03808938365546055,0.0048828125,0.0003628388367360458,3.333333333333333e-05
4667392,-0.001447803500923328,0.06486314570065588,-0.018365959742368432,0.0087890625,0.0022310358472168446,3.330773169482846e-05
4668416,-0.0011609382345341146,0.14173758472315967,-0.028479481712565757,0.00341796875,0.00041269941721111536,3.3282130056323605e-05
4669440,-0.0015237524203257635,0.6166577488183975,-0.037431162723805755,0.00244140625,0.0001916922046802938,3.325652841781874e-05
4670464,-0.0003684317780425772,0.030547631962690502,-0.02047295125612436,0.001953125,0.00014229686348699033,3.3230926779313874e-05
4671488,-0.0002696319279493764,0.6107340473681688,-0.035480524704325944,0.00146484375,0.00023950706236064434,3.3205325140809016e-05
4672512,-0.001645974669372663,0.04647608537925407,-0.023291421261092182,0.00634765625,0.00147721340181306,3.317972350230415e-05
4673536,-0.00044198473187861964,0.5858883520122617,-0.02703782467142446,0.00244140625,0.00033526615879964083,3.3154121863799286e-05
4674560,-0.0015405596495838836,0.03954072983469814,-0.023381670091112028,0.00830078125,0.0017046166467480361,3.312852022529441e-05
4675584,-0.0015497997737838887,0.3945862059481442,-0.035804681057925336,0.00537109375,0.0003714582708198577,3.310291858678954e-05
4676608,-0.0002500195405445993,0.4384248801507056,-0.02890548521099845,0.00146484375,0.0006862852314952761,3.3077316948284684e-05
4677632,-0.0006747536972397938,0.05605884629767388,-0.021202759053267073,0.00390625,0.0006982287304708734,3.305171530977982e-05
4678656,-0.002203302865382284,0.38857198343612254,-0.0335480817102507,0.0068359375,0.0013315126852830872,3.3026113671274953e-05
4679680,-0.0009242531159543432,0.29375799593981355,-0.023487579321226804,0.00390625,0.0003860757133224979,3.3000512032770095e-05
4680704,-0.000994530229945667,0.07507297530537471,-0.023309282165428158,0.00390625,0.0007727071497356519,3.297491039426523e-05
4681728,-0.0006649098068010062,0.03711287159239873,-0.020107880958676105,0.00439453125,0.0006134108698461205,3.2949308755760365e-05
4682752,-0.0017816082254284993,0.3625486057717353,-0.02885961073479848,0.001953125,0.0003088128287345171,3.2923707117255506e-05
4683776,0.00022845727653475478,0.727784379851073,-0.030911944282706827,0.0078125,0.0006039894215064123,3.289810547875064e-05
4684800,-0.000498457724461332,0.052628861099947244,-0.024538631310861092,0.0029296875,0.0008768241386860609,3.2872503840245776e-05
4685824,-0.0005237063451204449,0.13098222110420465,-0.02213532544556074,0.00146484375,0.0001258357660844922,3.284690220174092e-05
4686848,-0.0012210060376673937,0.4203961933963001,-0.04047941745375283,0.00390625,0.00041531176248099655,3.282130056323604e-05
4687872,-0.0013442572744679637,0.36639981996268034,-0.026454906867002137,0.00634765625,0.00045370461884886026,3.2795698924731174e-05
4688896,-0.0006812973297201097,0.050329782417975366,-0.02059788632254822,0.00244140625,0.00026887642161455005,3.277009728622631e-05
4689920,-0.0010574525222182274,0.8983267780859023,-0.04093276092316955,0.00244140625,0.00025719105906318873,3.2744495647721444e-05
4690944,-0.0002919031394412741,0.03418800845975056,-0.020594165626789618,0.00146484375,0.0001901476498460397,3.2718894009216585e-05
4691968,-0.0007044955273158848,0.06859047699254006,-0.021404664585134014,0.001953125,0.00015007388719823211,3.269329237071172e-05
4692992,-0.001307631166127976,0.05771930096670985,-0.020866086837486364,0.00537109375,0.002343721207580529,3.2667690732206855e-05
4694016,-3.313581692054868e-05,0.053999712283257395,-0.021995469222019892,0.0029296875,0.0008539560512872413,3.2642089093702e-05
4695040,-0.00046873727842466906,0.059012806974351406,-0.025265103971833014,0.00146484375,0.00012452567170839757,3.261648745519713e-05
4696064,8.633908873889595e-05,0.030759504268644378,-0.016637104061373975,0.00341796875,0.000290465060970746,3.259088581669227e-05
4697088,-0.0014499380195047706,0.3411094506736845,-0.02227082141325809,0.00244140625,0.0004222380666760728,3.256528417818741e-05
4698112,-0.0009779489191714674,0.08724480587989092,-0.016382199638428574,0.00341796875,0.0012302662071306258,3.253968253968254e-05
4699136,-0.00039114875835366547,0.0786644498584792,-0.02539182269538287,0.0029296875,0.0008778028568485752,3.251408090117768e-05
4700160,-0.0008955710654845461,0.04919036233332008,-0.023927592614199966,0.00634765625,0.0012807449093088508,3.24884792626728e-05
4701184,-0.0006891983211971819,0.07365268236026168,-0.02684237604808004,0.00537109375,0.0021116829448146746,3.246287762416794e-05
4702208,-0.0005921983683947474,0.07509716169442981,-0.02850891884736484,0.00244140625,0.0008497759408783168,3.2437275985663076e-05
4703232,-0.0003613065491663292,0.056992598227225244,-0.021713749596528942,0.00390625,0.0007148640142986551,3.241167434715821e-05
4704256,-0.0010491138964425772,0.4621897363103926,-0.033508439984871075,0.00244140625,0.00015680940123274922,3.2386072708653346e-05
4705280,-0.00044352724216878414,0.05104991846019402,-0.021815426520333858,0.00146484375,0.00022468481620308012,3.236047107014849e-05
4706304,-0.00027138637233292684,0.07970861543435603,-0.02646068335252494,0.00341796875,0.001084461502614431,3.233486943164362e-05
4707328,-0.003774225013330579,0.46173176425509155,-0.03353135797078721,0.00732421875,0.0011676963476929814,3.230926779313876e-05
4708352,-4.696831456385553e-05,0.07632603263482451,-0.019105886060060584,0.00146484375,0.0001104969996958971,3.22836661546339e-05
4709376,-0.00124282760953065,0.0575273270951584,-0.020224733703798847,0.00146484375,0.00013965187827125192,3.2258064516129034e-05
4710400,-0.0009401367569807917,0.06738810439128429,-0.02042741530749481,0.00439453125,0.0006831625214545056,3.223246287762417e-05
4711424,-0.0013489447883330286,0.05577988678123802,-0.02336145463777939,0.00537109375,0.0008878342632669955,3.220686123911931e-05
4712448,-0.002690844761673361,0.3593246516538784,-0.025655842080595903,0.0087890625,0.0008104796725092456,3.218125960061443e-05
4713472,-0.00044223631266504526,0.057288734475150704,-0.02056837211966922,0.001953125,9.626441169530153e-05,3.2155657962109566e-05
4714496,-0.0005553453956963494,0.19382841544575058,-0.02294840500690043,0.00244140625,0.0006125887302914634,3.21300563236047e-05
4715520,-0.001681751833530143,0.6187619990669191,-0.0284244337817654,0.0009765625,0.00019515719031915069,3.210445468509984e-05
4716544,-0.0017301112529821694,0.7894963300786912,-0.050152754556620494,0.01220703125,0.0019729928753804415,3.207885304659498e-05
4717568,-0.0002965368330478668,0.06700472952798009,-0.01835522981491522,0.0029296875,0.0007149067823775113,3.205325140809011e-05
4718592,-0.0004896778555121273,0.07372943207155913,-0.018211393708043033,0.0009765625,9.063023026101291e-05,3.202764976958525e-05
4719616,-0.0014194233808666468,0.08319563861005008,-0.015963127343638916,0.00537109375,0.0013449808902805671,3.200204813108039e-05
4720640,-0.0014433105243369937,0.11311485210899264,-0.025862752278044354,0.0048828125,0.0004957764322170988,3.1976446492575524e-05
4721664,-0.0009786731679923832,0.40727358870208263,-0.029445187450619414,0.0029296875,0.00016430424875579774,3.195084485407066e-05
4722688,-0.0011631643865257502,0.03152044705348089,-0.019022228458197787,0.00439453125,0.00029101985273882747,3.19252432155658e-05
4723712,-0.0016599277296336368,0.06486360053531826,-0.02644510499521857,0.00439453125,0.0007621449185535312,3.1899641577060935e-05
4724736,-0.000589613919146359,0.036302403605077416,-0.015768807740641932,0.00244140625,0.00020814366871491075,3.187403993855607e-05
4725760,-0.0022307233302854,0.4483744235476479,-0.0344509626411309,0.00830078125,0.0008809152204776183,3.184843830005119e-05
4726784,-0.0003587892570067197,0.07767439913004637,-0.019898998267308343,0.0029296875,0.0004037923936266452,3.182283666154633e-05
4727808,-0.00027653868892230093,0.6059134961105883,-0.024428301130683394,0.00146484375,0.0001395022845827043,3.179723502304147e-05
4728832,-0.00034321591374464333,0.06580102420412004,-0.017766052013030276,0.001953125,0.00014595029642805457,3.17716333845366e-05
4729856,-0.00042819248483283445,0.03483441274147481,-0.014691079957628972,0.00390625,0.000423542398493737,3.1746031746031745e-05
4730880,0.00043038136209361255,0.054600342409685254,-0.019436958974438312,0.001953125,0.00018689596618060023,3.172043010752688e-05
4731904,-0.0013592743052868173,1.073920075315982,-0.04397892518318258,0.00244140625,0.0005893401248613372,3.1694828469022014e-05
4732928,-3.0849587346892804e-05,0.12200923729687929,-0.02434719518350903,0.00732421875,0.0013676472590304911,3.166922683051715e-05
4733952,-0.0007347633800236508,0.06427472876384854,-0.017451580044735238,0.0009765625,0.00025548244593665004,3.164362519201229e-05
4734976,-0.0010895162049564533,0.07719330920372158,-0.019609850748565805,0.0068359375,0.0010166469437535852,3.1618023553507426e-05
4736000,-0.00037663860712200403,0.648187066661194,-0.03322336569544859,0.00048828125,0.00012317803339101374,3.159242191500256e-05
4737024,-0.0010435910080559552,0.06087437557289377,-0.023931760034429317,0.00439453125,0.0005548762419493869,3.15668202764977e-05
4738048,0.00016361012239940464,0.08677254605572671,-0.024294322800415102,0.0009765625,9.438593406230211e-05,3.1541218637992824e-05
4739072,-0.000498163775773719,0.04797863418934867,-0.02208284317748621,0.00146484375,0.0003421065484872088,3.151561699948796e-05
4740096,-0.0005544428277062252,0.07380013621877879,-0.02298553972013906,0.001953125,0.00028687636950053275,3.1490015360983093e-05
4741120,-0.0011268411326454952,0.39692405599635094,-0.027827415760839358,0.001953125,0.00019338345737196505,3.1464413722478235e-05
4742144,-0.0007523379608755931,0.054507962020579726,-0.021182714110182133,0.00341796875,0.0002680343168321997,3.143881208397337e-05
4743168,-0.0009336986258858815,0.39675347472075373,-0.03633940132567659,0.00390625,0.000317815545713529,3.1413210445468505e-05
4744192,-0.0006388217152561992,0.10774230991955847,-0.027931592863751575,0.00439453125,0.0010722831066232175,3.1387608806963646e-05
4745216,-0.00047551110037602484,0.07218779798131436,-0.02162853920890484,0.001953125,0.0005381262162700295,3.136200716845878e-05
4746240,-0.0006504358461825177,0.3676277998602018,-0.028397892383509316,0.00341796875,0.0002946549793705344,3.1336405529953916e-05
4747264,-0.00035073707113042474,0.0353878386085853,-0.02058226725057466,0.0,4.665464803110808e-05,3.131080389144905e-05
4748288,-0.0006979619502089918,0.6915183276869357,-0.038701095356373116,0.001953125,0.00017186957120429724,3.128520225294419e-05
4749312,-0.0006393494113581255,0.06424939970020205,-0.022597801958909258,0.00390625,0.0004840047186007723,3.125960061443933e-05
4750336,-0.0008532333304174244,0.4100117343477905,-0.026140166250115726,0.00390625,0.0003354791406309232,3.123399897593445e-05
4751360,-0.0009321018442278728,0.3309296655934304,-0.026751650046207942,0.0029296875,0.0003245701518608257,3.1208397337429584e-05
4752384,-0.0007175673817982897,0.06266323797171935,-0.022846011844194436,0.005859375,0.000731619045836851,3.1182795698924725e-05
4753408,-0.0015735521883470938,0.38303137698676437,-0.029223114426713437,0.00439453125,0.00047659644042141736,3.115719406041986e-05
4754432,-0.0009599958575563505,0.05503549665445462,-0.02258234066539444,0.00439453125,0.0007468523399438709,3.1131592421914995e-05
4755456,-0.00041961261013057083,0.03728257614420727,-0.023118604396586306,0.0009765625,8.467443694826216e-05,3.110599078341014e-05
4756480,-0.0004805588978342712,0.026216652244329453,-0.019410508870350895,0.00146484375,0.0006191844877321273,3.108038914490527e-05
4757504,-0.00019392368267290294,0.18478942243382335,-0.02535994045319967,0.00390625,0.00022885811631567776,3.105478750640041e-05
4758528,-0.0006912914832355455,0.4158899034373462,-0.02719970600446686,0.00244140625,0.00017001737433020025,3.102918586789555e-05
4759552,-0.0004967105633113533,0.10295511118602008,-0.022247521061217412,0.00537109375,0.0014592688239645213,3.100358422939068e-05
4760576,-0.0016790000372566283,0.04173441574675962,-0.02137494176349719,0.005859375,0.0018514153343858197,3.097798259088582e-05
4761600,-0.0008939217368606478,0.06294239335693419,-0.02619488216623722,0.0029296875,0.0010043995425803587,3.095238095238095e-05
4762624,-0.0009375009758514352,0.9190539135597646,-0.03929730551317334,0.0029296875,0.0004431676788954064,3.0926779313876095e-05
4763648,-0.0007483701629098505,0.055163137265481055,-0.021730710464908043,0.0029296875,0.0011267776135355234,3.0901177675371216e-05
4764672,-0.0011965236626565456,0.09921572613529861,-0.023788031699950807,0.005859375,0.0008058046805672348,3.087557603686635e-05
4765696,-0.0012994166172575206,0.05834104388486594,-0.03192035300889984,0.00439453125,0.0009808546456042677,3.0849974398361486e-05
4766720,-0.0011200109001947567,0.0467413273290731,-0.024027291001402773,0.00390625,0.0008098421385511756,3.082437275985663e-05
4767744,-0.00010647406452335417,0.39537483255844563,-0.02981358952820301,0.00048828125,5.0893184379674494e-05,3.079877112135176e-05
4768768,-0.0005692055565305054,0.05105163098778576,-0.019723720233741915,0.0048828125,0.00036148756043985486,3.07731694828469e-05
4769792,-0.00015588098904117942,0.49330168194137514,-0.028916088966070674,0.0009765625,7.504274253733456e-05,3.074756784434204e-05
4770816,-0.00030569911177735776,0.07193357328651473,-0.026051838241983205,0.00341796875,0.0010838089510798454,3.0721966205837174e-05
4771840,-0.002498952191672288,0.562090088846162,-0.03145653481260524,0.00830078125,0.0011714606953319162,3.069636456733231e-05
4772864,-0.0005813170282635838,0.054886705125682056,-0.025067051261430606,0.00439453125,0.0008789443963905796,3.067076292882745e-05
4773888,-0.0008705361105967313,0.8064063913188875,-0.03197894479671959,0.005859375,0.00030408195743802935,3.0645161290322585e-05
4774912,-0.0030568983347620815,1.061995243653655,-0.042416029900778085,0.0029296875,0.00032491788442712277,3.061955965181772e-05
4775936,-0.00372212401998695,0.6920440464746207,-0.033087761723436415,0.00927734375,0.0007002117927186191,3.059395801331284e-05
4776960,-0.0003413684680708684,0.044047460542060435,-0.014040079342521494,0.00048828125,0.00015006061585154384,3.0568356374807976e-05
4777984,-0.0012935379054397345,0.44172568910289556,-0.026900777709670365,0.00439453125,0.0002569950884208083,3.054275473630312e-05
4779008,-0.0007667768732062541,0.11291280994191766,-0.022584830425330438,0.0029296875,0.000646182568743825,3.0517153097798253e-05
4780032,-0.0005233253905316815,0.037352514860685915,-0.025797963062359486,0.001953125,0.000263625624938868,3.049155145929339e-05
4781056,-0.0024615123256808147,0.6623035471420735,-0.033991722550126724,0.001953125,0.0002776718611130491,3.0465949820788526e-05
4782080,-0.0008113763178698719,0.08671025780495256,-0.029575340828159824,0.0029296875,0.00043321111297700554,3.0440348182283664e-05
4783104,-0.0007879959011916071,0.46417221636511385,-0.032031306356657296,0.00244140625,0.0009705962584121153,3.0414746543778802e-05
4784128,-0.0010623981142998673,0.050789606699254364,-0.024818365345709026,0.00146484375,0.0002750233543338254,3.0389144905273937e-05
4785152,-0.000890980678377673,0.41109220567159355,-0.032986320060444996,0.00146484375,0.00013400411990005523,3.0363543266769075e-05
4786176,-0.0003078934969380498,0.0772310063475743,-0.026988986908691004,0.0029296875,0.0004638548562070355,3.033794162826421e-05
4787200,-0.0007994525440153666,0.057978879543952644,-0.021598234630801016,0.00341796875,0.002179532573791221,3.031233998975935e-05
4788224,-2.5651432224549353e-05,0.09240592387504876,-0.023874741316831205,0.0029296875,0.0003006674669450149,3.0286738351254487e-05
4789248,-0.0005835658084833995,0.06376924208598211,-0.02539171890111902,0.001953125,0.00015994010027498007,3.0261136712749605e-05
4790272,-0.002394604860455729,0.7184267130214721,-0.028810720919864252,0.00732421875,0.0006685470143565908,3.0235535074244743e-05
4791296,-0.0009891894005704671,0.07948066235985607,-0.025106866494752467,0.0048828125,0.0013097782502882183,3.020993343573988e-05
4792320,-0.0013809033407596871,0.06659199704881757,-0.02063057249870326,0.00634765625,0.0012074200494680554,3.0184331797235016e-05
4793344,-0.0012468470085877925,0.06417788635008037,-0.024823562202072935,0.00830078125,0.0014160914870444685,3.0158730158730154e-05
4794368,-0.00016402524488512427,1.4443021342158318,-0.05547971650958061,0.00048828125,5.823231185786426e-05,3.0133128520225293e-05
4795392,-0.0013168020086595789,0.5262500708922744,-0.023373583549982868,0.0078125,0.0013814828416798264,3.0107526881720428e-05
4796416,-0.0014547955943271518,0.38615859020501375,-0.033101151799201034,0.00634765625,0.0005228901864029467,3.0081925243215566e-05
4797440,-0.0003736725193448365,0.0754042083863169,-0.0162784756248584,0.001953125,0.0002459700044710189,3.0056323604710704e-05
4798464,-0.0016043852956499904,0.045761338085867465,-0.01705466023304325,0.0068359375,0.000726906699128449,3.003072196620584e-05
4799488,-0.0003272450412623584,0.3837340461323038,-0.027672724878357258,0.001953125,0.00017024294356815517,3.0005120327700977e-05
4800512,-0.0016382686008000746,0.3582947733812034,-0.02715849872038234,0.0068359375,0.0007678248948650435,2.9979518689196112e-05
4801536,0.003134918908472173,0.488783223554492,-0.021731814984377706,0.00537109375,0.00304631503240671,2.9953917050691233e-05
4802560,-0.0006620882995775901,0.06613419787026942,-0.018405105471174465,0.00244140625,0.0010578904330031946,2.992831541218637e-05
4803584,-0.00032578810350969434,0.3831429888959974,-0.024811596609652042,0.00048828125,9.806289745029062e-05,2.9902713773681507e-05
4804608,-0.001543167425552383,0.6016318867914379,-0.02698695272556506,0.00341796875,0.0005369370483094826,2.9877112135176645e-05
4805632,-0.0012356701190583408,0.06151544698514044,-0.01861818395991577,0.0029296875,0.0003152694262098521,2.9851510496671783e-05
4806656,-0.00037816865369677544,0.041616110946051776,-0.020543019154501962,0.00244140625,0.0003925810888176784,2.9825908858166918e-05
4807680,-0.0005130144418217242,0.11114915693178773,-0.02059015131817432,0.0029296875,0.00028968231345061213,2.9800307219662056e-05
4808704,-0.0006281924725044519,0.05255167587893084,-0.017353992823700537,0.00537109375,0.0006225987599464133,2.9774705581157194e-05
4809728,-0.00016050582780735567,0.052865465520881116,-0.022223685833523632,0.0029296875,0.0008530185441486537,2.974910394265233e-05
4810752,-0.0003679000546981115,0.32746050122659653,-0.02809264897223329,0.00341796875,0.000327367422869429,2.9723502304147468e-05
4811776,-0.00037574063753709197,0.03878667252138257,-0.016533329484445858,0.0009765625,0.00040431234810967,2.9697900665642606e-05
4812800,-0.0004646834859158844,0.027354358637239784,-0.011568405188882025,0.00244140625,0.00017500322428531945,2.967229902713774e-05
4813824,-0.0007403826748486608,0.033720776438713074,-0.02282615586545944,0.00537109375,0.0007017319003352895,2.9646697388632862e-05
4814848,-0.0015037731063785031,0.2809607498347759,-0.029362264089286327,0.00390625,0.00028320646379143,2.9621095750128e-05
4815872,-0.001606292207725346,0.07804864703211933,-0.026701558512286283,0.0107421875,0.0010485858074389398,2.9595494111623135e-05
4816896,-0.00030488072661682963,0.04689926269929856,-0.027024823531974107,0.00341796875,0.0004350398521637544,2.9569892473118273e-05
4817920,3.327977901790291e-05,0.412951561040245,-0.02471641669399105,0.00146484375,0.000445772020611912,2.954429083461341e-05
4818944,-0.00040602817898616195,0.03098800976295024,-0.018435045134538086,0.00146484375,8.971932402346283e-05,2.9518689196108547e-05
4819968,-0.0004494551685638726,0.0474448322202079,-0.02199455222580582,0.00341796875,0.0005165231123100966,2.9493087557603685e-05
4820992,-0.0006537717126775533,0.3936954220989719,-0.020251810899935663,0.00244140625,0.0001948133431142196,2.946748591909882e-05
4822016,-0.001716640283120796,0.9369827063055709,-0.04297616086751077,0.00341796875,0.0004035292222397402,2.9441884280593958e-05
4823040,-0.00044826354132965207,0.0752251239027828,-0.022361748342518695,0.00146484375,0.00026567747408989817,2.9416282642089096e-05
4824064,-0.0011406962657929398,0.5931773679330945,-0.03858688873879146,0.00146484375,0.0002213892003055662,2.939068100358423e-05
4825088,-0.002998579031554982,0.6739595071412623,-0.04082816024310887,0.00732421875,0.0005306267703417689,2.936507936507937e-05
4826112,-9.132445848081261e-05,0.0665356086101383,-0.022845191984742996,0.00244140625,0.0003373105573700741,2.9339477726574508e-05
4827136,0.0005223398620728403,0.6245940754888579,-0.03660191418020986,0.00341796875,0.00043557057506404817,2.9313876088069626e-05
4828160,-0.00046183355152606964,0.06176565238274634,-0.016237183677731082,0.00146484375,0.00010308081982657313,2.9288274449564764e-05
4829184,-0.0007065926765790209,0.09789406426716596,-0.030978750859503634,0.00244140625,0.0004708059423137456,2.9262672811059902e-05
4830208,-0.0013836405050824396,0.40550127893220633,-0.029228784784208983,0.00537109375,0.000385249441023916,2.9237071172555037e-05
4831232,-3.677373751997948e-05,0.3512190399924293,-0.025779624258575495,0.00830078125,0.0012116896687075496,2.9211469534050175e-05
4832256,-0.0006511569226859137,0.4017915229778737,-0.023341720036114566,0.001953125,0.000660124103887938,2.918586789554531e-05
4833280,-0.001103531350963749,0.37556911760475487,-0.03188927422161214,0.00439453125,0.00030937121482566,2.916026625704045e-05
4834304,-0.0009087562211789191,0.3981409063562751,-0.031212486857839394,0.00341796875,0.0004297703708289191,2.9134664618535587e-05
4835328,-0.0007359729788731784,0.0382816978963092,-0.020168026597275457,0.00341796875,0.0005031273904023692,2.910906298003072e-05
4836352,-0.0011126111639896408,0.07812716241460294,-0.018586538135423325,0.00537109375,0.0008588317723479122,2.908346134152586e-05
4837376,-0.0009107489131565671,0.08287806215230376,-0.019805717682174873,0.00634765625,0.0009551083348924294,2.9057859703020998e-05
4838400,-0.0009031490480992943,0.6480267427396029,-0.034873055905336514,0.001953125,0.0003163821093039587,2.9032258064516133e-05
4839424,-0.0017189937352668494,0.6769533907063305,-0.031029207777464762,0.001953125,0.00021195344743318856,2.9006656426011254e-05
4840448,-0.00048373510799137875,0.061341689550317824,-0.023803709449566668,0.00146484375,0.0005086510354885831,2.8981054787506393e-05
4841472,-0.001094378560082987,0.39344544149935246,-0.02667740533070173,0.00244140625,0.00022054238070268184,2.8955453149001527e-05
4842496,-0.001200354628963396,0.45279724849388003,-0.038488799073093105,0.00732421875,0.0011457675136625767,2.8929851510496666e-05
4843520,-0.0006790106563130394,0.08371656003873795,-0.022342073571053334,0.00390625,0.0003701447130879387,2.8904249871991804e-05
4844544,0.00035227548505645245,0.04485480720177293,-0.021027239212344284,0.0029296875,0.0007975713961059228,2.887864823348694e-05
4845568,-0.0005985593452351168,0.05446709005627781,-0.024909723884775303,0.0009765625,0.0005473063793033361,2.8853046594982077e-05
4846592,-0.001226154257892631,0.053086575702764094,-0.017261385182791855,0.0078125,0.001118234999012202,2.8827444956477215e-05
4847616,-0.00047332703979918733,0.40344705106690526,-0.03297559187194565,0.0009765625,0.0001149407762568444,2.880184331797235e-05
4848640,-0.0005787168338429183,0.051947664527688175,-0.02552212556474842,0.005859375,0.0009585644293110818,2.877624167946749e-05
4849664,-0.00015239801723510027,0.04229160869726911,-0.02415526437880544,0.00341796875,0.0002257517771795392,2.8750640040962623e-05
4850688,-0.0005260849866317585,0.038927487446926534,-0.01761022151185898,0.00341796875,0.00024826693697832525,2.872503840245776e-05
4851712,-0.00015574403369100764,0.4198209459427744,-0.025602653913665563,0.0009765625,8.54730315040797e-05,2.8699436763952883e-05
4852736,0.00014128479233477265,0.04005409136880189,-0.02302841375785647,0.0029296875,0.0004371534596430138,2.8673835125448018e-05
4853760,-0.00025346444090246223,0.3510190413799137,-0.02548191939422395,0.001953125,0.0002095543750328943,2.8648233486943156e-05
4854784,-0.0004320345615269616,0.06979751324979588,-0.020419432570633944,0.00146484375,7.655420631635934e-05,2.8622631848438294e-05
4855808,-0.000293364399112761,0.41943123401142657,-0.02770154179597739,0.00146484375,0.00015064272156450897,2.859703020993343e-05
4856832,-0.0008915594080463052,0.05457331775687635,-0.022746036394892144,0.00341796875,0.0002951759088318795,2.8571428571428567e-05
4857856,1.3049255358055234e-05,0.5761981862597167,-0.030604888481320813,0.0029296875,0.0005717674939660355,2.8545826932923706e-05
4858880,-0.0020992348436266184,0.4281355601269752,-0.03194262796023395,0.00537109375,0.0003087574732489884,2.852022529441884e-05
4859904,-0.001205028354888782,0.06675308389822021,-0.022814858702986385,0.0078125,0.0006722119869664311,2.849462365591398e-05
4860928,-0.0008943500288296491,0.4428548631258309,-0.02698664269701112,0.001953125,0.00011158076813444495,2.8469022017409117e-05
4861952,-0.0004803915653610602,0.0606674593873322,-0.023328762326855212,0.001953125,0.00013298747944645584,2.8443420378904252e-05
4862976,8.101390267256647e-05,0.4246139497263357,-0.025407751672901213,0.00244140625,0.0005184732581255957,2.841781874039939e-05
4864000,-0.0012548028607852757,0.0512347940239124,-0.015754799263959285,0.0048828125,0.0014715786091983318,2.8392217101894525e-05
4865024,-0.0019551498990040272,0.4215059184934944,-0.031615740328561515,0.00537109375,0.0006315994105534628,2.8366615463389646e-05
4866048,0.003175714417011477,0.5036468693288043,-0.03315234286128543,0.0009765625,0.00021620924235321581,2.8341013824884785e-05
4867072,-0.0017192270170198753,0.8623833497986197,-0.043321581280906685,0.001953125,0.0002939242112915963,2.831541218637992e-05
4868096,-0.00043191181612201035,1.1084158204030246,-0.040217831963673234,0.00244140625,0.00016741050058044493,2.8289810547875058e-05
4869120,-0.0005959554255241528,0.3505903665209189,-0.023761029824527213,0.001953125,0.000559614971280098,2.8264208909370196e-05
4870144,-0.0008671164250699803,0.09697236283682287,-0.022936056873732014,0.00341796875,0.0011467814329080284,2.823860727086533e-05
4871168,-0.00025231862673535943,0.0683331711916253,-0.025106927794695366,0.001953125,0.00015386586892418563,2.821300563236047e-05
4872192,-0.0006122084450908005,0.09252025315072387,-0.026382292504422367,0.00537109375,0.00041822518687695265,2.8187403993855608e-05
4873216,-0.0005051292828284204,0.06841833179350942,-0.025823766427492956,0.0068359375,0.0005962136492598802,2.8161802355350742e-05
4874240,-0.002130023276549764,1.0502601987682283,-0.042978321900591254,0.0068359375,0.0007278117700479925,2.813620071684588e-05
4875264,-0.0004680856509367004,0.12661048560403287,-0.024028983476455323,0.0048828125,0.0012184493680251762,2.811059907834102e-05
4876288,-0.0010030862031271681,0.3920474088517949,-0.029329899640288204,0.00439453125,0.00042227089579682797,2.8084997439836154e-05
4877312,-0.0003221526712877676,0.05137220228789374,-0.019527626525814412,0.00244140625,0.00010501430369913578,2.8059395801331275e-05
4878336,-0.000959085111389868,0.32910862809512764,-0.021361368548241444,0.00244140625,0.0003118738968623802,2.8033794162826413e-05
4879360,-0.0007331318338401616,0.08661950868554413,-0.020223963510943577,0.00390625,0.0006522509647766128,2.8008192524321548e-05
4880384,-0.0005876011855434626,0.3765319617232308,-0.025702338927658275,0.001953125,0.0003696215571835637,2.7982590885816687e-05
4881408,6.0197548009455204e-05,0.30973852425813675,-0.024699251935089706,0.001953125,0.00032955053029581904,2.795698924731182e-05
4882432,-0.0033996274432865903,0.41060223313979805,-0.030870970884279814,0.0126953125,0.0011944345897063613,2.793138760880696e-05
4883456,-0.0007703255614615045,0.1146365930326283,-0.023842683192924596,0.00390625,0.00033873686334118247,2.7905785970302098e-05
4884480,-0.0006607657705899328,0.43030582868959755,-0.03016569107421674,0.0009765625,0.00014412523887585849,2.7880184331797233e-05
4885504,-0.0006179902702569962,0.06901055632624775,-0.0176428124159429,0.00439453125,0.00044755068665836006,2.785458269329237e-05
4886528,-0.0006965286156628281,0.054891634499654174,-0.018820945944753475,0.001953125,0.0002102163853123784,2.782898105478751e-05
4887552,-0.00041786122892517596,0.06141754658892751,-0.02208171907113865,0.001953125,0.00020222090824972838,2.7803379416282644e-05
4888576,-0.0007701166614424437,0.6896887812763453,-0.03003545831234078,0.001953125,0.0001057494810083881,2.7777777777777782e-05
4889600,-0.0016788266802905127,0.6089859968051314,-0.035362454153073486,0.001953125,0.000651226015179418,2.775217613927292e-05
4890624,-0.0010954349272651598,0.09707133588381112,-0.018493157069315203,0.00537109375,0.0006377668178174645,2.772657450076804e-05
4891648,-0.0012104620836907998,0.08388613804709166,-0.022269617053098045,0.005859375,0.0015028321067802608,2.7700972862263177e-05
4892672,-0.000523936927493196,0.06281425931956619,-0.015254493155225646,0.001953125,0.000833858794067055,2.7675371223758315e-05
4893696,-0.0009723090333864093,0.358300187101122,-0.021247726221190533,0.00146484375,0.0001536019699415192,2.764976958525345e-05
4894720,-0.00013985620171297342,0.05195216496940702,-0.027708434630767442,0.0078125,0.00066820700885728,2.762416794674859e-05
4895744,-0.0006939562881598249,0.3187711708014831,-0.025670706272649113,0.0029296875,0.00045943105942569673,2.7598566308243723e-05
4896768,-0.0006438740092562512,0.053351199137978256,-0.02325832761653146,0.00341796875,0.0005932196945650503,2.757296466973886e-05
4897792,-0.0017740854091243818,0.4421706561697647,-0.019321447965921834,0.00244140625,0.0002984489838127047,2.7547363031234e-05
4898816,-0.0005254825082374737,0.38062525272835046,-0.022831241592939477,0.0029296875,0.0005080042901681736,2.7521761392729135e-05
4899840,-0.0009379395633004606,0.06893426331225783,-0.018071168480673805,0.0048828125,0.0005015359201934189,2.7496159754224273e-05
4900864,-0.0003570974513422698,0.11104021593928337,-0.028657536604441702,0.001953125,0.00018511082453187555,2.747055811571941e-05
4901888,-6.0093458159826696e-05,0.3757285359315574,-0.03751813288545236,0.0009765625,0.0003575947630451992,2.7444956477214546e-05
4902912,-0.0009701419694465585,0.45197936333715916,-0.026657073613023385,0.005859375,0.0007133396429708228,2.7419354838709667e-05
4903936,-0.0010308767959941179,0.061252757674083114,-0.020212280924170045,0.00439453125,0.0013800160377286375,2.7393753200204806e-05
4904960,-0.00014778203330934048,0.060906087106559426,-0.017419620847249462,0.001953125,0.00020466375281102955,2.736815156169994e-05
4905984,0.0001818594173528254,0.041065908153541386,-0.017952382517250953,0.0009765625,0.0004196980153210461,2.734254992319508e-05
4907008,-0.00045434944331645966,0.37737198919057846,-0.02663385364576243,0.00244140625,0.0006806472520111129,2.7316948284690217e-05
4908032,-0.0008207617793232203,0.04858635779237375,-0.016797985070752475,0.0048828125,0.000487505822093226,2.7291346646185352e-05
4909056,-7.263952284120023e-05,0.0427877486217767,-0.014631436428317102,0.001953125,0.0002429877349641174,2.726574500768049e-05
4910080,-0.0004645029839593917,0.05882632249267772,-0.0252986146369949,0.0029296875,0.0007447048556059599,2.7240143369175625e-05
4911104,-9.20059101190418e-05,0.06244965601945296,-0.022849989516544156,0.001953125,0.0003537481534294784,2.7214541730670763e-05
4912128,-0.00119572933181189,0.6665943418629467,-0.027429698209743947,0.00244140625,0.00024219061015173793,2.71889400921659e-05
4913152,-0.0014385427348315716,0.386453602463007,-0.03018243846599944,0.00341796875,0.0006517491128761321,2.7163338453661036e-05
4914176,-0.0009359798714285716,0.38641986320726573,-0.02845665454151458,0.001953125,0.00018629155238159,2.7137736815156175e-05
4915200,-0.0008043527777772397,0.046885352465324104,-0.024931414478487568,0.0029296875,0.0005010587483411655,2.7112135176651296e-05
4916224,-0.0014353461447171867,0.3763082108926028,-0.026040330423711566,0.005859375,0.0006761323020327836,2.708653353814643e-05
4917248,-0.0005422783287940547,0.049002414220012724,-0.023145549144828692,0.00439453125,0.0011005069682141766,2.706093189964157e-05
4918272,-0.0011227978684473783,0.05671458167489618,-0.018385742383543402,0.0029296875,0.0008740053162910044,2.7035330261136707e-05
4919296,-0.0015738395595690235,0.658717826474458,-0.03577801454230212,0.00244140625,0.00021238639601506293,2.7009728622631842e-05
4920320,-0.001027980717481114,0.698376954998821,-0.03643689269665629,0.005859375,0.0004511770239332691,2.698412698412698e-05
4921344,-0.0004461048956727609,0.06539403495844454,-0.019868875733664026,0.00244140625,0.0005699840257875621,2.695852534562212e-05
4922368,-0.00017642888269620016,0.08606546430382878,-0.02701136867653986,0.00341796875,0.00016537465853616595,2.6932923707117254e-05
4923392,-0.0003630489227361977,0.05660839314805344,-0.02268280894986674,0.001953125,0.00011344809900037944,2.6907322068612392e-05
4924416,-0.0007826517103239894,0.042447417858056724,-0.01883523652668373,0.00439453125,0.00033940440334845334,2.6881720430107527e-05
4925440,-0.0007234026998048648,0.047148144512902945,-0.019332785986080125,0.00146484375,0.00039887367165647447,2.6856118791602665e-05
4926464,-0.0004838362510781735,0.06209596688859165,-0.022459948871983215,0.0029296875,0.00043915641435887665,2.6830517153097803e-05
4927488,-0.0007468930270988494,0.0751294739311561,-0.02235945585562149,0.00244140625,0.0002441464166622609,2.6804915514592938e-05
4928512,-0.0016609423619229347,0.39689656894188374,-0.026835686148842797,0.00341796875,0.0005500263796420768,2.677931387608806e-05
4929536,-0.0008204604091588408,0.044101933075580746,-0.024601352408353705,0.00146484375,9.613651491235942e-05,2.6753712237583198e-05
4930560,-0.00042987051710952073,0.27930940547958016,-0.0340495025011478,0.00048828125,0.000133490189909935,2.6728110599078333e-05
4931584,-0.0033194296556757763,0.6349661941640079,-0.040740531985647976,0.009765625,0.0007863661012379453,2.670250896057347e-05
4932608,-0.0009882644517347217,0.05236017011338845,-0.017066132367290265,0.00439453125,0.0006850692589068785,2.667690732206861e-05
4933632,-0.000331434712279588,0.0676267493981868,-0.022905367259227205,0.00244140625,0.00030996686837170273,2.6651305683563744e-05
4934656,-0.000709936983184889,0.08674777916166931,-0.014946973315090872,0.0029296875,0.00024176259466912597,2.6625704045058882e-05
4935680,-0.0007223537468235008,0.4153642343590036,-0.028121719718910754,0.00634765625,0.0006643010274274275,2.660010240655402e-05
4936704,-0.0004715112299891189,0.0490508716320619,-0.02394419434131123,0.001953125,0.0011147724580951035,2.6574500768049156e-05
4937728,0.0012841954303439707,0.043059951218310744,-0.021915662169703864,0.0029296875,0.00034522406349424273,2.6548899129544294e-05
4938752,-0.0009122078263317235,0.4588261101162061,-0.0209726186003536,0.0029296875,0.00019400841847527772,2.652329749103943e-05
4939776,-0.0003954456915380433,0.09673987189307809,-0.021999408083502203,0.00244140625,0.00026101710682269186,2.6497695852534567e-05
4940800,-0.00198348009143956,1.0994389168918133,-0.04243524733465165,0.00390625,0.0003115994477411732,2.6472094214029688e-05
4941824,-0.0006620823405683041,0.05457564606331289,-0.022553826733201277,0.00146484375,0.00047978492511902004,2.6446492575524823e-05
4942848,-0.0006982746126595885,0.06318195071071386,-0.023579024178616237,0.0048828125,0.0005291617417242378,2.642089093701996e-05
4943872,-0.001066043769242242,0.04211807390674949,-0.02055088142560635,0.0048828125,0.0006395568634616211,2.63952892985151e-05
4944896,-0.0011010712041752413,0.4004130242392421,-0.0321895691613463,0.01025390625,0.0009810178453335539,2.6369687660010235e-05
4945920,-0.00045956521353218704,0.07879733724985272,-0.01739951854233368,0.00146484375,0.00023329532996285707,2.6344086021505373e-05
4946944,-0.0005379630601964891,0.3908956730738282,-0.030057412088353885,0.00048828125,0.00010918753105215728,2.631848438300051e-05
4947968,-0.00010637295781634748,0.3790498257149011,-0.03206329816021025,0.0029296875,0.0006828795740148053,2.6292882744495646e-05
4948992,-0.0010237414098810405,0.038688906002789736,-0.020268712029064773,0.00537109375,0.0006306917784968391,2.6267281105990784e-05
4950016,-0.0003149366457364522,0.026046422659419477,-0.01729073835304007,0.0029296875,0.00017361465143039823,2.6241679467485922e-05
4951040,-0.001473792304750532,0.04179653897881508,-0.01735588995870785,0.0078125,0.0026665783807402477,2.6216077828981057e-05
4952064,-0.0010181457037106156,0.048247495375107974,-0.016579005095991306,0.001953125,0.0010005661606555805,2.6190476190476196e-05
4953088,-0.001071246573701501,0.3827178120845929,-0.029315787367522717,0.0029296875,0.00027617144223768264,2.616487455197133e-05
4954112,-0.001326338853687048,0.040793603053316474,-0.02352838201477425,0.00537109375,0.001492383162258193,2.6139272913466452e-05
4955136,-6.757822120562196e-06,0.05868744105100632,-0.022105657524662092,0.00244140625,0.0006436422554543242,2.611367127496159e-05
4956160,-0.00020223717001499608,0.06901616574032232,-0.01823852423694916,0.00048828125,7.508533599320799e-05,2.6088069636456725e-05
4957184,-0.0002626315108500421,0.3673953042598441,-0.02598964420030825,0.001953125,0.00021589591051451862,2.6062467997951863e-05
4958208,-0.0012589913749252446,0.30179490603040904,-0.03299631585832685,0.001953125,0.00023201330623123795,2.6036866359447e-05
4959232,-0.0013507080875569955,0.41802370897494256,-0.026577505079330876,0.001953125,0.0001463152002543211,2.6011264720942136e-05
4960256,-0.0015549130548606627,0.3290620364714414,-0.026403913027024828,0.00634765625,0.0008351910655619577,2.5985663082437275e-05
4961280,-6.155591108836234e-05,0.3178533958271146,-0.028187533680466004,0.00048828125,7.596201612614095e-05,2.5960061443932413e-05
4962304,-0.0011182079324498773,0.06121295038610697,-0.022369998321664752,0.0029296875,0.0006188645784277469,2.5934459805427548e-05
4963328,-0.0006155359733384103,0.4132438884116709,-0.03297559179372911,0.00146484375,0.00015539101150352508,2.5908858166922686e-05
4964352,-0.0013214240752859041,0.4569285062607378,-0.02906933968188241,0.009765625,0.0009738046792335808,2.5883256528417824e-05
4965376,-0.0005644304837915115,0.05546809080988169,-0.020044831574068667,0.00244140625,0.0008991206414066255,2.585765488991296e-05
4966400,-0.0006385992310242727,0.07221394835505635,-0.024096057823044248,0.005859375,0.001036725749145262,2.583205325140808e-05
4967424,-0.0005772617587354034,0.03993277531117201,-0.01929972172001726,0.0029296875,0.00023480592062696815,2.580645161290322e-05
4968448,-0.0013443571660900488,0.052948157710488886,-0.021227456574706594,0.00634765625,0.0015355162904597819,2.5780849974398354e-05
4969472,-0.0006528176891151816,0.026039195829071105,-0.015274237983248895,0.005859375,0.0011035942588932812,2.5755248335893492e-05
4970496,-0.0006512300096801482,0.3827036762377247,-0.024738761112530483,0.00341796875,0.0002252511476399377,2.5729646697388627e-05
4971520,-0.000779272522777319,0.3795876504154876,-0.02394732626271434,0.00341796875,0.00019951743888668716,2.5704045058883765e-05
4972544,-0.0012795678048860282,0.05886029393877834,-0.02413556893588975,0.0068359375,0.0008136475953506306,2.5678443420378903e-05
4973568,-0.0005647322541335598,0.10713494615629315,-0.03009604196267901,0.00244140625,0.0010714083909988403,2.5652841781874038e-05
4974592,-0.001405687231454067,0.42945222929120064,-0.0371961803175509,0.00439453125,0.0007414861320285127,2.5627240143369176e-05
4975616,-0.00047906252439133823,0.08234488836023957,-0.02956969708611723,0.00341796875,0.00027737759228330106,2.5601638504864315e-05
4976640,-0.0008545367745682597,0.37729385937564075,-0.024929405386501458,0.00537109375,0.00041088968282565475,2.557603686635945e-05
4977664,-0.0005818706995341927,0.07894295384176075,-0.02258250939394202,0.0029296875,0.0005138067062944174,2.5550435227854588e-05
4978688,-0.0009314035705756396,0.43687154073268175,-0.0345779070048593,0.00341796875,0.00032578960235696286,2.552483358934971e-05
4979712,-0.0010243068463751115,0.368199095595628,-0.033885918877786025,0.00537109375,0.0005192024982534349,2.5499231950844844e-05
4980736,-0.000754440225136932,0.05421329935779795,-0.019093573646387085,0.0029296875,0.00022702515707351267,2.5473630312339982e-05
4981760,-0.0004837577580474317,0.04017597547499463,-0.019610086739703547,0.00390625,0.00022922469361219555,2.544802867383512e-05
4982784,-0.0013366048806346953,0.09568595280870795,-0.030224167636333732,0.00390625,0.0006919421575730667,2.5422427035330255e-05
4983808,-0.0027690331044141203,0.36996372777502984,-0.028038626804118394,0.0048828125,0.00035981448309030384,2.5396825396825394e-05
4984832,0.0005999354616506025,0.41585357452277094,-0.028027064035995863,0.0009765625,0.00014126644236966968,2.537122375832053e-05
4985856,0.00041992923070210963,0.045230376010295004,-0.023685112937528174,0.00244140625,0.00013792456593364477,2.5345622119815667e-05
4986880,-0.00023416316253133118,0.7554682525806129,-0.04331316755269654,0.0,7.846980588510633e-05,2.5320020481310805e-05
4987904,-0.0008603056630818173,0.05284660082543269,-0.02804135365295224,0.00244140625,0.0006902388267917559,2.529441884280594e-05
4988928,-0.0022277281241258606,0.3810246088542044,-0.032578622856817674,0.005859375,0.0003637938789324835,2.5268817204301078e-05
4989952,-0.0004995892231818289,0.06861188216134906,-0.026408616766275372,0.00390625,0.0011269107490079477,2.5243215565796216e-05
4990976,-0.0001580846874276176,0.6199430336710066,-0.0463872411637567,0.00341796875,0.000594463519519195,2.521761392729135e-05
4992000,-0.0003088994708377868,0.044950849493034184,-0.02460515758684778,0.00146484375,0.000165918652783148,2.5192012288786473e-05
4993024,-0.0012254094908712432,0.0442415046854876,-0.024419688057378153,0.0048828125,0.0006895523983985186,2.516641065028161e-05
4994048,-0.0033775953052099794,0.7424697990063578,-0.04070547461742535,0.0107421875,0.0008416186465183273,2.5140809011776746e-05
4995072,-0.0014244373596739024,0.7878306405618787,-0.04131402762141079,0.00537109375,0.00040264028939418495,2.5115207373271884e-05
4996096,-0.0013900577032472938,0.4071941217407584,-0.026879274388193153,0.00390625,0.0006375327502610162,2.5089605734767022e-05
4997120,-0.00265481902169995,0.4138880465179682,-0.02871320297708735,0.00244140625,0.00021671030845027417,2.5064004096262157e-05
4998144,-0.003571174282114953,0.654507246799767,-0.0394460950337816,0.00439453125,0.00031480488542001694,2.5038402457757295e-05
4999168,-0.0007655160152353346,0.08709908172022551,-0.01998153898784949,0.00537109375,0.001991990808164701,2.5012800819252434e-05
5000192,-0.0005164733738638461,0.06168075877940282,-0.023152677647885866,0.0009765625,0.0005587220512097701,2.498719918074757e-05
5001216,-0.001335238732281141,0.06868629006203264,-0.02752533807506552,0.00439453125,0.0003656663902802393,2.4961597542242707e-05
5002240,-0.0006971744005568326,0.07934443576959893,-0.019588620292779524,0.001953125,0.0002710167318582535,2.4935995903737842e-05
5003264,-0.0005480071849888191,0.40619078697636724,-0.03472006059018895,0.00439453125,0.00024115087580867112,2.491039426523298e-05
5004288,-0.0015140627801883966,0.10417024628259242,-0.034334822732489556,0.00634765625,0.0007178104278864339,2.48847926267281e-05
5005312,-0.0004525912372628227,0.0339752339059487,-0.0213743848617014,0.00244140625,0.00039151661621872336,2.4859190988223236e-05
5006336,-0.0009135731088463217,0.41514163580723107,-0.03464145012549125,0.009765625,0.0009782707202248275,2.4833589349718375e-05
5007360,-0.0007739002467133105,0.056342583149671555,-0.020946278724295553,0.00244140625,0.0002955790114356205,2.4807987711213513e-05
5008384,-0.0005859845550730824,0.040730811073444784,-0.02214657412332599,0.00341796875,0.0001715598627924919,2.4782386072708648e-05
5009408,-0.00037581162177957594,0.09880275931209326,-0.02288915211101994,0.001953125,0.00030126624915283173,2.4756784434203786e-05
5010432,-0.0011428660218371078,0.7435385654680431,-0.040255808795336634,0.0009765625,9.071626118384302e-05,2.4731182795698924e-05
5011456,-0.0003172095166519284,0.14162610040511936,-0.02247423370499746,0.00439453125,0.0009608565596863627,2.470558115719406e-05
5012480,0.00015544818597845733,0.32351712323725224,-0.02640650002285838,0.0009765625,0.0002330039133084938,2.4679979518689197e-05
5013504,-0.0009323990816483274,0.04008212866028771,-0.022043500475774636,0.0029296875,0.00021304440451785922,2.4654377880184336e-05
5014528,0.0009774262580322102,0.8174710092134774,-0.05389232243760489,0.00390625,0.00027721666265279055,2.462877624167947e-05
5015552,-0.00041146957664750516,0.03808106295764446,-0.024296080475323834,0.00146484375,0.00022084033116698265,2.460317460317461e-05
5016576,7.137260399758816e-05,0.03697734390152618,-0.019807860076980432,0.0009765625,0.00019406358478590846,2.4577572964669744e-05
5017600,-0.0013227898598415777,0.3631291922647506,-0.033586351382837165,0.0029296875,0.0005930232582613826,2.4551971326164865e-05
5018624,-0.0005677547742379829,0.33868024905677885,-0.022253410541452467,0.0029296875,0.0009736390493344516,2.4526369687660003e-05
5019648,-0.0011574616364669055,0.05575794668402523,-0.02242911229677702,0.00634765625,0.0008176744013326243,2.4500768049155138e-05
5020672,-0.0007235966622829437,0.03674711869098246,-0.021932800256763585,0.00244140625,0.0002644155320012942,2.4475166410650276e-05
5021696,-0.0004979971126886085,0.05066772777354345,-0.018222973762021866,0.0009765625,0.00028461239708121866,2.4449564772145415e-05
5022720,-0.0003501122409943491,0.45698791497852653,-0.031227207691699732,0.00048828125,5.971829523332417e-05,2.442396313364055e-05
5023744,-0.00043738813837990165,0.30195911054033786,-0.028669406703556888,0.00244140625,0.00022214179625734687,2.4398361495135688e-05
5024768,-0.0014316477027023211,0.07616001646965742,-0.02484291350992862,0.0048828125,0.0010619483073242009,2.4372759856630826e-05
5025792,-0.00029791156703140587,0.04453538189409301,-0.019748314000025857,0.001953125,0.0001923438103403896,2.434715821812596e-05
5026816,-0.001338902256975416,0.0326850003330037,-0.01830391289695399,0.0029296875,0.00031362034496851265,2.43215565796211e-05
5027840,-0.00044830457773059607,0.03617524990113452,-0.01693344017257914,0.00146484375,0.00020595401292666793,2.4295954941116237e-05
5028864,-0.0005928865139139816,0.5027945118490607,-0.0317892026505433,0.00439453125,0.00031539482006337494,2.4270353302611372e-05
5029888,-0.0009882875892799348,0.39056831202469766,-0.03382004106242675,0.0029296875,0.0005039380775997415,2.4244751664106494e-05
5030912,-0.0005843522085342556,0.0706200348213315,-0.025538716228766134,0.0029296875,0.0003309685125714168,2.4219150025601632e-05
5031936,-0.0009968739614123479,0.0963737185811624,-0.019960608835390303,0.00390625,0.00030630767287220806,2.4193548387096767e-05
5032960,-0.0007107789278961718,0.053040940139908344,-0.022633736713032704,0.00146484375,0.0002098547702189535,2.4167946748591905e-05
5033984,-0.0007445348310284317,0.39260769775137305,-0.03247351486061234,0.00390625,0.0003361769631737843,2.414234511008704e-05
5035008,-0.0009351497865281999,0.07206003094324842,-0.019673956864608044,0.00390625,0.0010948649869533256,2.4116743471582178e-05
5036032,-0.0009939870069501922,0.653620311524719,-0.03907952050212771,0.00244140625,0.00020236668933648616,2.4091141833077316e-05
5037056,-0.0019779159338213503,0.06577189173549414,-0.023880025717517128,0.00732421875,0.0010954599420074373,2.406554019457245e-05
5038080,-0.00039050556370057166,0.3808960553724319,-0.03152902105648536,0.0009765625,9.611355199012905e-05,2.403993855606759e-05
5039104,-0.0007230704941321164,0.05153320054523647,-0.026015001625637524,0.00146484375,0.00016149050497915596,2.4014336917562728e-05
5040128,-0.001938538538524881,0.3896232951665297,-0.023108666035113856,0.00537109375,0.0006166824314277619,2.3988735279057863e-05
5041152,-0.0006915916310390458,0.0691733563435264,-0.01978096521452244,0.001953125,0.0004248770565027371,2.3963133640553e-05
5042176,-0.0008157361589837819,0.05169275670778006,-0.02681412299762087,0.00439453125,0.00044482253724709153,2.3937532002048122e-05
5043200,-0.0005963643416180275,0.08904306858312339,-0.02011679074348649,0.00146484375,0.00020608694467227906,2.3911930363543257e-05
5044224,-0.0005641326279146597,0.10952174884732813,-0.029925548675237224,0.001953125,0.0005092634091852233,2.3886328725038395e-05
5045248,-0.0002305933303432539,0.40769604430533946,-0.0232419655949343,0.0029296875,0.00022381835151463747,2.3860727086533534e-05
5046272,0.0008508093451382592,0.4863531729206443,-0.026289862107660156,0.00244140625,0.0009264601249014959,2.383512544802867e-05
5047296,-0.0006825402524555102,0.2848286583321169,-0.026768278912641108,0.001953125,0.0001152775512309745,2.3809523809523807e-05
5048320,-0.0013031731359660625,0.10223154572304338,-0.023815540598661755,0.00732421875,0.0008584757742937654,2.378392217101894e-05
5049344,-0.0004779004957526922,0.0401400257833302,-0.021014008850670507,0.0009765625,8.884441922418773e-05,2.375832053251408e-05
5050368,-0.0010409685492049903,0.05850536469370127,-0.01625165921450389,0.00146484375,9.25433705560863e-05,2.3732718894009218e-05
5051392,-0.0005982493457850069,0.03834200045093894,-0.02281686703736341,0.005859375,0.0004980211379006505,2.3707117255504353e-05
5052416,-0.0007668638936593197,0.40880045504309237,-0.031957033679645974,0.001953125,0.00019735404930543154,2.368151561699949e-05
5053440,-0.0011677912261802703,0.42191974096931517,-0.02813129530113656,0.00439453125,0.00040846801130101085,2.365591397849463e-05
5054464,-4.539672227110714e-05,0.08429225708823651,-0.018476330827979837,0.0009765625,0.00044583933777175844,2.3630312339989764e-05
5055488,-0.001733386845444329,0.37822781619615853,-0.02399372071158723,0.001953125,0.0001349437516182661,2.3604710701484886e-05
5056512,-0.0008534823864465579,0.1361332277301699,-0.020784203326911665,0.00439453125,0.0004605824942700565,2.3579109062980024e-05
5057536,-0.001494949305197224,0.7305751761887223,-0.031242796045262367,0.00341796875,0.0004187247541267425,2.355350742447516e-05
5058560,-3.292453766334802e-05,0.3323574602836743,-0.029566268960479647,0.0,5.23865019204095e-05,2.3527905785970297e-05
5059584,-0.0007831460316083394,0.37686467089224607,-0.03423703940643463,0.001953125,0.0005969949706923217,2.3502304147465435e-05
5060608,-0.0006133750430308282,0.08600278990343213,-0.023888100258773193,0.00634765625,0.0016833024128573015,2.347670250896057e-05
5061632,-0.0006429150962503627,0.05829534522490576,-0.020371737162349746,0.0029296875,0.0007752829405944794,2.345110087045571e-05
5062656,-0.0005221633618930355,0.3960196954431012,-0.029075832717353478,0.0029296875,0.0006713652110192925,2.3425499231950843e-05
5063680,-0.0004920109786326066,0.0526112049119547,-0.02233027026795753,0.0009765625,0.00020853795285802335,2.3399897593445982e-05
5064704,0.0011497913510538638,0.5003591331187636,-0.04079793972778134,0.00146484375,0.00013590887829195708,2.337429595494112e-05
5065728,-0.0001471185387345031,0.08941818377934396,-0.022805487649748102,0.00048828125,4.637859819922596e-05,2.3348694316436255e-05
5066752,-0.0004456890164874494,0.40968549193348736,-0.027817981521366164,0.0,3.6966230254620314e-05,2.3323092677931393e-05
5067776,-0.0011332721769576892,0.08444613090250641,-0.0247107838622469,0.0029296875,0.0005861933750566095,2.3297491039426514e-05
5068800,-0.000560276115720626,0.05481987842358649,-0.020575436879880726,0.00537109375,0.0003965848154621199,2.327188940092165e-05
5069824,-0.00033382281253580004,0.7207738829310983,-0.02797618115437217,0.0009765625,0.00014390426804311574,2.3246287762416788e-05
5070848,-0.0001503533057984896,0.34563958179205656,-0.02606056690274272,0.001953125,0.00021308002760633826,2.3220686123911926e-05
5071872,-0.0003832261572824791,0.06939287792192772,-0.021739400399383157,0.00146484375,0.0004662129358621314,2.319508448540706e-05
5072896,-0.001190935741760768,0.03609646431868896,-0.017126269463915378,0.00439453125,0.00046541552001144737,2.31694828469022e-05
5073920,-0.0007434806466335431,0.39097080915234983,-0.02440236736947554,0.00146484375,0.0005026036087656394,2.3143881208397337e-05
5074944,-0.000848830008180812,0.5585165345109999,-0.03128473126662357,0.00341796875,0.00027992139803245664,2.3118279569892472e-05
5075968,-0.00045446901640389115,0.5429957527667284,-0.030298303085146472,0.00146484375,0.00013918445620220155,2.309267793138761e-05
5076992,-0.0003839149576378986,0.08495557738933712,-0.022455292903032387,0.0009765625,0.00010897545143961906,2.3067076292882745e-05
5078016,-0.0007179358653957024,0.08863203239161521,-0.020341892166470643,0.00244140625,0.0002515376982046291,2.3041474654377884e-05
5079040,-0.0002950143243651837,0.05837506568059325,-0.02325494319666177,0.00341796875,0.0004096223710803315,2.3015873015873022e-05
5080064,-0.0009324095299234614,1.3054375816136599,-0.04083159705623984,0.00048828125,0.00014157671830616891,2.299027137736814e-05
5081088,-0.00023358584439847618,0.6740043857134879,-0.03240841341539635,0.0,4.683500446844846e-05,2.2964669738863278e-05
5082112,-0.00028669455787166953,0.05023634992539883,-0.025605533375710365,0.0009765625,0.00011166991316713393,2.2939068100358416e-05
5083136,-2.288041287101805e-06,0.6473690010607243,-0.030913993017747998,0.0,6.302606198005378e-05,2.291346646185355e-05
5084160,-0.0007507104019168764,0.37542858882807195,-0.020672794982601772,0.00146484375,0.0001349352824036032,2.288786482334869e-05
5085184,-0.0007667726895306259,0.041192377684637904,-0.015968022440574714,0.001953125,0.00022951644496060908,2.2862263184843828e-05
5086208,-0.0010182721962337382,0.09310161496978253,-0.018918952163403446,0.0029296875,0.001058591777109541,2.2836661546338963e-05
5087232,-0.0014384268724825233,0.4118522950448096,-0.023183416839401616,0.0048828125,0.0006247511337278411,2.28110599078341e-05
5088256,-0.0003201664439984597,0.07501399924512953,-0.018525005281844642,0.00146484375,0.00030534103279933333,2.278545826932924e-05
5089280,-0.0011275539000052959,0.053359821904450655,-0.020157412116532214,0.00341796875,0.00033092236844822764,2.2759856630824374e-05
5090304,-0.001370867234072648,0.6866630618460476,-0.03990336405695416,0.00341796875,0.0005968690384179354,2.2734254992319512e-05
5091328,-0.0030050038767512888,0.9895166084170341,-0.04005179324303754,0.0029296875,0.0008543348521925509,2.2708653353814647e-05
5092352,-0.0008681027247803286,0.6373812051024288,-0.036707590450532734,0.00341796875,0.00038536550709977746,2.2683051715309785e-05
5093376,-0.0007402868359349668,0.1300687287002802,-0.023351264972006902,0.00146484375,0.00028223005938343704,2.2657450076804907e-05
5094400,-8.978199912235141e-05,0.40161768603138626,-0.03584101717569865,0.00048828125,6.5544547396712e-05,2.263184843830004e-05
5095424,-0.0022423670307034627,0.2776295645162463,-0.030657981216791086,0.0029296875,0.0006538339221151546,2.260624679979518e-05
5096448,-0.00042016850056825206,0.3607328017242253,-0.026994585685315542,0.00146484375,0.0001246073516085744,2.2580645161290318e-05
5097472,-0.0009833969816099852,0.111103878589347,-0.024706189884454943,0.00439453125,0.0003842388978227973,2.2555043522785453e-05
5098496,-0.0009332561166957021,0.09583624033257365,-0.02445650935260346,0.00146484375,0.00027855993539560586,2.252944188428059e-05
5099520,-0.001244187598786084,0.4127350435592234,-0.028625834951526485,0.0048828125,0.0004850446857744828,2.250384024577573e-05
5100544,-0.0007414515712298453,0.06018973793834448,-0.020158767725661164,0.00390625,0.0004178490344202146,2.2478238607270864e-05
5101568,-0.0007592782931169495,0.050550880609080195,-0.014577001064026263,0.00146484375,0.000270727468887344,2.2452636968766003e-05
5102592,-0.0003942296898458153,0.11439712508581579,-0.017982157136430033,0.0029296875,0.0003370768972672522,2.242703533026114e-05
5103616,-0.0004223227151669562,0.06650373112643138,-0.02074489460164841,0.0029296875,0.00019007922674063593,2.2401433691756276e-05
5104640,-0.0011837658530566841,0.25132158654741943,-0.030930961773265153,0.00244140625,0.00023789305123500526,2.2375832053251414e-05
5105664,-0.0024393774001509883,0.42983573232777417,-0.03773843715316616,0.0048828125,0.0004370511305751279,2.2350230414746535e-05
5106688,-0.0008446500505669974,0.09068884968291968,-0.01637202355414047,0.001953125,0.0005216426507104188,2.232462877624167e-05
5107712,-0.001192681913380511,0.08811687864363194,-0.029759727040072903,0.00244140625,0.00042701748316176236,2.229902713773681e-05
5108736,-0.002385227504419163,1.2432834524661303,-0.05064076458802447,0.00830078125,0.0007224346336442977,2.2273425499231943e-05
5109760,-0.0005775306053692475,0.07106103177648038,-0.016118407576868776,0.00244140625,0.0004890913987765089,2.224782386072708e-05
5110784,-0.0021581970067927614,0.23440995370037854,-0.03114817081950605,0.00146484375,0.00020164516172371805,2.222222222222222e-05
5111808,-0.0010259171758661978,0.12188893207348883,-0.029893250291934237,0.001953125,0.0005402582319220528,2.2196620583717355e-05
5112832,-0.00024715811014175415,0.054739756626076996,-0.021878324754652567,0.00341796875,0.00021646784443873912,2.2171018945212493e-05
5113856,-0.0012210059649078175,0.7208507561590523,-0.030202566063962877,0.00146484375,0.00019106012769043446,2.214541730670763e-05
5114880,-0.0009247878297173884,0.33529072254896164,-0.031212674046400934,0.00390625,0.0006110616232035682,2.2119815668202766e-05
5115904,-0.0006298001389950514,0.27745836903341115,-0.025282303569838405,0.001953125,0.00041600814438425004,2.2094214029697904e-05
5116928,-0.0016137624334078282,0.1135667827911675,-0.022839899682367104,0.0048828125,0.0006956610013730824,2.2068612391193043e-05
5117952,-0.0008916631632018834,0.081343914847821,-0.019206684523851436,0.00244140625,0.0007267644832609221,2.2043010752688178e-05
5118976,-0.000918847945285961,0.7193977423012257,-0.03675564916920848,0.00146484375,0.00010342223686166108,2.20174091141833e-05
5120000,-0.0010439277175464667,0.07865046244114637,-0.022016078190063126,0.00390625,0.0005497976089827716,2.1991807475678437e-05
5121024,-0.0006798679532948881,0.05117881408659741,-0.02127555600964115,0.0009765625,6.883728201501071e-05,2.1966205837173572e-05
5122048,-0.0006077197540435009,0.05720638792263344,-0.021886869482841576,0.001953125,0.00021500588627532125,2.194060419866871e-05
5123072,-0.00023577650426886976,0.03906773217022419,-0.017059637433703756,0.00244140625,0.0008186846098396927,2.1915002560163845e-05
5124096,-0.0017251797253265977,0.7913486461620778,-0.034794777660863474,0.0009765625,0.00011249532690271735,2.1889400921658983e-05
5125120,-0.0009510577510809526,0.3697619647718966,-0.030708170612342656,0.0029296875,0.00019377630087547004,2.1863799283154122e-05
5126144,-0.0016418951236119028,0.07041678053792566,-0.018605006262987445,0.00537109375,0.000614021104411222,2.1838197644649257e-05
5127168,0.00012004318705294281,0.6646416173316538,-0.04458983015501872,0.00048828125,6.879465945530683e-05,2.1812596006144395e-05
5128192,-0.0004324652109062299,0.05327506340108812,-0.019045623746933416,0.001953125,0.000112323192297481,2.1786994367639533e-05
5129216,-0.0006381184794008732,0.088557968090754,-0.023212874912132975,0.0029296875,0.00039930718776304275,2.1761392729134668e-05
5130240,-0.0005837706848978996,0.08681746735237539,-0.021495607787073823,0.0009765625,0.00019696187519002706,2.1735791090629806e-05
5131264,-0.000714888286893256,0.6405516462400556,-0.0312882141006412,0.00048828125,5.314584996085614e-05,2.1710189452124928e-05
5132288,-0.0003910111263394356,0.8056869280990213,-0.039274574839510024,0.0009765625,9.874797251541167e-05,2.1684587813620062e-05
5133312,-0.00023520457034464926,0.049859136226587,-0.019070337377343094,0.00048828125,3.5010481951758265e-05,2.16589861751152e-05
5134336,-0.0005901155236642808,0.04379319178406149,-0.021898358631005976,0.00146484375,9.659107308834791e-05,2.163338453661034e-05
5135360,-9.318892261944711e-05,0.3336913506500423,-0.021449797110108193,0.00146484375,0.00019565389084164053,2.1607782898105474e-05
5136384,-0.0005562810110859573,0.09240435855463147,-0.025150025845505297,0.001953125,0.0006483581237262115,2.1582181259600612e-05
5137408,-0.0013467332173604518,0.1448385496623814,-0.024491226809914224,0.00537109375,0.001132824705564417,2.1556579621095747e-05
5138432,-0.0003249594010412693,0.10977070918306708,-0.02154633508689585,0.0009765625,0.000501381975482218,2.1530977982590885e-05
5139456,7.98647670308128e-06,0.06631228211335838,-0.01969916828966234,0.0,1.8161561456508934e-05,2.1505376344086024e-05
5140480,-0.0006721831159666181,0.055502955918200314,-0.021578661267994903,0.0009765625,0.00045978082926012576,2.147977470558116e-05
5141504,-0.0007737846171949059,0.12201243103481829,-0.02610086975619197,0.00439453125,0.0006603089568670839,2.1454173067076297e-05
5142528,-0.0004624150024028495,0.07461075321771204,-0.02261283113330137,0.001953125,0.00031374566606245935,2.1428571428571435e-05
5143552,-0.0005887651204830036,0.05791618977673352,-0.022141783544611826,0.0029296875,0.0002112636575475335,2.1402969790066553e-05
5144576,-0.0005536090466193855,0.08844337635673583,-0.02384597109630704,0.0009765625,0.00035151389602106065,2.137736815156169e-05
5145600,-0.0008166666084434837,0.6677851276472211,-0.031444810763787245,0.00244140625,0.0002221826434833929,2.135176651305683e-05
5146624,-0.0010665386507753283,0.04216258291853592,-0.02057753025292186,0.005859375,0.0005280693148961291,2.1326164874551964e-05
5147648,-0.00042881688568741083,0.06183606048580259,-0.018467299923941027,0.001953125,0.000340592727297917,2.1300563236047103e-05
5148672,0.00040342609281651676,0.4306243220344186,-0.026235177130729426,0.001953125,0.000165266334079206,2.127496159754224e-05
5149696,-0.0009277711797039956,0.45276997331529856,-0.030319058991153724,0.00341796875,0.0002813972387230024,2.1249359959037376e-05
5150720,-0.0007853518181946129,0.07873822230612859,-0.024534103366022464,0.0029296875,0.0003804714942816645,2.1223758320532514e-05
5151744,-0.0007958208443596959,0.707384743494913,-0.03813016886851983,0.0,5.3283118177205324e-05,2.119815668202765e-05
5152768,-0.001350657272269018,0.03874289779923856,-0.017982791576287127,0.00146484375,0.00014614677638746798,2.1172555043522787e-05
5153792,-0.00041558302473276854,0.039125824929215014,-0.02128489081223961,0.0009765625,0.0003218931524315849,2.1146953405017925e-05
5154816,-0.0007804454944562167,0.09363449376542121,-0.02156990027651773,0.0009765625,0.0004564391711028293,2.112135176651306e-05
5155840,-0.0005761176289524883,0.06368172273505479,-0.023538628051028354,0.00244140625,0.00026160349079873413,2.10957501280082e-05
5156864,-0.00038849269913043827,0.3928289134055376,-0.02823980912216939,0.0,4.224876465741545e-05,2.107014848950332e-05
5157888,-0.0006521916220663115,0.4103994215838611,-0.027763735080952756,0.00146484375,9.05586639419198e-05,2.1044546850998455e-05
5158912,-0.0005339723138604313,0.39961889619007707,-0.028250760078663006,0.001953125,0.0001897752081276849,2.1018945212493593e-05
5159936,-0.0008883222762960941,0.6519780782982707,-0.02835777500877157,0.00146484375,0.00012553691340144724,2.099334357398873e-05
5160960,-0.0008440645324299112,0.0805325408000499,-0.021188036008425115,0.00341796875,0.0003989004617324099,2.0967741935483866e-05
5161984,-0.0011928241437999532,0.07710723648779094,-0.025990727459429763,0.0068359375,0.0020025599224027246,2.0942140296979004e-05
5163008,-0.00026311758847441524,0.4037598615977913,-0.031071105804585386,0.00048828125,6.483099423348904e-05,2.0916538658474143e-05
5164032,-0.00012699875514954329,0.044971021940000355,-0.016893665747375053,0.00048828125,0.00011686517973430455,2.0890937019969277e-05
5165056,-0.0003863997699227184,0.06215159653220326,-0.019613523632870056,0.0029296875,0.000334780037519522,2.0865335381464416e-05
5166080,-0.0008974318043328822,0.07986760279163718,-0.03132447742973454,0.00341796875,0.00022956394241191447,2.0839733742959554e-05
5167104,-0.0004251591599313542,0.3226791098713875,-0.030957992799812928,0.0009765625,0.0001941291120601818,2.081413210445469e-05
5168128,-0.0004082050727447495,0.04829445231007412,-0.027394415039452724,0.00244140625,0.00030776759376749396,2.0788530465949827e-05
5169152,-0.00024087465135380626,0.6795684453099966,-0.03662060602073325,0.001953125,0.00013649645552504808,2.076292882744495e-05
5170176,-0.0004152062174398452,0.6689561752136797,-0.031895991720375605,0.0,2.1504165488295257e-05,2.0737327188940083e-05
5171200,0.0006406960455933586,0.5055306584108621,-0.0394581260625273,0.0009765625,8.931085176300257e-05,2.071172555043522e-05
5172224,-0.0012814537185477093,0.05306029977509752,-0.017034523778420407,0.00390625,0.00028601214580703527,2.0686123911930356e-05
5173248,6.799557013437152e-05,0.05555584072135389,-0.021016577520640567,0.00146484375,0.00026185106253251433,2.0660522273425495e-05
5174272,-0.0005231426621321589,0.07405721838586032,-0.02379487246798817,0.0009765625,0.00011343958612997085,2.0634920634920633e-05
5175296,-0.002353069794480689,0.4337285098154098,-0.02626083391078282,0.0048828125,0.0006078583392081782,2.0609318996415768e-05
5176320,-0.002317507161933463,0.3791063670068979,-0.029711613155086525,0.0048828125,0.0003148461546516046,2.0583717357910906e-05
5177344,-0.0008326612587552518,0.059881322318688035,-0.02263790586584946,0.0029296875,0.00040587921102996916,2.0558115719406044e-05
5178368,-0.0002871026226785034,0.03765462402952835,-0.020943594707887314,0.001953125,0.00013367556675802916,2.053251408090118e-05
5179392,-0.0010952159209409729,0.31387184595223516,-0.0272075096872868,0.00244140625,0.00013760921137873083,2.0506912442396318e-05
5180416,-0.0006388940819306299,0.04596680717077106,-0.018065530452076928,0.00244140625,0.0002062617859337479,2.0481310803891456e-05
5181440,-0.0002839467633748427,0.0578734542359598,-0.017068587225367082,0.001953125,0.0003285941784270108,2.045570916538659e-05
5182464,-0.0011898473021574318,0.07091107359156013,-0.018059474154142663,0.00439453125,0.0009665069956099615,2.0430107526881712e-05
5183488,-0.0012782253688783385,0.06363693933235481,-0.02503866027109325,0.00390625,0.0006321465625660494,2.040450588837685e-05
5184512,-0.00036381503741722554,0.040214236825704575,-0.018853511555789737,0.00244140625,0.0004944495012750849,2.0378904249871985e-05
5185536,3.2603265935904346e-05,0.3953584786504507,-0.028332640198641457,0.0,1.7835714970715344e-05,2.0353302611367123e-05
5186560,-0.0004711946239694953,0.046089234587270766,-0.023536425609563594,0.001953125,0.00014801636280026287,2.0327700972862258e-05
5187584,-0.00043966915109194815,0.0360347144305706,-0.024241188595624408,0.00048828125,3.529265813995153e-05,2.0302099334357397e-05
5188608,-0.00029483264370355755,0.4230278079630807,-0.02829106178251095,0.00537109375,0.0005087429599370807,2.0276497695852535e-05
5189632,-0.0024135578714776784,0.6263050115667284,-0.029455129435518757,0.00244140625,0.00022505193192046136,2.025089605734767e-05
5190656,-0.0006720811215927824,0.06202165025752038,-0.020133809568505967,0.0009765625,0.00013670969929080456,2.0225294418842808e-05
5191680,-0.0009413754742126912,0.5944754567462951,-0.030506924376823008,0.00048828125,0.0001495943433837965,2.0199692780337946e-05
5192704,-0.0009126071527134627,0.03605910995975137,-0.02375920665713238,0.00244140625,0.00015726618585176766,2.017409114183308e-05
5193728,-0.0010821453179232776,0.3929303383920342,-0.029355932711041532,0.005859375,0.00038175789813976735,2.014848950332822e-05
5194752,-0.0011417594068916515,0.03479479608358815,-0.02428094932838576,0.0048828125,0.0003800828708335757,2.012288786482334e-05
5195776,-0.0016082658257801086,0.035596656205598265,-0.021754252870778146,0.00537109375,0.0009539165475871414,2.0097286226318476e-05
5196800,-0.00018966860079672188,0.45541006210260093,-0.031773159207659774,0.00146484375,0.0001099450746551156,2.0071684587813614e-05
5197824,-0.0003400015411898494,0.03476711577968672,-0.018863306984712835,0.00048828125,0.00021485281467903405,2.0046082949308752e-05
5198848,-0.0008456051000393927,0.6058713546954095,-0.033613697733017034,0.00146484375,0.0001879705087048933,2.0020481310803887e-05
5199872,-0.0009142852068180218,0.05485632177442312,-0.020978953383746557,0.00244140625,0.0005120938003528863,1.9994879672299025e-05
5200896,-0.001072855680831708,0.037515934091061354,-0.02392088591659558,0.0078125,0.0005628638464258984,1.996927803379416e-05
5201920,-0.0004919803286611568,0.05009595479350537,-0.0202698130015051,0.001953125,0.00012328370939940214,1.99436763952893e-05
5202944,-0.0002119748605764471,0.40814457030501217,-0.023473359822673956,0.0,2.2533611627295613e-05,1.9918074756784437e-05
5203968,-0.000708574938471429,0.3897326742298901,-0.02146913191972999,0.0009765625,0.000164558514370583,1.989247311827957e-05
5204992,-0.0009916899798554368,0.4546644010115415,-0.026113452022400452,0.0048828125,0.0003553505812305957,1.986687147977471e-05
5206016,-0.00028892468253616244,0.08410353696672246,-0.01865375499619404,0.0009765625,0.00019181438256055117,1.9841269841269848e-05
5207040,-0.0006982320919632912,0.4478311385028064,-0.026240460436383728,0.00244140625,0.0003714113117894158,1.9815668202764966e-05
5208064,-0.0005242104234639555,0.035768576548434794,-0.020173512828478124,0.00390625,0.0001668547629378736,1.9790066564260104e-05
5209088,-0.0005681741167791188,0.37184089538641274,-0.02527916779217776,0.00048828125,5.228439113125205e-05,1.9764464925755242e-05
5210112,-0.002502656359865796,0.3751831838162616,-0.03266228616121225,0.00244140625,0.0002030510368058458,1.9738863287250377e-05
5211136,-0.0005269303801469505,0.07295057090232149,-0.021010040121836937,0.0009765625,0.00031266520090866834,1.9713261648745516e-05
5212160,-0.0013844116474501789,0.7134052783949301,-0.02976450734422542,0.00537109375,0.0003565480001270771,1.9687660010240654e-05
5213184,-0.0010808751976583153,0.07094616058748215,-0.019992120593087748,0.00244140625,0.00011527448077686131,1.966205837173579e-05
5214208,-0.0008258479356300086,0.3868577068205923,-0.022644334065262228,0.00146484375,0.0001687924814177677,1.9636456733230927e-05
5215232,-1.0713389201555401e-05,0.39772836852353066,-0.03333696420304477,0.00048828125,7.836219447199255e-05,1.9610855094726062e-05
5216256,-0.0005326077080098912,0.02948817127617076,-0.01981129684827465,0.00146484375,0.00015419030387420207,1.95852534562212e-05
5217280,-0.000699208554578945,0.031943667330779135,-0.01773969027090061,0.00146484375,0.00011251174146309495,1.955965181771634e-05
5218304,-0.0005747725517721847,0.04702694888692349,-0.023361221981758717,0.00341796875,0.00047622302372474223,1.9534050179211473e-05
5219328,-0.0002410014858469367,0.09849587921053171,-0.025141161393548828,0.00634765625,0.0014146995963528752,1.950844854070661e-05
5220352,-0.00041032626177184284,0.07713879132643342,-0.024956614710390568,0.00048828125,7.05373240634799e-05,1.9482846902201733e-05
5221376,-0.0006671180308330804,0.06985008140327409,-0.023544161621884996,0.0029296875,0.0002721202763495967,1.9457245263696868e-05
5222400,-0.0028244831191841513,0.37442908179946244,-0.028938303235918283,0.00439453125,0.00044094311306253076,1.9431643625192006e-05
5223424,-0.0003632053703768179,0.42190697975456715,-0.03254526236560196,0.00244140625,0.0001590091997059062,1.9406041986687144e-05
5224448,-0.0006309669552138075,0.31041684153024107,-0.02752826652431395,0.00048828125,7.099754293449223e-05,1.938044034818228e-05
5225472,-0.0011569212656468153,0.40533301210962236,-0.02906744132633321,0.00341796875,0.0002561229484854266,1.9354838709677417e-05
5226496,-0.0018384431314188987,0.8479644740000367,-0.04069859260926023,0.001953125,0.00031878061417955905,1.9329237071172556e-05
5227520,-0.00016265286831185222,0.037784500629641116,-0.02441886493761558,0.00146484375,0.00015690477448515594,1.930363543266769e-05
5228544,-0.0005683931958628818,0.43241929612122476,-0.029020830545050558,0.001953125,0.00014403651584871113,1.927803379416283e-05
5229568,-0.00115723698399961,0.06175728654488921,-0.02128644248159617,0.00439453125,0.0004847245436394587,1.9252432155657964e-05
5230592,-0.0006542429473483935,0.8254803789313883,-0.03702223449363373,0.001953125,0.00037045888893771917,1.9226830517153102e-05
5231616,-0.0004985349369235337,0.3812262178398669,-0.029457316692059976,0.0009765625,7.399889000225812e-05,1.920122887864824e-05
5232640,-0.0007185702561400831,0.613893355242908,-0.033229953587579075,0.00390625,0.00027107946516480297,1.9175627240143358e-05
5233664,-0.0006480669981101528,0.3798630426172167,-0.03666517043529893,0.00341796875,0.0008068505558185279,1.9150025601638496e-05
5234688,-0.0003840298450086266,0.11501488299109042,-0.023490716419473756,0.0009765625,0.00012517573486547917,1.9124423963133635e-05
5235712,-0.000611032490269281,0.3703462954144925,-0.023114760833777837,0.0009765625,0.00018930563237518072,1.909882232462877e-05
5236736,-0.0008998072298709303,0.3720047981478274,-0.028574033836775925,0.00244140625,0.0002832164609571919,1.9073220686123908e-05
5237760,-0.0006802033312851563,0.6028946773149073,-0.03464387933490798,0.00146484375,0.00012760423123836517,1.9047619047619046e-05
5238784,-0.0005450680109788664,0.570778671419248,-0.03953525726683438,0.0009765625,0.00012579106260091066,1.902201740911418e-05
5239808,-0.0008802726806607097,0.06429535569623113,-0.02374050765138236,0.0009765625,0.0010970066505251452,1.899641577060932e-05
5240832,-0.0005849932349519804,0.045391419786028564,-0.020010633394122124,0.0009765625,7.921989890746772e-05,1.8970814132104458e-05
5241856,-0.0012501688324846327,0.8482562946155667,-0.03824146531405859,0.0029296875,0.00022177114442456514,1.8945212493599592e-05
5242880,-0.0005151989171281457,0.377829696983099,-0.032106611877679825,0.00244140625,0.00019961922953370959,1.891961085509473e-05
5243904,-0.0004635349614545703,0.25174603005871177,-0.02433245178690413,0.00244140625,0.00011721724877133965,1.8894009216589866e-05
5244928,2.672907430678606e-05,0.33955982862971723,-0.03948109463090077,0.001953125,0.0005205073830438778,1.8868407578084987e-05
5245952,-0.0006570193218067288,0.06791634857654572,-0.0291104645057203,0.0009765625,0.00018988203373737633,1.8842805939580125e-05
5246976,-0.0007306042825803161,0.06586525368038565,-0.02005787205962406,0.00048828125,0.0003686242998810485,1.881720430107526e-05
5248000,-0.0018705622860579751,0.3946252625901252,-0.03536940521735232,0.001953125,0.00016346806660294533,1.8791602662570398e-05
5249024,-0.0010017546446761116,0.059877300285734236,-0.022288268686679658,0.00439453125,0.0005364314711187035,1.8766001024065537e-05
5250048,-0.001213199575431645,0.12540633615572006,-0.02391237827396253,0.00244140625,0.0002417714858893305,1.874039938556067e-05
5251072,-0.0010718270350480452,0.4296944171655923,-0.030543038315954618,0.00048828125,8.23377922642976e-05,1.871479774705581e-05
5252096,-0.0005985362222418189,0.036753373802639544,-0.016866235426277854,0.00341796875,0.0001654480875004083,1.8689196108550948e-05
5253120,-0.0007156154024414718,0.06799539853818715,-0.022434230572798697,0.0029296875,0.0003682920942083001,1.8663594470046083e-05
5254144,-0.000968816748354584,0.39515479368856177,-0.03731500415597111,0.00146484375,0.00012548283848445863,1.863799283154122e-05
5255168,-0.0004727683844976127,0.05045348819112405,-0.020326897215454665,0.0009765625,8.597801206633449e-05,1.861239119303636e-05
5256192,-0.0006722143734805286,0.04875633289339021,-0.01835750403779457,0.00146484375,0.00020334572764113545,1.8586789554531494e-05
5257216,-8.967344183474779e-05,0.06992253812495619,-0.012472676759898604,0.00048828125,6.119065801613033e-05,1.8561187916026632e-05
5258240,-0.0003982293128501624,0.3279252334032208,-0.02810787131966208,0.00146484375,8.640497981105e-05,1.8535586277521754e-05
5259264,-0.0005154739337740466,0.0583120328374207,-0.02244567919842666,0.00146484375,0.00018171103147324175,1.850998463901689e-05
5260288,-0.0004126007988816127,0.06611062586307526,-0.02463981046457775,0.0029296875,0.0003822393628070131,1.8484383000512027e-05
5261312,-0.0014384145324584097,0.7939667501486838,-0.036465838726144284,0.00146484375,0.00019398560107219964,1.8458781362007162e-05
5262336,-0.0012512248940765858,0.07436579826753587,-0.01703348237879254,0.0009765625,0.00016737110854592174,1.84331797235023e-05
5263360,-0.0006023293681209907,0.05587580183055252,-0.018778820282022934,0.001953125,0.0002444664860377088,1.840757808499744e-05
5264384,-0.0011336483876220882,0.09043101174756885,-0.02639313401596155,0.00439453125,0.0005669404490618035,1.8381976446492573e-05
5265408,-0.00026955100474879146,0.0449451717431657,-0.02206916930299485,0.001953125,0.00047775194980204105,1.835637480798771e-05
5266432,-0.0011212121899006888,0.05674342578276992,-0.024147297415765934,0.00341796875,0.0006321388209471479,1.833077316948285e-05
5267456,-0.0007390245591523126,0.3887109109200537,-0.030775081992032938,0.0009765625,0.00018215400632470846,1.8305171530977985e-05
5268480,-0.0008313343423651531,0.04291498486418277,-0.018264037626067875,0.0048828125,0.0006439754506573081,1.8279569892473123e-05
5269504,-0.0005737206956837326,0.04150195053080097,-0.019749395389226265,0.0029296875,0.0003455674013821408,1.825396825396826e-05
5270528,-0.000630777096375823,0.0622378746047616,-0.020461616979446262,0.00146484375,0.0002469028841005638,1.822836661546338e-05
5271552,-0.0005881201941519976,0.5158595298416913,-0.03451801543997135,0.00146484375,0.0001441438653273508,1.8202764976958517e-05
5272576,-0.00020655443222494796,0.3723057508468628,-0.029244377135910327,0.00048828125,5.093133950140327e-05,1.8177163338453656e-05
5273600,-0.0007468275143764913,0.12035633227787912,-0.027315013940096833,0.00341796875,0.0002836470812326297,1.815156169994879e-05
5274624,-0.00040569674456492066,0.06166516966186464,-0.020376270003907848,0.001953125,0.00037179076753091067,1.812596006144393e-05
5275648,-0.00024676545581314713,0.34027170191984624,-0.03433819301426411,0.0009765625,8.599321881774813e-05,1.8100358422939064e-05
5276672,-0.0008296331798192114,0.05892437475267798,-0.015741212038847152,0.001953125,0.00035133762867189944,1.8074756784434202e-05
5277696,-6.014752580085769e-05,0.04797599965240806,-0.022353103100613225,0.0,2.4886554456315935e-05,1.804915514592934e-05
5278720,-0.000569809737498872,0.060103431169409305,-0.020896382247883594,0.001953125,0.00018886929319705814,1.8023553507424475e-05
5279744,-0.0005883898775209673,0.07132867781911045,-0.019017138119124866,0.00341796875,0.0007287473126780242,1.7997951868919613e-05
5280768,-0.000621538027189672,0.6578030786477029,-0.040564279595855623,0.00341796875,0.00029468546563293785,1.797235023041475e-05
5281792,-0.0006213971064426005,0.38959284650627524,-0.026088906859513372,0.0,4.887892282567918e-05,1.7946748591909886e-05
5282816,-0.0006409646885003895,0.0813078946666792,-0.0254345889270553,0.00244140625,0.00021606733207590878,1.7921146953405025e-05
5283840,-0.0006259246438276023,0.04357352736406028,-0.025610585253161844,0.001953125,0.0008584154857089743,1.7895545314900146e-05
5284864,-0.0016093016747618094,0.3616944451350719,-0.02071733087359462,0.0029296875,0.0002913585922215134,1.786994367639528e-05
5285888,-0.0016800623125163838,0.42833111924119294,-0.031075418235559482,0.00341796875,0.00028082539211027324,1.784434203789042e-05
5286912,-0.000927560671698302,0.06549053348135203,-0.018941350565000903,0.001953125,0.00021283712703734636,1.7818740399385557e-05
5287936,-0.00021255268075037748,0.31803472992032766,-0.033695398686177214,0.0009765625,7.751032535452396e-05,1.7793138760880692e-05
5288960,-0.0015602690691594034,0.0682371862931177,-0.021458533217810327,0.00390625,0.0011509208125062287,1.776753712237583e-05
5289984,-0.0005157312843948603,0.05297135509317741,-0.018010252802923787,0.001953125,0.000618625694187358,1.7741935483870965e-05
5291008,-0.0007140300003811717,0.04936500085750595,-0.020267718373361276,0.001953125,0.00013986139674670994,1.7716333845366104e-05
5292032,-0.0005560017307288945,0.09934389439877123,-0.021943714370536327,0.0029296875,0.00039688161632511765,1.7690732206861242e-05
5293056,-0.0005154458776814863,0.04449053871212527,-0.016962209476332646,0.0,2.7679780032485723e-05,1.7665130568356377e-05
5294080,-0.00096706829208415,0.6900083450600505,-0.036455498600844294,0.001953125,0.00020042881078552455,1.7639528929851515e-05
5295104,-0.000296157319098711,0.3490897712763399,-0.026838224683615408,0.00048828125,4.16284310631454e-05,1.7613927291346653e-05
5296128,-0.00037172467273194343,0.04211726161884144,-0.024872502490325132,0.0009765625,8.675814024172723e-05,1.758832565284177e-05
5297152,-0.0007238658145070076,0.04361373046413064,-0.02278380003372149,0.0029296875,0.0005524944426724687,1.756272401433691e-05
5298176,-0.0004584631242323667,0.056003529811277986,-0.01875161776843015,0.00146484375,0.00011035139323212206,1.7537122375832048e-05
5299200,-0.00027871648489963263,0.04836838768096641,-0.022157025308843004,0.00439453125,0.000476647648611106,1.7511520737327183e-05
5300224,-0.00106078723911196,0.3639713659649715,-0.026269725195561477,0.001953125,0.0001810787507565692,1.748591909882232e-05
5301248,2.0321807824075222e-05,0.05411118996562436,-0.02144127505016513,0.00146484375,0.00011208921205252409,1.746031746031746e-05
5302272,-0.0005543281731661409,0.10623849439434707,-0.018074935931508662,0.00146484375,0.00035422771179582924,1.7434715821812594e-05
5303296,-0.0009668675775174052,0.6442734384909272,-0.0316949410844245,0.0009765625,5.8306235587224364e-05,1.7409114183307732e-05
5304320,-0.00044257508852751926,0.3745602185372263,-0.029095667341607623,0.00341796875,0.00019089059787802398,1.7383512544802867e-05
5305344,-0.0003405173047212884,0.07923909765668213,-0.026967445643094834,0.00244140625,0.00034833587415050715,1.7357910906298005e-05
5306368,-0.00088973791571334,0.42090397072024643,-0.03374176801298745,0.0029296875,0.0002870725584216416,1.7332309267793144e-05
5307392,-0.0018522832688177004,0.4268300994299352,-0.03800170177419204,0.00390625,0.000349482026649639,1.730670762928828e-05
5308416,-0.00043267206638120115,0.08929393033031374,-0.021089864287205273,0.00146484375,7.155771891120821e-05,1.72811059907834e-05
5309440,-0.00024169235257431865,0.27284139511175454,-0.025080824623728404,0.00048828125,3.9861275581642985e-05,1.7255504352278538e-05
5310464,-0.00040229305159300566,0.07135529303923249,-0.02189197701500234,0.0009765625,0.00011721659393515438,1.7229902713773673e-05
5311488,-0.0008720082405488938,0.08469400671310723,-0.025080270243051928,0.00146484375,0.000324404303682968,1.720430107526881e-05
5312512,-6.42643281025812e-05,0.7046055130194873,-0.032012190378736705,0.00048828125,9.381472773384303e-05,1.717869943676395e-05
5313536,-0.0004961089289281517,0.31541966437362134,-0.02944682187808212,0.0,1.9612270989455283e-05,1.7153097798259085e-05
5314560,-0.0009323398116976023,0.39993420080281794,-0.033416833786759526,0.00244140625,0.00021688302513211966,1.7127496159754223e-05
5315584,-0.0007515557372244075,0.10326924419496208,-0.02790093705698382,0.00244140625,0.0003988099779235199,1.710189452124936e-05
5316608,-0.00011463218834251165,0.058541893085930496,-0.01659806402221875,0.00048828125,4.829089448321611e-05,1.7076292882744496e-05
5317632,-0.0009805331355892122,0.0584686896763742,-0.02355742114559689,0.001953125,0.0001517709606559947,1.7050691244239634e-05
5318656,-0.00033393249032087624,0.3371505194809288,-0.02928563006571494,0.0,3.337644739076495e-05,1.7025089605734772e-05
5319680,-0.0012442280713003129,0.4148063843604177,-0.03352974285007804,0.0,6.517281872220337e-05,1.6999487967229907e-05
5320704,-0.0011492990888655186,0.37933766550850123,-0.023823469401577313,0.0009765625,0.00014356199244502932,1.6973886328725046e-05
5321728,-0.00012711447925539687,0.34140407119411975,-0.02722444382379763,0.00146484375,0.00010347181523684412,1.6948284690220167e-05
5322752,-0.00038168218452483416,0.07287142553832382,-0.019874912832165137,0.00341796875,0.00029175284726079553,1.6922683051715302e-05
5323776,-0.0006562093622051179,0.11291126895230263,-0.027555068700166885,0.00146484375,0.000429240390076302,1.689708141321044e-05
5324800,-0.000509133969899267,0.05882143904455006,-0.023252576381310064,0.00244140625,0.0003170082200085744,1.6871479774705575e-05
5325824,-0.0010819775779964402,0.09162636823020875,-0.017882042046039714,0.00146484375,0.0002634204283822328,1.6845878136200713e-05
5326848,-0.000750406485167332,0.12683040043339133,-0.023818217390726204,0.0029296875,0.0005578540003625676,1.682027649769585e-05
5327872,-0.0006904099136590958,0.35529156867414713,-0.033051237143808976,0.00146484375,0.00019464181968942285,1.6794674859190986e-05
5328896,-0.00018536481366027147,0.33843957784119993,-0.032014489339417196,0.00048828125,2.931967901531607e-05,1.6769073220686125e-05
5329920,-0.001344302378129214,0.12423896318068728,-0.019591191366998828,0.0009765625,0.00013784243492409587,1.6743471582181263e-05
5330944,-0.00014397449558600783,0.13229851215146482,-0.02683547769265715,0.0009765625,0.0001024643424898386,1.6717869943676398e-05
5331968,-0.0004599688545567915,0.13240488630253822,-0.024433310427411925,0.00146484375,0.00010391534306108952,1.6692268305171536e-05
5332992,-0.0006030601798556745,0.0558773732627742,-0.026994592626579106,0.001953125,0.0002044798748102039,1.6666666666666674e-05
5334016,-0.00013770893565379083,0.04591202468145639,-0.018288157178176334,0.00048828125,5.21760230185464e-05,1.6641065028161792e-05
5335040,-0.0008832807943690568,0.09225944976788014,-0.023575965933559928,0.0009765625,0.00020982713613193482,1.661546338965693e-05
5336064,0.00014990040654083714,0.6475913184694946,-0.04385955410543829,0.0,3.399921115487814e-05,1.658986175115207e-05
5337088,-0.000554011989152059,0.03824806760530919,-0.0211835040099686,0.0,4.688126500695944e-05,1.6564260112647204e-05
5338112,-0.0005874777125427499,0.0462042557192035,-0.025382603154866956,0.0029296875,0.0003592016582842916,1.6538658474142342e-05
5339136,-0.0037235309719108045,1.121538161765784,-0.04128059479990043,0.00439453125,0.0003145642840536311,1.6513056835637477e-05
5340160,-0.0012470137880882248,0.08285253454232588,-0.01764127668684523,0.00439453125,0.0016968319105217233,1.6487455197132615e-05
5341184,-0.0003820456695393659,0.04676305840257555,-0.023809824117051903,0.001953125,5.9918631450273097e-05,1.6461853558627753e-05
5342208,-0.0007792758697178215,0.056032004533335567,-0.020852777632171637,0.00244140625,0.0013541059161070734,1.6436251920122888e-05
5343232,-0.0005043762648710981,0.2995115782832727,-0.02667145012310357,0.00146484375,0.00012116829748265445,1.6410650281618026e-05
5344256,-0.0006931697425898165,0.43378875660710037,-0.03323558560805395,0.00244140625,0.00012654771853704005,1.6385048643113165e-05
5345280,-0.0004896823375020176,0.08065352134872228,-0.02695068169850856,0.0009765625,0.0004797174915438518,1.63594470046083e-05
5346304,-0.0006754533824278042,0.3742489356081933,-0.027859171112140757,0.0009765625,0.00015102287579793483,1.6333845366103438e-05
5347328,-0.0005600508375209756,0.6961603634990752,-0.03611733971047215,0.0009765625,0.00015370885375887156,1.630824372759856e-05
5348352,-0.002089879897539504,0.6456129921134561,-0.05211967841023579,0.0029296875,0.00022473421995528042,1.6282642089093694e-05
5349376,-0.000428137049311772,0.07451943820342422,-0.026658091665012762,0.00146484375,0.00010934237798210233,1.6257040450588832e-05
5350400,-0.00017775018932297826,0.054139944608323276,-0.02396943538042251,0.0,2.7248344849795103e-05,1.623143881208397e-05
5351424,-0.00035388607648201287,0.049776690430007875,-0.01795686120294704,0.00048828125,0.00023632631928194314,1.6205837173579105e-05
5352448,0.0005384553078329191,0.9584937496110797,-0.03786284204397816,0.0,4.509232530836016e-05,1.6180235535074244e-05
5353472,-0.0005186490889173001,0.07976118288934231,-0.021674336319847498,0.001953125,0.0005078548128949478,1.615463389656938e-05
5354496,-0.0009598929027561098,0.0862578502856195,-0.02079955142835388,0.00341796875,0.0004106349078938365,1.6129032258064517e-05
5355520,-0.0006771557673346251,0.2840387129690498,-0.027562386516365223,0.00146484375,0.00010293586819898337,1.6103430619559655e-05
5356544,-0.0015174534637480974,0.44706995226442814,-0.03641194588271901,0.00341796875,0.0004863134672632441,1.607782898105479e-05
5357568,-0.00016868970124050975,0.5767718581482768,-0.028838454018114135,0.00048828125,5.0349161028862e-05,1.6052227342549928e-05
5358592,-0.00044624214933719486,0.06636787083698437,-0.023684987149863446,0.00341796875,0.00037926204095128924,1.6026625704045066e-05
5359616,1.5432931832037866e-05,0.08115462935529649,-0.022378025132638868,0.0009765625,0.00010498482151888311,1.6001024065540184e-05
5360640,-0.0005389079742599279,0.08766164095140994,-0.02134761920751771,0.00146484375,0.00019375927513465285,1.5975422427035323e-05
5361664,-0.0004090419679414481,0.06400754326023161,-0.02366610428725835,0.00244140625,0.0003003733727382496,1.594982078853046e-05
5362688,-0.00011138027184642851,0.049083373916801065,-0.018812011270711082,0.00048828125,3.0229188269004226e-05,1.5924219150025596e-05
5363712,-0.0005034122004872188,0.0414460456231609,-0.021040886313130613,0.00048828125,5.7966841268353164e-05,1.5898617511520734e-05
5364736,-0.00030943300225771964,0.08297729922924191,-0.02839107482577674,0.00048828125,7.797010766807944e-05,1.5873015873015872e-05
5365760,-0.0011441114256740548,0.4165650533977896,-0.04048857126326766,0.0009765625,0.0001045407698256895,1.5847414234511007e-05
5366784,-0.00045061399578116834,0.054279965930618346,-0.02062168050179025,0.001953125,0.00021293744794093072,1.5821812596006145e-05
5367808,-0.000456149697129149,0.8925312981009483,-0.04601787537103519,0.00146484375,0.00011576917313504964,1.579621095750128e-05
5368832,-0.0010002004491980188,0.3684174786321819,-0.026467158109880984,0.00048828125,8.584216993767768e-05,1.577060931899642e-05
5369856,-0.00032481871312484145,0.1050833931658417,-0.0179011461459595,0.00048828125,3.3509437344036996e-05,1.5745007680491557e-05
5370880,-0.00034512418642407283,0.05496044526807964,-0.027122457657242194,0.00244140625,0.00043363834265619516,1.5719406041986692e-05
5371904,-0.0003618283080868423,0.05253275972791016,-0.02359168299653902,0.00146484375,8.988834451884031e-05,1.5693804403481813e-05
5372928,0.00015842102584429085,0.03625206841388717,-0.021538954115385422,0.00244140625,0.0001361116155749187,1.566820276497695e-05
5373952,-0.00035822826612275094,0.37812331644818187,-0.03252801074995659,0.00048828125,8.837538189254701e-05,1.5642601126472086e-05
5374976,-0.0005436090577859432,0.034961943281814456,-0.02222576869189652,0.00244140625,0.00017637736164033413,1.5616999487967224e-05
5376000,0.0006129737594164908,0.03800194576615468,-0.02312342689583602,0.001953125,0.00016346546181011945,1.5591397849462363e-05
5377024,-0.00015665023238398135,0.03824581723893061,-0.020551955058181193,0.00048828125,7.401066250167787e-05,1.5565796210957498e-05
5378048,-0.0007678850670345128,0.046269093407317996,-0.023241575734573416,0.0009765625,0.00018697507039178163,1.5540194572452636e-05
5379072,-0.0003259096702095121,0.054489446396473795,-0.019111397386041062,0.00244140625,0.00021688328706659377,1.5514592933947774e-05
5380096,-5.771522410213947e-05,0.10946916451212019,-0.026455388618160214,0.0,2.9473158065229654e-05,1.548899129544291e-05
5381120,-0.0003285045095253736,0.08176913065835834,-0.020109779805352446,0.00146484375,9.237290942110121e-05,1.5463389656938047e-05
5382144,-0.0011446406715549529,0.32439898035954684,-0.03380294135422446,0.00146484375,0.00013519894855562598,1.5437788018433182e-05
5383168,-0.0007407171506201848,0.0434610610245727,-0.023055312190990662,0.00146484375,0.00010682201536837965,1.541218637992832e-05
5384192,-0.0020038750080857426,0.7265902855433524,-0.037923085767033626,0.00048828125,0.000169734688824974,1.538658474142346e-05
5385216,-0.0001577323128003627,0.09965112851932645,-0.022472946844573016,0.00146484375,0.00010332684905733913,1.5360983102918577e-05
5386240,-0.0008210760861402377,0.4659998200368136,-0.024270552668895107,0.001953125,0.00023075456556398422,1.5335381464413715e-05
5387264,-0.0009521523097646423,0.06502006860682741,-0.016395056944020325,0.001953125,0.00011703072232194245,1.5309779825908853e-05
5388288,-0.0003047041245736182,0.39527198928408325,-0.030425692006247118,0.00048828125,0.00018520979210734367,1.5284178187403988e-05
5389312,-0.000708032152033411,0.32074058754369617,-0.02661228575743735,0.0009765625,7.724657189100981e-05,1.5258576548899126e-05
5390336,-0.0001375632855342701,0.05108871293487027,-0.027070030737377238,0.00048828125,3.1734874937683344e-05,1.5232974910394263e-05
5391360,-0.00040069385431706905,0.053633935865946114,-0.02510045366943814,0.00146484375,0.00011743436334654689,1.5207373271889401e-05
5392384,-0.0013210000179242343,0.07828208280261606,-0.026980270296917297,0.001953125,0.0003439972351770848,1.5181771633384538e-05
5393408,-0.0010507985716685653,0.06558421475347131,-0.02231446133737336,0.00390625,0.00021566903160419315,1.5156169994879674e-05
5394432,1.0135205229744315e-05,0.034052969014737755,-0.019813149629044347,0.001953125,0.00021913551609031856,1.513056835637481e-05
5395456,-0.0005459682724904269,0.39282138063572347,-0.025755024515092373,0.001953125,0.00017678519361652434,1.5104966717869949e-05
5396480,-0.0010010373225668445,0.3987250686623156,-0.028207695519085974,0.001953125,0.00013205841241870075,1.5079365079365086e-05
5397504,-0.0005636420464725234,0.13342212629504502,-0.02577182571985759,0.001953125,0.0001377635053358972,1.5053763440860205e-05
5398528,-0.0006279233057284728,0.38970727287232876,-0.026772644214361208,0.0,1.6635647625662386e-05,1.5028161802355344e-05
5399552,-0.0010751347872428596,0.08464211376849562,-0.022795723081799224,0.00537109375,0.000525300856679678,1.500256016385048e-05
5400576,-0.0005464756395667791,0.438377452082932,-0.031504114071140066,0.0009765625,8.567076292820275e-05,1.4976958525345617e-05
5401600,-0.001841814344516024,0.3582967291586101,-0.033276596455834806,0.00439453125,0.00029931018070783466,1.4951356886840753e-05
5402624,-0.0025609648728277534,0.06894965446554124,-0.028167461074190214,0.00830078125,0.0006747553270542994,1.4925755248335892e-05
5403648,-0.0002926420856965706,0.059675187803804874,-0.023868778924224898,0.00146484375,0.00010584994743112475,1.4900153609831028e-05
5404672,-0.0003767079906538129,0.047208253061398864,-0.021949375397525728,0.00048828125,2.432632027193904e-05,1.4874551971326165e-05
5405696,-0.0009757750376593322,0.08513314824085683,-0.02166501453393721,0.0029296875,0.000381158955860883,1.4848950332821303e-05
5406720,-0.00036084985549678095,0.4006993497023359,-0.02506164826627355,0.00048828125,0.00010114112228620797,1.482334869431644e-05
5407744,-0.0003903649630956352,0.0698245270177722,-0.014888291461829795,0.00048828125,3.361661219969392e-05,1.4797747055811576e-05
5408768,-5.570585199166089e-05,0.030997223337180912,-0.018480344851013797,0.0,4.554603947326541e-06,1.4772145417306713e-05
5409792,-1.0478368494659662e-05,0.0837745905155316,-0.023439027812855784,0.0009765625,4.791482933796942e-05,1.4746543778801851e-05
5410816,-0.0005995829124003649,0.06081718555651605,-0.020273960813938174,0.001953125,0.00022330782667268068,1.472094214029697e-05
5411840,-0.0007477618346456438,0.051536357670556754,-0.022239633452045382,0.00244140625,0.0003105926443822682,1.4695340501792107e-05
5412864,-0.0012101813190383837,0.046783839527051896,-0.016933620418058126,0.0029296875,0.0001547352730995044,1.4669738863287245e-05
5413888,-0.00028981287323404104,0.03186748159350827,-0.023043029901600676,0.00048828125,6.047851638868451e-05,1.4644137224782382e-05
5414912,-0.0002722189819905907,0.07284109713509679,-0.0208390860043437,0.0009765625,6.39529898762703e-05,1.4618535586277518e-05
5415936,-0.001659443267271854,0.3921584279742092,-0.031339304929133505,0.00244140625,0.0001548975706100464,1.4592933947772655e-05
5416960,-8.75257101142779e-05,0.02507950135623105,-0.013987032567456481,0.0,5.092559149488807e-06,1.4567332309267793e-05
5417984,-0.0006793306092731655,0.041067408747039735,-0.01795949308325362,0.00341796875,0.0006565685180248693,1.454173067076293e-05
5419008,-0.0008146778345690109,0.04405056906398386,-0.019328045411384664,0.00244140625,0.00019272509962320328,1.4516129032258066e-05
5420032,-0.0011481044348329306,0.07372783892787993,-0.020692952166427858,0.0048828125,0.0007772610988467932,1.4490527393753205e-05
5421056,-4.0044695197138935e-05,0.05430984194390476,-0.02119037975307947,0.0,1.3339013094082475e-05,1.4464925755248341e-05
5422080,-0.0009189834527205676,0.025805638812016696,-0.02212634831334981,0.00341796875,0.00024080606817733496,1.4439324116743478e-05
5423104,-0.0006383355939760804,0.04448126401985064,-0.021954838837700663,0.00537109375,0.00044100866944063455,1.44137224782386e-05
5424128,-0.00121431662410032,0.0569390359451063,-0.01799674873859658,0.00146484375,0.0001281972072320059,1.4388120839733736e-05
5425152,-0.0007737219566479325,0.8799764784052968,-0.038623047759756446,0.00048828125,4.248142067808658e-05,1.4362519201228872e-05
5426176,-0.0008253874257206917,0.06349330476950854,-0.026332426859880798,0.0029296875,0.0010541429946897551,1.4336917562724009e-05
5427200,-0.00041773887642193586,0.06329127121716738,-0.02777142088598339,0.00390625,0.0007053799199638888,1.4311315924219147e-05
5428224,-0.0003126482479274273,0.053140625823289156,-0.02034008723740044,0.0009765625,4.54574910691008e-05,1.4285714285714284e-05
5429248,-0.0003926772915292531,0.03661249246215448,-0.020797653487534262,0.00146484375,0.00010175668285228312,1.426011264720942e-05
5430272,-0.0004062863299623132,0.06793877482414246,-0.02189005645209363,0.001953125,0.00024230120470747352,1.4234511008704559e-05
5431296,-0.0009481588494963944,0.3876305202720687,-0.03975233747041784,0.00146484375,0.0001442947395844385,1.4208909370199695e-05
5432320,-0.0002365411928622052,0.03480927617056295,-0.020126688047639618,0.0,2.1971616661176085e-05,1.4183307731694832e-05
5433344,-0.0008752558205742389,0.3971557730692439,-0.027098527767520864,0.0,3.731116885319352e-05,1.4157706093189968e-05
5434368,-0.0020858647985733114,0.6312952253501862,-0.03433502133702859,0.00244140625,0.0002179875737056136,1.4132104454685107e-05
5435392,-0.001002492499537766,0.3011152467224747,-0.03433440793742193,0.00048828125,7.83413415774703e-05,1.4106502816180226e-05
5436416,-0.0007731440709903836,0.07958883699029684,-0.022714256709150504,0.0009765625,9.80862823780626e-05,1.4080901177675363e-05
5437440,-0.0006931292737135664,0.044209268409758806,-0.022681305315927602,0.0029296875,0.0002574058744357899,1.4055299539170501e-05
5438464,-0.0003070524398935959,0.062275661271996796,-0.023746252674754942,0.0009765625,9.219421190209687e-05,1.4029697900665638e-05
5439488,-0.0004392778791952878,0.04622771020513028,-0.02432785254495684,0.00048828125,6.461716839112341e-05,1.4004096262160774e-05
5440512,-0.00034627082641236484,0.03798206045757979,-0.019596728918259032,0.0,3.209516580682248e-05,1.397849462365591e-05
5441536,-0.0016152795287780464,0.40542562073096633,-0.04070711712120101,0.00341796875,0.00025710524641908705,1.3952892985151049e-05
5442560,-0.00048492097994312644,0.4470254824263975,-0.0348320387856802,0.00244140625,0.00017747569654602557,1.3927291346646186e-05
5443584,-6.062926695449278e-05,0.04691793711390346,-0.02286852232646197,0.0,2.5863671908155084e-05,1.3901689708141322e-05
5444608,-0.0008348667761310935,0.029185175779275596,-0.024952756490165484,0.0029296875,0.0008490134205203503,1.387608806963646e-05
5445632,-0.00032380437187384814,0.04612489609280601,-0.023206247124107904,0.0009765625,7.760636799503118e-05,1.3850486431131597e-05
5446656,-0.0007309258216992021,0.5592906328383833,-0.028643862209719373,0.001953125,9.582714119460434e-05,1.3824884792626734e-05
5447680,-0.00042292890429962426,0.32344288448803127,-0.027189514654310187,0.00048828125,0.0003163806250086054,1.379928315412187e-05
5448704,-0.0005104950105305761,0.041652022569905967,-0.024530430491722655,0.0009765625,5.829433212056756e-05,1.3773681515616991e-05
5449728,-0.0003229702197131701,0.04068027570610866,-0.016442396461570752,0.00146484375,0.0001947153068613261,1.3748079877112128e-05
5450752,-0.0004689379711635411,0.05075996165396646,-0.023832663297980616,0.00244140625,0.00046162231592461467,1.3722478238607265e-05
5451776,-0.0004424382059369236,0.3975826243404299,-0.023396390257403255,0.00048828125,5.434408376459032e-05,1.3696876600102403e-05
5452800,-0.0005209613591432571,0.2928761689690873,-0.03526178853644524,0.0009765625,8.226092904806137e-05,1.367127496159754e-05
5453824,-0.00038090361340437084,0.06027452857233584,-0.021896804591960972,0.00048828125,5.944629083387554e-05,1.3645673323092676e-05
5454848,-0.0007033196379779838,0.4298993335105479,-0.02626363887975458,0.0,5.24130737176165e-05,1.3620071684587813e-05
5455872,-0.0002067259483737871,0.7606867291033268,-0.03346963209332898,0.0,1.5678131603635848e-05,1.359447004608295e-05
5456896,-0.0005852900503668934,0.4182711757021025,-0.031310185659094714,0.00146484375,0.00028536726313177496,1.3568868407578087e-05
5457920,-0.0005933616048423573,0.45704738120548427,-0.034607659152243286,0.0,4.141659883316606e-05,1.3543266769073224e-05
5458944,-0.0007213864737423137,0.08503337565343827,-0.02293423699302366,0.001953125,0.0004334213153924793,1.3517665130568362e-05
5459968,-0.0006000878711347468,0.06868325406685472,-0.024396559500019066,0.0009765625,0.00015864863235037774,1.3492063492063499e-05
5460992,-0.0024956196575658396,0.6832197490148246,-0.03731446826714091,0.001953125,0.00016026257071644068,1.3466461853558618e-05
5462016,-0.0013604225241579115,0.36643831385299563,-0.025940012063983886,0.00048828125,8.704124775249511e-05,1.3440860215053757e-05
5463040,-0.0003845430619549006,0.0462904876912944,-0.02275850711566818,0.0,3.223052772227675e-05,1.3415258576548893e-05
5464064,-0.000645441934466362,0.06160647049546242,-0.024719613000343088,0.0009765625,0.00012170399713795632,1.338965693804403e-05
5465088,-0.0005990414210828021,0.06047318479977548,-0.01675358214561129,0.0009765625,0.00011965852172579616,1.3364055299539166e-05
5466112,0.00027831632178276777,0.041342993441503495,-0.023734760616207495,0.00146484375,8.899325621314347e-05,1.3338453661034305e-05
5467136,-0.0005124364688526839,0.37048394465819,-0.02663948467670707,0.00146484375,7.421025657095015e-05,1.3312852022529441e-05
5468160,-0.0013191447942517698,0.3720762780867517,-0.025429186473047594,0.0009765625,7.526691479142755e-05,1.3287250384024578e-05
5469184,-0.0006363462453009561,0.05026126222219318,-0.014689234423485686,0.00146484375,8.416413038503379e-05,1.3261648745519714e-05
5470208,-0.000955034454818815,0.0517776912311092,-0.025253598410927225,0.00146484375,0.00010672470671124756,1.3236047107014853e-05
5471232,-0.0004935476608807221,0.04922302736667916,-0.01847458582960826,0.00146484375,0.00020575667440425605,1.321044546850999e-05
5472256,-0.0004386582877486944,0.03333359776297584,-0.015249906872213614,0.00048828125,6.264062540140003e-05,1.3184843830005126e-05
5473280,-0.0007532304953201674,0.07011582877021283,-0.022765232484744047,0.0009765625,7.671005732845515e-05,1.3159242191500247e-05
5474304,-4.062092921230942e-05,0.10930488957092166,-0.019042974250623956,0.0,2.6566587621346116e-05,1.3133640552995384e-05
5475328,-0.00026950155734084547,0.10112716630101204,-0.023404319706969545,0.00048828125,2.86041758954525e-05,1.310803891449052e-05
5476352,-0.0005139497079653665,0.3674534155288711,-0.022167798597365618,0.00048828125,5.836260970681906e-05,1.3082437275985658e-05
5477376,-0.0001072297163773328,0.06821828160900623,-0.018680814413528424,0.0,6.073125405237079e-06,1.3056835637480795e-05
5478400,-0.0004605045687640086,0.04663056286517531,-0.021157180201043957,0.001953125,0.00014803958765696734,1.3031233998975932e-05
5479424,-0.0003349950857227668,0.09879631863441318,-0.027051770810430753,0.00048828125,8.036836516112089e-05,1.3005632360471068e-05
5480448,-0.0006814354419475421,0.3669835588661954,-0.02319432056583537,0.0009765625,9.302652324549854e-05,1.2980030721966206e-05
5481472,-0.0009335890936199576,0.04312674741959199,-0.023074332031683298,0.00146484375,0.0003085573989665136,1.2954429083461343e-05
5482496,-0.000770347825891804,0.05194056627806276,-0.02140433109161677,0.00244140625,0.0005139991553733125,1.292882744495648e-05
5483520,-0.0011002634419128299,0.42676360439509153,-0.026261114042426925,0.00146484375,0.00010831192776095122,1.2903225806451616e-05
5484544,-0.0007144397823140025,0.06710408232174814,-0.019690624104441667,0.00146484375,0.0001305271580349654,1.2877624167946754e-05
5485568,-6.0946636949665844e-05,0.3536521189380437,-0.028687638390692882,0.0,1.4227305655367672e-05,1.2852022529441891e-05
5486592,-0.00021189695689827204,0.30793952324893326,-0.025852316852251533,0.0,2.0564504666253924e-05,1.282642089093701e-05
5487616,-0.00030124573095235974,0.06991710152942687,-0.016789655346656218,0.0009765625,0.00011785249807871878,1.2800819252432149e-05
5488640,-0.0003332116175442934,0.07124402187764645,-0.020481459358052234,0.00146484375,0.00011688379163388163,1.2775217613927285e-05
5489664,-0.00039842198020778596,0.07704269466921687,-0.022213357950022328,0.00048828125,6.767403101548553e-05,1.2749615975422422e-05
5490688,-0.0008597259875386953,0.07057276100385934,-0.026714099674791214,0.0048828125,0.0004691566718975082,1.272401433691756e-05
5491712,-0.0007575564814032987,0.029329950688406825,-0.019328010697790887,0.00146484375,9.570778638590127e-05,1.2698412698412697e-05
5492736,-0.0005542633007280529,0.11097829486243427,-0.021709108288632706,0.00146484375,0.00011923247075174004,1.2672811059907833e-05
5493760,-0.0005377744091674685,0.035289805207867175,-0.024883803751436062,0.005859375,0.0006681600643787533,1.264720942140297e-05
5494784,-0.00041693978710100055,0.07950582122430205,-0.021089288879011292,0.00048828125,6.989180110394955e-05,1.2621607782898108e-05
5495808,-0.00021411592024378479,0.04268957307795063,-0.02144550319371774,0.00146484375,8.457450894638896e-05,1.2596006144393245e-05
5496832,-0.0017490676254965365,0.050300649483688176,-0.024221202998887748,0.005859375,0.0005925041186856106,1.2570404505888381e-05
5497856,-0.0007908634215709753,0.06346805591601878,-0.021405792496807408,0.00244140625,0.00048752230941317976,1.254480286738352e-05
5498880,-0.0005692704216926359,0.06396271463017911,-0.0215615063552832,0.00048828125,3.9648948586545885e-05,1.251920122887864e-05
5499904,-0.00019726567552424967,0.030359970056451857,-0.019136281567853075,0.0,2.1724990801885724e-05,1.2493599590373776e-05
5500928,-9.828241309151053e-05,0.36714679421857,-0.027596948901191354,0.00048828125,3.046562778763473e-05,1.2467997951868912e-05
5501952,-0.0007083145173965022,0.0680992096895352,-0.026621506112860516,0.00244140625,0.0005577130505116656,1.244239631336405e-05
5502976,-0.00013967501581646502,0.2812177079031244,-0.031484239880228415,0.0,2.1894535166211426e-05,1.2416794674859187e-05
5504000,-0.0008016732172109187,0.3417843295028433,-0.027917689265450463,0.0009765625,8.175759285222739e-05,1.2391193036354324e-05
5505024,-0.00031728924659546465,0.051377731608226895,-0.027314475722960196,0.00048828125,4.0718019590713084e-05,1.2365591397849462e-05
5506048,-0.00028835394550696947,0.3092776039848104,-0.025321340828668326,0.00146484375,0.0001053236483130604,1.2339989759344599e-05
5507072,-0.0007275268144439906,0.032819865620695055,-0.017887999547383515,0.00048828125,0.000133438385091722,1.2314388120839735e-05
5508096,-0.0006308273586910218,0.10894843738060445,-0.025332714561955072,0.00048828125,0.00010058263433165848,1.2288786482334872e-05
5509120,-6.190879503265023e-06,0.03400876186788082,-0.019689470034791157,0.0,2.9284958145581186e-05,1.226318484383001e-05
5510144,-8.503654680680484e-05,0.06048327777534723,-0.021603446257358883,0.0,1.1255207937210798e-05,1.2237583205325147e-05
5511168,-0.0015551365504506975,0.3018052459228784,-0.029183525999542326,0.00146484375,0.00024833240604493767,1.2211981566820283e-05
5512192,-6.835494423285127e-05,0.041304388258140534,-0.021482089894561796,0.00048828125,3.721227403730154e-05,1.2186379928315405e-05
5513216,-0.0002640870225150138,0.04961814411217347,-0.01626523234153865,0.0009765625,5.7211233070120215e-05,1.2160778289810541e-05
5514240,0.0001591913096490316,0.8779458124190569,-0.03885917133447947,0.00146484375,7.855793228372931e-05,1.2135176651305678e-05
5515264,-0.0003615400637499988,0.03810320782940835,-0.018646290303877322,0.0,3.64284060196951e-05,1.2109575012800816e-05
5516288,0.0001260534772882238,0.28196863224729896,-0.021275502598655294,0.0,1.706849434413016e-05,1.2083973374295952e-05
5517312,-0.0011280628968961537,0.057709780405275524,-0.02736674985862919,0.005859375,0.0005378264759201556,1.2058371735791089e-05
5518336,-0.000319430764648132,0.43891568086110055,-0.032810961580253206,0.0,2.2321706637740135e-05,1.2032770097286226e-05
5519360,-0.0002774735476123169,0.09493460017256439,-0.022753537630705978,0.0,2.349846181459725e-05,1.2007168458781364e-05
5520384,-0.0003745510912267491,0.086608168319799,-0.022176701816079003,0.00048828125,7.064841338433325e-05,1.19815668202765e-05
5521408,-0.0006200083007570356,0.052336997527163476,-0.022865149490826298,0.0009765625,7.342244498431683e-05,1.1955965181771637e-05
5522432,-0.0009927122737281024,0.44198775896802545,-0.028770079792593606,0.0009765625,0.00013300118735060096,1.1930363543266774e-05
5523456,-0.0002482019190210849,0.10551121388562024,-0.02320341746963095,0.00048828125,4.4734333641827106e-05,1.1904761904761912e-05
5524480,-0.0006214885361259803,0.051030080823693424,-0.022429839926189743,0.00146484375,0.00012090527161490172,1.1879160266257031e-05
5525504,-0.0003412725345697254,0.07787596108391881,-0.02018352074537688,0.0,4.200001421850175e-05,1.1853558627752168e-05
5526528,-0.0004549503937596455,0.09397687972523272,-0.021448828065331327,0.001953125,0.0002544066228438169,1.1827956989247306e-05
5527552,-0.00011749222176149487,0.08808129501994699,-0.02542926897876896,0.0,1.5264813555404544e-05,1.1802355350742443e-05
5528576,-0.0002952585491584614,0.044928669871296734,-0.022245504023885587,0.00048828125,5.54147845832631e-05,1.177675371223758e-05
5529600,-0.00023682562459725887,0.04947355133481324,-0.015098423556992202,0.0,1.4397402992472053e-05,1.1751152073732718e-05
5530624,-0.0009466996125411242,0.06737074686679989,-0.027644234971376136,0.001953125,0.00025161338271573186,1.1725550435227854e-05
5531648,-0.0007368603255599737,0.7956097070127726,-0.04100170428864658,0.00048828125,0.0001221173006342724,1.1699948796722991e-05
5532672,-0.000812119229522068,0.07602431916166097,-0.02518689176940825,0.00048828125,4.186648584436625e-05,1.1674347158218127e-05
5533696,-0.0005575133836828172,0.05475845740875229,-0.01849935117206769,0.001953125,0.00021573060075752437,1.1648745519713266e-05
5534720,-0.0005001344543416053,0.39502288680523634,-0.027717922850570176,0.00341796875,0.0003125186776742339,1.1623143881208402e-05
5535744,-0.0001676100364420563,0.03763384628109634,-0.025301745830802247,0.0009765625,0.00010391349496785551,1.1597542242703539e-05
5536768,-0.00044639177212957293,0.0790169945685193,-0.017959636261821288,0.00146484375,8.631045056972653e-05,1.157194060419866e-05
5537792,-3.434652171563357e-05,0.03130546159809455,-0.021165009421565628,0.0,6.456451956182718e-06,1.1546338965693797e-05
5538816,-0.00033449410693719983,0.05255416518775746,-0.022833231269032694,0.00048828125,2.8964204830117524e-05,1.1520737327188933e-05
5539840,-0.00014154199743643403,0.10695560253225267,-0.022552560112671927,0.0,2.8981739887967706e-05,1.149513568868407e-05
5540864,-7.953905151225626e-05,0.03738881088793278,-0.019727696879272116,0.00048828125,1.9685205188579857e-05,1.1469534050179208e-05
5541888,-0.0005366580735426396,0.05524845240870491,-0.021613047159917187,0.00048828125,0.0003380085254320875,1.1443932411674345e-05
5542912,-0.00010407276568002999,0.04688940435880795,-0.021024258578108856,0.0,1.774790871422738e-05,1.1418330773169481e-05
5543936,-0.00040141234057955444,0.03884437005035579,-0.018810731564371963,0.00048828125,0.00010214753274340183,1.139272913466462e-05
5544960,-0.0003993449208792299,0.05154132598545402,-0.024040113945375197,0.0009765625,5.915490328334272e-05,1.1367127496159756e-05
5545984,-0.00047338081640191376,0.07955490343738347,-0.02523763061617501,0.00048828125,8.957997488323599e-05,1.1341525857654893e-05
5547008,-0.0003187111724400893,0.41764359548687935,-0.02752973283168103,0.0,2.7509871870279312e-05,1.131592421915003e-05
5548032,-0.0006990991678321734,0.05588421016000211,-0.020849055275903083,0.0009765625,0.00012694165343418717,1.1290322580645168e-05
5549056,-0.00026443900424055755,0.7012604807969183,-0.03634616662748158,0.0,3.0112889362499118e-05,1.1264720942140304e-05
5550080,-0.0007045080128591508,0.0835762241622433,-0.019116443931125104,0.0009765625,0.00010929258132819086,1.1239119303635424e-05
5551104,-0.00030314883042592555,0.032488590106368065,-0.017983780026952445,0.00048828125,7.174519123509526e-05,1.1213517665130562e-05
5552128,-0.0005312842331477441,0.4046130566857755,-0.033932068065041676,0.0009765625,0.0001136253122240305,1.1187916026625699e-05
5553152,-0.000903477513929829,0.43535573431290686,-0.03434697139891796,0.00048828125,5.719017644878477e-05,1.1162314388120835e-05
5554176,-0.0005151631776243448,0.3916818357538432,-0.024077373076579534,0.00048828125,6.119016325101256e-05,1.1136712749615972e-05
5555200,-0.000402633348130621,0.04807605181122199,-0.025420825907531253,0.00048828125,7.491308497264981e-05,1.111111111111111e-05
5556224,-0.0006565899820998311,0.3758220417657867,-0.02595850278157741,0.00048828125,7.226013985928148e-05,1.1085509472606247e-05
5557248,-0.0004769027145812288,0.3293263481464237,-0.026436218140588608,0.0,3.0090348445810378e-05,1.1059907834101383e-05
5558272,-0.0005494218785315752,0.05206737504340708,-0.023108284338377416,0.0029296875,0.00033364495902787894,1.1034306195596521e-05
5559296,-7.47120357118547e-05,0.03818615712225437,-0.01931330128445552,0.0,1.383732887916267e-05,1.1008704557091658e-05
5560320,-0.0005572723457589746,0.07773102750070393,-0.01753978319811722,0.00244140625,0.00010391895193606615,1.0983102918586794e-05
5561344,-0.00017061350808944553,0.024644951801747084,-0.02290212278603576,0.0009765625,7.991277379915118e-05,1.0957501280081931e-05
5562368,-0.00046511033724527806,0.4015662589808926,-0.027387445385102183,0.00048828125,9.339302778244019e-05,1.0931899641577052e-05
5563392,-0.00039530872891191393,0.4639017137233168,-0.030021049198694527,0.0,1.7852566088549793e-05,1.0906298003072189e-05
5564416,-0.0007798699953127652,0.0988007573178038,-0.026157665241044015,0.001953125,0.00029938906664028764,1.0880696364567326e-05
5565440,-0.0004957127093803138,0.039026616839692,-0.02068886361666955,0.0009765625,8.924225403461605e-05,1.0855094726062464e-05
5566464,-0.0018601580086397007,0.05497176595963538,-0.02711608516983688,0.00390625,0.00034952991700265557,1.08294930875576e-05
5567488,-0.0008117597317323089,0.03491302015027031,-0.02410482888808474,0.0009765625,0.0002681152836885303,1.0803891449052737e-05
5568512,-0.0004131738969590515,0.06483796203974634,-0.0277104359556688,0.001953125,0.00014849264698568732,1.0778289810547873e-05
5569536,-0.0003858276686514728,0.06506610347423702,-0.0248110542906943,0.00048828125,6.373903306666762e-05,1.0752688172043012e-05
5570560,-0.00019672870985232294,0.06661053490824997,-0.02502925407679868,0.001953125,0.00018512479437049478,1.0727086533538148e-05
5571584,-0.0012885623655165546,0.595527442637831,-0.03403985947079491,0.0009765625,7.623179408255965e-05,1.0701484895033285e-05
5572608,-0.0006578631437150761,0.4204831796232611,-0.031682925327913836,0.0009765625,0.00012012672959826887,1.0675883256528423e-05
5573632,-0.00037146793329156935,0.06879579497035593,-0.021458707473357208,0.0009765625,5.474641511682421e-05,1.065028161802356e-05
5574656,-0.0006960103783058003,0.6203276589512825,-0.030971833984949626,0.0,3.770504554267973e-05,1.0624679979518696e-05
5575680,-0.000807458913186565,0.35828878346364945,-0.033564880286576226,0.0009765625,8.474336937069893e-05,1.0599078341013818e-05
5576704,-0.0003434485843172297,0.0626987328287214,-0.024977030268928502,0.00146484375,0.0001436708844266832,1.0573476702508954e-05
5577728,-0.00013146406854502857,0.405193860642612,-0.02937199982807215,0.0009765625,4.013611760456115e-05,1.054787506400409e-05
5578752,-0.001043284690240398,0.374531363719143,-0.02873940544668585,0.00048828125,5.456240614876151e-05,1.0522273425499227e-05
5579776,-0.0005297725438140333,0.06640293955570087,-0.016645359768062917,0.00048828125,0.0001322875323239714,1.0496671786994366e-05
5580800,-0.00032803553040139377,0.04358678578864783,-0.015299859960578033,0.00048828125,8.32221849123016e-05,1.0471070148489502e-05
5581824,-0.0003990578989032656,0.0364253765437752,-0.014295485631919291,0.00048828125,4.173349589109421e-05,1.0445468509984639e-05
5582848,-0.0008836629858706146,1.0949207721278071,-0.037786414788570255,0.0,3.2948708394542336e-05,1.0419866871479777e-05
5583872,-0.0003556442097760737,0.06567735597491264,-0.023264041883521713,0.0,2.6699024601839483e-05,1.0394265232974914e-05
5584896,-0.00026792200515046716,0.10094335861504078,-0.030565245230718574,0.0,3.310789179522544e-05,1.036866359447005e-05
5585920,-0.0003528481011016993,0.07865370518993586,-0.021963347291602986,0.0009765625,7.748098869342357e-05,1.0343061955965187e-05
5586944,-0.00042499543633311987,0.08232603303622454,-0.020031130967254285,0.0,3.9544873288832605e-05,1.0317460317460325e-05
5587968,0.00119304824329447,0.06782326614484191,-0.01919512758104247,0.00048828125,5.5032025557011366e-05,1.0291858678955445e-05
5588992,-0.00017001116066239774,0.10075026168487966,-0.020253859430795274,0.0,2.8900481993332505e-05,1.0266257040450581e-05
5590016,-0.0004722169251181185,0.0827622446231544,-0.022004601392836776,0.001953125,0.00024293008027598262,1.024065540194572e-05
5591040,-0.0007748830976197496,0.37008931033778936,-0.01854103338700952,0.0,3.604876110330224e-05,1.0215053763440856e-05
5592064,-0.00015926026389934123,0.08315120171755552,-0.025940386549336836,0.0,1.720027648843825e-05,1.0189452124935993e-05
5593088,-0.0008693305717315525,0.04947331425501034,-0.0169458585587563,0.00048828125,7.587937579955906e-05,1.0163850486431129e-05
5594112,-0.0005106651660753414,0.07320128916762769,-0.02378370350925252,0.00048828125,5.3976589697413146e-05,1.0138248847926267e-05
5595136,-0.000679325545206666,0.05097176891285926,-0.023229887534398586,0.00048828125,8.659096783958375e-05,1.0112647209421404e-05
5596160,-0.00019967206753790379,0.0721629832405597,-0.023232221392390784,0.0009765625,4.444750084076077e-05,1.008704557091654e-05
5597184,-0.0006297308864304796,1.07730567548424,-0.05008451221510768,0.0,2.8077818569727242e-05,1.0061443932411679e-05
5598208,-0.0004383091363706626,0.07883953512646258,-0.026823914755368605,0.00146484375,7.219702820293605e-05,1.0035842293906815e-05
5599232,-3.43294523190707e-05,0.6399885825812817,-0.03279943548295705,0.00146484375,0.00023498063092119992,1.0010240655401952e-05
5600256,-0.0009265262851840816,0.09497647290118039,-0.02227599140314851,0.00341796875,0.00047583197010681033,9.984639016897073e-06
5601280,-0.00036774593172594905,0.5158207947388291,-0.029036413958237972,0.00048828125,7.70796905271709e-05,9.95903737839221e-06
5602304,-0.0007768192590447143,0.07866940164240077,-0.024243385007139295,0.0009765625,0.00011710422404576093,9.933435739887346e-06
5603328,-0.00011814883328042924,0.38146111462265253,-0.03164441841363441,0.00048828125,4.7544148401357234e-05,9.907834101382483e-06
5604352,-0.00015479193825740367,0.32663976424373686,-0.03338875059853308,0.00048828125,4.287269257474691e-05,9.882232462877621e-06
5605376,-0.0006999093893682584,0.3962016107980162,-0.03954047747538425,0.00048828125,7.146893767639995e-05,9.856630824372758e-06
5606400,-0.0007843487546779215,0.07398240186739713,-0.023051442847645376,0.0009765625,8.788339619059116e-05,9.831029185867894e-06
5607424,-0.0005081729905214161,0.08359657123219222,-0.02517993451328948,0.00146484375,0.00013549966388382018,9.805427547363031e-06
5608448,-0.0006839421112090349,0.04738895333139226,-0.020190185925457627,0.00048828125,8.46418843138963e-05,9.77982590885817e-06
5609472,-0.0003115636936854571,0.044890850433148444,-0.022362703442922793,0.0009765625,5.755059828516096e-05,9.754224270353306e-06
5610496,-5.390733713284135e-05,0.033608651952818036,-0.02129836160929699,0.0,1.0579387890174985e-05,9.728622631848442e-06
5611520,-0.00047280219951062463,0.3726373782265,-0.02899065507517662,0.00048828125,5.152628000359982e-05,9.70302099334358e-06
5612544,-0.0005349274724721909,0.038172427855897695,-0.020813561703107553,0.0029296875,0.00020374736050143838,9.677419354838717e-06
5613568,-0.0002438975207041949,0.04289140767650679,-0.02039156750197435,0.0,2.4555367417633533e-05,9.651817716333837e-06
5614592,-0.00014230216038413346,0.05957618507090956,-0.019802014052402228,0.00048828125,2.7871792553924024e-05,9.626216077828975e-06
5615616,-0.00021648587426170707,0.04882617259863764,-0.02169760323158698,0.00048828125,5.838157085236162e-05,9.600614439324112e-06
5616640,-0.0015089895168785006,0.055321366991847754,-0.0233113747817697,0.0009765625,0.00024154907441698015,9.575012800819248e-06
5617664,-0.00012354027421679348,0.05074545321986079,-0.021357357090892037,0.00048828125,2.8503694920800626e-05,9.549411162314385e-06
5618688,-8.657545549795032e-06,0.4411009894683957,-0.02834024246840272,0.0,1.362150942441076e-05,9.523809523809523e-06
5619712,-0.00023484300618292764,0.3501112225931138,-0.03725915961786086,0.0,4.4241867726668715e-05,9.49820788530466e-06
5620736,-3.77119577024132e-05,0.036058516532648355,-0.018892300606239587,0.0,1.746535417623818e-06,9.472606246799796e-06
5621760,-0.00032620347337797284,0.03710459207650274,-0.02524729585275054,0.0,2.8910551918670535e-05,9.447004608294933e-06
5622784,-0.00024033973750192672,0.07063500490039587,-0.027032545302063227,0.00048828125,7.91722850408405e-05,9.421402969790071e-06
5623808,-0.0004709130880655721,0.05370773281902075,-0.021810243255458772,0.00146484375,0.00019661472470033914,9.395801331285208e-06
5624832,-2.6337511371821165e-06,0.03485570929478854,-0.019243101894971915,0.0,1.4882883988320827e-05,9.370199692780344e-06
5625856,-0.0008274818392237648,0.05192304198862985,-0.021974107552523492,0.00146484375,0.00022231688490137458,9.344598054275465e-06
5626880,-0.00045416702050715685,0.04718740290263668,-0.024266282278404105,0.0009765625,5.0137925427407026e-05,9.318996415770602e-06
5627904,-1.2592150596901774e-05,0.292729954700917,-0.031873563246335834,0.0,2.8383263270370662e-05,9.293394777265739e-06
5628928,-0.0010521531658014283,0.05685916624497622,-0.026477676787180826,0.001953125,0.00018883256416302174,9.267793138760877e-06
5629952,-0.000941702353884466,0.056607262580655515,-0.02621824762172764,0.00244140625,0.00019682024139910936,9.242191500256013e-06
5630976,-0.0010663712018867955,0.7692640754394233,-0.03701000256114639,0.0,8.321800851263106e-05,9.21658986175115e-06
5632000,2.8687412850558758e-05,0.617810788564384,-0.03171816350368317,0.00146484375,0.00018584803910925984,9.190988223246287e-06
5633024,-0.0013669598120031878,0.36117016966454685,-0.031242548560840078,0.0009765625,8.883164264261723e-05,9.165386584741425e-06
5634048,-0.0006792057538405061,0.2829647151520476,-0.029676524947717553,0.00048828125,6.327441951725632e-05,9.139784946236561e-06
5635072,0.00012979807797819376,0.37117664772085845,-0.03318733807827812,0.0,2.795123145915568e-05,9.114183307731698e-06
5636096,-0.00036826681753154844,0.279766293708235,-0.03248223181981302,0.00048828125,4.1336665162816644e-05,9.088581669226835e-06
5637120,-0.0005333046719897538,0.0760458463919349,-0.025196135789883556,0.00146484375,0.00016579008661210537,9.062980030721973e-06
5638144,-0.000348965848388616,0.07321521115954965,-0.024888870873837732,0.0009765625,0.00012235868780408055,9.037378392217092e-06
5639168,-0.00011170790094183758,0.4314799860585481,-0.027117213612655178,0.00048828125,3.045174526050687e-05,9.011776753712229e-06
5640192,-0.0009236571640940383,0.6108825200935826,-0.03207512254266476,0.00048828125,0.0001120368397096172,8.986175115207367e-06
5641216,0.00010821066098287702,0.3476516337832436,-0.02801681827986613,0.0,2.4644803488627076e-05,8.960573476702504e-06
5642240,-0.0003756825171876699,0.06369143718620762,-0.020917762463795952,0.0009765625,4.8790068831294775e-05,8.93497183819764e-06
5643264,-0.0003944557684008032,0.0668242460815236,-0.020105056079046335,0.00048828125,8.506332233082503e-05,8.909370199692779e-06
5644288,-0.0002934771328000352,0.057834053121041507,-0.024913312164926538,0.00048828125,9.602392674423754e-05,8.883768561187915e-06
5645312,-0.0005252832488622516,0.059103463077917695,-0.029085424809636606,0.00048828125,4.342633474152535e-05,8.858166922683052e-06
5646336,-0.0005279864271869883,0.0626094356412068,-0.022573563823243603,0.00146484375,0.00012874383537564427,8.832565284178188e-06
5647360,-0.0010851898114196956,0.4068425470031798,-0.03134570276597515,0.0009765625,9.874996612779796e-05,8.806963645673327e-06
5648384,-0.0005228798981988803,0.07459926593583077,-0.021608466529869474,0.0009765625,0.00019692892965395004,8.781362007168463e-06
5649408,-0.00021435745293274522,0.06387900264235213,-0.025350108931888826,0.0,3.577406459953636e-05,8.7557603686636e-06
5650432,-0.0009603547223377973,0.7516500656493008,-0.039527080371044576,0.0,4.833114508073777e-05,8.730158730158738e-06
5651456,-0.0005637652648147196,0.34033911605365574,-0.037687843476305716,0.00146484375,9.486150520388037e-05,8.704557091653858e-06
5652480,2.741828211583197e-05,0.03891657694475725,-0.02319598010944901,0.0,3.242981620132923e-06,8.678955453148994e-06
5653504,-0.00021491739607881755,0.0356353810057044,-0.019820242385321762,0.00048828125,3.2679890864528716e-05,8.653353814644131e-06
5654528,-0.00013790963566862047,0.04057201760588214,-0.02801626257132739,0.0,6.334026693366468e-06,8.627752176139269e-06
5655552,-0.00045125179167371243,0.05561423546168953,-0.029211736404249677,0.0009765625,8.266505028586835e-05,8.602150537634406e-06
5656576,-0.00018617691239342093,0.058412716432940215,-0.023847483404097147,0.00048828125,5.1922514103353024e-05,8.576548899129542e-06
5657600,-0.0008104789449134842,0.049683319171890616,-0.024899162504880223,0.001953125,0.0001166322035714984,8.55094726062468e-06
5658624,-0.0004893916338915005,0.09795700665563345,-0.026839592359465314,0.0009765625,6.59931538393721e-05,8.525345622119817e-06
5659648,-0.0008531989733455703,0.7980843158438802,-0.04396964190527797,0.00146484375,0.00012676238839048892,8.499743983614954e-06
5660672,-0.0008217289141612127,0.03226613183505833,-0.02202683089126367,0.00244140625,0.0002267736563226208,8.47414234511009e-06
5661696,-0.0004288504569558427,0.7726048743352294,-0.04234589135739952,0.0,2.8679089155048132e-05,8.448540706605228e-06
5662720,4.406095831654966e-05,0.4533386754337698,-0.028461802256060764,0.0,1.4430595911107957e-05,8.422939068100365e-06
5663744,-0.00020659517031162977,0.03409023809945211,-0.020676736645327765,0.0,1.833749411161989e-05,8.397337429595485e-06
5664768,-0.0005693831917596981,0.06184865685645491,-0.022912632426596247,0.0,2.7885485906153917e-05,8.371735791090623e-06
5665792,-0.0010381660395069048,0.04129161179298535,-0.028112804546253756,0.00146484375,8.726830128580332e-05,8.34613415258576e-06
5666816,0.00022207021538633853,0.4370086486451328,-0.022088151086791186,0.00048828125,4.663444997277111e-05,8.320532514080896e-06
5667840,-0.0005578629061346874,0.4251381882932037,-0.02192111444674083,0.00048828125,9.669158316683024e-05,8.294930875576034e-06
5668864,-0.0006534195999847725,0.4077015897491947,-0.03213422218686901,0.00048828125,4.5802342356182635e-05,8.269329237071171e-06
5669888,-0.0003402560978429392,0.36843485035933554,-0.02719230232469272,0.0,8.562710718251765e-06,8.243727598566307e-06
5670912,-0.00023857486667111516,0.04506256274180487,-0.021143949305042042,0.0,9.99642361421138e-06,8.218125960061444e-06
5671936,-8.340852218680084e-05,0.06672170129604638,-0.026404899261251558,0.0,1.0595103958621621e-05,8.192524321556582e-06
5672960,-0.00024305697297677398,0.09805602428968996,-0.018058900762753183,0.0009765625,0.0001521053782198578,8.166922683051719e-06
5673984,-0.00019913329742848873,0.03525498299859464,-0.01854066242094632,0.00048828125,3.054410626646131e-05,8.141321044546855e-06
5675008,-1.5387588064186275e-05,0.08292694034753367,-0.01750160635856446,0.0,8.878632797859609e-06,8.115719406041992e-06
5676032,-0.0003779223043238744,0.0483539224951528,-0.019504367184708826,0.0,3.689793811645359e-05,8.09011776753713e-06
5677056,-0.0002491819323040545,0.06058610539184883,-0.021006814862630563,0.0,1.329235965386033e-05,8.06451612903225e-06
5678080,-0.00023120304103940725,0.062433011014945805,-0.025702651430037804,0.0,9.141862392425537e-06,8.038914490527386e-06
5679104,-0.000356214412022382,0.045397059177048504,-0.01969544008898083,0.00048828125,4.819764581043273e-05,8.013312852022525e-06
5680128,-0.0008164919709088281,0.8165738498792052,-0.029766643448965624,0.00048828125,3.259949153289199e-05,7.987711213517661e-06
5681152,-0.0001242990983882919,0.3435653456253931,-0.03014991377131082,0.0,3.0728901037946343e-05,7.962109575012798e-06
5682176,-0.0014040976820979267,0.3844209825620055,-0.026749334414489567,0.0009765625,9.786112059373409e-05,7.936507936507936e-06
5683200,-0.00034319129190407693,0.0557503480813466,-0.01848094373758613,0.00048828125,2.259112079627812e-05,7.910906298003073e-06
5684224,-0.00026424761745147407,0.059319744003005326,-0.0271145054975932,0.00048828125,2.9976028599776328e-05,7.88530465949821e-06
5685248,-2.482198760844767e-05,0.050570129533298314,-0.022569273904082365,0.0,1.3453536666929722e-05,7.859703020993346e-06
5686272,-4.872096178587526e-05,0.03827937101596035,-0.017990393313084496,0.00048828125,2.4474706151522696e-05,7.834101382488484e-06
5687296,-5.732240970246494e-05,0.06320573249831796,-0.018686429822992068,0.0,6.325528374873102e-06,7.80849974398362e-06
5688320,-0.00048326345859095454,0.0868748949142173,-0.024797099426450586,0.0009765625,0.00013077925541438162,7.782898105478757e-06
5689344,-0.00027741411759052426,0.35534745443146676,-0.03010158477263758,0.0,2.3790504201315343e-05,7.757296466973879e-06
5690368,-0.0005388674762798473,0.052719336352311075,-0.025327434021164663,0.00048828125,2.784821845125407e-05,7.731694828469015e-06
5691392,-2.8837297577410936e-05,0.03621624200604856,-0.014952998939406825,0.0,2.232613041996956e-06,7.706093189964152e-06
5692416,-0.0007121620292309672,0.41290955361910164,-0.03496129554696381,0.00048828125,7.795277633704245e-05,7.680491551459288e-06
5693440,-0.000305313147691777,0.09673010581173003,-0.02945337409619242,0.00048828125,8.796314068604261e-05,7.654889912954427e-06
5694464,-0.00018791138427332044,1.1273943670094013,-0.030551057803677395,0.0,5.535097443498671e-06,7.629288274449563e-06
5695488,-0.0003770761250052601,0.45383982080966234,-0.03552340962050948,0.0,3.828386252280325e-05,7.6036866359447006e-06
5696512,-0.0012286970886634663,0.07078537321649492,-0.024193436534915236,0.00341796875,0.00023538673121947795,7.578084997439837e-06
5697536,-0.0002983745653182268,0.41913096280768514,-0.030236425780458376,0.0,2.447361475788057e-05,7.5524833589349745e-06
5698560,-0.00034983421210199594,0.07508996489923447,-0.02513139878101356,0.0009765625,8.382562373299152e-05,7.526881720430111e-06
5699584,-0.000646607470116578,0.40271255164407194,-0.030558573664166033,0.0009765625,5.1482697017490864e-05,7.5012800819252485e-06
5700608,-0.0007427070959238335,0.3930074048694223,-0.025601423340049223,0.001953125,0.0001155454374384135,7.475678443420385e-06
5701632,-0.0005303129873936996,0.0878943387651816,-0.02332649200616288,0.0009765625,5.193341348785907e-05,7.4500768049155056e-06
5702656,-0.000448186750872992,0.4163184524513781,-0.030347209016326815,0.00048828125,3.4775512176565826e-05,7.424475166410643e-06
5703680,-0.0003698845684994012,0.04123900784179568,-0.02298701884865295,0.00048828125,3.243384708184749e-05,7.3988735279057796e-06
5704704,-0.00010958329949062318,0.09692328341770917,-0.017902777130075265,0.0,5.9257145039737225e-06,7.373271889400917e-06
5705728,-0.0004139216325711459,0.03870257380185649,-0.03188452438917011,0.00146484375,0.00018635255401022732,7.3476702508960535e-06
5706752,-0.0006564034556504339,0.07887808734085411,-0.019236457239458105,0.00244140625,0.0002057007368421182,7.322068612391191e-06
5707776,-8.70872609084472e-05,0.0525796526344493,-0.023164223835919984,0.0,4.525049007497728e-06,7.2964669738863275e-06
5708800,-0.0005359509668778628,0.40444682934321463,-0.027852651322973543,0.0,3.07869486277923e-05,7.270865335381465e-06
5709824,-4.823632480110973e-05,0.034440719115082175,-0.02095926319998398,0.0,3.1739036785438657e-06,7.245263696876602e-06
5710848,-0.0004383256527944468,0.07876072765793651,-0.019825850120469113,0.00048828125,5.0688962801359594e-05,7.219662058371739e-06
5711872,-0.00020464278350118548,0.04355238686548546,-0.021592140161374118,0.0,4.069569695275277e-05,7.194060419866876e-06
5712896,-0.00046170786663424224,0.06307753047440201,-0.02136366904596798,0.0,4.5180233428254724e-05,7.168458781362013e-06
5713920,-0.0003635935136117041,0.40154804417397827,-0.027822525342344306,0.0,3.467846545390785e-05,7.14285714285715e-06
5714944,-0.00030827590671833605,0.0351821159129031,-0.02099214021291118,0.00048828125,3.5471864975988865e-05,7.117255504352271e-06
5715968,-0.00038635484816040844,0.3929938047658652,-0.02585954973619664,0.0,1.0027782991528511e-05,7.091653865847407e-06
5716992,-0.00027402765408623964,0.41917355894111097,-0.025764355261344463,0.0,1.350852835457772e-05,7.066052227342545e-06
5718016,-0.0004480907882680185,0.05275029857875779,-0.016986051716230577,0.0,2.922378189396113e-05,7.040450588837681e-06
5719040,0.0003520063473843038,0.43392722052522004,-0.032570852927165106,0.0,1.2090036761946976e-05,7.014848950332819e-06
5720064,-0.0002657373552210629,0.10403638787101954,-0.03008213301654905,0.00048828125,4.685948078986257e-05,6.989247311827955e-06
5721088,-9.083833720069379e-05,0.060225955094210804,-0.024076742774923332,0.0,6.652451702393591e-06,6.963645673323093e-06
5722112,-0.0006089063826948404,0.04654048738302663,-0.026615348848281428,0.00048828125,5.9677186072804034e-05,6.93804403481823e-06
5723136,-0.00014044326962903142,0.3646545291412622,-0.028252070274902508,0.0,1.1296579032205045e-05,6.912442396313367e-06
5724160,-0.00041132993646897376,0.06849249301012605,-0.024964895098946727,0.0,3.8291909731924534e-05,6.886840757808504e-06
5725184,-6.725269486196339e-05,0.7730542495846748,-0.030009420741407666,0.0,8.327187970280647e-06,6.861239119303641e-06
5726208,-0.00032890825968934223,0.041478962812107056,-0.016621340275378316,0.00048828125,3.0107024940662086e-05,6.835637480798778e-06
5727232,-0.0004116628479096107,0.40251150296535343,-0.026878597732775233,0.0,3.465054032858461e-05,6.810035842293899e-06
5728256,-0.0006645491521339864,0.06164954463019967,-0.02004095065058209,0.00146484375,5.8705933042801917e-05,6.784434203789035e-06
5729280,-0.0004350077797425911,0.3077930383151397,-0.03431365665164776,0.00048828125,4.3995867599733174e-05,6.758832565284173e-06
5730304,-0.00031111290445551276,0.05546756891999394,-0.026311493777029682,0.00048828125,3.742845728993416e-05,6.733230926779309e-06
5731328,3.6557234125211835e-05,0.7662500566802919,-0.02882995995969395,0.0,3.6210694815963507e-06,6.707629288274447e-06
5732352,-0.00036827991425525397,0.3801352485315874,-0.029844685195712373,0.00048828125,4.217580135446042e-05,6.682027649769583e-06
5733376,-0.0001906469842651859,0.33121333247981966,-0.02565790677908808,0.0,2.195678825955838e-05,6.656426011264721e-06
5734400,-0.0011165086907567456,0.3087913905037567,-0.027941727865254506,0.00048828125,5.942290590610355e-05,6.630824372759857e-06
5735424,-0.00045085858437232673,0.08686249994207174,-0.025721885187522275,0.00048828125,0.0001158988889073953,6.605222734254995e-06
5736448,-0.0010625331196933985,0.3767843993846327,-0.02738592073728796,0.00048828125,8.880127279553562e-05,6.579621095750132e-06
5737472,-0.00030115433037281036,0.04763191082747653,-0.019665972125949338,0.0,1.8420396372675896e-05,6.5540194572452686e-06
5738496,-0.0014119854604359716,0.2315718544414267,-0.027817750225949567,0.00048828125,6.97773793945089e-05,6.528417818740406e-06
5739520,-0.00022431790421251208,0.36828922329004854,-0.024663243948452873,0.00048828125,6.291507452260703e-05,6.5028161802355426e-06
5740544,-0.0006375336670316756,0.3005678942427039,-0.023028486313705798,0.0,2.683280035853386e-05,6.477214541730663e-06
5741568,-0.00017476854554843158,0.3089448973769322,-0.0296415148768574,0.00048828125,8.016213541850448e-05,6.4516129032258004e-06
5742592,-7.746592746116221e-05,0.060284335748292506,-0.021379611338488758,0.0,5.541325663216412e-06,6.426011264720937e-06
5743616,-0.0004435642185853794,0.09969054174143821,-0.026075772708281875,0.0,2.0570834749378264e-05,6.4004096262160744e-06
5744640,-0.0001727784110698849,0.049222956877201796,-0.01974226775655552,0.0,2.3729924578219652e-05,6.374807987711211e-06
5745664,-0.0004239194677211344,0.07003223174251616,-0.01991394965807558,0.0,3.0435374355874956e-05,6.349206349206348e-06
5746688,1.404189970344305e-05,0.4294269118690863,-0.02871712567502982,0.00048828125,2.0061866962350905e-05,6.323604710701485e-06
5747712,-0.00047120782983256504,0.0979190863436088,-0.01546384994435357,0.0009765625,6.0978170949965715e-05,6.298003072196622e-06
5748736,-0.00020191949442960322,0.057366863009519875,-0.022757727250791504,0.0,3.091727558057755e-05,6.27240143369176e-06
5749760,-8.886792784323916e-05,0.07458753953687847,-0.02309189175684878,0.0,1.8915045075118542e-05,6.246799795186896e-06
5750784,-0.00029067522700643167,0.0465648626559414,-0.026066678883580607,0.00048828125,7.07433937350288e-05,6.221198156682034e-06
5751808,-0.00021375028882175684,0.04437189199961722,-0.019091288826530217,0.0,7.4121198849752545e-06,6.19559651817717e-06
5752832,-0.0012898117711301893,0.09684672020375729,-0.025828847428783774,0.0009765625,0.0001209825713885948,6.169994879672291e-06
5753856,-0.0020417322375578806,0.3734219780890271,-0.02316580012848135,0.0,5.348575359676033e-05,6.144393241167428e-06
5754880,-4.878878826275468e-05,0.09884569060523063,-0.02618270013772417,0.0,9.951982065103948e-06,6.118791602662565e-06
5755904,-0.00015748979058116674,0.0775365891167894,-0.01763818170184095,0.0,8.323899237439036e-06,6.093189964157702e-06
5756928,-0.0006105014181230217,0.3840915017062798,-0.02589027030262514,0.0,3.98803676944226e-05,6.067588325652839e-06
5757952,8.675239223521203e-05,0.4643909502774477,-0.0330574297986459,0.0,1.4833160093985498e-05,6.041986687147976e-06
5758976,-0.0001528271532151848,0.12608972424641252,-0.0205777529063198,0.0,8.133763913065195e-06,6.016385048643113e-06
5760000,-0.0003512786061037332,0.06170437706168741,-0.02284724141645711,0.0,2.0992258214391768e-05,5.99078341013825e-06
5761024,-0.00014777416072320193,0.4327078703790903,-0.029324016184546053,0.0,7.2561088018119335e-06,5.965181771633387e-06
5762048,-0.00028603577811736614,0.30943978670984507,-0.03130865175626241,0.0,2.9293776606209576e-05,5.939580133128524e-06
5763072,-0.00021098778233863413,0.06206342717632651,-0.021702792336327548,0.0,8.919101674109697e-06,5.913978494623662e-06
5764096,-0.0005223026237217709,0.39437833428382874,-0.033530396496644244,0.0,7.049922714941204e-06,5.888376856118798e-06
5765120,-0.0003139756736345589,0.08916846569627523,-0.027394025906687602,0.0,1.571829488966614e-05,5.862775217613919e-06
5766144,-0.00013108716666465625,0.8895438001491129,-0.039265180472284555,0.0,5.7925935834646225e-06,5.837173579109056e-06
5767168,-0.000446963997092098,0.07914150739088655,-0.023756887303534313,0.00146484375,0.00016695589874871075,5.811571940604193e-06
5768192,-0.0005624071854981594,0.39471164462156594,-0.03046248439932242,0.0,2.870957541745156e-05,5.78597030209933e-06
5769216,-0.00018879440904129297,0.06583470315672457,-0.023463284873287193,0.0,1.709377102088183e-05,5.760368663594467e-06
5770240,-0.0003484064800431952,0.09315497858915478,-0.02022700158704538,0.0,2.08721321541816e-05,5.734767025089604e-06
5771264,-3.116429434157908e-05,0.6237726812250912,-0.03611599377472885,0.0,1.472453004680574e-05,5.709165386584741e-06
5772288,-0.000198170862859115,0.048285583732649684,-0.025367706097313203,0.0,2.0563631551340222e-05,5.683563748079878e-06
5773312,-4.601739055942744e-05,0.28632935287896544,-0.027766088758653495,0.0,1.0964067769236863e-05,5.657962109575015e-06
5774336,-0.00045331637375056744,0.2609656814020127,-0.026200080512353452,0.0,2.5369736249558628e-05,5.632360471070152e-06
5775360,-0.00032783673668745905,0.07288185739889741,-0.023623320506885648,0.00048828125,0.00014558967086486518,5.606758832565289e-06
5776384,-0.0004590145472320728,0.3784054593415931,-0.025611597557144705,0.00048828125,6.694752664770931e-05,5.581157194060426e-06
5777408,-0.0006376224337145686,0.3928752352949232,-0.029777542978990823,0.0,3.170914715155959e-05,5.5555555555555634e-06
5778432,-0.0003504029009491205,0.04553506872616708,-0.02066095136979129,0.0,2.4748151190578938e-05,5.529953917050683e-06
5779456,-0.00022685025760438293,0.0631279906956479,-0.026471874109120108,0.00048828125,2.3484317352995276e-05,5.5043522785458205e-06
5780480,-0.0005416091589722782,0.0553459906950593,-0.02092036155227106,0.0,2.7079571736976504e-05,5.478750640040958e-06
5781504,-0.0007712681835982949,0.4864587989868596,-0.027758854825151502,0.0009765625,0.00011785827518906444,5.4531490015360945e-06
5782528,-0.00010613852646201849,0.07470777735579759,-0.018526025727624074,0.0,7.038528565317392e-06,5.427547363031232e-06
5783552,0.00018711893062572926,0.4932031095959246,-0.030101911252131686,0.0,1.773204712662846e-05,5.4019457245263685e-06
5784576,-0.0003478570215520449,0.35833020601421595,-0.03137118300946895,0.00048828125,3.8960788515396416e-05,5.376344086021506e-06
5785600,-0.000670359906507656,0.24459153041243553,-0.025801513555052225,0.0,9.475814295001328e-06,5.3507424475166424e-06
5786624,-0.0010731910151662305,0.7712513328297064,-0.034329834292293526,0.0,3.042409662157297e-05,5.32514080901178e-06
5787648,-0.00032142158306669444,0.02733526029624045,-0.02118023528782942,0.00048828125,4.354880366008729e-05,5.2995391705069164e-06
5788672,-0.00025966671819332987,0.035636987595353276,-0.02199929287598934,0.0,9.41823236644268e-06,5.273937532002054e-06
5789696,-0.0005076807283330709,0.39635677699698135,-0.024808106362797844,0.00048828125,3.0088529456406832e-05,5.248335893497191e-06
5790720,-0.0002254891296615824,0.383785217651166,-0.028432909759430913,0.0,7.690774509683251e-06,5.222734254992311e-06
5791744,-4.8403504479210824e-05,0.05178827786585316,-0.017976876377360895,0.0,3.110209945589304e-06,5.197132616487448e-06
5792768,-0.0002241740294266492,0.041112061764579266,-0.02090130671786028,0.00048828125,2.810671867337078e-05,5.171530977982586e-06
5793792,-3.133295103907585e-05,0.04347137699369341,-0.01942060214241792,0.0,2.919856342487037e-06,5.145929339477722e-06
5794816,-8.695697761140764e-05,0.37656952417455614,-0.02777894734754227,0.0,4.758359864354134e-06,5.12032770097286e-06
5795840,-0.0003897372807841748,0.08275229623541236,-0.022975800479798636,0.0,1.6062476788647473e-05,5.094726062467996e-06
5796864,-0.0002566414186730981,0.07120246230624616,-0.02484859341620904,0.0,2.878585655707866e-05,5.069124423963134e-06
5797888,-0.0008023543923627585,0.03800997172947973,-0.018447317290792853,0.0,4.691288631875068e-05,5.04352278545827e-06
5798912,7.490962161682546e-05,0.04767251684097573,-0.022427261937991716,0.0,9.160648914985359e-06,5.017921146953408e-06
5799936,-0.00031563808443024755,0.04528168844990432,-0.02525857463660941,0.0009765625,5.336622416507453e-05,4.992319508448544e-06
5800960,-4.9109949031844735e-05,0.03820867004105821,-0.019593862787587568,0.0,1.71091960510239e-05,4.966717869943682e-06
5801984,-0.00013910213601775467,0.03303975460585207,-0.018157613961989227,0.0,6.18805643171072e-06,4.941116231438818e-06
5803008,-0.00045593667891807854,0.44092456134967506,-0.031132524014083174,0.0,1.5024663298390806e-05,4.915514592933956e-06
5804032,-0.00026681547751650214,0.07027003297116607,-0.017300441124007193,0.00048828125,3.95433307858184e-05,4.889912954429076e-06
5805056,-0.0007657461101189256,0.3969713135738857,-0.02034077232428899,0.0,2.127479820046574e-05,4.864311315924213e-06
5806080,-0.00025472810375504196,0.07935607654508203,-0.022421642526751384,0.0,1.744183828122914e-05,4.83870967741935e-06
5807104,-3.136771556455642e-05,0.6668601741548628,-0.03446277166949585,0.0,6.342728738673031e-06,4.8131080389144875e-06
5808128,-0.0002500818809494376,0.0310798593563959,-0.018797292072122218,0.00048828125,4.166278813499957e-05,4.787506400409624e-06
5809152,-0.00032180668495129794,0.05107844353187829,-0.021475956688846054,0.00048828125,3.3726144465617836e-05,4.7619047619047615e-06
5810176,-0.00038315024721669033,0.07865283457795158,-0.019117855847980536,0.00048828125,3.311305772513151e-05,4.736303123399898e-06
5811200,-0.0004031221687910147,0.41524763335473835,-0.034160930779762566,0.0,1.1636409908533096e-05,4.7107014848950355e-06
5812224,-6.188443512655795e-05,0.06586300447816029,-0.020572648438246688,0.0,7.2572584031149745e-06,4.685099846390172e-06
5813248,-0.00015595040167681873,0.7370692398399115,-0.037144191261177184,0.0,4.5322522055357695e-06,4.6594982078853095e-06
5814272,-0.00027618879539659247,0.054806838161312044,-0.02173236437010928,0.0,1.0715157259255648e-05,4.633896569380446e-06
5815296,-0.0002109802735503763,0.02683665242511779,-0.01650274621920289,0.0,1.7209837096743286e-05,4.6082949308755835e-06
5816320,-0.0004612953925970942,0.08146464521996677,-0.022460665597463958,0.00048828125,4.839331086259335e-05,4.582693292370704e-06
5817344,-0.0002733131987042725,0.424631426227279,-0.018311052809622197,0.0,9.918032446876168e-06,4.5570916538658405e-06
5818368,-0.00044132493349025026,0.07617489097174257,-0.017347717507618654,0.0,2.204926568083465e-05,4.531490015360978e-06
5819392,-0.000482987605209928,0.03803186392178759,-0.020497556868576794,0.00048828125,3.286197897978127e-05,4.5058883768561145e-06
5820416,0.00010588411532808095,0.399290997418575,-0.029621488947668695,0.0,4.6449858928099275e-06,4.480286738351252e-06
5821440,-0.00023279060405911878,0.07384204084519297,-0.022703910597556387,0.00048828125,1.934508327394724e-05,4.454685099846389e-06
5822464,-0.0006063612236175686,0.03538228815887123,-0.026836603106858092,0.00048828125,6.108367233537138e-05,4.429083461341526e-06
5823488,-7.985433330759406e-05,0.05702544836094603,-0.02071156967940624,0.00048828125,2.288498217239976e-05,4.403481822836663e-06
5824512,-0.00035307406506035477,0.05943898134864867,-0.0234715123224305,0.0,1.6914738807827234e-05,4.3778801843318e-06
5825536,-0.00020571604545693845,0.04735361319035292,-0.017923574021551758,0.00048828125,1.6542180674150586e-05,4.352278545826937e-06
5826560,-0.00035400170600041747,0.04769394267350435,-0.018159752631618176,0.0,1.9437226001173258e-05,4.326676907322074e-06
5827584,-0.00014852674212306738,0.40613183740060776,-0.028657722868956625,0.0,1.8952108803205192e-05,4.301075268817211e-06
5828608,-0.00018068686040351167,0.09111258306074888,-0.023054801360558486,0.0,5.953872459940612e-06,4.275473630312332e-06
5829632,-0.00020788435358554125,0.41388440039008856,-0.027683511660143267,0.0,7.340626325458288e-06,4.249871991807468e-06
5830656,-0.00024097936693578959,0.0699245756259188,-0.023679376346990466,0.00048828125,2.8117356123402715e-05,4.224270353302606e-06
5831680,-4.62512434751261e-05,0.05726409796625376,-0.019516888649377506,0.0,9.915471309795976e-06,4.198668714797742e-06
5832704,-9.65851140790619e-05,0.054016660898923874,-0.02333389993873425,0.0,1.2620424968190491e-05,4.17306707629288e-06
5833728,-0.000430238782428205,0.05111026612576097,-0.02259763095935341,0.0,2.9159520636312664e-05,4.147465437788017e-06
5834752,-0.0002243189956061542,0.1174684320576489,-0.01890252748853527,0.0,2.3505883291363716e-05,4.121863799283154e-06
5835776,-0.00019787217024713755,0.7162090563215315,-0.038023943692678586,0.0,7.75342050474137e-06,4.096262160778291e-06
5836800,-0.00034770715865306556,0.05743697611615062,-0.022667454220936634,0.00048828125,2.2665670257993042e-05,4.070660522273428e-06
5837824,-0.00041004488957696594,0.04917215078603476,-0.020646178021706874,0.00048828125,4.370846727397293e-05,4.045058883768565e-06
5838848,-0.00018155583529733121,0.38547231152188033,-0.031096086720936,0.0,6.771660991944373e-06,4.019457245263702e-06
5839872,-0.00011989421909675002,0.036272769095376134,-0.01853406077452746,0.0,4.024142981506884e-06,3.993855606758839e-06
5840896,-9.832011710386723e-05,0.031809521780814976,-0.019395009287109133,0.0,4.809029633179307e-06,3.968253968253976e-06
5841920,-0.00014119015395408496,0.0932832065736875,-0.024295177757267084,0.0,2.767803380265832e-05,3.942652329749096e-06
5842944,-2.4904438760131598e-05,0.32615092024207115,-0.028005084168398753,0.0,2.1096784621477127e-06,3.917050691244234e-06
5843968,-0.000159687471750658,0.1357591338455677,-0.020494239899562672,0.0,4.5836204662919044e-06,3.89144905273937e-06
5844992,-1.4443707186728716e-05,0.047139282047282904,-0.019536261946996092,0.0,2.113054506480694e-06,3.865847414234508e-06
5846016,-0.00014741893392056227,0.0644411580869928,-0.022358897971571423,0.0,4.97099244967103e-06,3.840245775729644e-06
5847040,-0.0004957763303536922,0.11633858416462317,-0.03160054358886555,0.00048828125,3.377690154593438e-05,3.8146441372247816e-06
5848064,-1.5158439055085182e-05,0.05401358206290752,-0.021622525993734598,0.0,5.221168976277113e-06,3.7890424987199186e-06
5849088,-0.00021809020108776167,0.04126790800364688,-0.021774525253931643,0.0,1.2421704013831913e-05,3.7634408602150556e-06
5850112,-0.00011637926218099892,0.06586820032680407,-0.022118218530522427,0.0,1.4947218005545437e-05,3.7378392217101925e-06
5851136,-7.942700176499784e-05,0.06742412317544222,-0.022973172955971677,0.0,1.806591171771288e-06,3.7122375832053295e-06
5852160,-0.00036566113703884184,0.05698291410226375,-0.02142416099377442,0.0,1.4300676411949098e-05,3.686635944700467e-06
5853184,-0.00019085119129158556,0.02924178447574377,-0.017715052704261325,0.0,1.2877979315817356e-05,3.661034306195604e-06
5854208,-0.0002620077502797358,0.4296170297311619,-0.022639355520368554,0.0,2.5939662009477615e-06,3.635432667690724e-06
5855232,-7.97843822510913e-05,0.0491535670007579,-0.02673950894677546,0.00048828125,2.967671025544405e-05,3.609831029185861e-06
5856256,-0.00012162610073573887,0.06914248480461538,-0.024404898304055678,0.0,5.814537871629e-06,3.5842293906809984e-06
5857280,3.648722486104816e-05,0.3854868409689516,-0.024678676840267144,0.0,7.14609632268548e-06,3.5586277521761354e-06
5858304,-6.110329559305683e-05,0.06865415663924068,-0.023521888622781262,0.0,4.981702659279108e-07,3.5330261136712724e-06
5859328,-0.00011934086796827614,0.06458282377570868,-0.026444839916621277,0.0,1.0299336281605065e-05,3.5074244751664094e-06
5860352,-0.00025243175332434475,0.05127560498658568,-0.019314368891173217,0.00048828125,3.5877907066605985e-05,3.4818228366615464e-06
5861376,-0.00017435417976230383,0.39076603681314737,-0.0327363298565615,0.0,2.4262553779408336e-06,3.4562211981566834e-06
5862400,-7.284915045602247e-05,0.03473461989779025,-0.021047293019364588,0.0,2.4349865270778537e-06,3.4306195596518204e-06
5863424,-0.0004972517199348658,0.5535258357413113,-0.02860439739015419,0.0,1.1908370652236044e-05,3.4050179211469574e-06
5864448,-0.00016232873895205557,0.061411858652718365,-0.022352063475409523,0.0,5.113353836350143e-06,3.3794162826420944e-06
5865472,-0.00016323573072440922,0.04661984241101891,-0.024642048694659024,0.0,1.220227568410337e-05,3.3538146441372314e-06
5866496,-0.00014662046305602416,0.03577771788695827,-0.021594196445221314,0.0,3.0930095817893744e-06,3.328213005632352e-06
5867520,-0.0001988991571124643,0.3266223673708737,-0.035283600009279326,0.0,7.411465048789978e-06,3.302611367127489e-06
5868544,-0.00022430205717682838,0.04068186163203791,-0.022526382072101114,0.00048828125,1.3728029443882406e-05,3.277009728622626e-06
5869568,-0.00033264944795519114,0.05679035134380683,-0.02288102290185634,0.00048828125,3.0166178476065397e-05,3.2514080901177632e-06
5870592,-3.93512673326768e-05,0.03707728744484484,-0.02146725638613134,0.0,3.6999990697950125e-06,3.2258064516129002e-06
5871616,7.349153747782111e-07,0.11248315300326794,-0.021552326765231555,0.0,5.213951226323843e-07,3.2002048131080372e-06
5872640,-0.00011512289347592741,0.04724991641705856,-0.016891189902253245,0.0,4.406450898386538e-06,3.174603174603174e-06
5873664,-0.00012700822844635695,0.06048171519069001,-0.018375750252744183,0.0,6.522619514726102e-06,3.149001536098311e-06
5874688,-0.00017754238069755957,0.07369016215670854,-0.020618909071345115,0.0,6.802190910093486e-06,3.123399897593448e-06
5875712,-0.0001384297793265432,0.408077045052778,-0.02692834093613783,0.0,8.914037607610226e-06,3.097798259088585e-06
5876736,-4.7609704779461026e-05,0.3584706129040569,-0.02683086557954084,0.0,1.9914587028324604e-06,3.072196620583722e-06
5877760,-2.904667053371668e-05,0.34735179296694696,-0.02366452437490807,0.0,1.3966637197881937e-06,3.046594982078859e-06
5878784,-0.0004100984369870275,0.05166475020814687,-0.024680482943949755,0.0,1.657342363614589e-05,3.020993343573996e-06
5879808,-3.953353734686971e-05,0.04921132151503116,-0.02155863054576912,0.0,4.8816436901688576e-06,2.9953917050691166e-06
5880832,-0.00022034272114979103,0.03423382464097813,-0.022464639653662744,0.0,1.2422722647897899e-05,2.9697900665642536e-06
5881856,-0.00015638265176676214,0.05995668179821223,-0.018039062002571882,0.0,8.814939064905047e-06,2.9441884280593906e-06
5882880,-1.199269900098443e-05,0.11610622121952474,-0.023376841854769737,0.0,4.4937769416719675e-07,2.918586789554528e-06
5883904,-0.00015703742974437773,0.034232690872158855,-0.022728508724412677,0.0,2.9648799682036042e-06,2.892985151049665e-06
5884928,-0.00010503043449716642,0.12154803483281285,-0.02685209096671315,0.0,5.429756129160523e-06,2.867383512544802e-06
5885952,-0.00021983275655657053,0.0704882632708177,-0.021790957525809063,0.0,4.2055180529132485e-06,2.841781874039939e-06
5886976,-0.0003111917612841353,0.06298424722626805,-0.026677031764847925,0.0,2.1985542844049633e-05,2.816180235535076e-06
5888000,-4.4123531552031636e-05,0.04964740190189332,-0.01941185136945478,0.0,2.0588486222550273e-06,2.790578597030213e-06
5889024,-0.00022506348614115268,0.09326356754172593,-0.017455365014029667,0.0,1.2356525985524058e-05,2.76497695852535e-06
5890048,-0.00018735096091404557,0.08273785607889295,-0.022434930746385362,0.0,8.614748367108405e-06,2.739375320020487e-06
5891072,-1.1921831173822284e-05,0.723141225753352,-0.03461841499665752,0.0,2.7888163458555937e-06,2.713773681515624e-06
5892096,-0.00010808970546349883,0.3648141442099586,-0.028203694673720747,0.0,2.145112375728786e-06,2.6881720430107445e-06
5893120,5.881200195290148e-06,0.4048877205932513,-0.027313068603689317,0.0,1.0404328349977732e-06,2.6625704045058815e-06
5894144,-0.00024279665376525372,0.03907399391755462,-0.02277148386974659,0.0,2.262041380163282e-05,2.6369687660010185e-06
5895168,-0.0004401547339512035,0.05037112085847184,-0.024217720099841245,0.0,1.1331343557685614e-05,2.6113671274961554e-06
5896192,-8.706182416062802e-05,0.38845344563014805,-0.02905388358340133,0.0,1.280175638385117e-06,2.585765488991293e-06
5897216,-0.0006197706970851868,0.052716573467478156,-0.020832825990510173,0.0,1.518991484772414e-05,2.56016385048643e-06
5898240,-8.19385313661769e-05,0.05547789903357625,-0.023103533556422917,0.0,2.415370545350015e-06,2.534562211981567e-06
5899264,-0.00010342423047404736,0.0774259160971269,-0.02819324929441791,0.0,3.7806894397363067e-06,2.508960573476704e-06
5900288,-0.0001945184194482863,0.03216970700304955,-0.022794433771196054,0.0,9.904339094646275e-06,2.483358934971841e-06
5901312,-8.730903209652752e-05,0.06353462813422084,-0.023871118857641704,0.0,4.409739631228149e-06,2.457757296466978e-06
5902336,-0.00022094370797276497,0.41254073462914675,-0.02808354470471386,0.00048828125,2.3166867322288454e-05,2.432155657962115e-06
5903360,-8.463035192107782e-05,0.05502967047505081,-0.017624665419134544,0.0,6.642469088546932e-06,2.406554019457252e-06
5904384,-0.0003713188343681395,0.07006551016820595,-0.022703472109242284,0.0,2.0315899746492505e-05,2.380952380952389e-06
5905408,-0.00026390168932266533,0.06665940361563116,-0.01982632514773286,0.0,1.25506630865857e-05,2.3553507424475093e-06
5906432,-0.0001023507647914812,0.0477323314989917,-0.020409702774486504,0.0,4.053144948557019e-06,2.3297491039426463e-06
5907456,-0.00037022228934802115,0.047338484204374254,-0.023002941670711152,0.00048828125,2.8375492547638714e-05,2.3041474654377833e-06
5908480,-0.00023706682259216905,0.38516804890241474,-0.025423442682949826,0.0,4.590066964738071e-06,2.2785458269329203e-06
5909504,-5.6400138419121504e-05,0.05266356572974473,-0.02520346999517642,0.0,4.122761311009526e-06,2.2529441884280573e-06
5910528,-0.00010663263674359769,0.4024802449857816,-0.026001206651926623,0.0,6.550093530677259e-06,2.2273425499231947e-06
5911552,-7.724217721261084e-05,0.36914766824338585,-0.0318621396436356,0.0,1.7412094166502357e-06,2.2017409114183317e-06
5912576,-2.8187190764583647e-05,0.061762143624946475,-0.026802164986293064,0.0,1.5720725059509277e-06,2.1761392729134687e-06
5913600,-9.816332021728158e-05,0.052450480754487216,-0.022911686093721073,0.0,2.3487082216888666e-06,2.1505376344086057e-06
5914624,-0.0002300093328813091,0.04981177061563358,-0.019801892656687414,0.0,4.4445914682000875e-06,2.1249359959037426e-06
5915648,-0.0002112899674102664,0.7372900266200304,-0.034691982029471546,0.0,2.765547833405435e-06,2.0993343573988796e-06
5916672,-9.444084571441635e-05,0.05387314630206674,-0.024884964426746592,0.0,3.325796569697559e-06,2.0737327188940166e-06
5917696,-4.231637285556644e-05,0.12941187561955303,-0.024474349949741736,0.0,5.992769729346037e-07,2.048131080389137e-06
5918720,-0.00014558617840521038,0.41181884182151407,-0.019742260264138167,0.0,1.0670337360352278e-06,2.022529441884274e-06
5919744,-0.0001747898422763683,0.426106367376633,-0.028006207809085026,0.0,2.6076158974319696e-06,1.996927803379411e-06
5920768,-2.4670909624546766e-05,0.055607367714401335,-0.023585484519571764,0.0,1.5468103811144829e-06,1.971326164874548e-06
5921792,-2.2008644009474665e-05,0.08502957434393466,-0.020633175345210475,0.0,1.5387340681627393e-06,1.945724526369685e-06
5922816,-0.00011716122389771044,0.05521992244757712,-0.02096266944136005,0.0,8.039845852181315e-06,1.920122887864822e-06
5923840,-0.0001221523416461423,0.3917856973130256,-0.031704890498076566,0.0,3.1364616006612778e-06,1.8945212493599593e-06
5924864,-3.8602105632890016e-05,0.02825386036420241,-0.018473665457349853,0.0,3.8226426113396883e-07,1.8689196108550963e-06
5925888,-5.5785581935197115e-05,0.40951571543700993,-0.02150104454653956,0.0,3.780733095481992e-07,1.8433179723502335e-06
5926912,-0.00019722050637938082,0.046179378638044,-0.023254675789303292,0.0,7.4993440648540854e-06,1.8177163338453705e-06
5927936,-5.302987483446486e-05,0.34863096638582647,-0.03040213300846517,0.0,4.0978193283081055e-06,1.7921146953405075e-06
5928960,-7.082868251018226e-05,0.7310478447470814,-0.03213429208699381,0.0,2.902204869315028e-06,1.7665130568356445e-06
5929984,-5.8975929277949035e-06,0.34776759007945657,-0.03201647158130072,0.0,2.3205939214676619e-07,1.740911418330765e-06
5931008,-3.297939110780135e-05,0.38968435884453356,-0.02340549265500158,0.0,1.4793477021157742e-07,1.715309779825902e-06
5932032,-5.2261457312852144e-06,0.36411788244731724,-0.022702468042552937,0.0,2.1833693608641624e-07,1.689708141321039e-06
5933056,-0.0002291709097335115,0.09784720896277577,-0.021598766944407544,0.0,1.0858915629796684e-05,1.664106502816176e-06
5934080,-4.254630766808987e-05,0.39989610435441136,-0.02424155098560732,0.0,8.078932296484709e-07,1.638504864311313e-06
5935104,-9.781333210412413e-05,0.3015266995644197,-0.02912058475885715,0.0,7.132475730031729e-07,1.6129032258064501e-06
5936128,-4.452880239114165e-05,0.07377124391496181,-0.019567012548577623,0.0,9.708164725452662e-07,1.587301587301587e-06
5937152,-7.836264558136463e-05,0.055082346487324685,-0.015281188494554954,0.0,1.1084630386903882e-06,1.561699948796724e-06
5938176,-6.933321128599346e-05,0.03822065953863785,-0.02007283674174687,0.0,1.929525751620531e-06,1.536098310291861e-06
5939200,-2.1083338651806116e-05,0.3896132407244295,-0.024450829695979337,0.0,1.1731026461347938e-06,1.510496671786998e-06
5940224,-0.0003426632611081004,0.4130773952929303,-0.027509536521392874,0.0,2.338536432944238e-06,1.4848950332821353e-06
5941248,-7.585952698718756e-05,0.027398742677178234,-0.02039563801190525,0.0,1.3194658095017076e-06,1.4592933947772723e-06
5942272,-6.115845462772995e-05,0.047739297326188534,-0.021585199273545186,0.0,8.631322998553514e-07,1.4336917562724093e-06
5943296,-5.184017936699092e-06,0.10299865819979459,-0.020126276986957237,0.0,4.3374893721193075e-07,1.4080901177675298e-06
5944320,-9.128786041401327e-05,0.03317170619266108,-0.02096016885479912,0.0,1.5185942174866796e-06,1.3824884792626667e-06
5945344,-0.0005621476520900615,0.06619310594396666,-0.018333453670493327,0.0,2.8120033675804734e-05,1.3568868407578037e-06
5946368,4.1309132939204574e-05,0.042677425662986934,-0.019069668375777837,0.0,1.9598519429564476e-06,1.3312852022529407e-06
5947392,-4.898459883406758e-05,0.05016949836863205,-0.026349247913458385,0.0,1.676642568781972e-06,1.3056835637480777e-06
5948416,-3.605482925195247e-05,0.05257453443482518,-0.021557031725933484,0.0,6.822374416515231e-07,1.280081925243215e-06
5949440,-0.00016175431665033102,0.05520908330800012,-0.02793873103473743,0.0,1.5994446584954858e-06,1.254480286738352e-06
5950464,-0.00018594413995742798,0.0452023217221722,-0.020184326254820917,0.0,3.436914994381368e-06,1.228878648233489e-06
5951488,-3.88696207664907e-05,0.037084493378642946,-0.018595894794998458,0.0,4.166067810729146e-07,1.203277009728626e-06
5952512,-1.2009040801785886e-05,0.05211531347595155,-0.02493677174061304,0.0,1.9796425476670265e-07,1.177675371223763e-06
5953536,-0.00013695191591978073,0.031165036896709353,-0.018617115638335235,0.0,3.6772689782083035e-06,1.1520737327189001e-06
5954560,-3.745773574337363e-05,0.08262427954468876,-0.02085286234432715,0.0,1.0089133866131306e-06,1.126472094214037e-06
5955584,-0.00012672199227381498,0.06925804598722607,-0.02389073609447223,0.0,1.6124831745401025e-06,1.1008704557091574e-06
5956608,-6.662384839728475e-05,0.031204462866298854,-0.019772492254560348,0.0,8.636270649731159e-07,1.0752688172042946e-06
5957632,-3.607258986448869e-05,0.4054828913649544,-0.028371268846967723,0.0,5.0771632231771946e-08,1.0496671786994316e-06
5958656,-1.684189192019403e-05,0.7461894075386226,-0.03267795004649088,0.0,1.3320823200047016e-07,1.0240655401945686e-06
5959680,-2.4236447643488646e-05,0.02644370903726667,-0.019843498040245322,0.0,2.4080509319901466e-07,9.984639016897055e-07
5960704,-7.860134792281315e-05,0.42142305988818407,-0.0278721511731419,0.0,1.3815442798659205e-06,9.728622631848425e-07
5961728,-8.464202983304858e-05,0.043906412029173225,-0.01921941226828494,0.0,6.452610250562429e-07,9.472606246799796e-07
5962752,-1.4035787899047136e-05,0.031182120786979795,-0.019542556823580526,0.0,1.8355785869061947e-07,9.216589861751167e-07
5963776,-6.0580787248909473e-05,0.09724084555637091,-0.026428336946992204,0.0,9.91436536423862e-07,8.960573476702537e-07
5964800,-9.870200301520526e-06,0.07438926864415407,-0.01907015602046158,0.0,6.698828656226397e-07,8.704557091653907e-07
5965824,-3.5612742067314684e-05,0.4116012011654675,-0.02642368575470755,0.0,2.5889312382787466e-07,8.448540706605278e-07
5966848,-2.0280749595258385e-05,0.37359517673030496,-0.02877051343966741,0.0,6.890477379783988e-07,8.192524321556648e-07
5967872,-1.9266095478087664e-05,0.06344873504713178,-0.021184723768783442,0.0,2.0170409698039293e-07,7.936507936508018e-07
5968896,-6.431042857002467e-05,0.06589104264276102,-0.017896284563903464,0.0,9.45699866861105e-07,7.680491551459223e-07
5969920,5.425303243100643e-06,0.04067591979401186,-0.017766731551091652,0.0,5.3827534429728985e-08,7.424475166410593e-07
5970944,-1.4827688573859632e-05,0.3610579742817208,-0.026163132206420414,0.0,1.833686837926507e-07,7.168458781361963e-07
5971968,-5.0375849241390824e-05,0.7095574419945478,-0.037039237809949555,0.0,7.050693966448307e-07,6.912442396313334e-07
5972992,-7.991559687070549e-05,0.0750365296844393,-0.023073423886671662,0.0,9.570794645696878e-07,6.656426011264704e-07
5974016,-5.9262485592626035e-05,0.42800821154378355,-0.03294633110635914,0.0,4.283792804926634e-07,6.400409626216075e-07
5975040,-4.91583050461486e-05,0.395696044084616,-0.028596542673767544,0.0,4.3805630411952734e-07,6.144393241167445e-07
5976064,-6.977243174333125e-05,0.0348455662606284,-0.014318123748353173,0.0,4.3514592107385397e-07,5.888376856118815e-07
5977088,-4.364084452390671e-05,0.06309096654877067,-0.02951595321064815,0.0,8.776987669989467e-07,5.632360471070185e-07
5978112,-1.3684009900316596e-05,0.43638400634517893,-0.031156525856204098,0.0,7.948256097733974e-08,5.376344086021555e-07
5979136,-3.818722325377166e-05,0.03578889445634559,-0.019068314394644403,0.0,3.1728995963931084e-07,5.120327700972926e-07
5980160,-9.021168807521462e-05,0.027149485715199262,-0.019289274337552342,0.0,4.5030901674181223e-07,4.864311315924296e-07
5981184,2.6058696676045656e-06,0.47407419024966657,-0.03463245593593456,0.0,1.1162774171680212e-07,4.6082949308755e-07
5982208,-5.165326001588255e-05,0.04666691925376654,-0.01740240751496458,0.0,3.396562533453107e-07,4.3522785458268705e-07
5983232,-1.644619624130428e-05,0.050866339821368456,-0.01574329625941573,0.0,1.4211400412023067e-07,4.096262160778241e-07
5984256,-5.662033800035715e-05,0.04890562570653856,-0.02607515369891189,0.0,2.4154724087566137e-07,3.8402457757296114e-07
5985280,-3.5137651138938963e-05,0.43857389490585774,-0.032696579524781555,0.0,2.0077277440577745e-07,3.5842293906809814e-07
5986304,-2.876250073313713e-05,0.42679976602084935,-0.024578453550930135,0.0,2.0342122297734022e-07,3.328213005632352e-07
5987328,-1.9752347725443542e-05,0.03452587785432115,-0.022494070362881757,0.0,7.273047231137753e-08,3.0721966205837223e-07
5988352,-2.880716056097299e-05,0.09230749448761344,-0.021788556929095648,0.0,1.0455551091581583e-07,2.816180235535093e-07
5989376,-3.217670018784702e-05,0.4822252653539181,-0.02665014529338805,0.0,8.969800546765327e-08,2.560163850486463e-07
5990400,-1.6911762941163033e-05,0.03981525491690263,-0.02311754922993714,0.0,1.8566788639873266e-07,2.3041474654378334e-07
5991424,-4.777073627337813e-06,0.06727397732902318,-0.02425328447134234,0.0,1.3184035196900368e-08,2.0481310803892036e-07
5992448,-9.113849955610931e-06,0.03470630379160866,-0.020588481553204474,0.0,2.444721758365631e-08,1.792114695340574e-07
5993472,-6.8921654019504786e-06,0.39493650395888835,-0.021269167444188497,0.0,1.1728843674063683e-08,1.5360983102917778e-07
5994496,-9.074326953850687e-06,0.058125113195274025,-0.025095969598623924,0.0,1.5323166735470295e-08,1.2800819252431482e-07
5995520,-1.1273659765720367e-06,0.04526939615607262,-0.02134980764822103,0.0,2.648448571562767e-09,1.0240655401945186e-07
5996544,-9.568175300955772e-07,0.04826587426941842,-0.02413751716267143,0.0,1.3969838619232178e-09,7.680491551458889e-08
5997568,-1.2002565199509263e-06,0.059476546302903444,-0.02259756672719959,0.0,1.877197064459324e-09,5.120327700972593e-08
5998592,-1.1481715773697942e-06,0.2887614800129086,-0.02804131699667778,0.0,5.820766091346741e-10,2.5601638504862964e-08
5999616,1.0622898116707802e-09,0.10215975332539529,-0.02333456073392881,0.0,8.731149137020111e-11,0.0
