timestep,episode,reward,length
1073,0,-8.099999999999998,50
1123,1,-8.099999999999998,50
1173,2,-8.099999999999998,50
1223,3,-7.499999999999998,50
1273,4,-6.299999999999999,50
1323,5,-3.899999999999998,50
1373,6,-8.099999999999998,50
1423,7,-8.099999999999998,50
1473,8,-6.899999999999999,50
1523,9,-7.499999999999998,50
1573,10,-7.499999999999998,50
1623,11,-7.499999999999998,50
1673,12,-8.7,50
1723,13,-7.499999999999998,50
1773,14,-6.299999999999999,50
1823,15,-8.099999999999998,50
1873,16,-7.499999999999998,50
1923,17,-8.099999999999998,50
1973,18,-5.699999999999998,50
2023,19,-6.299999999999999,50
2073,20,-8.099999999999998,50
2123,21,-8.099999999999998,50
2173,22,-7.499999999999998,50
2223,23,-7.499999999999998,50
2273,24,-7.499999999999998,50
2323,25,-6.299999999999999,50
2373,26,-6.899999999999999,50
2423,27,-6.299999999999999,50
2473,28,-7.499999999999998,50
2523,29,-6.899999999999999,50
2573,30,-8.7,50
2623,31,-7.499999999999998,50
2673,32,-6.899999999999999,50
2723,33,-7.499999999999998,50
2773,34,-8.099999999999998,50
2823,35,-8.099999999999998,50
2873,36,-7.499999999999998,50
2923,37,-7.499999999999998,50
2973,38,-8.099999999999998,50
3023,39,-5.699999999999998,50
3073,40,-8.099999999999998,50
3123,41,-6.899999999999999,50
3173,42,-2.699999999999998,50
3223,43,-6.299999999999999,50
3273,44,-8.099999999999998,50
3323,45,-6.899999999999999,50
3373,46,-8.099999999999998,50
3423,47,-5.099999999999998,50
3473,48,-5.099999999999998,50
3523,49,-5.699999999999998,50
3573,50,-6.899999999999999,50
3623,51,-8.7,50
3673,52,-8.099999999999998,50
3723,53,-7.499999999999998,50
3773,54,-6.899999999999999,50
3823,55,-3.899999999999998,50
3873,56,-7.499999999999998,50
3923,57,-7.499999999999998,50
3973,58,-6.899999999999999,50
4023,59,-5.699999999999998,50
4073,60,-6.899999999999999,50
4123,61,-7.499999999999998,50
4173,62,-7.499999999999998,50
4223,63,-3.899999999999998,50
4273,64,-7.499999999999998,50
4323,65,-8.099999999999998,50
4373,66,-7.499999999999998,50
4423,67,-7.499999999999998,50
4473,68,-6.899999999999999,50
4523,69,-6.899999999999999,50
4573,70,-6.899999999999999,50
4623,71,-8.099999999999998,50
4673,72,-6.899999999999999,50
4723,73,-0.8999999999999986,50
4773,74,-7.499999999999998,50
4823,75,-6.899999999999999,50
4873,76,-6.899999999999999,50
4923,77,-6.299999999999999,50
4973,78,-6.899999999999999,50
5023,79,-8.7,50
5073,80,-4.499999999999998,50
5123,81,-3.899999999999998,50
5173,82,-4.499999999999998,50
5223,83,-6.299999999999999,50
5273,84,-5.099999999999998,50
5323,85,-5.699999999999998,50
5373,86,-0.8999999999999986,50
5423,87,-4.499999999999998,50
5473,88,-7.499999999999998,50
5523,89,-0.8999999999999986,50
5573,90,-2.699999999999998,50
5623,91,-6.899999999999999,50
5673,92,-2.099999999999998,50
5723,93,-6.299999999999999,50
5773,94,-6.299999999999999,50
5823,95,-4.499999999999998,50
5873,96,-0.8999999999999986,50
5923,97,-7.499999999999998,50
5973,98,-2.099999999999998,50
6023,99,-2.099999999999998,50
6073,100,-3.899999999999998,50
6123,101,-5.699999999999998,50
6173,102,-0.8999999999999986,50
6223,103,-1.4999999999999982,50
6273,104,-1.4999999999999982,50
6323,105,-1.4999999999999982,50
6373,106,-5.699999999999998,50
6423,107,-2.099999999999998,50
6473,108,-0.8999999999999986,50
6523,109,-5.699999999999998,50
6573,110,-5.099999999999998,50
6623,111,-6.299999999999999,50
6673,112,-5.699999999999998,50
6723,113,-0.8999999999999986,50
6773,114,-0.8999999999999986,50
6823,115,-0.8999999999999986,50
6873,116,-0.8999999999999986,50
6923,117,-0.8999999999999986,50
6973,118,-0.8999999999999986,50
7023,119,-0.8999999999999986,50
7073,120,-2.699999999999998,50
7123,121,-0.8999999999999986,50
7173,122,-2.699999999999998,50
7223,123,-0.8999999999999986,50
7273,124,-0.8999999999999986,50
7323,125,-0.8999999999999986,50
7373,126,-0.8999999999999986,50
7423,127,-0.8999999999999986,50
7473,128,-0.8999999999999986,50
7523,129,-2.099999999999998,50
7573,130,-1.4999999999999982,50
7623,131,-3.899999999999998,50
7673,132,-0.8999999999999986,50
7723,133,-0.8999999999999986,50
7773,134,-0.8999999999999986,50
7823,135,-4.499999999999998,50
7873,136,-3.899999999999998,50
7923,137,-0.8999999999999986,50
7985,138,0.0,62
8035,139,-3.899999999999998,50
8085,140,-0.8999999999999986,50
8135,141,-0.8999999999999986,50
8185,142,-0.8999999999999986,50
8235,143,-0.8999999999999986,50
8285,144,-0.8999999999999986,50
8335,145,-0.8999999999999986,50
8385,146,-0.8999999999999986,50
8435,147,-0.8999999999999986,50
8485,148,-0.8999999999999986,50
8535,149,-2.699999999999998,50
8585,150,-0.8999999999999986,50
8635,151,-0.8999999999999986,50
8685,152,0.9000000000000004,50
8735,153,-0.8999999999999986,50
8785,154,-0.8999999999999986,50
8835,155,-0.8999999999999986,50
8885,156,-5.699999999999998,50
8935,157,-0.29999999999999893,50
8985,158,-0.8999999999999986,50
9035,159,-0.8999999999999986,50
9085,160,-0.8999999999999986,50
9135,161,-0.8999999999999986,50
9185,162,-0.8999999999999986,50
9235,163,-0.8999999999999986,50
9285,164,-0.8999999999999986,50
9335,165,-0.8999999999999986,50
9385,166,-0.8999999999999986,50
9435,167,2.6999999999999993,50
9485,168,-0.8999999999999986,50
9535,169,-0.8999999999999986,50
9590,170,-0.9999999999999982,55
9640,171,-0.8999999999999986,50
9690,172,-2.699999999999998,50
9746,173,-0.29999999999999805,56
9799,174,0.6000000000000019,53
9849,175,-0.8999999999999986,50
9899,176,-0.8999999999999986,50
9949,177,-0.8999999999999986,50
9999,178,1.5,50
10049,179,-0.8999999999999986,50
10099,180,2.0999999999999996,50
10149,181,1.5,50
10199,182,-0.8999999999999986,50
10249,183,-0.8999999999999986,50
10299,184,-0.8999999999999986,50
10349,185,-0.8999999999999986,50
10399,186,-0.8999999999999986,50
10449,187,1.5,50
10499,188,-0.29999999999999893,50
10549,189,-0.8999999999999986,50
10599,190,-0.8999999999999986,50
10649,191,-0.8999999999999986,50
10699,192,-0.8999999999999986,50
10749,193,-0.8999999999999986,50
10799,194,0.3000000000000007,50
10849,195,-0.8999999999999986,50
10899,196,-0.8999999999999986,50
10949,197,-0.8999999999999986,50
10999,198,0.3000000000000007,50
11049,199,-0.8999999999999986,50
11099,200,-0.8999999999999986,50
11149,201,-0.8999999999999986,50
11199,202,-0.8999999999999986,50
11249,203,-0.29999999999999893,50
11299,204,-0.29999999999999893,50
11349,205,-0.8999999999999986,50
11399,206,0.9000000000000004,50
11449,207,0.3000000000000007,50
11501,208,2.3000000000000007,52
11552,209,2.1999999999999993,51
11602,210,-0.8999999999999986,50
11652,211,-0.29999999999999893,50
11702,212,-0.8999999999999986,50
11752,213,-0.8999999999999986,50
11821,214,-2.899999999999998,69
11871,215,-0.29999999999999893,50
11921,216,-0.8999999999999986,50
11971,217,-0.8999999999999986,50
12021,218,-0.8999999999999986,50
12071,219,-0.8999999999999986,50
12121,220,-0.8999999999999986,50
12171,221,-0.29999999999999893,50
12221,222,-0.8999999999999986,50
12271,223,-0.8999999999999986,50
12331,224,-2.2999999999999985,60
12381,225,0.9000000000000004,50
12431,226,-0.8999999999999986,50
12481,227,-0.29999999999999893,50
12531,228,-0.29999999999999893,50
12581,229,-0.8999999999999986,50
12631,230,0.3000000000000007,50
12681,231,-0.8999999999999986,50
12731,232,-0.8999999999999986,50
12794,233,0.10000000000000142,63
12844,234,-0.29999999999999893,50
12894,235,-0.8999999999999986,50
12944,236,-0.8999999999999986,50
12994,237,0.3000000000000007,50
13044,238,-0.8999999999999986,50
13094,239,-0.8999999999999986,50
13145,240,2.799999999999999,51
13195,241,-0.8999999999999986,50
13245,242,-0.8999999999999986,50
13295,243,-0.8999999999999986,50
13345,244,0.9000000000000004,50
13395,245,-0.29999999999999893,50
13445,246,-0.8999999999999986,50
13495,247,-0.29999999999999893,50
13545,248,2.0999999999999996,50
13595,249,0.9000000000000004,50
13645,250,0.3000000000000007,50
13695,251,-0.29999999999999893,50
13745,252,0.9000000000000004,50
13795,253,-0.8999999999999986,50
13845,254,-0.8999999999999986,50
13899,255,0.10000000000000187,54
13949,256,-0.29999999999999893,50
13999,257,-0.8999999999999986,50
14049,258,-0.8999999999999986,50
14100,259,2.799999999999999,51
14150,260,-0.8999999999999986,50
14200,261,-0.8999999999999986,50
14253,262,0.6000000000000019,53
14323,263,0.2000000000000013,70
14373,264,-0.8999999999999986,50
14424,265,2.1999999999999993,51
14474,266,0.3000000000000007,50
14526,267,2.299999999999999,52
14579,268,2.3999999999999986,53
14629,269,-0.8999999999999986,50
14679,270,2.6999999999999993,50
14729,271,0.9000000000000004,50
14779,272,0.3000000000000007,50
14829,273,-0.8999999999999986,50
14879,274,-0.8999999999999986,50
14929,275,0.9000000000000004,50
14979,276,-0.8999999999999986,50
15029,277,0.9000000000000004,50
15079,278,2.0999999999999996,50
15129,279,-0.8999999999999986,50
15187,280,-1.8999999999999981,58
15237,281,1.5,50
15287,282,1.5,50
15343,283,-1.4999999999999987,56
15393,284,0.3000000000000007,50
15443,285,2.0999999999999996,50
15493,286,-0.8999999999999986,50
15543,287,-0.29999999999999893,50
15594,288,2.799999999999999,51
15644,289,-0.8999999999999986,50
15694,290,0.9000000000000004,50
15744,291,2.6999999999999993,50
15794,292,0.9000000000000004,50
15844,293,0.9000000000000004,50
15897,294,2.3999999999999986,53
15947,295,2.0999999999999996,50
15997,296,0.9000000000000004,50
16047,297,-0.8999999999999986,50
16099,298,2.299999999999999,52
16150,299,2.1999999999999993,51
16200,300,1.5,50
16250,301,-0.29999999999999893,50
16307,302,-0.20000000000000018,57
16357,303,0.9000000000000004,50
16408,304,2.799999999999999,51
16466,305,-2.4999999999999987,58
16516,306,-0.29999999999999893,50
16566,307,0.3000000000000007,50
16623,308,2.1999999999999975,57
16676,309,2.9999999999999982,53
16735,310,-2.3999999999999986,59
16785,311,-0.8999999999999986,50
16836,312,2.799999999999999,51
16890,313,0.7000000000000011,54
16947,314,1.6000000000000014,57
16998,315,2.1999999999999993,51
17053,316,0.20000000000000195,55
17103,317,2.6999999999999993,50
17153,318,1.5,50
17203,319,0.3000000000000007,50
17253,320,1.5,50
17339,321,-5.399999999999999,86
17389,322,2.0999999999999996,50
17440,323,2.1999999999999993,51
17490,324,2.0999999999999996,50
17542,325,2.8999999999999986,52
17596,326,2.4999999999999982,54
17647,327,2.799999999999999,51
17697,328,2.6999999999999993,50
17749,329,2.3,52
17802,330,0.6000000000000019,53
17852,331,1.5,50
17907,332,3.1999999999999975,55
17960,333,2.3999999999999986,53
18010,334,-0.8999999999999986,50
18060,335,-0.29999999999999893,50
18110,336,1.5,50
18169,337,-1.1999999999999986,59
18222,338,1.800000000000002,53
18274,339,2.3000000000000007,52
18325,340,2.1999999999999993,51
18375,341,1.5,50
18427,342,2.8999999999999986,52
18484,343,2.799999999999997,57
18536,344,2.299999999999999,52
18586,345,2.0999999999999996,50
18640,346,3.099999999999998,54
18696,347,3.299999999999997,56
18748,348,2.8999999999999986,52
18801,349,2.3999999999999986,53
18852,350,2.799999999999999,51
18904,351,2.8999999999999986,52
18954,352,2.0999999999999996,50
19005,353,2.799999999999999,51
19057,354,2.299999999999999,52
19109,355,2.8999999999999986,52
19165,356,0.3000000000000007,56
19215,357,1.5,50
19270,358,3.1999999999999975,55
19320,359,1.5,50
19370,360,2.0999999999999996,50
19428,361,-1.2999999999999985,58
19482,362,3.099999999999998,54
19535,363,2.9999999999999982,53
19585,364,2.6999999999999993,50
19637,365,2.8999999999999986,52
19692,366,1.9999999999999982,55
19746,367,3.099999999999998,54
19799,368,2.3999999999999986,53
19849,369,0.3000000000000007,50
19901,370,2.8999999999999986,52
19952,371,2.799999999999999,51
20008,372,1.5,56
20059,373,2.799999999999999,51
20111,374,2.8999999999999986,52
20165,375,1.3000000000000007,54
20219,376,1.8999999999999986,54
20271,377,2.8999999999999986,52
20325,378,3.099999999999998,54
20377,379,2.299999999999999,52
20431,380,3.099999999999998,54
20481,381,2.6999999999999993,50
20532,382,2.799999999999999,51
20584,383,2.8999999999999986,52
20635,384,2.1999999999999993,51
20685,385,2.0999999999999996,50
20771,386,1.79999999999999,86
20827,387,2.6999999999999975,56
20878,388,2.799999999999999,51
20931,389,2.9999999999999982,53
20984,390,2.3999999999999986,53
21040,391,0.29999999999999893,56
21095,392,2.599999999999998,55
21147,393,2.8999999999999986,52
21197,394,2.0999999999999996,50
21253,395,3.299999999999997,56
21303,396,2.0999999999999996,50
21353,397,2.6999999999999993,50
21403,398,2.6999999999999993,50
21455,399,2.299999999999999,52
21506,400,2.1999999999999993,51
21562,401,3.299999999999997,56
21620,402,2.299999999999997,58
21671,403,2.1999999999999993,51
21723,404,2.8999999999999986,52
21777,405,3.099999999999998,54
21831,406,3.099999999999998,54
21881,407,2.6999999999999993,50
21931,408,0.9000000000000004,50
21983,409,2.8999999999999986,52
22034,410,2.799999999999999,51
22085,411,2.799999999999999,51
22138,412,2.9999999999999982,53
22195,413,3.399999999999997,57
22246,414,2.1999999999999993,51
22302,415,3.299999999999997,56
22355,416,2.9999999999999982,53
22407,417,1.7000000000000002,52
22459,418,2.8999999999999986,52
22509,419,2.0999999999999996,50
22560,420,2.1999999999999993,51
22617,421,2.799999999999997,57
22668,422,2.799999999999999,51
22720,423,2.299999999999999,52
22772,424,2.299999999999999,52
22822,425,2.6999999999999993,50
22873,426,2.799999999999999,51
22923,427,2.6999999999999993,50
22974,428,2.799999999999999,51
23027,429,2.9999999999999982,53
23077,430,2.6999999999999993,50
23131,431,3.099999999999998,54
23183,432,2.8999999999999986,52
23237,433,3.099999999999998,54
23288,434,2.799999999999999,51
23343,435,3.1999999999999975,55
23394,436,2.799999999999999,51
23444,437,1.5,50
23498,438,2.4999999999999982,54
23551,439,2.9999999999999982,53
23605,440,3.099999999999998,54
23657,441,2.8999999999999986,52
23707,442,1.5,50
23759,443,2.8999999999999986,52
23810,444,2.799999999999999,51
23863,445,2.9999999999999982,53
23913,446,2.0999999999999996,50
23963,447,2.0999999999999996,50
24013,448,2.0999999999999996,50
24063,449,2.6999999999999993,50
24117,450,2.4999999999999982,54
24168,451,2.799999999999999,51
24219,452,2.1999999999999993,51
24269,453,2.6999999999999993,50
24322,454,2.9999999999999982,53
24373,455,2.799999999999999,51
24426,456,2.9999999999999982,53
24479,457,2.9999999999999982,53
24532,458,2.9999999999999982,53
24588,459,3.299999999999997,56
24644,460,2.1000000000000014,56
24694,461,2.6999999999999993,50
24748,462,3.099999999999998,54
24800,463,2.8999999999999986,52
24851,464,2.799999999999999,51
24906,465,3.1999999999999975,55
24956,466,0.9000000000000004,50
25006,467,2.6999999999999993,50
25062,468,3.299999999999997,56
25113,469,2.799999999999999,51
25166,470,1.799999999999999,53
25218,471,2.8999999999999986,52
25268,472,2.6999999999999993,50
25321,473,2.3999999999999986,53
25372,474,1.5999999999999996,51
25427,475,3.1999999999999975,55
25481,476,3.099999999999998,54
25532,477,2.1999999999999993,51
25584,478,2.8999999999999986,52
25637,479,2.9999999999999982,53
25691,480,2.4999999999999982,54
25746,481,3.1999999999999975,55
25801,482,3.1999999999999975,55
25856,483,3.1999999999999975,55
25907,484,2.799999999999999,51
25957,485,2.6999999999999993,50
26012,486,3.1999999999999975,55
26063,487,2.799999999999999,51
26113,488,2.6999999999999993,50
26166,489,2.3999999999999986,53
26221,490,3.1999999999999975,55
26275,491,3.099999999999998,54
26330,492,3.1999999999999975,55
26380,493,2.0999999999999996,50
26433,494,2.9999999999999982,53
26486,495,2.9999999999999982,53
26540,496,3.099999999999998,54
26594,497,3.099999999999998,54
26650,498,3.299999999999997,56
26703,499,2.9999999999999982,53
26757,500,3.099999999999998,54
26809,501,2.8999999999999986,52
26863,502,2.4999999999999982,54
26918,503,2.5999999999999988,55
26973,504,3.1999999999999975,55
27030,505,3.399999999999997,57
27082,506,2.299999999999999,52
27134,507,2.8999999999999986,52
27186,508,2.8999999999999986,52
27240,509,2.4999999999999982,54
27290,510,2.6999999999999993,50
27340,511,2.6999999999999993,50
27392,512,2.8999999999999986,52
27447,513,3.1999999999999975,55
27502,514,3.1999999999999975,55
27554,515,2.299999999999999,52
27608,516,3.099999999999998,54
27660,517,2.8999999999999986,52
27711,518,2.1999999999999993,51
27762,519,2.799999999999999,51
27816,520,3.099999999999998,54
27868,521,2.8999999999999986,52
27924,522,2.6999999999999975,56
27982,523,3.4999999999999964,58
28037,524,3.1999999999999975,55
28091,525,3.099999999999998,54
28143,526,2.8999999999999986,52
28200,527,3.399999999999997,57
28254,528,2.4999999999999982,54
28310,529,2.6999999999999975,56
28363,530,2.9999999999999982,53
28418,531,2.599999999999998,55
28470,532,2.8999999999999986,52
28521,533,2.799999999999999,51
28574,534,2.3999999999999986,53
28627,535,2.3999999999999986,53
28684,536,3.399999999999997,57
28738,537,3.099999999999998,54
28793,538,3.1999999999999975,55
28846,539,2.9999999999999982,53
28902,540,3.299999999999997,56
28953,541,2.799999999999999,51
29009,542,2.6999999999999975,56
29065,543,3.299999999999997,56
29118,544,2.9999999999999982,53
29173,545,2.599999999999998,55
29228,546,3.1999999999999975,55
29283,547,3.1999999999999975,55
29337,548,3.099999999999998,54
29391,549,3.099999999999998,54
29441,550,2.6999999999999993,50
29497,551,3.299999999999997,56
29551,552,3.099999999999998,54
29609,553,3.4999999999999964,58
29663,554,2.499999999999999,54
29716,555,2.3999999999999986,53
29768,556,1.6999999999999993,52
29824,557,3.299999999999997,56
29880,558,2.6999999999999975,56
29931,559,2.799999999999999,51
29987,560,3.299999999999997,56
30040,561,2.9999999999999982,53
30094,562,3.099999999999998,54
30145,563,2.799999999999999,51
30197,564,1.6999999999999993,52
30252,565,3.1999999999999975,55
30308,566,2.6999999999999975,56
30358,567,2.6999999999999993,50
30412,568,3.099999999999998,54
30463,569,2.1999999999999993,51
30514,570,2.799999999999999,51
30568,571,3.099999999999998,54
30621,572,2.9999999999999982,53
30673,573,2.8999999999999986,52
30725,574,2.299999999999999,52
30779,575,3.099999999999998,54
30833,576,3.099999999999998,54
30888,577,3.1999999999999975,55
30940,578,2.8999999999999986,52
30992,579,2.8999999999999986,52
31049,580,1.5999999999999979,57
31103,581,2.4999999999999982,54
31153,582,2.6999999999999993,50
31203,583,2.0999999999999996,50
31256,584,2.3999999999999986,53
31308,585,2.299999999999999,52
31359,586,2.799999999999999,51
31412,587,2.9999999999999982,53
31465,588,2.9999999999999982,53
31520,589,2.599999999999998,55
31572,590,2.8999999999999986,52
31626,591,1.299999999999999,54
31683,592,2.799999999999997,57
31739,593,2.6999999999999975,56
31791,594,2.8999999999999986,52
31847,595,3.299999999999997,56
31900,596,2.9999999999999982,53
31953,597,2.9999999999999982,53
32004,598,2.799999999999999,51
32058,599,2.4999999999999982,54
32110,600,2.299999999999999,52
32166,601,3.299999999999997,56
32220,602,2.4999999999999982,54
32273,603,2.9999999999999982,53
32324,604,2.1999999999999993,51
32379,605,3.1999999999999975,55
32429,606,2.0999999999999996,50
32483,607,3.099999999999998,54
32538,608,3.1999999999999975,55
32590,609,2.8999999999999986,52
32641,610,2.799999999999999,51
32692,611,2.799999999999999,51
32746,612,3.099999999999998,54
32800,613,3.099999999999998,54
32852,614,2.8999999999999986,52
32907,615,3.1999999999999975,55
32963,616,2.6999999999999993,56
33017,617,3.099999999999998,54
33074,618,2.799999999999997,57
33129,619,3.1999999999999975,55
33185,620,3.299999999999997,56
33238,621,1.200000000000002,53
33292,622,3.099999999999998,54
33346,623,3.099999999999998,54
33399,624,2.3999999999999986,53
33452,625,2.9999999999999982,53
33506,626,3.099999999999998,54
33556,627,2.0999999999999996,50
33611,628,3.1999999999999975,55
33664,629,2.3999999999999986,53
33720,630,3.299999999999997,56
33780,631,3.6999999999999957,60
33833,632,2.9999999999999982,53
33888,633,2.599999999999998,55
33943,634,2.599999999999998,55
33998,635,3.1999999999999975,55
34052,636,2.4999999999999982,54
34104,637,2.8999999999999986,52
34158,638,3.099999999999998,54
34212,639,3.099999999999998,54
34266,640,3.099999999999998,54
34321,641,3.1999999999999975,55
34375,642,3.099999999999998,54
34429,643,3.099999999999998,54
34483,644,2.4999999999999982,54
34539,645,3.299999999999997,56
34594,646,3.1999999999999975,55
34647,647,2.9999999999999982,53
34701,648,3.099999999999998,54
34753,649,2.299999999999999,52
34809,650,2.6999999999999975,56
34859,651,0.9000000000000004,50
34909,652,1.5,50
34961,653,2.8999999999999986,52
35012,654,2.799999999999999,51
35063,655,2.799999999999999,51
35113,656,1.5,50
35163,657,2.0999999999999996,50
35218,658,3.1999999999999975,55
35270,659,2.8999999999999986,52
35320,660,2.0999999999999996,50
35378,661,3.4999999999999964,58
35428,662,2.6999999999999993,50
35483,663,3.1999999999999975,55
35538,664,3.1999999999999975,55
35588,665,2.0999999999999996,50
35642,666,3.099999999999998,54
35694,667,2.8999999999999986,52
35744,668,2.0999999999999996,50
35803,669,3.599999999999996,59
35856,670,2.9999999999999982,53
35912,671,3.299999999999997,56
35967,672,3.1999999999999975,55
36018,673,2.799999999999999,51
36074,674,3.299999999999997,56
36129,675,3.1999999999999975,55
36181,676,2.8999999999999986,52
36234,677,2.9999999999999982,53
36285,678,2.799999999999999,51
36345,679,3.099999999999996,60
36403,680,2.299999999999998,58
36455,681,2.8999999999999986,52
36511,682,3.299999999999997,56
36564,683,2.9999999999999982,53
36618,684,3.099999999999998,54
36673,685,3.1999999999999975,55
36729,686,3.299999999999997,56
36783,687,2.4999999999999982,54
36837,688,3.099999999999998,54
36897,689,3.6999999999999957,60
36953,690,3.299999999999997,56
37008,691,3.1999999999999975,55
37063,692,3.1999999999999975,55
37119,693,3.299999999999997,56
37174,694,3.1999999999999975,55
37228,695,3.099999999999998,54
37281,696,2.9999999999999982,53
37335,697,3.099999999999998,54
37389,698,2.4999999999999982,54
37445,699,3.299999999999997,56
37501,700,3.299999999999997,56
37555,701,2.4999999999999982,54
37613,702,2.899999999999997,58
37665,703,2.8999999999999986,52
37718,704,2.9999999999999982,53
37772,705,3.099999999999998,54
37828,706,3.299999999999997,56
37888,707,3.099999999999996,60
37950,708,5.399999999999995,62
38006,709,3.299999999999997,56
38066,710,3.6999999999999957,60
38123,711,2.799999999999997,57
38178,712,3.1999999999999975,55
38235,713,3.399999999999997,57
38321,714,1.79999999999999,86
38377,715,2.6999999999999975,56
38433,716,3.299999999999997,56
38493,717,3.099999999999996,60
38560,718,4.099999999999994,67
38611,719,2.799999999999999,51
38667,720,3.299999999999997,56
38721,721,2.4999999999999982,54
38772,722,2.799999999999999,51
38830,723,3.4999999999999964,58
38884,724,3.099999999999998,54
38938,725,3.099999999999998,54
39029,726,4.099999999999987,91
39092,727,3.6999999999999957,63
39146,728,0.10000000000000009,54
39208,729,4.199999999999996,62
39270,730,4.799999999999995,62
39323,731,2.3999999999999986,53
39373,732,2.0999999999999996,50
39424,733,2.799999999999999,51
39488,734,3.1999999999999966,64
39555,735,4.099999999999994,67
39620,736,4.499999999999995,65
39683,737,3.6999999999999957,63
39739,738,2.6999999999999975,56
39801,739,4.799999999999995,62
39862,740,3.1999999999999957,61
39917,741,2.599999999999998,55
39969,742,1.6999999999999993,52
40028,743,2.399999999999997,59
40094,744,3.9999999999999947,66
40151,745,3.399999999999997,57
40211,746,3.6999999999999957,60
40270,747,3.599999999999996,59
40356,748,1.79999999999999,86
40412,749,2.6999999999999975,56
40465,750,2.9999999999999982,53
40521,751,2.6999999999999975,56
40576,752,3.1999999999999975,55
40635,753,2.399999999999997,59
40692,754,3.399999999999997,57
40747,755,3.1999999999999975,55
40806,756,2.9999999999999964,59
40858,757,1.6999999999999993,52
40921,758,4.299999999999995,63
40975,759,3.099999999999998,54
41029,760,3.099999999999998,54
41088,761,2.9999999999999964,59
41151,762,4.299999999999995,63
41206,763,3.1999999999999975,55
41260,764,2.4999999999999982,54
41319,765,3.599999999999996,59
41374,766,3.1999999999999975,55
41428,767,3.099999999999998,54
41486,768,3.4999999999999964,58
41544,769,3.4999999999999964,58
41594,770,1.5,50
41657,771,4.899999999999995,63
41719,772,4.199999999999996,62
41775,773,3.299999999999997,56
41836,774,3.1999999999999957,61
41902,775,5.199999999999994,66
41958,776,3.299999999999997,56
42016,777,2.899999999999997,58
42077,778,3.1999999999999957,61
42135,779,2.299999999999997,58
42199,780,3.1999999999999957,64
42258,781,2.9999999999999964,59
42316,782,2.299999999999997,58
42376,783,2.4999999999999964,60
42441,784,3.899999999999995,65
42505,785,4.399999999999995,64
42558,786,2.9999999999999982,53
42623,787,3.899999999999995,65
42685,788,4.799999999999995,62
42771,789,1.79999999999999,86
42829,790,3.4999999999999964,58
42890,791,2.599999999999996,61
42955,792,2.6999999999999966,65
43017,793,5.399999999999995,62
43075,794,2.299999999999997,58
43137,795,4.799999999999995,62
43201,796,4.999999999999995,64
43251,797,2.0999999999999996,50
43305,798,3.099999999999998,54
43369,799,4.399999999999995,64
43435,800,4.599999999999994,66
43490,801,2.599999999999998,55
43551,802,3.1999999999999957,61
43610,803,3.599999999999996,59
43673,804,5.499999999999995,63
43734,805,3.1999999999999957,61
43798,806,4.399999999999995,64
43860,807,5.399999999999995,62
43910,808,2.0999999999999996,50
43971,809,3.1999999999999957,61
44022,810,2.799999999999999,51
44086,811,4.399999999999995,64
44154,812,4.199999999999994,68
44220,813,3.9999999999999947,66
44274,814,2.4999999999999982,54
44337,815,4.299999999999995,63
44396,816,3.599999999999996,59
44456,817,3.099999999999996,60
44518,818,4.799999999999995,62
44580,819,4.199999999999996,62
44639,820,2.9999999999999964,59
44704,821,3.2999999999999963,65
44755,822,2.799999999999999,51
44812,823,3.399999999999997,57
44873,824,3.1999999999999957,61
44931,825,2.899999999999997,58
44995,826,4.399999999999995,64
45059,827,4.399999999999995,64
45111,828,2.8999999999999986,52
45162,829,2.799999999999999,51
45228,830,3.399999999999996,66
45286,831,3.4999999999999964,58
45340,832,3.099999999999998,54
45403,833,4.299999999999995,63
45467,834,4.999999999999995,64
45525,835,3.4999999999999964,58
45588,836,4.899999999999995,63
45648,837,3.099999999999996,60
45712,838,4.399999999999995,64
45774,839,4.799999999999995,62
45832,840,3.4999999999999964,58
45890,841,2.299999999999997,58
45941,842,2.799999999999999,51
46001,843,3.6999999999999957,60
46064,844,4.299999999999995,63
46123,845,3.599999999999996,59
46183,846,3.6999999999999957,60
46245,847,4.799999999999995,62
46308,848,4.899999999999995,63
46371,849,3.099999999999998,63
46432,850,3.7999999999999954,61
46498,851,5.199999999999994,66
46553,852,2.0,55
46616,853,4.899999999999995,63
46679,854,4.899999999999995,63
46739,855,3.099999999999996,60
46803,856,3.1999999999999984,64
46865,857,4.199999999999996,62
46925,858,3.099999999999996,60
46989,859,4.399999999999995,64
47050,860,3.1999999999999957,61
47108,861,3.4999999999999964,58
47169,862,3.7999999999999954,61
47228,863,3.599999999999996,59
47292,864,4.399999999999995,64
47355,865,4.899999999999995,63
47419,866,4.399999999999995,64
47469,867,1.5,50
47533,868,4.399999999999995,64
47596,869,5.499999999999995,63
47656,870,1.3000000000000016,60
47714,871,2.899999999999997,58
47777,872,4.299999999999995,63
47838,873,3.7999999999999954,61
47899,874,3.1999999999999957,61
47962,875,4.299999999999995,63
48026,876,3.1999999999999975,64
48081,877,3.1999999999999975,55
48144,878,4.899999999999995,63
48209,879,2.6999999999999984,65
48269,880,3.099999999999996,60
48333,881,3.1999999999999966,64
48393,882,1.3000000000000012,60
48443,883,0.9000000000000004,50
48500,884,3.399999999999997,57
48552,885,2.8999999999999986,52
48616,886,3.1999999999999966,64
48675,887,2.9999999999999964,59
48736,888,3.7999999999999954,61
48796,889,3.6999999999999957,60
48846,890,0.3000000000000007,50
48908,891,5.399999999999995,62
48973,892,4.499999999999995,65
49032,893,3.599999999999996,59
49084,894,2.8999999999999986,52
49147,895,4.299999999999995,63
49209,896,5.399999999999995,62
49273,897,3.7999999999999954,64
49331,898,3.4999999999999964,58
49390,899,3.599999999999996,59
49443,900,2.9999999999999982,53
49504,901,3.7999999999999954,61
49560,902,3.299999999999997,56
49620,903,3.099999999999996,60
49684,904,3.7999999999999954,64
49750,905,3.9999999999999964,66
49810,906,3.6999999999999957,60
49872,907,4.799999999999995,62
49936,908,4.399999999999995,64
49997,909,3.7999999999999954,61
50058,910,3.7999999999999954,61
50113,911,3.1999999999999975,55
50170,912,2.799999999999997,57
50233,913,4.899999999999995,63
50295,914,5.399999999999995,62
50361,915,3.9999999999999947,66
50418,916,2.799999999999997,57
50478,917,3.099999999999996,60
50539,918,2.599999999999996,61
50602,919,4.899999999999995,63
50665,920,4.899999999999995,63
50728,921,4.299999999999995,63
50791,922,4.299999999999995,63
50856,923,3.899999999999995,65
50919,924,4.299999999999995,63
50983,925,4.399999999999995,64
51042,926,3.599999999999996,59
51101,927,3.599999999999996,59
51166,928,4.499999999999995,65
51228,929,4.799999999999995,62
51291,930,4.899999999999995,63
51349,931,3.4999999999999964,58
51407,932,3.4999999999999964,58
51466,933,3.599999999999996,59
51528,934,4.799999999999995,62
51593,935,4.499999999999995,65
51655,936,5.399999999999995,62
51715,937,3.099999999999996,60
51765,938,2.6999999999999993,50
51826,939,3.7999999999999954,61
51879,940,1.1999999999999993,53
51942,941,5.499999999999995,63
52004,942,4.799999999999995,62
52064,943,3.099999999999996,60
52118,944,3.099999999999998,54
52180,945,5.399999999999995,62
52237,946,2.799999999999997,57
52300,947,4.899999999999995,63
52361,948,3.7999999999999954,61
52425,949,4.399999999999995,64
52477,950,2.8999999999999986,52
52528,951,2.799999999999999,51
52578,952,2.0999999999999996,50
52635,953,3.399999999999997,57
52698,954,4.899999999999995,63
52751,955,2.9999999999999982,53
52812,956,3.7999999999999954,61
52879,957,4.699999999999994,67
52929,958,1.5,50
52990,959,3.1999999999999957,61
53054,960,4.399999999999995,64
53117,961,4.899999999999995,63
53167,962,2.6999999999999993,50
53217,963,2.6999999999999993,50
53279,964,4.199999999999996,62
53340,965,3.7999999999999954,61
53404,966,3.7999999999999954,64
53496,967,4.7999999999999865,92
53548,968,2.8999999999999986,52
53613,969,1.4999999999999982,65
53675,970,4.799999999999995,62
53735,971,3.099999999999996,60
53785,972,0.3000000000000007,50
53847,973,4.799999999999995,62
53911,974,4.399999999999995,64
53970,975,2.9999999999999964,59
54031,976,3.1999999999999957,61
54088,977,3.399999999999997,57
54148,978,3.6999999999999957,60
54210,979,5.399999999999995,62
54273,980,4.299999999999995,63
54335,981,5.399999999999995,62
54400,982,3.2999999999999963,65
54462,983,4.799999999999995,62
54521,984,3.599999999999996,59
54586,985,2.6999999999999957,65
54649,986,5.499999999999995,63
54716,987,4.699999999999994,67
54779,988,5.499999999999995,63
54841,989,5.399999999999995,62
54908,990,5.899999999999993,67
54973,991,3.899999999999995,65
55030,992,2.799999999999997,57
55093,993,4.899999999999995,63
55152,994,3.599999999999996,59
55217,995,3.2999999999999954,65
55280,996,4.299999999999995,63
55342,997,5.399999999999995,62
55404,998,5.399999999999995,62
55467,999,4.899999999999995,63
55530,1000,4.899999999999995,63
55592,1001,5.399999999999995,62
55657,1002,4.499999999999995,65
55717,1003,3.6999999999999957,60
55783,1004,3.9999999999999947,66
55847,1005,4.399999999999995,64
55906,1006,3.599999999999996,59
55969,1007,4.899999999999995,63
56038,1008,4.899999999999993,69
56099,1009,3.7999999999999954,61
56167,1010,4.799999999999994,68
56229,1011,5.399999999999995,62
56292,1012,5.499999999999995,63
56353,1013,3.7999999999999954,61
56416,1014,4.899999999999995,63
56478,1015,5.399999999999995,62
56538,1016,3.6999999999999957,60
56600,1017,4.799999999999995,62
56659,1018,3.599999999999996,59
56722,1019,4.899999999999995,63
56784,1020,4.799999999999995,62
56850,1021,3.9999999999999947,66
56912,1022,5.399999999999995,62
56962,1023,2.0999999999999996,50
57026,1024,4.399999999999995,64
57088,1025,5.399999999999995,62
57138,1026,2.6999999999999993,50
57200,1027,4.799999999999995,62
57262,1028,4.1999999999999975,62
57321,1029,3.599999999999996,59
57382,1030,3.7999999999999954,61
57445,1031,5.499999999999995,63
57506,1032,3.1999999999999957,61
57567,1033,3.1999999999999957,61
57626,1034,3.599999999999996,59
57689,1035,5.499999999999995,63
57739,1036,1.5,50
57801,1037,5.399999999999995,62
57865,1038,4.999999999999995,64
57923,1039,3.4999999999999964,58
57985,1040,5.399999999999995,62
58047,1041,5.399999999999995,62
58101,1042,1.2999999999999994,54
58166,1043,3.899999999999995,65
58228,1044,5.399999999999995,62
58290,1045,5.399999999999995,62
58352,1046,5.399999999999995,62
58417,1047,4.499999999999995,65
58481,1048,1.4000000000000026,64
58542,1049,3.1999999999999957,61
58604,1050,5.399999999999995,62
58666,1051,5.399999999999995,62
58729,1052,5.499999999999995,63
58788,1053,3.599999999999996,59
58853,1054,3.899999999999995,65
58916,1055,4.899999999999995,63
58978,1056,5.399999999999995,62
59034,1057,3.299999999999997,56
59093,1058,2.9999999999999964,59
59154,1059,3.7999999999999954,61
59217,1060,4.899999999999995,63
59275,1061,2.899999999999997,58
59338,1062,4.299999999999995,63
59396,1063,3.4999999999999964,58
59458,1064,5.399999999999995,62
59521,1065,4.899999999999995,63
59583,1066,4.799999999999995,62
59639,1067,3.299999999999997,56
59702,1068,5.499999999999995,63
59766,1069,4.999999999999995,64
59824,1070,3.4999999999999964,58
59882,1071,3.4999999999999964,58
59944,1072,5.399999999999995,62
60008,1073,4.999999999999995,64
60071,1074,4.899999999999995,63
60133,1075,4.799999999999995,62
60197,1076,4.999999999999995,64
60260,1077,3.6999999999999957,63
60324,1078,3.200000000000002,64
60380,1079,3.299999999999997,56
60442,1080,5.399999999999995,62
60505,1081,4.899999999999995,63
60568,1082,4.899999999999995,63
60631,1083,4.899999999999995,63
60695,1084,3.7999999999999954,64
60757,1085,4.799999999999995,62
60820,1086,4.899999999999995,63
60883,1087,4.899999999999995,63
60946,1088,4.899999999999997,63
61009,1089,4.899999999999995,63
61071,1090,5.399999999999995,62
61134,1091,5.499999999999995,63
61198,1092,4.399999999999995,64
61261,1093,4.899999999999995,63
61324,1094,5.499999999999995,63
61386,1095,4.199999999999996,62
61447,1096,3.1999999999999957,61
61509,1097,3.6000000000000023,62
61572,1098,5.499999999999995,63
61635,1099,5.499999999999995,63
61698,1100,4.899999999999995,63
61761,1101,4.899999999999995,63
61823,1102,5.399999999999995,62
61886,1103,5.499999999999995,63
61949,1104,5.499999999999995,63
61999,1105,-0.29999999999999893,50
62062,1106,5.499999999999995,63
62125,1107,5.499999999999995,63
62187,1108,5.399999999999995,62
62249,1109,4.799999999999995,62
62309,1110,3.099999999999996,60
62371,1111,4.199999999999996,62
62433,1112,5.399999999999995,62
62496,1113,4.899999999999995,63
62558,1114,4.799999999999995,62
62617,1115,2.9999999999999964,59
62679,1116,5.399999999999995,62
62743,1117,3.200000000000002,64
62806,1118,5.499999999999995,63
62866,1119,-1.0999999999999988,60
62930,1120,4.999999999999995,64
62993,1121,4.899999999999995,63
63056,1122,4.899999999999995,63
63119,1123,4.899999999999995,63
63182,1124,5.499999999999995,63
63245,1125,5.499999999999995,63
63307,1126,4.799999999999995,62
63369,1127,5.399999999999995,62
63433,1128,4.399999999999995,64
63495,1129,5.399999999999995,62
63556,1130,3.1999999999999957,61
63624,1131,4.199999999999994,68
63676,1132,2.8999999999999986,52
63738,1133,5.399999999999995,62
63800,1134,5.399999999999995,62
63860,1135,3.6999999999999957,60
63922,1136,5.399999999999995,62
63984,1137,4.199999999999996,62
64046,1138,3.5999999999999996,62
64109,1139,5.499999999999995,63
64169,1140,3.6999999999999957,60
64231,1141,5.399999999999995,62
64293,1142,5.399999999999995,62
64355,1143,5.399999999999995,62
64407,1144,2.299999999999999,52
64469,1145,4.799999999999995,62
64526,1146,3.399999999999997,57
64583,1147,3.399999999999997,57
64645,1148,3.0,62
64706,1149,3.7999999999999954,61
64769,1150,4.899999999999997,63
64830,1151,3.1999999999999957,61
64892,1152,4.199999999999996,62
64954,1153,4.799999999999995,62
65014,1154,3.6999999999999957,60
65072,1155,3.4999999999999964,58
65135,1156,5.499999999999995,63
65197,1157,4.799999999999995,62
65258,1158,3.7999999999999954,61
65321,1159,4.899999999999995,63
65383,1160,4.799999999999995,62
65445,1161,4.799999999999995,62
65508,1162,4.899999999999995,63
65571,1163,5.499999999999995,63
65634,1164,5.499999999999995,63
65697,1165,4.899999999999995,63
65759,1166,5.399999999999995,62
65821,1167,5.399999999999995,62
65883,1168,3.599999999999998,62
65946,1169,4.899999999999995,63
65996,1170,-0.29999999999999893,50
66060,1171,3.1999999999999966,64
66121,1172,2.599999999999998,61
66183,1173,5.399999999999995,62
66244,1174,3.7999999999999954,61
66304,1175,3.099999999999996,60
66366,1176,5.399999999999995,62
66428,1177,5.399999999999995,62
66490,1178,4.799999999999995,62
66552,1179,4.799999999999995,62
66602,1180,0.3000000000000007,50
66664,1181,5.399999999999995,62
66726,1182,4.199999999999996,62
66788,1183,4.799999999999995,62
66850,1184,4.799999999999995,62
66913,1185,4.899999999999995,63
66975,1186,4.799999999999995,62
67038,1187,5.499999999999995,63
67100,1188,4.799999999999995,62
67163,1189,3.0999999999999996,63
67226,1190,5.499999999999995,63
67288,1191,5.399999999999995,62
67351,1192,4.299999999999995,63
67414,1193,5.499999999999995,63
67478,1194,4.399999999999995,64
67538,1195,3.6999999999999957,60
67603,1196,4.499999999999995,65
67666,1197,4.899999999999995,63
67728,1198,5.399999999999995,62
67825,1199,4.099999999999985,97
67887,1200,5.399999999999995,62
67949,1201,5.399999999999995,62
68011,1202,5.399999999999995,62
68073,1203,4.199999999999996,62
68136,1204,4.899999999999995,63
68198,1205,5.399999999999995,62
68263,1206,4.499999999999995,65
68327,1207,4.399999999999995,64
68390,1208,5.499999999999995,63
68453,1209,5.499999999999995,63
68516,1210,4.899999999999995,63
68578,1211,5.399999999999995,62
68640,1212,4.799999999999995,62
68702,1213,5.399999999999995,62
68767,1214,4.499999999999995,65
68830,1215,5.499999999999995,63
68892,1216,5.399999999999995,62
68955,1217,5.499999999999995,63
69018,1218,4.899999999999995,63
69080,1219,5.399999999999995,62
69144,1220,4.999999999999995,64
69206,1221,5.399999999999995,62
69268,1222,5.399999999999995,62
69333,1223,3.899999999999995,65
69397,1224,4.999999999999995,64
69459,1225,5.399999999999995,62
69521,1226,5.399999999999995,62
69584,1227,4.899999999999995,63
69646,1228,5.399999999999995,62
69708,1229,5.399999999999995,62
69770,1230,5.399999999999995,62
69834,1231,4.999999999999995,64
69896,1232,5.399999999999995,62
69958,1233,5.399999999999995,62
70020,1234,5.399999999999995,62
70083,1235,5.499999999999995,63
70146,1236,5.499999999999995,63
70208,1237,5.399999999999995,62
70270,1238,4.799999999999995,62
70332,1239,4.799999999999995,62
70392,1240,3.6999999999999957,60
70454,1241,5.399999999999995,62
70517,1242,5.499999999999995,63
70579,1243,5.399999999999995,62
70642,1244,5.499999999999995,63
70705,1245,5.499999999999995,63
70767,1246,4.799999999999995,62
70827,1247,3.6999999999999957,60
70889,1248,4.799999999999995,62
70950,1249,3.7999999999999954,61
71012,1250,5.399999999999995,62
71074,1251,4.799999999999995,62
71136,1252,5.399999999999995,62
71200,1253,4.399999999999995,64
71262,1254,4.799999999999995,62
71325,1255,4.899999999999995,63
71387,1256,4.799999999999995,62
71449,1257,4.799999999999995,62
71511,1258,5.399999999999995,62
71573,1259,5.399999999999995,62
71635,1260,4.799999999999995,62
71695,1261,3.6999999999999957,60
71754,1262,3.599999999999996,59
71818,1263,4.399999999999995,64
71877,1264,3.599999999999996,59
71940,1265,5.499999999999995,63
72005,1266,3.899999999999997,65
72067,1267,4.799999999999995,62
72129,1268,5.399999999999995,62
72194,1269,4.499999999999995,65
72258,1270,4.999999999999995,64
72321,1271,5.499999999999995,63
72386,1272,4.499999999999995,65
72450,1273,4.999999999999995,64
72512,1274,5.399999999999995,62
72576,1275,4.399999999999995,64
72638,1276,5.399999999999995,62
72701,1277,5.499999999999995,63
72763,1278,4.799999999999995,62
72825,1279,5.399999999999995,62
72887,1280,5.399999999999995,62
72949,1281,5.399999999999995,62
73011,1282,4.799999999999995,62
73074,1283,5.499999999999995,63
73137,1284,5.499999999999995,63
73200,1285,4.899999999999995,63
73262,1286,4.199999999999996,62
73325,1287,5.499999999999995,63
73376,1288,2.799999999999999,51
73438,1289,5.399999999999995,62
73499,1290,2.000000000000001,61
73561,1291,5.399999999999995,62
73623,1292,5.399999999999995,62
73686,1293,5.499999999999995,63
73748,1294,5.399999999999995,62
73810,1295,5.399999999999995,62
73872,1296,4.799999999999995,62
73934,1297,5.399999999999995,62
73997,1298,5.499999999999995,63
74059,1299,5.399999999999995,62
74122,1300,5.499999999999995,63
74186,1301,3.200000000000002,64
74249,1302,4.299999999999999,63
74311,1303,5.399999999999995,62
74374,1304,5.499999999999995,63
74436,1305,5.399999999999995,62
74500,1306,4.999999999999995,64
74563,1307,4.899999999999997,63
74627,1308,4.999999999999995,64
74690,1309,4.899999999999995,63
74753,1310,5.499999999999995,63
74815,1311,5.399999999999995,62
74878,1312,4.899999999999995,63
74940,1313,5.399999999999995,62
75002,1314,5.399999999999995,62
75064,1315,5.399999999999995,62
75127,1316,4.899999999999995,63
75189,1317,5.399999999999995,62
75252,1318,3.700000000000002,63
75315,1319,5.499999999999995,63
75380,1320,5.099999999999994,65
75440,1321,3.6999999999999957,60
75503,1322,4.299999999999999,63
75566,1323,5.499999999999995,63
75631,1324,4.499999999999995,65
75693,1325,5.399999999999995,62
75755,1326,5.399999999999995,62
75818,1327,4.899999999999995,63
75880,1328,5.399999999999995,62
75942,1329,5.399999999999995,62
76005,1330,5.499999999999995,63
76067,1331,5.399999999999995,62
76129,1332,5.399999999999995,62
76191,1333,5.399999999999995,62
76254,1334,4.899999999999995,63
76317,1335,5.499999999999995,63
76380,1336,5.499999999999995,63
76442,1337,5.399999999999995,62
76504,1338,5.399999999999995,62
76567,1339,5.499999999999995,63
76631,1340,4.399999999999995,64
76693,1341,4.799999999999995,62
76756,1342,5.499999999999995,63
76819,1343,5.499999999999995,63
76881,1344,5.399999999999995,62
76943,1345,5.399999999999995,62
77005,1346,5.399999999999995,62
77067,1347,5.399999999999995,62
77129,1348,5.399999999999995,62
77191,1349,5.399999999999995,62
77255,1350,4.999999999999995,64
77320,1351,4.499999999999995,65
77383,1352,5.499999999999995,63
77445,1353,5.399999999999995,62
77510,1354,4.499999999999995,65
77572,1355,5.399999999999995,62
77635,1356,4.899999999999997,63
77685,1357,0.9000000000000004,50
77748,1358,4.899999999999995,63
77811,1359,5.499999999999995,63
77874,1360,5.499999999999995,63
77937,1361,5.499999999999995,63
78000,1362,5.499999999999995,63
78062,1363,5.399999999999995,62
78119,1364,2.799999999999997,57
78182,1365,5.499999999999995,63
78243,1366,3.7999999999999954,61
78306,1367,5.499999999999995,63
78368,1368,5.399999999999995,62
78431,1369,5.499999999999995,63
78494,1370,4.899999999999995,63
78557,1371,4.899999999999995,63
78621,1372,3.7999999999999954,64
78684,1373,5.499999999999995,63
78748,1374,4.399999999999995,64
78811,1375,5.499999999999995,63
78873,1376,5.399999999999995,62
78935,1377,5.399999999999995,62
78998,1378,5.499999999999995,63
79061,1379,4.899999999999995,63
79123,1380,5.399999999999995,62
79185,1381,5.399999999999995,62
79247,1382,5.399999999999995,62
79301,1383,3.099999999999998,54
79364,1384,5.499999999999995,63
79428,1385,4.399999999999995,64
79492,1386,4.999999999999995,64
79556,1387,4.999999999999995,64
79619,1388,5.499999999999995,63
79683,1389,4.999999999999995,64
79745,1390,5.399999999999995,62
79800,1391,3.1999999999999975,55
79863,1392,4.899999999999995,63
79928,1393,5.099999999999994,65
79991,1394,5.499999999999995,63
80054,1395,5.499999999999995,63
80116,1396,4.799999999999995,62
80178,1397,5.399999999999995,62
80240,1398,5.399999999999995,62
80302,1399,5.399999999999995,62
80365,1400,5.499999999999995,63
80430,1401,3.899999999999995,65
80492,1402,4.799999999999995,62
80556,1403,4.999999999999995,64
80620,1404,4.999999999999995,64
80682,1405,4.799999999999995,62
80745,1406,5.499999999999995,63
80807,1407,5.399999999999995,62
80870,1408,5.499999999999995,63
80929,1409,3.599999999999996,59
80992,1410,4.899999999999995,63
81055,1411,5.499999999999995,63
81117,1412,5.399999999999995,62
81180,1413,5.499999999999995,63
81243,1414,5.499999999999995,63
81306,1415,5.499999999999995,63
81368,1416,5.399999999999995,62
81430,1417,5.399999999999995,62
81493,1418,5.499999999999995,63
81555,1419,5.399999999999995,62
81618,1420,5.499999999999995,63
81681,1421,4.899999999999995,63
81744,1422,5.499999999999995,63
81807,1423,3.6999999999999957,63
81869,1424,5.399999999999995,62
81932,1425,4.299999999999995,63
81994,1426,4.799999999999995,62
82057,1427,5.499999999999995,63
82119,1428,5.399999999999995,62
82182,1429,5.499999999999995,63
82245,1430,4.899999999999995,63
82307,1431,4.199999999999996,62
82367,1432,3.6999999999999957,60
82430,1433,3.7,63
82493,1434,4.899999999999995,63
82556,1435,5.499999999999995,63
82618,1436,5.399999999999995,62
82680,1437,5.399999999999995,62
82744,1438,4.999999999999995,64
82808,1439,3.1999999999999966,64
82871,1440,5.499999999999995,63
82933,1441,5.399999999999995,62
82996,1442,4.899999999999995,63
83059,1443,5.499999999999995,63
83122,1444,5.499999999999995,63
83184,1445,5.399999999999995,62
83247,1446,4.899999999999995,63
83311,1447,4.999999999999995,64
83373,1448,4.799999999999995,62
83436,1449,5.499999999999995,63
83499,1450,5.499999999999995,63
83556,1451,3.399999999999997,57
83620,1452,4.999999999999995,64
83682,1453,5.399999999999995,62
83745,1454,5.499999999999995,63
83807,1455,5.399999999999995,62
83869,1456,5.399999999999995,62
83933,1457,3.7999999999999954,64
83995,1458,4.799999999999995,62
84057,1459,5.399999999999995,62
84120,1460,4.899999999999995,63
84182,1461,4.799999999999995,62
84244,1462,5.399999999999995,62
84307,1463,5.499999999999995,63
84370,1464,5.499999999999995,63
84432,1465,4.799999999999995,62
84494,1466,5.399999999999995,62
84557,1467,5.499999999999995,63
84620,1468,5.499999999999995,63
84682,1469,5.399999999999995,62
84743,1470,2.599999999999996,61
84808,1471,5.099999999999994,65
84872,1472,4.999999999999995,64
84936,1473,4.999999999999995,64
84999,1474,5.499999999999995,63
85062,1475,5.499999999999995,63
85125,1476,4.899999999999995,63
85183,1477,2.299999999999997,58
85246,1478,4.899999999999995,63
85308,1479,5.399999999999995,62
85371,1480,4.899999999999995,63
85433,1481,5.399999999999995,62
85496,1482,5.499999999999995,63
85558,1483,5.399999999999995,62
85622,1484,4.999999999999995,64
85685,1485,5.499999999999995,63
85747,1486,5.399999999999995,62
85810,1487,5.499999999999995,63
85872,1488,5.399999999999995,62
85934,1489,4.199999999999996,62
85997,1490,5.499999999999995,63
86060,1491,3.6999999999999993,63
86123,1492,4.899999999999995,63
86186,1493,5.499999999999995,63
86249,1494,4.899999999999995,63
86311,1495,4.799999999999995,62
86374,1496,5.499999999999995,63
86436,1497,4.799999999999995,62
86498,1498,4.799999999999995,62
86561,1499,5.499999999999995,63
86624,1500,5.499999999999995,63
86687,1501,5.499999999999995,63
86749,1502,5.399999999999995,62
86812,1503,4.899999999999995,63
86874,1504,4.799999999999995,62
86936,1505,5.399999999999995,62
86999,1506,4.899999999999995,63
87061,1507,5.399999999999995,62
87123,1508,5.399999999999995,62
87186,1509,5.499999999999995,63
87245,1510,3.599999999999996,59
87306,1511,3.7999999999999954,61
87368,1512,5.399999999999995,62
87430,1513,5.399999999999995,62
87493,1514,5.499999999999995,63
87555,1515,4.799999999999995,62
87617,1516,5.399999999999995,62
87679,1517,5.399999999999995,62
87743,1518,4.399999999999995,64
87805,1519,5.399999999999995,62
87867,1520,4.799999999999995,62
87929,1521,5.399999999999995,62
87991,1522,5.399999999999995,62
88052,1523,3.1999999999999957,61
88115,1524,5.499999999999995,63
88178,1525,4.899999999999995,63
88241,1526,5.499999999999995,63
88300,1527,3.599999999999996,59
88363,1528,5.499999999999995,63
88426,1529,5.499999999999995,63
88489,1530,5.499999999999995,63
88552,1531,5.499999999999995,63
88616,1532,4.999999999999995,64
88678,1533,5.399999999999995,62
88741,1534,4.899999999999997,63
88804,1535,5.499999999999995,63
88866,1536,5.399999999999995,62
88929,1537,5.499999999999995,63
88991,1538,5.399999999999995,62
89053,1539,5.399999999999995,62
89116,1540,5.499999999999995,63
89178,1541,5.399999999999995,62
89241,1542,5.499999999999995,63
89303,1543,5.399999999999995,62
89366,1544,4.899999999999995,63
89429,1545,5.499999999999995,63
89491,1546,4.799999999999995,62
89553,1547,5.399999999999995,62
89615,1548,5.399999999999995,62
89677,1549,5.399999999999995,62
89740,1550,4.899999999999995,63
89802,1551,5.399999999999995,62
89864,1552,5.399999999999995,62
89927,1553,4.899999999999995,63
89990,1554,5.499999999999995,63
90052,1555,5.399999999999995,62
90115,1556,5.499999999999995,63
90178,1557,4.899999999999995,63
90242,1558,4.399999999999995,64
90305,1559,5.499999999999995,63
90368,1560,5.499999999999995,63
90432,1561,4.999999999999995,64
90494,1562,5.399999999999995,62
90556,1563,5.399999999999995,62
90620,1564,4.999999999999995,64
90682,1565,5.399999999999995,62
90744,1566,5.399999999999995,62
90806,1567,5.399999999999995,62
90869,1568,5.499999999999995,63
90920,1569,2.799999999999999,51
90982,1570,5.399999999999995,62
91045,1571,4.899999999999995,63
91108,1572,5.499999999999995,63
91173,1573,4.499999999999995,65
91236,1574,4.899999999999995,63
91298,1575,5.399999999999995,62
91362,1576,4.999999999999995,64
91425,1577,4.899999999999995,63
91487,1578,5.399999999999995,62
91551,1579,4.399999999999995,64
91613,1580,5.399999999999995,62
91676,1581,5.499999999999995,63
91740,1582,4.999999999999995,64
91803,1583,4.899999999999995,63
91865,1584,4.799999999999995,62
91930,1585,4.499999999999995,65
91992,1586,5.399999999999995,62
92056,1587,4.999999999999995,64
92118,1588,5.399999999999995,62
92180,1589,5.399999999999995,62
92243,1590,5.499999999999995,63
92306,1591,4.899999999999995,63
92368,1592,5.399999999999995,62
92423,1593,3.1999999999999975,55
92485,1594,5.399999999999995,62
92547,1595,4.799999999999995,62
92608,1596,3.7999999999999954,61
92673,1597,4.499999999999995,65
92735,1598,4.799999999999995,62
92796,1599,3.7999999999999954,61
92861,1600,3.899999999999995,65
92924,1601,5.499999999999995,63
92986,1602,5.399999999999995,62
93048,1603,5.399999999999995,62
93110,1604,5.399999999999995,62
93172,1605,5.399999999999995,62
93234,1606,4.799999999999995,62
93296,1607,5.399999999999995,62
93359,1608,5.499999999999995,63
93420,1609,3.7999999999999954,61
93482,1610,5.399999999999995,62
93544,1611,4.799999999999995,62
93606,1612,4.199999999999996,62
93668,1613,5.399999999999995,62
93730,1614,4.799999999999995,62
93793,1615,4.899999999999995,63
93855,1616,5.399999999999995,62
93917,1617,5.399999999999995,62
93979,1618,5.399999999999995,62
94040,1619,3.7999999999999954,61
94102,1620,4.799999999999995,62
94164,1621,4.799999999999995,62
94226,1622,5.399999999999995,62
94286,1623,3.099999999999996,60
94347,1624,3.7999999999999954,61
94409,1625,5.399999999999995,62
94472,1626,5.499999999999995,63
94535,1627,4.299999999999995,63
94598,1628,4.299999999999995,63
94661,1629,5.499999999999995,63
94724,1630,4.899999999999995,63
94786,1631,5.399999999999995,62
94849,1632,5.499999999999995,63
94911,1633,5.399999999999995,62
94973,1634,5.399999999999995,62
95035,1635,4.799999999999995,62
95097,1636,5.399999999999995,62
95156,1637,2.9999999999999964,59
95219,1638,5.499999999999995,63
95282,1639,5.499999999999995,63
95344,1640,4.799999999999995,62
95406,1641,5.399999999999995,62
95468,1642,5.399999999999995,62
95530,1643,5.399999999999995,62
95592,1644,5.399999999999995,62
95655,1645,5.499999999999995,63
95717,1646,5.399999999999995,62
95779,1647,5.399999999999995,62
95841,1648,4.799999999999995,62
95903,1649,5.399999999999995,62
95967,1650,4.999999999999995,64
96029,1651,4.799999999999995,62
96090,1652,3.7999999999999954,61
96153,1653,4.899999999999995,63
96215,1654,5.399999999999995,62
96277,1655,5.399999999999995,62
96340,1656,4.899999999999995,63
96403,1657,5.499999999999995,63
96466,1658,5.499999999999995,63
96529,1659,5.499999999999995,63
96592,1660,5.499999999999995,63
96655,1661,5.499999999999995,63
96717,1662,5.399999999999995,62
96784,1663,4.099999999999994,67
96847,1664,5.499999999999995,63
96909,1665,5.399999999999995,62
96973,1666,4.399999999999995,64
97035,1667,5.399999999999995,62
97098,1668,4.899999999999995,63
97160,1669,4.799999999999995,62
97224,1670,4.999999999999995,64
97286,1671,5.399999999999995,62
97349,1672,4.899999999999995,63
97412,1673,4.899999999999995,63
97475,1674,4.899999999999995,63
97538,1675,5.499999999999995,63
97600,1676,5.399999999999995,62
97662,1677,5.399999999999995,62
97725,1678,4.899999999999995,63
97788,1679,5.499999999999995,63
97853,1680,4.499999999999995,65
97915,1681,5.399999999999995,62
97979,1682,4.999999999999995,64
98042,1683,5.499999999999995,63
98104,1684,5.399999999999995,62
98163,1685,3.599999999999996,59
98226,1686,5.499999999999995,63
98290,1687,4.999999999999995,64
98354,1688,4.999999999999995,64
98415,1689,3.7999999999999954,61
98472,1690,2.799999999999997,57
98535,1691,5.499999999999995,63
98597,1692,4.1999999999999975,62
98660,1693,5.499999999999995,63
98722,1694,5.399999999999995,62
98784,1695,4.799999999999995,62
98846,1696,5.399999999999995,62
98909,1697,3.6999999999999975,63
98971,1698,5.399999999999995,62
99035,1699,4.999999999999995,64
99097,1700,5.399999999999995,62
99159,1701,5.399999999999995,62
99222,1702,4.899999999999995,63
99285,1703,4.899999999999995,63
99347,1704,5.399999999999995,62
99410,1705,5.499999999999995,63
99474,1706,4.999999999999995,64
99534,1707,3.6999999999999957,60
99596,1708,5.399999999999995,62
99658,1709,5.399999999999995,62
99721,1710,5.499999999999995,63
99783,1711,5.399999999999995,62
99846,1712,5.499999999999995,63
99908,1713,5.399999999999995,62
99971,1714,5.499999999999995,63
100033,1715,5.399999999999995,62
100096,1716,4.899999999999995,63
100156,1717,3.6999999999999957,60
100218,1718,5.399999999999995,62
100281,1719,5.499999999999995,63
100343,1720,4.799999999999995,62
100406,1721,4.899999999999995,63
100468,1722,4.799999999999995,62
100530,1723,5.399999999999995,62
100592,1724,5.399999999999995,62
100654,1725,5.399999999999995,62
100717,1726,5.499999999999995,63
100779,1727,4.799999999999995,62
100841,1728,5.399999999999995,62
100904,1729,4.899999999999995,63
100966,1730,5.399999999999995,62
101029,1731,5.499999999999995,63
101092,1732,5.499999999999995,63
101155,1733,4.899999999999995,63
101217,1734,5.399999999999995,62
101279,1735,5.399999999999995,62
101341,1736,4.199999999999996,62
101405,1737,4.999999999999995,64
101468,1738,5.499999999999995,63
101531,1739,5.499999999999995,63
101594,1740,5.499999999999995,63
101657,1741,5.499999999999995,63
101719,1742,5.399999999999995,62
101782,1743,5.499999999999995,63
101845,1744,5.499999999999995,63
101907,1745,4.799999999999995,62
101970,1746,5.499999999999995,63
102034,1747,4.399999999999995,64
102097,1748,4.899999999999995,63
102160,1749,5.499999999999995,63
102223,1750,5.499999999999995,63
102285,1751,5.399999999999995,62
102348,1752,5.499999999999995,63
102410,1753,5.399999999999995,62
102473,1754,5.499999999999995,63
102535,1755,4.799999999999995,62
102598,1756,4.899999999999995,63
102662,1757,4.999999999999995,64
102726,1758,4.999999999999995,64
102789,1759,5.499999999999995,63
102851,1760,5.399999999999995,62
102915,1761,4.999999999999995,64
102978,1762,5.499999999999995,63
103042,1763,4.399999999999995,64
103105,1764,5.499999999999995,63
103168,1765,4.899999999999995,63
103230,1766,4.799999999999995,62
103294,1767,4.999999999999995,64
103357,1768,4.899999999999995,63
103420,1769,4.899999999999995,63
103482,1770,5.399999999999995,62
103545,1771,4.899999999999995,63
103604,1772,2.3999999999999986,59
103666,1773,5.399999999999995,62
103730,1774,4.999999999999995,64
103793,1775,4.299999999999996,63
103858,1776,3.899999999999995,65
103922,1777,4.999999999999995,64
103985,1778,4.899999999999995,63
104048,1779,5.499999999999995,63
104110,1780,5.399999999999995,62
104172,1781,5.399999999999995,62
104235,1782,5.499999999999995,63
104298,1783,5.499999999999995,63
104361,1784,4.899999999999995,63
104425,1785,4.999999999999995,64
104488,1786,5.499999999999995,63
104549,1787,3.7999999999999954,61
104611,1788,5.399999999999995,62
104673,1789,5.399999999999995,62
104735,1790,5.399999999999995,62
104798,1791,5.499999999999995,63
104860,1792,5.399999999999995,62
104922,1793,4.199999999999996,62
104984,1794,5.399999999999995,62
105047,1795,5.499999999999995,63
105109,1796,4.799999999999995,62
105171,1797,5.399999999999995,62
105235,1798,4.999999999999995,64
105297,1799,5.399999999999995,62
105359,1800,5.399999999999995,62
105422,1801,5.499999999999995,63
105485,1802,4.899999999999995,63
105547,1803,5.399999999999995,62
105609,1804,5.399999999999995,62
105672,1805,5.499999999999995,63
105736,1806,4.999999999999995,64
105800,1807,4.999999999999995,64
105862,1808,4.799999999999995,62
105925,1809,5.499999999999995,63
105986,1810,3.7999999999999954,61
106049,1811,4.899999999999995,63
106112,1812,4.899999999999995,63
106174,1813,5.399999999999995,62
106237,1814,4.299999999999995,63
106300,1815,4.899999999999995,63
106362,1816,4.799999999999995,62
106425,1817,5.499999999999995,63
106487,1818,4.1999999999999975,62
106550,1819,5.499999999999995,63
106613,1820,5.499999999999995,63
106675,1821,5.399999999999995,62
106738,1822,4.899999999999995,63
106801,1823,5.499999999999995,63
106864,1824,4.899999999999995,63
106928,1825,4.399999999999995,64
106991,1826,5.499999999999995,63
107053,1827,5.399999999999995,62
107117,1828,4.999999999999995,64
107179,1829,5.399999999999995,62
107242,1830,4.899999999999995,63
107304,1831,4.799999999999995,62
107367,1832,5.499999999999995,63
107429,1833,5.399999999999995,62
107491,1834,5.399999999999995,62
107554,1835,4.899999999999995,63
107616,1836,5.399999999999995,62
107676,1837,3.6999999999999957,60
107739,1838,5.499999999999995,63
107801,1839,5.399999999999995,62
107864,1840,4.899999999999995,63
107927,1841,5.499999999999995,63
107990,1842,4.899999999999995,63
108052,1843,5.399999999999995,62
108114,1844,5.399999999999995,62
108176,1845,5.399999999999995,62
108238,1846,5.399999999999995,62
108301,1847,4.899999999999995,63
108363,1848,5.399999999999995,62
108425,1849,5.399999999999995,62
108487,1850,4.799999999999995,62
108550,1851,5.499999999999995,63
108613,1852,5.499999999999995,63
108676,1853,5.499999999999995,63
108738,1854,5.399999999999995,62
108801,1855,5.499999999999995,63
108864,1856,4.899999999999995,63
108926,1857,4.799999999999995,62
108989,1858,5.499999999999995,63
109052,1859,4.899999999999995,63
109115,1860,4.899999999999995,63
109177,1861,5.399999999999995,62
109239,1862,5.399999999999995,62
109301,1863,4.799999999999995,62
109364,1864,5.499999999999995,63
109427,1865,4.899999999999995,63
109489,1866,5.399999999999995,62
109552,1867,4.899999999999995,63
109614,1868,5.399999999999995,62
109676,1869,5.399999999999995,62
109738,1870,5.399999999999995,62
109801,1871,5.499999999999995,63
109865,1872,4.999999999999995,64
109928,1873,4.299999999999995,63
109991,1874,5.499999999999995,63
110054,1875,5.499999999999995,63
110116,1876,5.399999999999995,62
110179,1877,5.499999999999995,63
110242,1878,5.499999999999995,63
110305,1879,5.499999999999995,63
110367,1880,5.399999999999995,62
110430,1881,5.499999999999995,63
110492,1882,5.399999999999995,62
110555,1883,5.499999999999995,63
110619,1884,4.999999999999995,64
110683,1885,4.999999999999995,64
110747,1886,4.999999999999995,64
110810,1887,5.499999999999995,63
110873,1888,4.899999999999995,63
110935,1889,5.399999999999995,62
110998,1890,3.0999999999999996,63
111061,1891,4.899999999999995,63
111124,1892,5.499999999999995,63
111187,1893,4.899999999999995,63
111249,1894,5.399999999999995,62
111311,1895,5.399999999999995,62
111375,1896,4.999999999999995,64
111437,1897,5.399999999999995,62
111500,1898,5.499999999999995,63
111563,1899,5.499999999999995,63
111625,1900,5.399999999999995,62
111688,1901,5.499999999999995,63
111750,1902,5.399999999999995,62
111812,1903,4.799999999999995,62
111874,1904,5.399999999999995,62
111937,1905,5.499999999999995,63
112000,1906,5.499999999999995,63
112064,1907,4.999999999999995,64
112127,1908,5.499999999999995,63
112189,1909,5.399999999999995,62
112252,1910,5.499999999999995,63
112315,1911,5.499999999999995,63
112378,1912,4.899999999999995,63
112441,1913,5.499999999999995,63
112503,1914,5.399999999999995,62
112566,1915,5.499999999999995,63
112629,1916,5.499999999999995,63
112692,1917,5.499999999999995,63
112754,1918,5.399999999999995,62
112816,1919,5.399999999999995,62
112879,1920,4.899999999999995,63
112941,1921,4.799999999999995,62
113004,1922,4.899999999999995,63
113068,1923,4.999999999999995,64
113132,1924,4.999999999999995,64
113194,1925,5.399999999999995,62
113257,1926,5.499999999999995,63
113320,1927,5.499999999999995,63
113382,1928,5.399999999999995,62
113445,1929,5.499999999999995,63
113507,1930,5.399999999999995,62
113570,1931,4.899999999999995,63
113634,1932,4.999999999999995,64
113696,1933,5.399999999999995,62
113758,1934,5.399999999999995,62
113821,1935,4.899999999999995,63
113883,1936,5.399999999999995,62
113945,1937,4.799999999999995,62
114007,1938,5.399999999999995,62
114070,1939,4.899999999999995,63
114132,1940,5.399999999999995,62
114195,1941,5.499999999999995,63
114257,1942,5.399999999999995,62
114320,1943,4.899999999999995,63
114382,1944,5.399999999999995,62
114444,1945,5.399999999999995,62
114506,1946,5.399999999999995,62
114569,1947,4.899999999999995,63
114631,1948,5.399999999999995,62
114694,1949,5.499999999999995,63
114757,1950,4.899999999999995,63
114818,1951,3.7999999999999954,61
114881,1952,5.499999999999995,63
114945,1953,4.999999999999995,64
115008,1954,5.499999999999995,63
115071,1955,5.499999999999995,63
115133,1956,5.399999999999995,62
115196,1957,4.899999999999995,63
115258,1958,5.399999999999995,62
115321,1959,5.499999999999995,63
115384,1960,5.499999999999995,63
115448,1961,4.999999999999995,64
115510,1962,4.799999999999995,62
115573,1963,4.899999999999995,63
115636,1964,4.899999999999995,63
115696,1965,3.6999999999999957,60
115759,1966,4.899999999999995,63
115822,1967,5.499999999999995,63
115885,1968,5.499999999999995,63
115947,1969,5.399999999999995,62
116009,1970,5.399999999999995,62
116071,1971,5.399999999999995,62
116134,1972,5.499999999999995,63
116197,1973,5.499999999999995,63
116260,1974,5.499999999999995,63
116325,1975,4.499999999999995,65
116388,1976,5.499999999999995,63
116451,1977,5.499999999999995,63
116514,1978,5.499999999999995,63
116575,1979,1.4000000000000026,61
116635,1980,3.6999999999999957,60
116697,1981,5.399999999999995,62
116759,1982,5.399999999999995,62
116822,1983,4.899999999999995,63
116884,1984,5.399999999999995,62
116946,1985,5.399999999999995,62
117009,1986,5.499999999999995,63
117071,1987,5.399999999999995,62
117134,1988,5.499999999999995,63
117196,1989,5.399999999999995,62
117260,1990,4.999999999999995,64
117323,1991,5.499999999999995,63
117385,1992,5.399999999999995,62
117449,1993,4.999999999999995,64
117512,1994,5.499999999999995,63
117575,1995,5.499999999999995,63
117637,1996,5.399999999999995,62
117700,1997,5.499999999999995,63
117763,1998,4.899999999999995,63
117824,1999,3.7999999999999954,61
117886,2000,4.199999999999996,62
117948,2001,5.399999999999995,62
118009,2002,3.7999999999999954,61
118074,2003,4.499999999999995,65
118138,2004,4.999999999999995,64
118201,2005,4.899999999999995,63
118263,2006,5.399999999999995,62
118327,2007,4.399999999999995,64
118389,2008,4.799999999999995,62
118452,2009,5.499999999999995,63
118514,2010,5.399999999999995,62
118576,2011,5.399999999999995,62
118640,2012,3.200000000000002,64
118703,2013,5.499999999999995,63
118765,2014,5.399999999999995,62
118827,2015,3.5999999999999996,62
118890,2016,4.899999999999995,63
118953,2017,5.499999999999995,63
119015,2018,5.399999999999995,62
119078,2019,5.499999999999995,63
119140,2020,5.399999999999995,62
119202,2021,3.6000000000000005,62
119264,2022,5.399999999999995,62
119326,2023,5.399999999999995,62
119388,2024,5.399999999999995,62
119450,2025,5.399999999999995,62
119511,2026,3.1999999999999957,61
119574,2027,5.499999999999995,63
119638,2028,4.999999999999995,64
119701,2029,4.899999999999995,63
119765,2030,4.399999999999995,64
119828,2031,5.499999999999995,63
119889,2032,3.7999999999999954,61
119952,2033,4.299999999999995,63
120015,2034,5.499999999999995,63
120078,2035,5.499999999999995,63
120140,2036,4.199999999999996,62
120203,2037,4.899999999999995,63
120266,2038,5.499999999999995,63
120329,2039,4.299999999999995,63
120392,2040,4.899999999999995,63
120454,2041,5.399999999999995,62
120517,2042,4.899999999999995,63
120578,2043,3.7999999999999954,61
120640,2044,4.799999999999995,62
120703,2045,5.499999999999995,63
120766,2046,4.899999999999995,63
120816,2047,2.0999999999999996,50
120879,2048,4.899999999999995,63
120942,2049,5.499999999999995,63
121004,2050,5.399999999999995,62
121067,2051,5.499999999999995,63
121117,2052,2.0999999999999996,50
121180,2053,4.299999999999996,63
121242,2054,5.399999999999995,62
121305,2055,4.299999999999995,63
121367,2056,5.399999999999995,62
121429,2057,5.399999999999995,62
121492,2058,4.899999999999995,63
121555,2059,5.499999999999995,63
121617,2060,5.399999999999995,62
121681,2061,4.999999999999995,64
121744,2062,4.299999999999995,63
121807,2063,5.499999999999995,63
121870,2064,4.899999999999995,63
121933,2065,4.899999999999995,63
121995,2066,5.399999999999995,62
122058,2067,5.499999999999995,63
122121,2068,4.899999999999995,63
122184,2069,4.899999999999995,63
122247,2070,5.499999999999995,63
122310,2071,5.499999999999995,63
122373,2072,5.499999999999995,63
122433,2073,3.6999999999999957,60
122496,2074,4.299999999999995,63
122559,2075,5.499999999999995,63
122609,2076,2.0999999999999996,50
122672,2077,4.899999999999995,63
122734,2078,5.399999999999995,62
122798,2079,4.399999999999995,64
122861,2080,4.899999999999995,63
122921,2081,3.6999999999999957,60
122984,2082,5.499999999999995,63
123047,2083,5.499999999999995,63
123110,2084,5.499999999999995,63
123173,2085,4.899999999999997,63
123236,2086,4.899999999999995,63
123298,2087,3.5999999999999996,62
123365,2088,5.299999999999994,67
123428,2089,5.499999999999995,63
123491,2090,5.499999999999995,63
123554,2091,5.499999999999995,63
123614,2092,3.6999999999999957,60
123677,2093,5.499999999999995,63
123740,2094,5.499999999999995,63
123804,2095,4.999999999999995,64
123868,2096,4.999999999999995,64
123931,2097,5.499999999999995,63
123994,2098,5.499999999999995,63
124057,2099,5.499999999999995,63
124120,2100,4.899999999999995,63
124183,2101,5.499999999999995,63
124247,2102,1.4,64
124309,2103,5.399999999999995,62
124372,2104,5.499999999999995,63
124435,2105,4.899999999999995,63
124499,2106,4.999999999999995,64
124561,2107,5.399999999999995,62
124623,2108,4.799999999999995,62
124686,2109,4.899999999999995,63
124750,2110,3.200000000000002,64
124813,2111,4.899999999999995,63
124868,2112,1.9999999999999982,55
124930,2113,5.399999999999995,62
124992,2114,5.399999999999995,62
125054,2115,5.399999999999995,62
125117,2116,5.499999999999995,63
125177,2117,3.6999999999999957,60
125239,2118,5.399999999999995,62
125303,2119,4.999999999999995,64
125366,2120,5.499999999999995,63
125428,2121,4.799999999999995,62
125492,2122,3.7999999999999954,64
125556,2123,4.399999999999995,64
125618,2124,4.799999999999995,62
125680,2125,4.799999999999995,62
125745,2126,4.499999999999995,65
125808,2127,5.499999999999995,63
125871,2128,5.499999999999995,63
125934,2129,4.899999999999995,63
125999,2130,4.499999999999995,65
126062,2131,4.899999999999995,63
126126,2132,4.999999999999995,64
126189,2133,5.499999999999995,63
126252,2134,4.899999999999995,63
126316,2135,4.399999999999995,64
126379,2136,4.899999999999995,63
126443,2137,4.999999999999995,64
126506,2138,5.499999999999995,63
126569,2139,5.499999999999995,63
126633,2140,4.999999999999995,64
126698,2141,3.899999999999997,65
126760,2142,5.399999999999995,62
126823,2143,4.899999999999995,63
126882,2144,2.9999999999999964,59
126946,2145,4.999999999999995,64
127009,2146,5.499999999999995,63
127072,2147,4.899999999999995,63
127135,2148,5.499999999999995,63
127199,2149,4.999999999999995,64
127261,2150,5.399999999999995,62
127324,2151,4.899999999999995,63
127388,2152,4.999999999999995,64
127450,2153,5.399999999999995,62
127513,2154,5.499999999999995,63
127577,2155,4.999999999999995,64
127641,2156,4.999999999999995,64
127707,2157,2.7999999999999967,66
127770,2158,4.899999999999995,63
127832,2159,5.399999999999995,62
127895,2160,5.499999999999995,63
127957,2161,5.399999999999995,62
128022,2162,4.499999999999995,65
128085,2163,4.899999999999995,63
128147,2164,5.399999999999995,62
128209,2165,4.799999999999995,62
128273,2166,4.399999999999995,64
128337,2167,4.999999999999995,64
128401,2168,4.999999999999995,64
128464,2169,5.499999999999995,63
128527,2170,4.899999999999995,63
128590,2171,5.499999999999995,63
128654,2172,4.399999999999995,64
128719,2173,4.499999999999995,65
128782,2174,5.499999999999995,63
128844,2175,5.399999999999995,62
128910,2176,5.799999999999994,66
128973,2177,5.499999999999995,63
129038,2178,4.499999999999995,65
129101,2179,5.499999999999995,63
129164,2180,5.499999999999995,63
129227,2181,5.499999999999995,63
129292,2182,5.099999999999994,65
129356,2183,4.399999999999995,64
129419,2184,5.499999999999995,63
129482,2185,5.499999999999995,63
129541,2186,2.9999999999999964,59
129606,2187,4.499999999999995,65
129669,2188,5.499999999999995,63
129733,2189,3.200000000000002,64
129795,2190,5.399999999999995,62
129858,2191,5.499999999999995,63
129921,2192,4.899999999999995,63
129984,2193,4.899999999999995,63
130047,2194,5.499999999999995,63
130109,2195,5.399999999999995,62
130171,2196,3.0000000000000027,62
130235,2197,2.600000000000003,64
130298,2198,5.499999999999995,63
130361,2199,4.899999999999995,63
130424,2200,4.899999999999995,63
130487,2201,5.499999999999995,63
130554,2202,5.299999999999997,67
130618,2203,4.399999999999995,64
130681,2204,4.899999999999995,63
130744,2205,4.899999999999995,63
130808,2206,4.999999999999995,64
130870,2207,4.199999999999996,62
130933,2208,5.499999999999995,63
130997,2209,4.399999999999995,64
131060,2210,5.499999999999995,63
131126,2211,2.2000000000000024,66
131190,2212,4.999999999999995,64
131254,2213,4.999999999999995,64
131316,2214,5.399999999999995,62
131379,2215,4.899999999999995,63
131441,2216,5.399999999999995,62
131504,2217,2.499999999999997,63
131567,2218,4.899999999999995,63
131631,2219,4.399999999999995,64
131693,2220,5.399999999999995,62
131757,2221,3.7999999999999954,64
131821,2222,4.399999999999995,64
131885,2223,3.7999999999999954,64
131949,2224,4.999999999999995,64
132012,2225,5.499999999999995,63
132074,2226,5.399999999999995,62
132136,2227,5.399999999999995,62
132201,2228,4.499999999999995,65
132263,2229,5.399999999999995,62
132325,2230,5.399999999999995,62
132388,2231,4.299999999999996,63
132450,2232,5.399999999999995,62
132513,2233,5.499999999999995,63
132578,2234,4.499999999999995,65
132639,2235,0.2000000000000024,61
132701,2236,5.399999999999995,62
132766,2237,4.499999999999995,65
132829,2238,4.899999999999995,63
132893,2239,4.999999999999995,64
132956,2240,5.499999999999995,63
133018,2241,5.399999999999995,62
133080,2242,5.399999999999995,62
133140,2243,3.099999999999996,60
133203,2244,5.499999999999995,63
133265,2245,5.399999999999995,62
133326,2246,2.0,61
133388,2247,5.399999999999995,62
133450,2248,5.399999999999995,62
133512,2249,4.799999999999995,62
133571,2250,3.599999999999996,59
133633,2251,5.399999999999995,62
133695,2252,4.799999999999995,62
133757,2253,5.399999999999995,62
133820,2254,4.899999999999995,63
133882,2255,5.399999999999995,62
133944,2256,5.399999999999995,62
134007,2257,5.499999999999995,63
134069,2258,5.399999999999995,62
134132,2259,5.499999999999995,63
134198,2260,3.9999999999999947,66
134261,2261,5.499999999999995,63
134323,2262,5.399999999999995,62
134386,2263,4.899999999999995,63
134448,2264,5.399999999999995,62
134511,2265,5.499999999999995,63
134576,2266,4.499999999999995,65
134639,2267,4.899999999999995,63
134701,2268,4.199999999999996,62
134763,2269,5.399999999999995,62
134826,2270,4.899999999999995,63
134889,2271,4.899999999999995,63
134950,2272,1.3999999999999986,61
135013,2273,4.299999999999995,63
135076,2274,5.499999999999995,63
135140,2275,4.999999999999995,64
135203,2276,3.0999999999999996,63
135265,2277,5.399999999999995,62
135328,2278,4.899999999999995,63
135390,2279,4.799999999999995,62
135453,2280,5.499999999999995,63
135516,2281,5.499999999999995,63
135578,2282,5.399999999999995,62
135641,2283,5.499999999999995,63
135704,2284,5.499999999999995,63
135766,2285,5.399999999999995,62
135829,2286,5.499999999999995,63
135892,2287,5.499999999999995,63
135954,2288,5.399999999999995,62
136017,2289,5.499999999999995,63
136080,2290,5.499999999999995,63
136142,2291,5.399999999999995,62
136205,2292,4.299999999999995,63
136267,2293,5.399999999999995,62
136329,2294,5.399999999999995,62
136392,2295,5.499999999999995,63
136454,2296,5.399999999999995,62
136518,2297,4.999999999999995,64
136581,2298,5.499999999999995,63
136643,2299,4.799999999999995,62
136706,2300,4.899999999999995,63
136769,2301,5.499999999999995,63
136831,2302,5.399999999999995,62
136893,2303,5.399999999999995,62
136955,2304,5.399999999999995,62
137018,2305,5.499999999999995,63
137083,2306,4.499999999999995,65
137146,2307,5.499999999999995,63
137209,2308,5.499999999999995,63
137269,2309,3.099999999999996,60
137327,2310,3.4999999999999964,58
137386,2311,2.9999999999999964,59
137448,2312,5.399999999999995,62
137507,2313,3.599999999999996,59
137566,2314,3.599999999999996,59
137628,2315,4.799999999999995,62
137687,2316,3.599999999999996,59
137748,2317,3.7999999999999954,61
137806,2318,3.4999999999999964,58
137864,2319,3.4999999999999964,58
137924,2320,3.6999999999999957,60
137984,2321,3.6999999999999957,60
138043,2322,2.9999999999999964,59
138099,2323,3.299999999999997,56
138158,2324,2.9999999999999964,59
138218,2325,3.6999999999999957,60
138268,2326,2.6999999999999993,50
138318,2327,1.5,50
138368,2328,0.9000000000000004,50
138418,2329,2.0999999999999996,50
138468,2330,2.6999999999999993,50
138520,2331,2.299999999999999,52
138570,2332,1.5,50
138620,2333,-0.29999999999999893,50
138670,2334,2.6999999999999993,50
138720,2335,1.5,50
138770,2336,2.0999999999999996,50
138820,2337,1.5,50
138870,2338,2.0999999999999996,50
138920,2339,2.0999999999999996,50
138970,2340,1.5,50
139020,2341,2.0999999999999996,50
139070,2342,2.6999999999999993,50
139120,2343,1.5,50
139170,2344,0.9000000000000004,50
139220,2345,1.5,50
139270,2346,1.5,50
139320,2347,2.0999999999999996,50
139370,2348,2.6999999999999993,50
139420,2349,2.0999999999999996,50
139470,2350,2.0999999999999996,50
139520,2351,2.6999999999999993,50
139573,2352,2.9999999999999982,53
139623,2353,1.5,50
139673,2354,0.9000000000000004,50
139723,2355,2.0999999999999996,50
139773,2356,1.5,50
139823,2357,2.0999999999999996,50
139874,2358,2.799999999999999,51
139927,2359,1.800000000000002,53
139977,2360,2.0999999999999996,50
140027,2361,1.5,50
140077,2362,-0.29999999999999893,50
140127,2363,0.9000000000000004,50
140177,2364,1.5,50
140227,2365,1.5,50
140277,2366,1.5,50
140327,2367,1.5,50
140379,2368,2.3000000000000007,52
140429,2369,-0.29999999999999893,50
140479,2370,1.5,50
140529,2371,0.9000000000000004,50
140579,2372,2.0999999999999996,50
140629,2373,2.0999999999999996,50
140679,2374,1.5,50
140729,2375,2.6999999999999993,50
140779,2376,2.0999999999999996,50
140829,2377,1.5,50
140879,2378,1.5,50
140929,2379,1.5,50
140979,2380,0.9000000000000004,50
141029,2381,2.6999999999999993,50
141079,2382,2.0999999999999996,50
141129,2383,2.0999999999999996,50
141179,2384,0.9000000000000004,50
141229,2385,2.6999999999999993,50
141279,2386,0.9000000000000004,50
141329,2387,2.0999999999999996,50
141379,2388,2.6999999999999993,50
141429,2389,1.5,50
141479,2390,0.9000000000000004,50
141529,2391,1.5,50
141579,2392,1.5,50
141629,2393,1.5,50
141682,2394,2.9999999999999982,53
141739,2395,-0.19999999999999796,57
141789,2396,2.6999999999999993,50
141839,2397,2.6999999999999993,50
141891,2398,2.8999999999999986,52
141942,2399,2.799999999999999,51
141992,2400,2.0999999999999996,50
142042,2401,1.5,50
142092,2402,1.5,50
142142,2403,1.5,50
142192,2404,0.9000000000000004,50
142242,2405,0.9000000000000004,50
142292,2406,2.0999999999999996,50
142342,2407,1.5,50
142392,2408,1.5,50
142442,2409,0.3000000000000007,50
142493,2410,2.799999999999999,51
142543,2411,2.0999999999999996,50
142593,2412,1.5,50
142644,2413,2.1999999999999993,51
142694,2414,2.6999999999999993,50
142744,2415,1.5,50
142796,2416,2.3000000000000007,52
142846,2417,2.0999999999999996,50
142896,2418,2.0999999999999996,50
142946,2419,1.5,50
142996,2420,2.6999999999999993,50
143046,2421,2.0999999999999996,50
143096,2422,1.5,50
143146,2423,2.0999999999999996,50
143196,2424,1.5,50
143246,2425,1.5,50
143296,2426,1.5,50
143346,2427,2.0999999999999996,50
143396,2428,1.5,50
143446,2429,2.6999999999999993,50
143496,2430,1.5,50
143546,2431,2.6999999999999993,50
143596,2432,2.6999999999999993,50
143647,2433,2.799999999999999,51
143697,2434,2.0999999999999996,50
143747,2435,2.0999999999999996,50
143797,2436,0.9000000000000004,50
143847,2437,0.9000000000000004,50
143897,2438,2.0999999999999996,50
143947,2439,2.6999999999999993,50
143997,2440,2.6999999999999993,50
144047,2441,2.0999999999999996,50
144101,2442,3.099999999999998,54
144152,2443,2.799999999999999,51
144203,2444,2.799999999999999,51
144253,2445,1.5,50
144306,2446,2.3999999999999986,53
144357,2447,2.799999999999999,51
144407,2448,0.9000000000000004,50
144457,2449,2.0999999999999996,50
144507,2450,1.5,50
144558,2451,2.799999999999999,51
144608,2452,0.9000000000000004,50
144660,2453,2.8999999999999986,52
144711,2454,2.799999999999999,51
144761,2455,-0.29999999999999893,50
144811,2456,2.6999999999999993,50
144863,2457,2.8999999999999986,52
144916,2458,2.9999999999999982,53
144966,2459,2.0999999999999996,50
145016,2460,2.6999999999999993,50
145066,2461,2.6999999999999993,50
145116,2462,1.5,50
145166,2463,1.5,50
145216,2464,1.5,50
145266,2465,0.9000000000000004,50
145316,2466,1.5,50
145366,2467,2.6999999999999993,50
145416,2468,0.3000000000000007,50
145466,2469,2.6999999999999993,50
145517,2470,2.799999999999999,51
145567,2471,2.6999999999999993,50
145623,2472,2.6999999999999993,56
145674,2473,2.799999999999999,51
145724,2474,2.6999999999999993,50
145775,2475,2.799999999999999,51
145826,2476,2.799999999999999,51
145887,2477,3.7999999999999954,61
145938,2478,2.799999999999999,51
145988,2479,-0.8999999999999986,50
146039,2480,2.799999999999999,51
146089,2481,2.6999999999999993,50
146147,2482,3.4999999999999964,58
146197,2483,2.6999999999999993,50
146248,2484,2.1999999999999993,51
146298,2485,2.6999999999999993,50
146350,2486,2.8999999999999986,52
146400,2487,2.0999999999999996,50
146450,2488,1.5,50
146500,2489,-0.8999999999999986,50
146562,2490,5.399999999999995,62
146625,2491,5.499999999999995,63
146687,2492,5.399999999999995,62
146750,2493,4.899999999999995,63
146801,2494,2.1999999999999993,51
146854,2495,2.3999999999999986,53
146914,2496,3.099999999999998,60
146964,2497,2.0999999999999996,50
147016,2498,2.8999999999999986,52
147068,2499,2.8999999999999986,52
147119,2500,2.799999999999999,51
147183,2501,4.999999999999995,64
147248,2502,3.899999999999995,65
147306,2503,2.899999999999997,58
147358,2504,2.8999999999999986,52
147408,2505,2.0999999999999996,50
147471,2506,4.899999999999995,63
147535,2507,4.399999999999995,64
147598,2508,4.899999999999995,63
147662,2509,4.999999999999995,64
147712,2510,2.6999999999999993,50
147773,2511,0.8000000000000025,61
147831,2512,3.4999999999999964,58
147887,2513,1.5000000000000022,56
147949,2514,5.399999999999995,62
147999,2515,2.6999999999999993,50
148049,2516,1.5,50
148114,2517,4.4999999999999964,65
148174,2518,3.6999999999999957,60
148226,2519,2.8999999999999986,52
148290,2520,4.399999999999995,64
148353,2521,3.1000000000000023,63
148419,2522,5.199999999999994,66
148482,2523,5.499999999999995,63
148545,2524,5.499999999999995,63
148607,2525,4.799999999999995,62
148671,2526,4.399999999999995,64
148721,2527,-0.8999999999999986,50
148787,2528,3.9999999999999947,66
148851,2529,2.599999999999996,64
148915,2530,4.999999999999995,64
148979,2531,4.999999999999995,64
149041,2532,4.199999999999996,62
149105,2533,2.599999999999996,64
149168,2534,5.499999999999995,63
149230,2535,5.399999999999995,62
149292,2536,5.399999999999995,62
149354,2537,4.199999999999996,62
149421,2538,5.899999999999993,67
149485,2539,3.7999999999999954,64
149548,2540,5.499999999999995,63
149610,2541,4.199999999999996,62
149674,2542,4.999999999999995,64
149737,2543,5.499999999999995,63
149800,2544,5.499999999999995,63
149862,2545,5.399999999999995,62
149924,2546,5.399999999999995,62
149987,2547,5.499999999999995,63
150050,2548,4.899999999999997,63
150115,2549,4.499999999999995,65
150177,2550,1.8000000000000025,62
150240,2551,5.499999999999995,63
150302,2552,5.399999999999995,62
150388,2553,0.599999999999997,86
150453,2554,4.499999999999995,65
150516,2555,4.899999999999997,63
150578,2556,5.399999999999995,62
150640,2557,5.399999999999995,62
150703,2558,4.899999999999995,63
150763,2559,3.099999999999996,60
150822,2560,3.599999999999996,59
150884,2561,5.399999999999995,62
150947,2562,5.499999999999995,63
151012,2563,4.499999999999995,65
151075,2564,5.499999999999995,63
151137,2565,5.399999999999995,62
151200,2566,4.899999999999995,63
151264,2567,4.999999999999995,64
151328,2568,4.999999999999995,64
151389,2569,3.7999999999999954,61
151452,2570,5.499999999999995,63
151514,2571,5.399999999999995,62
151581,2572,5.899999999999993,67
151645,2573,4.999999999999995,64
151704,2574,2.9999999999999964,59
151757,2575,2.9999999999999982,53
151819,2576,5.399999999999995,62
151877,2577,1.6999999999999993,58
151940,2578,5.499999999999995,63
152004,2579,4.999999999999995,64
152067,2580,4.899999999999997,63
152131,2581,4.999999999999995,64
152193,2582,5.399999999999995,62
152257,2583,4.999999999999995,64
152319,2584,5.399999999999995,62
152381,2585,5.399999999999995,62
152444,2586,5.499999999999995,63
152507,2587,4.899999999999995,63
152570,2588,5.499999999999995,63
152634,2589,4.399999999999995,64
152697,2590,4.899999999999995,63
152760,2591,4.899999999999995,63
152822,2592,5.399999999999995,62
152886,2593,4.999999999999995,64
152948,2594,5.399999999999995,62
153010,2595,5.399999999999995,62
153072,2596,4.199999999999996,62
153135,2597,5.499999999999995,63
153200,2598,5.099999999999994,65
153265,2599,0.3000000000000016,65
153327,2600,5.399999999999995,62
153389,2601,5.399999999999995,62
153452,2602,4.899999999999997,63
153515,2603,4.899999999999995,63
153579,2604,4.999999999999995,64
153642,2605,5.499999999999995,63
153704,2606,4.799999999999995,62
153766,2607,5.399999999999995,62
153826,2608,1.8999999999999977,60
153889,2609,5.499999999999995,63
153954,2610,5.099999999999994,65
154016,2611,4.799999999999995,62
154079,2612,4.299999999999995,63
154140,2613,3.7999999999999954,61
154204,2614,4.999999999999995,64
154267,2615,4.899999999999995,63
154330,2616,5.499999999999995,63
154393,2617,5.499999999999995,63
154455,2618,5.399999999999995,62
154518,2619,4.899999999999995,63
154581,2620,5.499999999999995,63
154637,2621,3.299999999999997,56
154700,2622,4.899999999999995,63
154763,2623,5.499999999999995,63
154828,2624,4.499999999999995,65
154888,2625,3.6999999999999957,60
154950,2626,5.399999999999995,62
155013,2627,5.499999999999995,63
155075,2628,5.399999999999995,62
155139,2629,4.999999999999995,64
155201,2630,5.399999999999995,62
155264,2631,5.499999999999995,63
155327,2632,4.899999999999997,63
155389,2633,4.799999999999995,62
155451,2634,5.399999999999995,62
155513,2635,5.399999999999995,62
155575,2636,5.399999999999995,62
155638,2637,4.899999999999995,63
155701,2638,4.899999999999995,63
155764,2639,4.899999999999997,63
155826,2640,5.399999999999995,62
155889,2641,4.299999999999995,63
155953,2642,4.999999999999995,64
156016,2643,5.499999999999995,63
156066,2644,-0.8999999999999986,50
156129,2645,4.899999999999997,63
156191,2646,5.399999999999995,62
156254,2647,5.499999999999995,63
156317,2648,5.499999999999995,63
156380,2649,4.899999999999995,63
156442,2650,5.399999999999995,62
156504,2651,5.399999999999995,62
156566,2652,5.399999999999995,62
156629,2653,5.499999999999995,63
156692,2654,5.499999999999995,63
156757,2655,4.499999999999995,65
156817,2656,3.099999999999996,60
156880,2657,5.499999999999995,63
156943,2658,5.499999999999995,63
157007,2659,4.999999999999995,64
157069,2660,5.399999999999995,62
157132,2661,5.499999999999995,63
157193,2662,3.1999999999999957,61
157248,2663,2.599999999999998,55
157311,2664,4.899999999999995,63
157376,2665,4.4999999999999964,65
157440,2666,4.999999999999995,64
157502,2667,5.399999999999995,62
157565,2668,4.899999999999995,63
157628,2669,5.499999999999995,63
157690,2670,5.399999999999995,62
157740,2671,-0.8999999999999986,50
157802,2672,5.399999999999995,62
157864,2673,4.799999999999995,62
157926,2674,5.399999999999995,62
157981,2675,3.1999999999999975,55
158043,2676,5.399999999999995,62
158093,2677,-0.8999999999999986,50
158155,2678,5.399999999999995,62
158215,2679,3.099999999999996,60
158266,2680,2.799999999999999,51
158329,2681,5.499999999999995,63
158392,2682,5.499999999999995,63
158455,2683,5.499999999999995,63
158517,2684,5.399999999999995,62
158571,2685,3.099999999999998,54
158633,2686,5.399999999999995,62
158696,2687,5.499999999999995,63
158759,2688,5.499999999999995,63
158821,2689,5.399999999999995,62
158873,2690,2.8999999999999986,52
158935,2691,5.399999999999995,62
158997,2692,5.399999999999995,62
159061,2693,4.999999999999995,64
159125,2694,4.999999999999995,64
159188,2695,4.899999999999995,63
159251,2696,5.499999999999995,63
159316,2697,4.499999999999995,65
159379,2698,5.499999999999995,63
159429,2699,2.0999999999999996,50
159490,2700,3.7999999999999954,61
159554,2701,4.999999999999995,64
159617,2702,5.499999999999995,63
159680,2703,5.499999999999995,63
159730,2704,-0.8999999999999986,50
159792,2705,5.399999999999995,62
159859,2706,5.899999999999993,67
159921,2707,5.399999999999995,62
159983,2708,5.399999999999995,62
160045,2709,5.399999999999995,62
160107,2710,5.399999999999995,62
160171,2711,4.399999999999995,64
160234,2712,5.499999999999995,63
160297,2713,5.499999999999995,63
160360,2714,5.499999999999995,63
160423,2715,5.499999999999995,63
160486,2716,5.499999999999995,63
160548,2717,5.399999999999995,62
160610,2718,5.399999999999995,62
160673,2719,4.899999999999995,63
160736,2720,5.499999999999995,63
160799,2721,4.899999999999995,63
160863,2722,4.999999999999995,64
160926,2723,5.499999999999995,63
160989,2724,5.499999999999995,63
161051,2725,5.399999999999995,62
161113,2726,5.399999999999995,62
161175,2727,5.399999999999995,62
161239,2728,4.999999999999995,64
161302,2729,5.499999999999995,63
161372,2730,6.199999999999994,70
161435,2731,4.899999999999995,63
161497,2732,5.399999999999995,62
161560,2733,5.499999999999995,63
161610,2734,2.6999999999999993,50
161672,2735,5.399999999999995,62
161737,2736,4.4999999999999964,65
161800,2737,4.899999999999995,63
161863,2738,5.499999999999995,63
161927,2739,4.399999999999995,64
161990,2740,5.499999999999995,63
162054,2741,4.999999999999995,64
162116,2742,4.799999999999995,62
162179,2743,5.499999999999995,63
162244,2744,2.1000000000000023,65
162306,2745,5.399999999999995,62
162369,2746,5.499999999999995,63
162433,2747,4.999999999999995,64
162497,2748,4.999999999999995,64
162559,2749,5.399999999999995,62
162622,2750,4.899999999999995,63
162686,2751,4.999999999999995,64
162749,2752,5.499999999999995,63
162812,2753,5.499999999999995,63
162876,2754,4.999999999999995,64
162940,2755,4.999999999999995,64
163003,2756,5.499999999999995,63
163060,2757,2.799999999999997,57
163122,2758,5.399999999999995,62
163184,2759,5.399999999999995,62
163247,2760,5.499999999999995,63
163309,2761,5.399999999999995,62
163371,2762,5.399999999999995,62
163434,2763,5.499999999999995,63
163498,2764,4.999999999999995,64
163560,2765,4.799999999999995,62
163622,2766,4.799999999999995,62
163685,2767,5.499999999999995,63
163748,2768,4.899999999999997,63
163810,2769,5.399999999999995,62
163872,2770,5.399999999999995,62
163935,2771,4.899999999999995,63
163997,2772,5.399999999999995,62
164056,2773,3.599999999999996,59
164119,2774,5.499999999999995,63
164181,2775,5.399999999999995,62
164243,2776,5.399999999999995,62
164306,2777,5.499999999999995,63
164368,2778,5.399999999999995,62
164430,2779,5.399999999999995,62
164492,2780,4.799999999999995,62
164554,2781,5.399999999999995,62
164616,2782,5.399999999999995,62
164679,2783,4.899999999999995,63
164741,2784,5.399999999999995,62
164804,2785,4.899999999999997,63
164867,2786,5.499999999999995,63
164929,2787,5.399999999999995,62
164992,2788,5.499999999999995,63
165056,2789,4.999999999999995,64
165119,2790,5.499999999999995,63
165182,2791,5.499999999999995,63
165244,2792,5.399999999999995,62
165308,2793,4.999999999999995,64
165370,2794,4.799999999999995,62
165431,2795,3.7999999999999954,61
165493,2796,4.799999999999995,62
165556,2797,5.499999999999995,63
165619,2798,4.299999999999995,63
165682,2799,5.499999999999995,63
165745,2800,5.499999999999995,63
165809,2801,4.999999999999995,64
165871,2802,5.399999999999995,62
165934,2803,4.299999999999999,63
165997,2804,5.499999999999995,63
166060,2805,5.499999999999995,63
166123,2806,5.499999999999995,63
166186,2807,5.499999999999995,63
166249,2808,4.899999999999995,63
166313,2809,4.999999999999995,64
166376,2810,4.899999999999995,63
166438,2811,5.399999999999995,62
166500,2812,5.399999999999995,62
166564,2813,4.999999999999995,64
166627,2814,5.499999999999995,63
166690,2815,4.899999999999997,63
166754,2816,4.999999999999995,64
166817,2817,4.899999999999995,63
166879,2818,5.399999999999995,62
166942,2819,5.499999999999995,63
167006,2820,3.200000000000002,64
167069,2821,5.499999999999995,63
167132,2822,5.499999999999995,63
167195,2823,4.299999999999999,63
167259,2824,2.600000000000003,64
167323,2825,4.999999999999995,64
167385,2826,5.399999999999995,62
167449,2827,4.999999999999995,64
167511,2828,5.399999999999995,62
167574,2829,4.899999999999997,63
167642,2830,5.999999999999993,68
167705,2831,4.299999999999999,63
167767,2832,5.399999999999995,62
167829,2833,5.399999999999995,62
167893,2834,4.399999999999997,64
167956,2835,4.899999999999995,63
168019,2836,5.499999999999995,63
168084,2837,3.8999999999999986,65
168178,2838,6.199999999999989,94
168240,2839,5.399999999999995,62
168303,2840,5.499999999999995,63
168366,2841,5.499999999999995,63
168428,2842,5.399999999999995,62
168492,2843,2.600000000000003,64
168555,2844,5.499999999999995,63
168618,2845,5.499999999999995,63
168680,2846,5.399999999999995,62
168743,2847,5.499999999999995,63
168794,2848,2.1999999999999993,51
168856,2849,5.399999999999995,62
168926,2850,5.599999999999996,70
168988,2851,5.399999999999995,62
169051,2852,5.499999999999995,63
169114,2853,5.499999999999995,63
169176,2854,5.399999999999995,62
169238,2855,5.399999999999995,62
169288,2856,-0.8999999999999986,50
169351,2857,5.499999999999995,63
169413,2858,4.799999999999995,62
169475,2859,5.399999999999995,62
169538,2860,5.499999999999995,63
169603,2861,5.099999999999994,65
169666,2862,4.899999999999995,63
169729,2863,4.899999999999995,63
169791,2864,4.799999999999995,62
169854,2865,5.499999999999995,63
169917,2866,5.499999999999995,63
169979,2867,5.399999999999995,62
170042,2868,5.499999999999995,63
170104,2869,5.399999999999995,62
170167,2870,5.499999999999995,63
170267,2871,6.499999999999984,100
170365,2872,9.299999999999983,98
170427,2873,5.399999999999995,62
170493,2874,5.199999999999994,66
170559,2875,5.199999999999994,66
170621,2876,5.399999999999995,62
170686,2877,5.099999999999994,65
170749,2878,5.499999999999995,63
170812,2879,4.899999999999995,63
170874,2880,5.399999999999995,62
170937,2881,4.899999999999995,63
171000,2882,5.499999999999995,63
171063,2883,5.499999999999995,63
171124,2884,1.4000000000000026,61
171189,2885,5.099999999999994,65
171252,2886,5.499999999999995,63
171316,2887,4.999999999999995,64
171380,2888,4.999999999999995,64
171442,2889,5.399999999999995,62
171505,2890,4.899999999999995,63
171567,2891,4.1999999999999975,62
171631,2892,4.999999999999995,64
171694,2893,4.899999999999997,63
171757,2894,5.499999999999995,63
171819,2895,5.399999999999995,62
171886,2896,6.499999999999993,67
171949,2897,4.299999999999999,63
172047,2898,8.099999999999984,98
172111,2899,4.399999999999995,64
172174,2900,5.499999999999995,63
172237,2901,5.499999999999995,63
172300,2902,4.299999999999999,63
172362,2903,4.199999999999996,62
172425,2904,5.499999999999995,63
172486,2905,3.7999999999999954,61
172547,2906,3.7999999999999954,61
172633,2907,2.9999999999999893,86
172696,2908,4.299999999999999,63
172758,2909,5.399999999999995,62
172822,2910,4.999999999999995,64
172884,2911,5.399999999999995,62
172947,2912,5.499999999999995,63
173012,2913,5.099999999999994,65
173078,2914,5.199999999999994,66
173141,2915,5.499999999999995,63
173203,2916,5.399999999999995,62
173266,2917,5.499999999999995,63
173328,2918,4.199999999999996,62
173391,2919,4.899999999999997,63
173455,2920,4.999999999999995,64
173520,2921,4.499999999999995,65
173582,2922,5.399999999999995,62
173644,2923,5.399999999999995,62
173706,2924,5.399999999999995,62
173770,2925,4.999999999999995,64
173832,2926,5.399999999999995,62
173896,2927,4.999999999999995,64
173959,2928,5.499999999999995,63
174023,2929,4.999999999999995,64
174085,2930,5.399999999999995,62
174148,2931,5.499999999999995,63
174210,2932,5.399999999999995,62
174273,2933,4.899999999999995,63
174335,2934,5.399999999999995,62
174398,2935,4.899999999999995,63
174462,2936,4.999999999999995,64
174525,2937,4.899999999999995,63
174587,2938,5.399999999999995,62
174649,2939,5.399999999999995,62
174712,2940,4.899999999999995,63
174774,2941,3.599999999999996,62
174837,2942,4.899999999999995,63
174900,2943,5.499999999999995,63
174963,2944,5.499999999999995,63
175025,2945,5.399999999999995,62
175087,2946,5.399999999999995,62
175149,2947,5.399999999999995,62
175212,2948,5.499999999999995,63
175274,2949,5.399999999999995,62
175340,2950,5.199999999999994,66
175402,2951,5.399999999999995,62
175465,2952,5.499999999999995,63
175531,2953,5.799999999999994,66
175594,2954,5.499999999999995,63
175657,2955,5.499999999999995,63
175720,2956,4.899999999999995,63
175785,2957,4.4999999999999964,65
175848,2958,4.899999999999995,63
175910,2959,5.399999999999995,62
175973,2960,5.499999999999995,63
176035,2961,5.399999999999995,62
176098,2962,5.499999999999995,63
176161,2963,4.899999999999995,63
176229,2964,5.399999999999995,68
176279,2965,-2.699999999999998,50
176342,2966,4.899999999999995,63
176404,2967,5.399999999999995,62
176467,2968,5.499999999999995,63
176529,2969,4.799999999999995,62
176592,2970,4.899999999999995,63
176654,2971,5.399999999999995,62
176718,2972,4.999999999999995,64
176781,2973,5.499999999999995,63
176845,2974,4.399999999999997,64
176907,2975,5.399999999999995,62
176968,2976,3.7999999999999954,61
177069,2977,5.999999999999984,101
177133,2978,4.399999999999995,64
177195,2979,5.399999999999995,62
177257,2980,5.399999999999995,62
177321,2981,2.0000000000000027,64
177383,2982,5.399999999999995,62
177446,2983,4.899999999999995,63
177511,2984,3.3000000000000016,65
177573,2985,5.399999999999995,62
177635,2986,5.399999999999995,62
177697,2987,5.399999999999995,62
177759,2988,5.399999999999995,62
177823,2989,4.999999999999995,64
177873,2990,-3.899999999999998,50
177936,2991,5.499999999999995,63
177998,2992,5.399999999999995,62
178059,2993,3.7999999999999954,61
178155,2994,6.999999999999984,96
178218,2995,4.899999999999995,63
178280,2996,5.399999999999995,62
178344,2997,4.999999999999995,64
178407,2998,5.499999999999995,63
178469,2999,5.399999999999995,62
178532,3000,4.299999999999999,63
178594,3001,4.199999999999997,62
178655,3002,2.0000000000000027,61
178718,3003,5.499999999999995,63
178780,3004,5.399999999999995,62
178843,3005,5.499999999999995,63
178905,3006,5.399999999999995,62
178969,3007,4.999999999999995,64
179032,3008,5.499999999999995,63
179096,3009,3.8000000000000016,64
179159,3010,5.499999999999995,63
179220,3011,3.7999999999999954,61
179284,3012,4.999999999999995,64
179347,3013,4.899999999999995,63
179410,3014,4.899999999999995,63
179472,3015,4.799999999999995,62
179534,3016,5.399999999999995,62
179596,3017,5.399999999999995,62
179660,3018,4.999999999999995,64
179723,3019,5.499999999999995,63
179787,3020,4.999999999999995,64
179849,3021,5.399999999999995,62
179912,3022,4.899999999999995,63
179974,3023,4.799999999999995,62
180037,3024,5.499999999999995,63
180101,3025,4.999999999999995,64
180163,3026,5.399999999999995,62
180233,3027,6.199999999999992,70
180296,3028,5.499999999999995,63
180359,3029,5.499999999999995,63
180422,3030,5.499999999999995,63
180485,3031,4.299999999999999,63
180549,3032,4.999999999999995,64
180612,3033,3.0999999999999996,63
180675,3034,5.499999999999995,63
180738,3035,5.499999999999995,63
180802,3036,4.999999999999995,64
180897,3037,6.299999999999985,95
180960,3038,5.499999999999995,63
181025,3039,3.899999999999995,65
181087,3040,5.399999999999995,62
181151,3041,4.399999999999995,64
181201,3042,-0.8999999999999986,50
181268,3043,5.299999999999994,67
181335,3044,5.899999999999993,67
181398,3045,4.899999999999995,63
181461,3046,5.499999999999995,63
181525,3047,4.399999999999995,64
181588,3048,5.499999999999995,63
181651,3049,5.499999999999995,63
181714,3050,5.499999999999995,63
181776,3051,5.399999999999995,62
181839,3052,4.299999999999995,63
181902,3053,5.499999999999995,63
181965,3054,4.299999999999995,63
182028,3055,3.6999999999999957,63
182091,3056,5.499999999999995,63
182155,3057,4.999999999999995,64
182218,3058,5.499999999999995,63
182282,3059,3.7999999999999954,64
182345,3060,5.499999999999995,63
182407,3061,4.799999999999995,62
182470,3062,4.899999999999997,63
182532,3063,5.399999999999995,62
182595,3064,5.499999999999995,63
182657,3065,5.399999999999995,62
182719,3066,5.399999999999995,62
182781,3067,4.799999999999995,62
182844,3068,5.499999999999995,63
182906,3069,5.399999999999995,62
182968,3070,4.799999999999995,62
183030,3071,5.399999999999995,62
183093,3072,5.499999999999995,63
183156,3073,5.499999999999995,63
183218,3074,5.399999999999995,62
183281,3075,5.499999999999995,63
183343,3076,5.399999999999995,62
183407,3077,4.999999999999995,64
183469,3078,5.399999999999995,62
183539,3079,6.199999999999992,70
183604,3080,5.099999999999994,65
183667,3081,4.899999999999995,63
183730,3082,5.499999999999995,63
183792,3083,5.399999999999995,62
183855,3084,4.899999999999995,63
183917,3085,4.799999999999995,62
183982,3086,5.099999999999994,65
184044,3087,5.399999999999995,62
184107,3088,5.499999999999995,63
184169,3089,5.399999999999995,62
184231,3090,5.399999999999995,62
184293,3091,4.799999999999995,62
184355,3092,5.399999999999995,62
184417,3093,5.399999999999995,62
184480,3094,4.899999999999995,63
184543,3095,5.499999999999995,63
184605,3096,5.399999999999995,62
184668,3097,5.499999999999995,63
184731,3098,5.499999999999995,63
184793,3099,5.399999999999995,62
184861,3100,5.999999999999993,68
184923,3101,5.399999999999995,62
184990,3102,5.299999999999994,67
185053,3103,5.499999999999995,63
185115,3104,5.399999999999995,62
185177,3105,5.399999999999995,62
185241,3106,4.999999999999995,64
185304,3107,5.499999999999995,63
185366,3108,5.399999999999995,62
185431,3109,3.899999999999995,65
185493,3110,5.399999999999995,62
185556,3111,5.499999999999995,63
185618,3112,5.399999999999995,62
185682,3113,4.999999999999995,64
185745,3114,5.499999999999995,63
185807,3115,5.399999999999995,62
185870,3116,5.499999999999995,63
185932,3117,4.799999999999995,62
185994,3118,5.399999999999995,62
186056,3119,5.399999999999995,62
186118,3120,5.399999999999995,62
186181,3121,5.499999999999995,63
186244,3122,5.499999999999995,63
186309,3123,4.499999999999995,65
186372,3124,4.299999999999996,63
186435,3125,5.499999999999995,63
186496,3126,3.7999999999999954,61
186562,3127,5.199999999999996,66
186626,3128,4.399999999999997,64
186689,3129,5.499999999999995,63
186751,3130,5.399999999999995,62
186814,3131,5.499999999999995,63
186876,3132,4.1999999999999975,62
186939,3133,5.499999999999995,63
187002,3134,5.499999999999995,63
187071,3135,6.0999999999999925,69
187133,3136,5.399999999999995,62
187195,3137,5.399999999999995,62
187258,3138,5.499999999999995,63
187321,3139,5.499999999999995,63
187375,3140,2.4999999999999982,54
187438,3141,5.499999999999995,63
187500,3142,5.399999999999995,62
187567,3143,5.299999999999994,67
187630,3144,5.499999999999995,63
187693,3145,5.499999999999995,63
187755,3146,5.399999999999995,62
187817,3147,5.399999999999995,62
187881,3148,4.999999999999995,64
187943,3149,5.399999999999995,62
188005,3150,4.799999999999995,62
188068,3151,5.499999999999995,63
188168,3152,5.299999999999985,100
188230,3153,5.399999999999995,62
188292,3154,5.399999999999995,62
188354,3155,5.399999999999995,62
188416,3156,5.399999999999995,62
188479,3157,5.499999999999995,63
188543,3158,4.999999999999995,64
188606,3159,5.499999999999995,63
188696,3160,6.999999999999986,90
188759,3161,5.499999999999995,63
188822,3162,4.899999999999995,63
188885,3163,5.499999999999995,63
188951,3164,5.799999999999994,66
189014,3165,5.499999999999995,63
189076,3166,5.399999999999995,62
189137,3167,3.7999999999999954,61
189200,3168,5.499999999999995,63
189263,3169,5.499999999999995,63
189326,3170,5.499999999999995,63
189388,3171,5.399999999999995,62
189450,3172,5.399999999999995,62
189512,3173,5.399999999999995,62
189604,3174,6.599999999999985,92
189665,3175,3.1999999999999957,61
189764,3176,6.999999999999984,99
189825,3177,3.1999999999999957,61
189892,3178,5.899999999999993,67
189978,3179,4.199999999999989,86
190041,3180,5.499999999999995,63
190106,3181,4.499999999999995,65
190169,3182,5.499999999999995,63
190219,3183,-0.8999999999999986,50
190284,3184,4.499999999999995,65
190346,3185,5.399999999999995,62
190409,3186,5.499999999999995,63
190476,3187,5.299999999999994,67
190539,3188,4.899999999999995,63
190601,3189,4.1999999999999975,62
190700,3190,7.599999999999984,99
190763,3191,5.499999999999995,63
190828,3192,4.499999999999995,65
190892,3193,4.999999999999995,64
190955,3194,5.499999999999995,63
191018,3195,5.499999999999995,63
191122,3196,8.099999999999982,104
191185,3197,5.499999999999995,63
191248,3198,5.499999999999995,63
191310,3199,5.399999999999995,62
191372,3200,5.399999999999995,62
191424,3201,2.299999999999999,52
191484,3202,3.6999999999999957,60
191548,3203,2.600000000000003,64
191610,3204,5.399999999999995,62
191673,3205,5.499999999999995,63
191735,3206,5.399999999999995,62
191798,3207,5.499999999999995,63
191867,3208,6.099999999999994,69
191928,3209,3.7999999999999954,61
191983,3210,1.9999999999999982,55
192045,3211,4.799999999999995,62
192108,3212,5.499999999999995,63
192194,3213,2.9999999999999893,86
192264,3214,6.199999999999992,70
192333,3215,5.499999999999993,69
192396,3216,5.499999999999995,63
192458,3217,5.399999999999995,62
192520,3218,5.399999999999995,62
192582,3219,5.399999999999995,62
192645,3220,4.899999999999995,63
192707,3221,5.399999999999995,62
192761,3222,2.4999999999999982,54
192814,3223,2.9999999999999982,53
192882,3224,5.399999999999993,68
192949,3225,5.299999999999994,67
193049,3226,7.699999999999983,100
193112,3227,5.499999999999995,63
193174,3228,5.399999999999995,62
193239,3229,4.499999999999995,65
193292,3230,2.9999999999999982,53
193355,3231,5.499999999999995,63
193417,3232,5.399999999999995,62
193480,3233,4.899999999999995,63
193546,3234,5.199999999999994,66
193607,3235,3.7999999999999954,61
193670,3236,4.899999999999995,63
193733,3237,5.499999999999995,63
193793,3238,3.6999999999999957,60
193854,3239,3.7999999999999954,61
193916,3240,5.399999999999995,62
193978,3241,5.399999999999995,62
194038,3242,3.6999999999999957,60
194098,3243,2.4999999999999964,60
194159,3244,3.7999999999999954,61
194221,3245,4.799999999999995,62
194281,3246,3.6999999999999957,60
194344,3247,5.499999999999995,63
194406,3248,5.399999999999995,62
194473,3249,4.699999999999994,67
194535,3250,5.399999999999995,62
194598,3251,4.899999999999995,63
194668,3252,6.199999999999992,70
194730,3253,4.799999999999995,62
194793,3254,5.499999999999995,63
194855,3255,4.199999999999996,62
194905,3256,2.0999999999999996,50
194972,3257,5.299999999999994,67
195035,3258,5.499999999999995,63
195104,3259,4.300000000000001,69
195170,3260,4.599999999999998,66
195233,3261,5.499999999999995,63
195295,3262,4.799999999999995,62
195360,3263,5.099999999999994,65
195423,3264,5.499999999999995,63
195485,3265,4.199999999999996,62
195548,3266,2.5000000000000027,63
195618,3267,6.199999999999994,70
195680,3268,5.399999999999995,62
195743,3269,3.1000000000000023,63
195805,3270,5.399999999999995,62
195868,3271,5.499999999999995,63
195931,3272,5.499999999999995,63
195993,3273,5.399999999999995,62
196056,3274,4.899999999999995,63
196119,3275,4.899999999999995,63
196182,3276,5.499999999999995,63
196245,3277,3.099999999999998,63
196307,3278,5.399999999999995,62
196370,3279,4.899999999999995,63
196432,3280,5.399999999999995,62
196495,3281,5.499999999999995,63
196557,3282,5.399999999999995,62
196616,3283,2.9999999999999964,59
196679,3284,5.499999999999995,63
196765,3285,4.799999999999988,86
196829,3286,4.999999999999995,64
196891,3287,5.399999999999995,62
196990,3288,8.799999999999983,99
197053,3289,5.499999999999995,63
197115,3290,5.399999999999995,62
197178,3291,5.499999999999995,63
197240,3292,5.399999999999995,62
197302,3293,5.399999999999995,62
197364,3294,5.399999999999995,62
197426,3295,5.399999999999995,62
197489,3296,5.499999999999995,63
197554,3297,4.499999999999995,65
197618,3298,4.999999999999995,64
197680,3299,3.599999999999997,62
197742,3300,5.399999999999995,62
197808,3301,5.799999999999994,66
197872,3302,4.999999999999995,64
197934,3303,5.399999999999995,62
197999,3304,4.499999999999995,65
198062,3305,5.499999999999995,63
198125,3306,3.0999999999999996,63
198191,3307,5.799999999999994,66
198254,3308,5.499999999999995,63
198318,3309,3.7999999999999963,64
198381,3310,5.499999999999995,63
198431,3311,-0.8999999999999986,50
198498,3312,6.499999999999993,67
198562,3313,2.600000000000003,64
198625,3314,5.499999999999995,63
198688,3315,5.499999999999995,63
198738,3316,2.6999999999999993,50
198802,3317,4.999999999999995,64
198863,3318,2.599999999999997,61
198926,3319,5.499999999999995,63
198982,3320,3.299999999999997,56
199045,3321,5.499999999999995,63
199111,3322,5.199999999999994,66
199163,3323,2.8999999999999986,52
199225,3324,5.399999999999995,62
199295,3325,6.199999999999992,70
199357,3326,5.399999999999995,62
199418,3327,3.7999999999999954,61
199481,3328,5.499999999999995,63
199531,3329,2.0999999999999996,50
199581,3330,-0.8999999999999986,50
199646,3331,5.099999999999994,65
199710,3332,4.999999999999995,64
199773,3333,5.499999999999995,63
199835,3334,4.799999999999995,62
199902,3335,4.699999999999996,67
199965,3336,5.499999999999995,63
200027,3337,5.399999999999995,62
200089,3338,5.399999999999995,62
200154,3339,4.4999999999999964,65
200216,3340,4.799999999999995,62
200278,3341,5.399999999999995,62
200341,3342,5.499999999999995,63
200405,3343,4.999999999999995,64
200467,3344,5.399999999999995,62
200529,3345,5.399999999999995,62
200598,3346,6.0999999999999925,69
200660,3347,5.399999999999995,62
200724,3348,4.999999999999995,64
200788,3349,4.999999999999995,64
200851,3350,5.499999999999995,63
200914,3351,5.499999999999995,63
200976,3352,5.399999999999995,62
201038,3353,5.399999999999995,62
201101,3354,4.899999999999995,63
201167,3355,5.799999999999994,66
201253,3356,4.19999999999999,86
201358,3357,5.199999999999983,105
201408,3358,0.9000000000000004,50
201471,3359,5.499999999999995,63
201540,3360,4.300000000000001,69
201603,3361,4.899999999999995,63
201707,3362,8.099999999999982,104
201793,3363,3.599999999999989,86
201893,3364,6.499999999999986,100
201955,3365,5.399999999999995,62
202023,3366,5.999999999999993,68
202085,3367,5.399999999999995,62
202148,3368,5.499999999999995,63
202211,3369,4.899999999999995,63
202277,3370,5.199999999999994,66
202347,3371,5.599999999999996,70
202410,3372,5.499999999999995,63
202476,3373,5.799999999999994,66
202562,3374,2.3999999999999897,86
202629,3375,5.899999999999995,67
202692,3376,5.499999999999995,63
202754,3377,5.399999999999995,62
202819,3378,5.099999999999994,65
202881,3379,5.399999999999995,62
202950,3380,6.0999999999999925,69
203017,3381,5.899999999999995,67
203083,3382,5.799999999999994,66
203145,3383,5.399999999999995,62
203211,3384,3.4000000000000012,66
203276,3385,3.3000000000000016,65
203341,3386,5.099999999999994,65
203404,3387,5.499999999999995,63
203471,3388,5.899999999999995,67
203533,3389,5.399999999999995,62
203601,3390,5.999999999999993,68
203665,3391,4.999999999999995,64
203729,3392,4.999999999999995,64
203793,3393,4.999999999999995,64
203856,3394,5.499999999999995,63
203956,3395,5.899999999999984,100
204019,3396,4.299999999999997,63
204082,3397,5.499999999999995,63
204149,3398,4.699999999999994,67
204235,3399,2.9999999999999893,86
204338,3400,9.199999999999982,103
204402,3401,4.999999999999995,64
204488,3402,2.3999999999999897,86
204550,3403,5.399999999999995,62
204653,3404,7.999999999999982,103
204721,3405,5.999999999999993,68
204790,3406,6.0999999999999925,69
204853,3407,5.499999999999995,63
204919,3408,5.799999999999994,66
204983,3409,4.999999999999995,64
205048,3410,4.499999999999995,65
205113,3411,4.499999999999995,65
205180,3412,6.499999999999993,67
205245,3413,3.9000000000000012,65
205307,3414,5.399999999999995,62
205375,3415,5.999999999999993,68
205475,3416,5.2999999999999865,100
205576,3417,5.999999999999984,101
205640,3418,4.999999999999995,64
205702,3419,5.399999999999995,62
205805,3420,7.399999999999983,103
205867,3421,5.399999999999995,62
205931,3422,4.999999999999995,64
205994,3423,5.499999999999995,63
206057,3424,5.499999999999995,63
206143,3425,2.9999999999999893,86
206248,3426,7.599999999999982,105
206312,3427,4.399999999999997,64
206379,3428,5.899999999999993,67
206442,3429,5.499999999999995,63
206506,3430,4.999999999999995,64
206568,3431,5.399999999999995,62
206618,3432,-0.8999999999999986,50
206685,3433,6.499999999999993,67
206784,3434,6.399999999999986,99
206834,3435,-0.8999999999999986,50
206898,3436,4.999999999999995,64
206960,3437,4.799999999999995,62
207021,3438,3.7999999999999954,61
207083,3439,5.399999999999995,62
207146,3440,5.499999999999995,63
207215,3441,6.699999999999992,69
207276,3442,3.1999999999999957,61
207343,3443,6.499999999999993,67
207393,3444,-0.8999999999999986,50
207443,3445,-0.8999999999999986,50
207508,3446,5.099999999999994,65
207571,3447,5.499999999999995,63
207621,3448,0.9000000000000004,50
207688,3449,5.899999999999993,67
207750,3450,5.399999999999995,62
207813,3451,5.499999999999995,63
207879,3452,5.799999999999994,66
207981,3453,7.299999999999983,102
208044,3454,5.499999999999995,63
208108,3455,4.999999999999995,64
208175,3456,5.299999999999994,67
208237,3457,5.399999999999995,62
208335,3458,9.299999999999983,98
208398,3459,5.499999999999995,63
208502,3460,7.499999999999982,104
208588,3461,2.9999999999999893,86
208652,3462,4.999999999999995,64
208715,3463,5.499999999999995,63
208780,3464,5.099999999999994,65
208849,3465,6.0999999999999925,69
208912,3466,5.499999999999995,63
208998,3467,5.399999999999988,86
209064,3468,3.3999999999999977,66
209127,3469,5.499999999999995,63
209192,3470,5.099999999999994,65
209293,3471,5.399999999999984,101
209355,3472,5.399999999999995,62
209417,3473,5.399999999999995,62
209484,3474,6.499999999999993,67
209554,3475,6.199999999999992,70
209618,3476,4.999999999999995,64
209720,3477,9.099999999999984,102
209790,3478,6.199999999999994,70
209855,3479,5.099999999999994,65
209918,3480,5.499999999999995,63
209984,3481,4.599999999999994,66
210048,3482,4.999999999999995,64
210111,3483,5.499999999999995,63
210179,3484,5.399999999999997,68
210243,3485,4.999999999999995,64
210309,3486,5.199999999999996,66
210411,3487,7.299999999999983,102
210479,3488,5.399999999999997,68
210546,3489,5.899999999999995,67
210614,3490,5.999999999999993,68
210682,3491,5.999999999999993,68
210744,3492,5.399999999999995,62
210807,3493,5.499999999999995,63
210869,3494,5.399999999999995,62
210934,3495,4.499999999999995,65
210999,3496,5.099999999999994,65
211062,3497,5.499999999999995,63
211124,3498,5.399999999999995,62
211191,3499,5.299999999999995,67
211257,3500,5.199999999999994,66
211356,3501,9.399999999999983,99
211418,3502,5.399999999999995,62
211481,3503,5.499999999999995,63
211544,3504,5.499999999999995,63
211611,3505,5.899999999999993,67
211675,3506,4.999999999999995,64
211737,3507,5.399999999999995,62
211801,3508,4.999999999999995,64
211867,3509,5.199999999999994,66
211933,3510,5.199999999999994,66
212000,3511,4.099999999999998,67
212070,3512,4.399999999999997,70
212208,3513,9.399999999999972,138
212311,3514,7.999999999999982,103
212375,3515,4.999999999999995,64
212442,3516,5.899999999999993,67
212509,3517,5.899999999999993,67
212569,3518,2.4999999999999964,60
212668,3519,9.399999999999983,99
212770,3520,7.299999999999983,102
212833,3521,5.499999999999995,63
212901,3522,5.999999999999993,68
212964,3523,5.499999999999995,63
213027,3524,4.299999999999999,63
213093,3525,5.199999999999994,66
213163,3526,6.799999999999992,70
213233,3527,2.0,70
213300,3528,6.499999999999993,67
213386,3529,2.9999999999999893,86
213456,3530,6.199999999999992,70
213509,3531,1.1999999999999993,53
213576,3532,5.299999999999994,67
213639,3533,5.499999999999995,63
213702,3534,5.499999999999995,63
213764,3535,5.399999999999995,62
213833,3536,6.0999999999999925,69
213935,3537,9.099999999999982,102
214033,3538,9.299999999999983,98
214100,3539,5.899999999999993,67
214199,3540,9.399999999999983,99
214267,3541,5.999999999999993,68
214334,3542,5.899999999999993,67
214404,3543,6.799999999999992,70
214506,3544,9.699999999999982,102
214568,3545,5.399999999999995,62
214630,3546,5.399999999999995,62
214692,3547,4.799999999999995,62
214756,3548,2.5999999999999988,64
214826,3549,6.199999999999994,70
214893,3550,5.899999999999993,67
214962,3551,6.0999999999999925,69
215027,3552,4.499999999999995,65
215090,3553,5.499999999999995,63
215140,3554,-0.8999999999999986,50
215239,3555,7.599999999999984,99
215301,3556,5.399999999999995,62
215367,3557,5.199999999999994,66
215434,3558,5.899999999999993,67
215501,3559,6.499999999999993,67
215563,3560,5.399999999999995,62
215629,3561,5.199999999999994,66
215733,3562,9.89999999999998,104
215837,3563,9.89999999999998,104
215899,3564,4.199999999999996,62
216002,3565,9.799999999999981,103
216108,3566,10.099999999999982,106
216170,3567,5.399999999999995,62
216232,3568,5.399999999999995,62
216294,3569,4.799999999999995,62
216344,3570,-0.29999999999999893,50
216430,3571,3.599999999999989,86
216496,3572,4.599999999999994,66
216582,3573,2.9999999999999893,86
216651,3574,6.0999999999999925,69
216716,3575,5.099999999999994,65
216779,3576,5.499999999999995,63
216865,3577,2.9999999999999893,86
216971,3578,10.69999999999998,106
217038,3579,5.899999999999993,67
217105,3580,5.899999999999993,67
217207,3581,9.099999999999982,102
217346,3582,13.099999999999971,139
217409,3583,5.499999999999995,63
217478,3584,6.0999999999999925,69
217541,3585,5.499999999999995,63
217603,3586,5.399999999999995,62
217671,3587,5.999999999999993,68
217734,3588,4.899999999999997,63
217796,3589,5.399999999999995,62
217865,3590,4.299999999999997,69
217968,3591,9.799999999999983,103
218074,3592,9.499999999999982,106
218174,3593,7.099999999999984,100
218273,3594,9.399999999999983,99
218378,3595,9.99999999999998,105
218518,3596,13.799999999999969,140
218640,3597,6.299999999999978,122
218702,3598,4.799999999999995,62
218766,3599,4.999999999999995,64
218865,3600,9.399999999999983,99
218968,3601,9.799999999999983,103
219074,3602,10.09999999999998,106
219142,3603,5.999999999999993,68
219228,3604,2.9999999999999893,86
219293,3605,4.499999999999995,65
219354,3606,3.7999999999999954,61
219532,3607,16.099999999999973,178
219637,3608,10.59999999999998,105
219723,3609,2.3999999999999897,86
219786,3610,5.499999999999995,63
219928,3611,12.799999999999969,142
219994,3612,5.199999999999994,66
220059,3613,5.099999999999994,65
220160,3614,8.999999999999982,101
220262,3615,9.099999999999982,102
220362,3616,7.699999999999983,100
220429,3617,5.899999999999993,67
220491,3618,5.399999999999995,62
220577,3619,2.9999999999999893,86
220681,3620,9.89999999999998,104
220744,3621,4.899999999999995,63
220810,3622,5.199999999999994,66
220876,3623,5.199999999999994,66
220940,3624,3.1999999999999957,64
221044,3625,9.89999999999998,104
221147,3626,9.799999999999981,103
221250,3627,8.599999999999982,103
221314,3628,4.999999999999995,64
221380,3629,5.199999999999994,66
221448,3630,5.999999999999993,68
221515,3631,5.899999999999993,67
221613,3632,9.299999999999983,98
221712,3633,9.399999999999983,99
221778,3634,5.199999999999994,66
221883,3635,9.99999999999998,105
221950,3636,5.299999999999994,67
222017,3637,5.899999999999993,67
222084,3638,5.899999999999993,67
222151,3639,5.899999999999993,67
222219,3640,5.999999999999993,68
222288,3641,6.699999999999992,69
222338,3642,2.0999999999999996,50
222441,3643,6.799999999999983,103
222640,3644,13.999999999999996,199
222742,3645,9.099999999999982,102
222811,3646,6.0999999999999925,69
222913,3647,7.299999999999983,102
223035,3648,6.899999999999977,122
223104,3649,6.0999999999999925,69
223202,3650,9.299999999999983,98
223271,3651,4.299999999999994,69
223369,3652,9.299999999999983,98
223436,3653,5.899999999999993,67
223503,3654,5.899999999999993,67
223603,3655,8.899999999999983,100
223701,3656,9.299999999999983,98
223787,3657,5.399999999999988,86
223854,3658,5.899999999999993,67
223920,3659,3.399999999999997,66
223985,3660,3.899999999999995,65
224088,3661,9.799999999999981,103
224154,3662,5.199999999999994,66
224240,3663,5.399999999999988,86
224310,3664,6.199999999999992,70
224413,3665,6.799999999999983,103
224514,3666,4.799999999999988,101
224616,3667,6.099999999999984,102
224721,3668,9.99999999999998,105
224825,3669,9.89999999999998,104
224892,3670,5.899999999999993,67
224959,3671,5.899999999999993,67
225100,3672,13.899999999999968,141
225204,3673,9.89999999999998,104
225266,3674,4.199999999999996,62
225333,3675,5.899999999999993,67
225438,3676,6.999999999999982,105
225508,3677,6.799999999999992,70
225614,3678,10.09999999999998,106
225681,3679,5.899999999999993,67
225785,3680,9.299999999999981,104
225852,3681,5.899999999999993,67
225953,3682,7.199999999999983,101
226017,3683,4.999999999999995,64
226080,3684,4.899999999999995,63
226143,3685,4.899999999999995,63
226242,3686,8.799999999999983,99
226312,3687,6.199999999999992,70
226493,3688,16.99999999999998,181
226560,3689,5.899999999999993,67
226665,3690,9.99999999999998,105
226733,3691,5.999999999999993,68
226831,3692,5.699999999999985,98
226934,3693,10.39999999999998,103
227036,3694,8.499999999999984,102
227103,3695,6.499999999999993,67
227170,3696,5.899999999999993,67
227237,3697,5.899999999999993,67
227303,3698,5.199999999999994,66
227444,3699,15.09999999999997,141
227550,3700,8.299999999999985,106
227616,3701,5.199999999999994,66
227682,3702,5.199999999999994,66
227823,3703,10.29999999999998,141
227886,3704,5.499999999999995,63
227954,3705,5.999999999999993,68
228057,3706,9.799999999999981,103
228124,3707,5.899999999999993,67
228226,3708,9.699999999999982,102
228276,3709,1.5,50
228343,3710,5.899999999999993,67
228403,3711,3.099999999999996,60
228465,3712,5.399999999999995,62
228532,3713,6.499999999999993,67
228635,3714,9.799999999999981,103
228813,3715,17.300000000000004,178
228881,3716,5.999999999999993,68
228986,3717,10.59999999999998,105
229053,3718,5.299999999999994,67
229121,3719,5.999999999999993,68
229243,3720,3.2999999999999883,122
229347,3721,9.89999999999998,104
229417,3722,6.199999999999992,70
229480,3723,5.499999999999995,63
229583,3724,7.999999999999984,103
229649,3725,5.799999999999994,66
229738,3726,5.699999999999987,89
229807,3727,6.699999999999992,69
229909,3728,9.099999999999982,102
229976,3729,6.499999999999993,67
230116,3730,13.19999999999997,140
230183,3731,5.899999999999993,67
230250,3732,5.899999999999993,67
230352,3733,9.699999999999982,102
230455,3734,10.39999999999998,103
230554,3735,8.799999999999983,99
230657,3736,9.799999999999981,103
230722,3737,5.099999999999994,65
230824,3738,7.899999999999983,102
230927,3739,10.39999999999998,103
231032,3740,8.199999999999982,105
231098,3741,5.199999999999994,66
231168,3742,6.199999999999992,70
231236,3743,5.999999999999993,68
231339,3744,9.799999999999981,103
231555,3745,20.200000000000024,216
231658,3746,10.39999999999998,103
231725,3747,5.299999999999994,67
231794,3748,6.0999999999999925,69
231892,3749,9.299999999999983,98
231980,3750,6.199999999999987,88
232043,3751,3.6999999999999957,63
232107,3752,4.999999999999995,64
232175,3753,5.999999999999993,68
232243,3754,5.999999999999993,68
232311,3755,5.999999999999993,68
232373,3756,2.9999999999999973,62
232459,3757,2.9999999999999893,86
232527,3758,5.999999999999993,68
232595,3759,5.999999999999993,68
232701,3760,10.09999999999998,106
232805,3761,9.899999999999983,104
232946,3762,13.899999999999968,141
233051,3763,9.999999999999982,105
233118,3764,5.899999999999993,67
233221,3765,9.199999999999982,103
233291,3766,6.199999999999992,70
233357,3767,5.199999999999994,66
233535,3768,10.69999999999996,178
233638,3769,9.199999999999983,103
233777,3770,10.699999999999973,139
233829,3771,2.8999999999999986,52
233966,3772,12.29999999999997,137
234066,3773,7.099999999999984,100
234203,3774,10.499999999999972,137
234267,3775,4.999999999999995,64
234329,3776,5.399999999999995,62
234470,3777,12.699999999999969,141
234573,3778,9.799999999999983,103
234678,3779,9.39999999999998,105
234766,3780,6.7999999999999865,88
234869,3781,9.799999999999981,103
234974,3782,9.99999999999998,105
235080,3783,8.299999999999981,106
235147,3784,5.899999999999993,67
235211,3785,4.399999999999995,64
235279,3786,6.5999999999999925,68
235383,3787,9.299999999999981,104
235486,3788,10.39999999999998,103
235628,3789,13.399999999999968,142
235733,3790,9.99999999999998,105
235799,3791,5.199999999999994,66
235941,3792,13.399999999999968,142
236007,3793,5.199999999999994,66
236105,3794,6.899999999999984,98
236245,3795,14.999999999999968,140
236351,3796,10.09999999999998,106
236456,3797,10.59999999999998,105
236519,3798,5.499999999999995,63
236589,3799,6.199999999999992,70
236694,3800,9.99999999999998,105
236799,3801,9.99999999999998,105
236940,3802,11.49999999999997,141
237045,3803,9.99999999999998,105
237113,3804,5.999999999999993,68
237214,3805,7.199999999999983,101
237282,3806,5.999999999999993,68
237386,3807,8.699999999999982,104
237455,3808,6.0999999999999925,69
237555,3809,8.299999999999983,100
237661,3810,8.89999999999998,106
237729,3811,5.999999999999993,68
237798,3812,6.0999999999999925,69
237938,3813,14.399999999999968,140
238101,3814,10.699999999999964,163
238168,3815,5.899999999999993,67
238237,3816,6.0999999999999925,69
238305,3817,5.399999999999993,68
238409,3818,9.89999999999998,104
238477,3819,5.999999999999993,68
238580,3820,9.799999999999983,103
238647,3821,5.899999999999993,67
238785,3822,8.799999999999974,138
238926,3823,15.09999999999997,141
239029,3824,9.199999999999982,103
239091,3825,3.5999999999999988,62
239196,3826,9.39999999999998,105
239265,3827,6.0999999999999925,69
239387,3828,6.899999999999977,122
239473,3829,2.9999999999999893,86
239542,3830,4.899999999999998,69
239609,3831,6.499999999999993,67
239731,3832,6.899999999999977,122
239836,3833,9.99999999999998,105
239978,3834,13.999999999999968,142
240064,3835,2.9999999999999893,86
240161,3836,7.699999999999983,97
240267,3837,10.09999999999998,106
240335,3838,5.999999999999993,68
240397,3839,4.199999999999996,62
240539,3840,15.19999999999997,142
240643,3841,9.89999999999998,104
240806,3842,9.499999999999966,163
240874,3843,5.999999999999993,68
241014,3844,14.399999999999968,140
241118,3845,9.299999999999981,104
241221,3846,7.999999999999982,103
241287,3847,5.799999999999994,66
241354,3848,5.899999999999993,67
241416,3849,4.199999999999996,62
241519,3850,9.799999999999981,103
241624,3851,9.39999999999998,105
241685,3852,3.7999999999999954,61
241755,3853,6.199999999999992,70
241820,3854,3.899999999999996,65
241926,3855,10.09999999999998,106
242032,3856,10.69999999999998,106
242136,3857,6.299999999999983,104
242224,3858,6.7999999999999865,88
242364,3859,12.59999999999997,140
242468,3860,9.299999999999981,104
242531,3861,4.899999999999995,63
242672,3862,13.899999999999968,141
242760,3863,6.7999999999999865,88
242827,3864,5.899999999999993,67
242968,3865,14.499999999999968,141
243090,3866,6.899999999999977,122
243195,3867,8.199999999999982,105
243262,3868,5.899999999999993,67
243328,3869,5.799999999999994,66
243414,3870,2.3999999999999897,86
243593,3871,17.399999999999988,179
243697,3872,9.89999999999998,104
243839,3873,10.99999999999997,142
243904,3874,5.099999999999994,65
244042,3875,13.59999999999997,138
244092,3876,2.0999999999999996,50
244160,3877,4.799999999999994,68
244227,3878,5.899999999999993,67
244330,3879,10.39999999999998,103
244395,3880,4.499999999999995,65
244535,3881,9.599999999999971,140
244676,3882,13.299999999999969,141
244854,3883,12.49999999999996,178
244957,3884,9.799999999999981,103
245098,3885,13.89999999999997,141
245201,3886,9.799999999999981,103
245268,3887,5.299999999999994,67
245371,3888,9.799999999999981,103
245534,3889,11.299999999999969,163
245602,3890,5.999999999999993,68
245706,3891,9.89999999999998,104
245828,3892,7.499999999999977,122
245933,3893,8.199999999999982,105
246020,3894,5.499999999999991,87
246089,3895,6.0999999999999925,69
246229,3896,10.19999999999997,140
246444,3897,19.50000000000002,215
246550,3898,8.899999999999984,106
246619,3899,6.0999999999999925,69
246800,3900,15.19999999999996,181
246904,3901,9.299999999999981,104
246974,3902,6.799999999999992,70
247041,3903,5.899999999999993,67
247109,3904,5.999999999999993,68
247213,3905,9.899999999999983,104
247335,3906,3.2999999999999794,122
247440,3907,9.999999999999982,105
247506,3908,2.2000000000000024,66
247573,3909,5.899999999999993,67
247714,3910,9.099999999999971,141
247782,3911,5.999999999999993,68
247963,3912,15.799999999999965,181
248064,3913,5.999999999999984,101
248166,3914,9.699999999999983,102
248304,3915,10.599999999999971,138
248444,3916,13.199999999999969,140
248510,3917,5.799999999999994,66
248615,3918,6.999999999999982,105
248720,3919,8.199999999999982,105
248825,3920,5.79999999999999,105
248988,3921,11.899999999999963,163
249054,3922,5.199999999999994,66
249159,3923,6.999999999999982,105
249226,3924,5.299999999999994,67
249366,3925,13.799999999999969,140
249506,3926,13.19999999999997,140
249608,3927,9.699999999999982,102
249710,3928,9.099999999999982,102
249814,3929,10.49999999999998,104
249882,3930,1.800000000000002,68
249969,3931,6.099999999999987,87
250036,3932,5.899999999999993,67
250137,3933,8.999999999999982,101
250206,3934,6.0999999999999925,69
250348,3935,11.599999999999973,142
250413,3936,4.499999999999995,65
250596,3937,14.799999999999956,183
250663,3938,5.899999999999993,67
250767,3939,6.299999999999983,104
250870,3940,9.799999999999981,103
250932,3941,5.399999999999995,62
251106,3942,13.599999999999959,174
251209,3943,10.39999999999998,103
251391,3944,15.899999999999967,182
251533,3945,13.399999999999968,142
251631,3946,9.899999999999983,98
251700,3947,6.0999999999999925,69
251762,3948,5.399999999999995,62
251828,3949,5.199999999999994,66
251967,3950,12.49999999999997,139
252019,3951,2.299999999999999,52
252197,3952,16.099999999999984,178
252299,3953,8.499999999999982,102
252387,3954,6.199999999999987,88
252603,3955,17.799999999999997,216
252671,3956,5.999999999999993,68
252740,3957,6.0999999999999925,69
252862,3958,6.299999999999978,122
252929,3959,5.899999999999993,67
253145,3960,19.600000000000016,216
253362,3961,21.50000000000004,217
253429,3962,5.899999999999993,67
253492,3963,5.499999999999995,63
253594,3964,9.099999999999982,102
253698,3965,9.89999999999998,104
253760,3966,5.399999999999995,62
253818,3967,2.899999999999997,58
253904,3968,2.9999999999999893,86
253973,3969,5.4999999999999964,69
254190,3970,16.100000000000023,217
254293,3971,9.799999999999983,103
254395,3972,8.499999999999982,102
254613,3973,15.599999999999955,218
254717,3974,7.499999999999986,104
254839,3975,6.299999999999978,122
255133,3976,23.80000000000014,294
255273,3977,13.199999999999969,140
255377,3978,9.89999999999998,104
255540,3979,10.699999999999964,163
255639,3980,9.399999999999983,99
255819,3981,14.499999999999963,180
255956,3982,11.099999999999971,137
256061,3983,9.99999999999998,105
256159,3984,9.299999999999983,98
256339,3985,14.499999999999957,180
256405,3986,5.199999999999994,66
256503,3987,9.299999999999983,98
256573,3988,6.199999999999992,70
256707,3989,13.79999999999997,134
257037,3990,24.700000000000102,330
257138,3991,7.799999999999988,101
257317,3992,15.59999999999997,179
257384,3993,5.299999999999994,67
257451,3994,4.099999999999998,67
257706,3995,16.600000000000044,255
257759,3996,1.1999999999999993,53
258077,3997,24.400000000000126,318
258147,3998,5.599999999999994,70
258325,3999,16.699999999999985,178
258426,4000,8.999999999999982,101
258564,4001,9.999999999999972,138
258625,4002,3.7999999999999954,61
258875,4003,22.10000000000004,250
259015,4004,13.199999999999969,140
259076,4005,3.7999999999999954,61
259137,4006,3.7999999999999954,61
259238,4007,8.999999999999982,101
259342,4008,8.099999999999984,104
259482,4009,11.399999999999972,140
259568,4010,2.9999999999999956,86
259630,4011,5.399999999999995,62
259812,4012,13.499999999999964,182
260027,4013,17.70000000000004,215
260168,4014,13.299999999999969,141
260236,4015,4.8,68
260339,4016,10.39999999999998,103
260409,4017,6.199999999999992,70
260513,4018,9.89999999999998,104
260650,4019,13.49999999999997,137
260756,4020,10.69999999999998,106
260972,4021,17.80000000000001,216
261034,4022,5.399999999999995,62
261100,4023,4.599999999999994,66
261203,4024,5.599999999999984,103
261344,4025,10.89999999999997,141
261547,4026,12.599999999999955,203
261728,4027,16.999999999999986,181
261831,4028,10.39999999999998,103
262086,4029,25.000000000000075,255
262189,4030,9.799999999999981,103
262295,4031,9.49999999999998,106
262357,4032,5.399999999999995,62
262592,4033,20.300000000000058,235
262655,4034,4.899999999999997,63
262835,4035,15.69999999999996,180
262897,4036,5.399999999999995,62
262963,4037,5.799999999999994,66
263085,4038,6.299999999999978,122
263148,4039,4.299999999999999,63
263254,4040,7.099999999999982,106
263343,4041,2.6999999999999975,89
263406,4042,4.299999999999999,63
263505,4043,8.799999999999985,99
263604,4044,9.399999999999983,99
263919,4045,27.10000000000014,315
264013,4046,5.599999999999987,94
264264,4047,24.600000000000083,251
264362,4048,9.299999999999983,98
264466,4049,10.49999999999998,104
264533,4050,5.899999999999993,67
264671,4051,12.39999999999997,138
264727,4052,2.6999999999999975,56
264863,4053,12.19999999999997,136
264999,4054,10.999999999999972,136
265211,4055,19.800000000000043,212
265350,4056,12.49999999999997,139
265488,4057,9.399999999999972,138
265551,4058,4.299999999999999,63
265693,4059,12.199999999999969,142
265944,4060,21.000000000000032,251
266013,4061,6.0999999999999925,69
266218,4062,13.399999999999977,205
266549,4063,27.20000000000017,331
266687,4064,11.19999999999997,138
266941,4065,21.30000000000002,254
267158,4066,19.700000000000028,217
267373,4067,20.700000000000035,215
267511,4068,12.399999999999974,138
267580,4069,6.0999999999999925,69
267833,4070,19.400000000000034,253
267970,4071,11.099999999999971,137
268074,4072,6.299999999999983,104
268142,4073,6.5999999999999925,68
268280,4074,11.799999999999974,138
268347,4075,4.699999999999998,67
268408,4076,3.7999999999999954,61
268575,4077,12.899999999999967,167
268792,4078,11.299999999999953,217
268970,4079,13.699999999999958,178
269173,4080,16.200000000000003,203
269502,4081,30.60000000000016,329
269721,4082,18.100000000000012,219
270051,4083,28.30000000000019,330
270260,4084,7.799999999999953,209
270479,4085,19.300000000000054,219
270547,4086,4.199999999999999,68
270710,4087,11.299999999999969,163
270777,4088,3.5,67
270846,4089,6.0999999999999925,69
271027,4090,12.199999999999973,181
271320,4091,17.699999999999992,293
271538,4092,16.800000000000004,218
271666,4093,6.299999999999976,128
271735,4094,6.0999999999999925,69
271841,4095,7.099999999999982,106
272058,4096,19.10000000000002,217
272275,4097,23.30000000000007,217
272477,4098,17.900000000000027,202
272615,4099,12.99999999999997,138
272757,4100,13.999999999999968,142
272956,4101,13.999999999999996,199
273042,4102,2.9999999999999893,86
273372,4103,23.5000000000001,330
273691,4104,25.70000000000015,319
273905,4105,16.99999999999997,214
274046,4106,14.499999999999968,141
274145,4107,9.399999999999983,99
274388,4108,19.300000000000075,243
274455,4109,5.899999999999993,67
274521,4110,4.599999999999999,66
274739,4111,17.40000000000001,218
274842,4112,9.799999999999981,103
274982,4113,14.399999999999968,140
275086,4114,6.299999999999983,104
275303,4115,17.90000000000001,217
275406,4116,10.39999999999998,103
275588,4117,14.699999999999969,182
275806,4118,19.20000000000002,218
275871,4119,3.3000000000000007,65
275970,4120,8.199999999999983,99
276073,4121,9.799999999999981,103
276253,4122,17.49999999999999,180
276354,4123,4.799999999999998,101
276537,4124,16.59999999999998,183
276638,4125,8.399999999999983,101
276706,4126,5.999999999999993,68
276845,4127,10.099999999999971,139
276948,4128,9.199999999999983,103
277260,4129,23.800000000000132,312
277702,4130,40.400000000000304,442
277805,4131,9.199999999999982,103
278059,4132,21.300000000000054,254
278222,4133,10.099999999999964,163
278324,4134,9.099999999999982,102
278376,4135,-0.09999999999999964,52
278515,4136,11.89999999999997,139
278678,4137,10.699999999999964,163
278916,4138,22.400000000000077,238
279011,4139,5.099999999999985,95
279192,4140,17.59999999999999,181
279468,4141,19.30000000000008,276
279651,4142,12.399999999999958,183
279755,4143,6.299999999999983,104
280009,4144,20.700000000000006,254
280259,4145,20.900000000000055,250
280442,4146,15.399999999999963,183
280580,4147,11.79999999999997,138
280680,4148,9.499999999999982,100
280784,4149,10.49999999999998,104
280852,4150,5.999999999999993,68
281296,4151,40.00000000000033,444
281626,4152,30.700000000000202,330
281693,4153,5.299999999999996,67
281834,4154,10.899999999999974,141
282051,4155,20.900000000000038,217
282189,4156,11.79999999999997,138
282408,4157,15.700000000000003,219
282740,4158,29.700000000000163,332
282957,4159,12.499999999999957,217
283140,4160,12.399999999999961,183
283356,4161,14.199999999999962,216
283571,4162,19.500000000000014,215
283807,4163,20.400000000000038,236
284024,4164,16.099999999999966,217
284223,4165,18.800000000000026,199
284286,4166,5.499999999999995,63
284389,4167,7.399999999999986,103
284441,4168,1.6999999999999993,52
284508,4169,5.899999999999993,67
284840,4170,30.900000000000183,332
285170,4171,27.100000000000176,330
285223,4172,1.1999999999999993,53
285361,4173,10.599999999999971,138
285503,4174,13.399999999999968,142
285754,4175,20.400000000000052,251
286082,4176,34.10000000000021,328
286188,4177,8.89999999999998,106
286743,4178,56.200000000000486,555
287183,4179,39.00000000000025,440
287435,4180,21.100000000000055,252
287654,4181,15.700000000000017,219
287967,4182,29.30000000000017,313
288072,4183,9.99999999999998,105
288424,4184,26.30000000000018,352
288700,4185,25.300000000000132,276
288841,4186,14.499999999999968,141
288981,4187,10.19999999999997,140
289085,4188,9.89999999999998,104
289191,4189,8.299999999999981,106
289409,4190,17.40000000000003,218
289626,4191,14.299999999999992,217
289805,4192,16.19999999999996,179
289940,4193,9.099999999999973,135
290271,4194,29.600000000000193,331
290487,4195,20.200000000000024,216
290589,4196,9.099999999999984,102
290691,4197,6.099999999999984,102
290795,4198,6.299999999999983,104
291014,4199,19.900000000000016,219
291308,4200,25.00000000000015,294
291402,4201,5.599999999999985,94
291697,4202,25.700000000000134,295
291951,4203,19.500000000000014,254
292465,4204,38.90000000000035,514
292759,4205,29.80000000000016,294
292861,4206,9.099999999999982,102
293002,4207,9.699999999999974,141
293219,4208,17.90000000000003,217
293322,4209,9.199999999999982,103
293616,4210,23.800000000000104,294
293746,4211,8.899999999999974,130
293852,4212,8.299999999999986,106
294055,4213,16.80000000000003,203
294195,4214,12.59999999999997,140
294299,4215,6.299999999999983,104
294481,4216,18.900000000000013,182
294538,4217,1.0000000000000022,57
294644,4218,7.099999999999984,106
294707,4219,5.499999999999995,63
294811,4220,6.299999999999983,104
294914,4221,9.199999999999983,103
295018,4222,3.899999999999996,104
295234,4223,21.40000000000005,216
295564,4224,28.300000000000153,330
295928,4225,29.00000000000019,364
296019,4226,6.499999999999986,91
296184,4227,13.299999999999962,165
296251,4228,5.899999999999993,67
296414,4229,9.499999999999964,163
296538,4230,10.699999999999974,124
296660,4231,5.699999999999978,122
296787,4232,8.599999999999975,127
296853,4233,5.799999999999994,66
297036,4234,16.59999999999998,183
297141,4235,9.99999999999998,105
297232,4236,6.499999999999986,91
297581,4237,32.60000000000021,349
297787,4238,18.300000000000033,206
297889,4239,6.699999999999987,102
298106,4240,17.899999999999988,217
298288,4241,18.300000000000004,182
298493,4242,13.999999999999968,205
298819,4243,29.700000000000156,326
298924,4244,6.999999999999982,105
298991,4245,5.899999999999993,67
299046,4246,1.3999999999999986,55
299407,4247,28.700000000000184,361
299570,4248,9.499999999999964,163
299902,4249,30.300000000000168,332
300251,4250,30.800000000000196,349
300430,4251,14.999999999999956,179
300565,4252,11.499999999999972,135
300635,4253,6.199999999999992,70
300798,4254,8.299999999999965,163
300902,4255,10.49999999999998,104
301076,4256,15.39999999999998,174
301293,4257,13.699999999999948,217
301589,4258,31.800000000000168,296
301690,4259,8.999999999999982,101
301872,4260,13.499999999999964,182
301942,4261,6.799999999999992,70
302040,4262,8.099999999999984,98
302253,4263,19.300000000000022,213
302395,4264,8.599999999999971,142
302532,4265,8.699999999999973,137
302637,4266,6.399999999999983,105
302818,4267,10.39999999999996,181
303256,4268,35.20000000000028,438
303438,4269,16.49999999999998,182
303881,4270,43.500000000000334,443
304130,4271,22.60000000000006,249
304349,4272,18.100000000000026,219
304490,4273,9.69999999999997,141
304709,4274,17.500000000000014,219
305108,4275,29.500000000000252,399
305363,4276,22.00000000000006,255
305498,4277,10.299999999999972,135
305630,4278,3.699999999999976,132
305956,4279,24.900000000000126,326
306320,4280,33.80000000000021,364
306425,4281,6.999999999999986,105
306827,4282,33.70000000000029,402
307009,4283,17.099999999999977,182
307597,4284,47.80000000000048,588
307701,4285,6.299999999999983,104
308590,4286,71.60000000000005,889
308713,4287,7.59999999999998,123
308817,4288,6.899999999999986,104
309599,4289,69.90000000000003,782
309854,4290,22.000000000000057,255
309989,4291,13.29999999999997,135
310285,4292,27.000000000000156,296
310426,4293,12.09999999999997,141
311210,4294,52.70000000000067,784
311429,4295,15.700000000000003,219
311565,4296,13.39999999999997,136
311747,4297,12.899999999999958,182
311966,4298,10.899999999999952,219
312145,4299,7.799999999999965,179
312363,4300,18.000000000000032,218
312467,4301,7.499999999999982,104
312605,4302,13.59999999999997,138
312900,4303,25.10000000000013,295
313266,4304,32.2000000000002,366
313404,4305,10.599999999999975,138
313659,4306,21.400000000000073,255
313877,4307,18.599999999999998,218
314096,4308,20.500000000000068,219
314505,4309,39.200000000000266,409
315176,4310,56.70000000000059,671
315541,4311,32.1000000000002,365
315666,4312,6.599999999999982,125
315883,4313,14.899999999999988,217
316137,4314,20.700000000000042,254
316193,4315,2.099999999999998,56
316484,4316,23.50000000000008,291
316540,4317,2.099999999999998,56
316905,4318,30.300000000000164,365
317680,4319,58.10000000000071,775
317919,4320,8.699999999999944,239
318019,4321,7.699999999999983,100
319105,4322,87.09999999999904,1086
319159,4323,2.4999999999999982,54
319851,4324,55.800000000000644,692
319919,4325,5.399999999999997,68
320213,4326,21.400000000000098,294
320282,4327,6.0999999999999925,69
320421,4328,8.899999999999974,139
320716,4329,20.90000000000007,295
321157,4330,35.50000000000027,441
321370,4331,15.699999999999967,213
321456,4332,3.599999999999989,86
321935,4333,41.40000000000035,479
322118,4334,16.600000000000012,183
322336,4335,15.599999999999984,218
322927,4336,42.70000000000048,591
323520,4337,57.90000000000057,593
323625,4338,8.199999999999983,105
323797,4339,14.59999999999997,172
323964,4340,5.099999999999971,167
324163,4341,14.0,199
324450,4342,20.400000000000038,287
325296,4343,62.80000000000024,846
325351,4344,-2.1999999999999984,55
325401,4345,-0.8999999999999986,50
326035,4346,43.700000000000514,634
326331,4347,29.400000000000173,296
326772,4348,35.50000000000029,441
327518,4349,64.20000000000068,746
328187,4350,52.3000000000006,669
328422,4351,16.700000000000028,235
328662,4352,11.799999999999981,240
328958,4353,27.600000000000158,296
329023,4354,0.9000000000000021,65
329448,4355,25.80000000000028,425
330760,4356,112.69999999999786,1312
331411,4357,53.80000000000061,651
331516,4358,6.399999999999983,105
332054,4359,45.20000000000046,538
332158,4360,6.299999999999983,104
332489,4361,29.000000000000192,331
332593,4362,5.099999999999992,104
332998,4363,25.000000000000185,405
333293,4364,22.700000000000074,295
333544,4365,22.200000000000035,251
333799,4366,19.60000000000007,255
334581,4367,63.30000000000061,782
334763,4368,11.699999999999958,182
335094,4369,23.60000000000011,331
335304,4370,13.899999999999949,210
335390,4371,4.199999999999989,86
335947,4372,48.60000000000045,557
336617,4373,56.00000000000059,670
337018,4374,39.300000000000296,401
337235,4375,17.30000000000003,217
337566,4376,28.400000000000162,331
337748,4377,6.899999999999972,182
338419,4378,57.30000000000057,671
338828,4379,36.20000000000026,409
339044,4380,17.19999999999998,216
339673,4381,51.00000000000057,629
340039,4382,31.0000000000002,366
340222,4383,11.799999999999958,183
340290,4384,5.399999999999995,68
340412,4385,5.699999999999978,122
340595,4386,17.199999999999985,183
340665,4387,5.599999999999994,70
340770,4388,5.799999999999983,105
341101,4389,29.600000000000165,331
341395,4390,23.800000000000107,294
341691,4391,22.80000000000013,296
342057,4392,34.600000000000215,366
342239,4393,12.899999999999958,182
342422,4394,14.799999999999956,183
342491,4395,4.899999999999994,69
343239,4396,59.0000000000007,748
343329,4397,4.599999999999992,90
343754,4398,31.800000000000267,425
343876,4399,7.499999999999977,122
344546,4400,57.2000000000006,670
344875,4401,28.80000000000015,329
345315,4402,40.20000000000032,440
345534,4403,16.299999999999958,219
345604,4404,4.399999999999997,70
345674,4405,5.599999999999994,70
345796,4406,8.099999999999977,122
346083,4407,27.000000000000142,287
347432,4408,107.09999999999742,1349
347727,4409,26.300000000000153,295
348700,4410,85.09999999999927,973
348841,4411,10.89999999999997,141
349927,4412,88.89999999999927,1086
350067,4413,10.199999999999974,140
350587,4414,46.400000000000446,520
350728,4415,5.499999999999989,141
351189,4416,39.30000000000033,461
351439,4417,23.900000000000063,250
351540,4418,9.599999999999984,101
351795,4419,20.800000000000058,255
352046,4420,18.6,251
352168,4421,11.099999999999975,122
352531,4422,26.500000000000195,363
352599,4423,3.599999999999998,68
353157,4424,46.90000000000047,558
353564,4425,37.200000000000266,407
353892,4426,31.100000000000158,328
354091,4427,8.59999999999996,199
355022,4428,64.4000000000006,931
355128,4429,7.099999999999982,106
356022,4430,73.00000000000027,894
356092,4431,2.600000000000001,70
356342,4432,26.300000000000104,250
357219,4433,67.40000000000039,877
357515,4434,25.20000000000011,296
357696,4435,12.799999999999962,181
358551,4436,72.40000000000019,855
358957,4437,38.300000000000274,406
359438,4438,36.20000000000026,481
359689,4439,16.199999999999946,251
359795,4440,5.299999999999985,106
359917,4441,7.499999999999977,122
360135,4442,17.399999999999995,218
360257,4443,9.899999999999975,122
361379,4444,85.59999999999886,1122
361521,4445,6.799999999999988,142
361586,4446,4.5,65
362029,4447,34.5000000000003,443
363152,4448,82.09999999999965,1123
363710,4449,37.30000000000042,558
364299,4450,36.50000000000024,589
364436,4451,9.299999999999972,137
365123,4452,60.70000000000064,687
366169,4453,87.59999999999943,1046
367065,4454,70.20000000000023,896
367621,4455,29.300000000000303,556
368178,4456,48.60000000000042,557
368471,4457,28.500000000000117,293
368914,4458,37.5000000000003,443
369506,4459,38.00000000000046,592
369725,4460,18.100000000000026,219
369888,4461,10.699999999999964,163
369991,4462,6.799999999999987,103
370384,4463,16.30000000000002,393
370489,4464,5.799999999999983,105
371463,4465,83.99999999999946,974
372472,4466,78.19999999999983,1009
372766,4467,26.800000000000146,294
373086,4468,15.600000000000023,320
373753,4469,55.700000000000585,667
374002,4470,19.600000000000016,249
374185,4471,11.199999999999958,183
375889,4472,126.69999999999646,1704
376822,4473,79.59999999999981,933
376908,4474,1.2000000000000028,86
376996,4475,3.199999999999993,88
377291,4476,25.100000000000108,295
377344,4477,2.9999999999999982,53
378009,4478,52.50000000000061,665
378942,4479,81.99999999999935,933
379121,4480,8.399999999999961,179
379471,4481,25.50000000000016,350
379835,4482,28.400000000000144,364
380316,4483,41.00000000000038,481
380987,4484,62.100000000000534,671
382412,4485,115.29999999999738,1425
382857,4486,38.30000000000033,445
383103,4487,15.400000000000059,246
384416,4488,109.1999999999974,1313
384521,4489,7.599999999999984,105
384702,4490,10.999999999999961,181
385108,4491,29.90000000000026,406
385474,4492,19.600000000000083,366
385766,4493,23.600000000000108,292
386288,4494,44.200000000000436,522
386975,4495,60.70000000000053,687
387757,4496,59.10000000000072,782
387894,4497,9.299999999999972,137
388564,4498,60.80000000000058,670
389457,4499,86.69999999999939,893
389558,4500,8.999999999999982,101
389699,4501,9.099999999999971,141
389769,4502,3.799999999999997,70
390177,4503,37.30000000000027,408
390245,4504,4.799999999999997,68
392418,4505,202.6999999999929,2173
393088,4506,59.6000000000006,670
393644,4507,46.10000000000041,556
394086,4508,39.8000000000003,442
394549,4509,39.500000000000334,463
395333,4510,71.90000000000009,784
396681,4511,115.99999999999704,1348
397125,4512,40.60000000000031,444
398135,4513,94.4999999999989,1010
398466,4514,24.800000000000153,331
398875,4515,26.000000000000128,409
399282,4516,34.800000000000296,407
399610,4517,29.300000000000153,328
400168,4518,51.10000000000046,558
400783,4519,54.70000000000054,615
401076,4520,26.700000000000113,293
402199,4521,101.29999999999865,1123
402755,4522,47.300000000000445,556
403051,4523,17.399999999999984,296
403327,4524,22.300000000000118,276
403431,4525,8.699999999999982,104
404046,4526,57.700000000000585,615
404358,4527,25.000000000000163,312
404652,4528,22.6000000000001,294
404946,4529,25.600000000000126,294
405502,4530,44.300000000000374,556
405963,4531,37.50000000000033,461
406973,4532,89.09999999999894,1010
407475,4533,38.900000000000375,502
407545,4534,3.1999999999999984,70
407989,4535,36.40000000000026,444
408111,4536,9.299999999999976,122
409234,4537,104.89999999999826,1123
410393,4538,103.39999999999827,1159
410498,4539,6.999999999999988,105
411282,4540,73.09999999999988,784
411535,4541,24.800000000000097,253
411640,4542,9.99999999999998,105
412308,4543,57.60000000000063,668
413126,4544,74.39999999999999,818
414665,4545,123.9999999999969,1539
415638,4546,75.49999999999997,973
416006,4547,31.800000000000175,368
416148,4548,13.399999999999968,142
416557,4549,35.00000000000026,409
416852,4550,22.70000000000011,295
417441,4551,59.30000000000053,589
418224,4552,58.60000000000073,783
418591,4553,26.90000000000019,367
419298,4554,68.4000000000003,707
420670,4555,111.7999999999977,1372
421150,4556,40.90000000000037,480
421255,4557,8.199999999999983,105
421880,4558,53.900000000000546,625
421970,4559,6.999999999999986,90
422056,4560,1.199999999999993,86
422111,4561,2.599999999999998,55
422401,4562,29.40000000000014,290
423221,4563,65.6000000000004,820
425089,4564,160.49999999999457,1868
425795,4565,70.70000000000016,706
426091,4566,28.800000000000164,296
427327,4567,106.89999999999819,1236
427658,4568,27.800000000000193,331
428171,4569,34.600000000000335,513
428354,4570,12.999999999999964,183
429552,4571,97.99999999999812,1198
430900,4572,129.19999999999698,1348
432419,4573,101.89999999999816,1519
432884,4574,26.50000000000014,465
433065,4575,11.599999999999962,181
433115,4576,-0.8999999999999986,50
433202,4577,6.699999999999987,87
434287,4578,85.7999999999989,1085
434429,4579,10.999999999999972,142
434647,4580,12.59999999999995,218
435091,4581,30.400000000000304,444
435159,4582,1.7999999999999998,68
435281,4583,4.4999999999999805,122
435988,4584,51.600000000000556,707
436885,4585,71.50000000000011,897
437665,4586,64.30000000000052,780
437730,4587,4.5,65
438092,4588,23.400000000000105,362
438614,4589,25.00000000000014,522
438708,4590,-1.600000000000003,94
439169,4591,35.10000000000022,461
440439,4592,111.19999999999759,1270
441445,4593,83.2999999999993,1006
443620,4594,184.89999999999313,2175
443760,4595,11.399999999999975,140
443863,4596,7.399999999999984,103
444534,4597,51.900000000000496,671
444584,4598,-2.699999999999998,50
445175,4599,42.70000000000046,591
446668,4600,134.69999999999627,1493
446736,4601,2.399999999999998,68
446841,4602,4.599999999999997,105
448925,4603,161.09999999999357,2084
449293,4604,30.6000000000002,368
449346,4605,2.9999999999999982,53
449470,4606,5.299999999999982,124
449522,4607,2.299999999999999,52
449572,4608,-3.899999999999998,50
450094,4609,47.20000000000038,522
450799,4610,49.60000000000063,705
451242,4611,40.50000000000034,443
452571,4612,120.39999999999695,1329
452790,4613,12.69999999999995,219
453271,4614,39.20000000000034,481
453506,4615,8.899999999999947,235
453576,4616,1.4000000000000021,70
454775,4617,85.49999999999906,1199
456499,4618,149.39999999999537,1724
456908,4619,36.20000000000027,409
458160,4620,107.89999999999795,1252
459092,4621,81.89999999999952,932
459988,4622,77.39999999999964,896
461188,4623,107.19999999999801,1200
462329,4624,105.49999999999824,1141
462451,4625,6.899999999999979,122
462859,4626,35.500000000000256,408
462910,4627,2.1999999999999993,51
463242,4628,21.300000000000026,332
463764,4629,44.800000000000395,522
465113,4630,120.29999999999703,1349
467216,4631,186.09999999999337,2103
467286,4632,6.199999999999992,70
467652,4633,26.800000000000136,366
467702,4634,-6.299999999999999,50
467920,4635,15.59999999999998,218
468365,4636,37.10000000000026,445
469295,4637,84.09999999999944,930
470043,4638,59.60000000000068,748
470863,4639,59.000000000000675,820
471344,4640,28.400000000000276,481
472092,4641,66.80000000000041,748
472952,4642,63.9000000000006,860
474526,4643,150.59999999999613,1574
474970,4644,34.00000000000025,444
475020,4645,-4.499999999999998,50
475125,4646,8.799999999999981,105
475228,4647,6.1999999999999895,103
476428,4648,104.19999999999817,1200
476591,4649,13.099999999999962,163
476696,4650,8.799999999999983,105
476859,4651,10.699999999999964,163
477453,4652,51.400000000000496,594
478294,4653,65.3000000000005,841
478344,4654,-0.8999999999999986,50
478394,4655,-5.099999999999998,50
478444,4656,-6.899999999999999,50
478548,4657,7.499999999999982,104
478653,4658,8.799999999999983,105
478703,4659,-2.099999999999998,50
478753,4660,-0.8999999999999986,50
479311,4661,34.30000000000027,558
480285,4662,89.39999999999918,974
481295,4663,90.8999999999987,1010
481345,4664,-4.499999999999998,50
481395,4665,-6.299999999999999,50
481445,4666,-0.8999999999999986,50
481495,4667,-1.4999999999999982,50
481545,4668,-1.4999999999999982,50
481595,4669,-5.099999999999998,50
481645,4670,-5.699999999999998,50
481695,4671,-2.099999999999998,50
481745,4672,-2.699999999999998,50
481795,4673,-7.499999999999998,50
481845,4674,-5.699999999999998,50
481895,4675,-3.899999999999998,50
481945,4676,-4.499999999999998,50
481995,4677,-6.299999999999999,50
482045,4678,-1.4999999999999982,50
482131,4679,2.9999999999999893,86
482314,4680,14.199999999999958,183
482364,4681,-6.899999999999999,50
482414,4682,-8.099999999999998,50
482464,4683,-6.299999999999999,50
482514,4684,-8.099999999999998,50
482564,4685,-7.499999999999998,50
482614,4686,-8.099999999999998,50
482664,4687,-2.099999999999998,50
482714,4688,-0.8999999999999986,50
482764,4689,-8.099999999999998,50
482814,4690,-6.299999999999999,50
482864,4691,-0.8999999999999986,50
482914,4692,-6.299999999999999,50
482964,4693,-6.299999999999999,50
483014,4694,-6.299999999999999,50
483156,4695,12.199999999999969,142
483434,4696,15.299999999999972,278
483484,4697,-7.499999999999998,50
484908,4698,118.79999999999715,1424
484958,4699,-7.499999999999998,50
485008,4700,-8.7,50
485058,4701,-7.499999999999998,50
485108,4702,-7.499999999999998,50
485158,4703,-8.7,50
485208,4704,-6.899999999999999,50
485258,4705,-4.499999999999998,50
485326,4706,4.7999999999999945,68
485544,4707,16.799999999999997,218
486814,4708,91.99999999999908,1270
486864,4709,-5.099999999999998,50
486914,4710,-8.099999999999998,50
486964,4711,-7.499999999999998,50
487014,4712,-5.699999999999998,50
487064,4713,-8.099999999999998,50
487114,4714,-8.099999999999998,50
487164,4715,-8.099999999999998,50
487214,4716,-0.8999999999999986,50
487264,4717,-7.499999999999998,50
487314,4718,-6.899999999999999,50
487365,4719,1.6000000000000019,51
487434,4720,6.0999999999999925,69
487484,4721,-6.299999999999999,50
487534,4722,-0.8999999999999986,50
487584,4723,-5.699999999999999,50
487916,4724,23.1000000000001,332
487966,4725,-5.699999999999998,50
488016,4726,-6.299999999999999,50
488066,4727,-3.299999999999998,50
488116,4728,-5.699999999999998,50
488166,4729,-0.8999999999999986,50
488235,4730,4.3,69
488679,4731,32.20000000000022,444
488729,4732,-8.099999999999998,50
488779,4733,-5.699999999999998,50
488829,4734,-8.7,50
488879,4735,-0.8999999999999986,50
488929,4736,-7.499999999999998,50
488979,4737,-7.499999999999998,50
489029,4738,-0.8999999999999986,50
489133,4739,7.499999999999982,104
489183,4740,-6.299999999999999,50
489233,4741,-7.499999999999998,50
489283,4742,-5.099999999999998,50
489333,4743,-0.8999999999999986,50
490491,4744,82.29999999999889,1158
490541,4745,-4.499999999999998,50
491548,4746,60.000000000000966,1007
491654,4747,7.099999999999982,106
494097,4748,209.5999999999921,2443
495296,4749,89.09999999999894,1199
495967,4750,56.10000000000059,671
496941,4751,83.99999999999949,974
497236,4752,17.90000000000008,295
497286,4753,-0.8999999999999986,50
497355,4754,4.899999999999997,69
497405,4755,-0.8999999999999986,50
498862,4756,127.7999999999968,1457
499567,4757,56.80000000000058,705
502009,4758,213.0999999999922,2442
502531,4759,43.00000000000039,522
502929,4760,34.800000000000246,398
503224,4761,15.49999999999994,295
503442,4762,9.59999999999996,218
503492,4763,-0.8999999999999986,50
504389,4764,68.50000000000033,897
506981,4765,219.09999999999098,2592
508026,4766,91.69999999999887,1045
508096,4767,5.599999999999994,70
508689,4768,48.300000000000374,593
509376,4769,39.100000000000335,687
510688,4770,116.89999999999742,1312
510794,4771,7.099999999999982,106
512173,4772,133.19999999999663,1379
512807,4773,36.50000000000036,634
513138,4774,14.599999999999984,331
514071,4775,58.60000000000055,933
514290,4776,15.099999999999966,219
514545,4777,20.80000000000007,255
515632,4778,84.19999999999912,1087
515738,4779,4.09999999999999,106
517345,4780,130.1999999999969,1607
520466,4781,253.39999999998923,3121
520572,4782,7.099999999999985,106
523917,4783,265.599999999994,3345
524812,4784,67.70000000000044,895
526161,4785,125.09999999999711,1349
527812,4786,142.0999999999956,1651
528107,4787,11.299999999999947,295
529872,4788,88.99999999999878,1765
529922,4789,-0.8999999999999986,50
530217,4790,24.500000000000124,295
531000,4791,55.60000000000071,783
531142,4792,9.79999999999997,142
531212,4793,0.8000000000000025,70
531805,4794,26.70000000000017,593
534300,4795,198.299999999992,2495
534554,4796,18.300000000000054,254
535075,4797,45.30000000000042,521
536501,4798,124.99999999999747,1426
537360,4799,65.60000000000048,859
541721,4800,396.3000000000261,4361
542166,4801,35.900000000000304,445
542383,4802,14.299999999999951,217
542828,4803,39.50000000000027,445
542950,4804,8.699999999999976,122
543530,4805,46.10000000000048,580
543748,4806,13.799999999999953,218
544455,4807,63.000000000000625,707
544785,4808,30.10000000000016,330
546360,4809,126.09999999999647,1575
548193,4810,163.59999999999482,1833
549147,4811,89.49999999999899,954
549200,4812,1.799999999999999,53
550396,4813,105.59999999999843,1196
550501,4814,6.399999999999983,105
551249,4815,69.20000000000022,748
552144,4816,73.69999999999985,895
552701,4817,33.000000000000234,557
554276,4818,143.49999999999622,1575
556755,4819,230.89999999999134,2479
557729,4820,67.80000000000028,974
560579,4821,252.39999999998955,2850
560682,4822,4.9999999999999964,103
561802,4823,109.99999999999817,1120
562019,4824,19.100000000000012,217
562072,4825,2.3999999999999986,53
562404,4826,29.100000000000176,332
562998,4827,52.60000000000054,594
564233,4828,112.79999999999802,1235
564561,4829,16.699999999999953,328
564796,4830,11.899999999999967,235
564850,4831,3.099999999999998,54
564952,4832,6.699999999999983,102
565171,4833,17.499999999999993,219
565293,4834,8.099999999999977,122
565397,4835,4.499999999999988,104
565503,4836,4.699999999999987,106
566303,4837,54.90000000000066,800
566764,4838,39.30000000000032,461
568940,4839,171.79999999999362,2176
569288,4840,25.900000000000126,348
569430,4841,13.999999999999968,142
569649,4842,15.099999999999966,219
572240,4843,217.1999999999909,2591
572572,4844,31.500000000000185,332
572902,4845,28.90000000000019,330
573346,4846,37.600000000000314,444
574241,4847,79.69999999999952,895
574779,4848,42.20000000000046,538
575450,4849,60.30000000000063,671
575931,4850,38.60000000000034,481
576695,4851,57.6000000000007,764
576837,4852,9.19999999999997,142
576907,4853,5.599999999999994,70
577125,4854,18.000000000000032,218
577420,4855,20.300000000000058,295
577769,4856,25.400000000000222,349
578065,4857,27.60000000000015,296
578736,4858,57.30000000000059,671
580650,4859,167.49999999999417,1914
581695,4860,94.69999999999878,1045
582216,4861,44.7000000000004,521
584207,4862,172.79999999999438,1991
586874,4863,239.79999999999058,2667
587129,4864,22.000000000000057,255
587345,4865,17.199999999999974,216
589741,4866,216.59999999999198,2396
590715,4867,81.59999999999958,974
591422,4868,64.20000000000064,707
592170,4869,66.80000000000034,748
593329,4870,96.79999999999863,1159
594242,4871,76.69999999999956,913
596531,4872,210.99999999999233,2289
596975,4873,35.200000000000244,444
598436,4874,131.79999999999697,1461
599636,4875,112.599999999998,1200
599688,4876,2.299999999999999,52
600359,4877,54.90000000000059,671
601332,4878,70.70000000000017,973
601515,4879,9.39999999999996,183
601621,4880,4.099999999999991,106
601671,4881,-7.499999999999998,50
601834,4882,8.299999999999965,163
602130,4883,22.200000000000063,296
602721,4884,38.500000000000455,591
604183,4885,134.29999999999646,1462
604852,4886,54.70000000000059,669
605106,4887,12.899999999999949,254
606678,4888,144.99999999999602,1572
607087,4889,36.20000000000026,409
607758,4890,49.500000000000504,671
608572,4891,77.59999999999977,814
609469,4892,76.29999999999943,897
609781,4893,27.400000000000155,312
610904,4894,100.6999999999985,1123
611252,4895,30.700000000000216,348
613765,4896,214.19999999999152,2513
614096,4897,26.00000000000015,331
614345,4898,24.400000000000073,249
615807,4899,107.89999999999708,1462
616021,4900,20.000000000000025,214
618802,4901,242.49999999998968,2781
618908,4902,5.899999999999983,106
619501,4903,50.1000000000005,593
621831,4904,220.19999999999172,2330
621901,4905,1.9999999999999982,70
623512,4906,136.5999999999962,1611
624408,4907,88.19999999999922,896
625567,4908,96.19999999999857,1159
627669,4909,165.59999999999408,2102
628001,4910,30.900000000000183,332
628688,4911,54.70000000000057,687
630186,4912,140.5999999999964,1498
633602,4913,308.70000000000084,3416
633934,4914,26.700000000000152,332
637317,4915,290.6999999999989,3383
637534,4916,18.500000000000014,217
637753,4917,18.700000000000028,219
639135,4918,131.09999999999667,1382
639467,4919,19.500000000000064,332
640102,4920,61.20000000000061,635
640467,4921,33.3000000000002,365
641138,4922,55.50000000000059,671
641224,4923,1.7999999999999954,86
641520,4924,26.400000000000137,296
642566,4925,89.39999999999887,1046
642897,4926,25.40000000000012,331
642947,4927,-7.499999999999998,50
643016,4928,6.0999999999999925,69
643086,4929,6.199999999999992,70
644132,4930,90.59999999999896,1046
644254,4931,5.699999999999983,122
645845,4932,137.2999999999961,1591
645895,4933,-5.099999999999998,50
645945,4934,-6.299999999999999,50
646050,4935,7.599999999999984,105
647153,4936,91.19999999999887,1103
647203,4937,-5.699999999999998,50
647571,4938,38.400000000000254,368
649707,4939,192.69999999999317,2136
649888,4940,12.799999999999958,181
650672,4941,72.50000000000006,784
651266,4942,49.00000000000049,594
651316,4943,-3.899999999999998,50
658051,4944,611.2000000000695,6735
658722,4945,59.1000000000006,671
659051,4946,30.600000000000183,329
660286,4947,106.79999999999802,1235
660989,4948,65.00000000000053,703
661207,4949,21.000000000000032,218
661616,4950,34.400000000000254,409
662060,4951,41.80000000000035,444
663034,4952,77.39999999999961,974
663103,4953,2.499999999999998,69
665808,4954,231.29999999999046,2705
666667,4955,78.19999999999965,859
670160,4956,317.60000000000304,3493
671393,4957,108.39999999999789,1233
671462,4958,4.899999999999997,69
671680,4959,19.200000000000003,218
672295,4960,46.90000000000046,615
672530,4961,17.300000000000033,235
672975,4962,43.70000000000035,445
674494,4963,129.49999999999665,1519
675843,4964,126.8999999999972,1349
676514,4965,49.50000000000054,671
677108,4966,59.20000000000055,594
677327,4967,11.499999999999979,219
677396,4968,6.0999999999999925,69
678555,4969,114.19999999999798,1159
678605,4970,-5.699999999999998,50
678746,4971,10.299999999999974,141
679529,4972,68.80000000000018,783
681026,4973,126.09999999999692,1497
682148,4974,107.19999999999798,1122
685834,4975,307.2000000000012,3686
686241,4976,34.20000000000027,407
686573,4977,30.900000000000198,332
687773,4978,105.99999999999808,1200
688896,4979,104.29999999999819,1123
689942,4980,89.39999999999908,1046
689992,4981,-8.099999999999998,50
692035,4982,193.29999999999328,2043
692085,4983,-8.7,50
692135,4984,-8.099999999999998,50
692185,4985,-8.7,50
692235,4986,-8.7,50
692285,4987,-5.699999999999998,50
692335,4988,-7.499999999999998,50
692385,4989,-8.7,50
692435,4990,-6.899999999999999,50
692783,4991,22.300000000000097,348
692833,4992,-0.8999999999999986,50
692883,4993,-6.899999999999999,50
692933,4994,-7.499999999999998,50
693039,4995,7.099999999999984,106
693089,4996,-5.699999999999998,50
693139,4997,-8.099999999999998,50
693189,4998,-7.499999999999998,50
693239,4999,-8.099999999999998,50
693554,5000,25.300000000000125,315
693604,5001,-6.899999999999999,50
693654,5002,-5.699999999999998,50
695645,5003,171.59999999999445,1991
696126,5004,47.600000000000385,481
696176,5005,-7.499999999999998,50
696246,5006,5.599999999999994,70
697143,5007,71.49999999999994,897
697342,5008,3.799999999999958,199
698049,5009,68.4000000000004,707
700395,5010,201.39999999999208,2346
700689,5011,24.400000000000105,294
704298,5012,342.10000000000974,3609
704430,5013,6.699999999999978,132
704988,5014,52.30000000000048,558
705170,5015,12.899999999999958,182
707195,5016,186.69999999999345,2025
707828,5017,55.600000000000485,633
708610,5018,60.90000000000072,782
708923,5019,31.70000000000018,313
709479,5020,49.700000000000486,556
709584,5021,10.59999999999998,105
710025,5022,40.900000000000325,441
711224,5023,101.69999999999837,1199
712121,5024,70.30000000000027,897
712937,5025,69.4000000000003,816
713007,5026,4.9999999999999964,70
714207,5027,99.39999999999827,1200
714329,5028,3.899999999999979,122
715112,5029,52.0000000000007,783
716009,5030,69.69999999999972,897
717471,5031,134.89999999999645,1462
719045,5032,128.99999999999636,1574
719376,5033,32.60000000000018,331
721479,5034,181.8999999999933,2103
721529,5035,-5.099999999999998,50
722009,5036,34.900000000000276,480
722151,5037,12.199999999999973,142
723197,5038,46.2000000000007,1046
723378,5039,7.999999999999961,181
724275,5040,76.8999999999997,897
725208,5041,85.59999999999913,933
725277,5042,4.899999999999997,69
726210,5043,71.80000000000022,933
726691,5044,42.2000000000003,481
727003,5045,9.999999999999927,312
728837,5046,157.6999999999956,1834
729657,5047,75.19999999999982,820
729707,5048,-8.099999999999998,50
732674,5049,266.19999999999277,2967
732724,5050,-6.299999999999999,50
732774,5051,-6.299999999999999,50
733480,5052,64.70000000000056,706
733888,5053,33.10000000000025,408
733955,5054,2.2999999999999985,67
735301,5055,119.99999999999729,1346
736115,5056,75.2,814
736218,5057,8.599999999999982,103
736514,5058,24.600000000000062,296
739069,5059,236.0999999999909,2555
739401,5060,29.700000000000177,332
739995,5061,58.00000000000052,594
740742,5062,63.70000000000056,747
742994,5063,194.3999999999927,2252
746792,5064,366.7000000000149,3798
746934,5065,12.79999999999997,142
748056,5066,103.59999999999826,1122
748142,5067,-4.440892098500626e-15,86
748700,5068,50.50000000000047,558
748842,5069,10.399999999999972,142
750299,5070,145.1999999999964,1457
750892,5071,55.50000000000051,593
750942,5072,-5.699999999999998,50
751064,5073,2.6999999999999806,122
751884,5074,71.00000000000014,820
752910,5075,98.49999999999858,1026
753581,5076,59.100000000000634,671
754139,5077,45.100000000000456,558
756505,5078,210.29999999999185,2366
756573,5079,1.799999999999999,68
757319,5080,63.00000000000058,746
758066,5081,60.700000000000685,747
758172,5082,7.099999999999982,106
760348,5083,186.79999999999305,2176
760969,5084,58.30000000000057,621
764203,5085,299.2000000000012,3234
764725,5086,39.40000000000029,522
768463,5087,334.3000000000084,3738
768758,5088,19.10000000000002,295
771802,5089,285.2999999999971,3044
772134,5090,22.500000000000075,332
772805,5091,63.90000000000046,671
773023,5092,12.599999999999952,218
773241,5093,17.999999999999986,218
773311,5094,4.399999999999994,70
774013,5095,65.50000000000053,702
779959,5096,547.0000000000548,5946
780009,5097,-8.099999999999998,50
780059,5098,-8.099999999999998,50
780109,5099,-8.7,50
780159,5100,-5.699999999999998,50
780907,5101,65.00000000000057,748
781594,5102,61.90000000000053,687
784183,5103,209.1999999999912,2589
784402,5104,22.30000000000006,219
785714,5105,112.09999999999746,1312
788192,5106,229.59999999999116,2478
789540,5107,128.59999999999707,1348
790021,5108,44.60000000000036,481
790353,5109,27.30000000000016,332
790834,5110,41.00000000000036,481
791017,5111,14.799999999999958,183
791235,5112,16.8,218
791564,5113,25.200000000000163,329
792234,5114,60.800000000000644,670
792304,5115,4.9999999999999964,70
793504,5116,104.79999999999792,1200
794776,5117,112.59999999999734,1272
794846,5118,4.9999999999999964,70
795553,5119,60.60000000000052,707
796937,5120,127.69999999999663,1384
799904,5121,264.9999999999923,2967
800010,5122,7.099999999999982,106
800491,5123,39.8000000000003,481
801311,5124,60.800000000000715,820
801905,5125,53.200000000000465,594
802044,5126,13.09999999999997,139
803583,5127,132.99999999999673,1539
803878,5128,26.30000000000011,295
806092,5129,188.49999999999312,2214
806346,5130,21.30000000000008,254
807165,5131,76.29999999999971,819
810806,5132,316.80000000000496,3641
812118,5133,115.09999999999755,1312
816893,5134,411.6000000000274,4775
816947,5135,3.099999999999998,54
818219,5136,116.19999999999767,1272
818324,5137,5.199999999999991,105
818578,5138,19.500000000000014,254
819136,5139,52.300000000000466,558
821196,5140,193.4999999999931,2060
822127,5141,84.79999999999941,931
822907,5142,70.30000000000034,780
823914,5143,95.9999999999988,1007
826619,5144,231.29999999999106,2705
826669,5145,-7.499999999999998,50
826719,5146,-5.099999999999998,50
826769,5147,-7.499999999999998,50
826819,5148,-3.299999999999998,50
826869,5149,-7.499999999999998,50
827278,5150,33.80000000000026,409
828175,5151,44.500000000000554,897
831142,5152,279.9999999999949,2967
831268,5153,6.099999999999978,126
831374,5154,8.899999999999986,106
831424,5155,-7.499999999999998,50
831564,5156,10.79999999999997,140
831896,5157,18.3,332
833584,5158,157.4999999999956,1688
833634,5159,-5.099999999999998,50
834905,5160,113.69999999999769,1271
835031,5161,6.099999999999984,126
835362,5162,13.999999999999918,331
837615,5163,191.4999999999932,2253
838772,5164,98.99999999999811,1157
838842,5165,1.9999999999999978,70
839662,5166,66.80000000000024,820
839730,5167,1.799999999999998,68
840663,5168,83.19999999999962,933
842273,5169,145.4999999999958,1610
842378,5170,4.599999999999995,105
842856,5171,45.50000000000036,478
843923,5172,80.09999999999948,1067
844061,5173,11.79999999999997,138
844203,5174,10.99999999999997,142
844910,5175,60.60000000000066,707
845205,5176,21.500000000000107,295
845291,5177,1.7999999999999936,86
845848,5178,44.40000000000042,557
851039,5179,486.5000000000402,5191
851105,5180,4.0,66
852793,5181,146.69999999999592,1688
853496,5182,53.60000000000054,703
853632,5183,10.399999999999974,136
853815,5184,10.599999999999966,183
855728,5185,158.39999999999435,1913
857190,5186,133.09999999999647,1462
859140,5187,157.5999999999956,1950
863427,5188,387.70000000001806,4287
863494,5189,4.699999999999998,67
864991,5190,142.29999999999603,1497
865698,5191,55.20000000000065,707
865881,5192,12.39999999999996,183
869072,5193,263.999999999991,3191
870456,5194,119.89999999999719,1384
872594,5195,197.69999999999334,2138
873487,5196,72.90000000000029,893
873948,5197,36.300000000000296,461
874958,5198,89.69999999999908,1010
876436,5199,132.29999999999674,1478
876845,5200,38.00000000000027,409
877080,5201,16.100000000000048,235
877412,5202,31.500000000000206,332
878160,5203,64.40000000000065,748
878621,5204,35.70000000000029,461
882343,5205,336.9000000000079,3722
883821,5206,124.49999999999665,1478
885812,5207,173.39999999999378,1991
886124,5208,25.600000000000172,312
887925,5209,162.49999999999477,1801
889011,5210,82.89999999999961,1086
889532,5211,42.900000000000354,521
889637,5212,7.599999999999984,105
890082,5213,41.9000000000003,445
892030,5214,181.99999999999397,1948
892396,5215,30.400000000000194,366
895741,5216,299.79999999999905,3345
895827,5217,1.7999999999999954,86
896159,5218,29.700000000000195,332
897810,5219,142.0999999999955,1651
901945,5220,383.90000000002027,4135
902467,5221,49.00000000000042,522
902573,5222,8.89999999999998,106
903695,5223,88.59999999999938,1122
904104,5224,28.40000000000015,409
906095,5225,169.19999999999402,1991
906330,5226,18.500000000000053,235
906698,5227,33.000000000000185,368
907179,5228,34.40000000000034,481
907511,5229,30.300000000000196,332
907561,5230,-6.299999999999999,50
907611,5231,-5.699999999999998,50
908317,5232,62.30000000000064,706
908500,5233,14.19999999999996,183
910995,5234,228.29999999999094,2495
913283,5235,201.29999999999245,2288
916777,5236,326.70000000000533,3494
917108,5237,24.800000000000153,331
919829,5238,248.4999999999899,2721
920464,5239,57.00000000000054,635
921359,5240,73.69999999999982,895
921465,5241,5.299999999999991,106
921927,5242,41.20000000000033,462
923387,5243,131.09999999999678,1460
925697,5244,193.8999999999921,2310
925836,5245,11.899999999999972,139
928690,5246,260.5999999999908,2854
929135,5247,44.900000000000354,445
931082,5248,166.29999999999436,1947
931752,5249,67.40000000000038,670
931819,5250,1.1000000000000019,67
932793,5251,85.19999999999914,974
934445,5252,151.79999999999575,1652
934794,5253,31.40000000000019,349
935238,5254,40.000000000000306,444
935493,5255,23.20000000000006,255
938762,5256,300.6000000000008,3269
939110,5257,32.500000000000206,348
939216,5258,5.29999999999999,106
939887,5259,54.900000000000595,671
940106,5260,13.29999999999995,219
942504,5261,209.599999999992,2398
942949,5262,36.50000000000031,445
944072,5263,95.89999999999861,1123
946321,5264,215.0999999999924,2249
947105,5265,69.50000000000027,784
949127,5266,176.1999999999938,2022
949873,5267,73.79999999999998,746
951803,5268,181.699999999994,1930
951853,5269,-5.099999999999998,50
952411,5270,55.300000000000466,558
953534,5271,101.89999999999834,1123
953584,5272,-0.8999999999999986,50
956287,5273,242.49999999999025,2703
956523,5274,17.400000000000016,236
956626,5275,9.199999999999982,103
956809,5276,13.59999999999996,183
958757,5277,181.39999999999412,1948
959425,5278,54.60000000000052,668
959511,5279,0.5999999999999925,86
959561,5280,-3.899999999999998,50
959666,5281,8.799999999999983,105
959978,5282,25.60000000000013,312
961742,5283,146.49999999999525,1764
961997,5284,21.400000000000073,255
962180,5285,8.19999999999996,183
962230,5286,-3.899999999999998,50
963123,5287,83.09999999999962,893
964810,5288,153.79999999999575,1687
964876,5289,4.599999999999999,66
965206,5290,24.700000000000138,330
965272,5291,4.599999999999999,66
965341,5292,4.899999999999997,69
965444,5293,9.799999999999983,103
965924,5294,43.3000000000003,480
965993,5295,4.899999999999997,69
967712,5296,146.49999999999534,1719
969283,5297,133.49999999999616,1571
969499,5298,18.400000000000006,216
970247,5299,47.000000000000554,748
971952,5300,138.1999999999962,1705
972206,5301,19.500000000000053,254
973968,5302,150.49999999999557,1762
974335,5303,34.10000000000021,367
974586,5304,21.000000000000025,251
974995,5305,38.60000000000027,409
975589,5306,55.60000000000053,594
975995,5307,24.500000000000092,406
976553,5308,48.700000000000465,558
981517,5309,428.40000000003147,4964
985258,5310,320.80000000001024,3741
986943,5311,142.79999999999646,1685
988177,5312,92.29999999999868,1234
988227,5313,-6.899999999999999,50
988635,5314,37.30000000000028,408
989757,5315,94.59999999999893,1122
989807,5316,-3.899999999999998,50
989970,5317,10.69999999999997,163
990564,5318,54.40000000000046,594
990632,5319,3.599999999999996,68
991302,5320,51.200000000000514,670
991352,5321,-5.099999999999998,50
992059,5322,44.400000000000354,707
993372,5323,110.99999999999804,1313
994607,5324,109.79999999999785,1235
995427,5325,58.40000000000065,820
996319,5326,79.39999999999986,892
996441,5327,10.499999999999975,122
1001083,5328,403.1000000000288,4642
1001205,5329,5.6999999999999815,122
1001779,5330,54.500000000000504,574
1003128,5331,121.4999999999971,1349
1003178,5332,-5.099999999999998,50
1004976,5333,136.39999999999674,1798
1005272,5334,16.799999999999955,296
1007356,5335,135.29999999999615,2084
1008216,5336,80.09999999999955,860
1008285,5337,4.899999999999997,69
1010954,5338,237.59999999999079,2669
1012493,5339,137.7999999999964,1539
1015387,5340,251.69999999998916,2894
1015553,5341,7.399999999999981,166
1016789,5342,114.09999999999783,1236
1016972,5343,8.799999999999969,183
1017094,5344,4.4999999999999805,122
1017309,5345,21.900000000000055,215
1021819,5346,403.40000000002584,4510
1022186,5347,28.70000000000022,367
1022405,5348,19.900000000000034,219
1023265,5349,72.90000000000013,860
1028230,5350,453.1000000000331,4965
1031536,5351,299.79999999999893,3306
1031606,5352,4.9999999999999964,70
1032763,5353,92.39999999999856,1157
1033546,5354,69.40000000000042,783
1033989,5355,35.70000000000025,443
1035034,5356,91.09999999999876,1045
1035366,5357,33.90000000000022,332
1035493,5358,3.7999999999999803,127
1037101,5359,144.6999999999959,1608
1039691,5360,221.2999999999911,2590
1041302,5361,123.99999999999602,1611
1041424,5362,2.6999999999999806,122
1041982,5363,51.700000000000465,558
1042330,5364,21.10000000000013,348
1044825,5365,230.09999999999087,2495
1049103,5366,389.50000000001967,4278
1051356,5367,193.2999999999928,2253
1051539,5368,14.799999999999956,183
1052888,5369,109.499999999998,1349
1053184,5370,22.20000000000009,296
1054117,5371,80.19999999999962,933
1054445,5372,23.900000000000084,328
1054889,5373,32.800000000000274,444
1055446,5374,43.200000000000394,557
1055740,5375,23.80000000000007,294
1057956,5376,184.499999999993,2216
1060921,5377,262.3999999999914,2965
1060971,5378,-0.8999999999999986,50
1061021,5379,-5.699999999999998,50
1061071,5380,-8.7,50
1061121,5381,-6.299999999999999,50
1061171,5382,-8.099999999999998,50
1061221,5383,-6.899999999999999,50
1061271,5384,-7.499999999999998,50
1061321,5385,-0.8999999999999986,50
1063723,5386,209.99999999999181,2402
1065766,5387,193.89999999999318,2043
1067904,5388,183.8999999999939,2138
1070419,5389,223.39999999999117,2515
1070750,5390,27.80000000000014,331
1071194,5391,40.00000000000029,444
1072430,5392,103.89999999999812,1236
1072762,5393,26.10000000000013,332
1072830,5394,5.999999999999993,68
1073422,5395,50.60000000000051,592
1077031,5396,331.9000000000085,3609
1079474,5397,207.19999999999195,2443
1080255,5398,72.8000000000001,781
1080510,5399,26.80000000000011,255
1080918,5400,41.500000000000284,408
1082380,5401,127.09999999999695,1462
1082599,5402,19.30000000000002,219
1083495,5403,71.39999999999975,896
1087104,5404,335.50000000000887,3609
1087678,5405,37.10000000000036,574
1090270,5406,219.6999999999912,2592
1090731,5407,41.700000000000294,461
1091572,5408,73.09999999999994,841
1092187,5409,42.100000000000456,615
1092329,5410,12.199999999999969,142
1097916,5411,494.30000000004765,5587
1098247,5412,30.20000000000018,331
1098614,5413,31.100000000000207,367
1099283,5414,60.10000000000064,669
1099497,5415,16.399999999999956,214
1100655,5416,98.49999999999865,1158
1100835,5417,14.49999999999996,180
1100998,5418,12.499999999999979,163
1102686,5419,147.29999999999563,1688
1102790,5420,6.899999999999989,104
1104175,5421,119.39999999999739,1385
1105446,5422,108.8999999999977,1271
1106117,5423,68.70000000000034,671
1106562,5424,40.10000000000032,445
1106612,5425,-0.8999999999999986,50
1106718,5426,3.499999999999992,106
1106824,5427,4.099999999999987,106
1108153,5428,94.59999999999866,1329
1109425,5429,114.9999999999977,1272
1109495,5430,6.199999999999992,70
1110053,5431,51.100000000000485,558
1110139,5432,1.7999999999999945,86
1110393,5433,18.900000000000016,254
1110628,5434,14.900000000000027,235
1110734,5435,10.09999999999998,106
1111708,5436,92.39999999999911,974
1111830,5437,3.899999999999981,122
1111880,5438,-3.899999999999998,50
1113245,5439,115.29999999999738,1365
1114589,5440,123.9999999999973,1344
1115147,5441,49.90000000000041,558
1117057,5442,177.29999999999438,1910
1117348,5443,27.100000000000136,291
1119113,5444,168.19999999999484,1765
1119219,5445,8.899999999999983,106
1119680,5446,32.10000000000031,461
1120012,5447,25.500000000000103,332
1120231,5448,18.700000000000003,219
1120372,5449,12.699999999999969,141
1120817,5450,43.10000000000035,445
1122279,5451,131.8999999999968,1462
1123478,5452,87.89999999999903,1199
1124672,5453,116.79999999999774,1194
1127151,5454,231.49999999999102,2479
1132680,5455,446.2000000000428,5529
1133611,5456,84.19999999999943,931
1133976,5457,32.10000000000021,365
1134984,5458,96.09999999999867,1008
1138140,5459,273.3999999999972,3156
1138940,5460,63.30000000000042,800
1139722,5461,69.90000000000023,782
1140165,5462,33.30000000000032,443
1140215,5463,-4.499999999999998,50
1144049,5464,342.4000000000103,3834
1144345,5465,22.800000000000125,296
1144395,5466,-3.899999999999998,50
1144840,5467,44.90000000000036,445
1145058,5468,11.999999999999948,218
1145128,5469,5.599999999999994,70
1145270,5470,13.399999999999968,142
1148575,5471,303.9000000000014,3305
1150001,5472,136.39999999999642,1426
1150478,5473,49.0000000000004,477
1153034,5474,225.3999999999914,2556
1153555,5475,44.10000000000034,521
1157652,5476,380.40000000001714,4097
1158472,5477,78.79999999999963,820
1159328,5478,81.49999999999957,856
1160564,5479,115.89999999999756,1236
1161155,5480,46.3000000000004,591
1163182,5481,188.69999999999385,2027
1163775,5482,42.90000000000031,593
1164442,5483,61.1000000000006,667
1168991,5484,369.8000000000237,4549
1170304,5485,107.3999999999983,1313
1170467,5486,10.699999999999967,163
1171851,5487,130.69999999999692,1384
1172671,5488,63.2000000000006,820
1174733,5489,185.89999999999355,2062
1175140,5490,33.00000000000024,407
1176602,5491,136.6999999999966,1462
1176857,5492,24.4000000000001,255
1176907,5493,-6.299999999999999,50
1180855,5494,356.50000000001455,3948
1183108,5495,180.09999999999332,2253
1184907,5496,167.69999999999453,1799
1185122,5497,19.500000000000007,215
1187730,5498,238.69999999999047,2608
1187816,5499,2.9999999999999893,86
1188184,5500,28.200000000000195,368
1190853,5501,230.39999999999065,2669
1191893,5502,100.19999999999854,1040
1191998,5503,7.599999999999982,105
1192102,5504,6.299999999999985,104
1194354,5505,203.99999999999235,2252
1194537,5506,9.399999999999961,183
1199989,5507,493.7000000000459,5452
1201903,5508,174.09999999999417,1914
1202086,5509,7.599999999999968,183
1203128,5510,101.59999999999822,1042
1203573,5511,45.50000000000034,445
1206129,5512,235.59999999999062,2556
1206590,5513,38.100000000000314,461
1211441,5514,422.2000000000317,4851
1211547,5515,7.699999999999987,106
1215643,5516,370.700000000015,4096
1215693,5517,-8.7,50
1215743,5518,-8.7,50
1216788,5519,83.89999999999944,1045
1217120,5520,14.699999999999926,332
1217170,5521,-8.7,50
1217220,5522,-6.899999999999999,50
1217778,5523,45.700000000000436,558
1217828,5524,-7.499999999999998,50
1218648,5525,71.00000000000014,820
1219092,5526,38.200000000000294,444
1221681,5527,210.3999999999911,2589
1221731,5528,-6.899999999999999,50
1221835,5529,7.499999999999982,104
1221941,5530,5.899999999999985,106
1222010,5531,4.899999999999997,69
1223020,5532,90.29999999999897,1010
1223578,5533,40.9000000000004,558
1224439,5534,71.8000000000001,861
1231777,5535,650.5000000000833,7338
1233748,5536,168.69999999999445,1971
1233853,5537,8.799999999999986,105
1233923,5538,4.399999999999997,70
1234178,5539,23.200000000000067,255
1234997,5540,72.70000000000002,819
1236004,5541,86.3999999999995,1007
1236522,5542,37.80000000000026,518
1237080,5543,47.50000000000046,558
1237130,5544,2.0999999999999996,50
1238398,5545,109.19999999999828,1268
1240388,5546,179.89999999999375,1990
1241850,5547,121.09999999999658,1462
1241989,5548,11.89999999999997,139
1242204,5549,18.90000000000001,215
1246977,5550,434.20000000002983,4773
1247986,5551,91.99999999999903,1009
1248918,5552,78.29999999999966,932
1248987,5553,4.3,69
1249318,5554,28.400000000000144,331
1249684,5555,25.000000000000107,366
1250354,5556,62.60000000000061,670
1250912,5557,51.70000000000046,558
1251018,5558,5.299999999999984,106
1251086,5559,4.799999999999997,68
1251721,5560,58.200000000000585,635
1254765,5561,286.49999999999767,3044
1255323,5562,39.70000000000046,558
1258668,5563,280.5999999999979,3345
1259224,5564,49.10000000000047,556
1261698,5565,227.99999999999147,2474
1262028,5566,23.500000000000068,330
1263038,5567,66.30000000000058,1010
1263108,5568,6.199999999999992,70
1263287,5569,11.999999999999964,179
1263357,5570,4.999999999999999,70
1263407,5571,-8.099999999999998,50
1263476,5572,3.699999999999995,69
1263526,5573,-0.8999999999999986,50
1264459,5574,86.79999999999939,933
1264509,5575,-3.299999999999998,50
1265293,5576,61.700000000000536,784
1265701,5577,32.50000000000021,408
1267726,5578,174.09999999999417,2025
1268056,5579,28.300000000000175,330
1268840,5580,72.50000000000018,784
1269547,5581,64.80000000000041,707
1270067,5582,42.800000000000345,520
1270286,5583,16.29999999999996,219
1271635,5584,99.29999999999795,1349
1272984,5585,91.49999999999841,1349
1273312,5586,26.9000000000001,328
1273981,5587,60.7000000000006,669
1274236,5588,26.80000000000011,255
1276453,5589,185.19999999999303,2217
1280704,5590,355.6000000000172,4251
1283519,5591,245.59999999999008,2815
1286676,5592,284.2999999999963,3157
1286782,5593,8.89999999999998,106
1287340,5594,42.70000000000032,558
1287821,5595,30.200000000000205,481
1289472,5596,143.29999999999592,1651
1292887,5597,305.00000000000114,3415
1297399,5598,412.0000000000246,4512
1299119,5599,153.7999999999955,1720
1299372,5600,21.200000000000045,253
1302021,5601,232.8999999999906,2649
1302879,5602,81.69999999999973,858
1303243,5603,31.400000000000198,364
1305008,5604,167.599999999995,1765
1305263,5605,19.60000000000007,255
1306499,5606,106.29999999999804,1236
1308978,5607,216.49999999999145,2479
1309084,5608,7.699999999999987,106
1309247,5609,3.4999999999999805,163
1309688,5610,43.90000000000032,441
1310077,5611,15.900000000000002,389
1310635,5612,55.30000000000047,558
1312997,5613,216.49999999999176,2362
1313476,5614,43.20000000000036,479
1313731,5615,23.200000000000074,255
1314588,5616,84.59999999999947,857
1316085,5617,139.89999999999645,1497
1316417,5618,32.10000000000021,332
1316486,5619,1.899999999999999,69
1316556,5620,4.399999999999997,70
1317019,5621,43.10000000000035,463
1319950,5622,274.2999999999951,2931
1320133,5623,16.59999999999997,183
1320578,5624,38.30000000000027,445
1323093,5625,219.19999999999158,2515
1325269,5626,177.19999999999362,2176
1325337,5627,5.999999999999993,68
1325407,5628,3.7999999999999945,70
1325888,5629,24.800000000000168,481
1326670,5630,39.9000000000006,782
1326774,5631,7.499999999999982,104
1327070,5632,15.599999999999934,296
1327120,5633,-0.8999999999999986,50
1329335,5634,199.39999999999227,2215
1329441,5635,6.499999999999984,106
1330241,5636,67.50000000000024,800
1330383,5637,13.399999999999968,142
1330469,5638,2.9999999999999893,86
1336109,5639,505.00000000004917,5640
1337987,5640,160.59999999999454,1878
1338241,5641,21.90000000000008,254
1338534,5642,15.299999999999937,293
1339734,5643,112.59999999999776,1200
1339916,5644,15.299999999999969,182
1343861,5645,347.8000000000127,3945
1344363,5646,34.700000000000266,502
1344921,5647,47.500000000000455,558
1347888,5648,274.5999999999945,2967
1347993,5649,3.999999999999991,105
1348741,5650,62.000000000000675,748
1348959,5651,15.599999999999966,218
1351628,5652,250.19999999999013,2669
1352559,5653,85.39999999999938,931
1353117,5654,49.900000000000496,558
1355559,5655,203.4999999999917,2442
1355628,5656,6.0999999999999925,69
1356448,5657,70.4000000000002,820
1357458,5658,86.09999999999913,1010
1357677,5659,16.900000000000002,219
1357727,5660,-0.8999999999999986,50
1364161,5661,600.9000000000689,6434
1368669,5662,383.40000000002414,4508
1370922,5663,193.29999999999265,2253
1371894,5664,88.59999999999914,972
1372145,5665,24.00000000000011,251
1372963,5666,66.60000000000053,818
1374121,5667,103.89999999999834,1158
1374905,5668,67.70000000000026,784
1376253,5669,126.79999999999703,1348
1379409,5670,283.59999999999764,3156
1379834,5671,24.000000000000213,425
1382426,5672,224.4999999999909,2592
1383852,5673,120.79999999999674,1426
1384859,5674,84.59999999999962,1007
1386470,5675,141.399999999996,1611
1386539,5676,2.4999999999999982,69
1392746,5677,538.60000000006,6207
1393494,5678,63.80000000000065,748
1399964,5679,569.4000000000642,6470
1400328,5680,34.40000000000025,364
1401033,5681,61.000000000000625,705
1401964,5682,79.99999999999967,931
1402146,5683,14.699999999999958,182
1402216,5684,4.9999999999999964,70
1402774,5685,46.300000000000395,558
1409357,5686,626.0000000000713,6583
1409915,5687,43.300000000000395,558
1412882,5688,257.7999999999915,2967
1415698,5689,241.4999999999902,2816
1416369,5690,54.90000000000059,671
1416624,5691,17.80000000000005,255
1417519,5692,79.69999999999985,895
1424968,5693,684.1000000000848,7449
1425901,5694,77.79999999999956,933
1427587,5695,159.6999999999953,1686
1429614,5696,181.49999999999363,2027
1429720,5697,10.09999999999998,106
1430633,5698,64.10000000000052,913
1435033,5699,378.30000000001877,4400
1435102,5700,4.899999999999997,69
1439387,5701,376.7000000000172,4285
1439867,5702,42.700000000000365,480
1439917,5703,-5.099999999999998,50
1440511,5704,56.80000000000055,594
1443779,5705,310.70000000000203,3268
1443921,5706,8.599999999999971,142
1446999,5707,287.7999999999968,3078
1447049,5708,-5.699999999999998,50
1447719,5709,54.800000000000516,670
1447769,5710,-8.099999999999998,50
1449113,5711,123.39999999999705,1344
1454546,5712,488.5000000000427,5433
1454838,5713,27.80000000000013,292
1454888,5714,-5.099999999999998,50
1454932,5715,2.1000000000000014,44
1455187,5716,12.999999999999941,255
1459133,5717,344.9000000000088,3946
1460631,5718,131.59999999999707,1498
1462805,5719,194.99999999999304,2174
1462855,5720,-6.299999999999999,50
1465976,5721,279.79999999999666,3121
1468114,5722,179.099999999994,2138
1469156,5723,93.19999999999895,1042
1471522,5724,221.0999999999917,2366
1471591,5725,1.2999999999999998,69
1471641,5726,2.0999999999999996,50
1471781,5727,5.399999999999977,140
1471887,5728,6.499999999999982,106
1471973,5729,4.799999999999988,86
1472079,5730,9.499999999999982,106
1472749,5731,50.00000000000059,670
1472819,5732,4.9999999999999964,70
1474357,5733,121.49999999999712,1538
1475968,5734,138.99999999999608,1611
1476018,5735,-0.8999999999999986,50
1481584,5736,476.6000000000457,5566
1484813,5737,292.69999999999874,3229
1486085,5738,117.99999999999758,1272
1488708,5739,248.89999999999065,2623
1492091,5740,298.5000000000017,3383
1494907,5741,259.4999999999911,2816
1497535,5742,248.19999999999027,2628
1497831,5743,19.800000000000036,296
1499651,5744,137.99999999999605,1820
1502918,5745,283.5999999999975,3267
1503398,5746,42.100000000000364,480
1504331,5747,81.99999999999942,933
1509332,5748,460.6000000000379,5001
1510189,5749,82.19999999999955,857
1514737,5750,398.50000000002314,4548
1516687,5751,182.79999999999387,1950
1517620,5752,92.19999999999902,933
1517875,5753,14.799999999999953,255
1518356,5754,34.40000000000024,481
1518555,5755,7.999999999999961,199
1518605,5756,-0.8999999999999986,50
1519220,5757,40.900000000000496,615
1519270,5758,-0.8999999999999986,50
1519828,5759,33.100000000000314,558
1520686,5760,76.29999999999961,858
1521732,5761,74.39999999999995,1046
1524471,5762,245.1999999999899,2739
1524575,5763,6.299999999999983,104
1525809,5764,115.09999999999746,1234
1526590,5765,69.20000000000022,781
1527518,5766,86.8999999999992,928
1527624,5767,6.499999999999984,106
1532101,5768,414.80000000002366,4477
1533110,5769,93.19999999999862,1009
1535097,5770,181.99999999999378,1987
1535311,5771,15.799999999999955,214
1535381,5772,6.199999999999992,70
1536992,5773,137.7999999999961,1611
1539355,5774,202.19999999999217,2363
1540214,5775,79.9999999999996,859
1541072,5776,79.29999999999976,858
1544039,5777,277.599999999994,2967
1544931,5778,83.59999999999951,892
1545262,5779,23.000000000000096,331
1545517,5780,23.200000000000067,255
1548335,5781,263.299999999992,2818
1548724,5782,30.90000000000024,389
1553254,5783,406.60000000002424,4530
1553924,5784,59.00000000000052,670
1556439,5785,228.79999999999075,2515
1557413,5786,89.99999999999886,974
1558197,5787,74.89999999999982,784
1558812,5788,50.50000000000052,615
1559672,5789,78.29999999999973,860
1559853,5790,15.799999999999969,181
1560391,5791,35.00000000000041,538
1560441,5792,-0.8999999999999986,50
1560737,5793,24.00000000000011,296
1561239,5794,34.700000000000315,502
1561890,5795,57.40000000000058,651
1562818,5796,82.09999999999971,928
1565409,5797,229.79999999999103,2591
1565660,5798,19.8,251
1567158,5799,136.3999999999963,1498
1569217,5800,184.3999999999933,2059
1569452,5801,18.500000000000053,235
1570798,5802,129.59999999999695,1346
1570903,5803,8.199999999999983,105
1570989,5804,2.9999999999999893,86
1571111,5805,6.299999999999978,122
1572835,5806,142.19999999999544,1724
1574580,5807,158.69999999999501,1745
1578753,5808,401.80000000002144,4173
1580439,5809,148.89999999999569,1686
1581299,5810,75.29999999999973,860
1582421,5811,104.79999999999828,1122
1584255,5812,167.8999999999944,1834
1584507,5813,23.50000000000008,252
1585968,5814,143.79999999999643,1461
1586447,5815,42.000000000000355,479
1588474,5816,182.69999999999402,2027
1589710,5817,112.89999999999787,1236
1591927,5818,205.59999999999246,2217
1592857,5819,94.29999999999892,930
1597254,5820,420.0000000000266,4397
1597925,5821,63.30000000000061,671
1600142,5822,199.59999999999303,2217
1600509,5823,34.70000000000022,367
1602932,5824,229.49999999999136,2423
1609400,5825,584.2000000000638,6468
1610897,5826,139.29999999999603,1497
1611114,5827,22.10000000000005,217
1611595,5828,41.60000000000036,481
1612978,5829,125.1999999999968,1383
1614214,5830,109.8999999999979,1236
1615413,5831,93.89999999999893,1199
1615628,5832,12.899999999999949,215
1620366,5833,447.8000000000307,4738
1620955,5834,62.90000000000056,589
1621093,5835,3.999999999999975,138
1626395,5836,463.10000000003896,5302
1627174,5837,79.19999999999958,779
1627428,5838,24.900000000000066,254
1630355,5839,269.6999999999931,2927
1632006,5840,159.49999999999525,1651
1634408,5841,206.39999999999176,2402
1634478,5842,6.199999999999992,70
1654467,5843,1757.7999999994956,19989
1654911,5844,37.60000000000032,444
1655843,5845,87.29999999999922,932
1656625,5846,74.69999999999987,782
1660008,5847,303.90000000000117,3383
1661979,5848,175.89999999999372,1971
1664906,5849,262.49999999999113,2927
1666177,5850,120.29999999999768,1271
1669370,5851,305.0000000000014,3193
1670302,5852,75.29999999999951,932
1670372,5853,3.7999999999999936,70
1670701,5854,34.20000000000021,329
1674084,5855,301.49999999999915,3383
1674415,5856,30.200000000000202,331
1674973,5857,48.70000000000048,558
1675043,5858,6.199999999999992,70
1676428,5859,118.79999999999714,1385
1676514,5860,1.7999999999999936,86
1677598,5861,105.49999999999834,1084
1677704,5862,3.499999999999992,106
1677757,5863,2.3999999999999986,53
1678391,5864,58.100000000000556,634
1678610,5865,19.30000000000001,219
1678660,5866,-0.8999999999999986,50
1680911,5867,212.89999999999245,2251
1680961,5868,-8.099999999999998,50
1681514,5869,53.00000000000043,553
1683428,5870,156.6999999999946,1914
1683550,5871,4.499999999999982,122
1684689,5872,108.89999999999793,1139
1685134,5873,34.70000000000026,445
1686030,5874,85.19999999999943,896
1687379,5875,123.2999999999969,1349
1687558,5876,14.399999999999958,179
1688116,5877,54.100000000000506,558
1688525,5878,33.80000000000026,409
1689290,5879,61.30000000000062,765
1690376,5880,97.29999999999868,1086
1691419,5881,100.49999999999876,1043
1691618,5882,10.999999999999954,199
1693417,5883,155.09999999999522,1799
1693467,5884,-6.899999999999999,50
1694739,5885,113.19999999999767,1272
1694938,5886,5.599999999999957,199
1695608,5887,64.40000000000043,670
1698031,5888,199.499999999992,2423
1701204,5889,271.49999999999363,3173
1701649,5890,40.700000000000315,445
1702279,5891,60.10000000000058,630
1702401,5892,3.2999999999999794,122
1703260,5893,81.7999999999994,859
1703556,5894,29.400000000000137,296
1706181,5895,231.69999999999075,2625
1706999,5896,77.9999999999998,818
1707553,5897,51.90000000000045,554
1708450,5898,82.29999999999943,897
1709363,5899,85.69999999999904,913
1711200,5900,166.99999999999457,1837
1714414,5901,286.6999999999974,3214
1714484,5902,4.9999999999999964,70
1715457,5903,74.29999999999997,973
1715563,5904,4.699999999999996,106
1716291,5905,57.30000000000062,728
1716397,5906,7.699999999999985,106
1716878,5907,44.00000000000036,481
1718869,5908,181.19999999999402,1991
1721121,5909,180.59999999999332,2252
1721222,5910,7.199999999999983,101
1721724,5911,20.900000000000087,502
1723373,5912,150.2999999999957,1649
1723423,5913,-0.8999999999999986,50
1725620,5914,187.69999999999283,2197
1725838,5915,12.59999999999995,218
1725944,5916,7.6999999999999815,106
1725994,5917,-5.099999999999998,50
1726967,5918,89.29999999999922,973
1728652,5919,151.79999999999515,1685
1729509,5920,83.99999999999942,857
1730648,5921,104.09999999999812,1139
1731882,5922,113.29999999999798,1234
1732214,5923,28.50000000000013,332
1732732,5924,44.4000000000004,518
1733365,5925,61.00000000000057,633
1733887,5926,45.400000000000404,522
1734179,5927,28.400000000000148,292
1737032,5928,262.8999999999911,2853
1738042,5929,86.69999999999924,1010
1738112,5930,6.199999999999992,70
1739121,5931,82.39999999999952,1009
1739623,5932,46.10000000000042,502
1740197,5933,52.10000000000048,574
1741433,5934,115.29999999999764,1236
1741632,5935,12.79999999999998,199
1741737,5936,7.599999999999982,105
1741956,5937,17.500000000000025,219
1743607,5938,150.4999999999958,1651
1743712,5939,8.199999999999983,105
1745513,5940,152.89999999999503,1801
1746069,5941,39.50000000000038,556
1746869,5942,65.70000000000033,800
1749109,5943,215.69999999999246,2240
1750492,5944,120.99999999999693,1383
1751275,5945,62.20000000000076,783
1751942,5946,58.10000000000056,667
1753743,5947,153.49999999999505,1801
1754334,5948,60.700000000000536,591
1754813,5949,41.400000000000354,479
1755481,5950,48.60000000000057,668
1756341,5951,81.89999999999961,860
1758481,5952,201.49999999999287,2140
1759265,5953,75.49999999999996,784
1759969,5954,65.70000000000047,704
1760901,5955,88.49999999999923,932
1761814,5956,81.49999999999946,913
1762181,5957,23.90000000000019,367
1763416,5958,118.79999999999742,1235
1763486,5959,4.9999999999999964,70
1764006,5960,47.0000000000004,520
1765127,5961,111.89999999999789,1121
1765633,5962,45.300000000000416,506
1765739,5963,10.09999999999998,106
1766747,5964,101.49999999999837,1008
1768096,5965,129.8999999999969,1349
1768279,5966,9.399999999999965,183
1768950,5967,61.50000000000064,671
1770412,5968,139.0999999999964,1462
1770517,5969,7.599999999999982,105
1770623,5970,7.699999999999983,106
1771741,5971,94.19999999999875,1118
1775386,5972,318.4000000000061,3645
1775866,5973,46.300000000000395,480
1776343,5974,46.60000000000037,477
1776732,5975,30.900000000000226,389
1777968,5976,115.89999999999742,1236
1781690,5977,337.50000000000773,3722
1785073,5978,287.0999999999968,3383
1785779,5979,71.30000000000015,706
1786902,5980,86.8999999999991,1123
1790059,5981,300.49999999999966,3157
1790129,5982,3.7999999999999945,70
1795577,5983,501.7000000000446,5448
1795682,5984,5.799999999999985,105
1796163,5985,42.20000000000035,481
1797545,5986,126.2999999999969,1382
1799195,5987,153.99999999999554,1650
1801597,5988,238.7999999999912,2402
1801893,5989,28.200000000000138,296
1802826,5990,84.39999999999944,933
1802968,5991,7.399999999999972,142
1804654,5992,151.89999999999569,1686
1805551,5993,78.69999999999972,897
1808369,5994,262.6999999999921,2818
1809152,5995,67.60000000000045,783
1809953,5996,78.99999999999966,801
1813106,5997,272.49999999999346,3153
1814907,5998,146.89999999999506,1801
1815089,5999,14.099999999999957,182
1815930,6000,74.89999999999974,841
1818147,6001,201.39999999999273,2217
1818362,6002,18.300000000000004,215
1819824,6003,139.09999999999667,1462
1819925,6004,8.999999999999982,101
1820175,6005,20.90000000000002,250
1820314,6006,12.49999999999997,139
1821321,6007,88.19999999999916,1007
1822441,6008,101.59999999999826,1120
1822696,6009,26.20000000000012,255
1822947,6010,26.400000000000105,251
1823165,6011,19.200000000000042,218
1829146,6012,568.2000000000588,5981
1829816,6013,57.80000000000064,670
1830146,6014,27.70000000000017,330
1831982,6015,167.49999999999486,1836
1832165,6016,7.599999999999962,183
1833288,6017,110.29999999999808,1123
1836106,6018,266.29999999999285,2818
1836495,6019,26.10000000000017,389
1836750,6020,20.200000000000028,255
1836872,6021,5.6999999999999815,122
1836994,6022,5.699999999999978,122
1837325,6023,32.000000000000206,331
1837770,6024,38.90000000000035,445
1840248,6025,216.39999999999148,2478
1842465,6026,209.79999999999282,2217
1843023,6027,36.70000000000032,558
1843355,6028,28.500000000000156,332
1845156,6029,162.49999999999497,1801
1847466,6030,207.69999999999226,2310
1848169,6031,64.40000000000063,703
1848953,6032,64.10000000000053,784
1850639,6033,133.29999999999657,1686
1851457,6034,70.2000000000003,818
1854875,6035,305.9000000000038,3418
1854925,6036,-5.699999999999998,50
1855406,6037,44.60000000000036,481
1855456,6038,-0.8999999999999986,50
1855639,6039,12.999999999999961,183
1856762,6040,103.09999999999854,1123
1856812,6041,-3.299999999999998,50
1858950,6042,201.89999999999299,2138
1859000,6043,-6.299999999999999,50
1859050,6044,-0.8999999999999986,50
1859186,6045,12.19999999999997,136
1859292,6046,8.899999999999984,106
1859813,6047,47.70000000000041,521
1860031,6048,14.39999999999995,218
1860584,6049,52.400000000000425,553
1860634,6050,-6.299999999999999,50
1865635,6051,475.6000000000378,5001
1867965,6052,223.19999999999203,2330
1868938,6053,96.4999999999988,973
1869440,6054,35.9000000000004,502
1869659,6055,6.69999999999996,219
1870478,6056,79.89999999999972,819
1874122,6057,354.9000000000122,3644
1874357,6058,11.299999999999955,235
1875059,6059,63.10000000000062,702
1876218,6060,102.79999999999805,1159
1877150,6061,87.29999999999923,932
1877445,6062,27.50000000000012,295
1878224,6063,67.20000000000047,779
1879232,6064,89.49999999999886,1008
1881146,6065,173.49999999999443,1914
1881815,6066,63.700000000000514,669
1881882,6067,4.699999999999998,67
1883550,6068,141.39999999999586,1668
1890606,6069,637.3000000000787,7056
1894518,6070,340.6000000000107,3912
1895108,6071,55.80000000000052,590
1896340,6072,98.69999999999803,1232
1897009,6073,51.1000000000006,669
1900120,6074,285.6999999999975,3111
1902938,6075,245.89999999998975,2818
1903833,6076,86.29999999999927,895
1904956,6077,101.89999999999824,1123
1909279,6078,381.40000000001686,4323
1909611,6079,25.500000000000114,332
1910169,6080,45.700000000000394,558
1912308,6081,177.99999999999392,2139
1912676,6082,36.600000000000236,368
1914251,6083,130.29999999999652,1575
1914357,6084,7.099999999999982,106
1917062,6085,253.49999999998988,2705
1917167,6086,8.799999999999985,105
1920663,6087,294.4999999999988,3496
1922690,6088,186.89999999999333,2027
1923848,6089,101.49999999999822,1158
1927680,6090,345.2000000000107,3832
1928464,6091,66.50000000000053,784
1937457,6092,854.4000000001221,8993
1939480,6093,152.89999999999475,2023
1939812,6094,30.300000000000185,332
1941219,6095,128.19999999999706,1407
1941548,6096,24.600000000000072,329
1943765,6097,213.9999999999922,2217
1945304,6098,134.79999999999634,1539
1948085,6099,256.29999999999075,2781
1951879,6100,369.90000000001345,3794
1952020,6101,12.699999999999969,141
1952158,6102,13.59999999999997,138
1952208,6103,-2.699999999999998,50
1952258,6104,-0.8999999999999986,50
1955524,6105,321.90000000000475,3266
1955628,6106,9.89999999999998,104
1955994,6107,27.400000000000215,366
1960164,6108,403.90000000002215,4170
1960868,6109,71.10000000000016,704
1961313,6110,34.700000000000294,445
1964468,6111,291.89999999999895,3155
1964610,6112,9.79999999999997,142
1964748,6113,8.799999999999972,138
1965721,6114,90.49999999999886,973
1967558,6115,178.3999999999942,1837
1968116,6116,52.30000000000046,558
1968823,6117,52.80000000000062,707
1971753,6118,260.39999999999054,2930
1972650,6119,88.89999999999937,897
1980778,6120,784.4000000001048,8128
1982692,6121,168.69999999999405,1914
1982742,6122,-4.499999999999998,50
1983074,6123,21.900000000000052,332
1983631,6124,43.20000000000043,557
1983850,6125,14.499999999999956,219
1988585,6126,445.7000000000316,4735
1988690,6127,8.799999999999981,105
1991168,6128,226.59999999999124,2478
1992327,6129,93.19999999999871,1159
1992433,6130,8.899999999999983,106
1993473,6131,91.19999999999916,1040
1994108,6132,51.000000000000526,635
1994291,6133,16.599999999999966,183
1995751,6134,133.49999999999673,1460
1996269,6135,49.20000000000042,518
1997426,6136,100.19999999999841,1157
1997608,6137,14.699999999999957,182
1999558,6138,188.79999999999382,1950
2000512,6139,80.49999999999936,954
2001747,6140,115.79999999999752,1235
2004262,6141,228.7999999999912,2515
2004969,6142,62.40000000000069,707
2006128,6143,94.39999999999898,1159
2006424,6144,25.200000000000117,296
2009276,6145,244.19999999999035,2852
2010507,6146,114.79999999999782,1231
2012760,6147,207.6999999999925,2253
2012829,6148,6.0999999999999925,69
2012971,6149,13.399999999999972,142
2013980,6150,99.19999999999877,1009
2015631,6151,146.8999999999957,1651
2015833,6152,19.10000000000004,202
2017670,6153,160.9999999999948,1837
2019019,6154,126.8999999999972,1349
2019123,6155,8.699999999999982,104
2020165,6156,93.799999999999,1042
2020215,6157,-6.299999999999999,50
2023013,6158,252.59999999999047,2798
2024588,6159,126.0999999999968,1575
2024656,6160,4.799999999999997,68
2024793,6161,12.299999999999974,137
2025044,6162,21.600000000000044,251
2026861,6163,170.09999999999428,1817
2027679,6164,72.00000000000021,818
2036293,6165,778.1000000001111,8614
2037072,6166,74.4,779
2040226,6167,293.59999999999843,3154
2040819,6168,61.50000000000056,593
2041187,6169,29.400000000000123,368
2041237,6170,-6.299999999999999,50
2042776,6171,137.79999999999606,1539
2042846,6172,3.1999999999999975,70
2043326,6173,48.1000000000004,480
2044032,6174,59.900000000000645,706
2045380,6175,120.79999999999721,1348
2047032,6176,162.59999999999525,1652
2047585,6177,56.000000000000504,553
2048897,6178,88.0999999999989,1312
2048947,6179,-2.699999999999998,50
2049731,6180,67.70000000000037,784
2051306,6181,135.09999999999647,1575
2051637,6182,26.00000000000015,331
2052043,6183,30.500000000000245,406
2052093,6184,-8.099999999999998,50
2052423,6185,23.500000000000146,330
2053318,6186,70.10000000000015,895
2054518,6187,115.5999999999979,1200
2054588,6188,4.9999999999999964,70
2054638,6189,-2.099999999999998,50
2057795,6190,269.89999999999316,3157
2059108,6191,108.5999999999979,1313
2061057,6192,183.2999999999939,1949
2063274,6193,200.19999999999263,2217
2063755,6194,40.40000000000031,481
2063897,6195,12.799999999999969,142
2064454,6196,47.40000000000043,557
2065331,6197,76.39999999999955,877
2067430,6198,193.4999999999932,2099
2069154,6199,149.99999999999537,1724
2071577,6200,225.2999999999914,2423
2071796,6201,22.300000000000043,219
2073032,6202,117.69999999999757,1236
2076641,6203,303.1000000000006,3609
2076691,6204,-7.499999999999998,50
2077136,6205,40.700000000000315,445
2077186,6206,-5.699999999999998,50
2077482,6207,25.800000000000136,296
2079057,6208,136.29999999999643,1575
2082476,6209,307.8000000000034,3419
2082731,6210,20.800000000000022,255
2083890,6211,97.39999999999871,1159
2083960,6212,4.9999999999999964,70
2084065,6213,6.399999999999986,105
2084752,6214,54.70000000000054,687
2086666,6215,173.49999999999397,1914
2086735,6216,4.899999999999997,69
2087066,6217,29.000000000000163,331
2087510,6218,43.000000000000355,444
2088858,6219,118.9999999999968,1348
2091563,6220,255.29999999998972,2705
2097016,6221,494.40000000004557,5453
2099572,6222,240.99999999999056,2556
2100695,6223,104.29999999999832,1123
2105623,6224,461.70000000003785,4928
2106745,6225,101.79999999999808,1122
2106980,6226,17.300000000000033,235
2107030,6227,-8.099999999999998,50
2107080,6228,-8.099999999999998,50
2107130,6229,-8.099999999999998,50
2107180,6230,-8.099999999999998,50
2107322,6231,9.79999999999997,142
2107372,6232,-0.8999999999999986,50
2107627,6233,16.59999999999996,255
2108488,6234,75.99999999999983,861
2108967,6235,43.20000000000037,479
2113399,6236,410.0000000000241,4432
2115841,6237,207.6999999999922,2442
2116076,6238,14.90000000000002,235
2118103,6239,186.89999999999327,2027
2124459,6240,594.3000000000659,6356
2125389,6241,96.6999999999989,930
2125454,6242,5.099999999999997,65
2125524,6243,4.9999999999999964,70
2125629,6244,6.399999999999983,105
2125679,6245,-6.299999999999999,50
2126007,6246,28.700000000000117,328
2126149,6247,10.399999999999972,142
2126199,6248,-6.899999999999999,50
2126305,6249,7.699999999999983,106
2129611,6250,317.2000000000037,3306
2130205,6251,53.80000000000051,594
2130255,6252,-0.8999999999999986,50
2130360,6253,8.199999999999983,105
2130916,6254,45.5000000000004,556
2133205,6255,225.99999999999181,2289
2133255,6256,-0.8999999999999986,50
2135508,6257,197.49999999999318,2253
2137682,6258,203.999999999993,2174
2138352,6259,61.4000000000006,670
2138684,6260,30.900000000000198,332
2139355,6261,61.50000000000056,671
2142810,6262,318.90000000000396,3455
2143856,6263,107.99999999999832,1046
2144110,6264,17.699999999999992,254
2144744,6265,59.300000000000594,634
2145790,6266,89.39999999999918,1046
2146346,6267,51.50000000000044,556
2149872,6268,318.2000000000034,3526
2151976,6269,198.7999999999928,2104
2152759,6270,56.20000000000053,783
2153463,6271,71.70000000000019,704
2154170,6272,67.80000000000041,707
2155628,6273,134.4999999999966,1458
2156602,6274,88.1999999999993,974
2160549,6275,378.0000000000166,3947
2162685,6276,208.2999999999928,2136
2166669,6277,350.8000000000126,3984
2166924,6278,21.40000000000006,255
2167292,6279,28.800000000000136,368
2173516,6280,566.1000000000627,6224
2173653,6281,13.49999999999997,137
2174058,6282,38.20000000000028,405
2174127,6283,4.899999999999997,69
2175281,6284,111.2999999999979,1154
2178289,6285,259.1999999999899,3008
2183929,6286,509.2000000000485,5640
2183979,6287,-0.8999999999999986,50
2184876,6288,65.50000000000051,897
2185660,6289,80.89999999999966,784
2185710,6290,-0.8999999999999986,50
2186325,6291,55.30000000000056,615
2186766,6292,42.700000000000315,441
2186872,6293,10.09999999999998,106
2187916,6294,81.99999999999963,1044
2188922,6295,80.29999999999923,1006
2191006,6296,191.09999999999295,2084
2191205,6297,10.399999999999954,199
2191820,6298,49.30000000000047,615
2192507,6299,61.90000000000053,687
2192577,6300,3.7999999999999936,70
2192647,6301,4.9999999999999964,70
2192697,6302,-0.8999999999999986,50
2192932,6303,10.099999999999945,235
2193002,6304,3.1999999999999966,70
2195591,6305,231.399999999991,2589
2200554,6306,443.300000000033,4963
2202581,6307,177.89999999999344,2027
2203738,6308,106.7999999999981,1157
2205236,6309,132.19999999999666,1498
2207972,6310,280.89999999999554,2736
2209131,6311,110.59999999999829,1159
2210365,6312,113.29999999999754,1234
2210957,6313,57.80000000000049,592
2211850,6314,90.89999999999915,893
2213232,6315,133.49999999999662,1382
2215953,6316,244.89999999999003,2721
2216058,6317,5.199999999999996,105
2226069,6318,921.1000000001411,10011
2228806,6319,243.79999999999004,2737
2229813,6320,97.79999999999856,1007
2234437,6321,433.70000000003006,4624
2235365,6322,80.29999999999974,928
2241683,6323,572.2000000000629,6318
2245630,6324,366.600000000016,3947
2250140,6325,421.40000000002533,4510
2252469,6326,212.2999999999919,2329
2253556,6327,106.99999999999798,1087
2253883,6328,32.2000000000002,327
2258881,6329,439.3000000000296,4998
2258987,6330,3.4999999999999902,106
2262330,6331,284.59999999999485,3343
2264583,6332,197.49999999999304,2253
2265176,6333,42.900000000000354,593
2266671,6334,116.29999999999734,1495
2268543,6335,170.19999999999445,1872
2268819,6336,20.50000000000008,276
2269906,6337,102.79999999999852,1087
2270951,6338,92.29999999999878,1045
2271170,6339,16.299999999999958,219
2272482,6340,125.2999999999972,1312
2274907,6341,218.29999999999168,2425
2275161,6342,21.300000000000058,254
2277299,6343,192.8999999999935,2138
2281360,6344,372.3000000000163,4061
2283310,6345,183.99999999999386,1950
2284884,6346,145.7999999999957,1574
2285216,6347,32.70000000000018,332
2285320,6348,9.89999999999998,104
2285875,6349,47.200000000000465,555
2287412,6350,136.39999999999614,1537
2292941,6351,470.2000000000429,5529
2293556,6352,56.50000000000054,615
2297312,6353,349.60000000001105,3756
2298244,6354,89.69999999999898,932
2298725,6355,41.00000000000035,481
2302637,6356,349.6000000000105,3912
2303570,6357,85.59999999999926,933
2305217,6358,154.29999999999535,1647
2305400,6359,14.799999999999967,183
2305842,6360,39.800000000000324,442
2306286,6361,41.200000000000315,444
2310573,6362,406.3000000000248,4287
2312261,6363,160.4999999999949,1688
2312496,6364,16.10000000000005,235
2314407,6365,177.99999999999437,1911
2314772,6366,36.30000000000026,365
2317928,6367,310.00000000000176,3156
2320178,6368,216.39999999999245,2250
2320884,6369,46.70000000000053,706
2323476,6370,241.8999999999905,2592
2324825,6371,121.49999999999707,1349
2329561,6372,447.00000000003115,4736
2330910,6373,112.49999999999748,1349
2334971,6374,375.9000000000162,4061
2337110,6375,194.79999999999296,2139
2337513,6376,41.00000000000029,403
2338070,6377,41.40000000000039,557
2339383,6378,116.39999999999719,1313
2339597,6379,21.800000000000054,214
2340530,6380,89.19999999999919,933
2343798,6381,302.3000000000018,3268
2344542,6382,72.40000000000015,744
2345778,6383,117.09999999999762,1236
2346597,6384,78.69999999999976,819
2347571,6385,89.39999999999873,974
2347641,6386,4.9999999999999964,70
2348877,6387,105.09999999999772,1236
2351752,6388,255.49999999999068,2875
2351967,6389,14.09999999999996,215
2354818,6390,259.09999999999116,2851
2355000,6391,13.499999999999957,182
2359540,6392,397.4000000000215,4540
2359590,6393,-0.8999999999999986,50
2360410,6394,76.9999999999998,820
2361456,6395,97.19999999999864,1046
2368378,6396,636.2000000000786,6922
2368480,6397,8.499999999999982,102
2371714,6398,295.5999999999995,3234
2373099,6399,105.59999999999818,1385
2373334,6400,10.699999999999948,235
2374305,6401,83.69999999999959,971
2374601,6402,27.00000000000015,296
2374966,6403,31.5000000000002,365
2376273,6404,113.39999999999762,1307
2376491,6405,16.79999999999997,218
2377837,6406,130.19999999999672,1346
2378468,6407,60.20000000000058,631
2379889,6408,130.49999999999682,1421
2379995,6409,6.499999999999984,106
2380065,6410,4.9999999999999964,70
2384385,6411,409.9000000000232,4320
2387051,6412,234.8999999999905,2666
2387151,6413,8.299999999999983,100
2387481,6414,29.500000000000156,330
2387811,6415,27.100000000000176,330
2389043,6416,118.49999999999744,1232
2389109,6417,5.799999999999994,66
2390082,6418,85.69999999999942,973
2391318,6419,109.29999999999801,1236
2391572,6420,24.300000000000086,254
2392920,6421,136.39999999999674,1348
2393023,6422,8.599999999999984,103
2393996,6423,86.29999999999893,973
2397414,6424,289.09999999999917,3418
2398460,6425,98.99999999999856,1046
2400071,6426,146.79999999999575,1611
2401758,6427,161.59999999999522,1687
2402085,6428,31.000000000000156,327
2403321,6429,107.49999999999788,1236
2403895,6430,49.700000000000514,574
2404339,6431,35.80000000000033,444
2405950,6432,138.99999999999582,1611
2411288,6433,508.40000000004466,5338
2412600,6434,112.69999999999771,1312
2414962,6435,220.69999999999186,2362
2415067,6436,6.399999999999986,105
2415173,6437,9.49999999999998,106
2415788,6438,39.70000000000032,615
2417281,6439,137.69999999999644,1493
2418271,6440,91.59999999999862,990
2418321,6441,2.0999999999999996,50
2418499,6442,17.900000000000006,178
2419620,6443,100.49999999999865,1121
2421226,6444,148.09999999999593,1606
2421558,6445,25.50000000000018,332
2422756,6446,107.59999999999802,1198
2425610,6447,259.39999999999077,2854
2426733,6448,89.8999999999987,1123
2427949,6449,106.99999999999817,1216
2428959,6450,85.49999999999928,1010
2429029,6451,6.199999999999992,70
2429438,6452,40.400000000000304,409
2430823,6453,124.79999999999711,1385
2433374,6454,226.69999999999123,2551
2440034,6455,570.1000000000658,6660
2443304,6456,288.0999999999972,3270
2444689,6457,125.99999999999731,1385
2444872,6458,18.400000000000006,183
2446144,6459,111.39999999999793,1272
2450236,6460,380.50000000002046,4092
2450305,6461,4.899999999999997,69
2450524,6462,12.699999999999951,219
2452130,6463,152.89999999999563,1606
2460143,6464,773.2000000001062,8013
2460871,6465,71.70000000000005,728
2463088,6466,210.9999999999924,2217
2466277,6467,311.8000000000022,3189
2466871,6468,48.40000000000045,594
2467013,6469,14.599999999999968,142
2467118,6470,5.199999999999991,105
2469335,6471,212.79999999999225,2217
2469780,6472,39.50000000000031,445
2472316,6473,225.49999999999102,2536
2472402,6474,-4.440892098500626e-15,86
2473109,6475,69.60000000000025,707
2473796,6476,54.70000000000055,687
2475674,6477,167.7999999999944,1878
2477248,6478,141.59999999999593,1574
2477976,6479,63.90000000000036,728
2479099,6480,100.69999999999831,1123
2479539,6481,43.800000000000345,440
2480127,6482,53.80000000000053,588
2483680,6483,330.50000000000693,3553
2483730,6484,-7.499999999999998,50
2484288,6485,45.1000000000004,558
2484338,6486,-6.299999999999999,50
2484388,6487,-5.699999999999998,50
2487093,6488,238.4999999999899,2705
2487143,6489,-8.7,50
2487193,6490,-8.7,50
2487243,6491,-9.299999999999999,50
2487293,6492,-8.7,50
2487624,6493,21.200000000000042,331
2487674,6494,-8.099999999999998,50
2487724,6495,-9.299999999999999,50
2487794,6496,6.199999999999992,70
2487844,6497,-9.299999999999999,50
2487894,6498,-8.7,50
2487944,6499,-8.7,50
2487994,6500,-8.7,50
2488044,6501,-9.299999999999999,50
2488094,6502,-8.099999999999998,50
2488144,6503,-8.7,50
2488194,6504,-8.099999999999998,50
2489692,6505,138.79999999999617,1498
2490249,6506,41.40000000000032,557
2490299,6507,-7.499999999999998,50
2490349,6508,-7.499999999999998,50
2490399,6509,-8.7,50
2490449,6510,-8.7,50
2490499,6511,-6.299999999999999,50
2491603,6512,91.29999999999862,1104
2492495,6513,75.19999999999997,892
2492545,6514,-8.7,50
2492595,6515,-7.499999999999998,50
2493040,6516,40.70000000000029,445
2493244,6517,15.099999999999994,204
2493294,6518,-0.8999999999999986,50
2493344,6519,-8.099999999999998,50
2493394,6520,-8.7,50
2493875,6521,41.60000000000031,481
2493925,6522,-8.7,50
2493975,6523,-0.8999999999999986,50
2494025,6524,-8.7,50
2494392,6525,33.50000000000021,367
2494442,6526,-4.499999999999998,50
2494605,6527,3.4999999999999734,163
2494937,6528,26.700000000000117,332
2494987,6529,-8.099999999999998,50
2495037,6530,-8.099999999999998,50
2495087,6531,-5.099999999999998,50
2495137,6532,-3.299999999999998,50
2495187,6533,-8.099999999999998,50
2495368,6534,9.199999999999962,181
2495830,6535,37.600000000000264,462
2495900,6536,4.9999999999999964,70
2495950,6537,-4.499999999999998,50
2496019,6538,4.299999999999997,69
2500342,6539,375.40000000001976,4323
2500899,6540,46.80000000000043,557
2501361,6541,40.000000000000306,462
2501483,6542,5.6999999999999815,122
2503171,6543,151.49999999999548,1688
2504104,6544,92.19999999999914,933
2504210,6545,10.099999999999982,106
2507480,6546,302.5000000000002,3270
2507925,6547,40.100000000000364,445
2508257,6548,26.10000000000015,332
2508363,6549,9.49999999999998,106
2509373,6550,98.6999999999986,1010
2510155,6551,71.10000000000022,782
2513197,6552,274.29999999999467,3042
2516277,6553,283.1999999999962,3080
2516383,6554,7.099999999999982,106
2518822,6555,217.59999999999175,2439
2520397,6556,154.89999999999566,1575
2522797,6557,213.99999999999196,2400
2523581,6558,74.29999999999997,784
2526172,6559,236.9999999999906,2591
2526879,6560,69.00000000000026,707
2529470,6561,241.7999999999906,2591
2537204,6562,705.7000000000932,7734
2537724,6563,44.00000000000043,520
2539786,6564,187.69999999999348,2062
2540680,6565,76.00000000000003,894
2541386,6566,67.70000000000037,706
2544202,6567,267.29999999999245,2816
2544272,6568,2.599999999999998,70
2548933,6569,428.70000000002904,4661
2549414,6570,45.8000000000004,481
2550049,6571,60.00000000000062,635
2550755,6572,59.30000000000064,706
2550861,6573,7.6999999999999815,106
2553828,6574,281.1999999999962,2967
2557133,6575,313.5000000000034,3305
2557388,6576,21.40000000000003,255
2558321,6577,84.3999999999995,933
2558391,6578,4.9999999999999964,70
2559590,6579,114.29999999999781,1199
2559640,6580,-2.699999999999998,50
2559690,6581,-0.8999999999999986,50
2560360,6582,60.80000000000062,670
2560410,6583,-0.8999999999999986,50
2560665,6584,21.40000000000005,255
2560769,6585,9.299999999999981,104
2561250,6586,32.60000000000033,481
2561432,6587,8.699999999999966,182
2562103,6588,62.10000000000056,671
2562208,6589,6.999999999999984,105
2562258,6590,-0.8999999999999986,50
2562328,6591,4.999999999999997,70
2562431,6592,6.799999999999983,103
2564196,6593,158.59999999999485,1765
2564490,6594,24.400000000000134,294
2564540,6595,-0.8999999999999986,50
2564646,6596,7.099999999999982,106
2565769,6597,112.69999999999798,1123
2565819,6598,-0.8999999999999986,50
2565925,6599,8.899999999999984,106
2565994,6600,3.699999999999995,69
2568583,6601,244.59999999999062,2589
2570384,6602,166.09999999999488,1801
2570751,6603,34.100000000000215,367
2573264,6604,238.79999999999083,2513
2575009,6605,161.69999999999501,1745
2577371,6606,207.49999999999247,2362
2578042,6607,59.70000000000054,671
2578092,6608,-0.8999999999999986,50
2579816,6609,173.3999999999948,1724
2579866,6610,-2.099999999999998,50
2580763,6611,81.6999999999997,897
2581111,6612,24.100000000000165,348
2581216,6613,6.999999999999987,105
2581266,6614,-3.299999999999998,50
2581317,6615,1.0000000000000018,51
2582702,6616,136.7999999999966,1385
2582753,6617,1.6000000000000019,51
2583198,6618,33.500000000000234,445
2583304,6619,6.4999999999999885,106
2583826,6620,37.60000000000031,522
2586305,6621,227.29999999999194,2479
2586637,6622,27.900000000000116,332
2586892,6623,17.200000000000003,255
2586942,6624,-3.899999999999998,50
2586992,6625,2.0999999999999996,50
2587042,6626,2.0999999999999996,50
2588729,6627,151.99999999999562,1687
2588779,6628,1.5,50
2588829,6629,-0.8999999999999986,50
2588879,6630,0.3000000000000007,50
2590341,6631,127.69999999999686,1462
2593349,6632,271.79999999999444,3008
2593939,6633,58.20000000000051,590
2596110,6634,190.49999999999304,2171
2598512,6635,235.19999999999138,2402
2598695,6636,17.199999999999974,183
2598801,6637,5.299999999999984,106
2601958,6638,307.7000000000025,3157
2602855,6639,79.29999999999957,897
2603978,6640,97.09999999999891,1123
2605856,6641,162.39999999999455,1878
2608221,6642,217.3999999999921,2365
2609118,6643,84.69999999999956,897
2610277,6644,107.59999999999802,1159
2610327,6645,0.9000000000000004,50
2611937,6646,146.09999999999602,1610
2613431,6647,131.19999999999646,1494
2613989,6648,49.90000000000036,558
2614356,6649,21.500000000000043,367
2614406,6650,-2.099999999999998,50
2614475,6651,0.6999999999999988,69
2614525,6652,-7.499999999999998,50
2614744,6653,16.299999999999958,219
2616093,6654,101.69999999999834,1349
2616800,6655,60.600000000000655,707
2617846,6656,95.99999999999876,1046
2617916,6657,5.599999999999994,70
2618587,6658,59.10000000000063,671
2619447,6659,75.89999999999995,860
2620602,6660,97.59999999999857,1155
2622664,6661,194.29999999999345,2062
2622919,6662,25.6000000000001,255
2625205,6663,205.29999999999202,2286
2627042,6664,171.7999999999949,1837
2627410,6665,33.00000000000024,368
2628194,6666,66.50000000000051,784
2629222,6667,96.89999999999878,1028
2630345,6668,102.49999999999822,1123
2633424,6669,289.6999999999972,3079
2633551,6670,8.599999999999977,127
2633693,6671,7.399999999999974,142
2633743,6672,-5.099999999999998,50
2633793,6673,-5.099999999999998,50
2633843,6674,-0.8999999999999986,50
2634704,6675,75.99999999999969,861
2635940,6676,110.49999999999804,1236
2636062,6677,6.299999999999978,122
2636112,6678,-0.8999999999999986,50
2636162,6679,-0.8999999999999986,50
2636212,6680,-5.099999999999998,50
2636262,6681,-8.099999999999998,50
2641340,6682,464.7000000000338,5078
2641783,6683,39.90000000000034,443
2641833,6684,-7.499999999999998,50
2641883,6685,-7.499999999999998,50
2641953,6686,4.9999999999999964,70
2642003,6687,-7.499999999999998,50
2643917,6688,174.69999999999408,1914
2647561,6689,341.7000000000094,3644
2647611,6690,-8.099999999999998,50
2647661,6691,-6.899999999999999,50
2647711,6692,-8.099999999999998,50
2647761,6693,-7.499999999999998,50
2650841,6694,262.1999999999913,3080
2650891,6695,-7.499999999999998,50
2650941,6696,-8.099999999999998,50
2651195,6697,21.900000000000073,254
2652128,6698,90.39999999999918,933
2652496,6699,33.00000000000021,368
2653314,6700,60.00000000000074,818
2659034,6701,517.2000000000494,5720
2662414,6702,309.60000000000065,3380
2662633,6703,19.30000000000001,219
2663304,6704,60.900000000000624,671
2664540,6705,119.49999999999751,1236
2665473,6706,80.19999999999962,933
2668398,6707,277.29999999999495,2925
2669105,6708,69.60000000000028,707
2669208,6709,5.599999999999984,103
2672965,6710,359.30000000001365,3757
2675892,6711,262.49999999999125,2927
2676527,6712,61.20000000000058,635
2677234,6713,61.800000000000644,707
2677679,6714,35.900000000000254,445
2678802,6715,91.69999999999914,1123
2681880,6716,301.00000000000074,3078
2682322,6717,39.2000000000003,442
2683215,6718,85.49999999999952,893
2685278,6719,184.79999999999356,2063
2685382,6720,8.699999999999983,104
2692099,6721,619.9000000000723,6717
2692575,6722,42.30000000000036,476
2694071,6723,139.7999999999964,1496
2695681,6724,158.09999999999528,1610
2696235,6725,53.10000000000047,554
2701233,6726,445.30000000003656,4998
2706908,6727,555.0000000000534,5675
2708594,6728,156.69999999999564,1686
2708847,6729,20.600000000000026,253
2709326,6730,43.800000000000374,479
2713557,6731,392.90000000002266,4231
2715843,6732,217.29999999999208,2286
2716997,6733,110.09999999999792,1154
2717704,6734,64.20000000000056,707
2718486,6735,68.1000000000004,782
2718875,6736,30.90000000000024,389
2723578,6737,442.20000000003165,4703
2724439,6738,74.79999999999983,861
2726953,6739,244.89999999999063,2514
2727433,6740,39.10000000000035,480
2727483,6741,-6.899999999999999,50
2727737,6742,14.699999999999939,254
2729461,6743,155.99999999999548,1724
2730471,6744,92.099999999999,1010
2730521,6745,-3.899999999999998,50
2733190,6746,243.59999999999008,2669
2738607,6747,460.5000000000374,5417
2742216,6748,314.50000000000205,3609
2742266,6749,-0.8999999999999986,50
2742316,6750,-3.899999999999998,50
2744379,6751,185.9999999999932,2063
2745388,6752,90.19999999999905,1009
2746814,6753,133.39999999999677,1426
2749103,6754,218.1999999999919,2289
2749921,6755,79.79999999999976,818
2749971,6756,-6.899999999999999,50
2750021,6757,-8.099999999999998,50
2750071,6758,-7.499999999999998,50
2751229,6759,105.09999999999823,1158
2753251,6760,196.59999999999326,2022
2754294,6761,90.89999999999907,1043
2755752,6762,135.09999999999633,1458
2760300,6763,415.30000000002644,4548
2760858,6764,52.900000000000475,558
2763712,6765,271.99999999999454,2854
2764460,6766,75.79999999999983,748
2768856,6767,402.5000000000257,4396
2769640,6768,62.90000000000062,784
2769707,6769,5.899999999999993,67
2770793,6770,102.6999999999985,1086
2772651,6771,166.0999999999946,1858
2772701,6772,-0.8999999999999986,50
2772839,6773,12.399999999999974,138
2775692,6774,244.89999999999037,2853
2783029,6775,673.8000000000839,7337
2785427,6776,226.99999999999147,2398
2785497,6777,6.199999999999992,70
2786203,6778,63.5000000000006,706
2789282,6779,288.4999999999965,3079
2793081,6780,346.40000000001174,3799
2794656,6781,145.89999999999623,1575
2794758,6782,9.099999999999982,102
2796708,6783,197.79999999999342,1950
2796773,6784,5.099999999999997,65
2797216,6785,41.70000000000027,443
2798787,6786,155.09999999999584,1571
2798909,6787,6.299999999999978,122
2799729,6788,76.39999999999952,820
2801981,6789,209.3999999999926,2252
2802123,6790,12.199999999999969,142
2802625,6791,38.30000000000036,502
2802727,6792,9.099999999999982,102
2802946,6793,20.500000000000018,219
2804218,6794,122.19999999999739,1272
2807449,6795,299.49999999999926,3231
2810529,6796,284.39999999999617,3080
2811118,6797,49.10000000000049,589
2812350,6798,102.29999999999798,1232
2813622,6799,125.19999999999736,1272
2814971,6800,125.09999999999722,1349
2815072,6801,9.599999999999984,101
2815290,6802,14.399999999999968,218
2816070,6803,74.49999999999997,780
2818077,6804,194.19999999999365,2007
2818974,6805,79.29999999999966,897
2819041,6806,3.4999999999999964,67
2820727,6807,163.899999999995,1686
2823654,6808,269.69999999999266,2927
2825714,6809,198.8999999999934,2060
2826383,6810,56.5000000000005,669
2829422,6811,275.7999999999952,3039
2829492,6812,6.199999999999992,70
2829634,6813,12.19999999999997,142
2829963,6814,27.600000000000108,329
2832251,6815,210.89999999999242,2288
2833296,6816,86.29999999999932,1045
2836789,6817,306.80000000000257,3493
2837081,6818,30.20000000000016,292
2837542,6819,42.900000000000375,461
2839489,6820,184.29999999999362,1947
2839744,6821,23.80000000000009,255
2841506,6822,164.8999999999953,1762
2842290,6823,67.10000000000042,784
2842395,6824,8.199999999999983,105
2847585,6825,471.4000000000397,5190
2850549,6826,280.2999999999955,2964
2853629,6827,293.3999999999976,3080
2854525,6828,82.19999999999959,896
2855232,6829,70.20000000000022,707
2857295,6830,194.99999999999355,2063
2860790,6831,336.4000000000067,3495
2861158,6832,30.600000000000154,368
2861639,6833,39.800000000000296,481
2861894,6834,22.000000000000075,255
2863392,6835,144.7999999999963,1498
2863760,6836,31.200000000000202,368
2864313,6837,39.800000000000274,553
2865061,6838,59.000000000000675,748
2865506,6839,41.90000000000031,445
2866665,6840,104.5999999999981,1159
2866771,6841,7.699999999999983,106
2867067,6842,19.800000000000114,296
2867209,6843,10.99999999999997,142
2868819,6844,142.4999999999963,1610
2868906,6845,4.299999999999991,87
2869315,6846,37.40000000000027,409
2870741,6847,132.79999999999688,1426
2876533,6848,518.4000000000475,5792
2878219,6849,164.49999999999494,1686
2879039,6850,76.99999999999963,820
2879593,6851,47.70000000000044,554
2880864,6852,117.2999999999977,1271
2883306,6853,231.09999999999107,2442
2883828,6854,49.00000000000042,522
2884987,6855,105.79999999999822,1159
2885997,6856,90.89999999999924,1010
2886441,6857,38.2000000000003,444
2886542,6858,7.799999999999983,101
2891470,6859,449.700000000035,4928
2893723,6860,216.69999999999206,2253
2895220,6861,132.69999999999666,1497
2896795,6862,139.89999999999645,1575
2900892,6863,391.8000000000209,4097
2904501,6864,331.3000000000064,3609
2906300,6865,168.89999999999475,1799
2906518,6866,21.00000000000005,218
2908883,6867,222.19999999999152,2365
2912601,6868,341.300000000011,3718
2913175,6869,44.30000000000048,574
2914035,6870,84.29999999999949,860
2916062,6871,179.69999999999388,2027
2916131,6872,4.3,69
2916253,6873,6.299999999999978,122
2916698,6874,40.70000000000029,445
2916784,6875,3.599999999999989,86
2917455,6876,60.90000000000053,671
2917525,6877,4.9999999999999964,70
2919100,6878,150.69999999999575,1575
2919674,6879,42.500000000000355,574
2920226,6880,54.70000000000049,552
2920332,6881,7.699999999999987,106
2920437,6882,8.799999999999981,105
2920769,6883,26.700000000000117,332
2922909,6884,197.89999999999347,2140
2924405,6885,114.59999999999653,1496
2924994,6886,56.300000000000516,589
2927098,6887,201.19999999999305,2104
2928636,6888,144.29999999999623,1538
2930889,6889,207.09999999999252,2253
2931672,6890,52.000000000000625,783
2933848,6891,212.59999999999258,2176
2934293,6892,47.30000000000036,445
2934363,6893,3.8,70
2935070,6894,59.400000000000595,707
2936270,6895,107.79999999999782,1200
2936320,6896,-5.099999999999998,50
2938118,6897,168.1999999999947,1798
2940746,6898,239.1999999999907,2628
2941265,6899,46.90000000000037,519
2941518,6900,24.800000000000104,253
2942302,6901,76.69999999999986,784
2946137,6902,359.30000000001496,3835
2950198,6903,378.9000000000173,4061
2950299,6904,8.999999999999982,101
2952741,6905,231.6999999999911,2442
2953299,6906,51.10000000000046,558
2955741,6907,231.09999999999135,2442
2955806,6908,5.099999999999997,65
2955984,6909,16.699999999999967,178
2956876,6910,84.1999999999996,892
2957347,6911,40.30000000000038,471
2959035,6912,149.69999999999575,1688
2961850,6913,267.79999999999285,2815
2962711,6914,77.79999999999964,861
2962761,6915,-1.4999999999999982,50
2965692,6916,285.0999999999967,2931
2966625,6917,86.79999999999919,933
2966695,6918,1.400000000000003,70
2970489,6919,339.9000000000091,3794
2975680,6920,492.5000000000412,5191
2977027,6921,135.69999999999675,1347
2977471,6922,40.000000000000355,444
2979966,6923,222.89999999999097,2495
2980183,6924,19.100000000000016,217
2983416,6925,287.09999999999957,3233
2983651,6926,19.700000000000077,235
2983757,6927,9.499999999999984,106
2983862,6928,9.39999999999998,105
2983926,6929,3.799999999999998,64
2986063,6930,189.19999999999322,2137
2986770,6931,61.20000000000066,707
2987441,6932,60.300000000000594,671
2988128,6933,54.100000000000605,687
2989380,6934,116.89999999999753,1252
2989598,6935,18.00000000000006,218
2990681,6936,92.79999999999899,1083
2990936,6937,22.600000000000076,255
2991231,6938,23.30000000000011,295
2992164,6939,87.99999999999903,933
2995321,6940,277.69999999999544,3157
2995443,6941,6.899999999999977,122
2998937,6942,330.90000000000674,3494
2999870,6943,90.39999999999917,933
3002365,6944,231.29999999999097,2495
3003225,6945,78.89999999999962,860
3004910,6946,163.79999999999524,1685
3007163,6947,213.09999999999212,2253
3009751,6948,252.89999999999068,2588
3010307,6949,50.30000000000045,556
3010942,6950,58.20000000000057,635
3011290,6951,30.10000000000022,348
3011617,6952,32.20000000000017,327
3011722,6953,8.199999999999982,105
3011792,6954,6.199999999999992,70
3012006,6955,20.000000000000032,214
3012112,6956,7.699999999999985,106
3014249,6957,195.19999999999317,2137
3015294,6958,103.69999999999844,1045
3017657,6959,221.39999999999154,2363
3020135,6960,238.599999999991,2478
3021707,6961,145.5999999999957,1572
3023956,6962,199.4999999999926,2249
3028356,6963,402.30000000002445,4400
3029253,6964,82.89999999999955,897
3029697,6965,41.20000000000034,444
3030178,6966,43.400000000000354,481
3031975,6967,171.69999999999487,1797
3036033,6968,385.80000000001746,4058
3037607,6969,136.79999999999632,1574
3038052,6970,34.70000000000027,445
3041774,6971,355.50000000001165,3722
3042445,6972,60.900000000000574,671
3043226,6973,61.40000000000073,781
3044232,6974,93.49999999999892,1006
3044528,6975,25.80000000000013,296
3045425,6976,87.09999999999934,897
3046923,6977,144.79999999999612,1498
3047836,6978,82.09999999999945,913
3049052,6979,86.59999999999908,1216
3049816,6980,66.59999999999997,764
3050431,6981,51.10000000000053,615
3050500,6982,4.899999999999997,69
3050831,6983,26.600000000000144,331
3053778,6984,272.2999999999941,2947
3053864,6985,2.9999999999999893,86
3054571,6986,73.2,707
3058745,6987,379.70000000001824,4174
3058815,6988,3.7999999999999936,70
3059784,6989,90.6999999999991,969
3062601,6990,260.19999999999135,2817
3062851,6991,23.900000000000063,250
3063558,6992,68.4000000000002,707
3064152,6993,56.20000000000054,594
3066968,6994,251.09999999998965,2816
3068543,6995,153.0999999999958,1575
3070154,6996,159.99999999999554,1611
3070260,6997,5.899999999999986,106
3070366,6998,8.89999999999998,106
3070959,6999,52.50000000000052,593
3072985,7000,196.3999999999933,2026
3073620,7001,63.00000000000058,635
3077490,7002,371.5000000000156,3870
3080643,7003,294.69999999999834,3153
3082253,7004,144.89999999999594,1610
3083600,7005,118.89999999999745,1347
3084965,7006,121.89999999999701,1365
3085297,7007,30.30000000000016,332
3086251,7008,76.89999999999965,954
3086301,7009,-4.499999999999998,50
3087085,7010,72.50000000000009,784
3088207,7011,108.39999999999797,1122
3090909,7012,234.59999999999084,2702
3093613,7013,244.39999999999017,2704
3100535,7014,619.4000000000756,6922
3100996,7015,36.900000000000276,461
3102647,7016,157.69999999999524,1651
3103128,7017,44.00000000000036,481
3103250,7018,6.299999999999978,122
3103300,7019,-8.099999999999998,50
3103930,7020,65.50000000000047,630
3104504,7021,51.50000000000048,574
3110559,7022,574.4000000000603,6055
3110627,7023,5.999999999999993,68
3110696,7024,4.899999999999997,69
3110746,7025,-5.099999999999998,50
3112979,7026,195.79999999999316,2233
3114893,7027,167.4999999999946,1914
3115524,7028,55.40000000000059,631
3115853,7029,33.600000000000186,329
3115903,7030,-7.499999999999998,50
3118867,7031,280.2999999999961,2964
3118989,7032,6.299999999999978,122
3119902,7033,88.69999999999904,913
3120682,7034,72.70000000000017,780
3120732,7035,-1.4999999999999982,50
3120782,7036,-7.499999999999998,50
3123748,7037,285.8999999999969,2966
3124774,7038,81.6999999999995,1026
3125591,7039,74.89999999999989,817
3125754,7040,10.09999999999997,163
3125859,7041,7.599999999999982,105
3131987,7042,575.1000000000611,6128
3132431,7043,41.20000000000032,444
3132646,7044,20.700000000000053,215
3136105,7045,338.500000000008,3459
3137001,7046,77.99999999999945,896
3141514,7047,417.500000000027,4513
3143690,7048,211.99999999999253,2176
3146847,7049,296.3,3157
3146916,7050,3.6999999999999966,69
3151219,7051,400.1000000000238,4303
3152451,7052,122.09999999999746,1232
3160693,7053,754.7000000001052,8242
3164754,7054,390.3000000000196,4061
3165348,7055,56.80000000000051,594
3165452,7056,8.099999999999984,104
3165779,7057,27.40000000000015,327
3166075,7058,30.00000000000014,296
3171113,7059,492.8000000000408,5038
3172139,7060,92.49999999999876,1026
3175070,7061,274.89999999999424,2931
3176419,7062,125.09999999999691,1349
3176751,7063,32.1000000000002,332
3177910,7064,115.99999999999771,1159
3179335,7065,132.69999999999675,1425
3180684,7066,114.29999999999778,1349
3181016,7067,34.50000000000021,332
3181497,7068,44.60000000000036,481
3191357,7069,919.2000000001392,9860
3192028,7070,65.70000000000051,671
3195653,7071,338.90000000001004,3625
3198471,7072,257.2999999999896,2818
3207198,7073,832.9000000001159,8727
3208131,7074,75.39999999999992,933
3211696,7075,344.9000000000094,3565
3212214,7076,51.000000000000455,518
3212849,7077,57.000000000000554,635
3215138,7078,220.5999999999921,2289
3216859,7079,162.8999999999954,1721
3217679,7080,76.39999999999989,820
3218592,7081,83.8999999999993,913
3220583,7082,166.799999999994,1991
3221364,7083,74.6,781
3221506,7084,11.59999999999997,142
3224247,7085,270.599999999993,2741
3224297,7086,-8.7,50
3224347,7087,-6.299999999999999,50
3224602,7088,18.400000000000006,255
3227117,7089,224.59999999999158,2515
3228204,7090,102.19999999999848,1087
3228346,7091,9.799999999999972,142
3228642,7092,26.400000000000105,296
3228861,7093,14.499999999999952,219
3235218,7094,583.000000000062,6357
3235324,7095,8.299999999999983,106
3235427,7096,7.999999999999984,103
3235531,7097,5.699999999999989,104
3235899,7098,34.20000000000021,368
3236906,7099,93.59999999999903,1007
3242549,7100,544.3000000000535,5643
3242671,7101,5.099999999999982,122
3243341,7102,62.60000000000062,670
3243444,7103,9.199999999999982,103
3249462,7104,551.8000000000584,6018
3250243,7105,72.20000000000022,781
3251556,7106,124.19999999999739,1313
3252001,7107,43.10000000000035,445
3252368,7108,33.50000000000023,367
3253714,7109,130.79999999999688,1346
3255436,7110,151.5999999999957,1722
3255688,7111,22.300000000000058,252
3256770,7112,111.29999999999815,1082
3261092,7113,401.7000000000233,4322
3261343,7114,25.200000000000095,251
3263933,7115,229.0999999999908,2590
3264376,7116,39.900000000000304,443
3264967,7117,56.500000000000526,591
3265448,7118,44.00000000000034,481
3266116,7119,57.600000000000584,668
3267575,7120,136.39999999999665,1459
3268549,7121,92.39999999999894,974
3270160,7122,157.59999999999565,1611
3270826,7123,66.40000000000045,666
3270895,7124,6.0999999999999925,69
3272470,7125,144.6999999999959,1575
3272991,7126,45.900000000000425,521
3273208,7127,22.70000000000007,217
3274556,7128,123.79999999999725,1348
3275149,7129,59.700000000000536,593
3276948,7130,151.49999999999503,1799
3280953,7131,372.1000000000164,4005
3281207,7132,20.70000000000003,254
3283722,7133,232.99999999999113,2515
3283808,7134,2.9999999999999893,86
3283878,7135,6.199999999999992,70
3284206,7136,32.30000000000019,328
3284534,7137,28.10000000000015,328
3285092,7138,51.70000000000046,558
3286402,7139,130.49999999999687,1310
3287638,7140,112.89999999999772,1236
3293393,7141,503.6000000000498,5755
3295384,7142,168.59999999999442,1991
3295490,7143,9.499999999999984,106
3296536,7144,94.79999999999907,1046
3299015,7145,202.6999999999924,2479
3299198,7146,7.599999999999962,183
3299751,7147,49.40000000000043,553
3299816,7148,5.099999999999997,65
3305947,7149,568.8000000000601,6131
3308649,7150,253.19999999998976,2702
3309921,7151,117.39999999999785,1272
3315111,7152,478.60000000004254,5190
3317025,7153,177.69999999999408,1914
3317547,7154,50.200000000000415,522
3318105,7155,51.700000000000465,558
3318284,7156,14.999999999999957,179
3318955,7157,57.300000000000594,671
3327987,7158,796.8000000001168,9032
3337244,7159,872.7000000001295,9257
3338367,7160,101.89999999999809,1123
3338504,7161,12.89999999999997,137
3338985,7162,46.4000000000004,481
3339204,7163,18.10000000000001,219
3339648,7164,38.80000000000029,444
3341259,7165,149.7999999999957,1611
3343322,7166,193.1999999999933,2063
3344594,7167,126.39999999999719,1272
3344849,7168,18.999999999999996,255
3345217,7169,31.800000000000217,368
3346376,7170,103.99999999999834,1159
3346785,7171,36.2000000000003,409
3348550,7172,167.59999999999462,1765
3349220,7173,60.200000000000635,670
3352074,7174,250.99999999998934,2854
3352216,7175,13.999999999999968,142
3352435,7176,19.300000000000015,219
3353481,7177,93.59999999999873,1046
3354034,7178,56.60000000000046,553
3357376,7179,309.1000000000034,3342
3360532,7180,283.59999999999803,3156
3361090,7181,52.90000000000047,558
3363003,7182,179.99999999999383,1913
3364540,7183,135.19999999999652,1537
3364640,7184,8.299999999999985,100
3364972,7185,25.500000000000114,332
3368879,7186,362.9000000000167,3907
3369284,7187,35.80000000000027,405
3369499,7188,15.299999999999955,215
3370206,7189,61.200000000000664,707
3372796,7190,235.09999999999064,2590
3379076,7191,573.5000000000653,6280
3387318,7192,783.5000000001033,8242
3388475,7193,100.7999999999987,1157
3394454,7194,571.0000000000621,5979
3395124,7195,58.400000000000595,670
3396133,7196,94.99999999999889,1009
3396465,7197,28.500000000000146,332
3397056,7198,58.300000000000516,591
3398324,7199,121.79999999999721,1268
3402175,7200,353.7000000000132,3851
3403521,7201,122.99999999999747,1346
3404983,7202,122.29999999999721,1462
3406142,7203,108.79999999999825,1159
3406812,7204,62.00000000000063,670
3408648,7205,166.8999999999948,1836
3408754,7206,10.69999999999998,106
3416734,7207,770.2000000001013,7980
3416839,7208,8.799999999999981,105
3421614,7209,463.20000000003785,4775
3422093,7210,42.60000000000035,479
3422764,7211,69.30000000000014,671
3426294,7212,348.00000000000995,3530
3426739,7213,38.300000000000345,445
3429705,7214,283.49999999999665,2966
3431843,7215,201.29999999999274,2138
3433680,7216,175.99999999999423,1837
3435365,7217,156.5999999999955,1685
3437614,7218,222.2999999999922,2249
3438736,7219,108.99999999999811,1122
3438858,7220,7.499999999999977,122
3439072,7221,21.800000000000047,214
3439252,7222,15.699999999999964,180
3443275,7223,374.200000000017,4023
3443796,7224,41.700000000000415,521
3444089,7225,24.90000000000013,293
3444308,7226,16.899999999999974,219
3444676,7227,35.40000000000023,368
3445194,7228,41.40000000000037,518
3451587,7229,606.1000000000678,6393
3452859,7230,121.59999999999741,1272
3454203,7231,129.99999999999702,1344
3455213,7232,97.49999999999866,1010
3455917,7233,71.70000000000012,704
3456439,7234,52.00000000000044,522
3459821,7235,313.40000000000373,3382
3462203,7236,217.89999999999148,2382
3465131,7237,270.3999999999943,2928
3465576,7238,40.10000000000032,445
3466695,7239,103.29999999999843,1119
3468080,7240,140.99999999999653,1385
3468560,7241,45.10000000000039,480
3472088,7242,337.000000000009,3528
3473324,7243,114.69999999999762,1236
3476553,7244,290.29999999999745,3229
3482838,7245,623.2000000000679,6285
3485579,7246,237.5999999999901,2741
3487493,7247,182.49999999999406,1914
3488955,7248,136.69999999999627,1462
3489962,7249,97.19999999999888,1007
3494660,7250,445.9000000000307,4698
3497474,7251,267.0999999999923,2814
3497992,7252,44.4000000000004,518
3510753,7253,1232.9999999999613,12761
3512327,7254,148.79999999999586,1574
3513450,7255,107.29999999999824,1123
3513590,7256,11.999999999999973,140
3515201,7257,147.99999999999605,1611
3518584,7258,300.29999999999865,3383
3522382,7259,358.300000000012,3798
3526244,7260,344.60000000000963,3862
3526951,7261,68.40000000000018,707
3527845,7262,84.9999999999994,894
3527895,7263,-4.499999999999998,50
3529393,7264,138.79999999999646,1498
3530437,7265,99.39999999999863,1044
3531108,7266,59.70000000000062,671
3531213,7267,8.199999999999983,105
3533013,7268,157.59999999999496,1800
3534699,7269,167.49999999999503,1686
3535047,7270,21.70000000000016,348
3535605,7271,51.10000000000049,558
3536107,7272,44.30000000000042,502
3536270,7273,11.299999999999969,163
3536376,7274,10.69999999999998,106
3538758,7275,223.29999999999143,2382
3542141,7276,332.7000000000087,3383
3543261,7277,102.79999999999842,1120
3544609,7278,124.39999999999705,1348
3545843,7279,121.69999999999739,1234
3546381,7280,40.400000000000354,538
3547617,7281,126.69999999999753,1236
3547722,7282,8.199999999999983,105
3549823,7283,199.09999999999312,2101
3549928,7284,8.199999999999982,105
3552892,7285,284.4999999999957,2964
3553637,7286,72.5000000000002,745
3554159,7287,44.20000000000041,522
3555133,7288,87.5999999999991,974
3557874,7289,251.39999999999023,2741
3558544,7290,56.00000000000059,670
3559195,7291,52.6000000000006,651
3559943,7292,73.99999999999974,748
3560008,7293,5.099999999999997,65
3561164,7294,104.89999999999819,1156
3562888,7295,152.3999999999954,1724
3564348,7296,139.4999999999965,1460
3565435,7297,101.59999999999857,1087
3567686,7298,215.89999999999202,2251
3568468,7299,71.10000000000025,782
3568685,7300,20.30000000000004,217
3572028,7301,327.2000000000055,3343
3572621,7302,54.3000000000005,593
3574099,7303,139.49999999999625,1478
3574879,7304,77.49999999999986,780
3575209,7305,30.100000000000158,330
3575428,7306,15.100000000000001,219
3576211,7307,70.60000000000014,783
3576955,7308,60.4000000000007,744
3580938,7309,370.50000000001666,3983
3581193,7310,23.20000000000005,255
3590188,7311,849.2000000001233,8995
3590406,7312,19.200000000000017,218
3593789,7313,303.3000000000002,3383
3594347,7314,49.90000000000047,558
3595356,7315,87.19999999999908,1009
3601713,7316,580.0000000000639,6357
3611496,7317,922.9000000001361,9783
3612052,7318,55.70000000000044,556
3612344,7319,24.800000000000125,292
3615198,7320,274.3999999999944,2854
3615248,7321,-1.4999999999999982,50
3617421,7322,191.2999999999934,2173
3618092,7323,66.30000000000032,671
3619951,7324,165.5999999999946,1859
3620961,7325,98.09999999999853,1010
3622455,7326,137.7999999999965,1494
3626290,7327,350.3000000000117,3835
3626340,7328,-8.099999999999998,50
3626785,7329,43.10000000000032,445
3631782,7330,447.60000000003606,4997
3633053,7331,118.49999999999784,1271
3636057,7332,274.3999999999969,3004
3641356,7333,500.6000000000458,5299
3641724,7334,31.800000000000203,368
3642204,7335,40.90000000000034,480
3644455,7336,209.89999999999233,2251
3649718,7337,495.5000000000433,5263
3650273,7338,52.00000000000044,555
3650452,7339,15.599999999999962,179
3652479,7340,194.09999999999357,2027
3655182,7341,258.0999999999909,2703
3655662,7342,49.30000000000041,480
3656333,7343,62.10000000000064,671
3656665,7344,33.900000000000205,332
3657937,7345,111.39999999999829,1272
3664144,7346,583.0000000000634,6207
3664811,7347,57.50000000000054,667
3664917,7348,8.89999999999998,106
3665737,7349,68.00000000000037,820
3668328,7350,242.99999999999085,2591
3671521,7351,304.4000000000003,3193
3672526,7352,86.19999999999942,1005
3673836,7353,122.09999999999742,1310
3677368,7354,329.6000000000064,3532
3678490,7355,107.79999999999818,1122
3679649,7356,112.39999999999797,1159
3682806,7357,290.29999999999825,3157
3685023,7358,209.79999999999293,2217
3685728,7359,67.00000000000041,705
3686395,7360,62.300000000000615,667
3689549,7361,296.600000000001,3154
3691653,7362,211.99999999999267,2104
3692547,7363,89.19999999999932,894
3693102,7364,54.4000000000005,555
3696371,7365,289.7999999999994,3269
3696497,7366,9.099999999999975,126
3705150,7367,797.9000000001134,8653
3709736,7368,424.80000000002855,4586
3715230,7369,519.8000000000507,5494
3716821,7370,142.09999999999584,1591
3718393,7371,154.59999999999567,1572
3718443,7372,-0.8999999999999986,50
3720999,7373,218.7999999999917,2556
3724947,7374,363.10000000001594,3948
3727086,7375,203.79999999999282,2139
3727454,7376,31.200000000000173,368
3733772,7377,562.0000000000574,6318
3733838,7378,5.799999999999994,66
3735447,7379,153.79999999999558,1609
3737695,7380,215.5999999999923,2248
3737909,7381,19.40000000000001,214
3738013,7382,8.699999999999983,104
3740830,7383,255.3999999999901,2817
3741049,7384,19.300000000000022,219
3741268,7385,22.300000000000054,219
3741410,7386,11.59999999999997,142
3743663,7387,216.69999999999246,2253
3744446,7388,76.59999999999998,783
3745944,7389,144.19999999999587,1498
3746085,7390,12.099999999999971,141
3749165,7391,296.3999999999998,3080
3753334,7392,401.4000000000222,4169
3753908,7393,46.10000000000048,574
3754143,7394,19.100000000000072,235
3754624,7395,45.80000000000038,481
3754729,7396,8.799999999999981,105
3757619,7397,265.0999999999922,2890
3757984,7398,31.500000000000206,365
3758575,7399,57.700000000000514,591
3758717,7400,10.99999999999997,142
3759876,7401,87.79999999999899,1159
3761032,7402,112.69999999999781,1156
3761118,7403,1.7999999999999945,86
3769170,7404,761.8000000001015,8052
3770931,7405,157.5999999999951,1761
3771751,7406,81.19999999999965,820
3772159,7407,36.70000000000027,408
3775501,7408,335.5000000000075,3342
3776770,7409,115.89999999999765,1269
3779394,7410,238.79999999999077,2624
3780137,7411,73.50000000000006,743
3782988,7412,273.4999999999947,2851
3783093,7413,8.799999999999981,105
3783687,7414,50.80000000000046,594
3784129,7415,40.400000000000325,442
3784179,7416,-6.899999999999999,50
3785431,7417,105.49999999999827,1252
3785988,7418,53.4000000000005,557
3787976,7419,176.69999999999376,1988
3789099,7420,104.2999999999983,1123
3790299,7421,111.99999999999797,1200
3792851,7422,233.99999999999085,2552
3797477,7423,447.70000000003085,4626
3797527,7424,-7.499999999999998,50
3801737,7425,396.200000000022,4210
3804100,7426,226.1999999999918,2363
3804150,7427,-0.8999999999999986,50
3805123,7428,75.49999999999974,973
3805173,7429,-3.899999999999998,50
3809382,7430,387.7000000000179,4209
3810695,7431,122.99999999999702,1313
3812157,7432,121.09999999999715,1462
3818175,7433,571.6000000000596,6018
3819106,7434,83.59999999999967,931
3820115,7435,93.19999999999887,1009
3827788,7436,716.7000000000934,7673
3830114,7437,211.3999999999925,2326
3830164,7438,-6.299999999999999,50
3830569,7439,39.40000000000028,405
3834517,7440,388.30000000001905,3948
3834735,7441,12.599999999999948,218
3835177,7442,41.00000000000031,442
3840173,7443,465.5000000000346,4996
3841255,7444,103.49999999999821,1082
3845577,7445,414.3000000000246,4322
3848508,7446,271.8999999999934,2931
3850195,7447,153.19999999999538,1687
3850525,7448,29.50000000000014,330
3852853,7449,201.9999999999922,2328
3856199,7450,320.900000000004,3346
3858486,7451,212.59999999999238,2287
3858700,7452,18.200000000000006,214
3859859,7453,108.19999999999803,1159
3860417,7454,49.30000000000046,558
3860521,7455,9.299999999999981,104
3864317,7456,361.7000000000144,3796
3864759,7457,44.000000000000355,442
3870062,7458,504.00000000004593,5303
3870131,7459,6.099999999999993,69
3870573,7460,37.400000000000304,442
3870623,7461,-0.8999999999999986,50
3872327,7462,142.89999999999569,1704
3873091,7463,66.60000000000015,764
3874892,7464,173.89999999999472,1801
3874942,7465,-7.499999999999998,50
3875007,7466,5.699999999999994,65
3876166,7467,114.79999999999767,1159
3876272,7468,8.299999999999983,106
3877791,7469,133.09999999999675,1519
3878611,7470,78.19999999999982,820
3879318,7471,55.80000000000063,707
3879460,7472,13.999999999999972,142
3879566,7473,8.299999999999983,106
3880350,7474,73.10000000000015,784
3880420,7475,3.200000000000002,70
3881994,7476,149.39999999999597,1574
3884828,7477,266.0999999999937,2834
3885269,7478,38.500000000000306,441
3885899,7479,53.50000000000052,630
3886231,7480,23.700000000000152,332
3886301,7481,4.9999999999999964,70
3889603,7482,312.00000000000324,3302
3890576,7483,84.49999999999943,973
3893844,7484,310.70000000000255,3268
3894289,7485,43.10000000000036,445
3897143,7486,265.99999999999204,2854
3902108,7487,457.9000000000371,4965
3902589,7488,42.20000000000034,481
3902808,7489,21.70000000000006,219
3907886,7490,477.90000000004017,5078
3908553,7491,59.900000000000574,667
3908654,7492,8.399999999999986,101
3908758,7493,10.49999999999998,104
3908977,7494,19.900000000000027,219
3909725,7495,68.60000000000026,748
3909979,7496,20.100000000000037,254
3910758,7497,70.20000000000022,779
3911539,7498,72.20000000000006,781
3912061,7499,48.40000000000039,522
3912131,7500,4.9999999999999964,70
3913629,7501,154.3999999999957,1498
3914131,7502,44.90000000000043,502
3918563,7503,436.40000000002885,4432
3919532,7504,88.29999999999926,969
3920351,7505,64.90000000000059,819
3923472,7506,277.99999999999443,3121
3923594,7507,5.6999999999999815,122
3923700,7508,7.699999999999985,106
3927983,7509,399.900000000021,4283
3930911,7510,275.79999999999467,2928
3933274,7511,220.79999999999202,2363
3933717,7512,43.50000000000032,443
3933972,7513,25.000000000000124,255
3934041,7514,3.699999999999995,69
3934408,7515,35.90000000000025,367
3934704,7516,19.800000000000043,296
3937861,7517,289.6999999999971,3157
3937967,7518,7.099999999999984,106
3938412,7519,42.50000000000033,445
3938518,7520,8.299999999999985,106
3938659,7521,13.299999999999969,141
3938990,7522,29.600000000000165,331
3941467,7523,233.69999999999123,2477
3947372,7524,544.4000000000539,5905
3948078,7525,53.900000000000595,706
3949879,7526,176.8999999999944,1801
3951452,7527,148.69999999999584,1573
3954948,7528,314.9000000000051,3496
3955244,7529,27.60000000000016,296
3957268,7530,189.5999999999935,2024
3960554,7531,307.10000000000184,3286
3962161,7532,154.1999999999956,1607
3966525,7533,411.6000000000226,4364
3966628,7534,8.599999999999982,103
3967898,7535,120.79999999999741,1270
3968794,7536,80.39999999999947,896
3969461,7537,63.500000000000625,667
3970810,7538,127.49999999999687,1349
3971817,7539,101.99999999999858,1007
3973842,7540,186.0999999999936,2025
3981781,7541,742.4000000001002,7939
3983090,7542,116.59999999999728,1309
3985227,7543,207.79999999999313,2137
3986612,7544,121.19999999999727,1385
3988336,7545,150.59999999999545,1724
3988817,7546,39.800000000000345,481
3989112,7547,16.699999999999992,295
3990990,7548,178.5999999999946,1878
3991112,7549,5.69999999999998,122
3991687,7550,51.60000000000048,575
3994582,7551,275.1999999999946,2895
3996008,7552,129.19999999999675,1426
3996566,7553,27.700000000000156,558
3997217,7554,48.40000000000051,651
3997696,7555,42.600000000000335,479
3998742,7556,85.79999999999949,1046
4001030,7557,193.49999999999233,2288
4001208,7558,13.09999999999996,178
4001540,7559,28.50000000000019,332
4003264,7560,157.7999999999949,1724
4003745,7561,41.00000000000035,481
4005848,7562,197.4999999999931,2103
4006971,7563,99.49999999999842,1123
4007831,7564,72.90000000000009,860
4010834,7565,285.09999999999684,3003
4010903,7566,4.899999999999997,69
4011270,7567,31.700000000000244,367
4014762,7568,349.30000000000894,3492
4015171,7569,41.00000000000029,409
4016031,7570,72.90000000000009,860
4016625,7571,61.000000000000554,594
4016730,7572,6.399999999999984,105
4016834,7573,9.299999999999981,104
4016956,7574,7.499999999999977,122
4017627,7575,59.7000000000006,671
4018071,7576,41.80000000000031,444
4020550,7577,232.0999999999914,2479
4020656,7578,6.499999999999984,106
4027198,7579,610.2000000000685,6542
4032198,7580,469.500000000037,5000
4033656,7581,142.89999999999657,1458
4033871,7582,21.30000000000004,215
4034690,7583,76.8999999999998,819
4035471,7584,68.6000000000004,781
4037043,7585,144.99999999999605,1572
4046112,7586,860.8000000001243,9069
4049156,7587,270.2999999999934,3044
4051295,7588,207.39999999999276,2139
4052644,7589,133.49999999999676,1349
4056818,7590,395.3000000000195,4174
4058201,7591,133.5999999999969,1383
4058757,7592,52.70000000000048,556
4059539,7593,62.700000000000685,782
4059756,7594,16.099999999999955,217
4063022,7595,317.10000000000366,3266
4063503,7596,46.400000000000375,481
4065075,7597,135.99999999999642,1572
4066839,7598,166.899999999995,1764
4068863,7599,195.59999999999349,2024
4075181,7600,599.2000000000654,6318
4076905,7601,158.99999999999534,1724
4078701,7602,167.399999999995,1796
4079145,7603,44.80000000000036,444
4079359,7604,21.200000000000045,214
4079461,7605,9.099999999999982,102
4079603,7606,12.199999999999969,142
4081399,7607,160.79999999999487,1796
4083293,7608,187.99999999999392,1894
4083773,7609,37.900000000000375,480
4085573,7610,155.79999999999498,1800
4086429,7611,87.4999999999994,856
4088420,7612,178.79999999999413,1991
4090298,7613,179.79999999999424,1878
4090892,7614,59.80000000000053,594
4091899,7615,98.99999999999875,1007
4095582,7616,353.70000000001255,3683
4097266,7617,160.69999999999536,1684
4097820,7618,49.500000000000455,554
4098715,7619,86.89999999999938,895
4100739,7620,182.99999999999338,2024
4105325,7621,436.8000000000311,4586
4108254,7622,280.6999999999956,2929
4109598,7623,123.99999999999716,1344
4111249,7624,162.49999999999523,1651
4111463,7625,21.200000000000045,214
4111943,7626,47.500000000000405,480
4112421,7627,49.700000000000415,478
4115235,7628,258.6999999999906,2814
4116280,7629,96.49999999999875,1045
4116723,7630,45.30000000000037,443
4118146,7631,125.89999999999716,1423
4118926,7632,76.29999999999977,780
4119254,7633,34.1000000000002,328
4125688,7634,609.9000000000701,6434
4127072,7635,135.49999999999687,1384
4127703,7636,60.80000000000057,631
4127958,7637,26.800000000000104,255
4128398,7638,44.40000000000033,440
4131893,7639,340.0000000000094,3495
4133580,7640,146.59999999999596,1687
4139369,7641,561.3000000000553,5789
4140188,7642,81.69999999999966,819
4141162,7643,90.59999999999903,974
4141303,7644,12.099999999999971,141
4141635,7645,26.100000000000126,332
4142757,7646,102.39999999999809,1122
4142879,7647,3.899999999999981,122
4144452,7648,144.49999999999588,1573
4145426,7649,90.59999999999879,974
4147982,7650,230.19999999999098,2556
4153173,7651,502.7000000000437,5191
4154522,7652,126.89999999999716,1349
4155079,7653,51.00000000000041,557
4156765,7654,166.8999999999948,1686
4158416,7655,148.09999999999604,1651
4158635,7656,21.700000000000053,219
4160323,7657,164.0999999999949,1688
4162237,7658,178.2999999999941,1914
4163550,7659,122.39999999999714,1313
4166933,7660,282.8999999999959,3383
4168693,7661,164.0999999999951,1760
4170527,7662,182.2999999999942,1834
4176091,7663,530.4000000000513,5564
4176343,7664,23.500000000000085,252
4176484,7665,12.69999999999997,141
4178204,7666,168.19999999999501,1720
4178454,7667,22.100000000000055,250
4180288,7668,173.29999999999447,1834
4182347,7669,198.19999999999308,2059
4186105,7670,333.600000000009,3758
4187131,7671,93.69999999999868,1026
4190889,7672,354.00000000001216,3758
4193404,7673,250.99999999999056,2515
4199042,7674,551.6000000000554,5638
4199148,7675,7.099999999999982,106
4202680,7676,323.6000000000055,3532
4202935,7677,26.800000000000104,255
4204283,7678,122.5999999999973,1348
4208344,7679,382.50000000001734,4061
4211761,7680,316.6000000000049,3417
4213561,7681,169.5999999999949,1800
4214833,7682,116.19999999999762,1272
4220702,7683,543.5000000000562,5869
4222991,7684,229.59999999999198,2289
4223132,7685,13.899999999999968,141
4226361,7686,297.4999999999987,3229
4229854,7687,326.0000000000043,3493
4230299,7688,38.90000000000027,445
4231874,7689,144.69999999999607,1575
4232201,7690,34.0000000000002,327
4234601,7691,231.99999999999142,2400
4234967,7692,25.600000000000062,366
4237105,7693,199.49999999999272,2138
4238454,7694,137.09999999999673,1349
4239008,7695,51.90000000000046,554
4239981,7696,95.8999999999988,973
4240232,7697,24.000000000000092,251
4240337,7698,9.99999999999998,105
4241835,7699,144.19999999999607,1498
4242315,7700,43.90000000000037,480
4244003,7701,165.899999999995,1688
4245578,7702,152.49999999999582,1575
4247343,7703,165.19999999999527,1765
4247598,7704,24.40000000000007,255
4248304,7705,65.3000000000005,706
4251235,7706,279.6999999999948,2931
4251696,7707,37.50000000000033,461
4252818,7708,107.19999999999823,1122
4253938,7709,101.59999999999823,1120
4254721,7710,80.79999999999967,783
4256861,7711,187.699999999993,2140
4261297,7712,418.80000000002696,4436
4261663,7713,33.400000000000205,366
4262031,7714,33.60000000000022,368
4264320,7715,208.59999999999232,2289
4265892,7716,150.99999999999585,1572
4266935,7717,98.09999999999887,1043
4272126,7718,467.3000000000371,5191
4272797,7719,54.30000000000047,671
4272902,7720,9.99999999999998,105
4274363,7721,120.39999999999696,1461
4275825,7722,136.69999999999646,1462
4278268,7723,240.1999999999911,2443
4280521,7724,216.6999999999921,2253
4281644,7725,100.0999999999984,1123
4286984,7726,507.40000000004727,5340
4290819,7727,344.9000000000112,3835
4294425,7728,341.80000000001155,3606
4298450,7729,375.00000000001637,4025
4301530,7730,291.59999999999695,3080
4301857,7731,33.400000000000176,327
4307238,7732,506.4000000000473,5381
4308021,7733,79.59999999999977,783
4308071,7734,-0.8999999999999986,50
4309759,7735,159.29999999999518,1688
4310237,7736,47.3000000000004,478
4312732,7737,232.49999999999073,2495
4313212,7738,49.300000000000395,480
4313352,7739,10.799999999999972,140
4314023,7740,62.10000000000062,671
4316309,7741,219.09999999999184,2286
4316749,7742,42.60000000000035,440
4317454,7743,71.80000000000011,705
4317669,7744,18.900000000000013,215
4317868,7745,15.800000000000018,199
4318007,7746,13.699999999999969,139
4321049,7747,292.2999999999991,3042
4322811,7748,167.29999999999484,1762
4328679,7749,562.6000000000589,5868
4331079,7750,234.9999999999914,2400
4333296,7751,203.79999999999293,2217
4335435,7752,191.79999999999328,2139
4336425,7753,89.19999999999897,990
4337173,7754,71.60000000000015,748
4337274,7755,7.799999999999983,101
4337604,7756,34.30000000000021,330
4337936,7757,32.100000000000186,332
4338268,7758,33.30000000000019,332
4340424,7759,201.29999999999276,2156
4342451,7760,191.09999999999349,2027
4342819,7761,32.40000000000021,368
4342941,7762,6.899999999999977,122
4344628,7763,138.79999999999598,1687
4346881,7764,213.69999999999214,2253
4347135,7765,21.900000000000055,254
4347257,7766,5.09999999999998,122
4347475,7767,16.79999999999998,218
4347578,7768,8.599999999999984,103
4349412,7769,165.4999999999948,1834
4349818,7770,41.90000000000031,406
4351388,7771,156.7999999999956,1570
4352850,7772,141.49999999999613,1462
4353085,7773,14.900000000000002,235
4354018,7774,87.39999999999907,933
4354837,7775,70.90000000000008,819
4356263,7776,127.39999999999665,1426
4356404,7777,10.89999999999997,141
4358579,7778,204.69999999999283,2175
4358911,7779,28.50000000000018,332
4360615,7780,172.2999999999948,1704
4360718,7781,8.599999999999982,103
4362627,7782,188.599999999994,1909
4363032,7783,40.00000000000026,405
4367317,7784,423.5000000000265,4285
4368517,7785,118.59999999999755,1200
4369265,7786,71.00000000000011,748
4370046,7787,76.39999999999986,781
4370828,7788,78.29999999999981,782
4370968,7789,11.399999999999972,140
4371408,7790,40.20000000000035,440
4371509,7791,8.999999999999982,101
4374889,7792,324.00000000000523,3380
4378381,7793,344.50000000000864,3492
4378523,7794,10.999999999999973,142
4378593,7795,6.199999999999992,70
4383820,7796,497.60000000004555,5227
4385056,7797,105.69999999999797,1236
4386856,7798,170.7999999999947,1800
4387111,7799,23.800000000000086,255
4390152,7800,295.79999999999893,3041
4391876,7801,163.19999999999487,1724
4395899,7802,383.80000000002076,4023
4396699,7803,66.90000000000029,800
4401777,7804,480.90000000003926,5078
4401847,7805,4.9999999999999964,70
4404212,7806,228.19999999999135,2365
4408156,7807,391.5000000000191,3944
4412554,7808,411.7000000000251,4398
4413146,7809,59.00000000000053,592
4413966,7810,76.99999999999984,820
4417797,7811,376.30000000001655,3831
4419109,7812,126.49999999999712,1312
4420982,7813,187.69999999999385,1873
4425495,7814,440.3000000000301,4513
4427180,7815,167.99999999999525,1685
4428299,7816,106.89999999999807,1119
4428440,7817,13.299999999999972,141
4430200,7818,165.29999999999512,1760
4430717,7819,50.300000000000445,517
4431876,7820,100.39999999999843,1159
4433564,7821,155.0999999999954,1688
4433819,7822,24.40000000000007,255
4434827,7823,83.49999999999925,1008
4438997,7824,377.50000000001734,4170
4442074,7825,290.099999999998,3077
4442440,7826,23.800000000000054,366
4442544,7827,8.699999999999982,104
4445622,7828,304.0000000000008,3078
4445875,7829,25.400000000000105,253
4446014,7830,13.09999999999997,139
4452107,7831,583.9000000000638,6093
4453002,7832,88.69999999999926,895
4457515,7833,401.3000000000254,4513
4464623,7834,664.7000000000829,7108
4465351,7835,61.50000000000048,728
4466151,7836,68.70000000000016,800
4466596,7837,33.50000000000023,445
4467961,7838,128.49999999999696,1365
4468934,7839,89.29999999999907,973
4469490,7840,56.900000000000496,556
4469612,7841,7.499999999999977,122
4471675,7842,195.59999999999337,2063
4472516,7843,74.89999999999972,841
4476254,7844,351.10000000001054,3738
4478507,7845,212.49999999999235,2253
4483998,7846,525.5000000000508,5491
4489528,7847,511.10000000004754,5530
4497996,7848,804.9000000001122,8468
4499135,7849,100.49999999999854,1139
4499806,7850,53.70000000000055,671
4501004,7851,114.1999999999978,1198
4504839,7852,375.5000000000162,3835
4506673,7853,185.29999999999424,1834
4507116,7854,38.10000000000031,443
4507931,7855,80.69999999999972,815
4511572,7856,335.4000000000076,3641
4512130,7857,54.70000000000051,558
4512312,7858,15.299999999999969,182
4512382,7859,4.9999999999999964,70
4516665,7860,405.30000000002605,4283
4517336,7861,60.90000000000062,671
4520754,7862,326.3000000000052,3418
4526319,7863,523.9000000000492,5565
4528249,7864,180.49999999999378,1930
4528615,7865,30.40000000000019,366
4529136,7866,46.50000000000044,521
4530483,7867,123.69999999999703,1347
4531492,7868,88.3999999999991,1009
4535098,7869,309.4000000000029,3606
4536220,7870,106.59999999999823,1122
4536662,7871,39.80000000000028,442
4537934,7872,127.59999999999715,1272
4539734,7873,173.79999999999458,1800
4542270,7874,205.09999999999178,2536
4542320,7875,-4.499999999999998,50
4542760,7876,45.60000000000034,440
4542866,7877,8.299999999999983,106
4545305,7878,236.19999999999112,2439
4547554,7879,209.09999999999303,2249
4547659,7880,8.199999999999983,105
4549347,7881,150.8999999999961,1688
4549756,7882,40.40000000000031,409
4558111,7883,778.9000000001083,8355
4558705,7884,50.800000000000466,594
4560764,7885,196.39999999999307,2059
4563127,7886,230.99999999999184,2363
4565041,7887,181.29999999999404,1914
4565859,7888,81.59999999999957,818
4568374,7889,242.5999999999906,2515
4569122,7890,74.6,748
4572921,7891,351.80000000001274,3799
4574496,7892,151.29999999999558,1575
4575357,7893,83.19999999999969,861
4576060,7894,66.8000000000004,703
4576695,7895,55.80000000000056,635
4578193,7896,144.7999999999961,1498
4584058,7897,547.3000000000561,5865
4584162,7898,9.89999999999998,104
4588710,7899,432.7000000000285,4548
4589416,7900,65.30000000000052,706
4592571,7901,302.7000000000007,3155
4596709,7902,366.200000000016,4138
4597453,7903,62.20000000000069,744
4603434,7904,581.400000000061,5981
4613368,7905,950.0000000001429,9934
4613844,7906,48.3000000000004,476
4615192,7907,118.9999999999975,1348
4616876,7908,163.09999999999508,1684
4619129,7909,219.09999999999184,2253
4619836,7910,66.60000000000045,707
4621485,7911,168.29999999999498,1649
4622604,7912,107.49999999999798,1119
4623987,7913,134.79999999999671,1383
4626611,7914,263.99999999999227,2624
4627203,7915,48.80000000000035,592
4627758,7916,55.60000000000046,555
4629107,7917,123.29999999999698,1349
4634447,7918,520.0000000000468,5340
4636733,7919,219.09999999999192,2286
4638307,7920,151.19999999999578,1574
4638937,7921,59.50000000000056,630
4642772,7922,352.7000000000136,3835
4644456,7923,161.8999999999952,1684
4645579,7924,108.49999999999808,1123
4650200,7925,448.40000000003187,4621
4650907,7926,67.20000000000029,707
4651161,7927,18.300000000000004,254
4653409,7928,217.99999999999204,2248
4653474,7929,5.099999999999997,65
4654068,7930,54.40000000000052,594
4657338,7931,297.70000000000033,3270
4658122,7932,77.29999999999981,784
4660261,7933,204.39999999999267,2139
4661687,7934,138.1999999999965,1426
4662019,7935,30.300000000000164,332
4663515,7936,138.59999999999653,1496
4666328,7937,273.59999999999377,2813
4666378,7938,-0.8999999999999986,50
4669872,7939,316.50000000000233,3494
4669976,7940,8.099999999999984,104
4671741,7941,169.3999999999948,1765
4671844,7942,9.199999999999982,103
4674173,7943,220.69999999999183,2329
4676571,7944,221.5999999999918,2398
4677237,7945,59.2000000000006,666
4679226,7946,191.19999999999388,1989
4680008,7947,74.09999999999985,782
4683391,7948,333.9000000000067,3383
4684173,7949,73.50000000000001,782
4684654,7950,48.80000000000038,481
4687488,7951,245.0999999999896,2834
4688421,7952,87.39999999999932,933
4689994,7953,149.29999999999583,1573
4690496,7954,40.100000000000385,502
4697717,7955,689.5000000000856,7221
4704525,7956,623.9000000000752,6808
4707848,7957,305.10000000000224,3323
4712474,7958,453.70000000003336,4626
4714501,7959,195.29999999999345,2027
4715656,7960,116.19999999999786,1155
4715758,7961,9.099999999999984,102
4716990,7962,124.49999999999754,1232
4717040,7963,-5.699999999999998,50
4722152,7964,491.80000000004367,5112
4726209,7965,398.30000000002076,4057
4728045,7966,169.29999999999438,1836
4732556,7967,437.70000000003006,4511
4732773,7968,14.899999999999949,217
4732838,7969,5.099999999999997,65
4736031,7970,295.99999999999875,3193
4736362,7971,34.40000000000021,331
4741553,7972,491.3000000000418,5191
4743540,7973,198.19999999999342,1987
4746358,7974,251.29999999998984,2818
4748835,7975,260.6999999999922,2477
4749240,7976,37.000000000000256,405
4751077,7977,175.39999999999455,1837
4751635,7978,52.9000000000005,558
4753775,7979,202.69999999999268,2140
4759079,7980,502.3000000000457,5304
4763214,7981,403.10000000002174,4135
4763526,7982,25.60000000000013,312
4767925,7983,429.2000000000266,4399
4769874,7984,193.49999999999375,1949
4772493,7985,254.79999999999046,2619
4774143,7986,146.1999999999957,1650
4774247,7987,8.699999999999983,104
4775442,7988,118.09999999999785,1195
4775547,7989,8.799999999999981,105
4775766,7990,19.900000000000055,219
4776773,7991,98.99999999999876,1007
4776954,7992,12.199999999999958,181
4778565,7993,166.59999999999516,1611
4781157,7994,249.6999999999907,2592
4781828,7995,67.50000000000038,671
4783213,7996,127.79999999999697,1385
4785841,7997,237.3999999999907,2628
4790350,7998,420.10000000002697,4509
4790717,7999,34.70000000000025,367
4794474,8000,361.1000000000138,3757
4794544,8001,4.9999999999999964,70
4794779,8002,15.500000000000028,235
4794998,8003,19.900000000000016,219
4795705,8004,61.80000000000065,707
4796715,8005,94.49999999999865,1010
4800433,8006,362.9000000000138,3718
4800650,8007,20.30000000000003,217
4801695,8008,98.89999999999833,1045
4803948,8009,217.29999999999205,2253
4804619,8010,66.90000000000038,671
4804725,8011,7.099999999999985,106
4811608,8012,656.000000000078,6883
4814991,8013,341.70000000000914,3383
4818712,8014,355.4000000000115,3721
4821792,8015,306.6000000000016,3080
4822689,8016,88.89999999999904,897
4822739,8017,-0.8999999999999986,50
4824651,8018,184.69999999999405,1912
4824978,8019,33.4000000000002,327
4825195,8020,18.50000000000002,217
4825523,8021,33.5000000000002,328
4827227,8022,153.69999999999516,1704
4830946,8023,348.00000000001125,3719
4831504,8024,58.30000000000053,558
4832703,8025,120.29999999999757,1199
4833410,8026,58.80000000000059,707
4834533,8027,104.89999999999826,1123
4838702,8028,393.60000000002105,4169
4839143,8029,44.50000000000035,441
4839475,8030,27.900000000000144,332
4840372,8031,85.89999999999937,897
4841567,8032,114.49999999999787,1195
4843158,8033,155.89999999999534,1591
4848233,8034,501.6000000000426,5075
4852632,8035,422.0000000000273,4399
4854393,8036,176.1999999999948,1761
4856079,8037,165.0999999999954,1686
4857879,8038,170.19999999999456,1800
4857980,8039,9.599999999999982,101
4859816,8040,173.49999999999437,1836
4861313,8041,148.89999999999625,1497
4863036,8042,166.6999999999951,1723
4865854,8043,272.8999999999947,2818
4866315,8044,41.70000000000035,461
4867454,8045,102.89999999999831,1139
4867746,8046,26.60000000000015,292
4868268,8047,43.00000000000035,522
4868861,8048,51.30000000000047,593
4868967,8049,8.299999999999983,106
4869222,8050,24.400000000000098,255
4874296,8051,479.90000000004096,5074
4874366,8052,4.399999999999997,70
4875072,8053,67.70000000000034,706
4876906,8054,169.09999999999434,1834
4878553,8055,163.29999999999504,1647
4880770,8056,212.79999999999228,2217
4881439,8057,67.30000000000037,669
4883240,8058,159.49999999999537,1801
4884492,8059,107.89999999999759,1252
4884860,8060,34.200000000000216,368
4888616,8061,368.2000000000155,3756
4889477,8062,90.3999999999991,861
4890451,8063,90.59999999999921,974
4890554,8064,9.199999999999982,103
4894160,8065,346.00000000000944,3606
4896295,8066,209.99999999999264,2135
4897978,8067,163.59999999999508,1683
4898988,8068,99.89999999999841,1010
4902480,8069,328.9000000000073,3492
4903187,8070,61.200000000000614,707
4907736,8071,431.6000000000296,4549
4912245,8072,442.900000000032,4509
4912690,8073,42.500000000000334,445
4913550,8074,88.49999999999916,860
4914332,8075,75.29999999999978,782
4916734,8076,229.19999999999175,2402
4919323,8077,253.59999999999042,2589
4919730,8078,28.800000000000242,407
4920850,8079,114.19999999999784,1120
4920936,8080,1.799999999999991,86
4929404,8081,821.100000000112,8468
4931092,8082,168.2999999999949,1688
4931873,8083,72.80000000000005,781
4932463,8084,58.20000000000052,590
4936108,8085,353.80000000001166,3645
4939035,8086,299.0999999999997,2927
4941172,8087,204.19999999999283,2137
4941386,8088,16.999999999999964,214
4941567,8089,16.399999999999967,181
4944950,8090,336.900000000008,3383
4947352,8091,230.3999999999915,2402
4948697,8092,132.4999999999968,1345
4953508,8093,477.9000000000384,4811
4957904,8094,421.10000000002674,4396
4958422,8095,48.600000000000406,518
4959692,8096,126.1999999999972,1270
4960811,8097,107.49999999999835,1119
4961595,8098,68.90000000000043,784
4963508,8099,181.19999999999428,1913
4965231,8100,154.69999999999553,1723
4971438,8101,605.200000000065,6207
4972481,8102,104.69999999999844,1043
4975541,8103,280.8999999999958,3060
4976774,8104,118.59999999999738,1233
4979366,8105,232.2999999999906,2592
4980147,8106,78.19999999999978,781
4984128,8107,383.50000000002075,3981
4984948,8108,77.59999999999982,820
4986975,8109,198.29999999999305,2027
4987643,8110,60.000000000000604,668
4989331,8111,156.2999999999953,1688
4991826,8112,230.69999999999095,2495
4994415,8113,251.7999999999904,2589
4994779,8114,38.000000000000234,364
4995789,8115,102.2999999999984,1010
4995911,8116,5.09999999999998,122
4997033,8117,104.19999999999828,1122
4997817,8118,76.69999999999972,784
4998487,8119,68.60000000000036,670
4998931,8120,38.20000000000023,444
5003330,8121,419.6000000000271,4399
5006934,8122,341.60000000000963,3604
5010729,8123,364.60000000001554,3795
5010831,8124,9.099999999999984,102
5013423,8125,237.09999999999053,2592
5014675,8126,115.69999999999736,1252
5015117,8127,39.800000000000324,442
5018613,8128,335.30000000000973,3496
5018719,8129,7.099999999999985,106
5022816,8130,411.6000000000248,4097
5024391,8131,139.29999999999615,1575
5029013,8132,457.50000000003485,4622
5030663,8133,152.19999999999573,1650
5034270,8134,335.9000000000082,3607
5036631,8135,219.9999999999921,2361
5036885,8136,25.500000000000107,254
5038457,8137,149.1999999999957,1572
5040968,8138,245.79999999999083,2511
5045514,8139,424.10000000002947,4546
5047011,8140,144.09999999999602,1497
5047568,8141,53.4000000000005,557
5052870,8142,520.7000000000469,5302
5054331,8143,138.39999999999645,1461
5056279,8144,190.99999999999366,1948
5057741,8145,135.49999999999636,1462
5058148,8146,39.0000000000003,407
5058892,8147,74.79999999999994,744
5060163,8148,125.69999999999723,1271
5062676,8149,234.59999999999133,2513
5064945,8150,217.69999999999217,2269
5066895,8151,168.3999999999946,1950
5069862,8152,285.99999999999636,2967
5070495,8153,60.40000000000057,633
5071842,8154,138.09999999999656,1347
5074469,8155,261.2999999999919,2627
5074949,8156,48.7000000000004,480
5075281,8157,32.70000000000021,332
5076064,8158,73.00000000000004,783
5076733,8159,64.30000000000061,669
5080491,8160,343.2000000000089,3758
5080613,8161,7.499999999999977,122
5080832,8162,19.900000000000055,219
5080902,8163,6.199999999999992,70
5081799,8164,79.2999999999998,897
5081901,8165,8.499999999999982,102
5083963,8166,203.29999999999305,2062
5084033,8167,3.7999999999999945,70
5084626,8168,60.90000000000056,593
5088232,8169,359.2000000000137,3606
5090335,8170,199.89999999999313,2103
5090554,8171,14.499999999999948,219
5091673,8172,100.8999999999984,1119
5091836,8173,10.099999999999964,163
5092389,8174,45.8000000000003,553
5093319,8175,81.69999999999952,930
5094894,8176,142.89999999999628,1575
5096241,8177,108.69999999999786,1347
5097328,8178,106.99999999999817,1087
5099995,8179,248.79999999999055,2667
5104733,8180,452.60000000003447,4738
5105929,8181,114.59999999999779,1196
5108819,8182,268.09999999999275,2890
5109034,8183,21.900000000000055,215
5109084,8184,-0.8999999999999986,50
5109189,8185,8.799999999999981,105
5111552,8186,238.7999999999914,2363
5113915,8187,217.19999999999155,2363
5114584,8188,66.70000000000039,669
5115480,8189,84.59999999999948,896
5115921,8190,40.9000000000003,441
5119566,8191,351.40000000001095,3645
5119975,8192,31.400000000000283,409
5124452,8193,441.2000000000302,4477
5124558,8194,8.899999999999983,106
5126019,8195,129.99999999999662,1461
5127461,8196,129.5999999999968,1442
5127567,8197,8.299999999999983,106
5131402,8198,351.50000000001336,3835
5131508,8199,7.6999999999999815,106
5132852,8200,134.1999999999968,1344
5132902,8201,-0.8999999999999986,50
5136249,8202,325.8000000000054,3347
5145653,8203,864.000000000126,9404
5146094,8204,43.3000000000003,441
5149251,8205,306.50000000000136,3157
5150407,8206,100.69999999999823,1156
5152321,8207,186.69999999999382,1914
5152427,8208,8.299999999999983,106
5156976,8209,443.0000000000323,4549
5158324,8210,123.79999999999727,1348
5159483,8211,108.79999999999801,1159
5160641,8212,118.29999999999774,1158
5160856,8213,18.300000000000004,215
5163255,8214,228.2999999999917,2399
5167615,8215,421.4000000000273,4360
5169299,8216,163.09999999999522,1684
5169552,8217,24.800000000000104,253
5170219,8218,67.10000000000039,667
5171116,8219,81.09999999999968,897
5172142,8220,83.49999999999928,1026
5175670,8221,344.80000000001013,3528
5177243,8222,150.49999999999568,1573
5180282,8223,287.7999999999975,3039
5185921,8224,551.1000000000552,5639
5188964,8225,305.60000000000076,3043
5190086,8226,113.79999999999806,1122
5190189,8227,9.199999999999982,103
5192160,8228,195.0999999999936,1971
5194109,8229,188.69999999999365,1949
5197753,8230,359.7000000000131,3644
5198986,8231,122.19999999999739,1233
5199055,8232,4.899999999999997,69
5203604,8233,450.80000000003145,4549
5204840,8234,128.4999999999972,1236
5205360,8235,48.200000000000415,520
5207274,8236,177.6999999999941,1914
5209336,8237,200.89999999999324,2062
5210607,8238,122.6999999999972,1271
5212331,8239,166.79999999999507,1724
5212922,8240,58.90000000000057,591
5214533,8241,153.99999999999574,1611
5215429,8242,84.5999999999994,896
5222427,8243,668.400000000083,6998
5223586,8244,105.79999999999792,1159
5225045,8245,133.3999999999965,1459
5225937,8246,90.79999999999912,892
5227021,8247,101.8999999999982,1084
5227428,8248,34.80000000000027,407
5228812,8249,133.6999999999968,1384
5231440,8250,258.99999999999113,2628
5231562,8251,5.09999999999998,122
5231704,8252,13.99999999999997,142
5233466,8253,168.49999999999477,1762
5233534,8254,4.799999999999997,68
5234392,8255,76.89999999999979,858
5235967,8256,144.09999999999607,1575
5237352,8257,128.99999999999685,1385
5237833,8258,48.2000000000004,481
5238500,8259,61.70000000000061,667
5239054,8260,54.90000000000052,554
5239271,8261,19.70000000000002,217
5242197,8262,279.79999999999643,2926
5242302,8263,8.199999999999983,105
5242668,8264,32.20000000000021,366
5243488,8265,76.9999999999996,820
5244383,8266,89.29999999999932,895
5244941,8267,58.900000000000496,558
5248436,8268,326.2000000000051,3495
5251250,8269,264.6999999999923,2814
5254859,8270,353.5000000000136,3609
5258767,8271,370.20000000001676,3908
5261697,8272,278.39999999999606,2930
5262214,8273,53.90000000000046,517
5267517,8274,506.4000000000456,5303
5272482,8275,488.5000000000407,4965
5273038,8276,50.3000000000004,556
5276305,8277,307.00000000000125,3267
5280814,8278,433.90000000003005,4509
5280883,8279,4.899999999999997,69
5282604,8280,163.49999999999548,1721
5285724,8281,298.8999999999996,3120
5286585,8282,81.99999999999933,861
5288272,8283,159.1999999999952,1687
5294250,8284,570.3000000000605,5978
5294501,8285,24.6000000000001,251
5296072,8286,157.4999999999957,1571
5300811,8287,457.50000000003433,4739
5303403,8288,247.89999999999026,2592
5303960,8289,53.40000000000046,557
5304441,8290,50.000000000000405,481
5306766,8291,231.0999999999916,2325
5308191,8292,133.29999999999643,1425
5310444,8293,222.0999999999922,2253
5312620,8294,198.19999999999283,2176
5312762,8295,15.19999999999997,142
5314333,8296,148.49999999999568,1571
5314664,8297,28.400000000000144,331
5318947,8298,422.7000000000261,4283
5320445,8299,133.9999999999965,1498
5321002,8300,54.600000000000506,557
5321899,8301,90.69999999999926,897
5328406,8302,593.2000000000651,6507
5329867,8303,128.7999999999969,1461
5336187,8304,588.0000000000649,6320
5336858,8305,65.70000000000053,671
5339260,8306,235.19999999999143,2402
5339512,8307,22.300000000000054,252
5340101,8308,62.90000000000058,589
5343822,8309,359.00000000001177,3721
5344491,8310,66.10000000000042,669
5347228,8311,250.9999999999901,2737
5347596,8312,36.60000000000024,368
5347813,8313,13.699999999999953,217
5348820,8314,94.19999999999881,1007
5349358,8315,42.20000000000043,538
5352664,8316,321.4000000000054,3306
5352786,8317,5.09999999999998,122
5356165,8318,300.4999999999994,3379
5357365,8319,103.59999999999806,1200
5357883,8320,46.200000000000394,518
5358251,8321,37.20000000000022,368
5365848,8322,731.3000000000932,7597
5367988,8323,193.69999999999308,2140
5368203,8324,21.300000000000047,215
5368308,8325,10.59999999999998,105
5369429,8326,104.0999999999983,1121
5374245,8327,456.8000000000351,4816
5382673,8328,798.2000000001111,8428
5384959,8329,221.49999999999181,2286
5385211,8330,24.700000000000088,252
5386637,8331,139.3999999999962,1426
5388547,8332,189.89999999999392,1910
5390231,8333,152.89999999999603,1684
5395499,8334,511.00000000004536,5268
5397448,8335,188.6999999999936,1949
5399398,8336,177.39999999999435,1950
5400783,8337,128.99999999999687,1385
5401793,8338,86.0999999999993,1010
5406794,8339,460.0000000000349,5001
5416843,8340,951.6000000001446,10049
5425195,8341,823.6000000001123,8352
5425319,8342,10.699999999999974,124
5432055,8343,642.5000000000753,6736
5434117,8344,205.0999999999931,2062
5434860,8345,72.9,743
5434963,8346,7.399999999999986,103
5435969,8347,100.69999999999843,1006
5442157,8348,591.0000000000638,6188
5442940,8349,72.40000000000002,783
5447563,8350,451.60000000003265,4623
5447629,8351,5.199999999999996,66
5447735,8352,7.699999999999987,106
5452361,8353,454.3000000000335,4626
5453030,8354,67.90000000000039,669
5455848,8355,271.69999999999385,2818
5456212,8356,32.600000000000186,364
5456431,8357,21.10000000000005,219
5457211,8358,71.50000000000013,780
5458479,8359,125.99999999999721,1268
5461406,8360,267.89999999999264,2927
5461886,8361,44.50000000000037,480
5462704,8362,82.79999999999956,818
5467403,8363,458.60000000003265,4699
5468898,8364,139.6999999999965,1495
5476498,8365,720.800000000095,7600
5480975,8366,436.4000000000303,4477
5484320,8367,325.0000000000047,3345
5485778,8368,143.49999999999622,1458
5487539,8369,159.3999999999952,1761
5501090,8370,1303.2999999999122,13551
5503343,8371,219.09999999999218,2253
5504538,8372,115.6999999999979,1195
5506336,8373,169.99999999999469,1798
5511410,8374,506.9000000000435,5074
5514676,8375,320.10000000000554,3266
5514798,8376,5.699999999999978,122
5517277,8377,251.29999999999097,2479
5519151,8378,177.59999999999408,1874
5522724,8379,321.40000000000504,3573
5532130,8380,869.6000000001263,9406
5532272,8381,12.199999999999969,142
5535542,8382,316.30000000000376,3270
5547658,8383,1177.2000000000191,12116
5549153,8384,141.49999999999633,1495
5549819,8385,59.800000000000544,666
5552862,8386,299.00000000000006,3043
5553269,8387,34.20000000000026,407
5554617,8388,129.19999999999683,1348
5556341,8389,170.39999999999472,1724
5557460,8390,113.49999999999807,1119
5563365,8391,585.2000000000605,5905
5563769,8392,40.500000000000284,404
5572151,8393,796.600000000109,8382
5573532,8394,126.19999999999717,1381
5574768,8395,123.69999999999717,1236
5575135,8396,30.50000000000019,367
5575691,8397,58.10000000000053,556
5578283,8398,241.29999999999072,2592
5579288,8399,98.79999999999879,1005
5583610,8400,427.500000000028,4322
5583680,8401,4.9999999999999964,70
5583781,8402,8.999999999999982,101
5591607,8403,729.6000000000954,7826
5597283,8404,543.7000000000537,5676
5597498,8405,22.500000000000068,215
5597827,8406,33.600000000000215,329
5599476,8407,149.69999999999575,1649
5599805,8408,30.000000000000192,329
5601945,8409,203.29999999999274,2140
5604120,8410,200.49999999999304,2175
5604901,8411,74.0,781
5605984,8412,88.59999999999913,1083
5612041,8413,592.0000000000605,6057
5619263,8414,705.8000000000883,7222
5620724,8415,129.39999999999702,1461
5627913,8416,707.6000000000879,7189
5631327,8417,319.30000000000337,3414
5631848,8418,48.300000000000445,521
5632483,8419,61.80000000000059,635
5632587,8420,9.299999999999981,104
5633140,8421,50.00000000000046,553
5634826,8422,157.2999999999952,1686
5636062,8423,112.29999999999764,1236
5636168,8424,10.69999999999998,106
5639813,8425,329.20000000000687,3645
5640484,8426,66.30000000000038,671
5641154,8427,65.00000000000045,670
5641748,8428,56.20000000000051,594
5647539,8429,550.1000000000558,5791
5651148,8430,349.30000000001235,3609
5651442,8431,29.200000000000124,294
5652336,8432,77.79999999999973,894
5659784,8433,721.8000000000943,7448
5659834,8434,-5.099999999999998,50
5661782,8435,192.1999999999936,1948
5661888,8436,7.099999999999984,106
5663047,8437,109.999999999998,1159
5667782,8438,458.9000000000333,4735
5668787,8439,96.39999999999885,1005
5669457,8440,66.20000000000039,670
5670693,8441,124.29999999999735,1236
5680327,8442,932.600000000136,9634
5680885,8443,55.30000000000051,558
5681668,8444,76.59999999999984,783
5682826,8445,115.89999999999772,1158
5689708,8446,665.5000000000788,6882
5692864,8447,313.0000000000025,3156
5694889,8448,193.2999999999933,2025
5695028,8449,12.49999999999997,139
5695170,8450,13.999999999999968,142
5695837,8451,65.3000000000005,667
5698389,8452,215.39999999999185,2552
5700110,8453,150.8999999999955,1721
5701192,8454,110.69999999999823,1082
5703106,8455,179.49999999999423,1914
5709686,8456,616.7000000000708,6580
5714420,8457,457.60000000003544,4734
5716408,8458,198.89999999999347,1988
5717418,8459,101.09999999999836,1010
5720026,8460,257.899999999992,2608
5723748,8461,353.10000000001105,3722
5725243,8462,138.49999999999625,1495
5725572,8463,32.40000000000017,329
5727599,8464,191.09999999999394,2027
5729303,8465,164.49999999999494,1704
5731366,8466,197.99999999999315,2063
5732037,8467,65.10000000000046,671
5732631,8468,58.000000000000554,594
5734316,8469,168.59999999999496,1685
5734644,8470,31.100000000000186,328
5736931,8471,213.19999999999186,2287
5738730,8472,180.29999999999438,1799
5739550,8473,82.99999999999952,820
5740971,8474,143.09999999999624,1421
5741865,8475,81.99999999999952,894
5747543,8476,542.7000000000527,5678
5754123,8477,622.7000000000698,6580
5757049,8478,277.3999999999945,2926
5758285,8479,121.29999999999748,1236
5761668,8480,284.69999999999726,3383
5762111,8481,45.30000000000036,443
5764925,8482,274.2999999999944,2814
5766984,8483,193.3999999999936,2059
5767034,8484,-0.8999999999999986,50
5768383,8485,127.49999999999702,1349
5772105,8486,355.50000000001063,3722
5772191,8487,2.3999999999999915,86
5773766,8488,147.69999999999587,1575
5775340,8489,151.19999999999587,1574
5776425,8490,103.19999999999838,1085
5777660,8491,115.19999999999743,1235
5782435,8492,464.4000000000361,4775
5784574,8493,200.1999999999929,2139
5785354,8494,73.30000000000013,780
5785685,8495,27.800000000000153,331
5787034,8496,129.2999999999969,1349
5787140,8497,7.099999999999982,106
5790216,8498,297.79999999999984,3076
5791375,8499,108.79999999999804,1159
5795287,8500,397.60000000001946,3912
5803489,8501,800.8000000001069,8202
5805438,8502,188.09999999999388,1949
5807239,8503,171.49999999999443,1801
5807607,8504,34.800000000000246,368
5811700,8505,399.80000000002195,4093
5813311,8506,151.59999999999562,1611
5813530,8507,18.10000000000001,219
5818265,8508,471.5000000000371,4735
5820518,8509,217.29999999999217,2253
5827666,8510,697.8000000000852,7148
5830594,8511,278.799999999995,2928
5835931,8512,503.50000000004616,5337
5836599,8513,66.60000000000038,668
5839602,8514,292.29999999999745,3003
5843661,8515,406.3000000000227,4059
5847042,8516,313.90000000000236,3381
5854414,8517,716.6000000000913,7372
5857607,8518,306.2000000000008,3193
5862233,8519,444.7000000000311,4626
5864257,8520,204.59999999999303,2024
5864362,8521,8.799999999999981,105
5868084,8522,355.50000000001137,3722
5876098,8523,770.3000000001048,8014
5877330,8524,117.89999999999782,1232
5877884,8525,53.100000000000485,554
5891698,8526,1328.699999999888,13814
5892027,8527,28.20000000000014,329
5893114,8528,105.79999999999822,1087
5893480,8529,30.400000000000166,366
5897087,8530,355.7000000000121,3607
5902992,8531,567.2000000000593,5905
5909234,8532,610.2000000000659,6242
5911370,8533,200.4999999999931,2136
5912262,8534,83.59999999999943,892
5916208,8535,386.3000000000174,3946
5916616,8536,39.100000000000286,408
5919734,8537,299.89999999999884,3118
5920327,8538,52.500000000000504,593
5923932,8539,353.70000000001176,3605
5926262,8540,240.59999999999144,2330
5928062,8541,170.1999999999946,1800
5929636,8542,152.3999999999958,1574
5929851,8543,20.700000000000053,215
5930631,8544,75.09999999999998,780
5931677,8545,101.99999999999861,1046
5933022,8546,139.09999999999658,1345
5934936,8547,178.89999999999412,1914
5935604,8548,64.20000000000064,668
5939325,8549,365.00000000001444,3721
5940897,8550,156.39999999999563,1572
5957949,8551,1654.2999999996134,17052
5958694,8552,76.69999999999976,745
5958913,8553,21.700000000000045,219
5961388,8554,251.49999999999073,2475
5966805,8555,529.5000000000515,5417
5966988,8556,14.799999999999956,183
5971384,8557,436.1000000000279,4396
5972391,8558,101.39999999999853,1007
5972832,8559,43.900000000000325,441
5974370,8560,142.49999999999628,1538
5975977,8561,161.99999999999545,1607
5978642,8562,267.79999999999274,2665
5982102,8563,323.6000000000083,3460
5985632,8564,349.20000000001147,3530
5987090,8565,141.69999999999632,1458
5989755,8566,259.3999999999911,2665
5994493,8567,456.8000000000331,4738
5999002,8568,452.50000000003206,4509
