timestep,policy_loss,value_loss,entropy_loss,clip_fraction,approx_kl,learning_rate
1024,0.0002293635334353894,4.496531993150711,-0.6930174604058266,0.0,0.0001301816664636135,9.989754098360657e-05
2048,-0.0022714303704560734,4.943705692887306,-0.6878189276903868,0.0126953125,0.002211854647612199,9.979508196721312e-05
3072,-0.0006445575854741037,3.504453666508198,-0.6839171592146158,0.00830078125,0.0008804079261608422,9.969262295081968e-05
4096,-0.0004235012165736407,2.6819684877991676,-0.6882492322474718,0.00048828125,0.0007839682220946997,9.959016393442624e-05
5120,-0.0003286504652351141,1.5188911147415638,-0.690668722614646,0.0078125,0.0019263277936261147,9.948770491803279e-05
6144,-0.0018383688729954883,1.1361056230962276,-0.6848333682864904,0.0,0.0010855216823983938,9.938524590163934e-05
7168,-0.009078955568838865,0.44875779654830694,-0.6573005132377148,0.09521484375,0.008081374238827266,9.92827868852459e-05
8192,-0.007643276883754879,0.3768753381446004,-0.5973822064697742,0.08740234375,0.005505457855178975,9.918032786885247e-05
9216,-0.004211992243654095,0.5332111064344645,-0.5549863250926137,0.01904296875,0.0018753348267637193,9.907786885245903e-05
10240,-0.007783914858009666,0.4746290808543563,-0.4507133401930332,0.068359375,0.004052042990224436,9.897540983606558e-05
11264,-0.0028859772719442844,0.5170291126705706,-0.43197823967784643,0.0224609375,0.0014422338281292468,9.887295081967214e-05
12288,0.00036431926855584607,0.5046825096942484,-0.421835333108902,0.0,0.0005887248844373971,9.87704918032787e-05
13312,-0.0032219627901213244,0.48344782181084156,-0.3739495659247041,0.017578125,0.0014749477413715795,9.866803278688525e-05
14336,-0.008174503585905768,0.42270494997501373,-0.33590167853981256,0.0439453125,0.002669363166205585,9.85655737704918e-05
15360,-0.0017328626126982272,0.453046269249171,-0.31754455994814634,0.0107421875,0.001197807810967788,9.846311475409836e-05
16384,-0.0020983150898246095,0.26933085918426514,-0.30802174005657434,0.00927734375,0.0010509422718314454,9.836065573770493e-05
17408,-0.001651524769840762,0.2673226394690573,-0.2874930500984192,0.0107421875,0.000837647428852506,9.825819672131148e-05
18432,-0.0026677776768337935,0.2728907149285078,-0.2398197348229587,0.0107421875,0.0009153989522019401,9.815573770491804e-05
19456,-0.0022494707081932575,0.2411831330973655,-0.25863045919686556,0.0107421875,0.0007085178513079882,9.80532786885246e-05
20480,-0.00021450901112984866,0.2852392136119306,-0.25205163285136223,0.00634765625,0.0005408986035035923,9.795081967213115e-05
21504,-0.0007721498986938968,0.3930512825027108,-0.2694862582720816,0.0078125,0.00072588435432408,9.784836065573771e-05
22528,-0.003458597246208228,0.2715665455907583,-0.2602963582612574,0.005859375,0.0006610892014577985,9.774590163934426e-05
23552,-0.0014331569545902312,0.3034295034594834,-0.26895646238699555,0.00830078125,0.0008027222938835621,9.764344262295082e-05
24576,-0.003418347128899768,0.24610407277941704,-0.25143956765532494,0.009765625,0.000679994685924612,9.754098360655737e-05
25600,-0.0015106948267202824,0.2600154592655599,-0.2604314014315605,0.0078125,0.0006333335040835664,9.743852459016394e-05
26624,-0.0046893316466594115,0.2331464858725667,-0.2710787239484489,0.0107421875,0.0008172629168257117,9.73360655737705e-05
27648,-0.001683139766100794,0.22356366692110896,-0.24015684844926,0.01806640625,0.0012309150042710826,9.723360655737706e-05
28672,-0.0013079224445391446,0.29706414183601737,-0.2814035518094897,0.025390625,0.0015640660130884498,9.713114754098361e-05
29696,-0.004429556385730393,0.262719408608973,-0.241071623750031,0.01220703125,0.0008579727436881512,9.702868852459017e-05
30720,-0.006904326728545129,0.2781586335040629,-0.26803896203637123,0.0380859375,0.0027406144799897447,9.692622950819674e-05
31744,-0.006184073237818666,0.24109355174005032,-0.25918394699692726,0.0205078125,0.0019972025620518252,9.682377049180328e-05
32768,-0.003566547078662552,0.18278502952307463,-0.25014535523951054,0.03955078125,0.002700497643672861,9.672131147540983e-05
33792,-0.00532269652467221,0.2480647754855454,-0.2317692800424993,0.04052734375,0.0030521957523887977,9.66188524590164e-05
34816,-0.014003077580127865,0.22834499133750796,-0.25383554864674807,0.06396484375,0.005987879791064188,9.651639344262296e-05
35840,-0.004694862785981968,0.22383637726306915,-0.26309374906122684,0.01953125,0.0016689731273800135,9.641393442622951e-05
36864,-0.0014862540701869875,0.15877839759923518,-0.19804608589038253,0.02197265625,0.0022331914369715378,9.631147540983607e-05
37888,-0.0011413840693421662,0.1799868841189891,-0.2046065228059888,0.0205078125,0.0014582770527340472,9.620901639344263e-05
38912,-0.0037735668593086302,0.09324340091552585,-0.18108410853892565,0.033203125,0.0030567364738089964,9.610655737704918e-05
39936,-0.003137988460366614,0.0982092049671337,-0.20325551182031631,0.03173828125,0.0027258423215243965,9.600409836065573e-05
40960,-0.004203311138553545,0.10341792274266481,-0.20292638847604394,0.02978515625,0.0021650182316079736,9.59016393442623e-05
41984,-0.003951558435801417,0.08789780538063496,-0.196119484025985,0.0302734375,0.0024865345185389742,9.579918032786886e-05
43008,-0.004276769410353154,0.08569936500862241,-0.17966512683779,0.0244140625,0.0029822342621628195,9.56967213114754e-05
44032,-0.002016290818573907,0.04481025494169444,-0.16276755440048873,0.029296875,0.0021680281352018937,9.559426229508197e-05
45056,-0.0017982194549404085,0.05506300990236923,-0.16452888050116599,0.01953125,0.001497202887549065,9.549180327868853e-05
46080,-0.0010677510726964101,0.08598732843529433,-0.16279218392446637,0.015625,0.0012417978432495147,9.53893442622951e-05
47104,0.0025702128768898547,0.11955379869323224,-0.19286141451448202,0.01953125,0.0019938484620070085,9.528688524590164e-05
48128,-0.005493025382747874,0.11666067130863667,-0.16423964384011924,0.02587890625,0.0022227941954042763,9.51844262295082e-05
49152,-0.004545688148937188,0.08592074213083833,-0.16141046932898462,0.03125,0.004093930110684596,9.508196721311476e-05
50176,-0.0002642075269250199,0.17847311065997928,-0.22034939471632242,0.02294921875,0.0016018672031350434,9.497950819672132e-05
51200,-0.0011313537834212184,0.15228859591297805,-0.195282481610775,0.01513671875,0.0012942951580043882,9.487704918032787e-05
52224,-0.004000665852800012,0.08496910484973341,-0.18467954406514764,0.03125,0.0022865899081807584,9.477459016393443e-05
53248,-0.002089202665956691,0.1475288572255522,-0.1682801111601293,0.0205078125,0.0014876275381539017,9.467213114754099e-05
54272,-0.003250712703447789,0.13048508414067328,-0.18811113387346268,0.037109375,0.00318871891067829,9.456967213114754e-05
55296,-0.0005111113277962431,0.16237633279524744,-0.2220440092496574,0.0283203125,0.002566775801824406,9.44672131147541e-05
56320,-0.003451016513281502,0.12232948187738657,-0.16909557627514005,0.0283203125,0.0022944652882870287,9.436475409836067e-05
57344,-0.008232027874328196,0.2716072704643011,-0.17460199794732034,0.0576171875,0.006465946658863686,9.426229508196722e-05
58368,-0.0018979957021656446,0.1503875949420035,-0.17203180072829127,0.02294921875,0.0030274346354417503,9.415983606557376e-05
59392,-0.004709125962108374,0.11761495273094624,-0.1837152591906488,0.0341796875,0.003806324166362174,9.405737704918033e-05
60416,-0.006443809979828075,0.10509861924219877,-0.17343497928231955,0.05224609375,0.005843391176313162,9.395491803278689e-05
61440,-0.0028373205568641424,0.273160538636148,-0.17869253363460302,0.0146484375,0.0017454501503380015,9.385245901639344e-05
62464,-0.0016733619704609737,0.09708764136303216,-0.15787523495964706,0.02783203125,0.002480035793269053,9.375e-05
63488,-0.0017965749138966203,0.11542397714219987,-0.17156043206341565,0.0224609375,0.0020479962695389986,9.364754098360656e-05
64512,0.001688629068667069,0.10399523482192308,-0.167332851793617,0.02294921875,0.0018087523349095136,9.354508196721313e-05
65536,-0.0034142086224164814,0.1219131089746952,-0.18255660310387611,0.01904296875,0.0016719367413315922,9.344262295081968e-05
66560,-0.0018979813030455261,0.20928699802607298,-0.18703458830714226,0.0380859375,0.0046595765015808865,9.334016393442624e-05
67584,-0.001183837972348556,0.08229028875939548,-0.1664261701516807,0.02880859375,0.002249580851639621,9.323770491803279e-05
68608,-0.0024061981384875253,0.138317417120561,-0.17121878475882113,0.0361328125,0.002980357297929004,9.313524590163935e-05
69632,-0.0022927295649424195,0.14888242562301457,-0.17137641529552639,0.0341796875,0.0026672040403354913,9.30327868852459e-05
70656,-0.002772431369521655,0.15006079617887735,-0.15393845830112696,0.0361328125,0.0030487531766993925,9.293032786885246e-05
71680,-0.0006426187028409913,0.13058584439568222,-0.20393882459029555,0.03759765625,0.0031223810074152425,9.282786885245903e-05
72704,-0.0027174434435437433,0.0932626937283203,-0.17748228088021278,0.0263671875,0.002196495814132504,9.272540983606557e-05
73728,-0.0002746162354014814,0.09112227708101273,-0.15590347745455801,0.03369140625,0.002468719889293425,9.262295081967214e-05
74752,-0.008010644523892552,0.06713880051393062,-0.16119980486109853,0.06689453125,0.007408685836708173,9.25204918032787e-05
75776,-0.0020122366258874536,0.0849389242939651,-0.1661344226449728,0.033203125,0.0032869648712221533,9.241803278688526e-05
76800,-0.0015691853477619588,0.059586043062154204,-0.14809088339097798,0.03662109375,0.0028613351605599746,9.23155737704918e-05
77824,-0.0008026897048694082,0.0960143175907433,-0.1582169474568218,0.0224609375,0.002642836101585999,9.221311475409836e-05
78848,0.00013827008660882711,0.10188151116017252,-0.1614351593889296,0.03564453125,0.002703067089896649,9.211065573770492e-05
79872,0.006383182786521502,0.05358349287416786,-0.16296732937917113,0.02783203125,0.003055937952012755,9.200819672131149e-05
80896,-0.003717187268193811,0.05402786692138761,-0.14688600809313357,0.0439453125,0.004020975567982532,9.190573770491804e-05
81920,0.0006876319966977462,0.06725975824519992,-0.13826169189997017,0.03662109375,0.0030801544489804655,9.18032786885246e-05
82944,-0.0016960888460744172,0.166710315621458,-0.16166054573841393,0.04833984375,0.0044264829193707556,9.170081967213116e-05
83968,-0.004488682636292651,0.1018298789858818,-0.15066156233660877,0.01904296875,0.002093129136483185,9.159836065573771e-05
84992,-0.0025022472473210655,0.05462677904870361,-0.13987532071769238,0.0224609375,0.002956650365376845,9.149590163934427e-05
86016,-0.0015424802113557234,0.17000420857220888,-0.14010034734383225,0.029296875,0.00267832753888797,9.139344262295082e-05
87040,-0.0010047334217233583,0.08535316050983965,-0.14321112469770014,0.04541015625,0.00385041294794064,9.129098360655738e-05
88064,-0.0003981285699410364,0.06297976672067307,-0.14404151681810617,0.041015625,0.003016440707142465,9.118852459016393e-05
89088,-0.003050142273423262,0.060502767795696855,-0.13671823998447508,0.0400390625,0.004513559237238951,9.10860655737705e-05
90112,-0.00031486044463235885,0.051438700160360895,-0.15947153931483626,0.07568359375,0.007079955670633353,9.098360655737706e-05
91136,-0.0034788385237334296,0.059378750302130356,-0.1345826992765069,0.05615234375,0.00611837646283675,9.088114754098361e-05
92160,-0.0008890661993063986,0.2136505818925798,-0.14945637620985508,0.03857421875,0.0048289247788488865,9.077868852459017e-05
93184,0.009825304936384782,0.16923418536316603,-0.17887225653976202,0.0732421875,0.008336917948327027,9.067622950819672e-05
94208,-0.004408473767398391,0.2110759485512972,-0.14325170940719545,0.0732421875,0.008257171080913395,9.05737704918033e-05
95232,-0.0029383442233665846,0.17686606280039996,-0.16439271718263626,0.03857421875,0.004154651644057594,9.047131147540983e-05
96256,-0.0033659468754194677,0.7212790120393038,-0.20209217397496104,0.025390625,0.001995907790842466,9.03688524590164e-05
97280,-0.0010820426687132567,0.7170673236250877,-0.20112582831643522,0.03662109375,0.003528287445078604,9.026639344262296e-05
98304,-0.0007716803520452231,0.08624757803045213,-0.15250993939116597,0.0361328125,0.00368153715680819,9.016393442622952e-05
99328,-0.003745451118447818,0.6277068732306361,-0.22138835117220879,0.056640625,0.004152854176936671,9.006147540983607e-05
100352,-0.0044356725993566215,0.27844606759026647,-0.17214174033142626,0.05126953125,0.004017053506686352,8.995901639344263e-05
101376,-0.001206020824611187,0.06347990705398843,-0.14160421211272478,0.033203125,0.0033184195053763688,8.98565573770492e-05
102400,-0.006283635011641309,0.19263255328405648,-0.15671152202412486,0.052734375,0.004621060201316141,8.975409836065574e-05
103424,0.000490418984554708,0.05891078326385468,-0.13980775815434754,0.052734375,0.004782403353601694,8.965163934426229e-05
104448,0.0023084062559064478,0.0755457283812575,-0.1418227714020759,0.0458984375,0.0035604284930741414,8.954918032786885e-05
105472,-0.0009135879663517699,0.06313201767625287,-0.11547680129297078,0.048828125,0.005543570965528488,8.944672131147542e-05
106496,-0.0016336320986738428,0.1788758933544159,-0.14612805913202465,0.0263671875,0.004930576527840458,8.934426229508197e-05
107520,0.002439061558106914,0.04338806919986382,-0.1335594216361642,0.03857421875,0.01071488406159915,8.924180327868853e-05
108544,-0.0025008106604218483,0.07027885725256056,-0.13479790021665394,0.03759765625,0.0032757091394159943,8.913934426229509e-05
109568,-0.0015267073613358662,0.09314259141683578,-0.15249588782899082,0.025390625,0.002354831784032285,8.903688524590164e-05
110592,-0.0006267335265874863,0.12640095374081284,-0.16638253652490675,0.01708984375,0.0013492781872628257,8.89344262295082e-05
111616,-0.0031356209801742807,0.21184703358449042,-0.17397240549325943,0.0283203125,0.003659786845673807,8.883196721311475e-05
112640,-0.0022092204017098993,0.056760536826914176,-0.15227233618497849,0.03857421875,0.003819914985797368,8.872950819672131e-05
113664,-0.0047025424864841625,0.15674647002015263,-0.1696457928046584,0.0439453125,0.0034627905988600105,8.862704918032786e-05
114688,-0.0010162537364521995,0.06170003453735262,-0.16591726173646748,0.09326171875,0.012710978844552301,8.852459016393443e-05
115712,-0.004614001198206097,0.1459938861662522,-0.14419837202876806,0.01611328125,0.0021778755326522514,8.842213114754099e-05
116736,-0.0031698612438049167,0.06860051752300933,-0.16728246910497546,0.06103515625,0.005659474089043215,8.831967213114755e-05
117760,-0.0022153554164106026,0.1262306027347222,-0.16251835064031184,0.01220703125,0.0013585179985966533,8.82172131147541e-05
118784,0.00028451117395889014,0.050606180215254426,-0.16002769069746137,0.0419921875,0.0037017568829469383,8.811475409836066e-05
119808,0.0014216167328413576,0.08034157333895564,-0.1513927022460848,0.0517578125,0.005103392424643971,8.801229508196723e-05
120832,0.0015744649281259626,0.06719774019438773,-0.15302035538479686,0.02978515625,0.002668330038432032,8.790983606557378e-05
121856,-0.002888316274038516,0.15884041076060385,-0.16190720279701054,0.0517578125,0.004781763404025696,8.780737704918032e-05
122880,-0.0002724222285905853,0.03549269636278041,-0.1560053147841245,0.04052734375,0.0035856786416843534,8.770491803278689e-05
123904,-0.0008936627273214981,0.04165082293911837,-0.13222268922254443,0.03857421875,0.003984573966590688,8.760245901639345e-05
124928,-0.003907653852365911,0.1532489131204784,-0.16030280967243016,0.0302734375,0.004362063729786314,8.75e-05
125952,-0.000980685421382077,0.07265220693079755,-0.14824233786202967,0.041015625,0.003253115530242212,8.739754098360656e-05
126976,-0.004215316570480354,0.07116874231724069,-0.14046125835739076,0.02978515625,0.0032449648570036516,8.729508196721312e-05
128000,-0.0021586025250144303,0.09283905813936144,-0.1671534061897546,0.01220703125,0.0012182464997749776,8.719262295081967e-05
129024,0.0012105580972274765,0.09679570968728513,-0.14632529066875577,0.0322265625,0.006147776774014346,8.709016393442624e-05
130048,-0.005970022481051274,0.12909202266018838,-0.15579774952493608,0.0322265625,0.002465781639330089,8.698770491803279e-05
131072,-0.002848574993549846,0.18826716160401702,-0.16997592151165009,0.0390625,0.004045239154947922,8.688524590163935e-05
132096,0.003954718835302629,0.11619659094139934,-0.17563180392608047,0.04052734375,0.00377095170551911,8.67827868852459e-05
133120,0.0020734849385917187,0.1491501636337489,-0.16674348898231983,0.03857421875,0.0028199169755680487,8.668032786885246e-05
134144,-0.00324624587665312,0.07909807842224836,-0.16071569686755538,0.0390625,0.004554679442662746,8.657786885245902e-05
135168,-0.0011047567095374689,0.07525172841269523,-0.15606458531692624,0.02294921875,0.0019202521652914584,8.647540983606559e-05
136192,-0.002015670223045163,0.0962221622467041,-0.15288564725778997,0.01611328125,0.0014486382133327425,8.637295081967213e-05
137216,-0.0015226849936880171,0.10512972937431186,-0.13909320626407862,0.0341796875,0.00329162941488903,8.627049180327868e-05
138240,0.0011315965093672276,0.07021902489941567,-0.14107601577416062,0.04150390625,0.005255657015368342,8.616803278688526e-05
139264,0.000320919236401096,0.08030105533543974,-0.15440509468317032,0.0390625,0.003659894209704362,8.606557377049181e-05
140288,0.0010758652933873236,0.07446461275685579,-0.18017905484884977,0.03662109375,0.00354184462048579,8.596311475409836e-05
141312,0.001005630096187815,0.10893071809550747,-0.1802254836075008,0.0322265625,0.003185661160387099,8.586065573770492e-05
142336,0.0023753240384394303,0.28650101623497903,-0.19315642211586237,0.0751953125,0.009776268008863553,8.575819672131148e-05
143360,0.00023365051310975105,0.2181986493524164,-0.157452872954309,0.03125,0.003464283698122017,8.565573770491803e-05
144384,-0.0008890645549399778,0.08584810874890536,-0.1590629960410297,0.04052734375,0.0049898364377440885,8.55532786885246e-05
145408,-0.00337900263548363,0.14840038260445,-0.1574073084630072,0.03466796875,0.0038769364909967408,8.545081967213116e-05
146432,-0.005911155021749437,0.39839893765747547,-0.11879777861759067,0.0341796875,0.003679099347209558,8.53483606557377e-05
147456,-0.00012523093027994037,0.16801649471744895,-0.15215344354510307,0.015625,0.001506711239926517,8.524590163934427e-05
148480,-0.0030826924194116145,0.388984028249979,-0.10758236330002546,0.03173828125,0.0032221471483353525,8.514344262295082e-05
149504,-0.002631422132253647,0.33288672752678394,-0.1269438285380602,0.021484375,0.002786718527204357,8.504098360655738e-05
150528,-0.0012155260919826105,0.4054479571059346,-0.09249714168254286,0.017578125,0.0016711657081032172,8.493852459016394e-05
151552,-0.0018838775431504473,0.36476524313911796,-0.11010004067793489,0.015625,0.0017587154143257067,8.483606557377049e-05
152576,-0.002069655165541917,0.4914119094610214,-0.0977043288294226,0.02099609375,0.0018825308216037229,8.473360655737706e-05
153600,-0.0018146396905649453,0.4195203576236963,-0.09989858604967594,0.0234375,0.002732330685830675,8.463114754098362e-05
154624,-0.00038325137575156987,0.41656600032001734,-0.14187789894640446,0.0224609375,0.0017869973526103422,8.452868852459017e-05
155648,0.00017636064148973674,0.4798620417714119,-0.10880660125985742,0.01171875,0.0011588401830522344,8.442622950819672e-05
156672,0.0005609501240542158,0.4715598011389375,-0.09645511582493782,0.02783203125,0.0036736160691361874,8.432377049180329e-05
157696,0.002604553024866618,0.7697802055627108,-0.13361049816012383,0.0625,0.007676087421714328,8.422131147540984e-05
158720,-0.003079866903135553,0.5517702605575323,-0.11923050577752292,0.037109375,0.004527641503955238,8.411885245901639e-05
159744,-0.0008498677052557468,0.6043713008984923,-0.13063637353479862,0.04736328125,0.005285898354486562,8.401639344262295e-05
160768,-0.0005172725796001032,0.3511060420423746,-0.10627765487879515,0.02734375,0.0020306948863435537,8.391393442622952e-05
161792,-0.0008798639173619449,0.5080425459891558,-0.07698403368704021,0.0068359375,0.0008181654993677512,8.381147540983607e-05
162816,0.0017153085209429264,0.831306429579854,-0.10147276252973825,0.03564453125,0.004232453342410736,8.370901639344263e-05
163840,-0.0017517980595584959,0.6552080046385527,-0.08098454761784524,0.01025390625,0.0010604322887957096,8.360655737704919e-05
164864,-0.0011054164497181773,0.6707733292132616,-0.06951617740560323,0.01171875,0.001125157534261234,8.350409836065574e-05
165888,-0.002151771041098982,0.8082799995318055,-0.10849017463624477,0.02197265625,0.0026205664325971156,8.34016393442623e-05
166912,-0.0025737677788129076,0.49535709992051125,-0.07977542909793556,0.0234375,0.002651590504683554,8.329918032786885e-05
167936,-0.002728420280618593,0.6434968337416649,-0.09935095394030213,0.02880859375,0.00341082809609361,8.319672131147541e-05
168960,-0.0007812871626811102,0.6745471497997642,-0.05772129911929369,0.0126953125,0.001006873106234707,8.309426229508198e-05
169984,-0.0018811665649991482,0.5764435352757573,-0.08437453443184495,0.0302734375,0.0023016349878162146,8.299180327868853e-05
171008,-0.001692310586804524,0.9951055683195591,-0.131471146363765,0.0234375,0.0022746657341485843,8.288934426229509e-05
172032,-0.001982228408451192,0.5127091724425554,-0.09599740849807858,0.02001953125,0.0019397647120058537,8.278688524590165e-05
173056,-0.002847675423254259,0.7975806007161736,-0.1013226913055405,0.013671875,0.0016269970510620624,8.26844262295082e-05
174080,-0.0014025190321262926,0.5567767177708447,-0.09125622850842774,0.00634765625,0.0007186219590948895,8.258196721311475e-05
175104,-0.0038212869985727593,0.6092085549607873,-0.08586489036679268,0.0263671875,0.0020909830345772207,8.247950819672133e-05
176128,0.004592418670654297,1.422407628968358,-0.12217134656384587,0.0556640625,0.00740664238401223,8.237704918032787e-05
177152,0.0022510714043164626,0.8003053292632103,-0.09675209503620863,0.0224609375,0.0029599337867693976,8.227459016393442e-05
178176,0.0006104940839577466,0.5624354351311922,-0.07271796918939799,0.01611328125,0.0015175724547589198,8.217213114754099e-05
179200,-0.0010625754075590521,0.5998436342924833,-0.07368441065773368,0.02001953125,0.001494827272836119,8.206967213114755e-05
180224,-0.0004446092789294198,2.6553452536463737,-0.20546794682741165,0.0576171875,0.004543830567854457,8.19672131147541e-05
181248,-0.00310216324578505,1.0774806085973978,-0.11472050775773823,0.02490234375,0.002743786128121428,8.186475409836066e-05
182272,-0.0004905201058136299,0.8106866991147399,-0.08329264039639384,0.0283203125,0.002014253012021072,8.176229508196722e-05
183296,-0.0030482783768093213,1.5778786279261112,-0.15679450542666018,0.01953125,0.0016478205216117203,8.165983606557377e-05
184320,-0.0015105255879461765,0.5737105300650001,-0.07588459621183574,0.025390625,0.002187297970522195,8.155737704918032e-05
185344,-0.001335589578957297,0.8318704096600413,-0.08880167617462575,0.0224609375,0.0019327697082189843,8.145491803278688e-05
186368,-0.0020881016534985974,0.41664850898087025,-0.04563065810361877,0.01220703125,0.0013519577187253162,8.135245901639345e-05
187392,-0.0005922385025769472,0.5978916846215725,-0.06982223689556122,0.00634765625,0.000646484739263542,8.125000000000001e-05
188416,-0.0006066139321774244,0.7858859822154045,-0.088250124710612,0.0302734375,0.0024373860360356048,8.114754098360656e-05
189440,-5.398932262323797e-05,0.6430197563022375,-0.07638103084173054,0.0234375,0.002280430984683335,8.104508196721312e-05
190464,-0.00013684066652785987,0.7551819300279021,-0.10352603998035192,0.009765625,0.001259715179912746,8.094262295081968e-05
191488,-0.0016182025065063499,0.710112065076828,-0.07260015839710832,0.00390625,0.0004351583047537133,8.084016393442623e-05
192512,-0.002458451286656782,0.5879852920770645,-0.08258542348630726,0.03564453125,0.003454624704318121,8.073770491803278e-05
193536,-0.001076549247954972,0.4160922924056649,-0.04560004128143191,0.0126953125,0.0007052462897263467,8.063524590163935e-05
194560,-0.00045064165897201747,0.7702467544004321,-0.07420227013062686,0.0126953125,0.0017320696642855182,8.053278688524591e-05
195584,0.004025918169645593,1.6150245442986488,-0.16390530671924353,0.0419921875,0.002837275547790341,8.043032786885246e-05
196608,-0.001267712636035867,1.2697040103375912,-0.12105357251130044,0.04833984375,0.0034964873630087823,8.032786885245902e-05
197632,-0.002653125731740147,0.8357141204178333,-0.08295242965687066,0.0419921875,0.005319854026311077,8.022540983606558e-05
198656,-0.0005401867965701967,0.7294026799499989,-0.06962213141378015,0.00341796875,0.00037675844214390963,8.012295081967213e-05
199680,-0.002067497800453566,0.6725026872009039,-0.049927444488275796,0.01025390625,0.0013228738971520215,8.002049180327868e-05
200704,0.0012547672085929662,0.5837974920868874,-0.0666393426945433,0.0068359375,0.0016368471115129068,7.991803278688526e-05
201728,-0.0015615105658071116,0.7261453336104751,-0.05679310706909746,0.0107421875,0.0007181431428762153,7.98155737704918e-05
202752,-0.002152361150365323,0.8345893369987607,-0.0746992485364899,0.02734375,0.0016910935810301453,7.971311475409835e-05
203776,-0.0010001129703596234,0.9185548312962055,-0.08522912836633623,0.00927734375,0.0014230937376851216,7.961065573770492e-05
204800,-0.000990123546216637,0.5757292327471077,-0.061677810503169894,0.01513671875,0.002198473404860124,7.950819672131148e-05
205824,8.464428537990898e-05,0.516516724601388,-0.06663946976186708,0.0087890625,0.0010252781066810712,7.940573770491804e-05
206848,-0.0019141544325975701,0.718542511574924,-0.064514214056544,0.01025390625,0.0010304097377229482,7.930327868852459e-05
207872,-0.0018846769526135176,0.7900182921439409,-0.07765769283287227,0.01513671875,0.001586020240210928,7.920081967213115e-05
208896,0.0003646417462732643,0.7330804662778974,-0.06320732709718868,0.01953125,0.0018036023975582793,7.90983606557377e-05
209920,-0.0010556709312368184,0.3576611611060798,-0.0463560851640068,0.00732421875,0.0005062271084170789,7.899590163934427e-05
210944,-0.0006441923469537869,0.7037252299487591,-0.07444928889162838,0.00537109375,0.00039062371070031077,7.889344262295082e-05
211968,-0.0004245533491484821,1.2657565213739872,-0.12288820883259177,0.03466796875,0.00303918203280773,7.879098360655738e-05
212992,0.0011656031711027026,1.00047077704221,-0.08736244554165751,0.01806640625,0.0024058339040493593,7.868852459016394e-05
214016,-0.0029545107390731573,0.683256171643734,-0.0727657632669434,0.03662109375,0.00349133342388086,7.858606557377049e-05
215040,-0.0015540037711616606,1.0272003412246704,-0.08195148908998817,0.01806640625,0.0024350406165467575,7.848360655737705e-05
216064,-0.0014124893787084147,0.797200701199472,-0.05052384501323104,0.029296875,0.004351423034677282,7.838114754098362e-05
217088,1.7462734831497073e-05,0.574628240428865,-0.06472585373558104,0.00927734375,0.002155719790607691,7.827868852459018e-05
218112,-0.0021146520011825487,0.9857632713392377,-0.07238983392016962,0.00927734375,0.0007614415371790528,7.817622950819671e-05
219136,-0.00010409175592940301,0.7790256962180138,-0.06060492424876429,0.001953125,0.00014249187370296568,7.807377049180329e-05
220160,-0.0015925384650472552,0.8472202643752098,-0.06331100221723318,0.0107421875,0.0021495499095181003,7.797131147540984e-05
221184,0.00012317163054831326,0.7897408651188016,-0.09215733548626304,0.01708984375,0.0015690241853008047,7.78688524590164e-05
222208,-0.002144552461686544,0.2687393678352237,-0.037769935122923926,0.01171875,0.0012863219162682071,7.776639344262295e-05
223232,-0.002904446519096382,0.9983037151396275,-0.07338313292711973,0.02001953125,0.003971676080254838,7.766393442622951e-05
224256,2.6446316041983664e-05,0.5138175035826862,-0.05651447986019775,0.00341796875,0.0003943747724406421,7.756147540983608e-05
225280,-0.0013571339077316225,0.7555269794538617,-0.07286974065937102,0.03173828125,0.0034511822886997834,7.745901639344263e-05
226304,0.0004365076601970941,0.8816202189773321,-0.07784964656457305,0.0107421875,0.0010665018489817157,7.735655737704919e-05
227328,-0.0006410946371033788,0.3961719898506999,-0.049107510640169494,0.01611328125,0.0015054890245664865,7.725409836065574e-05
228352,-0.0011144750606035814,1.1644712490960956,-0.09585636435076594,0.01123046875,0.0007965768745634705,7.71516393442623e-05
229376,0.0005387341661844403,0.4855350339785218,-0.05134684877702966,0.0087890625,0.0006939640588825569,7.704918032786885e-05
230400,-0.0010368659568484873,0.48900482477620244,-0.06421020982088521,0.01611328125,0.0022992619924480096,7.694672131147541e-05
231424,-0.0014788491243962198,1.0726176723837852,-0.09999077359680086,0.01220703125,0.0009253236785298213,7.684426229508197e-05
232448,-0.00015848354087211192,0.3275972967967391,-0.04799070773879066,0.01611328125,0.00474996141565498,7.674180327868852e-05
233472,-0.0017773688305169344,0.8301649894565344,-0.0752778158057481,0.0048828125,0.00044941145461052656,7.663934426229509e-05
234496,-0.003901497315382585,0.6317381178960204,-0.0657009711721912,0.029296875,0.008247928359196521,7.653688524590165e-05
235520,-0.0021743739198427647,1.2356312535703182,-0.10904882953036577,0.04443359375,0.003155606988002546,7.643442622950821e-05
236544,-0.0026084714918397367,0.6741382572799921,-0.09012095769867301,0.033203125,0.0021514562977245077,7.633196721311475e-05
237568,0.00023710343521088362,0.6946211354807019,-0.07221608585678041,0.015625,0.004097243145224638,7.622950819672132e-05
238592,-0.0019459879113128409,0.9758217399939895,-0.06826878694118932,0.01025390625,0.0016325042815878987,7.612704918032787e-05
239616,7.477207691408694e-05,0.43136690743267536,-0.055954423907678574,0.00537109375,0.0005017415533075109,7.602459016393443e-05
240640,0.0013362629833864048,0.84320127684623,-0.07097444916144013,0.02392578125,0.002082944571156986,7.592213114754098e-05
241664,-0.00223413146159146,0.7797485468909144,-0.052704298053868115,0.0224609375,0.002802165108732879,7.581967213114755e-05
242688,-0.0011767369142035022,0.4493353106081486,-0.06149169377749786,0.01220703125,0.0008078783430391923,7.571721311475411e-05
243712,-7.988805009517819e-05,0.5258144284598529,-0.04647982788446825,0.01318359375,0.0016056547756306827,7.561475409836066e-05
244736,-0.0034280449035577476,0.6173075521364808,-0.0707821911200881,0.01806640625,0.002491213133907877,7.551229508196722e-05
245760,-0.00018298190843779594,1.0418911278247833,-0.07734218239784241,0.013671875,0.0013936574687249959,7.540983606557377e-05
246784,-0.0009735827770782635,0.5722286337986588,-0.07119548140326515,0.01220703125,0.001212438364746049,7.530737704918033e-05
247808,-0.001999661180889234,1.3584953509271145,-0.08857445907779038,0.013671875,0.001215232870890759,7.520491803278688e-05
248832,-0.0015803400019649416,0.6893737632781267,-0.06339144066441804,0.017578125,0.002340821796678938,7.510245901639344e-05
249856,-0.0013835836289217696,0.9267401769757271,-0.07723609730601311,0.02490234375,0.0022488835675176233,7.500000000000001e-05
250880,-0.003237206969060935,0.8665724629536271,-0.07996904675383121,0.0234375,0.0024137737491400912,7.489754098360656e-05
251904,-0.0038204368902370334,0.5251350365579128,-0.06469876039773226,0.03173828125,0.005685928350430913,7.479508196721312e-05
252928,-0.0022419267261284404,0.8999221520498395,-0.05815956671722233,0.02392578125,0.0034586476540425792,7.469262295081967e-05
253952,0.005755151723860763,0.8797736121341586,-0.09256914583966136,0.02490234375,0.0025659656967036426,7.459016393442624e-05
254976,0.001554544345708564,1.1697721350938082,-0.078015974489972,0.029296875,0.003378260225872509,7.448770491803278e-05
256000,-0.0032382764475187287,0.7801121789962053,-0.0750925030442886,0.0390625,0.004119167162571102,7.438524590163936e-05
257024,-0.001963269111001864,0.33922942727804184,-0.054165840992936864,0.017578125,0.0014045738353161141,7.42827868852459e-05
258048,-0.0020066900469828397,0.8247351655736566,-0.062421678798273206,0.02294921875,0.001934556697960943,7.418032786885247e-05
259072,-0.0028085674421163276,1.3434274746105075,-0.09966000285930932,0.0283203125,0.0023223932803375646,7.407786885245902e-05
260096,0.0007780802698107436,0.3851073179394007,-0.04303064287523739,0.0126953125,0.0011582041042856872,7.397540983606558e-05
261120,-7.93642393546179e-05,0.5425060028210282,-0.06263163004769012,0.0224609375,0.002051783201750368,7.387295081967214e-05
262144,0.0009945077472366393,0.9998665684834123,-0.06634570338064805,0.0380859375,0.006054432727978565,7.377049180327869e-05
263168,-0.0025643946610216517,1.7617645356804132,-0.13189399032853544,0.02294921875,0.0015622688515577465,7.366803278688525e-05
264192,0.002814954932546243,2.533689696341753,-0.17025497485883534,0.0205078125,0.0015867004112806171,7.35655737704918e-05
265216,0.000968502601608634,1.7322136405855417,-0.11409098911099136,0.04833984375,0.0038754519628128037,7.346311475409837e-05
266240,-0.00384970084996894,1.7839361485093832,-0.1308127660304308,0.06640625,0.0052568316023098305,7.336065573770491e-05
267264,-0.001027319420245476,0.2721219537779689,-0.04118114899029024,0.009765625,0.0015386717568617314,7.325819672131148e-05
268288,-0.00025320923305116594,1.015807269141078,-0.10311792558059096,0.0341796875,0.0031366017647087574,7.315573770491804e-05
269312,-0.00414907094091177,2.7299906089901924,-0.2582785482518375,0.076171875,0.006049987146980129,7.305327868852459e-05
270336,0.0010483911901246756,2.66079368442297,-0.2063322113826871,0.0546875,0.004870098870014772,7.295081967213115e-05
271360,-0.0019933510629925877,0.6761492919176817,-0.06783931440440938,0.01708984375,0.001120672663091682,7.28483606557377e-05
272384,0.00039804098196327686,0.5001974748447537,-0.0487814350053668,0.005859375,0.0009110858227359131,7.274590163934428e-05
273408,-0.001030179497320205,0.9512745821848512,-0.07514898234512657,0.01953125,0.0018767140718409792,7.264344262295081e-05
274432,0.00042982620652765036,0.2076788260601461,-0.03541195602156222,0.00439453125,0.00041187879105564207,7.254098360655738e-05
275456,-0.0014902368711773306,0.5742315039969981,-0.043143129092641175,0.0146484375,0.0017395655158907175,7.243852459016394e-05
276480,-0.001485439424868673,2.9450474232435226,-0.21249586017802358,0.0380859375,0.0032166036253329366,7.23360655737705e-05
277504,0.0017756082161213271,0.9496733378618956,-0.07097926130518317,0.01513671875,0.0017119400581577793,7.223360655737705e-05
278528,-0.00012137938756495714,0.6931929560378194,-0.0477556093246676,0.00732421875,0.001484460080973804,7.213114754098361e-05
279552,0.00468793444451876,1.1760240802541375,-0.08261713036336005,0.025390625,0.002207603130955249,7.202868852459018e-05
280576,-0.0001597364607732743,0.5179289113730192,-0.05029791226843372,0.01611328125,0.0017336748278466985,7.192622950819672e-05
281600,-0.001186770517961122,0.6447889544069767,-0.0573391035431996,0.01953125,0.002509019206627272,7.182377049180329e-05
282624,-0.0012155502336099744,1.1560733523219824,-0.08049320220015943,0.02001953125,0.002284694550326094,7.172131147540984e-05
283648,-0.0011132574582006782,0.21901517221704125,-0.0385445861320477,0.015625,0.0013358392025111243,7.16188524590164e-05
284672,-0.0005198884173296392,0.7282230369746685,-0.06588849832769483,0.0078125,0.0010264738375553861,7.151639344262295e-05
285696,-0.0014072925914661027,0.5356162008829415,-0.04823805263731629,0.02099609375,0.00228671969671268,7.141393442622951e-05
286720,-0.00047667912440374494,0.35674885427579284,-0.05045590313966386,0.02099609375,0.002674557632417418,7.131147540983607e-05
287744,-0.00017460709204897285,0.5086330589838326,-0.07013750355690718,0.0068359375,0.0005102291324874386,7.120901639344264e-05
288768,-0.00019460976182017475,0.35922050499357283,-0.05820051647606306,0.021484375,0.0023220315197249874,7.110655737704918e-05
289792,-0.0005911897751502693,0.6740169813856483,-0.058567110856529325,0.00634765625,0.0004991304886061698,7.100409836065573e-05
290816,-0.0007523637323174626,0.8246808107942343,-0.08189902373123914,0.00439453125,0.0004090932197868824,7.090163934426231e-05
291840,-0.0015622257196810097,0.43869118159636855,-0.05920803872868419,0.01611328125,0.003517070974339731,7.079918032786886e-05
292864,-0.00048158009303733706,0.4508772334083915,-0.06107900681672618,0.01513671875,0.0011760936758946627,7.069672131147541e-05
293888,0.0004166627040831372,1.0483831632882357,-0.06860967836109921,0.00830078125,0.0020239503210177645,7.059426229508197e-05
294912,-0.0006686863271170296,0.5737979514524341,-0.05099611295736395,0.02880859375,0.0020504470448940992,7.049180327868853e-05
295936,-0.0012896058906335384,0.5227404134348035,-0.046750514942687005,0.02001953125,0.0020894879271509126,7.038934426229508e-05
296960,3.236118936911225e-05,0.26393896993249655,-0.02836931191268377,0.01318359375,0.0038366417575161904,7.028688524590163e-05
297984,-0.0015983917546691373,0.7494470616802573,-0.05803766005556099,0.009765625,0.0012616538733709604,7.018442622950821e-05
299008,-0.00047840902698226273,0.7532810624688864,-0.06878320232499391,0.00439453125,0.00039288116386160254,7.008196721311476e-05
300032,0.0011865397245856002,0.7496385080739856,-0.05979492835467681,0.00732421875,0.0006249813450267538,6.997950819672132e-05
301056,-0.001366785349091515,0.49558423925191164,-0.04127143381629139,0.01318359375,0.00172999850474298,6.987704918032787e-05
302080,0.0003108956734649837,0.8197527565062046,-0.048424406500998884,0.01513671875,0.002681362326256931,6.977459016393443e-05
303104,-0.0014192772941896692,0.72541478369385,-0.0642882174870465,0.017578125,0.0018686900293687358,6.967213114754098e-05
304128,-0.0016559248324483633,0.30604741675779223,-0.0432722526602447,0.01611328125,0.0024332838656846434,6.956967213114754e-05
305152,-0.0014040085079614073,0.8342179227620363,-0.0769901538733393,0.02783203125,0.002169715633499436,6.94672131147541e-05
306176,-0.0018788755114655942,1.1179205318912864,-0.06859247729880735,0.01806640625,0.001330354978563264,6.936475409836066e-05
307200,-0.0006186593527672812,0.22444886434823275,-0.03213640206377022,0.00390625,0.0004596592189045623,6.926229508196722e-05
308224,-0.002029282069997862,0.3874201998114586,-0.05392019089049427,0.01611328125,0.0024910077336244285,6.915983606557377e-05
309248,-0.0019238240565755405,1.3848928892984986,-0.07264709589071572,0.01611328125,0.001815953743061982,6.905737704918034e-05
310272,-0.001478362493799068,0.46713227732107043,-0.04815791128203273,0.009765625,0.0014966194139560685,6.895491803278689e-05
311296,-0.002525640054955147,0.9131798697635531,-0.06294794450514019,0.01220703125,0.0013711658830288798,6.885245901639344e-05
312320,-0.0008517039896105416,0.6015587183646858,-0.05040850932709873,0.0107421875,0.000845142116304487,6.875e-05
313344,0.000867933762492612,0.6854419666342437,-0.06437566509703174,0.01171875,0.0009540455939713866,6.864754098360657e-05
314368,-0.0001731296069920063,0.4167670044116676,-0.04578613507328555,0.01220703125,0.0016973527963273227,6.854508196721312e-05
315392,-0.0021470338688232005,0.766487536020577,-0.071225558698643,0.01953125,0.0014926157309673727,6.844262295081967e-05
316416,-0.0018045967663056217,0.41821350902318954,-0.04748698649927974,0.0078125,0.0005450455792015418,6.834016393442624e-05
317440,-0.00035982516419608146,0.9165939902886748,-0.06651241797953844,0.009765625,0.0008936575177358463,6.823770491803279e-05
318464,-0.0003385738091310486,0.36804478731937706,-0.04989853472216055,0.0048828125,0.0005636653659166768,6.813524590163935e-05
319488,0.00011131401697639376,0.6526428619399667,-0.05980933996033855,0.0048828125,0.00039325417310465127,6.80327868852459e-05
320512,6.855453830212355e-05,0.5470552248880267,-0.05181681417161599,0.0078125,0.0006680578517261893,6.793032786885246e-05
321536,-0.0013423057316686027,0.6527752978727221,-0.06742231757380068,0.01171875,0.0010181114193983376,6.782786885245901e-05
322560,-4.746949707623571e-05,0.6555041195824742,-0.0679273801506497,0.009765625,0.0010886145319091156,6.772540983606558e-05
323584,-0.007544295251136646,1.250271139666438,-0.09387471550144255,0.03125,0.004544693947536871,6.762295081967214e-05
324608,1.190074544865638e-05,0.4236594745889306,-0.047435814747586846,0.00830078125,0.0007550190493930131,6.752049180327869e-05
325632,-0.0007163973205024377,0.5772490222007036,-0.050225701881572604,0.00146484375,0.00021975752315483987,6.741803278688525e-05
326656,-0.0037995536549715325,0.4024207377806306,-0.04352879084763117,0.01220703125,0.0015466811310034245,6.73155737704918e-05
327680,-0.0013320275902515277,0.6632393626496196,-0.057067191519308835,0.02197265625,0.0019563353998819366,6.721311475409838e-05
328704,-0.001353895931970328,0.7417232445441186,-0.05905215151142329,0.03125,0.002383066457696259,6.711065573770493e-05
329728,-0.0010679441038519144,1.3915894869714975,-0.08154440042562783,0.03271484375,0.002416342467768118,6.700819672131147e-05
330752,-0.0004722778685390949,0.5395200639031827,-0.05922817747341469,0.00537109375,0.0008989861671580002,6.690573770491804e-05
331776,-0.0015957549185259268,0.8470737719908357,-0.06480629701400176,0.00830078125,0.000862629633047618,6.68032786885246e-05
332800,-0.0008605989860370755,0.4604416568763554,-0.05916724452981725,0.017578125,0.0014593531959690154,6.670081967213115e-05
333824,-0.000628904381301254,0.6207961472682655,-0.0473341430988512,0.0107421875,0.0012794323702109978,6.65983606557377e-05
334848,-0.0008695405558682978,0.40230556298047304,-0.03621921528247185,0.01123046875,0.0017640944861341268,6.649590163934427e-05
335872,0.0004974020703230053,0.3395260628312826,-0.045655713009182364,0.015625,0.0017073136987164617,6.639344262295082e-05
336896,-0.000705159101926256,0.27959358552470803,-0.036584229266736656,0.00830078125,0.0009604956430848688,6.629098360655737e-05
337920,-0.0008224584453273565,1.1683348575606942,-0.08024953992571682,0.01025390625,0.0011577995028346777,6.618852459016394e-05
338944,0.00014451492461375892,0.5705498591996729,-0.05714933038689196,0.00390625,0.0003283145488239825,6.60860655737705e-05
339968,-0.0007340234005823731,0.09037359652575105,-0.031052091377205215,0.01123046875,0.0013467523822328076,6.598360655737705e-05
340992,0.0015932038513710722,0.18281064927577972,-0.04870705815847032,0.01171875,0.0018766067223623395,6.588114754098361e-05
342016,-0.00021074601681903005,0.6974280015565455,-0.06018084014067426,0.01123046875,0.000726027981727384,6.577868852459017e-05
343040,0.00010722631122916937,0.5187592864967883,-0.050592532847076654,0.00634765625,0.0005474784557009116,6.567622950819672e-05
344064,0.00036412641929928213,1.0099192578345537,-0.0635044657974504,0.01806640625,0.0014095084188738838,6.557377049180328e-05
345088,-0.0011960123374592513,0.5443011317402124,-0.04902470204979181,0.0107421875,0.0016244703001575544,6.547131147540983e-05
346112,-0.0006819285481469706,0.11579893110319972,-0.03401584181119688,0.01025390625,0.0010377466824138537,6.53688524590164e-05
347136,0.0035009220300707966,1.054365481249988,-0.06328867748379707,0.0166015625,0.0016674797079758719,6.526639344262296e-05
348160,0.0010489971609786153,0.8645978532731533,-0.07637705141678452,0.029296875,0.002509861413273029,6.516393442622951e-05
349184,-0.0013617019722005352,0.12820855353493243,-0.03231234061240684,0.00634765625,0.0010043673391919583,6.506147540983607e-05
350208,-0.0024149842793121934,1.2370202895253897,-0.08630475704558194,0.03076171875,0.002637892452185042,6.495901639344263e-05
351232,-0.0004751288070110604,0.43245876859873533,-0.03622296701360028,0.009765625,0.0009417486289748922,6.485655737704918e-05
352256,-0.0024276124822790734,1.0507048768922687,-0.0433681343565695,0.01318359375,0.0038528301374753937,6.475409836065573e-05
353280,-0.0009188898839056492,0.6134895263239741,-0.05377642100211233,0.01953125,0.003544756254996173,6.465163934426231e-05
354304,-0.0009722249087644741,0.9715169714763761,-0.07126555871218443,0.013671875,0.0008778762421570718,6.454918032786886e-05
355328,-0.0015971079556038603,0.37940562702715397,-0.05618992471136153,0.015625,0.001289553227252327,6.44467213114754e-05
356352,0.0013093790257698856,0.658684303984046,-0.06490445963572711,0.0087890625,0.0009210376301780343,6.434426229508197e-05
357376,-0.0014131102288956754,1.0061210123822093,-0.07239630736876279,0.0380859375,0.0035388103424338624,6.424180327868853e-05
358400,-0.001402559399139136,0.7847501030191779,-0.06567545118741691,0.01513671875,0.0015490045479964465,6.41393442622951e-05
359424,-0.0006824381634942256,0.7983810128644109,-0.05819391674594954,0.0087890625,0.0008609627548139542,6.403688524590163e-05
360448,-0.0009705101401777938,0.6595961786806583,-0.057932215626351535,0.00927734375,0.0009818191756494343,6.39344262295082e-05
361472,-0.001036217887303792,0.4161166991107166,-0.056480851606465876,0.01708984375,0.0017279335152124986,6.383196721311475e-05
362496,-0.0017179781279992312,0.2872990439645946,-0.043524649867322296,0.0126953125,0.0011935057555092499,6.372950819672132e-05
363520,-0.002399297183728777,1.3814717885106802,-0.09675248083658516,0.0234375,0.0023081174585968256,6.362704918032787e-05
364544,-0.00035206273605581373,0.7553057428449392,-0.04612748097861186,0.00732421875,0.0009487734787398949,6.352459016393443e-05
365568,-0.0011403402168070897,0.9277977384626865,-0.05774071835912764,0.01220703125,0.0012737071083392948,6.342213114754099e-05
366592,-0.0020020015363115817,0.1493599705863744,-0.03304943017428741,0.01806640625,0.003962330112699419,6.331967213114754e-05
367616,-0.00384693022351712,0.5708832237869501,-0.04905590490670875,0.02880859375,0.005544357365579344,6.32172131147541e-05
368640,-0.0006477702117990702,0.8007753482088447,-0.05123098602052778,0.0302734375,0.0034712024789769202,6.311475409836065e-05
369664,-0.0014810418360866606,0.22431749990209937,-0.034601590312377084,0.01220703125,0.0008356568432645872,6.301229508196722e-05
370688,0.0011559295235201716,0.8469169493764639,-0.050478074059356004,0.01708984375,0.002180777402827516,6.290983606557376e-05
371712,-0.0012887443590443581,1.1010400978848338,-0.054509105160832405,0.01123046875,0.0015457649860763922,6.280737704918034e-05
372736,-0.00029093021294102073,1.015980794094503,-0.05896113777998835,0.0126953125,0.0009614635491743684,6.270491803278689e-05
373760,-0.0032882810046430677,0.6137658809311688,-0.05615425173891708,0.0205078125,0.0029589757905341685,6.260245901639344e-05
374784,-0.0016216149961110204,1.0829137647524476,-0.0785339135909453,0.0146484375,0.001488822206738405,6.25e-05
375808,-0.0009968614613171667,0.8963409522548318,-0.07319258112693205,0.013671875,0.0009344624559162185,6.239754098360656e-05
376832,-0.000582705826673191,0.6758107682690024,-0.054076213389635086,0.01171875,0.002661727907252498,6.229508196721313e-05
377856,-0.001042037838487886,0.4559626567643136,-0.05857116833794862,0.01513671875,0.0017770622216630727,6.219262295081966e-05
378880,-0.0010698101395973936,0.6627220343798399,-0.06010513030923903,0.013671875,0.0011476999934529886,6.209016393442624e-05
379904,-0.0018195780430687591,0.5177057003602386,-0.05610124138183892,0.021484375,0.0024278848577523604,6.198770491803279e-05
380928,-0.0004215058434056118,0.4325549337081611,-0.05585882725426927,0.021484375,0.0032474247709615156,6.188524590163935e-05
381952,-0.00063785255770199,0.35653804801404476,-0.03893539900309406,0.00830078125,0.001131561177317053,6.17827868852459e-05
382976,-0.0008350324642378837,1.2753191236406565,-0.08026296400930732,0.03857421875,0.0031115770543692634,6.168032786885246e-05
384000,-0.00047446798998862505,0.6919050156138837,-0.060679181886371225,0.0068359375,0.0005994827079121023,6.157786885245902e-05
385024,-0.0007942278025439009,0.24101859936490655,-0.03391232536523603,0.017578125,0.0031203652906697243,6.147540983606557e-05
386048,0.00046270398888736963,0.6869269730523229,-0.05928507959470153,0.01806640625,0.0015723205142421648,6.137295081967214e-05
387072,-0.0014126598252914846,0.9433067543432117,-0.06957905349554494,0.01220703125,0.0008363062952412292,6.127049180327869e-05
388096,5.848832370247692e-05,0.8013142328709364,-0.055483628006186336,0.00390625,0.0018966296047437936,6.116803278688525e-05
389120,-0.0012286735291127115,1.2303104382008314,-0.07419578998815268,0.01611328125,0.0011067808663938195,6.10655737704918e-05
390144,-0.0011290271650068462,0.802415513433516,-0.069026731653139,0.01904296875,0.0020844740356551483,6.0963114754098373e-05
391168,-0.0008111112256301567,0.3573942102957517,-0.04145435578539036,0.01904296875,0.0017564499867148697,6.0860655737704916e-05
392192,-0.0016801612655399367,0.6928755799308419,-0.0387859390466474,0.01025390625,0.0011663737968774512,6.075819672131148e-05
393216,-0.0008227702928707004,1.2242345958948135,-0.07204586488660425,0.01806640625,0.0017901772953337058,6.0655737704918034e-05
394240,-0.0009829013142734766,0.6349325515329838,-0.06077960733091459,0.02685546875,0.0023989821202121675,6.05532786885246e-05
395264,-0.0011433238614699803,0.6085700807161629,-0.054000627889763564,0.01806640625,0.001876764406915754,6.045081967213115e-05
396288,0.0003734463098226115,0.8290419764816761,-0.05936128081521019,0.0146484375,0.001181068568257615,6.03483606557377e-05
397312,-0.0017983309662668034,0.5994761306792498,-0.045325299695832655,0.02685546875,0.0047583322011632845,6.024590163934427e-05
398336,-0.0025747062609298155,0.5256426963023841,-0.05376792931929231,0.01171875,0.00076840199471917,6.014344262295082e-05
399360,-0.0011340609271428548,0.4277837984263897,-0.04465788445668295,0.0126953125,0.001669059944106266,6.0040983606557376e-05
400384,-0.0014344944793265313,0.7150019891560078,-0.04642686160514131,0.01416015625,0.0016589974839007482,5.993852459016394e-05
401408,-0.0016542538942303509,0.5181475230492651,-0.04694966963143088,0.01025390625,0.000948006403632462,5.9836065573770495e-05
402432,0.0002778107300400734,0.46717986185103655,-0.042334532365202904,0.01904296875,0.003082089649979025,5.973360655737705e-05
403456,-0.0018997950901393779,0.50976771581918,-0.0442327185155591,0.0146484375,0.0013950733409728855,5.9631147540983614e-05
404480,-0.0012536031135823578,0.72432377981022,-0.04174729410442524,0.01220703125,0.001281291843042709,5.952868852459017e-05
405504,-0.0009805160370888188,0.5324461101554334,-0.038498919893754646,0.00927734375,0.0009427362965652719,5.942622950819672e-05
406528,-0.0007142006215872243,0.7955931355245411,-0.0417955806478858,0.0126953125,0.0011726084776455536,5.932377049180329e-05
407552,-0.000610986739047803,0.36096473620273173,-0.03848974028369412,0.0146484375,0.0012167342501925305,5.922131147540984e-05
408576,2.0202991436235607e-05,0.1566174402832985,-0.04218245978699997,0.02001953125,0.0020236045529600233,5.911885245901639e-05
409600,7.287478365469724e-05,0.1760501095559448,-0.03411373797280248,0.01220703125,0.0014537932875100523,5.9016393442622956e-05
410624,0.000346921180607751,0.13426248240284622,-0.032476409716764465,0.0068359375,0.0005354509194148704,5.891393442622951e-05
411648,0.0017362339713145047,0.4018192617222667,-0.04313891296624206,0.01025390625,0.001642514718696475,5.881147540983607e-05
412672,-0.0002230034297099337,0.743131653405726,-0.05631215963512659,0.01025390625,0.0010914393642451614,5.870901639344263e-05
413696,-0.0007006094383541495,0.7064239894971251,-0.06283008004538715,0.00927734375,0.0007904947560746223,5.8606557377049186e-05
414720,0.0005741789645981044,0.3955356818623841,-0.058424766757525504,0.0244140625,0.002256347579532303,5.8504098360655735e-05
415744,-0.0007985334523255005,0.4282119092531502,-0.036849819851340726,0.005859375,0.0007799182640155777,5.8401639344262305e-05
416768,-0.0018218574405182153,0.6493545272387564,-0.05356183147523552,0.0166015625,0.0013271429779706523,5.8299180327868854e-05
417792,0.00011454157356638461,0.11826807726174593,-0.03031275831745006,0.0068359375,0.0007460162159986794,5.819672131147541e-05
418816,0.0007964734541019425,0.4668384150136262,-0.03904511296423152,0.01123046875,0.0012362017296254635,5.809426229508197e-05
419840,-0.0003814762458205223,0.8067665435373783,-0.06624575454043224,0.00830078125,0.0007480767235392705,5.799180327868853e-05
420864,-0.001928133046021685,0.3503365581855178,-0.03853370336582884,0.025390625,0.004110322683118284,5.7889344262295084e-05
421888,5.20690628036391e-05,0.49215832306072116,-0.03219450594042428,0.0146484375,0.0021088689245516434,5.778688524590163e-05
422912,-0.0006625934765907004,0.10788776376284659,-0.03220308481832035,0.01123046875,0.0009562545892549679,5.76844262295082e-05
423936,0.000157997477799654,0.5767199527472258,-0.05415686371270567,0.02587890625,0.0020748797251144424,5.758196721311475e-05
424960,-0.0013347270723897964,0.6035060663707554,-0.0520326693658717,0.0087890625,0.0007144800474634394,5.747950819672132e-05
425984,-0.0022105478565208614,0.5024408050812781,-0.05306856147944927,0.01416015625,0.0031873073749011382,5.737704918032787e-05
427008,0.0003457273996900767,0.23250476131215692,-0.03775912165292539,0.00732421875,0.0008589310309616849,5.7274590163934426e-05
428032,-0.0007808751543052495,0.59705621143803,-0.04586528614163399,0.00732421875,0.0004951792652718723,5.717213114754099e-05
429056,-0.0018381539994152263,0.5511552542448044,-0.0482850331463851,0.01708984375,0.0074286072922404855,5.7069672131147545e-05
430080,-0.00140231974364724,1.1538592921569943,-0.08871584222652018,0.0146484375,0.0011628602223936468,5.69672131147541e-05
431104,-0.003181790016242303,0.7903054277412593,-0.06371472118189558,0.046875,0.007179704669397324,5.686475409836065e-05
432128,-0.001418899220880121,0.4931541148107499,-0.03923460413352586,0.01416015625,0.0014313864521682262,5.676229508196722e-05
433152,-0.0019067464309046045,0.25512640131637454,-0.03933026487356983,0.01220703125,0.002457478825817816,5.665983606557377e-05
434176,-0.0007564119296148419,0.40536175458692014,-0.0458912739995867,0.00634765625,0.0008723188802832738,5.655737704918034e-05
435200,-0.0019201653631171212,0.765216295607388,-0.04596590087749064,0.02197265625,0.004260580550180748,5.645491803278689e-05
436224,0.001370676138321869,0.7018593782559037,-0.07970691879745573,0.0244140625,0.0033237605675822124,5.635245901639344e-05
437248,-0.0012796823648386635,0.5098038925789297,-0.044544126780238,0.0166015625,0.0017808860866352916,5.6250000000000005e-05
438272,-0.004010149888927117,0.6830751495435834,-0.06623327522538602,0.04736328125,0.008129526089760475,5.614754098360656e-05
439296,-0.0022399720328394324,0.2737914598546922,-0.043279488978441805,0.01220703125,0.0014693492121296003,5.604508196721312e-05
440320,-0.0004032484284834936,0.9427676182240248,-0.06738172558834776,0.01123046875,0.001158362632850185,5.5942622950819666e-05
441344,-0.003877079754602164,0.5586311393417418,-0.05483616498531774,0.0244140625,0.0029364943911787122,5.5840163934426236e-05
442368,-0.0006335764192044735,0.3664442519657314,-0.03847374382894486,0.00634765625,0.0005297833704389632,5.5737704918032785e-05
443392,-7.073244341881946e-05,0.652046384755522,-0.04166684744996019,0.021484375,0.0018020421848632395,5.5635245901639354e-05
444416,-0.0002138056152034551,0.16656763898208737,-0.03454124083509669,0.0146484375,0.00203364624758251,5.55327868852459e-05
445440,-0.004931046743877232,1.3359217289835215,-0.06853254674933851,0.03759765625,0.0028729691402986646,5.543032786885246e-05
446464,-0.00015182264905888587,0.26263632671907544,-0.04196020355448127,0.0107421875,0.0018536552670411766,5.532786885245902e-05
447488,-0.00028431994724087417,0.3282544584944844,-0.0375434726011008,0.00244140625,0.00019605597481131554,5.522540983606558e-05
448512,-0.0009505966736469418,0.41814901679754257,-0.043324257363565266,0.02392578125,0.004072919618920423,5.5122950819672134e-05
449536,-0.0012442143706721254,0.3005057608243078,-0.05051560452557169,0.015625,0.0021959904552204534,5.502049180327868e-05
450560,0.0016735193639760837,0.3376552907284349,-0.045295972435269505,0.0224609375,0.0042140876612393185,5.491803278688525e-05
451584,-0.006000060093356296,0.47821195190772414,-0.053767169592902064,0.04052734375,0.0065531550062587485,5.48155737704918e-05
452608,-0.0013102914381306618,0.6665956508368254,-0.04357970072305761,0.005859375,0.00042889619362540543,5.471311475409837e-05
453632,-0.0025246635486837476,1.153473355807364,-0.06865699321497232,0.0361328125,0.003535927113262005,5.461065573770492e-05
454656,0.0024129761732183397,0.4002100802026689,-0.04554154755896889,0.02880859375,0.004008519084891304,5.4508196721311476e-05
455680,-0.0009601583442417905,0.38103400613181293,-0.034836515464121476,0.01513671875,0.0032223037123912945,5.440573770491804e-05
456704,0.0019773365347646177,0.5864784154109657,-0.047518628532998264,0.02978515625,0.004836956635699607,5.4303278688524594e-05
457728,0.0045808506838511676,0.9691521795466542,-0.0677842972218059,0.0361328125,0.003931809231289662,5.420081967213115e-05
458752,-0.003565018792869523,0.8822557916864753,-0.06017706578131765,0.02490234375,0.0032910769659793004,5.40983606557377e-05
459776,0.0001242296420969069,1.2865819074213505,-0.08096689905505627,0.02490234375,0.0031075999577296898,5.399590163934427e-05
460800,-0.0009235834877472371,0.34410101640969515,-0.03595134457282256,0.009765625,0.002360367710934952,5.389344262295082e-05
461824,-0.0005162696907063946,0.31724681705236435,-0.03728888518526219,0.00927734375,0.0007694067608099431,5.3790983606557374e-05
462848,-0.001137082523200661,0.12655188562348485,-0.03277770188287832,0.005859375,0.00040322047425433993,5.3688524590163936e-05
463872,-0.0007022983772912994,0.3510496262460947,-0.03845844732131809,0.00927734375,0.000948030297877267,5.358606557377049e-05
464896,-0.004459662392036989,0.5407547373324633,-0.039713890924758743,0.0234375,0.0036817450454691425,5.3483606557377055e-05
465920,-0.002601689579023514,0.18845357210375369,-0.028907943051308393,0.01708984375,0.0038422806246671826,5.338114754098361e-05
466944,-0.004451110246009193,0.42317753937095404,-0.04304679826600477,0.0341796875,0.0066131216153735295,5.327868852459017e-05
467968,-0.0016227635642280802,0.40081061562523246,-0.036997477465774864,0.01171875,0.0012166922679170966,5.3176229508196716e-05
468992,0.00010909320553764701,0.7112815771251917,-0.03686051120166667,0.009765625,0.0007061412179609761,5.3073770491803285e-05
470016,-0.0009410525381099433,0.4853280682582408,-0.03255028277635574,0.0166015625,0.0023156948591349646,5.2971311475409834e-05
471040,-0.0012738272635033354,0.5033754804171622,-0.04071639647008851,0.00927734375,0.0016257737734122202,5.28688524590164e-05
472064,-0.0018332257750444114,0.6048578172922134,-0.03854370550834574,0.0078125,0.0012871984799858183,5.276639344262295e-05
473088,0.0002542088768677786,0.34597638715058565,-0.047986676887376234,0.01220703125,0.003509137502987869,5.266393442622951e-05
474112,0.0012104723864467815,0.11809125717263669,-0.030806441383901983,0.0126953125,0.001539754928671755,5.256147540983607e-05
475136,0.004956970893545076,0.13340325723402202,-0.030867694164044224,0.017578125,0.0034351257781963795,5.245901639344263e-05
476160,6.946900975890458e-05,0.1483826048206538,-0.029826021593180485,0.00732421875,0.0007778181898174807,5.235655737704919e-05
477184,-0.0004506377881625667,0.8483894011005759,-0.05642186268232763,0.0068359375,0.000787790137110278,5.225409836065573e-05
478208,-0.001019688403175678,1.0049180518835783,-0.06654296047054231,0.015625,0.0017453180626034737,5.21516393442623e-05
479232,8.4008599515073e-05,0.9362411517649889,-0.054968348413240165,0.025390625,0.00768346460245084,5.204918032786885e-05
480256,-0.005399590227170847,0.8789880722761154,-0.059847129858098924,0.0166015625,0.0028405658376868814,5.1946721311475413e-05
481280,-0.001738897553877905,0.4358966837171465,-0.035225926782004535,0.02099609375,0.003012065848452039,5.184426229508197e-05
482304,-0.0022964530071476474,0.1587552132550627,-0.029301207774551585,0.01806640625,0.0030647660605609417,5.1741803278688525e-05
483328,-0.0003665909171104431,1.2046189736574888,-0.062779939500615,0.00244140625,0.0003043419274035841,5.163934426229509e-05
484352,-0.0016235332004725933,0.8382650930434465,-0.06232220202218741,0.02490234375,0.004839613102376461,5.153688524590164e-05
485376,-0.0011204023321624845,0.4233489774633199,-0.03572938526485814,0.01171875,0.0015171658742474392,5.1434426229508206e-05
486400,-0.0014560823619831353,0.14196440484374762,-0.034389040898531675,0.01171875,0.0020977594540454447,5.133196721311475e-05
487424,-0.0023037783976178616,1.457966035231948,-0.06392161827534437,0.0244140625,0.0023014039907138795,5.122950819672132e-05
488448,-0.0013753672828897834,0.9920425852760673,-0.04125667366315611,0.0146484375,0.00205137170269154,5.112704918032787e-05
489472,-0.0004201192641630769,0.9103142586536705,-0.06049351237015799,0.01025390625,0.001040523056872189,5.102459016393443e-05
490496,-0.000158790047862567,0.1606115587055683,-0.037769967544591054,0.0068359375,0.000642409228021279,5.0922131147540986e-05
491520,-0.0010810294916154817,0.6197012234479189,-0.049841731786727905,0.00732421875,0.0009069191582966596,5.081967213114754e-05
492544,-0.0010822718177223578,0.44434059876948595,-0.04855620441958308,0.009765625,0.0014401839580386877,5.0717213114754104e-05
493568,-0.001759432110702619,0.3938644074369222,-0.0436207270831801,0.01953125,0.0025319177366327494,5.0614754098360654e-05
494592,-0.0006322523695416749,0.3370288065634668,-0.03697532285877969,0.00830078125,0.0009588550892658532,5.051229508196722e-05
495616,-0.0015199983899947256,0.3247076675761491,-0.04646481235977262,0.01513671875,0.001877744638477452,5.0409836065573765e-05
496640,-0.0029091723445162643,0.8920266637578607,-0.05762829497689381,0.01611328125,0.0028037442825734615,5.0307377049180335e-05
497664,-0.0008055560174398124,0.3751859460026026,-0.03228549478808418,0.00634765625,0.0007694771775277331,5.0204918032786884e-05
498688,-0.0022882585908519104,0.18410639720968902,-0.02932258824876044,0.015625,0.0028615303308470175,5.0102459016393447e-05
499712,-0.0004844209033763036,0.4676440777257085,-0.041410988371353596,0.0146484375,0.001810660629416816,5e-05
500736,-0.0015345388965215534,0.3198004642035812,-0.036508203425910324,0.02783203125,0.005924885219428688,4.989754098360656e-05
501760,-0.001225774482009001,0.5275489436462522,-0.04182328563183546,0.0126953125,0.002061150793451816,4.979508196721312e-05
502784,-0.002763392694760114,0.2837378003168851,-0.03204760330845602,0.01318359375,0.0033454203949077055,4.969262295081968e-05
503808,-0.0017393224843544886,0.45212047221139073,-0.03718074076459743,0.01708984375,0.002313712684554048,4.959016393442624e-05
504832,-0.0007890327979112044,0.20388198643922806,-0.03195482351293322,0.00732421875,0.000878899430972524,4.948770491803278e-05
505856,-0.001502551167504862,0.4301922023296356,-0.049408448045141995,0.01904296875,0.0018959059525514022,4.9385245901639344e-05
506880,-0.00026169311604462564,0.2961682839086279,-0.03497689793584868,0.00537109375,0.00044455034367274493,4.92827868852459e-05
507904,-0.001015067973639816,0.6652018404565752,-0.04045389610109851,0.01513671875,0.0014364825910888612,4.918032786885246e-05
508928,-0.0006477675633504987,0.27887678099796176,-0.038210334023460746,0.00830078125,0.0008935773803386837,4.907786885245902e-05
509952,0.0003042318276129663,0.4961733731906861,-0.03742634349328,0.01513671875,0.0016696905659046024,4.8975409836065575e-05
510976,-0.0024776413338258862,0.4158868156373501,-0.04641344826086424,0.01416015625,0.001380313595291227,4.887295081967214e-05
512000,0.0007010480621829629,0.3327800955157727,-0.04561108641792089,0.01318359375,0.0013075437600491568,4.877049180327869e-05
513024,-0.0021565301140071824,0.3754347851499915,-0.041565400606486946,0.017578125,0.0027144050400238484,4.8668032786885256e-05
514048,-0.0008622305758763105,0.40584727725945413,-0.04691762354923412,0.01904296875,0.004261464870069176,4.85655737704918e-05
515072,-0.000539774919161573,0.3642645631916821,-0.03420111202285625,0.0078125,0.0012820777337765321,4.846311475409836e-05
516096,-0.001808200147934258,1.2721569696441293,-0.050565571000333875,0.0126953125,0.0017445589764975011,4.836065573770492e-05
517120,-0.0017198426648974419,1.0777365965768695,-0.05346478475257754,0.0166015625,0.0021508182544494048,4.825819672131148e-05
518144,-0.0014446270215557888,0.38474541855975986,-0.04843373878975399,0.01416015625,0.0022526215034304187,4.8155737704918035e-05
519168,0.003727174102095887,0.728949245531112,-0.05660548334708437,0.02099609375,0.005257315278868191,4.805327868852459e-05
520192,0.00205054460093379,0.5631025275215507,-0.0676153942476958,0.0166015625,0.0012146949738962576,4.7950819672131154e-05
521216,-0.00043882466707145795,0.11617423943243921,-0.034755525120999664,0.0078125,0.0012986383662791923,4.784836065573771e-05
522240,-0.0011424357508076355,0.06747545371763408,-0.027424345578765497,0.009765625,0.0015302593674277887,4.774590163934426e-05
523264,-0.0014120109262876213,0.07675380178261548,-0.033506707492051646,0.01513671875,0.0032072673784568906,4.7643442622950815e-05
524288,-0.0016641671536490321,0.777443855535239,-0.049861152772791684,0.013671875,0.0014152987278066576,4.754098360655738e-05
525312,-0.0020224752006470226,0.38743241038173437,-0.0439717568224296,0.017578125,0.0018727516144281253,4.7438524590163933e-05
526336,-0.0017323194188065827,0.95052061509341,-0.04984552477253601,0.0126953125,0.0017690170207060874,4.7336065573770496e-05
527360,-0.0015633259899914265,0.5211757677607238,-0.037772666051751,0.01611328125,0.0023554282379336655,4.723360655737705e-05
528384,-0.002221209040726535,0.6613213093951344,-0.05112858477514237,0.01806640625,0.001581730364705436,4.713114754098361e-05
529408,-0.0003502009203657508,0.4363828580826521,-0.040952915311208926,0.0068359375,0.0010340111912228167,4.702868852459017e-05
530432,-0.0016827611398184672,0.5100581301376224,-0.04584435869765002,0.01025390625,0.0021368890011217445,4.6926229508196726e-05
531456,-0.0013192572660045698,0.13403886719606817,-0.035778425371972844,0.0224609375,0.004209752209135331,4.6823770491803276e-05
532480,5.4344767704606056e-05,0.14102197927422822,-0.0308236607525032,0.00439453125,0.0008390722068725154,4.672131147540983e-05
533504,0.0001225599553436041,0.2212549822870642,-0.03569911065278575,0.0078125,0.0010729784262366593,4.6618852459016394e-05
534528,0.000616209814324975,0.5044532776810229,-0.04187867429573089,0.0126953125,0.002314858153113164,4.651639344262295e-05
535552,-0.0008324080117745325,0.5117724121082574,-0.03650907796691172,0.00537109375,0.0004331387463025749,4.641393442622951e-05
536576,-0.0013284301239764318,0.33991505508311093,-0.04408402933040634,0.0146484375,0.001966905198059976,4.631147540983607e-05
537600,-0.0002158711286028847,0.494227247312665,-0.034171511069871485,0.0048828125,0.0008557866967748851,4.620901639344263e-05
538624,0.0007103360840119421,1.086049291305244,-0.06248981726821512,0.03076171875,0.0030254644370870665,4.610655737704919e-05
539648,-0.0008416577620664611,0.13724217121489346,-0.02783645501767751,0.01708984375,0.0032359531905967742,4.600409836065574e-05
540672,0.005490224051754922,5.445706367492676,-0.1939491480588913,0.09716796875,0.012974242970813066,4.590163934426229e-05
541696,0.0007611786131747067,0.7939875107258558,-0.04462501224770676,0.01318359375,0.0031890460959402844,4.5799180327868855e-05
542720,0.0038635732198599726,0.11488476570229977,-0.02245160166057758,0.0087890625,0.0012099795567337424,4.569672131147541e-05
543744,0.0034946345986099914,0.3009204384870827,-0.032257055630907416,0.01123046875,0.0018268392595928162,4.5594262295081966e-05
544768,-0.0003224724787287414,0.6615807106718421,-0.032803538313601166,0.00732421875,0.0020073549676453695,4.549180327868853e-05
545792,-0.00026228459319099784,0.3502091346308589,-0.030198773863958195,0.0087890625,0.0009766236325958744,4.5389344262295085e-05
546816,-0.002072361792670563,1.108183376956731,-0.05475123869837262,0.0244140625,0.002225773365353234,4.528688524590165e-05
547840,-6.784322977182455e-05,0.1860374107491225,-0.029134593263734132,0.0146484375,0.0024377273221034557,4.5184426229508204e-05
548864,-0.0029199644341133535,1.1697736671194434,-0.07042052107863128,0.033203125,0.0030189262615749612,4.508196721311475e-05
549888,-0.0007933806336950511,0.37986795720644295,-0.04536048529553227,0.01171875,0.0009981367329601198,4.497950819672131e-05
550912,-0.0009245416149497032,0.5326599003747106,-0.04160120349843055,0.013671875,0.0013323592429514974,4.487704918032787e-05
551936,-0.0002287888273713179,0.11778614926151931,-0.034420936688547954,0.00634765625,0.0004486859397729859,4.477459016393443e-05
552960,-0.001270101245609112,0.09400506224483252,-0.02839442330878228,0.01025390625,0.0009766258881427348,4.467213114754098e-05
553984,-0.00019151756714563817,0.43867830256931484,-0.030855626115226187,0.00439453125,0.000844502603285946,4.4569672131147546e-05
555008,-0.0028369419742375612,0.11381371296010911,-0.02738178950676229,0.01220703125,0.003344382217619568,4.44672131147541e-05
556032,0.001632248553505633,0.09772971551865339,-0.030165715448674746,0.0048828125,0.0007224188448162749,4.4364754098360664e-05
557056,-0.0030633389978902414,1.1516636130400002,-0.08126436488237232,0.0244140625,0.002174630863009952,4.426229508196722e-05
558080,0.0005645781129715033,0.10973732126876712,-0.028528943039418664,0.0107421875,0.0013484472001437098,4.415983606557377e-05
559104,-0.000354320538463071,0.46403981442563236,-0.031385784241138026,0.0107421875,0.002460453732055612,4.4057377049180325e-05
560128,-0.0003960082249250263,0.1342393329832703,-0.030293383490061387,0.01318359375,0.0013690313789993525,4.395491803278689e-05
561152,-0.0008933855424402282,0.06826672970782965,-0.03220922005493776,0.0185546875,0.004540629815892316,4.3852459016393444e-05
562176,-0.0005173655517864972,0.09886841964907944,-0.02652688472880982,0.00732421875,0.000601723586441949,4.375e-05
563200,-0.0006527713412651792,0.06619595142547041,-0.02764830391970463,0.00439453125,0.0009750820172484964,4.364754098360656e-05
564224,-0.0009613970760256052,0.5508856787346303,-0.027071420787251554,0.01123046875,0.0023392115981550887,4.354508196721312e-05
565248,-0.0009054459515027702,0.512187919113785,-0.03128669745638035,0.0107421875,0.0014307431993074715,4.344262295081968e-05
566272,-2.983291051350534e-05,1.0309693273156881,-0.06477247265866026,0.01025390625,0.0010580821399344131,4.334016393442624e-05
567296,-0.0009337378141935915,0.08550201053731143,-0.03007779546896927,0.01220703125,0.002262986614368856,4.3237704918032786e-05
568320,-0.0001534754628664814,0.1427167863585055,-0.028128891994128935,0.005859375,0.0007273796218214557,4.313524590163934e-05
569344,-0.0011033017035515513,0.7192433066666126,-0.04028345114784315,0.013671875,0.0013110441796015948,4.3032786885245904e-05
570368,1.1450931197032332e-05,0.0991254806285724,-0.03745892707956955,0.01220703125,0.001242744256160222,4.293032786885246e-05
571392,7.817504229024053e-05,0.4841835000552237,-0.034183041178039275,0.00830078125,0.0013214602222433314,4.2827868852459016e-05
572416,-0.002374057425186038,0.43929169652983546,-0.03611757216276601,0.02001953125,0.0021244635281618685,4.272540983606558e-05
573440,-0.001095471227017697,0.10815920087043196,-0.022470726531537366,0.0068359375,0.0005295215232763439,4.2622950819672135e-05
574464,0.005218736128881574,1.5399173684418201,-0.08582633652258664,0.0390625,0.004269377459422685,4.25204918032787e-05
575488,-0.00036705948878079653,0.14503677817992866,-0.027462502890557516,0.0068359375,0.001422477449523285,4.241803278688525e-05
576512,-0.0005147159390617162,0.16132413712330163,-0.03458210498502012,0.01416015625,0.0009045628685271367,4.23155737704918e-05
577536,-0.0009391472267452627,0.06766474700998515,-0.027246068078966346,0.00537109375,0.0006075595592847094,4.221311475409836e-05
578560,0.0007599380915053189,0.3800843940116465,-0.04159629420610145,0.01220703125,0.0013834671553922817,4.211065573770492e-05
579584,-0.0008557315886719152,0.47811790835112333,-0.03163681933074258,0.00439453125,0.0005371074948925525,4.200819672131148e-05
580608,-5.500265979208052e-05,0.596001195255667,-0.0429097086598631,0.0048828125,0.0009707193821668625,4.190573770491803e-05
581632,-0.0007346856727963313,0.529964433517307,-0.03424000397353666,0.0048828125,0.000416465409216471,4.1803278688524595e-05
582656,-0.0006345659930957481,0.3962617190554738,-0.03745161975530209,0.00732421875,0.0006709373992634937,4.170081967213115e-05
583680,-0.00044175557559356093,0.3994823833927512,-0.039514620206318796,0.01416015625,0.0022419960878323764,4.1598360655737714e-05
584704,0.0007840397993277293,0.40343107434455305,-0.03173356386832893,0.00927734375,0.0011989641934633255,4.1495901639344256e-05
585728,-0.00019694658840307966,0.4412520236801356,-0.038911183626623824,0.01220703125,0.001397354732034728,4.139344262295082e-05
586752,-0.000460292212665081,0.49973064148798585,-0.032711302454117686,0.00732421875,0.0023685968335485086,4.1290983606557375e-05
587776,0.00028266677691135556,0.15222997637465596,-0.02715330915452796,0.009765625,0.0019719547126442194,4.118852459016394e-05
588800,0.0036728223058162257,0.09043488116003573,-0.0365096602763515,0.009765625,0.0018909867940237746,4.108606557377049e-05
589824,0.0001293580571655184,0.32430636580102146,-0.036170505816699006,0.0126953125,0.001410230339388363,4.098360655737705e-05
590848,-0.0009769972530193627,0.9236211841925979,-0.059493531385669485,0.0107421875,0.0010200171236647293,4.088114754098361e-05
591872,-0.00010026873496826738,0.7386753158643842,-0.057806728465948254,0.01806640625,0.001254293805686757,4.077868852459017e-05
592896,-9.630284330341965e-05,0.08829994138795882,-0.027558274508919567,0.00927734375,0.0010112684540217742,4.067622950819673e-05
593920,-0.001195065677165985,0.16386745776981115,-0.029508804880606476,0.01123046875,0.001073287014150992,4.057377049180327e-05
594944,0.0006189712730702013,0.5147125297226012,-0.0507545809232397,0.01318359375,0.0009244615066563711,4.0471311475409835e-05
595968,0.000983730802545324,0.4380231068935245,-0.04422297130804509,0.01513671875,0.0026532675692578778,4.036885245901639e-05
596992,-0.002011750257224776,0.13389677344821393,-0.03476334299193695,0.01416015625,0.0020447728893486783,4.0266393442622954e-05
598016,0.0008216040441766381,0.10395786422304809,-0.03199107543332502,0.01123046875,0.00173744629137218,4.016393442622951e-05
599040,-0.00048712874558987096,0.3728130110539496,-0.03811491493252106,0.0087890625,0.0008527920872438699,4.0061475409836066e-05
600064,1.6358535503968596e-06,0.06554515368770808,-0.03450485997746,0.01171875,0.001316757348831743,3.995901639344263e-05
601088,-0.0013221284898463637,0.6888111524749547,-0.0483171746309381,0.01025390625,0.0017613571544643492,3.9856557377049184e-05
602112,-0.00037093248101882637,0.08917522395495325,-0.027813255175715312,0.005859375,0.0004637687816284597,3.975409836065575e-05
603136,-0.0010988152062054724,0.41421575867570937,-0.03825810685520992,0.005859375,0.00045369582949206233,3.965163934426229e-05
604160,-0.0026235565019305795,0.4203585088253021,-0.03975231372169219,0.01806640625,0.0017246289644390345,3.954918032786885e-05
605184,-0.0009437689659534954,0.0818326745647937,-0.027772949688369408,0.01513671875,0.0020295584108680487,3.944672131147541e-05
606208,0.0004275818064343184,0.07481370528694242,-0.02928733477165224,0.01025390625,0.0032483494142070413,3.934426229508197e-05
607232,-0.0013252038042992353,0.0813806636724621,-0.027944164525251836,0.01220703125,0.002643882602569647,3.9241803278688526e-05
608256,-0.0019125608523609117,0.49655215069651604,-0.04336265695746988,0.0205078125,0.002656709199072793,3.913934426229509e-05
609280,-0.0007347678620135412,0.5153655342292041,-0.034465677716070786,0.00732421875,0.0006623548542847857,3.9036885245901645e-05
610304,-0.0030694431843585335,1.1700761877000332,-0.057569476892240345,0.01171875,0.0011487631709314883,3.89344262295082e-05
611328,0.0024072324740700424,0.45093014067970216,-0.03691290129791014,0.00732421875,0.0007117315399227664,3.883196721311475e-05
612352,0.0017422837117919698,0.4251334515865892,-0.03870752139482647,0.01513671875,0.002499260983313434,3.872950819672131e-05
613376,-0.00011866094428114593,0.8073779712431133,-0.03881182073382661,0.0068359375,0.0007819792808732018,3.862704918032787e-05
614400,-0.002186862242524512,0.11768120632041246,-0.03147413249826059,0.00732421875,0.000961703815846704,3.8524590163934424e-05
615424,-0.0005117887194501236,0.35731978714466095,-0.03368118685830268,0.01708984375,0.0011237239377805963,3.842213114754099e-05
616448,-0.00041473438614048064,0.07564209657721221,-0.027844441225170158,0.0146484375,0.0028805314359487966,3.831967213114754e-05
617472,0.000739249080652371,0.1263416325673461,-0.02443803899222985,0.0146484375,0.0021533702820306644,3.8217213114754106e-05
618496,0.00018258077034261078,0.14080391195602715,-0.03438550954524544,0.00732421875,0.0008771801076363772,3.811475409836066e-05
619520,-0.002891026539145969,0.36246909480541945,-0.03739500022493303,0.00732421875,0.0010332550154998899,3.801229508196722e-05
620544,-0.0006824736556154676,0.31977170147001743,-0.040862165013095364,0.02001953125,0.0023212125088321045,3.7909836065573766e-05
621568,-0.0007396648288704455,0.397743180161342,-0.03650883730733767,0.01220703125,0.0012981872132513672,3.780737704918033e-05
622592,-0.0016875984729267657,0.08953809773083776,-0.026675195585994516,0.0107421875,0.001971369085367769,3.7704918032786885e-05
623616,-0.0008286155643872917,0.16686139232479036,-0.03872645208321046,0.01025390625,0.001151142132584937,3.760245901639344e-05
624640,-0.00206426736258436,0.31952302739955485,-0.03474176145391539,0.01123046875,0.002107716820319183,3.7500000000000003e-05
625664,-0.0015525010385317728,0.624545406550169,-0.044737368705682456,0.0126953125,0.0023452449386240914,3.739754098360656e-05
626688,-0.0035753335687331855,0.41094031976535916,-0.041306219063699245,0.0224609375,0.002825197734637186,3.729508196721312e-05
627712,-0.0006196569229359739,0.3682173991110176,-0.03730318488669582,0.00390625,0.0005079308029962704,3.719262295081968e-05
628736,-0.0009872223672573455,0.09709630638826638,-0.03333655165624805,0.0126953125,0.0014453815820161253,3.7090163934426234e-05
629760,-0.00014985655434429646,0.09481562103610486,-0.024770415024249814,0.005859375,0.0006219957867870107,3.698770491803278e-05
630784,-0.0006083201733417809,0.5260439430130646,-0.03766490347334184,0.01123046875,0.0013573666365118697,3.6885245901639346e-05
631808,0.00019807882199529558,0.06810069479979575,-0.022979571956966538,0.0078125,0.0007058746996335685,3.67827868852459e-05
632832,0.0004520077054621652,0.13166762806940824,-0.030123475095024332,0.0087890625,0.0014377060724655166,3.668032786885246e-05
633856,-0.0016285818710457534,0.1327260893303901,-0.039451155258575454,0.0244140625,0.0037042394396848977,3.657786885245902e-05
634880,-0.0010746006155386567,0.3279864122159779,-0.028900596633320674,0.015625,0.0024763634282862768,3.6475409836065576e-05
635904,-0.0018442391883581877,0.502041116822511,-0.049965639889705926,0.009765625,0.0009310903842560947,3.637295081967214e-05
636928,-0.00037178865750320256,0.39084880775772035,-0.03692752224742435,0.00732421875,0.0006763415731256828,3.6270491803278694e-05
637952,-0.0006173055444378406,0.779616326559335,-0.04414135674596764,0.02001953125,0.003601663644076325,3.616803278688525e-05
638976,-0.002871602147934027,0.3442155260127038,-0.0349562474002596,0.01416015625,0.001444511057343334,3.60655737704918e-05
640000,-0.0005813438183395192,0.0777743081562221,-0.030865142223774455,0.00439453125,0.00030571635579690337,3.596311475409836e-05
641024,-0.0008861358219292015,0.16951362695544958,-0.02680098608470871,0.01123046875,0.0016528652049601078,3.586065573770492e-05
642048,-0.0006858471751911566,0.8374027591198683,-0.04728789339424111,0.01220703125,0.0013663429126609117,3.5758196721311474e-05
643072,-0.001678577100392431,0.7378344302996993,-0.051711893756873906,0.01171875,0.0009540347964502871,3.5655737704918037e-05
644096,-0.0011752253049053252,0.07569211616646498,-0.03030995628796518,0.01708984375,0.0030650877306470647,3.555327868852459e-05
645120,-0.00044265548058319837,0.37649887311272323,-0.03468644301756285,0.00732421875,0.0006271333550103009,3.5450819672131155e-05
646144,-0.00036467736936174333,0.5946683608926833,-0.04476744739804417,0.00732421875,0.0005922280106460676,3.534836065573771e-05
647168,-0.002245171373942867,0.5189924361184239,-0.05820668721571565,0.01123046875,0.000779902926296927,3.524590163934426e-05
648192,-0.0015914925606921315,0.5358345089480281,-0.042888923358987086,0.01025390625,0.0010930634016403928,3.5143442622950816e-05
649216,0.00045133905950933695,0.4484793391311541,-0.04349373118020594,0.01220703125,0.0012338181550148875,3.504098360655738e-05
650240,-0.0026553297939244658,0.3995129952672869,-0.038645561202429235,0.01513671875,0.001342100091278553,3.4938524590163935e-05
651264,-0.00023737594165140763,0.0879182944772765,-0.02558554575080052,0.01123046875,0.0015550753596471623,3.483606557377049e-05
652288,0.0012899836292490363,0.125125449616462,-0.029307150558452122,0.0087890625,0.0010826188663486391,3.473360655737705e-05
653312,-0.0016826341452542692,0.085678112343885,-0.02722205314785242,0.0126953125,0.002387246218859218,3.463114754098361e-05
654336,-0.000843450499814935,0.5118205635808408,-0.03303180275543127,0.009765625,0.00109227403299883,3.452868852459017e-05
655360,-0.0015775103674968705,0.06515684525948018,-0.025066633665119298,0.00537109375,0.00048654121928848326,3.442622950819673e-05
656384,-0.00275651240372099,0.3398250736063346,-0.03965607122518122,0.0126953125,0.001308801060076803,3.432377049180328e-05
657408,-0.0014053188206162304,0.5181639671791345,-0.040380587277468294,0.0185546875,0.0019230452453484759,3.422131147540983e-05
658432,-0.001462535959944944,0.472371525131166,-0.035377795502427034,0.01416015625,0.0017235431005246937,3.4118852459016395e-05
659456,-0.0006012935627950355,0.4373881199862808,-0.043250834016362205,0.01611328125,0.002035130964941345,3.401639344262295e-05
660480,-0.002905222150729969,0.07865348877385259,-0.03355901892064139,0.021484375,0.004438290750840679,3.391393442622951e-05
661504,-0.0021595312864519656,0.08817059372086078,-0.027459537202958018,0.01220703125,0.003259110584622249,3.381147540983607e-05
662528,-0.0006462274468503892,0.10296040878165513,-0.02348273940879153,0.00537109375,0.000680458135320805,3.3709016393442625e-05
663552,-0.0013493645819835365,0.5032670884393156,-0.030535306301317178,0.00439453125,0.0005132617661729455,3.360655737704919e-05
664576,-0.0019003027700819075,0.386393235065043,-0.04385002420167439,0.00830078125,0.001197938690893352,3.3504098360655744e-05
665600,-0.0010558524372754619,0.09763493074569851,-0.024985402790662192,0.0078125,0.0005817259952891618,3.340163934426229e-05
666624,0.0003760662366403267,0.09562471811659634,-0.023629840037756367,0.00341796875,0.0003913151304004714,3.329918032786885e-05
667648,-0.0001235397212440148,0.3415434989146888,-0.035677120788022876,0.01025390625,0.0016495760646648705,3.319672131147541e-05
668672,-0.0020797634933842346,0.368817045353353,-0.043593988521024585,0.0078125,0.0009706285782158375,3.309426229508197e-05
669696,-0.0006340583204291761,0.12354627682361752,-0.026457852305611596,0.00341796875,0.0003169241390423849,3.2991803278688523e-05
670720,-0.00043384286982472986,0.15018780063837767,-0.024527558518457226,0.00732421875,0.0009277428762288764,3.2889344262295086e-05
671744,-5.490182957146317e-05,0.060122517170384526,-0.03254176499649475,0.0087890625,0.0006636462494498119,3.278688524590164e-05
672768,-0.007639486517291516,0.9010662650689483,-0.05725782603258267,0.01904296875,0.0024270323337987065,3.2684426229508205e-05
673792,-0.0006368140748236328,0.8319822261109948,-0.044122190854977816,0.0078125,0.0007555824849987403,3.258196721311475e-05
674816,-0.001095282939786557,0.8125340887345374,-0.04307106829946861,0.0068359375,0.000553637306438759,3.247950819672131e-05
675840,0.0007494564633816481,0.29232251457870007,-0.04322020633844659,0.0126953125,0.001968288721400313,3.2377049180327866e-05
676864,-0.0005505954541149549,0.3486567426007241,-0.03521527291741222,0.01171875,0.0007214049692265689,3.227459016393443e-05
677888,-0.002345251017686678,0.6297412987332791,-0.04535372360260226,0.009765625,0.0009193345322273672,3.2172131147540984e-05
678912,-0.0058286554121878,0.41008122148923576,-0.042352320917416364,0.01220703125,0.0013796748971799389,3.206967213114755e-05
679936,-0.0017450029554311186,1.336815508082509,-0.07218986633233726,0.0146484375,0.0013566871639341116,3.19672131147541e-05
680960,-0.0008099102706182748,0.4698839776683599,-0.043265637854347005,0.00390625,0.0003999240725534037,3.186475409836066e-05
681984,-0.0019552697776816785,0.12762662954628468,-0.02938982409250457,0.00927734375,0.0011789603595389053,3.176229508196722e-05
683008,-0.0029303555784281343,0.4095935276709497,-0.04500959150027484,0.01220703125,0.0018583186611067504,3.1659836065573764e-05
684032,-0.0001277915362152271,0.6822483707219362,-0.04650185228092596,0.00830078125,0.0006278959335759282,3.1557377049180326e-05
685056,-0.000965202139923349,0.12024910235777497,-0.030419351358432323,0.0087890625,0.0010252552601741627,3.145491803278688e-05
686080,-0.0003080290771322325,0.6296703999396414,-0.04550051491241902,0.00537109375,0.0008214654080802575,3.1352459016393445e-05
687104,-0.0020586613682098687,0.07723710022401065,-0.02400925912661478,0.0087890625,0.0013418827875284478,3.125e-05
688128,-0.0017145515885204077,0.07866147987078875,-0.023273926817637403,0.00927734375,0.0016550476429983974,3.114754098360656e-05
689152,-0.000635885211522691,0.3460562350228429,-0.037726349546574056,0.0087890625,0.0010770301159936935,3.104508196721312e-05
690176,-0.0005978999106446281,0.3536397370044142,-0.03791384829673916,0.00146484375,0.00023322549532167614,3.0942622950819675e-05
691200,2.3195112589746714e-05,0.3503647856414318,-0.02983682230114937,0.00634765625,0.0006925239285919815,3.084016393442624e-05
692224,0.00014782516518607736,0.08221027511171997,-0.0282604589665425,0.0048828125,0.00036138460563961416,3.073770491803279e-05
693248,-0.00045686104567721486,0.8818156751804054,-0.06504243053495884,0.0146484375,0.0019199000089429319,3.063524590163934e-05
694272,-0.0019070440321229398,0.2728628418408334,-0.024364648052142,0.00732421875,0.0013694251392735168,3.05327868852459e-05
695296,-0.0009379529656143859,0.48147510481067,-0.03722181408375036,0.00830078125,0.001075941399903968,3.0430327868852458e-05
696320,-0.0013541551743401214,0.12414326798170805,-0.034526897681644186,0.01123046875,0.0008555533859180287,3.0327868852459017e-05
697344,0.0010833106498466805,0.4820562186650932,-0.04289280888042413,0.0087890625,0.0013613273040391505,3.0225409836065576e-05
698368,0.00019502472423482686,0.08991480013355613,-0.02967685825569788,0.0078125,0.00041540419624652714,3.0122950819672136e-05
699392,0.0001507597480667755,0.7657541290391237,-0.043508569040568545,0.01123046875,0.001208113259053789,3.0020491803278695e-05
700416,-0.0003250696900067851,0.9470191111322492,-0.05919563182396814,0.00439453125,0.0004642533021979034,2.9918032786885254e-05
701440,5.848403088748455e-05,0.09917368297465146,-0.030740338348550722,0.00830078125,0.0007643674034625292,2.98155737704918e-05
702464,0.0011683113407343626,0.12748078117147088,-0.023767802631482482,0.00341796875,0.00031623916584067047,2.971311475409836e-05
703488,-0.000594356402871199,0.0836902930168435,-0.029604472903884016,0.00341796875,0.0004724022146547213,2.961065573770492e-05
704512,-0.0003074042178923264,0.4676597851794213,-0.035766804992817924,0.00390625,0.0002899016544688493,2.9508196721311478e-05
705536,-0.0009936277056112885,0.35061094630509615,-0.028299148063524626,0.0107421875,0.002525374453398399,2.9405737704918034e-05
706560,-0.0002525112358853221,0.7428606958128512,-0.041317525872727856,0.00244140625,0.00021218048641458154,2.9303278688524593e-05
707584,-0.0026388913101982325,0.8632306549698114,-0.05052551534026861,0.01513671875,0.0023520830291090533,2.9200819672131152e-05
708608,-0.001671391430136282,0.3524107323028147,-0.03005589041276835,0.00927734375,0.0006185808160807937,2.909836065573771e-05
709632,-0.001612011736142449,0.4926609555259347,-0.039323096396401525,0.00927734375,0.0009257082128897309,2.8995901639344257e-05
710656,-0.0010562601673882455,0.9366801860742271,-0.06050354189937934,0.01025390625,0.0007460050110239536,2.8893442622950817e-05
711680,-0.0013277449470479041,0.5435486217029393,-0.05754258146043867,0.015625,0.0011763204238377512,2.8790983606557376e-05
712704,-0.001601322233909741,0.061574777122586966,-0.02602661558194086,0.01123046875,0.0014275648718466982,2.8688524590163935e-05
713728,0.00022589581203646958,0.14195621246472,-0.034703285433351994,0.00390625,0.0003979479515692219,2.8586065573770494e-05
714752,-0.004271791651262902,0.8669615462422371,-0.04215058826957829,0.01025390625,0.0014925070281606168,2.848360655737705e-05
715776,-0.0011422252282500267,0.09828507399652153,-0.03239406453212723,0.00634765625,0.0004526660486590117,2.838114754098361e-05
716800,-0.001337776455329731,0.1670752780046314,-0.03208049321256112,0.01123046875,0.0014823891688138247,2.827868852459017e-05
717824,-0.0004805340868188068,0.3641183362342417,-0.03965716907987371,0.0029296875,0.0002965703315567225,2.8176229508196728e-05
718848,-0.00021185472724027932,0.41279030544683337,-0.046649855517898686,0.005859375,0.0006583742797374725,2.8073770491803274e-05
719872,-0.00026675613480620086,0.422478808904998,-0.03674341947771609,0.00830078125,0.0006365438021020964,2.7971311475409833e-05
720896,-0.0007188228482846171,0.10970713722053915,-0.029731532413279638,0.01025390625,0.0007346804632106796,2.7868852459016392e-05
721920,-0.001386679505230859,0.2192525309510529,-0.026301049438188784,0.01220703125,0.0022292509238468483,2.776639344262295e-05
722944,-0.0027265346434433013,0.7164679002016783,-0.0465549606597051,0.025390625,0.0032851141586434096,2.766393442622951e-05
723968,-0.0015681743388995528,0.486928692786023,-0.03287525876658037,0.015625,0.0013418516609817743,2.7561475409836067e-05
724992,-0.00016872596461325884,0.44569059321656823,-0.03473706328077242,0.001953125,0.00017624035535845906,2.7459016393442626e-05
726016,-0.001915859102155082,0.7203905628994107,-0.047604008053895086,0.005859375,0.0005934135697316378,2.7356557377049185e-05
727040,2.5123037630692124e-05,0.0589592435862869,-0.025737943265994545,0.00146484375,9.683973621577024e-05,2.7254098360655745e-05
728064,-0.0005257661978248507,0.16111454693600535,-0.026487344526685774,0.0009765625,0.00019520963542163372,2.715163934426229e-05
729088,-0.0004915152385365218,0.8678107680752873,-0.054947038646787405,0.00927734375,0.0013866690424038097,2.704918032786885e-05
730112,3.365517477504909e-05,0.8791993018239737,-0.04809527430916205,0.00341796875,0.00035887217381969094,2.694672131147541e-05
731136,-0.0003961938200518489,0.3772770937066525,-0.04126745252870023,0.00537109375,0.0007353031542152166,2.6844262295081968e-05
732160,-0.0032328597153536975,0.3337050802074373,-0.03787357221881393,0.021484375,0.0035440399369690567,2.6741803278688527e-05
733184,0.0035730067756958306,2.0720665510743856,-0.10484964051283896,0.0341796875,0.0040255485801026225,2.6639344262295087e-05
734208,-2.058368409052491e-06,0.39800728228874505,-0.03160521520112525,0.00634765625,0.0007328028150368482,2.6536885245901643e-05
735232,0.0010560547962086275,1.5665895901620388,-0.06267387961270288,0.01025390625,0.0007810521346982569,2.6434426229508202e-05
736256,-0.0006313213234534487,0.3522862654644996,-0.0340952824044507,0.00244140625,0.0004794889537151903,2.633196721311475e-05
737280,-0.00040341181738767773,0.10423881828319281,-0.026399942424177425,0.00146484375,9.727186989039183e-05,2.622950819672131e-05
738304,-0.0004978989600203931,0.7719307001680136,-0.046125866880174726,0.005859375,0.00041832718125078827,2.6127049180327866e-05
739328,-0.0014225771592464298,0.5471642506308854,-0.040817914879880846,0.00537109375,0.0004897711478406563,2.6024590163934425e-05
740352,-0.0010158261720789596,0.4905430502258241,-0.045584813895402476,0.00390625,0.00031277191010303795,2.5922131147540985e-05
741376,-0.0002623509499244392,0.3424396486952901,-0.03754108343855478,0.00244140625,0.00020550952467601746,2.5819672131147544e-05
742400,-0.0008460201497655362,0.1516013890504837,-0.031151012430200353,0.0068359375,0.0003399885608814657,2.5717213114754103e-05
743424,-0.0018067906785290688,0.09034590038936585,-0.03224890524870716,0.01318359375,0.0011464543640613556,2.561475409836066e-05
744448,-0.002543640890507959,0.5357625456526875,-0.048730085167335346,0.0126953125,0.0009370081388624385,2.551229508196722e-05
745472,-0.000802328810095787,0.4434303129091859,-0.03573546809639083,0.00341796875,0.00019955811148975044,2.5409836065573767e-05
746496,-0.00040884425106924027,0.29752317420206964,-0.03865693157422356,0.0009765625,0.0001252207875950262,2.5307377049180327e-05
747520,-0.001341724957455881,0.0672944295220077,-0.025605340812035138,0.0068359375,0.0014941507979528978,2.5204918032786883e-05
748544,-0.0014706036890856922,0.06353974691592157,-0.03049134262255393,0.00390625,0.0005568458727793768,2.5102459016393442e-05
749568,-0.0011129209597129375,0.5547898043878376,-0.043150684563443065,0.01318359375,0.0008476568327751011,2.5e-05
750592,-8.85560002643615e-05,0.5116141189355403,-0.040231860999483615,0.00390625,0.00039271973946597427,2.489754098360656e-05
751616,0.00027656556630972773,0.3137777557130903,-0.03331003015046008,0.00341796875,0.0006463856116170064,2.479508196721312e-05
752640,-0.00224927841918543,0.7841011956334114,-0.04234811174683273,0.01220703125,0.0015505689225392416,2.4692622950819676e-05
753664,-0.0008563094743294641,0.33095180662348866,-0.04073422207147814,0.00244140625,0.0002444004494464025,2.4590163934426235e-05
754688,0.0006725738930981606,0.1288803779752925,-0.031198649667203426,0.00390625,0.0005431434256024659,2.4487704918032784e-05
755712,0.00103402987588197,0.7637929324992001,-0.059181350748986006,0.0068359375,0.0005637330759782344,2.4385245901639343e-05
756736,-0.0017612296505831182,0.33597938949242234,-0.044855016021756455,0.00390625,0.0005533844232559204,2.42827868852459e-05
757760,2.0840641809627414e-05,0.10909584478940815,-0.030555604498658795,0.00439453125,0.0003868297062581405,2.418032786885246e-05
758784,-0.002184295779443346,0.40059453318826854,-0.04246242102817632,0.00830078125,0.001398482680087909,2.4077868852459018e-05
759808,-5.268678069114685e-05,0.10009972576517612,-0.02866048097712337,0.005859375,0.0004973470204276964,2.3975409836065577e-05
760832,-0.0006293395854299888,0.13144066999666393,-0.03106784392730333,0.0048828125,0.0003823215374723077,2.3872950819672136e-05
761856,-0.0011583769228309393,0.7240430023521185,-0.06194189010420814,0.0166015625,0.0014076630613999441,2.3770491803278692e-05
762880,-2.320967905689031e-05,0.10847343411296606,-0.03231178753776476,0.0048828125,0.00041305675404146314,2.366803278688525e-05
763904,-0.0011185243492946029,0.13014724699314684,-0.026962136413203552,0.0087890625,0.0009244353277608752,2.35655737704918e-05
764928,-0.0014815131944487803,0.2137179400306195,-0.02792592426703777,0.00537109375,0.0007679340633330867,2.346311475409836e-05
765952,-0.0017061652470147237,0.19896820094436407,-0.03255815111333504,0.00537109375,0.0011563303123693913,2.3360655737704916e-05
766976,-0.001048644662660081,0.09796634886879474,-0.02700243002618663,0.0029296875,0.00048657778825145215,2.3258196721311475e-05
768000,-7.455877494066954e-05,0.05856963898986578,-0.025096447174291825,0.001953125,0.00015955524577293545,2.3155737704918034e-05
769024,-0.0007546304259449244,0.056339151225984097,-0.028098085429519415,0.0068359375,0.0005993898666929454,2.3053278688524594e-05
770048,-0.0010610309254843742,0.06582329422235489,-0.02540459972806275,0.00732421875,0.0005800458893645555,2.2950819672131153e-05
771072,-0.001304999299463816,0.12764716113451868,-0.025264523559599183,0.00537109375,0.0008974322263384238,2.2848360655737712e-05
772096,-0.0014685061760246754,0.0895545786479488,-0.029607355827465653,0.0078125,0.0008284701179945841,2.2745901639344258e-05
773120,-0.00042262839269824326,0.1447863255161792,-0.027568970326683484,0.00244140625,0.00018423171422909945,2.2643442622950817e-05
774144,-0.0002466771693434566,0.36819109064526856,-0.03470278335589683,0.00146484375,0.00012299609079491347,2.2540983606557376e-05
775168,0.000188139034435153,0.08503537403885275,-0.02594306960236281,0.00341796875,0.0002936867094831541,2.2438524590163936e-05
776192,-0.00022376541164703667,0.3967639092588797,-0.03407729638274759,0.00146484375,0.00011220460874028504,2.233606557377049e-05
777216,-0.001531623478513211,0.06907834752928466,-0.031607697155777714,0.00341796875,0.00047258142149075866,2.223360655737705e-05
778240,-0.0005349127459339797,0.7811385542154312,-0.05512458540033549,0.001953125,0.00020169050549156964,2.213114754098361e-05
779264,-0.0005946323508396745,0.5161586704198271,-0.03417752786481287,0.0029296875,0.00019304128363728523,2.202868852459017e-05
780288,-0.0017297325466643088,0.4462146027944982,-0.04053663706872612,0.00390625,0.00023536622757092118,2.192622950819673e-05
781312,-0.0006462151504820213,1.026616483926773,-0.05966615193756297,0.005859375,0.0005432849720818922,2.1823770491803274e-05
782336,-0.0007368609076365829,0.7959729535505176,-0.03983391943620518,0.0029296875,0.0002870709722628817,2.1721311475409834e-05
783360,-0.0013739512214669958,0.3670682094525546,-0.03159900366154034,0.00732421875,0.0008400728111155331,2.1618852459016393e-05
784384,-0.001743027547490783,1.10052923951298,-0.053187774727120996,0.00390625,0.0004052525182487443,2.1516393442622952e-05
785408,-0.0010456354211783037,0.3638761732727289,-0.041006612533237785,0.00830078125,0.0007765279588056728,2.1413934426229508e-05
786432,-0.00022297058603726327,0.5757774086669087,-0.04975733795436099,0.001953125,0.00021894382371101528,2.1311475409836067e-05
787456,-0.0002735425950959325,0.09528880205471069,-0.02610828734759707,0.0068359375,0.0006759950629202649,2.1209016393442627e-05
788480,-0.001659936249780003,0.4121414925903082,-0.04242696554865688,0.01025390625,0.001140435691922903,2.1106557377049186e-05
789504,-0.004543216637102887,0.36052817455492914,-0.04426367735140957,0.0126953125,0.001368140015983954,2.1004098360655745e-05
790528,-0.0009913606045302004,0.16116747236810625,-0.028213132551172748,0.00537109375,0.0003965200448874384,2.090163934426229e-05
791552,-0.0007826687942724675,0.10667314473539591,-0.02754559241293464,0.00390625,0.000436868955148384,2.079918032786885e-05
792576,-0.0008797580376267433,0.09666135523002595,-0.03480625493102707,0.00830078125,0.0006126856314949691,2.069672131147541e-05
793600,-0.0003025491314474493,0.5488062123768032,-0.04805823173956014,0.0029296875,0.0003178624901920557,2.059426229508197e-05
794624,-0.0006720405581290834,0.46974079008214176,-0.03511701326351613,0.00390625,0.000590328243561089,2.0491803278688525e-05
795648,-0.0007611773762619123,0.2667676710989326,-0.04209183467901312,0.00732421875,0.0005021912220399827,2.0389344262295084e-05
796672,-0.0007536606572102755,0.1386309084482491,-0.029784970625769347,0.0029296875,0.00024254166055470705,2.0286885245901643e-05
797696,-0.0009580359619576484,0.14770488324575126,-0.023123979410229367,0.005859375,0.0005858860240550712,2.0184426229508202e-05
798720,-0.00228909301222302,1.0206356421113014,-0.06892849772702903,0.0126953125,0.0009934754489222541,2.0081967213114748e-05
799744,-0.00028332309739198536,0.20590883027762175,-0.030161090959154535,0.0078125,0.0011001179518643767,1.9979508196721307e-05
800768,-0.00021387712331488729,0.8575721750967205,-0.05291054176632315,0.00244140625,0.0003465769113972783,1.9877049180327867e-05
801792,-0.0011760290508391336,0.7851352556608617,-0.045032712805550545,0.001953125,0.00025065203954000026,1.9774590163934426e-05
802816,-0.0005859686789335683,0.49373192759230733,-0.03060502429434564,0.0048828125,0.0004192514606984332,1.9672131147540985e-05
803840,4.910872667096555e-05,0.10465607396326959,-0.023483939832658507,0.00244140625,0.0001600061950739473,1.9569672131147544e-05
804864,-0.0008865078707458451,0.38261020136997104,-0.03707174537703395,0.00732421875,0.0007195711805252358,1.94672131147541e-05
805888,-0.0013242766581242904,0.12296257098205388,-0.028764331051206682,0.01220703125,0.0010499877098482102,1.936475409836066e-05
806912,-0.0013883027713745832,0.14095371984876692,-0.01927987503586337,0.00244140625,0.00013557117199525237,1.926229508196722e-05
807936,-0.0003365890806890093,0.4717385000549257,-0.04253691638587043,0.005859375,0.0006145437073428184,1.9159836065573765e-05
808960,-0.000634653857559897,0.35073823435232043,-0.03548400933505036,0.00341796875,0.00021349174494389445,1.9057377049180324e-05
809984,-0.0004741026205010712,0.09035327762831002,-0.024984032395877875,0.0009765625,0.0001208746834890917,1.8954918032786883e-05
811008,-0.0001551172463223338,0.3551640468649566,-0.0314051402892801,0.0009765625,0.00017382432997692376,1.8852459016393442e-05
812032,-0.0006538212910527363,0.19821730651892722,-0.026654265268007293,0.0078125,0.0011502323468448594,1.8750000000000002e-05
813056,-0.00016367563512176275,0.09197109786327928,-0.027921554283238947,0.00146484375,0.00011464794806670398,1.864754098360656e-05
814080,-0.000956672964093741,0.8861967828124762,-0.044034782535163686,0.00927734375,0.0015785487921675667,1.8545081967213117e-05
815104,-0.0014788688858971,0.19781951163895428,-0.028527018061140552,0.0048828125,0.0005342721269698814,1.8442622950819676e-05
816128,-0.0010455939918756485,0.37117008212953806,-0.033250483247684315,0.00341796875,0.00037299684481695294,1.8340163934426235e-05
817152,-0.00032984843710437417,0.7784694801084697,-0.04007538872247096,0.001953125,0.0002568899653851986,1.8237704918032785e-05
818176,-0.0017976370290853083,0.08366340748034418,-0.03168607958650682,0.0048828125,0.0008621110173407942,1.813524590163934e-05
819200,-0.0009639122290536761,0.10505372541956604,-0.03185371952713467,0.00244140625,0.0002910331968450919,1.80327868852459e-05
820224,-0.0003885094483848661,0.14975955244153738,-0.030900372134055942,0.001953125,0.0001993006153497845,1.793032786885246e-05
821248,-0.0019279019761597738,0.4693725423421711,-0.031512141256826,0.0126953125,0.0015328745066653937,1.7827868852459018e-05
822272,-0.001141693806857802,0.08051869412884116,-0.028128489037044346,0.00341796875,0.0005460620595840737,1.7725409836065578e-05
823296,-0.000162444899615366,0.36372656328603625,-0.031135780751355924,0.00244140625,0.00015062300371937454,1.7622950819672133e-05
824320,-0.0008545586897525936,0.11776940128766,-0.0229770698788343,0.0048828125,0.00041376467561349273,1.7520491803278693e-05
825344,-0.0006272383907344192,0.09539353800937533,-0.02736888012441341,0.001953125,0.00014027849829290062,1.7418032786885252e-05
826368,-0.0008089512411970645,0.4309070610906929,-0.04136832692893222,0.0009765625,0.0001447653048671782,1.73155737704918e-05
827392,-0.00036804171395488083,0.6922360309399664,-0.053489856829401106,0.0068359375,0.0004562327958410606,1.7213114754098357e-05
828416,-0.00045322938240133226,0.06984417559579015,-0.020802433875360293,0.00244140625,0.00020490725000854582,1.7110655737704916e-05
829440,-0.0007222724088933319,0.06977664260193706,-0.02449801822513109,0.00146484375,0.00016296666581183672,1.7008196721311476e-05
830464,-0.0005569094500970095,0.31446557119488716,-0.03973177951411344,0.00048828125,5.3694238886237144e-05,1.6905737704918035e-05
831488,-0.0010808176448335871,0.06953890807926655,-0.025507072015898302,0.00439453125,0.00033392324985470623,1.6803278688524594e-05
832512,-0.0009864270832622424,0.36928685987368226,-0.04358205109019764,0.009765625,0.0011083114659413695,1.670081967213115e-05
833536,-0.0005175803380552679,0.1258407891727984,-0.03203088540612953,0.0029296875,0.0003215715696569532,1.659836065573771e-05
834560,-0.0032371370907640085,0.4071697003673762,-0.046488054387737066,0.0185546875,0.0018250144785270095,1.649590163934426e-05
835584,-0.001083835079043638,0.49368302267976105,-0.032722431322326884,0.0068359375,0.0005296111921779811,1.6393442622950818e-05
836608,-0.0007371241663349792,0.32648710103239864,-0.037784868211019784,0.00244140625,0.0002263096976093948,1.6290983606557374e-05
837632,-0.00043866167834494263,0.0690812257817015,-0.027866853357409127,0.00146484375,0.00017887486319523305,1.6188524590163933e-05
838656,-0.0010304723982699215,0.411782470298931,-0.03997116843083859,0.0068359375,0.000625221015070565,1.6086065573770492e-05
839680,3.070534148719162e-05,0.07967380899935961,-0.025957380756153725,0.00390625,0.00025534394080750644,1.598360655737705e-05
840704,-0.0014960041298763826,0.6059519157279283,-0.04309282073518261,0.00537109375,0.0004863670765189454,1.588114754098361e-05
841728,0.0007655709341634065,1.471532016992569,-0.07589050219394267,0.005859375,0.0004985641717212275,1.577868852459017e-05
842752,-0.0013521656801458448,1.3642953834496439,-0.08123642893042415,0.0146484375,0.0012316831562202424,1.5676229508196726e-05
843776,-0.0002974007074953988,0.13269743509590626,-0.02467134541439009,0.00537109375,0.00025932915741577744,1.5573770491803275e-05
844800,-0.001178131191409193,0.4783401945605874,-0.03224087871785741,0.001953125,0.0001252491056220606,1.5471311475409834e-05
845824,-0.00033858526876429096,0.08389824524056166,-0.028117996465880424,0.001953125,0.00014412675227504224,1.5368852459016393e-05
846848,-0.0016215786381508224,0.05483456584624946,-0.02463303250260651,0.00390625,0.0005490273470059037,1.526639344262295e-05
847872,-0.0015567837690468878,0.10771621612366289,-0.024915067417168757,0.00927734375,0.0006988574750721455,1.5163934426229509e-05
848896,-0.0004101654631085694,0.4660780457779765,-0.04197344994463492,0.00244140625,0.0001644013827899471,1.5061475409836068e-05
849920,-0.0009047605271916837,0.532401901204139,-0.02915742887853412,0.00146484375,0.00021695380564779043,1.4959016393442627e-05
850944,-0.0010837430600076914,0.17481100163422525,-0.029148414709197823,0.0048828125,0.0004151772882323712,1.4856557377049185e-05
851968,-0.0004754509136546403,0.0765048706671223,-0.026496493519516662,0.00537109375,0.0006390975177055225,1.4754098360655744e-05
852992,-0.0007695962194702588,0.08413010369986296,-0.03191521961707622,0.00244140625,0.00013682326243724674,1.4651639344262291e-05
854016,-0.0003270886081736535,0.13870488689281046,-0.024674220054293983,0.001953125,0.00013287134061101824,1.454918032786885e-05
855040,-1.3059761840850115e-05,0.15456254268065095,-0.03132653672946617,0.001953125,0.00011363570229150355,1.4446721311475408e-05
856064,-0.0008767202671151608,0.8709166273474693,-0.04348043422214687,0.0009765625,0.00010919639316853136,1.4344262295081968e-05
857088,-8.707393135409802e-05,0.08425943076144904,-0.02337512064332259,0.00048828125,7.368238584604114e-05,1.4241803278688525e-05
858112,-0.00042642425978556275,0.10264939453918487,-0.027798412134870887,0.0029296875,0.0001664626324782148,1.4139344262295084e-05
859136,-0.00044021985377185047,0.522466825786978,-0.03682442705030553,0.0009765625,0.0001046800462063402,1.4036885245901644e-05
860160,-0.0013145796474418603,0.07497342815622687,-0.024989682075101882,0.00537109375,0.0006890169897815213,1.3934426229508201e-05
861184,-0.0008578192500863224,0.8584279315546155,-0.04562370467465371,0.0009765625,9.744211274664849e-05,1.3831967213114749e-05
862208,-0.00036660292971646413,0.36124150012619793,-0.0294943128246814,0.001953125,0.00031149497954174876,1.3729508196721308e-05
863232,-0.0017985550075536594,0.3479117953684181,-0.03404672141186893,0.0029296875,0.00022211532632354647,1.3627049180327867e-05
864256,-0.0013666396553162485,0.12093246961012483,-0.023451301021850668,0.005859375,0.0005202719621593133,1.3524590163934425e-05
865280,-0.0006073217082303017,0.13799962494522333,-0.02383953888056567,0.00537109375,0.0008143062150338665,1.3422131147540984e-05
866304,-0.0002455074936733581,0.06905357784125954,-0.01962878628546605,0.00439453125,0.0003991698904428631,1.3319672131147543e-05
867328,-0.0009136923326877877,0.3520694551989436,-0.03135914001541096,0.0009765625,0.00010415208816993982,1.3217213114754101e-05
868352,-0.0013407041551545262,0.39142849179916084,-0.03049369200016372,0.0048828125,0.0003907135396730155,1.311475409836066e-05
869376,-0.001418996624124702,1.6767704635858536,-0.080469656502828,0.00439453125,0.0004516583576332778,1.3012295081967218e-05
870400,-0.0032934018381638452,0.8802000340074301,-0.05919084360357374,0.0078125,0.0005775428289780393,1.2909836065573765e-05
871424,-0.0008956743840826675,0.492038480238989,-0.02882075181696564,0.0009765625,0.000233774320804514,1.2807377049180324e-05
872448,-2.325992682017386e-06,0.6714365649968386,-0.05260794167406857,0.00439453125,0.00027121216407977045,1.2704918032786884e-05
873472,-0.00017880591622088104,0.6354089369997382,-0.04320773376093712,0.0009765625,9.408703772351146e-05,1.2602459016393441e-05
874496,-0.00153889469220303,0.30370100936852396,-0.03171412965093623,0.01025390625,0.0014641684392699972,1.25e-05
875520,-0.0004058945196447894,0.4404566031880677,-0.03255968319717795,0.0009765625,5.3397074225358665e-05,1.239754098360656e-05
876544,-0.0004933874733978882,0.43134508933871984,-0.033287669240962714,0.0009765625,8.743997022975236e-05,1.2295081967213117e-05
877568,-0.0019608318980317563,0.4597822902724147,-0.040812283361447044,0.00927734375,0.0006683072715532035,1.2192622950819677e-05
878592,-0.0011050779794459231,0.09445683227386326,-0.02671189828106435,0.001953125,0.0002098014228977263,1.2090163934426236e-05
879616,5.54209400434047e-05,0.46544985147193074,-0.03792974044336006,0.0,4.290981451049447e-05,1.1987704918032783e-05
880640,-0.0006375600059982389,0.10995261440984905,-0.02725396622554399,0.00146484375,0.00011059029202442616,1.1885245901639341e-05
881664,-0.0005897246592212468,0.06396875169593841,-0.023138581367675215,0.00244140625,0.00020193147065583616,1.17827868852459e-05
882688,-0.0007210503681562841,0.08830906706862152,-0.018837168034224305,0.00390625,0.0004235434753354639,1.1680327868852458e-05
883712,-0.0003379245172254741,0.07207207148894668,-0.023504659155150875,0.001953125,0.00014236789138522,1.1577868852459017e-05
884736,-0.003048458667763043,0.4295159059111029,-0.0499743169057183,0.00244140625,0.00027551241510082036,1.1475409836065576e-05
885760,5.7734185247682035e-05,0.16031612595543265,-0.029207282699644566,0.0,5.287934618536383e-05,1.1372950819672134e-05
886784,-0.0005597510025836527,0.09210181096568704,-0.02747006283607334,0.00048828125,6.157218012958765e-05,1.1270491803278693e-05
887808,-0.0011675680289044976,0.14636178477667272,-0.03219463325513061,0.005859375,0.00041464768582955003,1.1168032786885253e-05
888832,-0.00021850211487617344,0.35405748593620956,-0.04129921359708533,0.01416015625,0.0010066471877507865,1.10655737704918e-05
889856,-0.0010248643811792135,0.5937395349610597,-0.028850550763309002,0.00341796875,0.00028791626391466707,1.0963114754098358e-05
890880,-0.0002900316430896055,0.5885161266196519,-0.041297684161690995,0.00048828125,7.939849456306547e-05,1.0860655737704917e-05
891904,-0.0005518021353054792,0.11530423199292272,-0.027694349129887996,0.00146484375,0.00013282851432450116,1.0758196721311476e-05
892928,-0.00045369661529548466,0.7940254518762231,-0.037977016472723335,0.0048828125,0.0003815066738752648,1.0655737704918034e-05
893952,-0.00036564015317708254,0.08143052540253848,-0.02266741196217481,0.00048828125,3.558542812243104e-05,1.0553278688524593e-05
894976,-0.0013800829619867727,0.06536309013608843,-0.027272304432699457,0.0009765625,0.00014889196609146893,1.045081967213115e-05
896000,-0.0005918307288084179,0.06624704436399043,-0.03032204316696152,0.00244140625,0.00024584429047536105,1.034836065573771e-05
897024,-0.0004518815840128809,0.7659134238492697,-0.03791887289844453,0.00048828125,4.912969598080963e-05,1.0245901639344257e-05
898048,-0.00030635902658104897,0.44540742062963545,-0.0326959264875768,0.00146484375,0.00012872982188127935,1.0143442622950816e-05
899072,-0.0005191162781557068,0.08280401956290007,-0.023324725989368744,0.0,4.2369370930828154e-05,1.0040983606557374e-05
900096,-0.0009344651771243662,0.13490841654129326,-0.030595106465625577,0.0068359375,0.0004192238411633298,9.938524590163933e-06
901120,-0.00039594761619810015,0.08499249909073114,-0.02741165396400902,0.00244140625,0.00022543918748851866,9.836065573770493e-06
902144,-0.0003690738813020289,0.5866732653230429,-0.03193761289003305,0.0,2.352279261685908e-05,9.73360655737705e-06
903168,-0.0001447262184228748,0.3572202845243737,-0.03272214988828637,0.00048828125,5.307806713972241e-05,9.63114754098361e-06
904192,-0.0005254312854958698,0.06342434417456388,-0.02925311215221882,0.00244140625,0.00040116785385180265,9.528688524590169e-06
905216,-0.00013193934864830226,0.10041004768572748,-0.0337612732546404,0.0,5.0101953092962503e-05,9.426229508196726e-06
906240,-0.00036471856583375484,0.7236711955629289,-0.045554644410003675,0.0009765625,0.0001297832204727456,9.323770491803274e-06
907264,-0.0005657945439452305,0.8588002938777208,-0.049800465698353946,0.0,5.350126593839377e-05,9.221311475409833e-06
908288,-0.00061049620853737,0.08309281407855451,-0.023244269978022203,0.00244140625,0.0001566926366649568,9.118852459016392e-06
909312,-0.00166894422727637,0.12910682591609657,-0.030994382861535996,0.005859375,0.0005686329677700996,9.01639344262295e-06
910336,-0.00045434318599291146,0.08240998350083828,-0.0246368349326076,0.00048828125,4.033197183161974e-05,8.913934426229509e-06
911360,-0.0003047254140255973,0.500288775190711,-0.039262020552996546,0.0009765625,6.88705185893923e-05,8.811475409836067e-06
912384,-0.0014831044027232565,0.28683195332996547,-0.04109876256552525,0.00341796875,0.0003275834023952484,8.709016393442626e-06
913408,-0.00020556742674671113,0.3665890109259635,-0.03414267941843718,0.001953125,0.00018233989248983562,8.606557377049185e-06
914432,-0.0002507846802473068,0.09883970336522907,-0.027156474856383284,0.0,2.12389713851735e-05,8.504098360655743e-06
915456,-0.0008811046573100612,0.6220658021047711,-0.032567843911238015,0.00439453125,0.00033994761179201305,8.40163934426229e-06
916480,0.0017344889274681918,0.10738601326011121,-0.028701655101031065,0.005859375,0.000792570092016831,8.29918032786885e-06
917504,-0.00014671503595309332,0.0913763486314565,-0.029750260669970885,0.0,4.0163780795410275e-05,8.196721311475409e-06
918528,-0.00032499578810529783,0.07705294573679566,-0.027425002146628685,0.00146484375,0.0001177218509837985,8.094262295081966e-06
919552,-5.079014226794243e-05,0.5110682472586632,-0.03985193249536678,0.0,2.2590451408177614e-05,7.991803278688526e-06
920576,-0.0006280596426222473,0.1305356688098982,-0.02362971797992941,0.0,3.675108018796891e-05,7.889344262295085e-06
921600,-0.0014620697620557621,0.35902601457200944,-0.03161321204970591,0.00244140625,0.0001778397854650393,7.786885245901643e-06
922624,4.696965334005654e-06,0.3165054847486317,-0.03566948332422726,0.00048828125,6.113793642725796e-05,7.684426229508202e-06
923648,-0.0005561390426009893,0.2864407207816839,-0.030844359323964454,0.00146484375,0.00011788851406890899,7.581967213114749e-06
924672,-0.00012614260049303994,0.5002737084869295,-0.03457110861199908,0.0,2.9788483516313136e-05,7.479508196721308e-06
925696,-0.0013258613034849986,0.1476344735128805,-0.026046904142276617,0.00439453125,0.00028716328961309046,7.377049180327866e-06
926720,-0.00014517254021484405,0.08023665694054216,-0.027265187876764685,0.0,2.2489024559035897e-05,7.274590163934425e-06
927744,-0.00010406001820228994,0.365689845639281,-0.03562964149750769,0.00244140625,0.00013965459947939962,7.172131147540984e-06
928768,-0.00010751839727163315,0.08229139109607786,-0.02790339180501178,0.0,1.2938457075506449e-05,7.069672131147542e-06
929792,-0.00019900299957953393,0.0975680579431355,-0.027334066457115114,0.0,2.1830404875800014e-05,6.967213114754101e-06
930816,-0.0010464816878084093,0.43238154239952564,-0.03303866138594458,0.0009765625,8.633795368950814e-05,6.86475409836066e-06
931840,-0.0013844235218130052,0.16075833467766643,-0.024543846906453837,0.00341796875,0.00040311265911441296,6.762295081967218e-06
932864,-0.0008813978274702094,0.4824714788701385,-0.041951722669182345,0.001953125,0.00012541073374450207,6.659836065573766e-06
933888,-0.000686188206600491,0.0654950242023915,-0.022231825285416562,0.00048828125,5.733253783546388e-05,6.557377049180324e-06
934912,-0.0004565613198792562,0.09734938386827707,-0.02793013383052312,0.00244140625,0.00016098673222586513,6.454918032786883e-06
935936,-0.00032176574313780293,0.4876831895671785,-0.034057518641930073,0.00146484375,0.00011911349429283291,6.352459016393442e-06
936960,-0.0005483101704157889,0.4257524162530899,-0.03706236794823781,0.001953125,0.00015008145419415087,6.25e-06
937984,-0.0002611099916975945,0.33055354456882924,-0.03060586450737901,0.0,1.4019649825058877e-05,6.147540983606559e-06
939008,-0.00014046503929421306,0.06183652300387621,-0.025364040680869948,0.0009765625,7.439324690494686e-05,6.045081967213118e-06
940032,-0.0008425385458394885,0.5206817060243338,-0.032696547685191035,0.0,5.4785923566669226e-05,5.9426229508196764e-06
941056,-0.00017799704073695466,0.4768518400378525,-0.03770864006946795,0.0009765625,3.9688427932560444e-05,5.840163934426235e-06
942080,-0.0006286165444180369,0.5593094038777053,-0.040233940628240816,0.0,9.153352584689856e-05,5.737704918032782e-06
943104,-0.0005021776305511594,0.3257011268287897,-0.037345326840295456,0.00048828125,7.608656596858054e-05,5.635245901639341e-06
944128,-0.0002261487243231386,0.06549179728608578,-0.023691485810559243,0.0,1.3149212463758886e-05,5.5327868852459e-06
945152,-0.0003829400520771742,0.06716238765511662,-0.02655213640537113,0.0,2.8232214390300214e-05,5.430327868852458e-06
946176,-0.00023494262131862342,0.05878880515228957,-0.026247857545968145,0.0,2.0293620764277875e-05,5.327868852459017e-06
947200,0.00024002209829632193,0.4043096408713609,-0.044328144256724045,0.0,2.176272391807288e-05,5.225409836065575e-06
948224,-0.000295239791739732,0.3592627781908959,-0.03715642372844741,0.0,1.4746634406037629e-05,5.1229508196721345e-06
949248,-0.000485479598864913,0.45169761148281395,-0.039514142292318866,0.00341796875,0.0002404571569059044,5.020491803278693e-06
950272,-0.0002790477010421455,0.3459812111686915,-0.04303652373891964,0.0,3.724703856278211e-05,4.918032786885251e-06
951296,-0.0015162515628617257,0.7612505587749183,-0.05280977982329205,0.0009765625,0.0001075181644409895,4.815573770491799e-06
952320,-0.00083422742318362,0.18516951403580606,-0.03331015389994718,0.0029296875,0.00019065126252826303,4.713114754098358e-06
953344,-0.001227676693815738,0.40778535627759993,-0.05148835573345423,0.0029296875,0.00016314216190949082,4.6106557377049165e-06
954368,-0.0006255558364500757,0.09488868608605117,-0.03569012656225823,0.00048828125,7.396492583211511e-05,4.508196721311475e-06
955392,8.112266368698329e-05,0.38668982905801386,-0.038450585096143186,0.00048828125,4.788764636032283e-05,4.405737704918033e-06
956416,-0.0008866618736647069,0.12037356151267886,-0.02535058662215306,0.0,6.16581819485873e-05,4.303278688524593e-06
957440,2.4361477699130774e-05,0.11567316972650588,-0.026704495830927044,0.0,9.696246706880629e-06,4.200819672131151e-06
958464,0.00014663334877695888,0.3552680832799524,-0.04630255256779492,0.0,3.579678013920784e-05,4.0983606557377095e-06
959488,-0.0004595988939399831,0.42628501122817397,-0.03357110892829951,0.0009765625,7.602840196341276e-05,3.995901639344257e-06
960512,-0.00023130772751756012,0.24516669381409883,-0.03574825095711276,0.0,2.731707354541868e-05,3.893442622950816e-06
961536,-0.0004392217506392626,0.07726201857440174,-0.024014342088776175,0.0,1.6112971934489906e-05,3.7909836065573746e-06
962560,-0.00026589733897708356,0.10586240864358842,-0.023264006202225573,0.0,9.975585271604359e-06,3.688524590163933e-06
963584,-0.0002617587160784751,0.5750939059071243,-0.0482493597373832,0.0,1.239696575794369e-05,3.586065573770492e-06
964608,-0.00027747239801101387,0.510836792876944,-0.039781470579328015,0.00048828125,4.119450750295073e-05,3.4836065573770503e-06
965632,-0.0008639802254037932,0.07686934131197631,-0.02811951344483532,0.00048828125,6.496321293525398e-05,3.381147540983609e-06
966656,-0.0005174435791559517,0.383145346888341,-0.03378888547013048,0.0,8.035727660171688e-05,3.2786885245901676e-06
967680,-0.00019190974126104265,0.07574276637751609,-0.01807114934490528,0.0,1.025456003844738e-05,3.1762295081967264e-06
968704,0.000181498471647501,0.9076986042782664,-0.050786797830369323,0.0,4.7874345909804106e-06,3.073770491803274e-06
969728,-6.423414743039757e-05,0.7409579018130898,-0.044348528259433806,0.0,2.324843080714345e-06,2.9713114754098327e-06
970752,-0.0006186279060784727,0.10502859810367227,-0.028245249530300498,0.0,2.337263140361756e-05,2.868852459016391e-06
971776,-0.0002381855301791802,0.06229214952327311,-0.02574908178212354,0.0,1.7567130271345377e-05,2.76639344262295e-06
972800,-7.899109914433211e-05,0.35773215664085,-0.03372663090704009,0.0,3.2334355637431145e-06,2.6639344262295084e-06
973824,-0.00024902420409489423,0.11233819101471454,-0.0254310219315812,0.0,1.2990640243515372e-05,2.5614754098360673e-06
974848,-0.0001720615546219051,0.09192213614005595,-0.025421530663152225,0.0,1.185700239147991e-05,2.4590163934426257e-06
975872,-0.00020129390031797811,0.10892954480368644,-0.022760468571505044,0.0,8.876959327608347e-06,2.3565573770491845e-06
976896,-0.0005530335256480612,0.09917067270725965,-0.022653926365819643,0.0,3.658300556708127e-05,2.254098360655743e-06
977920,-7.096090848790482e-05,0.4888317468576133,-0.03585911824484356,0.0,3.098830347880721e-06,2.151639344262291e-06
978944,-0.00048297186731360853,0.10729762283153832,-0.027565629585296847,0.0,3.6774465115740895e-05,2.0491803278688492e-06
979968,-0.00036713352892547846,0.12409735226538032,-0.026171291930950247,0.0,3.178098995704204e-05,1.946721311475408e-06
980992,-0.0001865874364739284,0.10079073393717408,-0.02619764191331342,0.0,1.1319949408061802e-05,1.8442622950819665e-06
982016,-0.00018906751938629895,0.08559759624768049,-0.028761387002305128,0.0,7.108159479685128e-06,1.7418032786885252e-06
983040,1.3089942513033748e-05,0.07817040383815765,-0.027203464807826094,0.0,7.545153493992984e-06,1.6393442622950838e-06
984064,-0.0003259058212279342,0.38722848356701434,-0.03889439394697547,0.0,1.235000672750175e-05,1.5368852459016424e-06
985088,-3.621324140112847e-05,0.08574979892000556,-0.023076533048879355,0.0,4.507557605393231e-06,1.434426229508201e-06
986112,7.049573468975723e-06,0.0723450155928731,-0.022110664751380682,0.0,2.211745595559478e-06,1.3319672131147487e-06
987136,-3.9031452615745366e-05,0.5729136462323368,-0.031930861237924546,0.0,2.8704816941171885e-06,1.2295081967213073e-06
988160,-0.0002667064327397384,0.45905550150200725,-0.03629938108497299,0.0,3.5768316593021154e-06,1.127049180327866e-06
989184,-0.0002354725729674101,0.07397113891784102,-0.02524896308023017,0.0,4.590736352838576e-06,1.0245901639344246e-06
990208,2.3809086997061968e-05,0.4319652337580919,-0.03645951260114089,0.0,1.2185773812234402e-06,9.221311475409833e-07
991232,-6.719313387293369e-05,0.06298510869964957,-0.0208587838569656,0.0,5.835900083184242e-07,8.196721311475419e-07
992256,-2.431134635116905e-05,0.44423465116415173,-0.033798158838180825,0.0,1.4419492799788713e-07,7.172131147541005e-07
993280,-3.7546058592852205e-05,0.13531453197356313,-0.02939242283173371,0.0,3.59184923581779e-07,6.147540983606592e-07
994304,-8.720549521967769e-05,0.170839425874874,-0.03082528928280226,0.0,1.913213054649532e-06,5.122950819672179e-07
995328,-3.6889425246044993e-05,0.7013448083307594,-0.045670490741031244,0.0,6.336340447887778e-07,4.098360655737654e-07
996352,-3.296651993878186e-05,0.4678584896028042,-0.04635512491222471,0.0,5.793408490717411e-07,3.073770491803241e-07
997376,-3.4222466638311744e-07,0.3983638477511704,-0.03430245225899853,0.0,6.766640581190586e-09,2.049180327868827e-07
998400,-2.289976691827178e-05,0.16393987741321325,-0.02596802068001125,0.0,1.4193938113749027e-07,1.0245901639344135e-07
999424,2.0881998352706432e-09,0.10168555972632021,-0.02846127217344474,0.0,-2.9103830456733704e-11,0.0
