timestep,episode,reward,length
1073,0,-7.499999999999998,50
1123,1,-8.099999999999998,50
1173,2,-7.499999999999998,50
1223,3,-7.499999999999998,50
1273,4,-8.7,50
1323,5,-7.499999999999998,50
1373,6,-6.899999999999999,50
1423,7,-7.499999999999998,50
1473,8,-7.499999999999998,50
1523,9,-8.099999999999998,50
1573,10,-8.099999999999998,50
1623,11,-6.899999999999999,50
1673,12,-6.899999999999999,50
1723,13,-6.299999999999999,50
1773,14,-7.499999999999998,50
1823,15,-6.899999999999999,50
1873,16,-6.899999999999999,50
1923,17,-7.499999999999998,50
1973,18,-7.499999999999998,50
2023,19,-6.899999999999999,50
2073,20,-8.7,50
2123,21,-4.499999999999998,50
2173,22,-7.499999999999998,50
2223,23,-9.299999999999999,50
2273,24,-5.699999999999998,50
2323,25,-8.099999999999998,50
2373,26,-7.499999999999998,50
2423,27,-6.299999999999999,50
2473,28,-8.099999999999998,50
2523,29,-5.699999999999998,50
2573,30,-7.499999999999998,50
2623,31,-8.099999999999998,50
2673,32,-6.899999999999999,50
2723,33,-6.899999999999999,50
2773,34,-8.099999999999998,50
2823,35,-4.499999999999998,50
2873,36,-8.099999999999998,50
2923,37,-8.7,50
2973,38,-8.099999999999998,50
3023,39,-6.899999999999999,50
3073,40,-6.899999999999999,50
3123,41,-5.099999999999998,50
3173,42,-4.499999999999998,50
3223,43,-8.099999999999998,50
3273,44,-6.899999999999999,50
3323,45,-7.499999999999998,50
3373,46,-3.299999999999998,50
3423,47,-6.899999999999999,50
3473,48,-6.899999999999999,50
3523,49,-6.299999999999999,50
3573,50,-7.499999999999998,50
3623,51,-5.699999999999998,50
3673,52,-6.899999999999999,50
3723,53,-5.099999999999998,50
3773,54,-5.099999999999998,50
3823,55,-6.899999999999999,50
3873,56,-5.099999999999998,50
3923,57,-7.499999999999998,50
3973,58,-6.299999999999999,50
4023,59,-6.899999999999999,50
4073,60,-5.699999999999998,50
4123,61,-6.299999999999999,50
4173,62,-0.8999999999999986,50
4223,63,-4.499999999999998,50
4273,64,-5.699999999999998,50
4323,65,-3.899999999999998,50
4373,66,-4.499999999999998,50
4423,67,-0.8999999999999986,50
4473,68,-5.099999999999998,50
4523,69,-2.699999999999998,50
4573,70,-5.699999999999998,50
4623,71,-4.499999999999998,50
4673,72,-0.8999999999999986,50
4723,73,-5.099999999999998,50
4773,74,-3.899999999999998,50
4823,75,-7.499999999999998,50
4873,76,-6.299999999999999,50
4923,77,-5.699999999999998,50
4973,78,-0.8999999999999986,50
5023,79,-4.499999999999998,50
5073,80,-0.8999999999999986,50
5123,81,-6.899999999999999,50
5173,82,-2.699999999999998,50
5237,83,2.600000000000003,64
5287,84,-2.699999999999998,50
5337,85,-0.8999999999999986,50
5387,86,-0.8999999999999986,50
5437,87,-3.899999999999998,50
5487,88,-5.099999999999998,50
5537,89,-1.4999999999999982,50
5587,90,-2.699999999999998,50
5637,91,-0.8999999999999986,50
5687,92,-5.099999999999998,50
5737,93,-4.499999999999998,50
5787,94,-0.8999999999999986,50
5837,95,-2.099999999999998,50
5887,96,-2.099999999999998,50
5937,97,-3.299999999999998,50
5987,98,-4.499999999999998,50
6037,99,-2.699999999999998,50
6087,100,-3.899999999999998,50
6137,101,-0.8999999999999986,50
6187,102,-0.8999999999999986,50
6237,103,-0.8999999999999986,50
6290,104,2.9999999999999982,53
6340,105,-0.8999999999999986,50
6392,106,2.8999999999999986,52
6442,107,-0.8999999999999986,50
6492,108,-3.299999999999998,50
6542,109,-0.8999999999999986,50
6592,110,-1.4999999999999982,50
6642,111,-0.8999999999999986,50
6692,112,-0.8999999999999986,50
6742,113,-3.899999999999998,50
6792,114,-0.8999999999999986,50
6842,115,-2.699999999999998,50
6892,116,-0.8999999999999986,50
6942,117,-0.8999999999999986,50
6992,118,-0.8999999999999986,50
7042,119,-5.099999999999998,50
7092,120,-2.699999999999998,50
7142,121,-6.299999999999999,50
7192,122,-0.8999999999999986,50
7242,123,-2.099999999999998,50
7292,124,-0.8999999999999986,50
7342,125,-2.699999999999998,50
7392,126,2.6999999999999993,50
7442,127,-1.4999999999999982,50
7492,128,-0.8999999999999986,50
7542,129,-0.8999999999999986,50
7592,130,-0.8999999999999986,50
7642,131,-0.8999999999999986,50
7692,132,-0.8999999999999986,50
7742,133,-0.8999999999999986,50
7792,134,-0.8999999999999986,50
7842,135,-4.499999999999998,50
7892,136,1.5000000000000004,50
7942,137,-0.8999999999999986,50
7992,138,-0.8999999999999986,50
8042,139,2.0999999999999996,50
8092,140,-0.8999999999999986,50
8142,141,-0.8999999999999986,50
8192,142,-0.8999999999999986,50
8242,143,-0.8999999999999986,50
8292,144,-0.8999999999999986,50
8378,145,2.9999999999999893,86
8428,146,-0.8999999999999986,50
8478,147,0.9000000000000004,50
8528,148,-0.8999999999999986,50
8578,149,-0.8999999999999986,50
8628,150,-0.8999999999999986,50
8678,151,-0.8999999999999986,50
8728,152,-0.8999999999999986,50
8778,153,-0.8999999999999986,50
8828,154,-0.8999999999999986,50
8878,155,-2.099999999999998,50
8928,156,-0.8999999999999986,50
8978,157,-0.8999999999999986,50
9028,158,-0.8999999999999986,50
9078,159,-0.8999999999999986,50
9128,160,-0.8999999999999986,50
9178,161,-0.8999999999999986,50
9228,162,-0.8999999999999986,50
9278,163,-0.8999999999999986,50
9328,164,-0.8999999999999986,50
9378,165,-0.29999999999999893,50
9428,166,0.9000000000000004,50
9478,167,2.6999999999999993,50
9528,168,-0.8999999999999986,50
9581,169,2.9999999999999982,53
9631,170,-0.8999999999999986,50
9681,171,-0.8999999999999986,50
9803,172,0.8999999999999986,122
9872,173,3.699999999999995,69
9922,174,-0.8999999999999986,50
9972,175,-0.8999999999999986,50
10022,176,-0.8999999999999986,50
10072,177,-0.8999999999999986,50
10122,178,0.3000000000000007,50
10172,179,-0.8999999999999986,50
10222,180,-0.8999999999999986,50
10272,181,-0.8999999999999986,50
10322,182,0.3000000000000007,50
10373,183,2.1999999999999993,51
10423,184,0.3000000000000007,50
10474,185,2.799999999999999,51
10525,186,2.799999999999999,51
10575,187,0.9000000000000004,50
10625,188,1.5,50
10675,189,-0.8999999999999986,50
10725,190,-0.8999999999999986,50
10775,191,-0.8999999999999986,50
10880,192,-8.0,105
10938,193,-0.09999999999999787,58
10989,194,2.799999999999999,51
11039,195,-0.8999999999999986,50
11095,196,2.6999999999999975,56
11145,197,1.5,50
11195,198,0.3000000000000007,50
11245,199,-0.8999999999999986,50
11295,200,-0.8999999999999986,50
11345,201,2.6999999999999993,50
11395,202,-0.8999999999999986,50
11448,203,2.3999999999999986,53
11498,204,2.0999999999999996,50
11550,205,2.8999999999999986,52
11600,206,2.0999999999999996,50
11650,207,-0.8999999999999986,50
11700,208,-0.8999999999999986,50
11750,209,-0.8999999999999986,50
11800,210,0.3000000000000007,50
11850,211,-0.29999999999999893,50
11901,212,2.1999999999999993,51
11960,213,-2.9999999999999987,59
12014,214,2.4999999999999982,54
12064,215,-0.8999999999999986,50
12119,216,2.599999999999998,55
12169,217,0.3000000000000007,50
12219,218,-0.8999999999999986,50
12269,219,2.6999999999999993,50
12319,220,0.9000000000000004,50
12369,221,-0.8999999999999986,50
12419,222,-0.29999999999999893,50
12469,223,0.3000000000000007,50
12520,224,2.799999999999999,51
12570,225,2.6999999999999993,50
12620,226,-0.8999999999999986,50
12670,227,0.3000000000000007,50
12720,228,0.3000000000000007,50
12770,229,0.9000000000000004,50
12823,230,2.3999999999999986,53
12874,231,2.1999999999999993,51
12924,232,1.5,50
12974,233,2.0999999999999996,50
13024,234,-0.29999999999999893,50
13074,235,2.6999999999999993,50
13125,236,2.799999999999999,51
13175,237,-0.8999999999999986,50
13227,238,2.8999999999999986,52
13277,239,0.9000000000000004,50
13327,240,0.3000000000000007,50
13377,241,1.5,50
13427,242,-0.8999999999999986,50
13477,243,-0.29999999999999893,50
13527,244,2.0999999999999996,50
13577,245,-0.29999999999999893,50
13627,246,0.9000000000000004,50
13677,247,0.9000000000000004,50
13727,248,-0.8999999999999986,50
13777,249,1.5,50
13827,250,2.0999999999999996,50
13877,251,2.0999999999999996,50
13927,252,0.9000000000000004,50
13981,253,2.4999999999999982,54
14031,254,0.3000000000000007,50
14087,255,2.099999999999998,56
14140,256,1.200000000000002,53
14194,257,0.10000000000000187,54
14244,258,1.5,50
14294,259,0.9000000000000004,50
14344,260,-1.4999999999999978,50
14394,261,0.9000000000000004,50
14444,262,-0.8999999999999986,50
14494,263,0.3000000000000007,50
14544,264,0.3000000000000007,50
14594,265,0.9000000000000004,50
14646,266,2.8999999999999986,52
14696,267,1.5,50
14746,268,0.3000000000000007,50
14796,269,1.5,50
14849,270,2.3999999999999986,53
14899,271,0.3000000000000007,50
14949,272,-0.8999999999999986,50
14999,273,2.0999999999999996,50
15049,274,1.5,50
15099,275,2.0999999999999996,50
15149,276,0.9000000000000004,50
15200,277,2.1999999999999993,51
15250,278,2.0999999999999996,50
15300,279,2.0999999999999996,50
15353,280,2.9999999999999982,53
15408,281,2.599999999999998,55
15458,282,0.9000000000000004,50
15510,283,2.299999999999999,52
15560,284,0.3000000000000007,50
15610,285,0.3000000000000007,50
15660,286,2.6999999999999993,50
15710,287,1.5,50
15760,288,0.9000000000000004,50
15810,289,2.0999999999999996,50
15863,290,2.9999999999999982,53
15922,291,2.399999999999997,59
15972,292,0.3000000000000007,50
16022,293,2.6999999999999993,50
16076,294,1.8999999999999986,54
16126,295,-0.8999999999999986,50
16178,296,1.1,52
16229,297,2.1999999999999993,51
16279,298,0.9000000000000004,50
16329,299,-0.8999999999999986,50
16379,300,2.0999999999999996,50
16431,301,2.3000000000000007,52
16486,302,2.599999999999998,55
16536,303,0.3000000000000007,50
16589,304,2.9999999999999982,53
16655,305,-0.1999999999999985,66
16708,306,0.6000000000000019,53
16759,307,2.799999999999999,51
16811,308,2.299999999999999,52
16866,309,2.599999999999998,55
16916,310,2.0999999999999996,50
16966,311,1.5,50
17018,312,1.700000000000002,52
17070,313,2.8999999999999986,52
17127,314,-3.199999999999998,57
17177,315,2.6999999999999993,50
17227,316,1.5,50
17283,317,-0.8999999999999981,56
17334,318,2.1999999999999993,51
17384,319,2.0999999999999996,50
17437,320,2.3999999999999986,53
17488,321,2.1999999999999993,51
17542,322,3.099999999999998,54
17592,323,2.0999999999999996,50
17644,324,2.299999999999999,52
17694,325,-0.29999999999999893,50
17744,326,2.0999999999999996,50
17794,327,1.5,50
17846,328,2.3000000000000007,52
17905,329,1.1999999999999993,59
17955,330,2.6999999999999993,50
18005,331,1.5,50
18055,332,2.0999999999999996,50
18107,333,2.8999999999999986,52
18159,334,2.8999999999999986,52
18209,335,2.6999999999999993,50
18259,336,1.5,50
18311,337,2.3,52
18362,338,2.799999999999999,51
18414,339,2.8999999999999986,52
18465,340,2.1999999999999993,51
18515,341,0.9000000000000004,50
18565,342,1.5,50
18615,343,0.9000000000000004,50
18665,344,-0.8999999999999986,50
18715,345,-0.29999999999999893,50
18765,346,2.0999999999999996,50
18815,347,0.9000000000000004,50
18865,348,1.5,50
18915,349,1.5,50
18965,350,1.5,50
19015,351,2.6999999999999993,50
19065,352,0.9000000000000004,50
19115,353,1.5,50
19165,354,0.9000000000000004,50
19215,355,2.0999999999999996,50
19265,356,2.0999999999999996,50
19315,357,0.3000000000000007,50
19365,358,2.6999999999999993,50
19415,359,1.5,50
19465,360,2.0999999999999996,50
19515,361,-0.8999999999999986,50
19565,362,0.9000000000000004,50
19615,363,2.0999999999999996,50
19665,364,2.0999999999999996,50
19715,365,1.5,50
19765,366,1.5,50
19815,367,-0.8999999999999986,50
19865,368,-0.8999999999999986,50
19915,369,1.5,50
19965,370,1.5,50
20015,371,-0.29999999999999893,50
20065,372,-0.29999999999999893,50
20115,373,0.3000000000000007,50
20165,374,2.0999999999999996,50
20215,375,-0.8999999999999986,50
20265,376,0.3000000000000007,50
20315,377,0.9000000000000004,50
20365,378,-0.29999999999999893,50
20417,379,2.299999999999999,52
20467,380,2.0999999999999996,50
20520,381,2.9999999999999982,53
20570,382,0.3000000000000007,50
20624,383,2.4999999999999982,54
20674,384,2.0999999999999996,50
20724,385,1.5,50
20774,386,0.9000000000000004,50
20824,387,2.6999999999999993,50
20874,388,-0.29999999999999893,50
20924,389,0.3000000000000007,50
20974,390,2.6999999999999993,50
21024,391,1.5,50
21074,392,2.0999999999999996,50
21124,393,1.5,50
21174,394,2.6999999999999993,50
21225,395,2.799999999999999,51
21275,396,2.6999999999999993,50
21330,397,2.599999999999998,55
21380,398,1.5,50
21430,399,0.9000000000000004,50
21480,400,2.0999999999999996,50
21530,401,2.6999999999999993,50
21582,402,2.8999999999999986,52
21632,403,2.6999999999999993,50
21685,404,2.9999999999999982,53
21735,405,2.0999999999999996,50
21785,406,0.9000000000000004,50
21835,407,0.3000000000000007,50
21885,408,2.6999999999999993,50
21935,409,1.5,50
21985,410,0.9000000000000004,50
22041,411,3.299999999999997,56
22091,412,0.9000000000000004,50
22148,413,2.799999999999997,57
22200,414,2.8999999999999986,52
22252,415,2.299999999999999,52
22304,416,2.299999999999999,52
22357,417,2.3999999999999986,53
22407,418,1.5,50
22457,419,0.9000000000000004,50
22510,420,2.9999999999999982,53
22562,421,2.8999999999999986,52
22616,422,3.099999999999998,54
22668,423,2.8999999999999986,52
22721,424,2.3999999999999986,53
22773,425,2.8999999999999986,52
22823,426,2.0999999999999996,50
22873,427,2.0999999999999996,50
22925,428,2.8999999999999986,52
22979,429,2.4999999999999982,54
23029,430,2.6999999999999993,50
23080,431,2.799999999999999,51
23133,432,2.3999999999999986,53
23185,433,2.8999999999999986,52
23240,434,3.1999999999999975,55
23292,435,2.299999999999999,52
23346,436,1.8999999999999986,54
23399,437,2.9999999999999982,53
23449,438,0.3000000000000007,50
23502,439,2.3999999999999995,53
23554,440,2.8999999999999986,52
23610,441,1.5000000000000022,56
23667,442,3.399999999999997,57
23722,443,1.9999999999999982,55
23775,444,2.9999999999999982,53
23827,445,2.8999999999999986,52
23880,446,2.9999999999999982,53
23930,447,1.5,50
23984,448,1.8999999999999986,54
24040,449,2.6999999999999975,56
24090,450,2.6999999999999993,50
24140,451,2.6999999999999993,50
24191,452,2.799999999999999,51
24244,453,2.9999999999999982,53
24302,454,1.700000000000001,58
24355,455,2.9999999999999982,53
24410,456,-0.39999999999999813,55
24460,457,1.5,50
24513,458,2.9999999999999982,53
24564,459,2.799999999999999,51
24619,460,3.1999999999999975,55
24705,461,2.3999999999999906,86
24760,462,2.599999999999998,55
24811,463,2.799999999999999,51
24861,464,2.6999999999999993,50
24913,465,2.8999999999999986,52
24971,466,-0.0999999999999992,58
25033,467,1.1999999999999993,62
25086,468,2.9999999999999982,53
25136,469,2.0999999999999996,50
25189,470,2.3999999999999986,53
25239,471,0.9000000000000004,50
25289,472,2.6999999999999993,50
25340,473,1.0,51
25393,474,1.2000000000000015,53
25446,475,2.9999999999999982,53
25496,476,2.0999999999999996,50
25549,477,2.9999999999999982,53
25600,478,2.799999999999999,51
25651,479,2.799999999999999,51
25703,480,2.299999999999999,52
25755,481,2.8999999999999986,52
25807,482,2.8999999999999986,52
25858,483,2.799999999999999,51
25912,484,2.4999999999999982,54
25967,485,3.1999999999999975,55
26020,486,1.200000000000002,53
26073,487,1.200000000000002,53
26124,488,2.799999999999999,51
26176,489,2.299999999999999,52
26226,490,2.6999999999999993,50
26277,491,2.799999999999999,51
26334,492,2.799999999999997,57
26385,493,2.799999999999999,51
26438,494,0.6000000000000019,53
26490,495,2.299999999999999,52
26540,496,2.6999999999999993,50
26591,497,2.799999999999999,51
26646,498,3.1999999999999975,55
26703,499,3.399999999999997,57
26758,500,2.0,55
26811,501,2.3999999999999986,53
26864,502,2.9999999999999982,53
26918,503,0.10000000000000187,54
26976,504,2.299999999999997,58
27031,505,2.599999999999998,55
27082,506,2.799999999999999,51
27136,507,3.099999999999998,54
27193,508,3.399999999999997,57
27243,509,2.6999999999999993,50
27295,510,2.8999999999999986,52
27347,511,1.1000000000000019,52
27399,512,2.299999999999999,52
27451,513,2.8999999999999986,52
27505,514,3.099999999999998,54
27565,515,2.4999999999999964,60
27621,516,3.299999999999997,56
27671,517,2.0999999999999996,50
27724,518,2.9999999999999982,53
27778,519,2.4999999999999982,54
27832,520,3.099999999999998,54
27885,521,2.9999999999999982,53
27939,522,3.099999999999998,54
27990,523,2.799999999999999,51
28041,524,2.799999999999999,51
28097,525,3.299999999999997,56
28152,526,3.1999999999999975,55
28204,527,2.8999999999999986,52
28260,528,3.299999999999997,56
28310,529,2.6999999999999993,50
28362,530,2.299999999999999,52
28419,531,2.799999999999997,57
28470,532,2.799999999999999,51
28524,533,0.10000000000000187,54
28576,534,2.8999999999999986,52
28632,535,2.6999999999999975,56
28686,536,3.099999999999998,54
28736,537,2.6999999999999993,50
28791,538,3.1999999999999975,55
28847,539,3.299999999999997,56
28899,540,2.8999999999999986,52
28951,541,2.8999999999999986,52
29001,542,2.6999999999999993,50
29054,543,2.9999999999999982,53
29112,544,2.299999999999997,58
29163,545,2.1999999999999993,51
29217,546,2.4999999999999982,54
29273,547,3.299999999999997,56
29330,548,3.399999999999997,57
29384,549,3.099999999999998,54
29436,550,2.8999999999999986,52
29486,551,2.6999999999999993,50
29537,552,2.1999999999999993,51
29590,553,2.9999999999999982,53
29644,554,3.099999999999998,54
29701,555,2.799999999999997,57
29755,556,3.099999999999998,54
29807,557,2.8999999999999986,52
29859,558,2.8999999999999986,52
29916,559,2.799999999999997,57
29972,560,3.299999999999997,56
30024,561,2.299999999999999,52
30074,562,1.5,50
30127,563,2.9999999999999982,53
30183,564,3.299999999999997,56
30237,565,3.099999999999998,54
30289,566,2.8999999999999986,52
30340,567,2.1999999999999993,51
30397,568,3.399999999999997,57
30453,569,3.299999999999997,56
30505,570,2.8999999999999986,52
30559,571,3.099999999999998,54
30612,572,0.6000000000000019,53
30668,573,3.299999999999997,56
30718,574,2.6999999999999993,50
30773,575,3.1999999999999975,55
30835,576,3.599999999999998,62
30891,577,3.299999999999997,56
30944,578,2.3999999999999986,53
30994,579,2.6999999999999993,50
31044,580,2.0999999999999996,50
31099,581,3.1999999999999975,55
31152,582,1.200000000000002,53
31209,583,3.399999999999997,57
31262,584,2.9999999999999982,53
31316,585,2.4999999999999982,54
31373,586,3.399999999999997,57
31425,587,2.8999999999999986,52
31482,588,2.799999999999997,57
31538,589,3.299999999999997,56
31592,590,1.9000000000000021,54
31647,591,3.1999999999999975,55
31699,592,2.299999999999999,52
31754,593,3.1999999999999975,55
31809,594,3.1999999999999975,55
31859,595,2.0999999999999996,50
31915,596,3.299999999999997,56
31968,597,2.9999999999999982,53
32018,598,2.6999999999999993,50
32076,599,3.4999999999999964,58
32131,600,3.1999999999999975,55
32183,601,2.8999999999999986,52
32237,602,3.099999999999998,54
32291,603,3.099999999999998,54
32346,604,3.1999999999999975,55
32401,605,2.599999999999998,55
32451,606,0.3000000000000007,50
32507,607,3.299999999999997,56
32565,608,3.4999999999999964,58
32627,609,4.199999999999996,62
32683,610,3.299999999999997,56
32737,611,3.099999999999998,54
32794,612,2.799999999999997,57
32847,613,2.9999999999999982,53
32902,614,3.1999999999999975,55
32953,615,2.799999999999999,51
33008,616,2.599999999999998,55
33065,617,3.399999999999997,57
33118,618,2.3999999999999986,53
33173,619,3.1999999999999975,55
33227,620,3.099999999999998,54
33286,621,1.8000000000000025,59
33341,622,3.1999999999999975,55
33392,623,2.799999999999999,51
33448,624,2.6999999999999975,56
33503,625,3.1999999999999975,55
33566,626,4.299999999999995,63
33619,627,2.9999999999999982,53
33677,628,3.4999999999999964,58
33737,629,3.6999999999999957,60
33793,630,3.299999999999997,56
33855,631,4.799999999999995,62
33910,632,3.1999999999999975,55
33965,633,2.599999999999998,55
34023,634,3.4999999999999964,58
34080,635,3.399999999999997,57
34135,636,3.1999999999999975,55
34191,637,3.299999999999997,56
34246,638,2.599999999999998,55
34299,639,2.9999999999999982,53
34357,640,2.299999999999998,58
34413,641,3.299999999999997,56
34472,642,3.599999999999996,59
34529,643,3.399999999999997,57
34585,644,3.299999999999997,56
34639,645,3.099999999999998,54
34694,646,3.1999999999999975,55
34752,647,3.4999999999999964,58
34808,648,3.299999999999997,56
34867,649,3.599999999999996,59
34923,650,3.299999999999997,56
34984,651,3.1999999999999957,61
35046,652,5.399999999999995,62
35103,653,3.399999999999997,57
35158,654,3.1999999999999975,55
35215,655,3.399999999999997,57
35275,656,3.6999999999999957,60
35332,657,3.399999999999997,57
35387,658,3.1999999999999975,55
35451,659,4.399999999999995,64
35512,660,3.1999999999999957,61
35569,661,3.399999999999997,57
35624,662,2.599999999999998,55
35682,663,3.4999999999999964,58
35748,664,2.7999999999999967,66
35808,665,2.4999999999999964,60
35868,666,3.6999999999999957,60
35927,667,3.599999999999996,59
35985,668,3.4999999999999964,58
36049,669,4.399999999999995,64
36110,670,3.7999999999999954,61
36170,671,3.099999999999996,60
36223,672,2.9999999999999982,53
36285,673,4.799999999999995,62
36341,674,3.299999999999997,56
36406,675,3.899999999999995,65
36469,676,4.899999999999995,63
36530,677,3.1999999999999957,61
36590,678,3.6999999999999957,60
36645,679,3.1999999999999975,55
36704,680,2.9999999999999964,59
36772,681,4.199999999999994,68
36832,682,3.6999999999999957,60
36896,683,4.399999999999995,64
36955,684,3.599999999999996,59
37017,685,4.799999999999995,62
37074,686,3.399999999999997,57
37130,687,3.299999999999997,56
37190,688,3.6999999999999957,60
37255,689,4.499999999999995,65
37315,690,3.099999999999996,60
37378,691,5.499999999999995,63
37442,692,4.399999999999995,64
37506,693,4.399999999999995,64
37569,694,4.299999999999995,63
37627,695,3.4999999999999964,58
37689,696,5.399999999999995,62
37740,697,2.799999999999999,51
37807,698,4.699999999999994,67
37863,699,2.6999999999999975,56
37918,700,3.1999999999999975,55
37983,701,3.2999999999999954,65
38042,702,2.9999999999999964,59
38105,703,4.299999999999995,63
38168,704,4.899999999999995,63
38223,705,3.1999999999999975,55
38283,706,3.6999999999999957,60
38342,707,3.599999999999996,59
38405,708,4.899999999999995,63
38467,709,5.399999999999995,62
38522,710,3.1999999999999975,55
38586,711,4.399999999999995,64
38652,712,3.9999999999999947,66
38708,713,3.299999999999997,56
38769,714,2.599999999999996,61
38831,715,4.799999999999995,62
38894,716,4.299999999999995,63
38951,717,3.399999999999997,57
39008,718,2.799999999999997,57
39067,719,1.2000000000000024,59
39129,720,4.799999999999995,62
39193,721,4.399999999999995,64
39251,722,3.4999999999999964,58
39312,723,3.7999999999999954,61
39376,724,4.399999999999995,64
39434,725,2.899999999999997,58
39487,726,2.9999999999999982,53
39551,727,3.7999999999999954,64
39613,728,4.199999999999996,62
39676,729,4.899999999999995,63
39733,730,2.799999999999997,57
39795,731,4.799999999999995,62
39849,732,2.4999999999999982,54
39912,733,5.499999999999995,63
39974,734,5.399999999999995,62
40037,735,5.499999999999995,63
40100,736,4.899999999999995,63
40166,737,5.199999999999994,66
40225,738,2.9999999999999964,59
40283,739,3.4999999999999964,58
40345,740,4.199999999999996,62
40406,741,3.1999999999999957,61
40465,742,3.599999999999996,59
40527,743,5.399999999999995,62
40592,744,4.499999999999995,65
40654,745,5.399999999999995,62
40710,746,3.299999999999997,56
40771,747,3.1999999999999957,61
40835,748,3.1999999999999966,64
40894,749,3.599999999999996,59
40947,750,2.9999999999999982,53
41010,751,4.299999999999995,63
41070,752,3.099999999999996,60
41133,753,4.299999999999995,63
41198,754,4.499999999999995,65
41260,755,4.799999999999995,62
41320,756,3.6999999999999957,60
41372,757,2.8999999999999986,52
41435,758,4.299999999999995,63
41492,759,3.399999999999997,57
41556,760,4.399999999999995,64
41620,761,4.399999999999995,64
41685,762,3.899999999999995,65
41746,763,3.7999999999999954,61
41810,764,4.999999999999995,64
41866,765,3.299999999999997,56
41929,766,4.899999999999995,63
41992,767,4.299999999999995,63
42054,768,5.399999999999995,62
42113,769,3.599999999999996,59
42163,770,-0.8999999999999986,50
42226,771,4.899999999999995,63
42288,772,4.799999999999995,62
42346,773,2.899999999999997,58
42407,774,3.7999999999999954,61
42471,775,4.399999999999995,64
42529,776,2.899999999999997,58
42594,777,4.499999999999995,65
42657,778,4.299999999999995,63
42719,779,4.799999999999995,62
42782,780,4.899999999999995,63
42842,781,3.6999999999999957,60
42899,782,3.399999999999997,57
42962,783,4.899999999999995,63
43023,784,3.1999999999999957,61
43086,785,5.499999999999995,63
43150,786,4.399999999999995,64
43213,787,4.899999999999995,63
43267,788,3.099999999999998,54
43329,789,4.799999999999995,62
43390,790,3.1999999999999957,61
43446,791,1.5000000000000018,56
43500,792,2.4999999999999982,54
43558,793,3.4999999999999964,58
43618,794,3.099999999999996,60
43674,795,2.6999999999999975,56
43736,796,4.199999999999996,62
43795,797,3.599999999999996,59
43857,798,4.199999999999996,62
43918,799,3.1999999999999957,61
43981,800,5.499999999999995,63
44045,801,4.399999999999995,64
44108,802,4.899999999999995,63
44168,803,3.6999999999999957,60
44223,804,3.1999999999999975,55
44286,805,4.299999999999995,63
44342,806,2.6999999999999975,56
44404,807,5.399999999999995,62
44467,808,4.299999999999995,63
44531,809,3.7999999999999954,64
44584,810,2.3999999999999986,53
44650,811,3.9999999999999947,66
44705,812,3.1999999999999975,55
44768,813,3.6999999999999957,63
44834,814,4.599999999999994,66
44888,815,3.099999999999998,54
44951,816,4.899999999999995,63
45003,817,2.8999999999999986,52
45065,818,5.399999999999995,62
45119,819,3.099999999999998,54
45181,820,5.399999999999995,62
45244,821,4.899999999999995,63
45306,822,4.799999999999995,62
45369,823,4.899999999999995,63
45432,824,4.299999999999995,63
45495,825,5.499999999999995,63
45559,826,4.399999999999995,64
45623,827,4.399999999999995,64
45686,828,5.499999999999995,63
45749,829,5.499999999999995,63
45813,830,4.999999999999995,64
45877,831,4.999999999999995,64
45937,832,3.099999999999998,60
45993,833,2.6999999999999993,56
46056,834,4.899999999999995,63
46120,835,4.399999999999995,64
46181,836,3.1999999999999957,61
46243,837,4.799999999999995,62
46306,838,4.299999999999995,63
46370,839,4.399999999999995,64
46433,840,5.499999999999995,63
46498,841,3.2999999999999963,65
46561,842,4.899999999999995,63
46624,843,4.899999999999995,63
46688,844,4.399999999999995,64
46748,845,3.099999999999996,60
46811,846,4.899999999999995,63
46874,847,5.499999999999995,63
46934,848,3.6999999999999957,60
46997,849,4.899999999999995,63
47060,850,4.299999999999995,63
47122,851,5.399999999999995,62
47183,852,3.1999999999999957,61
47247,853,4.999999999999995,64
47309,854,5.399999999999995,62
47371,855,5.399999999999995,62
47434,856,4.899999999999995,63
47496,857,5.399999999999995,62
47561,858,4.499999999999995,65
47622,859,3.7999999999999954,61
47683,860,3.7999999999999954,61
47744,861,3.7999999999999954,61
47797,862,2.9999999999999982,53
47860,863,4.899999999999995,63
47924,864,4.999999999999995,64
47989,865,4.499999999999995,65
48049,866,3.6999999999999957,60
48110,867,3.7999999999999954,61
48166,868,3.299999999999997,56
48229,869,5.499999999999995,63
48291,870,4.799999999999995,62
48353,871,5.399999999999995,62
48416,872,4.299999999999995,63
48477,873,3.7999999999999954,61
48540,874,5.499999999999995,63
48602,875,5.399999999999995,62
48666,876,4.999999999999995,64
48729,877,4.899999999999995,63
48787,878,3.4999999999999964,58
48849,879,5.399999999999995,62
48912,880,4.899999999999995,63
48972,881,3.6999999999999957,60
49033,882,3.7999999999999954,61
49093,883,3.6999999999999957,60
49155,884,5.399999999999995,62
49221,885,4.599999999999994,66
49283,886,5.399999999999995,62
49348,887,4.499999999999995,65
49410,888,4.799999999999995,62
49472,889,5.399999999999995,62
49535,890,4.899999999999995,63
49595,891,3.6999999999999957,60
49657,892,5.399999999999995,62
49723,893,3.9999999999999947,66
49789,894,4.599999999999994,66
49851,895,4.799999999999995,62
49914,896,4.899999999999995,63
49977,897,4.899999999999995,63
50041,898,4.999999999999995,64
50105,899,4.999999999999995,64
50167,900,5.399999999999995,62
50229,901,4.799999999999995,62
50292,902,4.899999999999995,63
50355,903,5.499999999999995,63
50417,904,5.399999999999995,62
50481,905,4.399999999999995,64
50545,906,4.399999999999995,64
50608,907,5.499999999999995,63
50670,908,5.399999999999995,62
50730,909,3.099999999999996,60
50793,910,4.299999999999995,63
50856,911,5.499999999999995,63
50918,912,5.399999999999995,62
50980,913,5.399999999999995,62
51042,914,4.799999999999995,62
51105,915,5.499999999999995,63
51167,916,4.799999999999995,62
51227,917,3.6999999999999957,60
51292,918,4.499999999999995,65
51355,919,5.499999999999995,63
51419,920,4.399999999999995,64
51482,921,5.499999999999995,63
51545,922,4.899999999999995,63
51608,923,4.899999999999995,63
51671,924,5.499999999999995,63
51734,925,4.899999999999995,63
51797,926,4.299999999999995,63
51859,927,5.399999999999995,62
51921,928,4.799999999999995,62
51983,929,5.399999999999995,62
52045,930,5.399999999999995,62
52108,931,5.499999999999995,63
52171,932,4.899999999999995,63
52234,933,5.499999999999995,63
52297,934,4.899999999999997,63
52359,935,4.199999999999996,62
52422,936,5.499999999999995,63
52484,937,4.799999999999995,62
52548,938,4.999999999999995,64
52610,939,4.1999999999999975,62
52673,940,5.499999999999995,63
52736,941,5.499999999999995,63
52800,942,3.7999999999999954,64
52863,943,5.499999999999995,63
52925,944,4.799999999999995,62
52988,945,4.899999999999995,63
53051,946,5.499999999999995,63
53115,947,4.399999999999995,64
53177,948,5.399999999999995,62
53236,949,3.599999999999996,59
53299,950,5.499999999999995,63
53361,951,5.399999999999995,62
53420,952,3.599999999999996,59
53483,953,4.899999999999995,63
53546,954,5.499999999999995,63
53609,955,5.499999999999995,63
53673,956,4.999999999999995,64
53736,957,5.499999999999995,63
53798,958,5.399999999999995,62
53860,959,3.0000000000000027,62
53923,960,4.899999999999995,63
53987,961,4.399999999999995,64
54050,962,4.899999999999995,63
54113,963,3.6999999999999957,63
54176,964,5.499999999999995,63
54239,965,5.499999999999995,63
54302,966,5.499999999999995,63
54364,967,5.399999999999995,62
54427,968,5.499999999999995,63
54489,969,5.399999999999995,62
54554,970,3.2999999999999954,65
54617,971,5.499999999999995,63
54679,972,5.399999999999995,62
54741,973,4.799999999999995,62
54803,974,5.399999999999995,62
54865,975,5.399999999999995,62
54927,976,5.399999999999995,62
54990,977,4.899999999999995,63
55053,978,5.499999999999995,63
55116,979,5.499999999999995,63
55178,980,5.399999999999995,62
55241,981,3.6999999999999957,63
55272,982,0.8000000000000012,31
55334,983,5.399999999999995,62
55396,984,5.399999999999995,62
55460,985,4.399999999999995,64
55523,986,5.499999999999995,63
55586,987,1.9000000000000004,63
55651,988,3.899999999999995,65
55715,989,3.200000000000002,64
55778,990,4.299999999999995,63
55840,991,4.799999999999995,62
55901,992,3.7999999999999954,61
55966,993,3.899999999999995,65
56029,994,5.499999999999995,63
56091,995,5.399999999999995,62
56154,996,5.499999999999995,63
56220,997,-4.999999999999998,66
56282,998,4.799999999999995,62
56344,999,4.799999999999995,62
56407,1000,5.499999999999995,63
56472,1001,-3.299999999999998,65
56534,1002,5.399999999999995,62
56596,1003,5.399999999999995,62
56659,1004,5.499999999999995,63
56721,1005,5.399999999999995,62
56784,1006,4.899999999999997,63
56848,1007,4.999999999999995,64
56911,1008,4.899999999999995,63
56973,1009,4.799999999999995,62
57036,1010,4.899999999999995,63
57094,1011,3.4999999999999964,58
57157,1012,3.7,63
57219,1013,4.799999999999995,62
57281,1014,3.0000000000000027,62
57343,1015,5.399999999999995,62
57406,1016,4.899999999999995,63
57468,1017,4.799999999999995,62
57530,1018,2.4,62
57592,1019,5.399999999999995,62
57655,1020,5.499999999999995,63
57718,1021,4.899999999999995,63
57780,1022,4.799999999999995,62
57842,1023,4.799999999999995,62
57892,1024,2.6999999999999993,50
57954,1025,4.799999999999995,62
58017,1026,3.0999999999999996,63
58080,1027,4.299999999999999,63
58143,1028,5.499999999999995,63
58206,1029,5.499999999999995,63
58268,1030,4.799999999999995,62
58330,1031,4.799999999999995,62
58393,1032,5.499999999999995,63
58455,1033,3.599999999999996,62
58516,1034,3.7999999999999954,61
58572,1035,2.6999999999999975,56
58635,1036,5.499999999999995,63
58693,1037,2.299999999999997,58
58755,1038,5.399999999999995,62
58818,1039,4.899999999999995,63
58880,1040,5.399999999999995,62
58942,1041,5.399999999999995,62
59004,1042,5.399999999999995,62
59066,1043,5.399999999999995,62
59128,1044,4.799999999999995,62
59189,1045,3.1999999999999957,61
59251,1046,5.399999999999995,62
59313,1047,5.399999999999995,62
59374,1048,3.1999999999999957,61
59431,1049,3.399999999999997,57
59493,1050,5.399999999999995,62
59555,1051,5.399999999999995,62
59617,1052,4.199999999999996,62
59679,1053,5.399999999999995,62
59742,1054,5.499999999999995,63
59804,1055,5.399999999999995,62
59866,1056,4.1999999999999975,62
59928,1057,5.399999999999995,62
59986,1058,2.299999999999997,58
60048,1059,4.799999999999995,62
60111,1060,4.299999999999995,63
60172,1061,-0.39999999999999836,61
60234,1062,4.1999999999999975,62
60296,1063,5.399999999999995,62
60346,1064,-0.8999999999999986,50
60399,1065,2.9999999999999982,53
60462,1066,4.899999999999995,63
60524,1067,4.799999999999995,62
60587,1068,4.899999999999995,63
60651,1069,4.999999999999995,64
60713,1070,4.799999999999995,62
60776,1071,5.499999999999995,63
60839,1072,4.899999999999995,63
60902,1073,4.299999999999995,63
60964,1074,4.799999999999995,62
61026,1075,5.399999999999995,62
61076,1076,-0.8999999999999986,50
61137,1077,3.1999999999999957,61
61199,1078,5.399999999999995,62
61253,1079,3.099999999999998,54
61316,1080,3.6999999999999957,63
61379,1081,4.899999999999995,63
61441,1082,4.799999999999995,62
61504,1083,5.499999999999995,63
61566,1084,5.399999999999995,62
61629,1085,5.499999999999995,63
61691,1086,5.399999999999995,62
61754,1087,4.899999999999995,63
61816,1088,5.399999999999995,62
61879,1089,5.499999999999995,63
61941,1090,5.399999999999995,62
62003,1091,5.399999999999995,62
62065,1092,4.799999999999995,62
62127,1093,4.799999999999995,62
62189,1094,5.399999999999995,62
62252,1095,5.499999999999995,63
62303,1096,2.1999999999999993,51
62357,1097,2.4999999999999982,54
62420,1098,5.499999999999995,63
62483,1099,5.499999999999995,63
62546,1100,5.499999999999995,63
62608,1101,5.399999999999995,62
62671,1102,5.499999999999995,63
62732,1103,3.1999999999999957,61
62794,1104,2.9999999999999964,62
62857,1105,4.899999999999995,63
62919,1106,5.399999999999995,62
62981,1107,5.399999999999995,62
63043,1108,4.199999999999996,62
63105,1109,4.799999999999995,62
63167,1110,4.799999999999995,62
63230,1111,5.499999999999995,63
63294,1112,4.999999999999995,64
63357,1113,4.899999999999995,63
63420,1114,4.899999999999995,63
63482,1115,5.399999999999995,62
63532,1116,2.6999999999999993,50
63582,1117,2.0999999999999996,50
63632,1118,1.5,50
63694,1119,4.799999999999995,62
63744,1120,-0.29999999999999893,50
63794,1121,0.9000000000000004,50
63844,1122,0.3000000000000007,50
63895,1123,2.1999999999999993,51
63945,1124,0.9000000000000004,50
63995,1125,-0.8999999999999986,50
64057,1126,4.199999999999996,62
64107,1127,-0.8999999999999986,50
64169,1128,5.399999999999995,62
64219,1129,0.3000000000000007,50
64269,1130,2.0999999999999996,50
64328,1131,2.9999999999999964,59
64378,1132,-0.8999999999999986,50
64431,1133,2.9999999999999982,53
64494,1134,4.299999999999999,63
64545,1135,2.799999999999999,51
64609,1136,4.399999999999995,64
64672,1137,5.499999999999995,63
64734,1138,5.399999999999995,62
64784,1139,0.3000000000000007,50
64846,1140,5.399999999999995,62
64896,1141,1.5,50
64958,1142,1.8000000000000003,62
65021,1143,5.499999999999995,63
65075,1144,2.4999999999999982,54
65127,1145,1.6999999999999993,52
65191,1146,4.999999999999995,64
65253,1147,4.199999999999996,62
65315,1148,5.399999999999995,62
65377,1149,5.399999999999995,62
65427,1150,0.3000000000000007,50
65481,1151,2.4999999999999982,54
65544,1152,5.499999999999995,63
65606,1153,4.799999999999995,62
65656,1154,1.5,50
65706,1155,2.0999999999999996,50
65769,1156,5.499999999999995,63
65831,1157,4.799999999999995,62
65894,1158,4.899999999999995,63
65947,1159,2.9999999999999982,53
66009,1160,5.399999999999995,62
66072,1161,3.700000000000002,63
66122,1162,2.6999999999999993,50
66185,1163,4.899999999999995,63
66235,1164,-0.29999999999999893,50
66300,1165,5.099999999999994,65
66350,1166,2.6999999999999993,50
66413,1167,4.899999999999997,63
66475,1168,5.399999999999995,62
66525,1169,2.6999999999999993,50
66575,1170,0.3000000000000007,50
66636,1171,2.599999999999996,61
66698,1172,5.399999999999995,62
66760,1173,5.399999999999995,62
66814,1174,3.099999999999998,54
66876,1175,4.199999999999996,62
66926,1176,-0.8999999999999986,50
66988,1177,4.799999999999995,62
67050,1178,4.799999999999995,62
67113,1179,5.499999999999995,63
67176,1180,5.499999999999995,63
67238,1181,5.399999999999995,62
67288,1182,0.9000000000000004,50
67350,1183,4.799999999999995,62
67412,1184,1.8000000000000003,62
67474,1185,5.399999999999995,62
67536,1186,5.399999999999995,62
67598,1187,4.799999999999995,62
67661,1188,4.299999999999995,63
67723,1189,4.799999999999995,62
67773,1190,-0.8999999999999986,50
67823,1191,-0.29999999999999893,50
67885,1192,4.799999999999995,62
67943,1193,2.899999999999997,58
67993,1194,-0.8999999999999986,50
68055,1195,3.5999999999999996,62
68112,1196,3.399999999999997,57
68174,1197,5.399999999999995,62
68236,1198,5.399999999999995,62
68298,1199,5.399999999999995,62
68360,1200,3.0,62
68422,1201,4.799999999999995,62
68486,1202,4.399999999999995,64
68544,1203,3.4999999999999964,58
68606,1204,4.799999999999995,62
68669,1205,5.499999999999995,63
68732,1206,5.499999999999995,63
68795,1207,2.4999999999999964,63
68858,1208,4.899999999999995,63
68920,1209,3.599999999999996,62
68983,1210,4.299999999999995,63
69047,1211,4.399999999999995,64
69109,1212,5.399999999999995,62
69159,1213,-0.8999999999999986,50
69222,1214,4.899999999999995,63
69285,1215,4.899999999999995,63
69335,1216,-0.8999999999999986,50
69399,1217,4.999999999999995,64
69462,1218,4.899999999999995,63
69524,1219,4.199999999999996,62
69586,1220,5.399999999999995,62
69648,1221,4.799999999999995,62
69710,1222,4.799999999999995,62
69773,1223,5.499999999999995,63
69836,1224,5.499999999999995,63
69899,1225,5.499999999999995,63
69961,1226,5.399999999999995,62
70024,1227,5.499999999999995,63
70086,1228,4.799999999999995,62
70148,1229,4.799999999999995,62
70210,1230,5.399999999999995,62
70272,1231,5.399999999999995,62
70335,1232,5.499999999999995,63
70385,1233,-0.8999999999999986,50
70447,1234,4.799999999999995,62
70509,1235,4.1999999999999975,62
70572,1236,4.299999999999999,63
70634,1237,4.799999999999995,62
70696,1238,5.399999999999995,62
70759,1239,5.499999999999995,63
70809,1240,-2.099999999999998,50
70871,1241,5.399999999999995,62
70933,1242,5.399999999999995,62
70995,1243,5.399999999999995,62
71054,1244,3.599999999999996,59
71116,1245,4.199999999999996,62
71179,1246,5.499999999999995,63
71242,1247,4.299999999999995,63
71292,1248,-2.699999999999998,50
71342,1249,-0.8999999999999986,50
71404,1250,2.999999999999999,62
71466,1251,5.399999999999995,62
71528,1252,5.399999999999995,62
71591,1253,5.499999999999995,63
71653,1254,5.399999999999995,62
71716,1255,5.499999999999995,63
71779,1256,4.299999999999995,63
71841,1257,5.399999999999995,62
71904,1258,4.899999999999995,63
71966,1259,5.399999999999995,62
72028,1260,5.399999999999995,62
72091,1261,4.899999999999995,63
72154,1262,3.6999999999999966,63
72216,1263,5.399999999999995,62
72278,1264,0.6000000000000019,62
72341,1265,3.6999999999999975,63
72403,1266,5.399999999999995,62
72466,1267,4.299999999999995,63
72528,1268,5.399999999999995,62
72591,1269,5.499999999999995,63
72654,1270,5.499999999999995,63
72717,1271,4.899999999999995,63
72779,1272,4.799999999999995,62
72841,1273,5.399999999999995,62
72903,1274,5.399999999999995,62
72953,1275,-3.299999999999998,50
73016,1276,4.899999999999995,63
73078,1277,5.399999999999995,62
73141,1278,4.899999999999995,63
73203,1279,5.399999999999995,62
73266,1280,5.499999999999995,63
73328,1281,5.399999999999995,62
73390,1282,4.799999999999995,62
73452,1283,5.399999999999995,62
73515,1284,5.499999999999995,63
73577,1285,5.399999999999995,62
73639,1286,5.399999999999995,62
73702,1287,4.299999999999995,63
73765,1288,4.899999999999995,63
73827,1289,5.399999999999995,62
73888,1290,3.1999999999999957,61
73950,1291,5.399999999999995,62
74012,1292,4.799999999999995,62
74075,1293,5.499999999999995,63
74137,1294,5.399999999999995,62
74199,1295,5.399999999999995,62
74261,1296,5.399999999999995,62
74323,1297,5.399999999999995,62
74386,1298,4.899999999999995,63
74449,1299,4.899999999999995,63
74511,1300,5.399999999999995,62
74573,1301,4.799999999999995,62
74634,1302,3.1999999999999957,61
74696,1303,5.399999999999995,62
74758,1304,5.399999999999995,62
74808,1305,0.3000000000000007,50
74871,1306,5.499999999999995,63
74933,1307,5.399999999999995,62
74995,1308,5.399999999999995,62
75057,1309,4.799999999999995,62
75120,1310,5.499999999999995,63
75182,1311,5.399999999999995,62
75245,1312,4.899999999999995,63
75307,1313,5.399999999999995,62
75372,1314,3.899999999999995,65
75435,1315,4.899999999999995,63
75497,1316,4.799999999999995,62
75559,1317,5.399999999999995,62
75622,1318,5.499999999999995,63
75684,1319,5.399999999999995,62
75746,1320,5.399999999999995,62
75805,1321,3.599999999999996,59
75869,1322,4.999999999999995,64
75931,1323,4.799999999999995,62
75993,1324,5.399999999999995,62
76056,1325,5.499999999999995,63
76118,1326,5.399999999999995,62
76180,1327,4.799999999999995,62
76243,1328,5.499999999999995,63
76293,1329,-0.29999999999999893,50
76354,1330,3.7999999999999954,61
76416,1331,4.799999999999995,62
76473,1332,3.399999999999997,57
76523,1333,-0.8999999999999986,50
76586,1334,4.899999999999995,63
76636,1335,0.3000000000000007,50
76699,1336,5.499999999999995,63
76761,1337,5.399999999999995,62
76823,1338,5.399999999999995,62
76885,1339,5.399999999999995,62
76935,1340,-0.8999999999999986,50
76997,1341,4.799999999999995,62
77059,1342,5.399999999999995,62
77123,1343,4.399999999999995,64
77185,1344,5.399999999999995,62
77251,1345,4.599999999999995,66
77313,1346,5.399999999999995,62
77375,1347,4.799999999999995,62
77438,1348,5.499999999999995,63
77502,1349,4.999999999999995,64
77564,1350,4.799999999999995,62
77626,1351,4.799999999999995,62
77689,1352,5.499999999999995,63
77746,1353,2.799999999999997,57
77808,1354,4.799999999999995,62
77871,1355,4.899999999999995,63
77921,1356,-0.8999999999999986,50
77971,1357,-0.8999999999999986,50
78021,1358,-0.8999999999999986,50
78071,1359,-0.8999999999999986,50
78133,1360,5.399999999999995,62
78183,1361,-0.29999999999999893,50
78245,1362,5.399999999999995,62
78295,1363,-0.8999999999999986,50
78359,1364,2.600000000000003,64
78421,1365,5.399999999999995,62
78484,1366,5.499999999999995,63
78547,1367,4.899999999999995,63
78597,1368,-0.29999999999999893,50
78659,1369,5.399999999999995,62
78721,1370,5.399999999999995,62
78783,1371,4.799999999999995,62
78844,1372,3.1999999999999957,61
78894,1373,-0.8999999999999986,50
78957,1374,4.899999999999995,63
79020,1375,5.499999999999995,63
79070,1376,-0.8999999999999986,50
79133,1377,4.899999999999995,63
79183,1378,-0.8999999999999986,50
79247,1379,4.999999999999995,64
79309,1380,4.1999999999999975,62
79359,1381,-0.8999999999999986,50
79409,1382,-0.8999999999999986,50
79472,1383,5.499999999999995,63
79534,1384,4.799999999999995,62
79584,1385,-0.8999999999999986,50
79646,1386,4.799999999999995,62
79708,1387,5.399999999999995,62
79758,1388,-0.8999999999999986,50
79816,1389,2.899999999999997,58
79879,1390,4.899999999999995,63
79942,1391,5.499999999999995,63
80004,1392,5.399999999999995,62
80066,1393,4.799999999999995,62
80128,1394,5.399999999999995,62
80191,1395,5.499999999999995,63
80254,1396,4.899999999999995,63
80316,1397,4.799999999999995,62
80366,1398,0.3000000000000007,50
80428,1399,3.599999999999996,62
80478,1400,-0.8999999999999986,50
80540,1401,3.599999999999996,62
80590,1402,-0.8999999999999986,50
80640,1403,-0.8999999999999986,50
80702,1404,5.399999999999995,62
80765,1405,4.899999999999995,63
80815,1406,-0.8999999999999986,50
80865,1407,-0.8999999999999986,50
80927,1408,4.799999999999995,62
80989,1409,5.399999999999995,62
81051,1410,5.399999999999995,62
81115,1411,4.399999999999995,64
81177,1412,5.399999999999995,62
81239,1413,5.399999999999995,62
81301,1414,5.399999999999995,62
81363,1415,5.399999999999995,62
81426,1416,4.899999999999995,63
81489,1417,5.499999999999995,63
81551,1418,4.799999999999995,62
81611,1419,3.099999999999996,60
81661,1420,-0.8999999999999986,50
81723,1421,4.799999999999995,62
81785,1422,5.399999999999995,62
81847,1423,4.799999999999995,62
81897,1424,-0.8999999999999986,50
81959,1425,5.399999999999995,62
82021,1426,4.799999999999995,62
82084,1427,5.499999999999995,63
82146,1428,5.399999999999995,62
82209,1429,5.499999999999995,63
82259,1430,-0.8999999999999986,50
82318,1431,3.599999999999996,59
82368,1432,-2.699999999999998,50
82431,1433,5.499999999999995,63
82481,1434,-0.29999999999999893,50
82531,1435,-0.8999999999999986,50
82590,1436,2.3999999999999986,59
82652,1437,5.399999999999995,62
82702,1438,0.9000000000000004,50
82765,1439,4.899999999999995,63
82829,1440,4.999999999999995,64
82891,1441,5.399999999999995,62
82955,1442,3.7999999999999954,64
83005,1443,-0.8999999999999986,50
83069,1444,4.999999999999995,64
83131,1445,5.399999999999995,62
83188,1446,3.399999999999997,57
83251,1447,4.299999999999995,63
83314,1448,4.899999999999995,63
83376,1449,5.399999999999995,62
83426,1450,-0.8999999999999986,50
83489,1451,5.499999999999995,63
83539,1452,-0.8999999999999986,50
83601,1453,5.399999999999995,62
83663,1454,5.399999999999995,62
83725,1455,5.399999999999995,62
83787,1456,5.399999999999995,62
83850,1457,4.899999999999995,63
83900,1458,-0.8999999999999986,50
83963,1459,2.4999999999999982,63
84025,1460,5.399999999999995,62
84088,1461,5.499999999999995,63
84149,1462,3.7999999999999954,61
84211,1463,5.399999999999995,62
84273,1464,5.399999999999995,62
84335,1465,5.399999999999995,62
84385,1466,-0.8999999999999986,50
84448,1467,4.899999999999997,63
84510,1468,4.799999999999995,62
84572,1469,4.799999999999995,62
84634,1470,4.799999999999995,62
84695,1471,3.7999999999999954,61
84757,1472,5.399999999999995,62
84821,1473,4.999999999999995,64
84884,1474,5.499999999999995,63
84934,1475,-0.8999999999999986,50
84998,1476,4.999999999999995,64
85060,1477,4.799999999999995,62
85122,1478,5.399999999999995,62
85185,1479,5.499999999999995,63
85248,1480,4.899999999999995,63
85311,1481,5.499999999999995,63
85375,1482,-2.799999999999998,64
85437,1483,5.399999999999995,62
85500,1484,4.899999999999997,63
85562,1485,5.399999999999995,62
85625,1486,5.499999999999995,63
85688,1487,5.499999999999995,63
85751,1488,5.499999999999995,63
85813,1489,5.399999999999995,62
85875,1490,5.399999999999995,62
85937,1491,4.799999999999995,62
85999,1492,5.399999999999995,62
86062,1493,4.899999999999995,63
86125,1494,4.899999999999995,63
86187,1495,5.399999999999995,62
86252,1496,4.499999999999995,65
86315,1497,5.499999999999995,63
86377,1498,5.399999999999995,62
86439,1499,4.799999999999995,62
86502,1500,5.499999999999995,63
86564,1501,5.399999999999995,62
86626,1502,1.2000000000000002,62
86689,1503,4.899999999999995,63
86751,1504,5.399999999999995,62
86814,1505,4.899999999999995,63
86877,1506,4.299999999999995,63
86939,1507,5.399999999999995,62
87001,1508,5.399999999999995,62
87061,1509,3.6999999999999957,60
87122,1510,2.599999999999998,61
87180,1511,3.4999999999999964,58
87238,1512,2.899999999999997,58
87303,1513,2.700000000000002,65
87353,1514,2.0999999999999996,50
87410,1515,2.799999999999997,57
87470,1516,3.099999999999996,60
87533,1517,4.899999999999995,63
87594,1518,3.7999999999999954,61
87655,1519,2.599999999999998,61
87718,1520,4.899999999999995,63
87777,1521,3.599999999999996,59
87840,1522,4.299999999999995,63
87903,1523,3.6999999999999957,63
87962,1524,3.599999999999996,59
88023,1525,3.7999999999999954,61
88073,1526,2.6999999999999993,50
88123,1527,2.0999999999999996,50
88179,1528,3.299999999999997,56
88229,1529,1.5,50
88280,1530,2.799999999999999,51
88330,1531,-0.8999999999999986,50
88380,1532,1.5,50
88430,1533,2.0999999999999996,50
88484,1534,3.099999999999998,54
88534,1535,2.6999999999999993,50
88585,1536,2.1999999999999993,51
88635,1537,2.6999999999999993,50
88685,1538,-0.8999999999999986,50
88735,1539,-0.8999999999999986,50
88797,1540,5.399999999999995,62
88847,1541,0.9000000000000004,50
88899,1542,2.299999999999999,52
88949,1543,2.0999999999999996,50
88999,1544,0.9000000000000004,50
89049,1545,0.9000000000000004,50
89102,1546,2.9999999999999982,53
89152,1547,2.0999999999999996,50
89202,1548,2.6999999999999993,50
89254,1549,2.8999999999999986,52
89305,1550,2.799999999999999,51
89357,1551,1.1000000000000019,52
89407,1552,2.6999999999999993,50
89457,1553,2.0999999999999996,50
89508,1554,2.799999999999999,51
89558,1555,2.0999999999999996,50
89608,1556,2.0999999999999996,50
89660,1557,2.8999999999999986,52
89710,1558,2.6999999999999993,50
89761,1559,2.799999999999999,51
89811,1560,2.0999999999999996,50
89861,1561,2.0999999999999996,50
89911,1562,2.0999999999999996,50
89961,1563,1.5,50
90011,1564,2.6999999999999993,50
90062,1565,2.799999999999999,51
90112,1566,0.9000000000000004,50
90162,1567,2.0999999999999996,50
90213,1568,2.1999999999999993,51
90275,1569,5.399999999999995,62
90325,1570,2.0999999999999996,50
90375,1571,1.5,50
90425,1572,1.5,50
90476,1573,2.799999999999999,51
90526,1574,1.5,50
90576,1575,2.0999999999999996,50
90626,1576,2.0999999999999996,50
90676,1577,1.5,50
90726,1578,0.9000000000000004,50
90776,1579,2.6999999999999993,50
90828,1580,2.8999999999999986,52
90878,1581,-0.8999999999999986,50
90929,1582,2.799999999999999,51
90979,1583,2.0999999999999996,50
91029,1584,-2.699999999999998,50
91079,1585,1.5,50
91129,1586,1.5,50
91180,1587,2.1999999999999993,51
91230,1588,2.6999999999999993,50
91293,1589,3.100000000000003,63
91343,1590,0.9000000000000004,50
91395,1591,2.8999999999999986,52
91445,1592,2.0999999999999996,50
91495,1593,0.9000000000000004,50
91550,1594,0.20000000000000195,55
91600,1595,0.9000000000000004,50
91650,1596,2.0999999999999996,50
91712,1597,5.399999999999995,62
91762,1598,-0.8999999999999986,50
91812,1599,1.5,50
91873,1600,0.2000000000000024,61
91923,1601,-0.8999999999999986,50
91973,1602,1.5,50
92023,1603,2.6999999999999993,50
92073,1604,2.6999999999999993,50
92124,1605,2.799999999999999,51
92187,1606,4.299999999999999,63
92237,1607,0.3000000000000007,50
92291,1608,3.099999999999998,54
92341,1609,0.9000000000000004,50
92392,1610,2.1999999999999993,51
92442,1611,2.0999999999999996,50
92492,1612,0.9000000000000004,50
92542,1613,2.6999999999999993,50
92592,1614,-0.8999999999999986,50
92644,1615,2.8999999999999986,52
92694,1616,-0.8999999999999986,50
92744,1617,1.5,50
92794,1618,2.6999999999999993,50
92857,1619,4.899999999999995,63
92907,1620,-0.8999999999999986,50
92958,1621,2.799999999999999,51
93015,1622,-2.599999999999998,57
93065,1623,-0.8999999999999986,50
93115,1624,-0.8999999999999986,50
93178,1625,5.499999999999995,63
93241,1626,5.499999999999995,63
93291,1627,-0.8999999999999986,50
93341,1628,-0.8999999999999986,50
93394,1629,2.3999999999999986,53
93444,1630,2.0999999999999996,50
93494,1631,-0.8999999999999986,50
93559,1632,4.499999999999995,65
93622,1633,4.899999999999995,63
93685,1634,4.899999999999995,63
93735,1635,1.5,50
93785,1636,0.9000000000000004,50
93835,1637,1.5,50
93885,1638,-0.8999999999999986,50
93948,1639,5.499999999999995,63
94011,1640,4.899999999999995,63
94075,1641,4.999999999999995,64
94139,1642,4.999999999999995,64
94189,1643,-0.8999999999999986,50
94251,1644,5.399999999999995,62
94313,1645,5.399999999999995,62
94376,1646,4.899999999999995,63
94429,1647,2.3999999999999986,53
94479,1648,1.5,50
94542,1649,4.899999999999997,63
94605,1650,3.100000000000003,63
94667,1651,4.799999999999995,62
94717,1652,0.9000000000000004,50
94780,1653,4.299999999999995,63
94843,1654,4.899999999999997,63
94906,1655,5.499999999999995,63
94970,1656,4.999999999999995,64
95033,1657,2.5000000000000027,63
95083,1658,-0.8999999999999986,50
95146,1659,4.899999999999995,63
95209,1660,4.899999999999995,63
95272,1661,5.499999999999995,63
95335,1662,5.499999999999995,63
95397,1663,5.399999999999995,62
95460,1664,4.899999999999997,63
95522,1665,5.399999999999995,62
95585,1666,4.899999999999995,63
95648,1667,4.899999999999995,63
95711,1668,4.899999999999997,63
95774,1669,4.899999999999995,63
95836,1670,5.399999999999995,62
95899,1671,4.899999999999997,63
95949,1672,-0.8999999999999986,50
96011,1673,5.399999999999995,62
96074,1674,4.899999999999995,63
96137,1675,3.700000000000002,63
96199,1676,5.399999999999995,62
96262,1677,4.899999999999995,63
96324,1678,3.6000000000000023,62
96387,1679,4.899999999999995,63
96450,1680,4.899999999999995,63
96513,1681,5.499999999999995,63
96575,1682,3.0,62
96639,1683,0.2000000000000015,64
96689,1684,2.6999999999999993,50
96752,1685,4.899999999999997,63
96802,1686,-0.8999999999999986,50
96861,1687,3.599999999999996,59
96923,1688,4.799999999999995,62
96986,1689,4.899999999999995,63
97049,1690,4.899999999999997,63
97112,1691,4.899999999999995,63
97174,1692,5.399999999999995,62
97236,1693,5.399999999999995,62
97296,1694,1.3000000000000025,60
97358,1695,5.399999999999995,62
97420,1696,5.399999999999995,62
97483,1697,4.899999999999995,63
97544,1698,3.7999999999999954,61
97609,1699,0.30000000000000204,65
97669,1700,3.6999999999999957,60
97732,1701,4.899999999999997,63
97793,1702,3.1999999999999957,61
97857,1703,4.399999999999995,64
97918,1704,3.7999999999999954,61
97980,1705,4.799999999999995,62
98043,1706,3.700000000000002,63
98105,1707,5.399999999999995,62
98166,1708,3.7999999999999954,61
98231,1709,3.899999999999995,65
98294,1710,2.5000000000000027,63
98357,1711,5.499999999999995,63
98415,1712,2.899999999999997,58
98476,1713,3.7999999999999954,61
98539,1714,5.499999999999995,63
98595,1715,2.6999999999999975,56
98652,1716,3.399999999999997,57
98714,1717,3.0000000000000036,62
98764,1718,-0.8999999999999986,50
98821,1719,2.799999999999999,57
98879,1720,3.4999999999999964,58
98943,1721,2.0000000000000027,64
99000,1722,3.399999999999997,57
99056,1723,3.299999999999997,56
99119,1724,3.700000000000002,63
99179,1725,-1.6999999999999986,60
99242,1726,5.499999999999995,63
99292,1727,0.9000000000000004,50
99348,1728,3.299999999999997,56
99409,1729,3.7999999999999954,61
99465,1730,3.299999999999997,56
99521,1731,3.299999999999997,56
99576,1732,3.1999999999999975,55
99638,1733,4.799999999999995,62
99691,1734,2.3999999999999986,53
99747,1735,1.5000000000000022,56
99802,1736,3.1999999999999975,55
99852,1737,-0.8999999999999986,50
99916,1738,4.399999999999995,64
99966,1739,2.0999999999999996,50
100018,1740,2.8999999999999986,52
100076,1741,3.4999999999999964,58
100140,1742,4.399999999999995,64
100198,1743,3.4999999999999964,58
100256,1744,2.899999999999997,58
100312,1745,0.30000000000000204,56
100372,1746,3.6999999999999957,60
100430,1747,3.4999999999999964,58
100482,1748,2.8999999999999986,52
100544,1749,5.399999999999995,62
100607,1750,4.899999999999995,63
100670,1751,5.499999999999995,63
100729,1752,3.599999999999996,59
100779,1753,2.6999999999999993,50
100837,1754,2.299999999999998,58
100890,1755,2.9999999999999982,53
100953,1756,5.499999999999995,63
101012,1757,3.599999999999996,59
101063,1758,2.799999999999999,51
101113,1759,-0.8999999999999986,50
101166,1760,2.9999999999999982,53
101218,1761,2.8999999999999986,52
101268,1762,2.0999999999999996,50
101319,1763,2.799999999999999,51
101382,1764,4.899999999999995,63
101444,1765,5.399999999999995,62
101507,1766,4.899999999999995,63
101569,1767,4.799999999999995,62
101633,1768,4.399999999999995,64
101689,1769,3.299999999999997,56
101752,1770,5.499999999999995,63
101814,1771,5.399999999999995,62
101876,1772,5.399999999999995,62
101936,1773,3.099999999999996,60
101991,1774,3.1999999999999975,55
102053,1775,5.399999999999995,62
102117,1776,4.399999999999995,64
102179,1777,4.799999999999995,62
102243,1778,4.399999999999995,64
102306,1779,5.499999999999995,63
102369,1780,5.499999999999995,63
102432,1781,4.899999999999995,63
102495,1782,4.299999999999995,63
102557,1783,5.399999999999995,62
102619,1784,4.799999999999995,62
102682,1785,4.899999999999995,63
102744,1786,4.799999999999995,62
102807,1787,5.499999999999995,63
102870,1788,5.499999999999995,63
102923,1789,2.9999999999999982,53
102973,1790,-0.8999999999999986,50
103031,1791,3.4999999999999964,58
103095,1792,4.399999999999995,64
103145,1793,2.6999999999999993,50
103207,1794,4.799999999999995,62
103271,1795,4.399999999999995,64
103334,1796,5.499999999999995,63
103394,1797,2.4999999999999964,60
103458,1798,4.399999999999995,64
103521,1799,5.499999999999995,63
103576,1800,2.0000000000000018,55
103644,1801,3.0000000000000027,68
103707,1802,5.499999999999995,63
103770,1803,4.899999999999995,63
103832,1804,5.399999999999995,62
103895,1805,4.899999999999995,63
103957,1806,5.399999999999995,62
104019,1807,4.799999999999995,62
104071,1808,2.8999999999999986,52
104134,1809,4.899999999999995,63
104197,1810,4.899999999999995,63
104251,1811,3.099999999999998,54
104309,1812,3.4999999999999964,58
104372,1813,5.499999999999995,63
104435,1814,4.899999999999995,63
104498,1815,4.299999999999995,63
104559,1816,3.1999999999999957,61
104622,1817,4.899999999999995,63
104684,1818,5.399999999999995,62
104747,1819,5.499999999999995,63
104810,1820,5.499999999999995,63
104872,1821,4.199999999999996,62
104934,1822,5.399999999999995,62
104996,1823,4.799999999999995,62
105058,1824,4.199999999999996,62
105121,1825,4.899999999999995,63
105183,1826,5.399999999999995,62
105241,1827,3.4999999999999964,58
105303,1828,5.399999999999995,62
105366,1829,4.899999999999995,63
105429,1830,4.899999999999995,63
105489,1831,3.6999999999999957,60
105552,1832,4.899999999999995,63
105615,1833,5.499999999999995,63
105675,1834,3.6999999999999957,60
105735,1835,3.6999999999999957,60
105797,1836,4.799999999999995,62
105860,1837,4.899999999999995,63
105923,1838,5.499999999999995,63
105980,1839,1.0000000000000022,57
106040,1840,3.099999999999996,60
106105,1841,4.499999999999995,65
106169,1842,4.399999999999995,64
106232,1843,5.499999999999995,63
106294,1844,5.399999999999995,62
106350,1845,2.0999999999999996,56
106413,1846,5.499999999999995,63
106476,1847,5.499999999999995,63
106538,1848,5.399999999999995,62
106601,1849,4.899999999999995,63
106663,1850,4.799999999999995,62
106725,1851,5.399999999999995,62
106787,1852,4.799999999999995,62
106849,1853,4.799999999999995,62
106912,1854,5.499999999999995,63
106976,1855,4.999999999999995,64
107039,1856,4.299999999999995,63
107102,1857,4.899999999999995,63
107165,1858,4.899999999999995,63
107227,1859,5.399999999999995,62
107289,1860,4.199999999999996,62
107351,1861,3.5999999999999996,62
107414,1862,5.499999999999995,63
107476,1863,5.399999999999995,62
107540,1864,4.399999999999995,64
107596,1865,1.5000000000000022,56
107658,1866,5.399999999999995,62
107720,1867,5.399999999999995,62
107780,1868,3.099999999999996,60
107842,1869,5.399999999999995,62
107905,1870,4.899999999999995,63
107967,1871,5.399999999999995,62
108026,1872,-0.5999999999999983,59
108089,1873,4.899999999999995,63
108150,1874,3.7999999999999954,61
108212,1875,5.399999999999995,62
108274,1876,5.399999999999995,62
108329,1877,3.1999999999999975,55
108388,1878,3.599999999999996,59
108453,1879,2.700000000000003,65
108516,1880,4.899999999999995,63
108579,1881,3.6999999999999957,63
108641,1882,5.399999999999995,62
108703,1883,5.399999999999995,62
108765,1884,5.399999999999995,62
108829,1885,4.399999999999995,64
108893,1886,4.399999999999995,64
108956,1887,4.899999999999995,63
109019,1888,4.899999999999995,63
109078,1889,3.599999999999996,59
109142,1890,4.399999999999995,64
109204,1891,4.799999999999995,62
109266,1892,5.399999999999995,62
109331,1893,5.099999999999994,65
109393,1894,2.399999999999999,62
109455,1895,5.399999999999995,62
109518,1896,4.899999999999995,63
109577,1897,2.4000000000000004,59
109640,1898,4.299999999999995,63
109703,1899,4.899999999999995,63
109764,1900,3.7999999999999954,61
109826,1901,5.399999999999995,62
109888,1902,4.799999999999995,62
109951,1903,4.299999999999995,63
110001,1904,-0.8999999999999986,50
110065,1905,3.200000000000002,64
110127,1906,4.799999999999995,62
110190,1907,4.299999999999999,63
110253,1908,5.499999999999995,63
110315,1909,3.599999999999996,62
110378,1910,5.499999999999995,63
110442,1911,4.399999999999995,64
110504,1912,5.399999999999995,62
110566,1913,4.799999999999995,62
110630,1914,4.999999999999995,64
110692,1915,5.399999999999995,62
110754,1916,5.399999999999995,62
110816,1917,5.399999999999995,62
110875,1918,2.9999999999999964,59
110937,1919,4.199999999999996,62
111000,1920,5.499999999999995,63
111063,1921,4.899999999999995,63
111125,1922,5.399999999999995,62
111186,1923,3.7999999999999954,61
111248,1924,4.799999999999995,62
111310,1925,5.399999999999995,62
111372,1926,4.199999999999996,62
111434,1927,4.799999999999995,62
111497,1928,4.899999999999995,63
111560,1929,5.499999999999995,63
111614,1930,2.4999999999999982,54
111676,1931,5.399999999999995,62
111739,1932,5.499999999999995,63
111801,1933,5.399999999999995,62
111864,1934,4.899999999999995,63
111927,1935,4.299999999999999,63
111989,1936,4.799999999999995,62
112051,1937,4.799999999999995,62
112113,1938,5.399999999999995,62
112174,1939,3.1999999999999957,61
112237,1940,4.899999999999995,63
112300,1941,5.499999999999995,63
112360,1942,3.6999999999999957,60
112422,1943,5.399999999999995,62
112484,1944,4.799999999999995,62
112546,1945,5.399999999999995,62
112608,1946,5.399999999999995,62
112669,1947,3.1999999999999957,61
112731,1948,5.399999999999995,62
112794,1949,4.899999999999995,63
112848,1950,3.099999999999998,54
112911,1951,4.899999999999995,63
112973,1952,5.399999999999995,62
113035,1953,5.399999999999995,62
113097,1954,4.799999999999995,62
113147,1955,0.9000000000000004,50
113208,1956,3.7999999999999954,61
113270,1957,4.799999999999995,62
113333,1958,4.899999999999995,63
113396,1959,5.499999999999995,63
113458,1960,5.399999999999995,62
113520,1961,5.399999999999995,62
113583,1962,5.499999999999995,63
113641,1963,-0.09999999999999787,58
113703,1964,5.399999999999995,62
113766,1965,5.499999999999995,63
113827,1966,3.7999999999999954,61
113889,1967,4.799999999999995,62
113953,1968,4.999999999999995,64
114012,1969,3.599999999999996,59
114074,1970,5.399999999999995,62
114135,1971,3.7999999999999954,61
114198,1972,4.899999999999995,63
114260,1973,5.399999999999995,62
114323,1974,4.899999999999995,63
114386,1975,4.899999999999995,63
114448,1976,4.799999999999995,62
114510,1977,5.399999999999995,62
114572,1978,5.399999999999995,62
114636,1979,4.999999999999995,64
114698,1980,4.799999999999995,62
114760,1981,5.399999999999995,62
114822,1982,4.799999999999995,62
114884,1983,4.799999999999995,62
114947,1984,4.899999999999995,63
115009,1985,4.799999999999995,62
115059,1986,-0.8999999999999986,50
115122,1987,5.499999999999995,63
115180,1988,3.4999999999999964,58
115243,1989,5.499999999999995,63
115305,1990,5.399999999999995,62
115366,1991,3.7999999999999954,61
115418,1992,2.299999999999999,52
115480,1993,5.399999999999995,62
115542,1994,5.399999999999995,62
115604,1995,5.399999999999995,62
115667,1996,4.899999999999995,63
115731,1997,3.7999999999999954,64
115793,1998,5.399999999999995,62
115856,1999,4.899999999999995,63
115918,2000,5.399999999999995,62
115982,2001,4.399999999999995,64
116045,2002,5.499999999999995,63
116108,2003,4.299999999999995,63
116170,2004,5.399999999999995,62
116232,2005,5.399999999999995,62
116295,2006,4.899999999999995,63
116357,2007,5.399999999999995,62
116421,2008,4.999999999999995,64
116482,2009,3.1999999999999957,61
116544,2010,4.199999999999996,62
116606,2011,5.399999999999995,62
116670,2012,4.399999999999995,64
116732,2013,5.399999999999995,62
116794,2014,5.399999999999995,62
116857,2015,5.499999999999995,63
116908,2016,2.799999999999999,51
116958,2017,-0.29999999999999893,50
117021,2018,5.499999999999995,63
117085,2019,4.999999999999995,64
117147,2020,5.399999999999995,62
117210,2021,4.899999999999995,63
117274,2022,4.999999999999995,64
117336,2023,5.399999999999995,62
117386,2024,2.6999999999999993,50
117448,2025,4.799999999999995,62
117510,2026,5.399999999999995,62
117572,2027,5.399999999999995,62
117635,2028,4.899999999999997,63
117698,2029,5.499999999999995,63
117761,2030,5.499999999999995,63
117811,2031,2.0999999999999996,50
117874,2032,4.899999999999995,63
117936,2033,5.399999999999995,62
117998,2034,5.399999999999995,62
118060,2035,5.399999999999995,62
118122,2036,5.399999999999995,62
118184,2037,5.399999999999995,62
118246,2038,5.399999999999995,62
118308,2039,5.399999999999995,62
118371,2040,5.499999999999995,63
118433,2041,5.399999999999995,62
118496,2042,4.899999999999995,63
118558,2043,5.399999999999995,62
118620,2044,5.399999999999995,62
118683,2045,4.299999999999995,63
118745,2046,5.399999999999995,62
118807,2047,4.799999999999995,62
118869,2048,5.399999999999995,62
118932,2049,4.899999999999995,63
118996,2050,4.999999999999995,64
119059,2051,5.499999999999995,63
119121,2052,5.399999999999995,62
119185,2053,4.399999999999995,64
119248,2054,5.499999999999995,63
119311,2055,5.499999999999995,63
119373,2056,5.399999999999995,62
119423,2057,0.9000000000000004,50
119486,2058,5.499999999999995,63
119548,2059,5.399999999999995,62
119610,2060,5.399999999999995,62
119672,2061,5.399999999999995,62
119734,2062,5.399999999999995,62
119797,2063,4.899999999999997,63
119859,2064,5.399999999999995,62
119909,2065,0.9000000000000004,50
119974,2066,5.099999999999994,65
120040,2067,5.199999999999994,66
120103,2068,5.499999999999995,63
120165,2069,4.199999999999996,62
120229,2070,4.399999999999995,64
120290,2071,2.0,61
120354,2072,4.399999999999995,64
120419,2073,4.499999999999995,65
120483,2074,4.999999999999995,64
120546,2075,5.499999999999995,63
120608,2076,5.399999999999995,62
120658,2077,1.5,50
120722,2078,4.999999999999995,64
120790,2079,5.399999999999993,68
120852,2080,5.399999999999995,62
120919,2081,4.699999999999994,67
120981,2082,5.399999999999995,62
121046,2083,3.899999999999995,65
121109,2084,4.899999999999995,63
121172,2085,5.499999999999995,63
121235,2086,5.499999999999995,63
121298,2087,4.899999999999995,63
121361,2088,4.899999999999995,63
121423,2089,5.399999999999995,62
121487,2090,4.999999999999995,64
121537,2091,2.0999999999999996,50
121601,2092,4.399999999999995,64
121664,2093,4.899999999999997,63
121728,2094,4.399999999999995,64
121790,2095,5.399999999999995,62
121853,2096,5.499999999999995,63
121916,2097,5.499999999999995,63
121966,2098,2.6999999999999993,50
122018,2099,2.299999999999999,52
122081,2100,4.899999999999995,63
122131,2101,2.6999999999999993,50
122194,2102,5.499999999999995,63
122244,2103,2.6999999999999993,50
122307,2104,5.499999999999995,63
122363,2105,0.8999999999999986,56
122427,2106,4.999999999999995,64
122477,2107,2.0999999999999996,50
122539,2108,5.399999999999995,62
122602,2109,5.499999999999995,63
122667,2110,4.499999999999995,65
122730,2111,5.499999999999995,63
122793,2112,5.499999999999995,63
122855,2113,5.399999999999995,62
122918,2114,4.899999999999995,63
122980,2115,4.799999999999995,62
123031,2116,2.1999999999999993,51
123092,2117,3.7999999999999954,61
123154,2118,5.399999999999995,62
123220,2119,3.4000000000000012,66
123278,2120,3.4999999999999964,58
123342,2121,2.0000000000000027,64
123406,2122,4.399999999999995,64
123468,2123,5.399999999999995,62
123518,2124,2.0999999999999996,50
123583,2125,5.099999999999994,65
123647,2126,4.999999999999995,64
123709,2127,5.399999999999995,62
123761,2128,2.299999999999999,52
123814,2129,2.3999999999999986,53
123878,2130,4.399999999999997,64
123943,2131,3.899999999999995,65
124007,2132,4.999999999999995,64
124067,2133,2.5,60
124130,2134,5.499999999999995,63
124193,2135,4.299999999999995,63
124257,2136,3.200000000000002,64
124317,2137,3.6999999999999957,60
124369,2138,2.8999999999999986,52
124428,2139,-1.1999999999999986,59
124491,2140,5.499999999999995,63
124553,2141,5.399999999999995,62
124604,2142,2.799999999999999,51
124655,2143,2.799999999999999,51
124719,2144,4.999999999999995,64
124784,2145,3.299999999999999,65
124849,2146,2.100000000000003,65
124912,2147,3.100000000000003,63
124975,2148,5.499999999999995,63
125025,2149,1.5,50
125087,2150,5.399999999999995,62
125137,2151,2.6999999999999993,50
125187,2152,-0.8999999999999986,50
125237,2153,2.0999999999999996,50
125299,2154,0.6000000000000023,62
125361,2155,2.4000000000000026,62
125411,2156,2.0999999999999996,50
125462,2157,2.799999999999999,51
125524,2158,5.399999999999995,62
125584,2159,2.4999999999999964,60
125647,2160,4.899999999999995,63
125710,2161,5.499999999999995,63
125773,2162,3.099999999999998,63
125836,2163,4.899999999999995,63
125886,2164,1.5,50
125948,2165,5.399999999999995,62
125998,2166,2.6999999999999993,50
126057,2167,2.399999999999997,59
126120,2168,4.899999999999997,63
126183,2169,4.299999999999999,63
126248,2170,3.899999999999995,65
126310,2171,4.799999999999995,62
126373,2172,5.499999999999995,63
126436,2173,5.499999999999995,63
126499,2174,4.899999999999997,63
126549,2175,2.0999999999999996,50
126611,2176,5.399999999999995,62
126663,2177,2.8999999999999986,52
126727,2178,4.999999999999995,64
126790,2179,5.499999999999995,63
126854,2180,4.999999999999995,64
126906,2181,2.8999999999999986,52
126956,2182,2.0999999999999996,50
127019,2183,5.499999999999995,63
127082,2184,4.899999999999995,63
127145,2185,5.499999999999995,63
127211,2186,4.599999999999996,66
127274,2187,5.499999999999995,63
127326,2188,2.299999999999999,52
127389,2189,4.899999999999995,63
127452,2190,5.499999999999995,63
127511,2191,1.2000000000000006,59
127574,2192,4.299999999999999,63
127637,2193,4.899999999999995,63
127699,2194,5.399999999999995,62
127749,2195,2.0999999999999996,50
127812,2196,5.499999999999995,63
127874,2197,5.399999999999995,62
127938,2198,4.999999999999995,64
128001,2199,3.700000000000002,63
128063,2200,4.799999999999995,62
128126,2201,5.499999999999995,63
128189,2202,5.499999999999995,63
128251,2203,5.399999999999995,62
128311,2204,1.2999999999999998,60
128373,2205,5.399999999999995,62
128436,2206,5.499999999999995,63
128499,2207,4.899999999999995,63
128562,2208,4.299999999999995,63
128624,2209,5.399999999999995,62
128687,2210,5.499999999999995,63
128751,2211,4.999999999999995,64
128814,2212,5.499999999999995,63
128876,2213,4.799999999999995,62
128939,2214,5.499999999999995,63
129000,2215,3.7999999999999954,61
129062,2216,5.399999999999995,62
129125,2217,4.899999999999995,63
129188,2218,5.499999999999995,63
129251,2219,5.499999999999995,63
129314,2220,4.899999999999997,63
129378,2221,4.999999999999995,64
129441,2222,4.899999999999997,63
129504,2223,5.499999999999995,63
129567,2224,4.899999999999995,63
129630,2225,4.299999999999999,63
129693,2226,4.899999999999995,63
129756,2227,5.499999999999995,63
129817,2228,3.1999999999999957,61
129879,2229,5.399999999999995,62
129941,2230,5.399999999999995,62
130003,2231,5.399999999999995,62
130066,2232,5.499999999999995,63
130128,2233,5.399999999999995,62
130190,2234,5.399999999999995,62
130253,2235,4.299999999999997,63
130316,2236,5.499999999999995,63
130379,2237,5.499999999999995,63
130442,2238,4.299999999999999,63
130505,2239,4.299999999999997,63
130569,2240,4.999999999999995,64
130632,2241,5.499999999999995,63
130695,2242,4.299999999999999,63
130758,2243,5.499999999999995,63
130820,2244,5.399999999999995,62
130883,2245,4.299999999999999,63
130945,2246,5.399999999999995,62
131008,2247,5.499999999999995,63
131071,2248,5.499999999999995,63
131135,2249,4.999999999999995,64
131200,2250,3.899999999999997,65
131264,2251,4.999999999999995,64
131327,2252,5.499999999999995,63
131390,2253,5.499999999999995,63
131453,2254,4.899999999999995,63
131517,2255,4.399999999999995,64
131580,2256,5.499999999999995,63
131644,2257,4.399999999999997,64
131707,2258,5.499999999999995,63
131771,2259,4.399999999999995,64
131834,2260,4.899999999999995,63
131896,2261,5.399999999999995,62
131959,2262,5.499999999999995,63
132023,2263,4.399999999999995,64
132086,2264,5.499999999999995,63
132149,2265,5.499999999999995,63
132213,2266,4.999999999999995,64
132275,2267,5.399999999999995,62
132338,2268,3.700000000000002,63
132401,2269,5.499999999999995,63
132464,2270,5.499999999999995,63
132528,2271,4.399999999999995,64
132590,2272,5.399999999999995,62
132654,2273,4.999999999999995,64
132716,2274,5.399999999999995,62
132779,2275,5.499999999999995,63
132842,2276,5.499999999999995,63
132905,2277,4.299999999999995,63
132968,2278,5.499999999999995,63
133032,2279,4.999999999999995,64
133094,2280,5.399999999999995,62
133157,2281,5.499999999999995,63
133219,2282,5.399999999999995,62
133282,2283,4.899999999999995,63
133344,2284,5.399999999999995,62
133408,2285,4.999999999999995,64
133471,2286,5.499999999999995,63
133534,2287,4.899999999999997,63
133596,2288,5.399999999999995,62
133659,2289,4.899999999999995,63
133722,2290,5.499999999999995,63
133784,2291,5.399999999999995,62
133846,2292,4.799999999999995,62
133909,2293,4.899999999999997,63
133972,2294,5.499999999999995,63
134036,2295,4.999999999999995,64
134100,2296,4.999999999999995,64
134163,2297,5.499999999999995,63
134225,2298,4.799999999999995,62
134288,2299,5.499999999999995,63
134351,2300,5.499999999999995,63
134413,2301,5.399999999999995,62
134475,2302,5.399999999999995,62
134561,2303,1.1999999999999904,86
134622,2304,3.7999999999999954,61
134684,2305,5.399999999999995,62
134748,2306,4.999999999999995,64
134807,2307,3.599999999999996,59
134869,2308,5.399999999999995,62
134931,2309,5.399999999999995,62
134993,2310,5.399999999999995,62
135056,2311,4.899999999999997,63
135119,2312,5.499999999999995,63
135182,2313,5.499999999999995,63
135244,2314,5.399999999999995,62
135307,2315,4.899999999999995,63
135371,2316,4.999999999999995,64
135433,2317,4.799999999999995,62
135496,2318,5.499999999999995,63
135559,2319,4.899999999999995,63
135621,2320,5.399999999999995,62
135683,2321,5.399999999999995,62
135746,2322,5.499999999999995,63
135809,2323,5.499999999999995,63
135872,2324,4.899999999999995,63
135930,2325,3.4999999999999964,58
135993,2326,4.899999999999995,63
136056,2327,5.499999999999995,63
136119,2328,5.499999999999995,63
136182,2329,4.899999999999997,63
136244,2330,5.399999999999995,62
136307,2331,4.899999999999995,63
136369,2332,5.399999999999995,62
136433,2333,4.999999999999995,64
136496,2334,5.499999999999995,63
136558,2335,5.399999999999995,62
136621,2336,5.499999999999995,63
136683,2337,5.399999999999995,62
136745,2338,5.399999999999995,62
136807,2339,4.799999999999995,62
136870,2340,5.499999999999995,63
136933,2341,5.499999999999995,63
136995,2342,5.399999999999995,62
137058,2343,5.499999999999995,63
137120,2344,5.399999999999995,62
137183,2345,5.499999999999995,63
137241,2346,3.4999999999999964,58
137303,2347,5.399999999999995,62
137365,2348,5.399999999999995,62
137428,2349,4.899999999999997,63
137491,2350,5.499999999999995,63
137554,2351,4.299999999999999,63
137617,2352,5.499999999999995,63
137680,2353,4.899999999999995,63
137742,2354,5.399999999999995,62
137805,2355,5.499999999999995,63
137868,2356,4.899999999999995,63
137930,2357,5.399999999999995,62
137993,2358,5.499999999999995,63
138056,2359,5.499999999999995,63
138119,2360,4.899999999999995,63
138183,2361,4.999999999999995,64
138246,2362,5.499999999999995,63
138309,2363,5.499999999999995,63
138371,2364,5.399999999999995,62
138433,2365,5.399999999999995,62
138495,2366,5.399999999999995,62
138557,2367,5.399999999999995,62
138619,2368,5.399999999999995,62
138682,2369,5.499999999999995,63
138744,2370,4.799999999999995,62
138806,2371,5.399999999999995,62
138868,2372,5.399999999999995,62
138930,2373,5.399999999999995,62
138992,2374,5.399999999999995,62
139054,2375,4.799999999999995,62
139116,2376,5.399999999999995,62
139178,2377,5.399999999999995,62
139240,2378,5.399999999999995,62
139302,2379,5.399999999999995,62
139365,2380,5.499999999999995,63
139427,2381,5.399999999999995,62
139490,2382,5.499999999999995,63
139552,2383,5.399999999999995,62
139615,2384,5.499999999999995,63
139677,2385,4.799999999999995,62
139740,2386,5.499999999999995,63
139803,2387,5.499999999999995,63
139866,2388,5.499999999999995,63
139929,2389,5.499999999999995,63
139992,2390,5.499999999999995,63
140055,2391,4.899999999999995,63
140119,2392,4.999999999999995,64
140183,2393,4.999999999999995,64
140246,2394,5.499999999999995,63
140308,2395,4.799999999999995,62
140371,2396,5.499999999999995,63
140433,2397,5.399999999999995,62
140496,2398,5.499999999999995,63
140559,2399,5.499999999999995,63
140622,2400,4.299999999999999,63
140685,2401,5.499999999999995,63
140747,2402,5.399999999999995,62
140809,2403,5.399999999999995,62
140871,2404,5.399999999999995,62
140935,2405,4.999999999999995,64
140997,2406,5.399999999999995,62
141060,2407,3.700000000000002,63
141122,2408,5.399999999999995,62
141185,2409,4.899999999999995,63
141248,2410,5.499999999999995,63
141298,2411,-0.8999999999999986,50
141360,2412,5.399999999999995,62
141425,2413,4.499999999999995,65
141490,2414,3.899999999999995,65
141553,2415,5.499999999999995,63
141615,2416,5.399999999999995,62
141678,2417,4.299999999999995,63
141741,2418,5.499999999999995,63
141791,2419,-0.8999999999999986,50
141854,2420,5.499999999999995,63
141921,2421,4.699999999999994,67
141984,2422,4.899999999999995,63
142047,2423,4.299999999999995,63
142113,2424,3.9999999999999947,66
142176,2425,4.899999999999995,63
142239,2426,5.499999999999995,63
142301,2427,5.399999999999995,62
142363,2428,5.399999999999995,62
142426,2429,5.499999999999995,63
142489,2430,5.499999999999995,63
142554,2431,5.099999999999994,65
142617,2432,5.499999999999995,63
142680,2433,4.899999999999995,63
142743,2434,5.499999999999995,63
142806,2435,5.499999999999995,63
142869,2436,5.499999999999995,63
142931,2437,5.399999999999995,62
142994,2438,4.899999999999995,63
143044,2439,-0.8999999999999986,50
143107,2440,5.499999999999995,63
143169,2441,5.399999999999995,62
143232,2442,5.499999999999995,63
143297,2443,4.499999999999995,65
143360,2444,4.899999999999995,63
143422,2445,5.399999999999995,62
143472,2446,-3.299999999999998,50
143522,2447,-2.099999999999998,50
143572,2448,-0.8999999999999986,50
143635,2449,5.499999999999995,63
143698,2450,5.499999999999995,63
143761,2451,5.499999999999995,63
143824,2452,5.499999999999995,63
143886,2453,4.199999999999996,62
143948,2454,5.399999999999995,62
144010,2455,5.399999999999995,62
144072,2456,5.399999999999995,62
144122,2457,-5.099999999999998,50
144185,2458,4.899999999999995,63
144235,2459,-4.499999999999998,50
144285,2460,-2.099999999999998,50
144335,2461,-0.8999999999999986,50
144398,2462,5.499999999999995,63
144460,2463,5.399999999999995,62
144522,2464,5.399999999999995,62
144572,2465,-2.699999999999998,50
144635,2466,5.499999999999995,63
144700,2467,5.099999999999994,65
144786,2468,1.79999999999999,86
144848,2469,5.399999999999995,62
144911,2470,4.899999999999995,63
144961,2471,-4.499999999999998,50
145023,2472,5.399999999999995,62
145086,2473,4.899999999999995,63
145149,2474,5.499999999999995,63
145211,2475,5.399999999999995,62
145274,2476,5.499999999999995,63
145337,2477,5.499999999999995,63
145387,2478,-3.899999999999998,50
145451,2479,4.999999999999995,64
145511,2480,3.6999999999999957,60
145574,2481,5.499999999999995,63
145638,2482,4.999999999999995,64
145700,2483,5.399999999999995,62
145764,2484,4.999999999999995,64
145826,2485,5.399999999999995,62
145890,2486,4.999999999999995,64
145952,2487,5.399999999999995,62
146014,2488,4.799999999999995,62
146077,2489,5.499999999999995,63
146141,2490,4.999999999999995,64
146205,2491,4.399999999999995,64
146268,2492,5.499999999999995,63
146330,2493,5.399999999999995,62
146393,2494,5.499999999999995,63
146455,2495,5.399999999999995,62
146518,2496,4.899999999999997,63
146581,2497,5.499999999999995,63
146644,2498,5.499999999999995,63
146706,2499,5.399999999999995,62
146768,2500,5.399999999999995,62
146831,2501,4.899999999999995,63
146893,2502,5.399999999999995,62
146955,2503,5.399999999999995,62
147017,2504,5.399999999999995,62
147079,2505,5.399999999999995,62
147141,2506,4.799999999999995,62
147203,2507,5.399999999999995,62
147267,2508,4.999999999999995,64
147330,2509,5.499999999999995,63
147392,2510,5.399999999999995,62
147454,2511,5.399999999999995,62
147516,2512,5.399999999999995,62
147578,2513,5.399999999999995,62
147641,2514,5.499999999999995,63
147703,2515,5.399999999999995,62
147763,2516,3.6999999999999957,60
147825,2517,5.399999999999995,62
147886,2518,3.7999999999999954,61
147955,2519,4.299999999999994,69
148017,2520,5.399999999999995,62
148079,2521,5.399999999999995,62
148141,2522,5.399999999999995,62
148203,2523,5.399999999999995,62
148266,2524,5.499999999999995,63
148329,2525,4.899999999999995,63
148392,2526,4.899999999999995,63
148455,2527,4.899999999999995,63
148517,2528,5.399999999999995,62
148579,2529,5.399999999999995,62
148641,2530,5.399999999999995,62
148691,2531,-0.8999999999999986,50
148753,2532,5.399999999999995,62
148815,2533,5.399999999999995,62
148877,2534,5.399999999999995,62
148939,2535,5.399999999999995,62
149001,2536,4.799999999999995,62
149051,2537,-0.8999999999999986,50
149113,2538,5.399999999999995,62
149176,2539,5.499999999999995,63
149240,2540,4.999999999999995,64
149302,2541,5.399999999999995,62
149364,2542,5.399999999999995,62
149425,2543,0.2000000000000024,61
149481,2544,3.299999999999997,56
149543,2545,4.799999999999995,62
149606,2546,4.899999999999995,63
149669,2547,5.499999999999995,63
149731,2548,5.399999999999995,62
149793,2549,5.399999999999995,62
149855,2550,5.399999999999995,62
149917,2551,4.799999999999995,62
149979,2552,5.399999999999995,62
150041,2553,5.399999999999995,62
150103,2554,5.399999999999995,62
150165,2555,5.399999999999995,62
150228,2556,5.499999999999995,63
150290,2557,5.399999999999995,62
150352,2558,4.799999999999995,62
150414,2559,5.399999999999995,62
150476,2560,5.399999999999995,62
150538,2561,5.399999999999995,62
150600,2562,4.799999999999995,62
150662,2563,5.399999999999995,62
150725,2564,5.499999999999995,63
150788,2565,5.499999999999995,63
150851,2566,5.499999999999995,63
150914,2567,4.899999999999995,63
150976,2568,5.399999999999995,62
151038,2569,5.399999999999995,62
151101,2570,5.499999999999995,63
151164,2571,4.899999999999997,63
151227,2572,5.499999999999995,63
151289,2573,5.399999999999995,62
151352,2574,5.499999999999995,63
151415,2575,4.899999999999995,63
151477,2576,5.399999999999995,62
151539,2577,4.799999999999995,62
151602,2578,4.899999999999995,63
151664,2579,5.399999999999995,62
151727,2580,5.499999999999995,63
151790,2581,5.499999999999995,63
151853,2582,5.499999999999995,63
151916,2583,4.899999999999995,63
151979,2584,5.499999999999995,63
152041,2585,5.399999999999995,62
152091,2586,-0.8999999999999986,50
152154,2587,5.499999999999995,63
152216,2588,5.399999999999995,62
152279,2589,5.499999999999995,63
152342,2590,4.899999999999995,63
152407,2591,3.2999999999999954,65
152467,2592,1.8999999999999977,60
152530,2593,5.499999999999995,63
152592,2594,5.399999999999995,62
152654,2595,5.399999999999995,62
152717,2596,5.499999999999995,63
152779,2597,4.799999999999995,62
152843,2598,4.999999999999995,64
152906,2599,4.899999999999995,63
152968,2600,5.399999999999995,62
153031,2601,5.499999999999995,63
153093,2602,5.399999999999995,62
153156,2603,4.899999999999995,63
153206,2604,-0.8999999999999986,50
153269,2605,5.499999999999995,63
153331,2606,5.399999999999995,62
153393,2607,5.399999999999995,62
153457,2608,4.999999999999995,64
153520,2609,5.499999999999995,63
153583,2610,4.899999999999995,63
153645,2611,5.399999999999995,62
153695,2612,-5.699999999999998,50
153758,2613,4.299999999999995,63
153808,2614,-1.4999999999999982,50
153871,2615,4.899999999999995,63
153921,2616,-0.8999999999999986,50
153984,2617,4.899999999999995,63
154046,2618,5.399999999999995,62
154096,2619,-2.099999999999998,50
154146,2620,-2.699999999999998,50
154196,2621,-5.099999999999998,50
154246,2622,-2.699999999999998,50
154309,2623,5.499999999999995,63
154372,2624,5.499999999999995,63
154435,2625,5.499999999999995,63
154485,2626,-5.099999999999998,50
154535,2627,-2.099999999999998,50
154585,2628,-3.299999999999998,50
154635,2629,-5.699999999999998,50
154685,2630,-6.299999999999999,50
154735,2631,0.9000000000000004,50
154785,2632,-5.699999999999998,50
154835,2633,-3.899999999999998,50
154885,2634,-2.699999999999998,50
154947,2635,4.799999999999995,62
154997,2636,-3.899999999999998,50
155060,2637,5.499999999999995,63
155110,2638,-6.299999999999999,50
155172,2639,5.399999999999995,62
155222,2640,-7.499999999999998,50
155284,2641,5.399999999999995,62
155347,2642,4.899999999999995,63
155397,2643,-0.8999999999999986,50
155447,2644,-1.4999999999999982,50
155497,2645,-6.299999999999999,50
155547,2646,-6.299999999999999,50
155597,2647,-6.299999999999999,50
155660,2648,5.499999999999995,63
155723,2649,5.499999999999995,63
155773,2650,-0.8999999999999986,50
155835,2651,5.399999999999995,62
155898,2652,5.499999999999995,63
155948,2653,-5.699999999999998,50
156010,2654,4.799999999999995,62
156075,2655,4.499999999999995,65
156137,2656,5.399999999999995,62
156199,2657,5.399999999999995,62
156249,2658,-5.699999999999998,50
156299,2659,-0.8999999999999986,50
156349,2660,-0.8999999999999986,50
156411,2661,5.399999999999995,62
156473,2662,5.399999999999995,62
156536,2663,5.499999999999995,63
156598,2664,4.799999999999995,62
156661,2665,4.299999999999995,63
156711,2666,-5.099999999999998,50
156774,2667,5.499999999999995,63
156836,2668,2.999999999999998,62
156899,2669,5.499999999999995,63
156962,2670,5.499999999999995,63
157025,2671,5.499999999999995,63
157089,2672,4.999999999999995,64
157151,2673,5.399999999999995,62
157213,2674,5.399999999999995,62
157275,2675,5.399999999999995,62
157338,2676,4.899999999999995,63
157403,2677,2.1000000000000023,65
157465,2678,5.399999999999995,62
157528,2679,5.499999999999995,63
157578,2680,-3.299999999999998,50
157640,2681,5.399999999999995,62
157702,2682,4.199999999999996,62
157764,2683,5.399999999999995,62
157814,2684,-3.899999999999998,50
157876,2685,4.799999999999995,62
157939,2686,4.899999999999995,63
158001,2687,5.399999999999995,62
158064,2688,5.499999999999995,63
158126,2689,5.399999999999995,62
158188,2690,5.399999999999995,62
158252,2691,4.999999999999995,64
158315,2692,5.499999999999995,63
158378,2693,5.499999999999995,63
158441,2694,4.899999999999995,63
158491,2695,-5.699999999999998,50
158553,2696,5.399999999999995,62
158616,2697,5.499999999999995,63
158679,2698,5.499999999999995,63
158741,2699,5.399999999999995,62
158803,2700,5.399999999999995,62
158865,2701,5.399999999999995,62
158928,2702,5.499999999999995,63
158990,2703,4.799999999999995,62
159052,2704,5.399999999999995,62
159115,2705,4.899999999999995,63
159178,2706,5.499999999999995,63
159240,2707,5.399999999999995,62
159303,2708,4.899999999999995,63
159353,2709,-0.8999999999999986,50
159415,2710,5.399999999999995,62
159477,2711,5.399999999999995,62
159539,2712,5.399999999999995,62
159602,2713,5.499999999999995,63
159665,2714,4.899999999999995,63
159727,2715,5.399999999999995,62
159789,2716,5.399999999999995,62
159852,2717,5.499999999999995,63
159916,2718,4.399999999999995,64
159978,2719,5.399999999999995,62
160040,2720,5.399999999999995,62
160103,2721,5.499999999999995,63
160165,2722,5.399999999999995,62
160228,2723,5.499999999999995,63
160290,2724,5.399999999999995,62
160353,2725,5.499999999999995,63
160415,2726,5.399999999999995,62
160480,2727,3.899999999999995,65
160542,2728,5.399999999999995,62
160592,2729,1.5,50
160642,2730,-2.699999999999998,50
160706,2731,4.399999999999995,64
160769,2732,5.499999999999995,63
160832,2733,5.499999999999995,63
160895,2734,2.5000000000000027,63
160959,2735,4.999999999999995,64
161022,2736,5.499999999999995,63
161087,2737,5.099999999999994,65
161150,2738,4.899999999999995,63
161213,2739,5.499999999999995,63
161275,2740,5.399999999999995,62
161337,2741,5.399999999999995,62
161401,2742,4.399999999999995,64
161463,2743,5.399999999999995,62
161520,2744,2.1999999999999975,57
161582,2745,5.399999999999995,62
161646,2746,4.399999999999997,64
161709,2747,5.499999999999995,63
161772,2748,5.499999999999995,63
161835,2749,5.499999999999995,63
161898,2750,4.899999999999995,63
161961,2751,5.499999999999995,63
162024,2752,4.899999999999997,63
162086,2753,5.399999999999995,62
162136,2754,-0.8999999999999986,50
162198,2755,4.799999999999995,62
162262,2756,2.600000000000003,64
162325,2757,5.499999999999995,63
162387,2758,5.399999999999995,62
162449,2759,5.399999999999995,62
162512,2760,5.499999999999995,63
162575,2761,5.499999999999995,63
162638,2762,5.499999999999995,63
162700,2763,5.399999999999995,62
162763,2764,5.499999999999995,63
162825,2765,5.399999999999995,62
162888,2766,5.499999999999995,63
162951,2767,5.499999999999995,63
163015,2768,4.399999999999995,64
163077,2769,5.399999999999995,62
163139,2770,5.399999999999995,62
163189,2771,-0.8999999999999986,50
163252,2772,5.499999999999995,63
163314,2773,5.399999999999995,62
163377,2774,4.899999999999995,63
163440,2775,4.899999999999995,63
163503,2776,5.499999999999995,63
163566,2777,5.499999999999995,63
163629,2778,4.899999999999997,63
163691,2779,5.399999999999995,62
163754,2780,5.499999999999995,63
163816,2781,5.399999999999995,62
163878,2782,5.399999999999995,62
163941,2783,5.499999999999995,63
164005,2784,3.1999999999999957,64
164067,2785,5.399999999999995,62
164130,2786,4.299999999999995,63
164194,2787,4.399999999999995,64
164256,2788,5.399999999999995,62
164319,2789,4.899999999999995,63
164385,2790,2.800000000000002,66
164447,2791,5.399999999999995,62
164513,2792,5.199999999999994,66
164575,2793,5.399999999999995,62
164639,2794,4.399999999999995,64
164702,2795,4.899999999999997,63
164766,2796,4.999999999999995,64
164816,2797,-3.899999999999998,50
164879,2798,4.899999999999995,63
164941,2799,5.399999999999995,62
165003,2800,5.399999999999995,62
165066,2801,5.499999999999995,63
165129,2802,5.499999999999995,63
165191,2803,5.399999999999995,62
165254,2804,5.499999999999995,63
165317,2805,5.499999999999995,63
165380,2806,5.499999999999995,63
165443,2807,5.499999999999995,63
165493,2808,-2.099999999999998,50
165557,2809,4.999999999999995,64
165620,2810,5.499999999999995,63
165682,2811,5.399999999999995,62
165744,2812,5.399999999999995,62
165807,2813,5.499999999999995,63
165869,2814,5.399999999999995,62
165934,2815,3.899999999999995,65
165996,2816,5.399999999999995,62
166059,2817,5.499999999999995,63
166124,2818,3.899999999999995,65
166187,2819,5.499999999999995,63
166250,2820,5.499999999999995,63
166314,2821,4.999999999999995,64
166377,2822,5.499999999999995,63
166440,2823,4.899999999999995,63
166504,2824,4.999999999999995,64
166571,2825,4.699999999999996,67
166636,2826,5.099999999999994,65
166699,2827,4.899999999999995,63
166762,2828,4.899999999999995,63
166826,2829,4.999999999999995,64
166889,2830,4.899999999999995,63
166951,2831,5.399999999999995,62
167013,2832,5.399999999999995,62
167076,2833,5.499999999999995,63
167138,2834,4.799999999999995,62
167200,2835,5.399999999999995,62
167265,2836,4.499999999999995,65
167327,2837,5.399999999999995,62
167389,2838,4.799999999999995,62
167451,2839,5.399999999999995,62
167513,2840,5.399999999999995,62
167575,2841,4.799999999999995,62
167637,2842,4.799999999999995,62
167699,2843,5.399999999999995,62
167761,2844,4.799999999999995,62
167823,2845,4.799999999999995,62
167885,2846,4.799999999999995,62
167948,2847,5.499999999999995,63
168010,2848,5.399999999999995,62
168072,2849,4.199999999999996,62
168135,2850,4.899999999999995,63
168198,2851,4.899999999999995,63
168261,2852,5.499999999999995,63
168323,2853,5.399999999999995,62
168386,2854,4.899999999999995,63
168448,2855,5.399999999999995,62
168510,2856,5.399999999999995,62
168572,2857,4.799999999999995,62
168637,2858,4.499999999999995,65
168699,2859,5.399999999999995,62
168761,2860,5.399999999999995,62
168825,2861,4.999999999999995,64
168888,2862,5.499999999999995,63
168951,2863,4.899999999999997,63
169015,2864,4.999999999999995,64
169078,2865,5.499999999999995,63
169142,2866,4.999999999999995,64
169204,2867,4.799999999999995,62
169267,2868,5.499999999999995,63
169330,2869,5.499999999999995,63
169393,2870,4.899999999999995,63
169456,2871,5.499999999999995,63
169516,2872,3.6999999999999957,60
169577,2873,3.7999999999999954,61
169627,2874,0.3000000000000007,50
169677,2875,-1.4999999999999982,50
169739,2876,5.399999999999995,62
169801,2877,5.399999999999995,62
169863,2878,5.399999999999995,62
169913,2879,-0.29999999999999893,50
169975,2880,5.399999999999995,62
170037,2881,5.399999999999995,62
170100,2882,5.499999999999995,63
170162,2883,5.399999999999995,62
170225,2884,5.499999999999995,63
170287,2885,5.399999999999995,62
170350,2886,5.499999999999995,63
170413,2887,4.899999999999995,63
170476,2888,4.899999999999995,63
170538,2889,5.399999999999995,62
170600,2890,5.399999999999995,62
170663,2891,5.499999999999995,63
170726,2892,4.899999999999995,63
170788,2893,5.399999999999995,62
170851,2894,5.499999999999995,63
170914,2895,4.899999999999995,63
170977,2896,5.499999999999995,63
171039,2897,5.399999999999995,62
171103,2898,4.399999999999995,64
171165,2899,5.399999999999995,62
171228,2900,5.499999999999995,63
171292,2901,4.999999999999995,64
171355,2902,5.499999999999995,63
171417,2903,5.399999999999995,62
171480,2904,5.499999999999995,63
171545,2905,5.099999999999994,65
171608,2906,4.899999999999995,63
171671,2907,5.499999999999995,63
171733,2908,5.399999999999995,62
171795,2909,5.399999999999995,62
171857,2910,5.399999999999995,62
171921,2911,4.999999999999995,64
171984,2912,4.899999999999995,63
172048,2913,4.399999999999995,64
172110,2914,5.399999999999995,62
172173,2915,5.499999999999995,63
172236,2916,5.499999999999995,63
172298,2917,4.799999999999995,62
172360,2918,5.399999999999995,62
172422,2919,5.399999999999995,62
172472,2920,-5.099999999999998,50
172534,2921,5.399999999999995,62
172596,2922,5.399999999999995,62
172658,2923,5.399999999999995,62
172720,2924,5.399999999999995,62
172782,2925,5.399999999999995,62
172845,2926,5.499999999999995,63
172908,2927,4.899999999999997,63
172971,2928,5.499999999999995,63
173034,2929,5.499999999999995,63
173084,2930,-2.099999999999998,50
173134,2931,-0.8999999999999986,50
173199,2932,3.8999999999999986,65
173261,2933,5.399999999999995,62
173324,2934,5.499999999999995,63
173386,2935,5.399999999999995,62
173449,2936,5.499999999999995,63
173512,2937,5.499999999999995,63
173574,2938,5.399999999999995,62
173637,2939,5.499999999999995,63
173700,2940,5.499999999999995,63
173750,2941,-5.699999999999998,50
173812,2942,5.399999999999995,62
173874,2943,5.399999999999995,62
173936,2944,5.399999999999995,62
173986,2945,0.9000000000000004,50
174048,2946,5.399999999999995,62
174110,2947,5.399999999999995,62
174160,2948,-0.8999999999999986,50
174225,2949,2.100000000000003,65
174287,2950,4.799999999999995,62
174337,2951,-3.299999999999998,50
174387,2952,-4.499999999999998,50
174451,2953,4.999999999999995,64
174515,2954,4.999999999999995,64
174565,2955,-0.8999999999999986,50
174615,2956,-0.8999999999999986,50
174665,2957,-1.4999999999999982,50
174728,2958,4.899999999999995,63
174792,2959,4.999999999999995,64
174842,2960,-0.8999999999999986,50
174892,2961,-0.8999999999999986,50
174955,2962,5.499999999999995,63
175018,2963,4.899999999999995,63
175068,2964,-1.4999999999999982,50
175130,2965,5.399999999999995,62
175193,2966,5.499999999999995,63
175253,2967,1.3000000000000025,60
175317,2968,4.999999999999995,64
175380,2969,5.499999999999995,63
175442,2970,5.399999999999995,62
175505,2971,5.499999999999995,63
175568,2972,5.499999999999995,63
175631,2973,5.499999999999995,63
175693,2974,5.399999999999995,62
175755,2975,5.399999999999995,62
175818,2976,4.899999999999995,63
175880,2977,5.399999999999995,62
175943,2978,4.899999999999995,63
176006,2979,4.899999999999997,63
176068,2980,5.399999999999995,62
176130,2981,5.399999999999995,62
176192,2982,5.399999999999995,62
176255,2983,5.499999999999995,63
176318,2984,5.499999999999995,63
176381,2985,4.899999999999995,63
176444,2986,4.299999999999995,63
176506,2987,5.399999999999995,62
176568,2988,5.399999999999995,62
176630,2989,5.399999999999995,62
176692,2990,4.799999999999995,62
176742,2991,-0.8999999999999986,50
176792,2992,-0.8999999999999986,50
176855,2993,5.499999999999995,63
176918,2994,5.499999999999995,63
176980,2995,5.399999999999995,62
177042,2996,4.799999999999995,62
177106,2997,1.4000000000000026,64
177167,2998,3.7999999999999954,61
177217,2999,-0.8999999999999986,50
177279,3000,4.799999999999995,62
177341,3001,5.399999999999995,62
177404,3002,5.499999999999995,63
177466,3003,5.399999999999995,62
177528,3004,5.399999999999995,62
177590,3005,5.399999999999995,62
177652,3006,5.399999999999995,62
177714,3007,5.399999999999995,62
177776,3008,5.399999999999995,62
177839,3009,5.499999999999995,63
177902,3010,5.499999999999995,63
177964,3011,5.399999999999995,62
178026,3012,4.799999999999995,62
178089,3013,5.499999999999995,63
178152,3014,5.499999999999995,63
178214,3015,4.799999999999995,62
178277,3016,5.499999999999995,63
178340,3017,5.499999999999995,63
178403,3018,3.6999999999999957,63
178465,3019,5.399999999999995,62
178515,3020,-0.8999999999999986,50
178577,3021,5.399999999999995,62
178639,3022,4.799999999999995,62
178689,3023,-0.8999999999999986,50
178750,3024,3.7999999999999954,61
178813,3025,5.499999999999995,63
178875,3026,4.799999999999995,62
178938,3027,4.899999999999995,63
179001,3028,4.899999999999995,63
179063,3029,5.399999999999995,62
179113,3030,-0.8999999999999986,50
179175,3031,5.399999999999995,62
179225,3032,-0.8999999999999986,50
179288,3033,5.499999999999995,63
179351,3034,4.299999999999999,63
179414,3035,4.299999999999995,63
179476,3036,5.399999999999995,62
179540,3037,3.7999999999999954,64
179603,3038,5.499999999999995,63
179665,3039,4.799999999999995,62
179715,3040,-0.8999999999999986,50
179777,3041,2.9999999999999982,62
179839,3042,5.399999999999995,62
179902,3043,5.499999999999995,63
179965,3044,4.299999999999995,63
180027,3045,4.799999999999995,62
180089,3046,5.399999999999995,62
180151,3047,5.399999999999995,62
180201,3048,-0.8999999999999986,50
180264,3049,4.299999999999995,63
180326,3050,4.799999999999995,62
180388,3051,5.399999999999995,62
180451,3052,5.499999999999995,63
180514,3053,5.499999999999995,63
180577,3054,4.899999999999995,63
180640,3055,4.299999999999995,63
180703,3056,4.899999999999997,63
180766,3057,5.499999999999995,63
180828,3058,5.399999999999995,62
180890,3059,4.199999999999996,62
180952,3060,5.399999999999995,62
181014,3061,5.399999999999995,62
181076,3062,5.399999999999995,62
181138,3063,5.399999999999995,62
181201,3064,3.700000000000002,63
181261,3065,1.2999999999999972,60
181319,3066,2.899999999999997,58
181381,3067,5.399999999999995,62
181443,3068,5.399999999999995,62
181505,3069,5.399999999999995,62
181567,3070,5.399999999999995,62
181630,3071,5.499999999999995,63
181692,3072,5.399999999999995,62
181754,3073,5.399999999999995,62
181817,3074,4.899999999999995,63
181879,3075,5.399999999999995,62
181941,3076,1.8000000000000007,62
182004,3077,5.499999999999995,63
182054,3078,0.9000000000000004,50
182117,3079,5.499999999999995,63
182179,3080,5.399999999999995,62
182241,3081,4.799999999999995,62
182304,3082,4.899999999999995,63
182367,3083,5.499999999999995,63
182417,3084,-0.8999999999999986,50
182467,3085,-0.8999999999999986,50
182529,3086,4.799999999999995,62
182591,3087,5.399999999999995,62
182654,3088,4.899999999999997,63
182717,3089,5.499999999999995,63
182780,3090,5.499999999999995,63
182843,3091,4.899999999999995,63
182906,3092,4.899999999999997,63
182969,3093,5.499999999999995,63
183031,3094,5.399999999999995,62
183094,3095,5.499999999999995,63
183156,3096,5.399999999999995,62
183218,3097,5.399999999999995,62
183280,3098,5.399999999999995,62
183343,3099,5.499999999999995,63
183406,3100,5.499999999999995,63
183469,3101,4.899999999999995,63
183531,3102,5.399999999999995,62
183593,3103,5.399999999999995,62
183655,3104,4.799999999999995,62
183717,3105,5.399999999999995,62
183779,3106,5.399999999999995,62
183842,3107,3.0999999999999996,63
183892,3108,0.9000000000000004,50
183954,3109,5.399999999999995,62
184017,3110,5.499999999999995,63
184079,3111,5.399999999999995,62
184142,3112,5.499999999999995,63
184204,3113,5.399999999999995,62
184267,3114,5.499999999999995,63
184330,3115,4.299999999999999,63
184388,3116,2.899999999999997,58
184450,3117,5.399999999999995,62
184513,3118,5.499999999999995,63
184576,3119,4.299999999999999,63
184638,3120,5.399999999999995,62
184700,3121,5.399999999999995,62
184763,3122,3.0999999999999996,63
184825,3123,5.399999999999995,62
184887,3124,5.399999999999995,62
184949,3125,5.399999999999995,62
185012,3126,4.299999999999999,63
185075,3127,5.499999999999995,63
185138,3128,5.499999999999995,63
185188,3129,1.5,50
185251,3130,4.899999999999995,63
185314,3131,2.5000000000000027,63
185374,3132,3.099999999999998,60
185437,3133,4.899999999999995,63
185499,3134,5.399999999999995,62
185561,3135,5.399999999999995,62
185624,3136,4.899999999999995,63
185687,3137,4.299999999999995,63
185750,3138,5.499999999999995,63
185812,3139,5.399999999999995,62
185874,3140,5.399999999999995,62
185937,3141,5.499999999999995,63
185999,3142,4.799999999999995,62
186062,3143,5.499999999999995,63
186125,3144,4.899999999999995,63
186187,3145,5.399999999999995,62
186249,3146,5.399999999999995,62
186311,3147,5.399999999999995,62
186361,3148,-0.29999999999999893,50
186423,3149,5.399999999999995,62
186486,3150,5.499999999999995,63
186549,3151,4.899999999999995,63
186610,3152,3.7999999999999954,61
186673,3153,5.499999999999995,63
186735,3154,5.399999999999995,62
186797,3155,5.399999999999995,62
186860,3156,4.899999999999995,63
186917,3157,2.799999999999997,57
186979,3158,4.799999999999995,62
187041,3159,-0.5999999999999988,62
187104,3160,4.899999999999995,63
187157,3161,2.9999999999999982,53
187219,3162,5.399999999999995,62
187284,3163,3.3000000000000016,65
187347,3164,4.899999999999995,63
187408,3165,3.1999999999999957,61
187471,3166,5.499999999999995,63
187534,3167,4.899999999999995,63
187597,3168,5.499999999999995,63
187659,3169,4.799999999999995,62
187721,3170,5.399999999999995,62
187784,3171,5.499999999999995,63
187846,3172,5.399999999999995,62
187907,3173,3.1999999999999957,61
187969,3174,5.399999999999995,62
188032,3175,5.499999999999995,63
188094,3176,5.399999999999995,62
188156,3177,5.399999999999995,62
188219,3178,4.899999999999995,63
188281,3179,5.399999999999995,62
188344,3180,5.499999999999995,63
188407,3181,4.899999999999995,63
188470,3182,4.299999999999995,63
188532,3183,5.399999999999995,62
188596,3184,4.999999999999995,64
188659,3185,5.499999999999995,63
188722,3186,5.499999999999995,63
188784,3187,5.399999999999995,62
188846,3188,5.399999999999995,62
188898,3189,2.8999999999999986,52
188950,3190,2.8999999999999986,52
189012,3191,5.399999999999995,62
189077,3192,4.499999999999995,65
189137,3193,3.6999999999999957,60
189198,3194,3.7999999999999954,61
189255,3195,2.799999999999997,57
189318,3196,5.499999999999995,63
189380,3197,5.399999999999995,62
189430,3198,2.6999999999999993,50
189492,3199,5.399999999999995,62
189555,3200,5.499999999999995,63
189618,3201,4.899999999999995,63
189681,3202,5.499999999999995,63
189743,3203,5.399999999999995,62
189802,3204,3.599999999999996,59
189864,3205,5.399999999999995,62
189926,3206,5.399999999999995,62
189988,3207,5.399999999999995,62
190051,3208,5.499999999999995,63
190113,3209,5.399999999999995,62
190176,3210,5.499999999999995,63
190234,3211,3.4999999999999964,58
190296,3212,4.799999999999995,62
190359,3213,5.499999999999995,63
190422,3214,5.499999999999995,63
190484,3215,5.399999999999995,62
190546,3216,5.399999999999995,62
190601,3217,3.1999999999999975,55
190663,3218,5.399999999999995,62
190725,3219,5.399999999999995,62
190787,3220,5.399999999999995,62
190849,3221,4.799999999999995,62
190906,3222,2.799999999999997,57
190965,3223,3.599999999999996,59
191027,3224,5.399999999999995,62
191081,3225,3.099999999999998,54
191144,3226,4.299999999999995,63
191207,3227,5.499999999999995,63
191261,3228,3.099999999999998,54
191324,3229,5.499999999999995,63
191387,3230,4.899999999999995,63
191442,3231,3.1999999999999975,55
191505,3232,5.499999999999995,63
191559,3233,3.099999999999998,54
191623,3234,4.999999999999995,64
191685,3235,5.399999999999995,62
191739,3236,3.099999999999998,54
191802,3237,5.499999999999995,63
191864,3238,4.799999999999995,62
191917,3239,2.9999999999999982,53
191979,3240,5.399999999999995,62
192041,3241,5.399999999999995,62
192094,3242,2.9999999999999982,53
192157,3243,5.499999999999995,63
192209,3244,2.8999999999999986,52
192262,3245,2.9999999999999982,53
192324,3246,5.399999999999995,62
192378,3247,2.4999999999999982,54
192432,3248,2.4999999999999982,54
192494,3249,5.399999999999995,62
192559,3250,4.499999999999995,65
192615,3251,3.299999999999997,56
192669,3252,3.099999999999998,54
192731,3253,4.199999999999996,62
192793,3254,5.399999999999995,62
192855,3255,5.399999999999995,62
192918,3256,4.899999999999995,63
192981,3257,5.499999999999995,63
193037,3258,3.299999999999997,56
193100,3259,5.499999999999995,63
193163,3260,4.899999999999995,63
193225,3261,5.399999999999995,62
193277,3262,2.8999999999999986,52
193340,3263,5.499999999999995,63
193403,3264,4.899999999999995,63
193466,3265,5.499999999999995,63
193529,3266,5.499999999999995,63
193591,3267,4.199999999999996,62
193653,3268,5.399999999999995,62
193703,3269,2.0999999999999996,50
193766,3270,4.899999999999995,63
193828,3271,5.399999999999995,62
193880,3272,2.8999999999999986,52
193942,3273,4.799999999999995,62
193995,3274,2.3999999999999986,53
194057,3275,4.799999999999995,62
194119,3276,5.399999999999995,62
194169,3277,-1.4999999999999982,50
194232,3278,5.499999999999995,63
194288,3279,1.5000000000000018,56
194351,3280,4.899999999999995,63
194403,3281,2.8999999999999986,52
194465,3282,4.799999999999995,62
194526,3283,3.7999999999999954,61
194576,3284,2.6999999999999993,50
194638,3285,5.399999999999995,62
194700,3286,5.399999999999995,62
194763,3287,5.499999999999995,63
194825,3288,5.399999999999995,62
194889,3289,4.399999999999995,64
194951,3290,5.399999999999995,62
195013,3291,4.799999999999995,62
195066,3292,2.9999999999999982,53
195118,3293,2.8999999999999986,52
195180,3294,5.399999999999995,62
195243,3295,4.899999999999995,63
195305,3296,5.399999999999995,62
195355,3297,2.0999999999999996,50
195417,3298,4.799999999999995,62
195467,3299,-0.8999999999999986,50
195517,3300,2.0999999999999996,50
195579,3301,5.399999999999995,62
195641,3302,5.399999999999995,62
195702,3303,3.7999999999999954,61
195762,3304,3.099999999999996,60
195824,3305,5.399999999999995,62
195886,3306,5.399999999999995,62
195948,3307,4.799999999999995,62
196011,3308,4.899999999999995,63
196071,3309,3.6999999999999957,60
196133,3310,5.399999999999995,62
196195,3311,4.799999999999995,62
196258,3312,5.499999999999995,63
196321,3313,5.499999999999995,63
196383,3314,5.399999999999995,62
196446,3315,5.499999999999995,63
196503,3316,3.399999999999997,57
196565,3317,5.399999999999995,62
196627,3318,4.799999999999995,62
196689,3319,5.399999999999995,62
196751,3320,5.399999999999995,62
196814,3321,4.899999999999995,63
196876,3322,5.399999999999995,62
196939,3323,4.899999999999995,63
197002,3324,4.899999999999995,63
197054,3325,2.299999999999999,52
197117,3326,4.899999999999995,63
197180,3327,5.499999999999995,63
197242,3328,5.399999999999995,62
197292,3329,-0.8999999999999986,50
197354,3330,5.399999999999995,62
197416,3331,4.799999999999995,62
197479,3332,5.499999999999995,63
197541,3333,4.799999999999995,62
197603,3334,4.799999999999995,62
197667,3335,4.999999999999995,64
197730,3336,5.499999999999995,63
197793,3337,5.499999999999995,63
197855,3338,5.399999999999995,62
197917,3339,5.399999999999995,62
197981,3340,4.999999999999995,64
198044,3341,5.499999999999995,63
198107,3342,5.499999999999995,63
198170,3343,5.499999999999995,63
198234,3344,4.999999999999995,64
198297,3345,4.899999999999995,63
198359,3346,5.399999999999995,62
198422,3347,4.899999999999995,63
198485,3348,5.499999999999995,63
198548,3349,4.899999999999995,63
198611,3350,5.499999999999995,63
198673,3351,5.399999999999995,62
198735,3352,5.399999999999995,62
198796,3353,3.1999999999999957,61
198857,3354,3.7999999999999954,61
198919,3355,5.399999999999995,62
198982,3356,5.499999999999995,63
199044,3357,4.799999999999995,62
199106,3358,5.399999999999995,62
199156,3359,-0.8999999999999986,50
199218,3360,5.399999999999995,62
199279,3361,3.7999999999999954,61
199329,3362,-0.8999999999999986,50
199390,3363,2.0000000000000027,61
199453,3364,4.899999999999995,63
199513,3365,3.6999999999999957,60
199575,3366,4.799999999999995,62
199632,3367,2.799999999999997,57
199694,3368,4.799999999999995,62
199756,3369,5.399999999999995,62
199819,3370,5.499999999999995,63
199881,3371,5.399999999999995,62
199943,3372,5.399999999999995,62
200005,3373,5.399999999999995,62
200067,3374,5.399999999999995,62
200129,3375,5.399999999999995,62
200191,3376,5.399999999999995,62
200253,3377,5.399999999999995,62
200314,3378,3.7999999999999954,61
200376,3379,5.399999999999995,62
200438,3380,5.399999999999995,62
200500,3381,5.399999999999995,62
200562,3382,5.399999999999995,62
200612,3383,-0.8999999999999986,50
200674,3384,4.799999999999995,62
200736,3385,5.399999999999995,62
200786,3386,-3.299999999999998,50
200848,3387,5.399999999999995,62
200898,3388,-3.899999999999998,50
200948,3389,-1.4999999999999982,50
200998,3390,-2.099999999999998,50
201048,3391,-3.299999999999998,50
201098,3392,-6.899999999999999,50
201160,3393,5.399999999999995,62
201222,3394,5.399999999999995,62
201272,3395,-2.099999999999998,50
201322,3396,-6.899999999999999,50
201372,3397,-2.699999999999998,50
201434,3398,5.399999999999995,62
201484,3399,-3.299999999999998,50
201546,3400,5.399999999999995,62
201596,3401,-5.099999999999998,50
201646,3402,-4.499999999999998,50
201708,3403,4.799999999999995,62
201770,3404,5.399999999999995,62
201820,3405,-5.699999999999998,50
201870,3406,-5.099999999999998,50
201920,3407,-4.499999999999998,50
201970,3408,-4.499999999999998,50
202020,3409,-5.099999999999998,50
202070,3410,-2.699999999999998,50
202120,3411,-3.299999999999998,50
202182,3412,5.399999999999995,62
202232,3413,-3.299999999999998,50
202282,3414,-0.8999999999999986,50
202332,3415,-5.699999999999998,50
202382,3416,-5.099999999999998,50
202444,3417,4.799999999999995,62
202494,3418,-5.099999999999998,50
202544,3419,-5.699999999999998,50
202607,3420,5.499999999999995,63
202657,3421,-5.099999999999998,50
202707,3422,-5.699999999999998,50
202757,3423,-6.299999999999999,50
202807,3424,-3.299999999999998,50
202857,3425,-3.899999999999998,50
202919,3426,5.399999999999995,62
202969,3427,-2.099999999999998,50
203019,3428,-6.899999999999999,50
203069,3429,-3.899999999999998,50
203119,3430,-3.299999999999998,50
203181,3431,5.399999999999995,62
203244,3432,4.899999999999995,63
203306,3433,5.399999999999995,62
203368,3434,5.399999999999995,62
203430,3435,4.799999999999995,62
203492,3436,5.399999999999995,62
203542,3437,-3.299999999999998,50
203592,3438,-2.699999999999998,50
203642,3439,-5.099999999999998,50
203704,3440,5.399999999999995,62
203766,3441,4.799999999999995,62
203816,3442,-0.8999999999999986,50
203878,3443,4.799999999999995,62
203941,3444,5.499999999999995,63
203991,3445,-5.099999999999998,50
204041,3446,-6.899999999999999,50
204091,3447,-6.299999999999999,50
204154,3448,5.499999999999995,63
204204,3449,-4.499999999999998,50
204266,3450,5.399999999999995,62
204316,3451,-5.099999999999998,50
204378,3452,4.199999999999996,62
204440,3453,5.399999999999995,62
204502,3454,5.399999999999995,62
204552,3455,-0.8999999999999986,50
204602,3456,-2.699999999999998,50
204652,3457,-5.099999999999998,50
204714,3458,5.399999999999995,62
204764,3459,-4.499999999999998,50
204814,3460,-6.299999999999999,50
204877,3461,5.499999999999995,63
204938,3462,3.7999999999999954,61
204988,3463,-4.499999999999998,50
205038,3464,-3.899999999999998,50
205101,3465,5.499999999999995,63
205163,3466,4.799999999999995,62
205225,3467,5.399999999999995,62
205286,3468,3.7999999999999954,61
205349,3469,4.299999999999995,63
205411,3470,-1.7763568394002505e-15,62
205461,3471,-5.699999999999998,50
205523,3472,5.399999999999995,62
205573,3473,-6.299999999999999,50
205635,3474,5.399999999999995,62
205698,3475,5.499999999999995,63
205761,3476,4.899999999999995,63
205823,3477,5.399999999999995,62
205886,3478,4.899999999999995,63
205936,3479,-1.4999999999999982,50
205998,3480,5.399999999999995,62
206048,3481,-5.699999999999998,50
206109,3482,3.7999999999999954,61
206170,3483,3.7999999999999954,61
206232,3484,5.399999999999995,62
206282,3485,-3.299999999999998,50
206345,3486,5.499999999999995,63
206395,3487,-5.099999999999998,50
206458,3488,4.899999999999995,63
206508,3489,-6.899999999999999,50
206570,3490,5.399999999999995,62
206632,3491,5.399999999999995,62
206695,3492,4.899999999999995,63
206757,3493,5.399999999999995,62
206807,3494,-6.899999999999999,50
206870,3495,4.899999999999995,63
206920,3496,-6.899999999999999,50
206983,3497,5.499999999999995,63
207033,3498,-3.899999999999998,50
207095,3499,5.399999999999995,62
207145,3500,-4.499999999999998,50
207208,3501,4.899999999999995,63
207258,3502,-4.499999999999998,50
207321,3503,5.499999999999995,63
207383,3504,4.799999999999995,62
207433,3505,-3.899999999999998,50
207495,3506,4.799999999999995,62
207557,3507,5.399999999999995,62
207620,3508,4.899999999999997,63
207670,3509,-3.299999999999998,50
207720,3510,-5.099999999999998,50
207783,3511,5.499999999999995,63
207845,3512,5.399999999999995,62
207895,3513,-6.899999999999999,50
207957,3514,4.799999999999995,62
208019,3515,5.399999999999995,62
208081,3516,5.399999999999995,62
208143,3517,5.399999999999995,62
208193,3518,-3.899999999999998,50
208256,3519,5.499999999999995,63
208314,3520,3.4999999999999964,58
208377,3521,4.899999999999995,63
208427,3522,-5.099999999999998,50
208489,3523,5.399999999999995,62
208551,3524,5.399999999999995,62
208613,3525,5.399999999999995,62
208663,3526,-1.4999999999999982,50
208725,3527,5.399999999999995,62
208787,3528,5.399999999999995,62
208849,3529,5.399999999999995,62
208911,3530,5.399999999999995,62
208974,3531,5.499999999999995,63
209036,3532,5.399999999999995,62
209098,3533,5.399999999999995,62
209160,3534,5.399999999999995,62
209223,3535,4.899999999999995,63
209285,3536,5.399999999999995,62
209347,3537,5.399999999999995,62
209409,3538,5.399999999999995,62
209472,3539,4.899999999999995,63
209535,3540,4.899999999999995,63
209599,3541,4.999999999999995,64
209662,3542,5.499999999999995,63
209725,3543,5.499999999999995,63
209788,3544,5.499999999999995,63
209850,3545,4.799999999999995,62
209913,3546,5.499999999999995,63
209975,3547,5.399999999999995,62
210039,3548,3.799999999999999,64
210102,3549,4.899999999999995,63
210164,3550,4.799999999999995,62
210226,3551,5.399999999999995,62
210288,3552,4.199999999999997,62
210350,3553,5.399999999999995,62
210412,3554,5.399999999999995,62
210476,3555,4.999999999999995,64
210539,3556,5.499999999999995,63
210601,3557,5.399999999999995,62
210664,3558,5.499999999999995,63
210726,3559,1.2000000000000006,62
210787,3560,3.7999999999999954,61
210848,3561,3.7999999999999954,61
210910,3562,5.399999999999995,62
210972,3563,4.799999999999995,62
211034,3564,5.399999999999995,62
211085,3565,2.799999999999999,51
211135,3566,2.0999999999999996,50
211198,3567,5.499999999999995,63
211261,3568,4.899999999999995,63
211323,3569,5.399999999999995,62
211386,3570,3.099999999999998,63
211437,3571,2.799999999999999,51
211500,3572,5.499999999999995,63
211550,3573,0.9000000000000004,50
211612,3574,5.399999999999995,62
211662,3575,2.0999999999999996,50
211712,3576,2.0999999999999996,50
211762,3577,2.6999999999999993,50
211812,3578,2.0999999999999996,50
211862,3579,2.0999999999999996,50
211924,3580,3.5999999999999988,62
211986,3581,5.399999999999995,62
212048,3582,5.399999999999995,62
212110,3583,4.799999999999995,62
212160,3584,2.6999999999999993,50
212210,3585,1.5,50
212272,3586,4.199999999999997,62
212335,3587,3.6999999999999993,63
212385,3588,1.5,50
212435,3589,2.0999999999999996,50
212498,3590,5.499999999999995,63
212561,3591,4.899999999999995,63
212623,3592,5.399999999999995,62
212673,3593,0.3000000000000007,50
212735,3594,5.399999999999995,62
212785,3595,0.9000000000000004,50
212836,3596,2.1999999999999993,51
212886,3597,0.9000000000000004,50
212937,3598,2.1999999999999993,51
212987,3599,2.0999999999999996,50
213037,3600,-0.8999999999999986,50
213100,3601,4.899999999999995,63
213162,3602,4.799999999999995,62
213212,3603,-0.8999999999999986,50
213262,3604,0.3000000000000007,50
213326,3605,3.200000000000002,64
213388,3606,5.399999999999995,62
213438,3607,0.9000000000000004,50
213488,3608,-0.8999999999999986,50
213538,3609,-0.8999999999999986,50
213588,3610,-0.8999999999999986,50
213638,3611,0.9000000000000004,50
213700,3612,4.799999999999995,62
213750,3613,-0.8999999999999986,50
213800,3614,-0.8999999999999986,50
213850,3615,2.0999999999999996,50
213900,3616,1.5,50
213950,3617,-0.8999999999999986,50
214000,3618,-0.8999999999999986,50
214062,3619,5.399999999999995,62
214124,3620,4.799999999999995,62
214174,3621,-0.8999999999999986,50
214224,3622,-0.8999999999999986,50
214274,3623,2.6999999999999993,50
214336,3624,5.399999999999995,62
214386,3625,-0.29999999999999893,50
214436,3626,-0.8999999999999986,50
214486,3627,-0.8999999999999986,50
214536,3628,-0.8999999999999986,50
214586,3629,-0.8999999999999986,50
214636,3630,-0.8999999999999986,50
214686,3631,0.9000000000000004,50
214736,3632,-0.8999999999999986,50
214786,3633,2.0999999999999996,50
214836,3634,-0.8999999999999986,50
214886,3635,-0.8999999999999986,50
214949,3636,2.5000000000000027,63
214999,3637,-0.8999999999999986,50
215062,3638,5.499999999999995,63
215125,3639,5.499999999999995,63
215175,3640,-0.8999999999999986,50
215225,3641,-0.8999999999999986,50
215275,3642,-0.8999999999999986,50
215337,3643,5.399999999999995,62
215400,3644,3.100000000000003,63
215462,3645,4.199999999999996,62
215512,3646,1.5,50
215562,3647,1.5,50
215612,3648,-0.8999999999999986,50
215662,3649,-0.8999999999999986,50
215712,3650,0.3000000000000007,50
215762,3651,2.0999999999999996,50
215812,3652,-0.29999999999999893,50
215862,3653,0.3000000000000007,50
215912,3654,1.5,50
215974,3655,5.399999999999995,62
216037,3656,5.499999999999995,63
216099,3657,5.399999999999995,62
216149,3658,-0.8999999999999986,50
216212,3659,5.499999999999995,63
216275,3660,4.299999999999999,63
216338,3661,4.899999999999995,63
216401,3662,4.299999999999995,63
216451,3663,-0.8999999999999986,50
216501,3664,-0.8999999999999986,50
216563,3665,5.399999999999995,62
216626,3666,5.499999999999995,63
216689,3667,5.499999999999995,63
216751,3668,5.399999999999995,62
216801,3669,-0.8999999999999986,50
216851,3670,-0.8999999999999986,50
216901,3671,1.5,50
216951,3672,-0.8999999999999986,50
217001,3673,-0.8999999999999986,50
217064,3674,4.299999999999999,63
217126,3675,5.399999999999995,62
217188,3676,5.399999999999995,62
217251,3677,5.499999999999995,63
217314,3678,5.499999999999995,63
217377,3679,4.899999999999995,63
217439,3680,5.399999999999995,62
217501,3681,5.399999999999995,62
217564,3682,5.499999999999995,63
217627,3683,5.499999999999995,63
217689,3684,5.399999999999995,62
217739,3685,-0.8999999999999986,50
217802,3686,4.899999999999995,63
217864,3687,4.199999999999996,62
217926,3688,5.399999999999995,62
217989,3689,5.499999999999995,63
218051,3690,5.399999999999995,62
218101,3691,-0.8999999999999986,50
218163,3692,5.399999999999995,62
218226,3693,5.499999999999995,63
218289,3694,5.499999999999995,63
218339,3695,-0.8999999999999986,50
218402,3696,5.499999999999995,63
218452,3697,-0.29999999999999893,50
218514,3698,5.399999999999995,62
218576,3699,5.399999999999995,62
218638,3700,5.399999999999995,62
218700,3701,5.399999999999995,62
218763,3702,4.299999999999997,63
218826,3703,5.499999999999995,63
218888,3704,5.399999999999995,62
218950,3705,5.399999999999995,62
219012,3706,5.399999999999995,62
219074,3707,5.399999999999995,62
219136,3708,5.399999999999995,62
219198,3709,5.399999999999995,62
219260,3710,5.399999999999995,62
219323,3711,4.299999999999997,63
219386,3712,5.499999999999995,63
219436,3713,-0.8999999999999986,50
219486,3714,2.0999999999999996,50
219549,3715,4.899999999999995,63
219612,3716,4.899999999999995,63
219675,3717,5.499999999999995,63
219737,3718,5.399999999999995,62
219799,3719,5.399999999999995,62
219861,3720,5.399999999999995,62
219924,3721,5.499999999999995,63
219986,3722,5.399999999999995,62
220048,3723,5.399999999999995,62
220110,3724,5.399999999999995,62
220173,3725,4.899999999999995,63
220236,3726,5.499999999999995,63
220298,3727,5.399999999999995,62
220360,3728,5.399999999999995,62
220423,3729,4.899999999999997,63
220485,3730,5.399999999999995,62
220547,3731,5.399999999999995,62
220610,3732,5.499999999999995,63
220672,3733,5.399999999999995,62
220734,3734,4.199999999999996,62
220797,3735,4.899999999999997,63
220860,3736,5.499999999999995,63
220922,3737,5.399999999999995,62
220985,3738,4.899999999999997,63
221048,3739,5.499999999999995,63
221110,3740,5.399999999999995,62
221172,3741,5.399999999999995,62
221234,3742,5.399999999999995,62
221284,3743,2.0999999999999996,50
221348,3744,2.0000000000000027,64
221410,3745,5.399999999999995,62
221464,3746,1.299999999999999,54
221526,3747,4.799999999999995,62
221589,3748,4.899999999999995,63
221652,3749,5.499999999999995,63
221715,3750,4.299999999999997,63
221777,3751,5.399999999999995,62
221839,3752,5.399999999999995,62
221902,3753,5.499999999999995,63
221965,3754,4.899999999999995,63
222027,3755,4.799999999999995,62
222089,3756,1.1999999999999997,62
222152,3757,4.299999999999995,63
222214,3758,5.399999999999995,62
222276,3759,5.399999999999995,62
222338,3760,5.399999999999995,62
222400,3761,5.399999999999995,62
222450,3762,2.0999999999999996,50
222512,3763,4.199999999999997,62
222574,3764,5.399999999999995,62
222636,3765,5.399999999999995,62
222698,3766,5.399999999999995,62
222760,3767,3.599999999999997,62
222822,3768,5.399999999999995,62
222885,3769,5.499999999999995,63
222938,3770,2.9999999999999982,53
223000,3771,5.399999999999995,62
223062,3772,5.399999999999995,62
223121,3773,3.599999999999996,59
223184,3774,5.499999999999995,63
223234,3775,2.0999999999999996,50
223296,3776,5.399999999999995,62
223346,3777,1.5,50
223409,3778,5.499999999999995,63
223459,3779,2.6999999999999993,50
223522,3780,5.499999999999995,63
223584,3781,5.399999999999995,62
223634,3782,2.0999999999999996,50
223697,3783,5.499999999999995,63
223759,3784,5.399999999999995,62
223822,3785,5.499999999999995,63
223884,3786,5.399999999999995,62
223947,3787,5.499999999999995,63
224010,3788,4.899999999999997,63
224060,3789,2.0999999999999996,50
224110,3790,2.0999999999999996,50
224160,3791,2.6999999999999993,50
224223,3792,5.499999999999995,63
224273,3793,1.5,50
224324,3794,2.1999999999999993,51
224387,3795,5.499999999999995,63
224450,3796,5.499999999999995,63
224513,3797,5.499999999999995,63
224575,3798,4.199999999999996,62
224638,3799,5.499999999999995,63
224701,3800,4.899999999999995,63
224763,3801,5.399999999999995,62
224825,3802,5.399999999999995,62
224887,3803,5.399999999999995,62
224949,3804,5.399999999999995,62
224999,3805,1.5,50
225062,3806,5.499999999999995,63
225122,3807,0.7000000000000002,60
225184,3808,5.399999999999995,62
225247,3809,4.899999999999995,63
225310,3810,5.499999999999995,63
225373,3811,5.499999999999995,63
225436,3812,4.299999999999999,63
225486,3813,2.0999999999999996,50
225549,3814,5.499999999999995,63
225612,3815,5.499999999999995,63
225675,3816,5.499999999999995,63
225738,3817,5.499999999999995,63
225800,3818,5.399999999999995,62
225863,3819,3.700000000000002,63
225926,3820,5.499999999999995,63
225988,3821,5.399999999999995,62
226051,3822,5.499999999999995,63
226113,3823,5.399999999999995,62
226178,3824,1.5000000000000027,65
226241,3825,5.499999999999995,63
226303,3826,5.399999999999995,62
226366,3827,5.499999999999995,63
226429,3828,4.899999999999997,63
226492,3829,5.499999999999995,63
226542,3830,2.0999999999999996,50
226604,3831,3.6000000000000023,62
226667,3832,5.499999999999995,63
226730,3833,5.499999999999995,63
226795,3834,2.100000000000003,65
226858,3835,5.499999999999995,63
226921,3836,5.499999999999995,63
226971,3837,2.0999999999999996,50
227034,3838,3.100000000000003,63
227097,3839,5.499999999999995,63
227148,3840,2.1999999999999993,51
227210,3841,4.799999999999995,62
227272,3842,5.399999999999995,62
227335,3843,5.499999999999995,63
227398,3844,4.899999999999995,63
227460,3845,5.399999999999995,62
227522,3846,5.399999999999995,62
227585,3847,3.100000000000003,63
227635,3848,-0.29999999999999893,50
227698,3849,3.100000000000003,63
227748,3850,2.0999999999999996,50
227811,3851,4.899999999999997,63
227874,3852,5.499999999999995,63
227937,3853,5.499999999999995,63
227987,3854,2.0999999999999996,50
228037,3855,2.0999999999999996,50
228100,3856,5.499999999999995,63
228162,3857,5.399999999999995,62
228225,3858,5.499999999999995,63
228288,3859,4.899999999999997,63
228351,3860,4.899999999999997,63
228414,3861,5.499999999999995,63
228477,3862,5.499999999999995,63
228540,3863,5.499999999999995,63
228603,3864,3.700000000000002,63
228665,3865,5.399999999999995,62
228727,3866,5.399999999999995,62
228789,3867,5.399999999999995,62
228852,3868,5.499999999999995,63
228914,3869,5.399999999999995,62
228977,3870,5.499999999999995,63
229040,3871,5.499999999999995,63
229090,3872,-0.8999999999999986,50
229153,3873,5.499999999999995,63
229216,3874,4.899999999999995,63
229279,3875,5.499999999999995,63
229329,3876,1.5,50
229392,3877,5.499999999999995,63
229442,3878,-0.8999999999999986,50
229492,3879,-0.8999999999999986,50
229542,3880,-2.699999999999998,50
229592,3881,-2.099999999999998,50
229656,3882,4.399999999999995,64
229706,3883,-2.099999999999998,50
229769,3884,5.499999999999995,63
229819,3885,-0.8999999999999986,50
229869,3886,-3.299999999999998,50
229919,3887,-0.8999999999999986,50
229969,3888,-5.099999999999998,50
230019,3889,-3.899999999999998,50
230069,3890,-1.4999999999999982,50
230119,3891,-2.699999999999998,50
230169,3892,-0.8999999999999986,50
230231,3893,5.399999999999995,62
230281,3894,-2.099999999999998,50
230331,3895,-4.499999999999998,50
230381,3896,-2.699999999999998,50
230444,3897,5.499999999999995,63
230494,3898,-7.499999999999998,50
230544,3899,-7.499999999999998,50
230594,3900,-2.699999999999998,50
230644,3901,-6.299999999999999,50
230694,3902,-7.499999999999998,50
230744,3903,-6.299999999999999,50
230794,3904,-5.699999999999998,50
230844,3905,-5.699999999999998,50
230894,3906,-5.699999999999998,50
230944,3907,-6.899999999999999,50
230994,3908,-5.699999999999998,50
231044,3909,-5.099999999999998,50
231094,3910,-6.899999999999999,50
231144,3911,-6.299999999999999,50
231194,3912,-5.699999999999998,50
231244,3913,-5.099999999999998,50
231294,3914,-6.899999999999999,50
231344,3915,-4.499999999999998,50
231394,3916,-5.699999999999998,50
231444,3917,-8.099999999999998,50
231494,3918,-5.099999999999998,50
231544,3919,-7.499999999999998,50
231594,3920,-5.099999999999998,50
231644,3921,-5.699999999999998,50
231694,3922,-6.899999999999999,50
231744,3923,-6.899999999999999,50
231794,3924,-6.899999999999999,50
231844,3925,-6.899999999999999,50
231894,3926,-3.299999999999998,50
231944,3927,-7.499999999999998,50
231994,3928,-8.7,50
232044,3929,-8.099999999999998,50
232094,3930,-6.299999999999999,50
232144,3931,-5.099999999999998,50
232194,3932,-1.4999999999999982,50
232244,3933,-4.499999999999998,50
232294,3934,-5.699999999999998,50
232344,3935,-2.699999999999998,50
232394,3936,-5.699999999999998,50
232444,3937,-7.499999999999998,50
232494,3938,-5.699999999999998,50
232544,3939,-5.699999999999998,50
232594,3940,-6.299999999999999,50
232644,3941,-5.699999999999998,50
232694,3942,-7.499999999999998,50
232744,3943,-5.699999999999998,50
232794,3944,-5.099999999999998,50
232844,3945,-4.499999999999998,50
232894,3946,-5.099999999999998,50
232944,3947,-1.4999999999999982,50
232994,3948,-6.899999999999999,50
233044,3949,-8.7,50
233094,3950,-7.499999999999998,50
233144,3951,-5.699999999999998,50
233194,3952,-6.299999999999999,50
233244,3953,-6.899999999999999,50
233294,3954,-7.499999999999998,50
233344,3955,-8.099999999999998,50
233394,3956,-7.499999999999998,50
233444,3957,-5.699999999999998,50
233494,3958,-5.099999999999998,50
233544,3959,-6.899999999999999,50
233594,3960,-6.899999999999999,50
233644,3961,-3.899999999999998,50
233694,3962,-6.899999999999999,50
233744,3963,-5.099999999999998,50
233794,3964,-5.099999999999998,50
233844,3965,-3.299999999999998,50
233894,3966,-6.299999999999999,50
233944,3967,-6.299999999999999,50
233994,3968,-5.699999999999998,50
234044,3969,-5.099999999999998,50
234094,3970,-6.899999999999999,50
234144,3971,-6.299999999999999,50
234194,3972,-3.299999999999998,50
234244,3973,-0.8999999999999986,50
234294,3974,-7.499999999999998,50
234344,3975,-5.099999999999998,50
234394,3976,-5.699999999999998,50
234444,3977,-6.899999999999999,50
234494,3978,-6.899999999999999,50
234544,3979,-5.099999999999998,50
234594,3980,-3.299999999999998,50
234644,3981,-3.899999999999998,50
234694,3982,-5.699999999999998,50
234744,3983,-5.099999999999998,50
234794,3984,-0.8999999999999986,50
234844,3985,-4.499999999999998,50
234894,3986,-3.899999999999998,50
234944,3987,-5.099999999999998,50
234994,3988,-2.099999999999998,50
235044,3989,-4.499999999999998,50
235094,3990,-0.8999999999999986,50
235144,3991,-0.8999999999999986,50
235194,3992,-0.8999999999999986,50
235244,3993,-5.099999999999998,50
235294,3994,-0.8999999999999986,50
235344,3995,-4.499999999999998,50
235394,3996,-0.8999999999999986,50
235444,3997,-2.099999999999998,50
235494,3998,-7.499999999999998,50
235544,3999,-0.8999999999999986,50
235594,4000,-4.499999999999998,50
235644,4001,-0.8999999999999986,50
235694,4002,-0.8999999999999986,50
235744,4003,-4.499999999999998,50
235794,4004,-0.8999999999999986,50
235844,4005,-0.8999999999999986,50
235894,4006,-0.8999999999999986,50
235944,4007,-3.899999999999998,50
235994,4008,-0.8999999999999986,50
236057,4009,5.499999999999995,63
236107,4010,-1.4999999999999982,50
236157,4011,-4.499999999999998,50
236207,4012,-0.8999999999999986,50
236257,4013,-1.4999999999999982,50
236307,4014,-5.099999999999998,50
236357,4015,-0.8999999999999986,50
236407,4016,-3.899999999999998,50
236457,4017,-3.299999999999998,50
236507,4018,-0.8999999999999986,50
236557,4019,-4.499999999999998,50
236607,4020,-0.8999999999999986,50
236657,4021,-0.8999999999999986,50
236707,4022,-0.8999999999999986,50
236757,4023,-0.8999999999999986,50
236807,4024,-0.8999999999999986,50
236857,4025,-0.8999999999999986,50
236907,4026,-5.099999999999998,50
236957,4027,-0.8999999999999986,50
237007,4028,-0.8999999999999986,50
237057,4029,-2.699999999999998,50
237121,4030,4.999999999999995,64
237171,4031,-0.8999999999999986,50
237221,4032,-0.8999999999999986,50
237271,4033,-0.8999999999999986,50
237321,4034,-0.8999999999999986,50
237371,4035,-0.8999999999999986,50
237421,4036,-0.8999999999999986,50
237471,4037,-1.4999999999999982,50
237521,4038,-0.8999999999999986,50
237571,4039,-2.099999999999998,50
237634,4040,5.499999999999995,63
237684,4041,-0.8999999999999986,50
237734,4042,-0.8999999999999986,50
237784,4043,-0.8999999999999986,50
237834,4044,-1.4999999999999982,50
237884,4045,-1.4999999999999982,50
237934,4046,-0.8999999999999986,50
237984,4047,-0.8999999999999986,50
238034,4048,0.9000000000000004,50
238098,4049,1.4000000000000026,64
238148,4050,-1.4999999999999982,50
238211,4051,4.899999999999997,63
238274,4052,5.499999999999995,63
238324,4053,-0.8999999999999986,50
238388,4054,3.799999999999999,64
238451,4055,5.499999999999995,63
238501,4056,-5.099999999999998,50
238551,4057,0.3000000000000007,50
238601,4058,-2.699999999999998,50
238651,4059,-1.4999999999999982,50
238713,4060,4.1999999999999975,62
238776,4061,4.899999999999995,63
238839,4062,5.499999999999995,63
238902,4063,5.499999999999995,63
238952,4064,-0.8999999999999986,50
239016,4065,3.799999999999999,64
239079,4066,4.899999999999997,63
239135,4067,2.6999999999999975,56
239185,4068,-0.8999999999999986,50
239235,4069,-0.8999999999999986,50
239296,4070,0.2000000000000024,61
239358,4071,5.399999999999995,62
239420,4072,5.399999999999995,62
239483,4073,4.899999999999995,63
239545,4074,5.399999999999995,62
239595,4075,-0.8999999999999986,50
239658,4076,3.700000000000002,63
239721,4077,5.499999999999995,63
239783,4078,5.399999999999995,62
239840,4079,2.799999999999997,57
239902,4080,5.399999999999995,62
239965,4081,4.299999999999995,63
240027,4082,5.399999999999995,62
240082,4083,1.4000000000000021,55
240146,4084,4.999999999999995,64
240209,4085,5.499999999999995,63
240271,4086,5.399999999999995,62
240327,4087,2.6999999999999993,56
240390,4088,5.499999999999995,63
240453,4089,5.499999999999995,63
240504,4090,1.5999999999999996,51
240567,4091,5.499999999999995,63
240629,4092,5.399999999999995,62
240692,4093,5.499999999999995,63
240754,4094,4.799999999999995,62
240809,4095,1.9999999999999982,55
240873,4096,3.7999999999999954,64
240925,4097,2.8999999999999986,52
240988,4098,5.499999999999995,63
241038,4099,0.9000000000000004,50
241097,4100,2.220446049250313e-15,59
241160,4101,5.499999999999995,63
241218,4102,2.899999999999997,58
241268,4103,2.6999999999999993,50
241332,4104,4.999999999999995,64
241388,4105,2.6999999999999993,56
241442,4106,2.4999999999999982,54
241492,4107,1.5,50
241554,4108,5.399999999999995,62
241605,4109,2.799999999999999,51
241655,4110,2.0999999999999996,50
241706,4111,2.799999999999999,51
241756,4112,2.6999999999999993,50
241807,4113,2.799999999999999,51
241857,4114,2.0999999999999996,50
241907,4115,2.6999999999999993,50
241957,4116,2.0999999999999996,50
242008,4117,2.799999999999999,51
242059,4118,2.1999999999999993,51
242111,4119,2.299999999999999,52
242168,4120,-0.19999999999999796,57
242218,4121,2.6999999999999993,50
242268,4122,1.5,50
242319,4123,2.799999999999999,51
242370,4124,2.1999999999999993,51
242420,4125,2.0999999999999996,50
242473,4126,2.9999999999999982,53
242524,4127,2.799999999999999,51
242574,4128,2.0999999999999996,50
242638,4129,4.999999999999995,64
242693,4130,0.2000000000000015,55
242743,4131,1.5,50
242793,4132,2.0999999999999996,50
242844,4133,2.799999999999999,51
242894,4134,2.0999999999999996,50
242944,4135,1.5,50
242994,4136,2.0999999999999996,50
243044,4137,2.0999999999999996,50
243094,4138,2.6999999999999993,50
243148,4139,2.4999999999999982,54
243198,4140,2.6999999999999993,50
243248,4141,2.0999999999999996,50
243298,4142,2.6999999999999993,50
243348,4143,2.0999999999999996,50
243398,4144,2.0999999999999996,50
243449,4145,2.799999999999999,51
243499,4146,1.5,50
243550,4147,2.799999999999999,51
243613,4148,5.499999999999995,63
243666,4149,0.6000000000000019,53
243716,4150,2.0999999999999996,50
243767,4151,2.799999999999999,51
243817,4152,2.0999999999999996,50
243867,4153,2.0999999999999996,50
243917,4154,2.6999999999999993,50
243967,4155,2.0999999999999996,50
244018,4156,2.799999999999999,51
244069,4157,2.799999999999999,51
244119,4158,2.0999999999999996,50
244169,4159,1.5,50
244221,4160,2.8999999999999986,52
244271,4161,1.5,50
244321,4162,2.0999999999999996,50
244371,4163,2.6999999999999993,50
244424,4164,0.6000000000000019,53
244474,4165,0.9000000000000004,50
244524,4166,1.5,50
244587,4167,5.499999999999995,63
244637,4168,2.0999999999999996,50
244688,4169,2.1999999999999993,51
244741,4170,1.800000000000002,53
244791,4171,2.6999999999999993,50
244841,4172,2.6999999999999993,50
244892,4173,2.799999999999999,51
244945,4174,2.9999999999999982,53
244995,4175,0.9000000000000004,50
245047,4176,1.700000000000002,52
245097,4177,2.0999999999999996,50
245147,4178,2.0999999999999996,50
245199,4179,2.8999999999999986,52
245251,4180,2.8999999999999986,52
245303,4181,1.1000000000000019,52
245354,4182,2.1999999999999993,51
245404,4183,2.0999999999999996,50
245456,4184,2.3000000000000007,52
245506,4185,2.0999999999999996,50
245556,4186,2.6999999999999993,50
245606,4187,2.6999999999999993,50
245656,4188,2.0999999999999996,50
245719,4189,5.499999999999995,63
245771,4190,2.299999999999999,52
245823,4191,2.8999999999999986,52
245880,4192,3.399999999999997,57
245933,4193,2.4000000000000004,53
245989,4194,-0.8999999999999981,56
246041,4195,2.8999999999999986,52
246092,4196,2.799999999999999,51
246142,4197,2.6999999999999993,50
246194,4198,2.299999999999999,52
246244,4199,-0.29999999999999893,50
246294,4200,2.6999999999999993,50
246344,4201,2.0999999999999996,50
246394,4202,2.6999999999999993,50
246455,4203,3.7999999999999954,61
246505,4204,2.0999999999999996,50
246555,4205,2.6999999999999993,50
246608,4206,0.6000000000000019,53
246660,4207,1.1000000000000019,52
246710,4208,2.6999999999999993,50
246763,4209,2.9999999999999982,53
246813,4210,2.6999999999999993,50
246865,4211,1.700000000000002,52
246916,4212,2.799999999999999,51
246967,4213,2.799999999999999,51
247018,4214,2.799999999999999,51
247070,4215,2.8999999999999986,52
247121,4216,2.799999999999999,51
247173,4217,2.8999999999999986,52
247225,4218,2.299999999999999,52
247276,4219,2.799999999999999,51
247327,4220,2.799999999999999,51
247377,4221,-0.8999999999999986,50
247428,4222,2.1999999999999993,51
247479,4223,2.799999999999999,51
247529,4224,2.6999999999999993,50
247589,4225,3.099999999999996,60
247639,4226,2.0999999999999996,50
247693,4227,0.10000000000000187,54
247744,4228,2.799999999999999,51
247797,4229,1.200000000000002,53
247853,4230,3.299999999999997,56
247903,4231,2.6999999999999993,50
247953,4232,2.6999999999999993,50
248003,4233,2.6999999999999993,50
248067,4234,4.999999999999995,64
248118,4235,2.799999999999999,51
248170,4236,2.8999999999999986,52
248222,4237,2.299999999999999,52
248272,4238,2.6999999999999993,50
248324,4239,2.8999999999999986,52
248388,4240,4.999999999999995,64
248448,4241,3.6999999999999957,60
248499,4242,2.799999999999999,51
248552,4243,2.9999999999999982,53
248603,4244,2.799999999999999,51
248665,4245,5.399999999999995,62
248726,4246,3.7999999999999954,61
248777,4247,2.799999999999999,51
248834,4248,-1.3999999999999986,57
248884,4249,2.6999999999999993,50
248935,4250,2.1999999999999993,51
248988,4251,2.9999999999999982,53
249038,4252,2.0999999999999996,50
249096,4253,3.4999999999999964,58
249149,4254,2.9999999999999982,53
249200,4255,2.799999999999999,51
249255,4256,3.1999999999999975,55
249305,4257,2.6999999999999993,50
249356,4258,2.1999999999999993,51
249411,4259,2.599999999999998,55
249472,4260,3.7999999999999954,61
249530,4261,2.899999999999997,58
249593,4262,5.499999999999995,63
249646,4263,2.9999999999999982,53
249699,4264,2.9999999999999982,53
249749,4265,2.6999999999999993,50
249800,4266,2.799999999999999,51
249853,4267,2.9999999999999982,53
249907,4268,3.099999999999998,54
249958,4269,2.799999999999999,51
250021,4270,5.499999999999995,63
250084,4271,5.499999999999995,63
250137,4272,1.200000000000002,53
250194,4273,3.399999999999997,57
250247,4274,2.9999999999999982,53
250301,4275,3.099999999999998,54
250353,4276,2.8999999999999986,52
250405,4277,2.8999999999999986,52
250458,4278,2.9999999999999982,53
250511,4279,2.3999999999999986,53
250574,4280,5.499999999999995,63
250626,4281,2.299999999999999,52
250684,4282,3.4999999999999964,58
250737,4283,2.9999999999999982,53
250789,4284,2.8999999999999986,52
250841,4285,2.299999999999999,52
250903,4286,5.399999999999995,62
250956,4287,2.9999999999999982,53
251018,4288,5.399999999999995,62
251068,4289,2.0999999999999996,50
251130,4290,5.399999999999995,62
251193,4291,5.499999999999995,63
251247,4292,2.4999999999999982,54
251299,4293,2.8999999999999986,52
251352,4294,2.9999999999999982,53
251414,4295,5.399999999999995,62
251468,4296,3.099999999999998,54
251532,4297,4.399999999999995,64
251584,4298,2.8999999999999986,52
251641,4299,3.399999999999997,57
251694,4300,2.9999999999999982,53
251749,4301,3.1999999999999975,55
251800,4302,2.799999999999999,51
251857,4303,2.1999999999999975,57
251907,4304,2.0999999999999996,50
251961,4305,3.099999999999998,54
252016,4306,2.599999999999998,55
252084,4307,5.999999999999993,68
252146,4308,5.399999999999995,62
252201,4309,3.1999999999999975,55
252251,4310,2.6999999999999993,50
252314,4311,4.899999999999995,63
252376,4312,5.399999999999995,62
252440,4313,4.999999999999995,64
252490,4314,2.6999999999999993,50
252540,4315,2.6999999999999993,50
252593,4316,2.9999999999999982,53
252656,4317,5.499999999999995,63
252719,4318,5.499999999999995,63
252773,4319,2.4999999999999982,54
252836,4320,5.499999999999995,63
252890,4321,3.099999999999998,54
252953,4322,4.899999999999995,63
253017,4323,4.999999999999995,64
253079,4324,4.799999999999995,62
253142,4325,4.299999999999995,63
253204,4326,5.399999999999995,62
253269,4327,3.899999999999995,65
253332,4328,4.899999999999995,63
253396,4329,4.399999999999995,64
253459,4330,5.499999999999995,63
253509,4331,-0.8999999999999986,50
253561,4332,2.8999999999999986,52
253625,4333,4.999999999999995,64
253684,4334,3.599999999999996,59
253734,4335,2.0999999999999996,50
253788,4336,3.099999999999998,54
253886,4337,6.899999999999984,98
253948,4338,2.9999999999999987,62
254010,4339,1.200000000000001,62
254074,4340,4.399999999999995,64
254124,4341,-3.899999999999998,50
254185,4342,3.7999999999999954,61
254235,4343,2.6999999999999993,50
254298,4344,5.499999999999995,63
254361,4345,4.299999999999995,63
254426,4346,4.499999999999995,65
254488,4347,4.199999999999996,62
254554,4348,5.199999999999994,66
254615,4349,3.1999999999999957,61
254677,4350,5.399999999999995,62
254743,4351,5.199999999999994,66
254806,4352,4.899999999999995,63
254869,4353,5.499999999999995,63
254923,4354,3.099999999999998,54
254988,4355,3.899999999999995,65
255051,4356,5.499999999999995,63
255114,4357,5.499999999999995,63
255178,4358,4.399999999999995,64
255231,4359,2.9999999999999982,53
255294,4360,5.499999999999995,63
255356,4361,5.399999999999995,62
255419,4362,5.499999999999995,63
255482,4363,5.499999999999995,63
255546,4364,4.999999999999995,64
255632,4365,4.799999999999988,86
255693,4366,3.7999999999999954,61
255747,4367,3.099999999999998,54
255809,4368,4.799999999999995,62
255869,4369,3.6999999999999957,60
255925,4370,3.299999999999997,56
255988,4371,5.499999999999995,63
256052,4372,4.399999999999995,64
256104,4373,1.6999999999999993,52
256169,4374,5.099999999999994,65
256233,4375,4.399999999999995,64
256295,4376,5.399999999999995,62
256358,4377,5.499999999999995,63
256422,4378,4.999999999999995,64
256485,4379,5.499999999999995,63
256548,4380,5.499999999999995,63
256617,4381,4.299999999999994,69
256681,4382,4.999999999999995,64
256744,4383,4.899999999999995,63
256807,4384,5.499999999999995,63
256869,4385,5.399999999999995,62
256928,4386,2.399999999999997,59
256992,4387,3.7999999999999954,64
257054,4388,4.799999999999995,62
257110,4389,3.299999999999997,56
257175,4390,3.899999999999995,65
257240,4391,4.499999999999995,65
257293,4392,2.9999999999999982,53
257356,4393,4.899999999999995,63
257418,4394,4.799999999999995,62
257482,4395,4.999999999999995,64
257546,4396,4.399999999999995,64
257608,4397,5.399999999999995,62
257671,4398,4.899999999999995,63
257738,4399,5.899999999999993,67
257801,4400,5.499999999999995,63
257865,4401,4.999999999999995,64
257928,4402,4.899999999999995,63
257990,4403,5.399999999999995,62
258053,4404,5.499999999999995,63
258114,4405,3.7999999999999954,61
258176,4406,5.399999999999995,62
258239,4407,5.499999999999995,63
258289,4408,0.9000000000000004,50
258339,4409,2.6999999999999993,50
258401,4410,5.399999999999995,62
258465,4411,4.999999999999995,64
258528,4412,5.499999999999995,63
258592,4413,4.999999999999995,64
258645,4414,2.3999999999999986,53
258705,4415,3.6999999999999957,60
258757,4416,1.0999999999999996,52
258808,4417,2.1999999999999993,51
258871,4418,5.499999999999995,63
258934,4419,5.499999999999995,63
258996,4420,5.399999999999995,62
259048,4421,1.0999999999999996,52
259105,4422,2.799999999999997,57
259168,4423,4.899999999999995,63
259230,4424,5.399999999999995,62
259292,4425,5.399999999999995,62
259354,4426,5.399999999999995,62
259416,4427,5.399999999999995,62
259467,4428,2.1999999999999993,51
259521,4429,2.4999999999999982,54
259583,4430,5.399999999999995,62
259647,4431,4.999999999999995,64
259710,4432,4.899999999999995,63
259774,4433,4.999999999999995,64
259837,4434,4.899999999999995,63
259899,4435,5.399999999999995,62
259955,4436,2.099999999999998,56
260018,4437,5.499999999999995,63
260081,4438,5.499999999999995,63
260142,4439,3.7999999999999954,61
260195,4440,2.9999999999999982,53
260257,4441,5.399999999999995,62
260320,4442,5.499999999999995,63
260370,4443,2.6999999999999993,50
260433,4444,5.499999999999995,63
260496,4445,5.499999999999995,63
260559,4446,5.499999999999995,63
260622,4447,5.499999999999995,63
260685,4448,4.899999999999995,63
260748,4449,4.899999999999995,63
260811,4450,5.499999999999995,63
260873,4451,5.399999999999995,62
260936,4452,4.299999999999995,63
260998,4453,5.399999999999995,62
261049,4454,2.799999999999999,51
261112,4455,4.899999999999995,63
261174,4456,5.399999999999995,62
261240,4457,5.799999999999994,66
261304,4458,3.1999999999999966,64
261357,4459,2.9999999999999982,53
261407,4460,2.0999999999999996,50
261459,4461,2.8999999999999986,52
261524,4462,4.499999999999995,65
261586,4463,5.399999999999995,62
261650,4464,4.999999999999995,64
261713,4465,4.899999999999995,63
261766,4466,2.3999999999999986,53
261828,4467,3.599999999999998,62
261890,4468,5.399999999999995,62
261952,4469,5.399999999999995,62
262015,4470,5.499999999999995,63
262080,4471,4.499999999999995,65
262143,4472,4.899999999999995,63
262206,4473,5.499999999999995,63
262269,4474,5.499999999999995,63
262328,4475,2.9999999999999964,59
262388,4476,2.4999999999999964,60
262451,4477,4.899999999999995,63
262514,4478,5.499999999999995,63
262579,4479,5.099999999999994,65
262641,4480,5.399999999999995,62
262703,4481,5.399999999999995,62
262765,4482,5.399999999999995,62
262828,4483,5.499999999999995,63
262891,4484,5.499999999999995,63
262953,4485,5.399999999999995,62
263015,4486,5.399999999999995,62
263077,4487,5.399999999999995,62
263139,4488,5.399999999999995,62
263197,4489,1.7000000000000024,58
263263,4490,5.799999999999994,66
263317,4491,3.099999999999998,54
263373,4492,2.6999999999999975,56
263436,4493,4.899999999999995,63
263499,4494,4.899999999999997,63
263564,4495,5.099999999999994,65
263627,4496,4.299999999999999,63
263690,4497,5.499999999999995,63
263754,4498,4.999999999999995,64
263816,4499,5.399999999999995,62
263876,4500,3.6999999999999957,60
263938,4501,5.399999999999995,62
263998,4502,3.6999999999999957,60
264061,4503,5.499999999999995,63
264123,4504,5.399999999999995,62
264187,4505,4.999999999999995,64
264249,4506,5.399999999999995,62
264311,4507,5.399999999999995,62
264370,4508,3.599999999999996,59
264433,4509,5.499999999999995,63
264497,4510,4.999999999999995,64
264560,4511,5.499999999999995,63
264623,4512,4.299999999999995,63
264685,4513,5.399999999999995,62
264748,4514,5.499999999999995,63
264810,4515,5.399999999999995,62
264872,4516,4.799999999999995,62
264925,4517,2.9999999999999982,53
264988,4518,5.499999999999995,63
265050,4519,5.399999999999995,62
265111,4520,3.7999999999999954,61
265174,4521,4.899999999999995,63
265237,4522,5.499999999999995,63
265287,4523,-3.899999999999998,50
265337,4524,-8.099999999999998,50
265399,4525,4.799999999999995,62
265449,4526,-5.699999999999998,50
265511,4527,4.199999999999996,62
265561,4528,-5.099999999999998,50
265611,4529,-7.499999999999998,50
265673,4530,5.399999999999995,62
265723,4531,-7.499999999999998,50
265773,4532,-8.7,50
265823,4533,-6.299999999999999,50
265873,4534,-7.499999999999998,50
265923,4535,-6.299999999999999,50
265973,4536,-6.899999999999999,50
266023,4537,-8.099999999999998,50
266073,4538,-6.299999999999999,50
266123,4539,-6.899999999999999,50
266173,4540,-6.299999999999999,50
266223,4541,-6.899999999999999,50
266273,4542,-6.899999999999999,50
266323,4543,-5.699999999999998,50
266373,4544,-5.699999999999998,50
266423,4545,-8.099999999999998,50
266485,4546,4.799999999999995,62
266535,4547,-5.699999999999998,50
266594,4548,2.9999999999999964,59
266644,4549,-6.899999999999999,50
266694,4550,-7.499999999999998,50
266744,4551,-7.499999999999998,50
266802,4552,2.299999999999999,58
266852,4553,-4.499999999999998,50
266902,4554,-6.299999999999999,50
266964,4555,4.799999999999995,62
267014,4556,-8.7,50
267064,4557,2.6999999999999993,50
267114,4558,-3.299999999999998,50
267164,4559,-6.299999999999999,50
267214,4560,-5.099999999999998,50
267264,4561,-6.899999999999999,50
267320,4562,2.6999999999999975,56
267378,4563,2.899999999999997,58
267428,4564,-6.299999999999999,50
267478,4565,-8.099999999999998,50
267540,4566,4.199999999999996,62
267596,4567,2.6999999999999975,56
267658,4568,5.399999999999995,62
267708,4569,-6.299999999999999,50
267758,4570,-6.299999999999999,50
267808,4571,-8.099999999999998,50
267863,4572,3.1999999999999975,55
267927,4573,2.5999999999999996,64
267989,4574,4.799999999999995,62
268039,4575,-5.699999999999998,50
268089,4576,-6.299999999999999,50
268139,4577,-6.899999999999999,50
268189,4578,-7.499999999999998,50
268251,4579,4.799999999999995,62
268301,4580,-6.299999999999999,50
268351,4581,-4.499999999999998,50
268413,4582,5.399999999999995,62
268463,4583,-3.899999999999998,50
268524,4584,1.9999999999999964,61
268586,4585,4.799999999999995,62
268636,4586,-6.899999999999999,50
268686,4587,-6.299999999999999,50
268736,4588,-7.499999999999998,50
268786,4589,-5.099999999999998,50
268836,4590,-8.099999999999998,50
268898,4591,5.399999999999995,62
268960,4592,3.599999999999998,62
269010,4593,0.9000000000000004,50
269073,4594,4.299999999999995,63
269123,4595,-6.899999999999999,50
269178,4596,3.1999999999999975,55
269237,4597,1.7999999999999972,59
269299,4598,4.199999999999996,62
269349,4599,-7.499999999999998,50
269411,4600,3.5999999999999988,62
269473,4601,4.799999999999995,62
269535,4602,5.399999999999995,62
269593,4603,1.6999999999999975,58
269643,4604,-3.299999999999998,50
269705,4605,4.799999999999995,62
269755,4606,-6.899999999999999,50
269812,4607,2.799999999999997,57
269874,4608,4.799999999999995,62
269937,4609,2.5000000000000027,63
269999,4610,5.399999999999995,62
270049,4611,-4.499999999999998,50
270113,4612,4.399999999999995,64
270175,4613,4.799999999999995,62
270231,4614,2.6999999999999975,56
270296,4615,5.099999999999994,65
270359,4616,5.499999999999995,63
270416,4617,2.799999999999997,57
270478,4618,4.199999999999996,62
270541,4619,4.299999999999996,63
270603,4620,2.999999999999999,62
270665,4621,5.399999999999995,62
270728,4622,5.499999999999995,63
270778,4623,-3.299999999999998,50
270828,4624,-8.099999999999998,50
270891,4625,4.899999999999995,63
270953,4626,5.399999999999995,62
271015,4627,5.399999999999995,62
271070,4628,2.599999999999998,55
271123,4629,2.9999999999999982,53
271173,4630,-5.699999999999998,50
271223,4631,-5.099999999999998,50
271286,4632,5.499999999999995,63
271343,4633,2.799999999999997,57
271405,4634,5.399999999999995,62
271467,4635,5.399999999999995,62
271524,4636,1.5999999999999979,57
271587,4637,4.899999999999995,63
271650,4638,5.499999999999995,63
271712,4639,4.199999999999996,62
271776,4640,4.399999999999995,64
271839,4641,4.899999999999995,63
271901,4642,5.399999999999995,62
271953,4643,2.299999999999999,52
272003,4644,-5.699999999999998,50
272062,4645,2.9999999999999964,59
272112,4646,-6.899999999999999,50
272162,4647,-6.899999999999999,50
272212,4648,-6.899999999999999,50
272262,4649,-5.699999999999998,50
272312,4650,-4.499999999999998,50
272374,4651,4.199999999999996,62
272436,4652,4.799999999999995,62
272499,4653,5.499999999999995,63
272558,4654,-3.5999999999999974,59
272611,4655,1.799999999999999,53
272674,4656,5.499999999999995,63
272736,4657,4.199999999999996,62
272799,4658,5.499999999999995,63
272861,4659,2.4000000000000026,62
272911,4660,1.5,50
272966,4661,3.1999999999999975,55
273028,4662,5.399999999999995,62
273080,4663,2.8999999999999986,52
273140,4664,3.099999999999996,60
273204,4665,3.7999999999999954,64
273266,4666,-1.7999999999999987,62
273328,4667,5.399999999999995,62
273385,4668,2.1999999999999975,57
273447,4669,5.399999999999995,62
273511,4670,3.200000000000002,64
273564,4671,2.3999999999999986,53
273626,4672,5.399999999999995,62
273689,4673,5.499999999999995,63
273751,4674,5.399999999999995,62
273804,4675,2.9999999999999982,53
273866,4676,5.399999999999995,62
273928,4677,4.199999999999996,62
273990,4678,4.799999999999995,62
274052,4679,4.799999999999995,62
274114,4680,4.799999999999995,62
274177,4681,5.499999999999995,63
274240,4682,4.899999999999995,63
274292,4683,2.8999999999999986,52
274355,4684,3.700000000000002,63
274417,4685,5.399999999999995,62
274479,4686,5.399999999999995,62
274538,4687,2.9999999999999964,59
274589,4688,2.799999999999999,51
274651,4689,5.399999999999995,62
274704,4690,2.3999999999999986,53
274766,4691,4.799999999999995,62
274829,4692,3.6999999999999957,63
274881,4693,2.299999999999999,52
274944,4694,4.299999999999995,63
275007,4695,5.499999999999995,63
275069,4696,5.399999999999995,62
275131,4697,5.399999999999995,62
275193,4698,5.399999999999995,62
275255,4699,4.799999999999995,62
275307,4700,2.299999999999999,52
275357,4701,1.5,50
275420,4702,4.899999999999995,63
275482,4703,4.799999999999995,62
275544,4704,4.799999999999995,62
275598,4705,2.4999999999999982,54
275661,4706,5.499999999999995,63
275726,4707,5.099999999999994,65
275788,4708,4.799999999999995,62
275850,4709,5.399999999999995,62
275912,4710,5.399999999999995,62
275962,4711,2.6999999999999993,50
276025,4712,5.499999999999995,63
276089,4713,3.7999999999999954,64
276149,4714,3.099999999999996,60
276211,4715,4.799999999999995,62
276273,4716,4.799999999999995,62
276335,4717,4.799999999999995,62
276397,4718,5.399999999999995,62
276460,4719,4.899999999999995,63
276523,4720,5.499999999999995,63
276577,4721,3.099999999999998,54
276639,4722,5.399999999999995,62
276691,4723,2.8999999999999986,52
276746,4724,2.599999999999998,55
276801,4725,3.1999999999999975,55
276863,4726,5.399999999999995,62
276920,4727,3.399999999999997,57
276970,4728,2.6999999999999993,50
277028,4729,2.899999999999997,58
277084,4730,3.299999999999997,56
277134,4731,2.6999999999999993,50
277192,4732,3.4999999999999964,58
277248,4733,3.299999999999997,56
277307,4734,3.599999999999996,59
277360,4735,2.9999999999999982,53
277419,4736,3.599999999999996,59
277470,4737,2.799999999999999,51
277525,4738,3.1999999999999975,55
277580,4739,3.1999999999999975,55
277636,4740,2.6999999999999975,56
277686,4741,2.6999999999999993,50
277741,4742,3.1999999999999975,55
277796,4743,3.1999999999999975,55
277850,4744,3.099999999999998,54
277903,4745,2.9999999999999982,53
277965,4746,5.399999999999995,62
278018,4747,2.9999999999999982,53
278081,4748,4.899999999999995,63
278134,4749,2.9999999999999982,53
278190,4750,3.299999999999997,56
278244,4751,3.099999999999998,54
278299,4752,3.1999999999999975,55
278354,4753,3.1999999999999975,55
278410,4754,3.299999999999997,56
278461,4755,2.799999999999999,51
278516,4756,3.1999999999999975,55
278566,4757,1.5,50
278616,4758,2.6999999999999993,50
278666,4759,1.5,50
278716,4760,2.6999999999999993,50
278767,4761,2.799999999999999,51
278817,4762,2.0999999999999996,50
278868,4763,2.799999999999999,51
278925,4764,-0.7999999999999985,57
278987,4765,4.799999999999995,62
279039,4766,2.8999999999999986,52
279093,4767,0.700000000000002,54
279144,4768,2.1999999999999993,51
279195,4769,2.799999999999999,51
279252,4770,-1.9999999999999987,57
279302,4771,2.6999999999999993,50
279352,4772,2.0999999999999996,50
279403,4773,2.1999999999999993,51
279453,4774,2.6999999999999993,50
279507,4775,0.700000000000002,54
279557,4776,2.6999999999999993,50
279607,4777,2.0999999999999996,50
279661,4778,0.10000000000000187,54
279716,4779,-0.39999999999999813,55
279770,4780,0.10000000000000187,54
279823,4781,2.9999999999999982,53
279873,4782,1.5,50
279923,4783,2.0999999999999996,50
279976,4784,2.9999999999999982,53
280026,4785,2.0999999999999996,50
280080,4786,3.099999999999998,54
280131,4787,2.799999999999999,51
280183,4788,2.8999999999999986,52
280234,4789,2.799999999999999,51
280291,4790,2.799999999999997,57
280345,4791,1.9000000000000021,54
280398,4792,2.3999999999999986,53
280450,4793,2.8999999999999986,52
280500,4794,1.5,50
280553,4795,2.3999999999999986,53
280603,4796,0.3000000000000007,50
280653,4797,1.5,50
280703,4798,2.6999999999999993,50
280753,4799,0.3000000000000007,50
280803,4800,0.9000000000000004,50
280853,4801,-0.29999999999999893,50
280903,4802,1.5,50
280953,4803,0.3000000000000007,50
281003,4804,0.9000000000000004,50
281053,4805,2.0999999999999996,50
281103,4806,2.0999999999999996,50
281153,4807,1.5,50
281203,4808,2.6999999999999993,50
281254,4809,2.799999999999999,51
281304,4810,-0.8999999999999986,50
281354,4811,0.9000000000000004,50
281411,4812,0.40000000000000213,57
281463,4813,2.8999999999999986,52
281513,4814,2.0999999999999996,50
281563,4815,1.5,50
281613,4816,0.3000000000000007,50
281663,4817,0.3000000000000007,50
281713,4818,2.6999999999999993,50
281763,4819,2.0999999999999996,50
281813,4820,0.3000000000000007,50
281864,4821,2.1999999999999993,51
281914,4822,0.9000000000000004,50
281969,4823,1.4000000000000012,55
282025,4824,2.6999999999999975,56
282075,4825,0.9000000000000004,50
282125,4826,2.0999999999999996,50
282175,4827,0.3000000000000007,50
282225,4828,2.6999999999999993,50
282276,4829,2.799999999999999,51
282326,4830,2.0999999999999996,50
282376,4831,0.9000000000000004,50
282426,4832,-0.8999999999999986,50
282476,4833,0.3000000000000007,50
282526,4834,2.0999999999999996,50
282576,4835,0.9000000000000004,50
282626,4836,-0.29999999999999893,50
282676,4837,2.6999999999999993,50
282726,4838,-0.8999999999999986,50
282779,4839,2.9999999999999982,53
282831,4840,2.8999999999999986,52
282883,4841,2.8999999999999986,52
282935,4842,2.8999999999999986,52
282987,4843,2.3,52
283044,4844,2.1999999999999993,57
283094,4845,2.0999999999999996,50
283145,4846,2.799999999999999,51
283196,4847,2.1999999999999993,51
283246,4848,1.5,50
283297,4849,2.799999999999999,51
283347,4850,0.3000000000000007,50
283400,4851,2.9999999999999982,53
283450,4852,2.6999999999999993,50
283500,4853,0.9000000000000004,50
283551,4854,2.799999999999999,51
283607,4855,2.6999999999999975,56
283657,4856,2.6999999999999993,50
283708,4857,2.799999999999999,51
283762,4858,2.4999999999999982,54
283812,4859,2.6999999999999993,50
283864,4860,2.8999999999999986,52
283914,4861,0.3000000000000007,50
283964,4862,2.6999999999999993,50
284014,4863,-0.29999999999999893,50
284064,4864,2.6999999999999993,50
284114,4865,2.0999999999999996,50
284166,4866,2.299999999999999,52
284216,4867,-0.29999999999999893,50
284268,4868,2.299999999999999,52
284319,4869,2.799999999999999,51
284373,4870,3.099999999999998,54
284423,4871,-0.8999999999999986,50
284474,4872,2.799999999999999,51
284524,4873,2.0999999999999996,50
284577,4874,2.9999999999999982,53
284627,4875,1.5,50
284677,4876,2.6999999999999993,50
284727,4877,2.6999999999999993,50
284779,4878,2.8999999999999986,52
284829,4879,-0.8999999999999986,50
284879,4880,0.3000000000000007,50
284929,4881,2.0999999999999996,50
284979,4882,-0.8999999999999986,50
285032,4883,2.9999999999999982,53
285086,4884,2.499999999999999,54
285137,4885,2.799999999999999,51
285187,4886,2.6999999999999993,50
285239,4887,1.700000000000002,52
285290,4888,2.799999999999999,51
285340,4889,-0.29999999999999893,50
285390,4890,2.6999999999999993,50
285440,4891,-0.8999999999999986,50
285490,4892,2.0999999999999996,50
285543,4893,2.9999999999999982,53
285594,4894,2.799999999999999,51
285647,4895,2.9999999999999982,53
285697,4896,-0.8999999999999986,50
285760,4897,5.499999999999995,63
285810,4898,2.6999999999999993,50
285860,4899,-0.8999999999999986,50
285913,4900,2.9999999999999982,53
285963,4901,-0.8999999999999986,50
286014,4902,2.799999999999999,51
286065,4903,2.799999999999999,51
286115,4904,-4.499999999999998,50
286167,4905,2.8999999999999986,52
286217,4906,-0.8999999999999986,50
286270,4907,2.9999999999999982,53
286321,4908,2.799999999999999,51
286371,4909,2.0999999999999996,50
286422,4910,2.799999999999999,51
286477,4911,3.1999999999999975,55
286531,4912,2.4999999999999982,54
286581,4913,0.9000000000000004,50
286632,4914,2.799999999999999,51
286686,4915,3.099999999999998,54
286740,4916,2.499999999999999,54
286790,4917,2.6999999999999993,50
286840,4918,2.6999999999999993,50
286894,4919,2.499999999999999,54
286949,4920,2.5999999999999988,55
287002,4921,2.9999999999999982,53
287053,4922,2.799999999999999,51
287106,4923,2.9999999999999982,53
287156,4924,1.5,50
287206,4925,-0.8999999999999986,50
287256,4926,0.9000000000000004,50
287306,4927,-0.8999999999999986,50
287369,4928,4.899999999999995,63
287421,4929,2.8999999999999986,52
287471,4930,-0.8999999999999986,50
287521,4931,2.6999999999999993,50
287571,4932,2.6999999999999993,50
287621,4933,-0.8999999999999986,50
287672,4934,2.799999999999999,51
287722,4935,-1.4999999999999982,50
287773,4936,2.799999999999999,51
287826,4937,2.9999999999999982,53
287876,4938,-0.8999999999999986,50
287928,4939,2.8999999999999986,52
287981,4940,2.9999999999999982,53
288036,4941,2.599999999999998,55
288089,4942,2.9999999999999982,53
288144,4943,2.5999999999999988,55
288196,4944,2.8999999999999986,52
288249,4945,2.9999999999999982,53
288299,4946,-0.8999999999999986,50
288349,4947,2.6999999999999993,50
288402,4948,2.9999999999999982,53
288453,4949,2.799999999999999,51
288506,4950,2.9999999999999982,53
288559,4951,2.3999999999999986,53
288612,4952,2.9999999999999982,53
288662,4953,0.3000000000000007,50
288713,4954,2.799999999999999,51
288777,4955,2.0000000000000018,64
288829,4956,2.8999999999999986,52
288883,4957,3.099999999999998,54
288934,4958,2.799999999999999,51
288987,4959,2.9999999999999982,53
289038,4960,2.799999999999999,51
289090,4961,2.8999999999999986,52
289140,4962,2.6999999999999993,50
289203,4963,4.899999999999997,63
289253,4964,2.0999999999999996,50
289309,4965,2.6999999999999975,56
289359,4966,2.6999999999999993,50
289409,4967,-0.8999999999999986,50
289462,4968,2.3999999999999986,53
289525,4969,4.899999999999995,63
289576,4970,2.1999999999999993,51
289629,4971,2.9999999999999982,53
289679,4972,2.6999999999999993,50
289731,4973,2.8999999999999986,52
289784,4974,2.3999999999999986,53
289836,4975,2.299999999999999,52
289888,4976,2.299999999999999,52
289942,4977,3.099999999999998,54
289993,4978,2.799999999999999,51
290044,4979,2.799999999999999,51
290106,4980,5.399999999999995,62
290158,4981,2.8999999999999986,52
290209,4982,2.799999999999999,51
290263,4983,3.099999999999998,54
290325,4984,5.399999999999995,62
290387,4985,5.399999999999995,62
290443,4986,3.299999999999997,56
290494,4987,2.799999999999999,51
290547,4988,2.9999999999999982,53
290609,4989,5.399999999999995,62
290663,4990,2.4999999999999982,54
290715,4991,2.299999999999999,52
290766,4992,2.799999999999999,51
290819,4993,2.9999999999999982,53
290871,4994,2.8999999999999986,52
290933,4995,4.199999999999998,62
290987,4996,3.099999999999998,54
291040,4997,2.9999999999999982,53
291096,4998,2.6999999999999984,56
291150,4999,3.099999999999998,54
291205,5000,2.5999999999999988,55
291257,5001,2.8999999999999986,52
291313,5002,2.6999999999999975,56
291367,5003,2.4999999999999982,54
291419,5004,2.8999999999999986,52
291469,5005,2.6999999999999993,50
291521,5006,2.8999999999999986,52
291572,5007,2.799999999999999,51
291622,5008,2.6999999999999993,50
291676,5009,3.099999999999998,54
291728,5010,2.8999999999999986,52
291778,5011,2.6999999999999993,50
291829,5012,2.799999999999999,51
291891,5013,4.199999999999997,62
291945,5014,3.099999999999998,54
291997,5015,2.299999999999999,52
292059,5016,4.799999999999995,62
292122,5017,5.499999999999995,63
292176,5018,2.4999999999999982,54
292230,5019,3.099999999999998,54
292283,5020,2.9999999999999982,53
292336,5021,2.9999999999999982,53
292390,5022,2.499999999999999,54
292443,5023,2.3999999999999986,53
292499,5024,2.6999999999999984,56
292553,5025,3.099999999999998,54
292605,5026,2.8999999999999986,52
292658,5027,2.3999999999999986,53
292714,5028,2.6999999999999984,56
292776,5029,5.399999999999995,62
292838,5030,5.399999999999995,62
292892,5031,3.099999999999998,54
292954,5032,4.799999999999995,62
293004,5033,2.6999999999999993,50
293056,5034,1.6999999999999993,52
293119,5035,4.899999999999997,63
293181,5036,5.399999999999995,62
293231,5037,2.6999999999999993,50
293293,5038,4.799999999999995,62
293355,5039,3.6000000000000023,62
293419,5040,3.200000000000001,64
293473,5041,2.4999999999999982,54
293527,5042,3.099999999999998,54
293580,5043,2.9999999999999982,53
293631,5044,2.1999999999999993,51
293681,5045,2.6999999999999993,50
293744,5046,4.899999999999995,63
293796,5047,2.8999999999999986,52
293847,5048,2.799999999999999,51
293910,5049,5.499999999999995,63
293963,5050,2.9999999999999982,53
294026,5051,5.499999999999995,63
294089,5052,4.899999999999997,63
294142,5053,2.9999999999999982,53
294205,5054,4.299999999999995,63
294269,5055,4.999999999999995,64
294321,5056,2.8999999999999986,52
294384,5057,5.499999999999995,63
294440,5058,2.6999999999999975,56
294502,5059,5.399999999999995,62
294560,5060,2.899999999999997,58
294611,5061,2.799999999999999,51
294665,5062,2.4999999999999982,54
294728,5063,4.899999999999995,63
294782,5064,3.099999999999998,54
294832,5065,-0.29999999999999893,50
294884,5066,2.8999999999999986,52
294946,5067,5.399999999999995,62
294998,5068,2.8999999999999986,52
295051,5069,2.9999999999999982,53
295111,5070,3.6999999999999957,60
295166,5071,2.5999999999999988,55
295229,5072,4.899999999999996,63
295291,5073,5.399999999999995,62
295353,5074,4.799999999999995,62
295406,5075,2.9999999999999982,53
295468,5076,4.799999999999995,62
295521,5077,2.9999999999999982,53
295583,5078,5.399999999999995,62
295646,5079,5.499999999999995,63
295698,5080,2.8999999999999986,52
295752,5081,3.099999999999998,54
295814,5082,4.199999999999998,62
295876,5083,5.399999999999995,62
295926,5084,2.0999999999999996,50
295977,5085,2.1999999999999993,51
296034,5086,2.1999999999999975,57
296096,5087,5.399999999999995,62
296146,5088,2.6999999999999993,50
296209,5089,4.899999999999997,63
296272,5090,4.899999999999995,63
296335,5091,4.899999999999996,63
296398,5092,4.899999999999996,63
296460,5093,2.399999999999998,62
296524,5094,2.0000000000000018,64
296586,5095,5.399999999999995,62
296638,5096,2.8999999999999986,52
296700,5097,4.799999999999995,62
296761,5098,3.7999999999999954,61
296812,5099,2.799999999999999,51
296875,5100,5.499999999999995,63
296938,5101,5.499999999999995,63
296988,5102,-6.899999999999999,50
297042,5103,3.099999999999998,54
297095,5104,2.9999999999999982,53
297148,5105,2.9999999999999982,53
297210,5106,4.799999999999995,62
297262,5107,2.8999999999999986,52
297312,5108,2.6999999999999993,50
297374,5109,5.399999999999995,62
297427,5110,2.9999999999999982,53
297490,5111,4.899999999999995,63
297552,5112,4.799999999999995,62
297605,5113,2.9999999999999982,53
297667,5114,5.399999999999995,62
297717,5115,2.0999999999999996,50
297767,5116,-5.099999999999998,50
297829,5117,5.399999999999995,62
297881,5118,2.8999999999999986,52
297944,5119,4.299999999999999,63
297996,5120,2.299999999999999,52
298059,5121,5.499999999999995,63
298121,5122,4.199999999999999,62
298185,5123,4.999999999999995,64
298251,5124,5.799999999999994,66
298314,5125,4.899999999999997,63
298376,5126,3.6000000000000014,62
298439,5127,4.299999999999998,63
298492,5128,2.9999999999999982,53
298554,5129,5.399999999999995,62
298615,5130,2.5999999999999988,61
298678,5131,5.499999999999995,63
298743,5132,4.499999999999995,65
298805,5133,5.399999999999995,62
298867,5134,5.399999999999995,62
298917,5135,2.6999999999999993,50
298979,5136,5.399999999999995,62
299041,5137,5.399999999999995,62
299105,5138,3.200000000000001,64
299169,5139,4.999999999999995,64
299231,5140,5.399999999999995,62
299294,5141,5.499999999999995,63
299358,5142,4.999999999999995,64
299421,5143,5.499999999999995,63
299483,5144,5.399999999999995,62
299545,5145,5.399999999999995,62
299599,5146,3.099999999999998,54
299662,5147,4.899999999999997,63
299718,5148,2.6999999999999984,56
299780,5149,5.399999999999995,62
299842,5150,3.6000000000000014,62
299904,5151,5.399999999999995,62
299965,5152,3.7999999999999954,61
300027,5153,4.799999999999995,62
300089,5154,4.799999999999995,62
300147,5155,2.899999999999997,58
300204,5156,3.399999999999997,57
300266,5157,5.399999999999995,62
300324,5158,3.4999999999999964,58
300380,5159,2.6999999999999975,56
300437,5160,3.399999999999997,57
300503,5161,4.599999999999994,66
300563,5162,3.099999999999996,60
300622,5163,3.599999999999996,59
300680,5164,2.899999999999997,58
300738,5165,3.4999999999999964,58
300793,5166,3.1999999999999975,55
300855,5167,5.399999999999995,62
300912,5168,3.399999999999997,57
300975,5169,5.499999999999995,63
301032,5170,2.799999999999997,57
301087,5171,3.1999999999999975,55
301142,5172,2.5999999999999996,55
301203,5173,2.0000000000000027,61
301257,5174,3.099999999999998,54
301325,5175,4.799999999999995,68
301388,5176,4.299999999999995,63
301448,5177,3.099999999999998,60
301504,5178,3.299999999999997,56
301557,5179,2.9999999999999982,53
301625,5180,5.999999999999993,68
301680,5181,3.1999999999999975,55
301732,5182,2.8999999999999986,52
301790,5183,2.899999999999997,58
301852,5184,4.199999999999996,62
301910,5185,3.4999999999999964,58
301973,5186,4.899999999999997,63
302024,5187,2.1999999999999993,51
302080,5188,1.5000000000000022,56
302147,5189,5.899999999999993,67
302199,5190,2.299999999999999,52
302258,5191,1.800000000000002,59
302320,5192,5.399999999999995,62
302375,5193,3.1999999999999975,55
302427,5194,2.299999999999999,52
302477,5195,-0.8999999999999986,50
302532,5196,3.1999999999999975,55
302585,5197,2.9999999999999982,53
302647,5198,5.399999999999995,62
302702,5199,3.1999999999999975,55
302753,5200,2.799999999999999,51
302811,5201,3.4999999999999964,58
302863,5202,2.299999999999999,52
302917,5203,3.099999999999998,54
302975,5204,3.4999999999999964,58
303033,5205,3.4999999999999964,58
303097,5206,4.399999999999997,64
303152,5207,2.0000000000000018,55
303207,5208,2.0000000000000018,55
303259,5209,2.299999999999999,52
303317,5210,1.7000000000000024,58
303380,5211,4.899999999999997,63
303434,5212,3.099999999999998,54
303491,5213,1.0000000000000018,57
303547,5214,0.9000000000000021,56
303609,5215,5.399999999999995,62
303660,5216,2.799999999999999,51
303715,5217,1.4000000000000021,55
303777,5218,5.399999999999995,62
303841,5219,4.399999999999997,64
303903,5220,5.399999999999995,62
303958,5221,3.1999999999999975,55
304011,5222,1.200000000000002,53
304070,5223,3.599999999999996,59
304123,5224,2.9999999999999982,53
304186,5225,4.899999999999995,63
304248,5226,5.399999999999995,62
304304,5227,0.9000000000000021,56
304367,5228,4.299999999999995,63
304430,5229,5.499999999999995,63
304493,5230,4.899999999999995,63
304548,5231,3.1999999999999975,55
304603,5232,2.5999999999999996,55
304660,5233,2.200000000000001,57
304722,5234,5.399999999999995,62
304785,5235,5.499999999999995,63
304847,5236,5.399999999999995,62
304909,5237,5.399999999999995,62
304965,5238,0.30000000000000204,56
305027,5239,5.399999999999995,62
305085,5240,1.7000000000000024,58
305152,5241,4.1000000000000005,67
305206,5242,3.099999999999998,54
305271,5243,4.499999999999995,65
305335,5244,4.999999999999995,64
305398,5245,5.499999999999995,63
305460,5246,5.399999999999995,62
305514,5247,3.099999999999998,54
305579,5248,5.099999999999994,65
305641,5249,5.399999999999995,62
305707,5250,4.599999999999996,66
305769,5251,5.399999999999995,62
305829,5252,3.6999999999999957,60
305891,5253,5.399999999999995,62
305953,5254,4.799999999999995,62
306018,5255,4.499999999999995,65
306081,5256,5.499999999999995,63
306134,5257,2.9999999999999982,53
306196,5258,4.799999999999995,62
306259,5259,5.499999999999995,63
306323,5260,4.999999999999995,64
306386,5261,4.299999999999999,63
306440,5262,1.300000000000002,54
306502,5263,5.399999999999995,62
306564,5264,5.399999999999995,62
306626,5265,5.399999999999995,62
306688,5266,5.399999999999995,62
306750,5267,4.799999999999995,62
306803,5268,2.9999999999999982,53
306856,5269,2.9999999999999982,53
306907,5270,2.799999999999999,51
306969,5271,5.399999999999995,62
307031,5272,4.199999999999996,62
307093,5273,5.399999999999995,62
307155,5274,4.799999999999995,62
307217,5275,4.799999999999995,62
307279,5276,4.799999999999995,62
307341,5277,5.399999999999995,62
307402,5278,3.1999999999999957,61
307466,5279,4.399999999999995,64
307525,5280,2.9999999999999964,59
307587,5281,5.399999999999995,62
307649,5282,5.399999999999995,62
307711,5283,5.399999999999995,62
307776,5284,3.8999999999999986,65
307826,5285,-2.099999999999998,50
307881,5286,2.599999999999998,55
307944,5287,4.899999999999995,63
308006,5288,5.399999999999995,62
308069,5289,4.899999999999995,63
308131,5290,5.399999999999995,62
308196,5291,5.099999999999994,65
308258,5292,5.399999999999995,62
308320,5293,5.399999999999995,62
308382,5294,4.799999999999995,62
308445,5295,5.499999999999995,63
308508,5296,5.499999999999995,63
308571,5297,5.499999999999995,63
308633,5298,5.399999999999995,62
308695,5299,4.799999999999995,62
308745,5300,-5.699999999999998,50
308808,5301,4.899999999999995,63
308871,5302,4.899999999999995,63
308933,5303,4.799999999999995,62
308996,5304,4.899999999999995,63
309059,5305,4.299999999999995,63
309121,5306,5.399999999999995,62
309183,5307,5.399999999999995,62
309245,5308,5.399999999999995,62
309307,5309,5.399999999999995,62
309371,5310,4.399999999999995,64
309434,5311,4.899999999999995,63
309496,5312,5.399999999999995,62
309558,5313,5.399999999999995,62
309620,5314,4.799999999999995,62
309683,5315,4.899999999999995,63
309746,5316,5.499999999999995,63
309796,5317,-5.099999999999998,50
309858,5318,4.799999999999995,62
309920,5319,5.399999999999995,62
309982,5320,5.399999999999995,62
310044,5321,5.399999999999995,62
310106,5322,5.399999999999995,62
310168,5323,5.399999999999995,62
310232,5324,4.999999999999995,64
310300,5325,4.799999999999995,68
310362,5326,4.199999999999996,62
310425,5327,5.499999999999995,63
310487,5328,5.399999999999995,62
310550,5329,5.499999999999995,63
310613,5330,4.899999999999997,63
310668,5331,3.1999999999999975,55
310730,5332,5.399999999999995,62
310792,5333,5.399999999999995,62
310857,5334,5.099999999999994,65
310920,5335,5.499999999999995,63
310986,5336,5.799999999999994,66
311048,5337,5.399999999999995,62
311115,5338,5.299999999999997,67
311176,5339,3.1999999999999957,61
311264,5340,4.999999999999989,88
311327,5341,5.499999999999995,63
311389,5342,5.399999999999995,62
311452,5343,5.499999999999995,63
311515,5344,4.899999999999995,63
311578,5345,4.899999999999995,63
311644,5346,5.799999999999994,66
311706,5347,5.399999999999995,62
311773,5348,4.6999999999999975,67
311835,5349,5.399999999999995,62
311889,5350,3.099999999999998,54
311951,5351,5.399999999999995,62
312015,5352,4.999999999999995,64
312078,5353,4.899999999999995,63
312140,5354,5.399999999999995,62
312202,5355,5.399999999999995,62
312264,5356,4.799999999999995,62
312320,5357,2.6999999999999975,56
312383,5358,4.899999999999995,63
312446,5359,4.899999999999995,63
312508,5360,5.399999999999995,62
312569,5361,3.7999999999999954,61
312632,5362,4.899999999999997,63
312695,5363,5.499999999999995,63
312757,5364,5.399999999999995,62
312820,5365,5.499999999999995,63
312882,5366,5.399999999999995,62
312944,5367,5.399999999999995,62
313006,5368,5.399999999999995,62
313069,5369,5.499999999999995,63
313131,5370,5.399999999999995,62
313195,5371,4.999999999999995,64
313261,5372,5.199999999999994,66
313324,5373,4.299999999999995,63
313386,5374,5.399999999999995,62
313449,5375,4.899999999999995,63
313513,5376,4.999999999999995,64
313601,5377,6.7999999999999865,88
313663,5378,5.399999999999995,62
313753,5379,6.399999999999986,90
313816,5380,4.899999999999995,63
313878,5381,4.799999999999995,62
313941,5382,4.899999999999995,63
314003,5383,5.399999999999995,62
314066,5384,4.899999999999995,63
314116,5385,-6.299999999999999,50
314207,5386,5.899999999999986,91
314333,5387,8.499999999999975,126
314421,5388,4.999999999999989,88
314484,5389,4.899999999999995,63
314548,5390,4.999999999999995,64
314610,5391,5.399999999999995,62
314680,5392,2.6000000000000028,70
314806,5393,7.899999999999983,126
314868,5394,4.199999999999996,62
314930,5395,5.399999999999995,62
314984,5396,3.099999999999998,54
315046,5397,4.799999999999995,62
315112,5398,3.4000000000000012,66
315176,5399,4.999999999999995,64
315239,5400,5.499999999999995,63
315302,5401,5.499999999999995,63
315364,5402,5.399999999999995,62
315427,5403,5.499999999999995,63
315493,5404,3.9999999999999947,66
315555,5405,5.399999999999995,62
315615,5406,3.6999999999999957,60
315714,5407,6.999999999999984,99
315776,5408,5.399999999999995,62
315842,5409,5.199999999999995,66
315893,5410,2.799999999999999,51
315955,5411,5.399999999999995,62
316012,5412,3.399999999999997,57
316075,5413,5.499999999999995,63
316164,5414,6.899999999999986,89
316227,5415,5.499999999999995,63
316291,5416,4.999999999999995,64
316390,5417,6.999999999999984,99
316460,5418,6.199999999999992,70
316523,5419,5.499999999999995,63
316585,5420,5.399999999999995,62
316639,5421,3.099999999999998,54
316701,5422,4.799999999999995,62
316751,5423,-6.299999999999999,50
316814,5424,4.899999999999995,63
316882,5425,5.999999999999993,68
316932,5426,-6.899999999999999,50
316994,5427,1.3322676295501878e-15,62
317044,5428,-8.099999999999998,50
317174,5429,10.099999999999973,130
317229,5430,3.1999999999999975,55
317279,5431,-6.299999999999999,50
317341,5432,4.799999999999995,62
317391,5433,-6.899999999999999,50
317453,5434,4.799999999999995,62
317503,5435,-5.099999999999998,50
317568,5436,3.899999999999995,65
317631,5437,4.899999999999995,63
317693,5438,4.799999999999995,62
317743,5439,-7.499999999999998,50
317810,5440,5.299999999999994,67
317872,5441,4.799999999999995,62
317934,5442,5.399999999999995,62
317984,5443,-4.499999999999998,50
318034,5444,-6.899999999999999,50
318101,5445,5.899999999999993,67
318165,5446,4.399999999999995,64
318215,5447,-7.499999999999998,50
318277,5448,5.399999999999995,62
318339,5449,4.199999999999996,62
318401,5450,5.399999999999995,62
318463,5451,4.799999999999995,62
318513,5452,-6.899999999999999,50
318563,5453,-6.899999999999999,50
318625,5454,5.399999999999995,62
318675,5455,-3.299999999999998,50
318730,5456,2.599999999999998,55
318780,5457,-6.899999999999999,50
318844,5458,4.999999999999995,64
318910,5459,5.199999999999994,66
318960,5460,-7.499999999999998,50
319060,5461,8.299999999999983,100
319110,5462,-5.099999999999998,50
319246,5463,8.599999999999973,136
319309,5464,5.499999999999995,63
319371,5465,4.799999999999995,62
319421,5466,-7.499999999999998,50
319550,5467,8.199999999999974,129
319600,5468,-7.499999999999998,50
319665,5469,2.6999999999999966,65
319720,5470,0.20000000000000195,55
319789,5471,6.0999999999999925,69
319888,5472,7.599999999999984,99
319954,5473,4.599999999999994,66
320023,5474,5.499999999999993,69
320186,5475,10.099999999999964,163
320285,5476,8.199999999999983,99
320335,5477,-6.299999999999999,50
320385,5478,-6.299999999999999,50
320485,5479,6.499999999999986,100
320539,5480,3.099999999999998,54
320641,5481,8.499999999999982,102
320729,5482,6.7999999999999865,88
320779,5483,-3.899999999999998,50
320843,5484,4.399999999999995,64
320933,5485,5.199999999999987,90
320998,5486,3.899999999999995,65
321098,5487,7.699999999999983,100
321198,5488,6.499999999999984,100
321252,5489,3.099999999999998,54
321352,5490,7.099999999999984,100
321402,5491,-7.499999999999998,50
321508,5492,10.09999999999998,106
321558,5493,-3.899999999999998,50
321621,5494,4.899999999999995,63
321712,5495,6.499999999999986,91
321816,5496,8.099999999999982,104
321866,5497,-6.899999999999999,50
321916,5498,-4.499999999999998,50
321966,5499,-6.899999999999999,50
322065,5500,8.199999999999983,99
322165,5501,7.699999999999983,100
322256,5502,6.499999999999986,91
322433,5503,16.599999999999984,177
322532,5504,6.399999999999984,99
322631,5505,7.599999999999984,99
322694,5506,5.499999999999995,63
322836,5507,11.59999999999997,142
322901,5508,4.499999999999995,65
322951,5509,-6.299999999999999,50
323001,5510,-6.899999999999999,50
323065,5511,4.999999999999995,64
323115,5512,-6.299999999999999,50
323165,5513,-5.099999999999998,50
323229,5514,4.399999999999995,64
323332,5515,9.199999999999982,103
323420,5516,6.199999999999987,88
323546,5517,7.299999999999978,126
323681,5518,10.299999999999972,135
323731,5519,-7.499999999999998,50
323781,5520,-4.499999999999998,50
323843,5521,4.199999999999996,62
323979,5522,10.399999999999972,136
324118,5523,13.09999999999997,139
324178,5524,3.6999999999999957,60
324228,5525,-5.099999999999998,50
324353,5526,10.799999999999974,125
324403,5527,-6.899999999999999,50
324453,5528,-7.499999999999998,50
324503,5529,-6.899999999999999,50
324851,5530,27.700000000000188,348
325093,5531,19.200000000000056,242
325229,5532,9.799999999999972,136
325279,5533,-6.899999999999999,50
325370,5534,6.499999999999986,91
325420,5535,-7.499999999999998,50
325470,5536,-6.899999999999999,50
325521,5537,1.0,51
325737,5538,18.400000000000006,216
325827,5539,5.7999999999999865,90
325877,5540,-6.899999999999999,50
325927,5541,-6.899999999999999,50
325995,5542,5.999999999999993,68
326061,5543,2.2000000000000024,66
326154,5544,6.099999999999989,93
326204,5545,-7.499999999999998,50
326420,5546,19.000000000000032,216
326484,5547,4.399999999999995,64
326534,5548,-5.099999999999998,50
326748,5549,16.999999999999993,214
326806,5550,1.7000000000000006,58
326868,5551,4.199999999999996,62
326971,5552,6.799999999999983,103
327211,5553,19.60000000000006,240
327380,5554,10.699999999999962,169
327561,5555,16.999999999999982,181
327651,5556,6.999999999999988,90
327717,5557,5.799999999999994,66
327955,5558,19.40000000000004,238
328017,5559,5.399999999999995,62
328310,5560,28.50000000000013,293
328449,5561,7.699999999999973,139
328664,5562,20.700000000000035,215
328806,5563,9.19999999999997,142
328946,5564,13.199999999999969,140
329036,5565,6.399999999999986,90
329174,5566,10.599999999999971,138
329501,5567,29.80000000000018,327
329718,5568,19.700000000000017,217
329934,5569,17.200000000000006,216
330076,5570,10.99999999999997,142
330214,5571,10.599999999999971,138
330433,5572,18.099999999999987,219
330575,5573,12.799999999999969,142
330645,5574,5.599999999999996,70
330896,5575,21.60000000000005,251
330962,5576,2.7999999999999994,66
331061,5577,8.199999999999983,99
331159,5578,7.499999999999984,98
331262,5579,7.999999999999982,103
331364,5580,9.699999999999982,102
331454,5581,5.199999999999987,90
331522,5582,5.999999999999993,68
331702,5583,15.099999999999962,180
331954,5584,20.500000000000057,252
332058,5585,8.699999999999982,104
332150,5586,5.399999999999986,92
332368,5587,17.4,218
332460,5588,5.999999999999986,92
332676,5589,18.399999999999995,216
332776,5590,8.299999999999983,100
332872,5591,5.799999999999985,96
333122,5592,20.900000000000073,250
333260,5593,8.799999999999972,138
333325,5594,3.899999999999995,65
333421,5595,5.799999999999985,96
333486,5596,2.6999999999999957,65
333536,5597,-5.699999999999998,50
333638,5598,9.099999999999982,102
333700,5599,4.799999999999995,62
333803,5600,7.399999999999986,103
333866,5601,4.899999999999995,63
333970,5602,7.499999999999982,104
334073,5603,4.999999999999986,103
334289,5604,16.599999999999984,216
334354,5605,3.2999999999999954,65
334413,5606,2.9999999999999964,59
334516,5607,8.599999999999982,103
334585,5608,6.0999999999999925,69
334685,5609,5.299999999999985,100
334785,5610,7.699999999999983,100
335002,5611,19.100000000000012,217
335180,5612,14.899999999999956,178
335245,5613,3.899999999999995,65
335500,5614,21.400000000000038,255
335562,5615,2.4,62
335626,5616,3.7999999999999954,64
335693,5617,1.1000000000000019,67
335792,5618,9.399999999999983,99
336008,5619,17.800000000000004,216
336112,5620,8.699999999999982,104
336215,5621,4.999999999999984,103
336354,5622,11.89999999999997,139
336686,5623,29.100000000000176,332
336788,5624,7.299999999999983,102
337005,5625,18.500000000000007,217
337144,5626,13.09999999999997,139
337214,5627,5.5999999999999925,70
337582,5628,34.80000000000023,368
337635,5629,2.9999999999999982,53
337774,5630,11.29999999999997,139
337989,5631,18.900000000000023,215
338053,5632,4.999999999999995,64
338192,5633,13.09999999999997,139
338559,5634,32.300000000000225,367
338855,5635,27.600000000000115,296
338956,5636,6.599999999999984,101
339058,5637,6.699999999999983,102
339113,5638,3.1999999999999975,55
339182,5639,4.899999999999997,69
339232,5640,-6.899999999999999,50
339483,5641,22.80000000000008,251
339623,5642,10.199999999999973,140
339689,5643,4.599999999999999,66
339793,5644,9.299999999999981,104
340199,5645,34.700000000000244,406
340262,5646,4.899999999999995,63
340477,5647,18.90000000000001,215
340544,5648,2.8999999999999977,67
340910,5649,32.200000000000195,366
340967,5650,2.799999999999997,57
341146,5651,13.799999999999958,179
341286,5652,13.799999999999969,140
341537,5653,21.600000000000055,251
341639,5654,7.299999999999983,102
341855,5655,15.400000000000006,216
342028,5656,14.69999999999997,173
342278,5657,20.300000000000036,250
342531,5658,18.199999999999992,253
342781,5659,21.500000000000053,250
342839,5660,3.4999999999999964,58
343057,5661,20.400000000000013,218
343147,5662,4.599999999999988,90
343536,5663,30.30000000000024,389
343674,5664,11.19999999999997,138
343888,5665,18.800000000000022,214
343951,5666,4.899999999999995,63
344001,5667,-6.899999999999999,50
344254,5668,19.400000000000006,253
344360,5669,7.6999999999999815,106
344499,5670,10.699999999999973,139
344602,5671,10.39999999999998,103
344819,5672,20.30000000000002,217
344883,5673,4.999999999999995,64
345135,5674,23.50000000000008,252
345240,5675,7.599999999999982,105
345382,5676,13.999999999999968,142
345449,5677,5.899999999999993,67
345701,5678,22.900000000000073,252
345953,5679,25.30000000000008,252
346091,5680,12.99999999999997,138
346230,5681,11.89999999999997,139
346330,5682,8.299999999999983,100
346585,5683,23.200000000000067,255
346974,5684,27.900000000000183,389
347111,5685,8.699999999999973,137
347249,5686,8.799999999999972,138
347351,5687,8.499999999999982,102
347453,5688,7.299999999999983,102
347584,5689,8.399999999999974,131
347725,5690,10.89999999999997,141
348016,5691,25.900000000000123,291
348083,5692,3.4999999999999964,67
348299,5693,17.80000000000003,216
348401,5694,7.899999999999983,102
348654,5695,22.400000000000073,253
348827,5696,12.29999999999996,173
348969,5697,5.599999999999973,142
349066,5698,7.099999999999984,97
349130,5699,4.999999999999995,64
349216,5700,5.399999999999988,86
349467,5701,18.60000000000001,251
349604,5702,8.699999999999973,137
349741,5703,7.499999999999973,137
349948,5704,14.199999999999978,207
350243,5705,29.300000000000153,295
350496,5706,20.600000000000055,253
350859,5707,31.900000000000205,363
351137,5708,25.500000000000107,278
351226,5709,5.699999999999987,89
351328,5710,7.899999999999983,102
351468,5711,12.59999999999997,140
351760,5712,28.40000000000015,292
351820,5713,3.6999999999999957,60
351884,5714,3.7999999999999963,64
352066,5715,17.09999999999999,182
352132,5716,2.7999999999999976,66
352271,5717,9.499999999999972,139
352522,5718,19.80000000000005,251
352870,5719,22.900000000000162,348
352973,5720,9.199999999999982,103
353155,5721,15.299999999999983,182
353258,5722,8.599999999999982,103
353550,5723,26.600000000000108,292
353652,5724,6.699999999999983,102
353941,5725,23.900000000000084,289
354193,5726,21.700000000000074,252
354396,5727,14.39999999999997,203
354446,5728,-6.299999999999999,50
354504,5729,3.4999999999999964,58
354756,5730,21.10000000000005,252
354928,5731,15.79999999999999,172
355145,5732,13.09999999999998,217
355319,5733,12.999999999999963,174
355370,5734,2.799999999999999,51
355814,5735,39.400000000000325,444
356029,5736,18.300000000000004,215
356468,5737,36.50000000000029,439
356719,5738,22.200000000000053,251
356971,5739,15.70000000000002,252
357093,5740,6.899999999999977,122
357311,5741,15.599999999999955,218
357415,5742,8.699999999999982,104
357518,5743,7.39999999999999,103
358186,5744,58.800000000000615,668
358364,5745,10.699999999999967,178
358506,5746,9.19999999999997,142
358648,5747,10.99999999999997,142
359091,5748,40.500000000000306,443
359299,5749,17.3,208
359349,5750,-3.899999999999998,50
359697,5751,21.100000000000108,348
359879,5752,17.1,182
360318,5753,37.70000000000031,439
360613,5754,24.50000000000012,295
360666,5755,1.799999999999999,53
360734,5756,5.999999999999993,68
360947,5757,21.700000000000053,213
361016,5758,4.899999999999993,69
361946,5759,75.69999999999986,930
362035,5760,6.2999999999999865,89
362138,5761,9.199999999999982,103
362195,5762,-3.1999999999999984,57
362413,5763,22.200000000000042,218
362653,5764,19.000000000000025,240
362907,5765,20.700000000000024,254
363047,5766,9.599999999999971,140
363188,5767,12.09999999999997,141
363391,5768,17.400000000000016,203
363496,5769,10.59999999999998,105
363862,5770,32.80000000000022,366
364000,5771,9.999999999999975,138
364050,5772,-3.899999999999998,50
364457,5773,33.00000000000021,407
365126,5774,57.70000000000059,669
365230,5775,8.099999999999982,104
365667,5776,31.80000000000029,437
365809,5777,11.59999999999997,142
366215,5778,37.100000000000286,406
366580,5779,35.70000000000022,365
366684,5780,5.699999999999983,104
366787,5781,5.599999999999984,103
367179,5782,37.200000000000244,392
367622,5783,38.10000000000032,443
367747,5784,2.999999999999999,125
368115,5785,34.20000000000023,368
368368,5786,21.80000000000006,253
368551,5787,11.799999999999958,183
368693,5788,10.39999999999998,142
368895,5789,14.899999999999967,202
369021,5790,10.299999999999974,126
369428,5791,34.80000000000025,407
369478,5792,-5.099999999999998,50
369691,5793,18.700000000000017,213
370284,5794,45.30000000000048,593
370692,5795,26.50000000000019,408
371022,5796,24.10000000000005,330
371072,5797,-6.299999999999999,50
371480,5798,34.30000000000023,408
371734,5799,21.30000000000009,254
371840,5800,3.499999999999991,106
371890,5801,-0.8999999999999986,50
371994,5802,9.89999999999998,104
372160,5803,13.399999999999961,166
372789,5804,55.80000000000054,629
372854,5805,2.1000000000000028,65
373257,5806,36.20000000000026,403
373779,5807,47.80000000000041,522
374063,5808,23.100000000000097,284
374226,5809,13.699999999999966,163
374784,5810,41.50000000000042,558
374840,5811,-0.8999999999999988,56
374963,5812,8.799999999999981,123
375763,5813,64.50000000000053,800
376152,5814,29.70000000000021,389
376202,5815,-0.8999999999999986,50
376412,5816,15.699999999999982,210
376462,5817,-0.29999999999999893,50
376715,5818,22.40000000000008,253
376765,5819,-2.099999999999998,50
376815,5820,-0.8999999999999986,50
376884,5821,6.0999999999999925,69
377196,5822,23.20000000000015,312
377246,5823,-0.8999999999999986,50
377296,5824,-2.699999999999998,50
378024,5825,39.300000000000466,728
378128,5826,10.49999999999998,104
378231,5827,9.799999999999981,103
378281,5828,-3.899999999999998,50
378605,5829,29.20000000000016,324
378700,5830,-0.29999999999999805,95
379108,5831,31.900000000000254,408
379404,5832,8.999999999999977,296
379462,5833,-0.09999999999999787,58
379829,5834,27.500000000000103,367
381141,5835,98.89999999999816,1312
381191,5836,-5.099999999999998,50
381251,5837,3.6999999999999957,60
381655,5838,32.70000000000019,404
381782,5839,10.999999999999973,127
381965,5840,14.79999999999996,183
382029,5841,-0.39999999999999847,64
382121,5842,5.399999999999987,92
382790,5843,49.900000000000574,669
382852,5844,-0.5999999999999979,62
382902,5845,-0.8999999999999986,50
382952,5846,0.9000000000000004,50
383570,5847,58.000000000000554,618
383620,5848,2.1000000000000014,50
383803,5849,12.399999999999967,183
384284,5850,47.00000000000038,481
384370,5851,-2.999999999999998,86
384573,5852,16.200000000000006,203
384940,5853,25.100000000000144,367
385591,5854,55.00000000000057,651
385885,5855,25.0000000000001,294
386555,5856,62.60000000000064,670
387261,5857,59.90000000000065,706
387627,5858,34.00000000000024,366
387696,5859,6.0999999999999925,69
388060,5860,29.60000000000021,364
389146,5861,84.09999999999931,1086
389287,5862,10.29999999999997,141
390088,5863,74.1999999999999,801
390307,5864,16.90000000000001,219
390560,5865,23.00000000000008,253
391857,5866,113.89999999999795,1297
392412,5867,50.20000000000045,555
392916,5868,43.900000000000325,504
393248,5869,29.100000000000165,332
393315,5870,5.299999999999994,67
393836,5871,42.90000000000035,521
394410,5872,46.10000000000041,574
394552,5873,10.999999999999975,142
396239,5874,151.39999999999526,1687
397023,5875,67.10000000000028,784
397468,5876,39.500000000000306,445
398704,5877,115.89999999999759,1236
399486,5878,71.69999999999995,782
399778,5879,21.800000000000054,292
400144,5880,35.20000000000023,366
400248,5881,9.89999999999998,104
400542,5882,24.40000000000013,294
401475,5883,75.39999999999972,933
401694,5884,13.899999999999965,219
401876,5885,11.099999999999962,182
404016,5886,174.4999999999934,2140
405061,5887,86.8999999999991,1045
406106,5888,88.69999999999898,1045
406664,5889,45.700000000000394,558
406806,5890,5.599999999999992,142
407588,5891,68.70000000000012,782
408033,5892,42.500000000000334,445
410399,5893,210.8999999999919,2366
410956,5894,43.80000000000044,557
411023,5895,2.3000000000000025,67
411693,5896,50.60000000000054,670
411909,5897,15.399999999999995,216
412465,5898,44.30000000000045,556
412986,5899,42.90000000000036,521
413806,5900,74.59999999999994,820
414625,5901,73.30000000000003,819
414765,5902,7.799999999999972,140
416109,5903,117.39999999999716,1344
416251,5904,12.799999999999969,142
417635,5905,124.09999999999681,1384
418306,5906,62.70000000000056,671
418862,5907,49.10000000000047,556
419454,5908,47.00000000000048,592
419560,5909,5.3,106
419610,5910,-6.299999999999999,50
419712,5911,2.5000000000000044,102
420192,5912,38.5000000000003,480
420750,5913,46.30000000000043,558
421683,5914,79.59999999999977,933
422010,5915,28.000000000000163,327
423131,5916,95.69999999999865,1121
423988,5917,63.60000000000073,857
424882,5918,76.59999999999985,894
424971,5919,5.699999999999987,89
425303,5920,26.70000000000016,332
426751,5921,121.79999999999724,1448
426844,5922,5.49999999999999,93
427548,5923,66.30000000000037,704
427716,5924,12.999999999999963,168
428819,5925,95.39999999999853,1103
429263,5926,32.80000000000027,444
429932,5927,62.50000000000047,669
430567,5928,54.000000000000554,635
430709,5929,11.59999999999997,142
431190,5930,46.4000000000004,481
431294,5931,9.89999999999998,104
431549,5932,24.400000000000087,255
431784,5933,19.100000000000065,235
432340,5934,46.70000000000042,556
432390,5935,-2.099999999999998,50
432557,5936,12.299999999999962,167
432771,5937,18.800000000000008,214
432871,5938,7.699999999999983,100
433123,5939,16.900000000000013,252
433435,5940,25.000000000000135,312
433539,5941,6.299999999999985,104
434020,5942,44.60000000000035,481
434122,5943,9.099999999999982,102
434183,5944,3.1999999999999957,61
434664,5945,42.80000000000035,481
434915,5946,21.60000000000007,251
434965,5947,-5.099999999999998,50
435333,5948,33.00000000000021,368
435435,5949,9.099999999999982,102
435485,5950,-0.8999999999999986,50
435851,5951,32.800000000000225,366
435992,5952,12.699999999999969,141
436078,5953,2.3999999999999897,86
436128,5954,-0.8999999999999986,50
436718,5955,53.40000000000052,590
436901,5956,14.79999999999996,183
438244,5957,129.29999999999717,1343
438538,5958,24.400000000000095,294
438588,5959,-0.8999999999999986,50
438638,5960,-0.8999999999999986,50
438892,5961,23.10000000000006,254
438942,5962,-0.8999999999999986,50
439046,5963,9.299999999999981,104
439209,5964,10.099999999999964,163
439577,5965,36.000000000000256,368
439760,5966,16.599999999999966,183
440463,5967,62.60000000000064,703
440566,5968,7.999999999999982,103
440672,5969,6.499999999999982,106
440722,5970,-0.8999999999999986,50
440826,5971,8.099999999999987,104
440931,5972,9.99999999999998,105
440997,5973,1.6000000000000019,66
441251,5974,15.299999999999965,254
441352,5975,5.999999999999991,101
441493,5976,10.89999999999997,141
441656,5977,7.6999999999999655,163
441909,5978,26.00000000000008,253
443274,5979,128.49999999999676,1365
443529,5980,22.000000000000043,255
443671,5981,12.799999999999969,142
444149,5982,44.90000000000037,478
444784,5983,54.00000000000057,635
445679,5984,85.69999999999939,895
445862,5985,12.999999999999963,183
446230,5986,33.000000000000206,368
446525,5987,29.300000000000136,295
446740,5988,17.70000000000002,215
446808,5989,6.5999999999999925,68
448153,5990,119.2999999999975,1345
448335,5991,10.499999999999961,182
448589,5992,18.300000000000036,254
448955,5993,29.200000000000202,366
449436,5994,43.40000000000033,481
449618,5995,12.299999999999962,182
450418,5996,72.29999999999986,800
450468,5997,-0.8999999999999986,50
451494,5998,77.4999999999998,1026
451580,5999,-3.552713678800501e-15,86
451947,6000,30.500000000000234,367
452051,6001,5.699999999999983,104
452101,6002,-6.899999999999999,50
452223,6003,3.2999999999999847,122
452667,6004,32.20000000000025,444
454109,6005,115.19999999999702,1442
454439,6006,27.70000000000016,330
454489,6007,-5.699999999999998,50
454852,6008,34.300000000000225,363
454902,6009,-6.899999999999999,50
454952,6010,-8.099999999999998,50
455171,6011,18.100000000000016,219
455918,6012,66.70000000000039,747
455968,6013,-4.499999999999998,50
457713,6014,158.0999999999951,1745
457763,6015,-6.299999999999999,50
457813,6016,-2.699999999999998,50
457863,6017,-0.8999999999999986,50
458193,6018,25.300000000000146,330
458243,6019,-5.099999999999998,50
458365,6020,5.099999999999978,122
458677,6021,28.600000000000154,312
458727,6022,-6.899999999999999,50
459039,6023,22.00000000000011,312
459674,6024,48.600000000000534,635
462379,6025,242.69999999999,2705
462562,6026,17.200000000000006,183
463382,6027,72.80000000000008,820
463524,6028,13.999999999999968,142
464343,6029,71.50000000000007,819
465127,6030,71.90000000000013,784
465267,6031,12.59999999999997,140
465368,6032,8.999999999999982,101
465849,6033,33.20000000000033,481
465915,6034,4.599999999999994,66
466211,6035,28.800000000000143,296
466352,6036,12.09999999999997,141
466568,6037,18.999999999999996,216
466654,6038,0.599999999999997,86
467812,6039,106.29999999999818,1158
468180,6040,31.800000000000203,368
469224,6041,98.19999999999857,1044
469437,6042,18.70000000000002,213
472481,6043,265.4999999999925,3044
473378,6044,81.69999999999958,897
474423,6045,87.49999999999898,1045
474529,6046,9.49999999999998,106
475877,6047,108.79999999999824,1348
478546,6048,229.199999999991,2669
478596,6049,-8.099999999999998,50
478814,6050,17.400000000000002,218
479633,6051,78.69999999999975,819
480529,6052,78.59999999999965,896
481313,6053,67.10000000000022,784
482244,6054,75.19999999999989,931
483254,6055,81.2999999999996,1010
483845,6056,50.50000000000045,591
483951,6057,8.89999999999998,106
484489,6058,47.00000000000044,538
484631,6059,12.199999999999969,142
485223,6060,54.8000000000005,592
486362,6061,102.8999999999982,1139
486412,6062,-8.099999999999998,50
486843,6063,36.00000000000032,431
486913,6064,4.3999999999999995,70
487471,6065,52.30000000000046,558
487537,6066,1.6000000000000019,66
488511,6067,87.59999999999926,974
488677,6068,14.59999999999997,166
488746,6069,0.7000000000000028,69
488796,6070,-6.299999999999999,50
489277,6071,37.40000000000034,481
489798,6072,45.90000000000041,521
490164,6073,32.800000000000225,366
490512,6074,28.30000000000019,348
491556,6075,83.7999999999994,1044
491835,6076,25.000000000000096,279
491887,6077,0.5000000000000018,52
493462,6078,140.49999999999588,1575
494763,6079,124.49999999999724,1301
495656,6080,74.69999999999972,893
497324,6081,152.79999999999566,1668
497578,6082,17.099999999999966,254
497717,6083,8.899999999999977,139
497971,6084,26.1000000000001,254
499093,6085,88.5999999999992,1122
499416,6086,29.70000000000016,323
500041,6087,57.50000000000056,625
500337,6088,27.60000000000014,296
500520,6089,11.799999999999958,183
501979,6090,133.99999999999685,1459
502191,6091,19.200000000000056,212
503199,6092,90.09999999999886,1008
503382,6093,17.199999999999985,183
504164,6094,66.90000000000043,782
505024,6095,78.89999999999965,860
505074,6096,-5.699999999999998,50
505367,6097,28.50000000000013,293
505417,6098,-0.8999999999999986,50
506051,6099,57.5000000000006,634
506440,6100,30.900000000000205,389
506716,6101,22.30000000000011,276
506802,6102,2.9999999999999893,86
507395,6103,48.90000000000049,593
508215,6104,68.60000000000043,820
508301,6105,2.9999999999999893,86
508707,6106,38.30000000000028,406
508848,6107,10.29999999999997,141
509708,6108,74.09999999999995,860
510038,6109,31.30000000000016,330
510218,6110,18.1,180
510586,6111,34.80000000000021,368
511124,6112,52.400000000000475,538
511225,6113,8.399999999999983,101
511329,6114,9.299999999999981,104
511718,6115,31.50000000000025,389
512046,6116,31.700000000000195,328
512774,6117,63.30000000000037,728
513295,6118,48.90000000000041,521
513607,6119,25.60000000000013,312
514407,6120,66.90000000000025,800
514513,6121,7.099999999999982,106
514599,6122,2.9999999999999893,86
515268,6123,60.1000000000006,669
515448,6124,15.699999999999978,180
515796,6125,27.100000000000172,348
516010,6126,18.200000000000003,214
516151,6127,13.299999999999969,141
516405,6128,24.300000000000086,254
516659,6129,19.50000000000005,254
517007,6130,24.70000000000015,348
517076,6131,6.0999999999999925,69
517746,6132,61.40000000000062,670
518301,6133,47.800000000000416,555
518407,6134,7.099999999999982,106
518508,6135,7.799999999999983,101
519933,6136,121.29999999999691,1425
520038,6137,6.399999999999983,105
520293,6138,22.000000000000043,255
521490,6139,107.49999999999787,1197
521899,6140,35.000000000000234,409
522531,6141,51.9000000000005,632
522825,6142,23.800000000000107,294
523484,6143,60.000000000000604,659
523852,6144,31.200000000000223,368
523957,6145,6.999999999999982,105
524588,6146,60.800000000000594,631
524727,6147,11.89999999999997,139
525054,6148,31.000000000000163,327
525270,6149,19.000000000000025,216
525370,6150,7.099999999999984,100
526025,6151,57.800000000000594,655
527147,6152,100.59999999999826,1122
527402,6153,25.000000000000064,255
527696,6154,23.200000000000095,294
527951,6155,22.60000000000006,255
528412,6156,41.10000000000035,461
528514,6157,9.099999999999982,102
528922,6158,31.900000000000247,408
529329,6159,38.40000000000026,407
529506,6160,15.999999999999975,177
529987,6161,46.40000000000038,481
530201,6162,18.800000000000004,214
530641,6163,35.40000000000027,440
530781,6164,11.99999999999997,140
531262,6165,41.00000000000029,481
531670,6166,37.30000000000029,408
532602,6167,83.69999999999953,932
532707,6168,11.19999999999998,105
532757,6169,2.6999999999999993,50
533331,6170,46.700000000000465,574
533660,6171,31.800000000000175,329
534516,6172,86.29999999999939,856
534730,6173,19.40000000000004,214
534870,6174,11.99999999999997,140
535052,6175,11.099999999999964,182
535189,6176,11.099999999999971,137
536383,6177,102.39999999999833,1194
536638,6178,23.200000000000063,255
536743,6179,6.999999999999982,105
536953,6180,17.500000000000025,210
537003,6181,-0.8999999999999986,50
537220,6182,19.700000000000045,217
537362,6183,9.799999999999981,142
537643,6184,26.400000000000116,281
537739,6185,7.599999999999984,96
538374,6186,58.80000000000058,635
538514,6187,11.99999999999997,140
538803,6188,20.300000000000058,289
538902,6189,9.399999999999983,99
539154,6190,23.50000000000006,252
539332,6191,17.299999999999997,178
539757,6192,30.000000000000306,425
539976,6193,19.90000000000003,219
540533,6194,51.60000000000047,557
540673,6195,11.99999999999997,140
541667,6196,82.3999999999996,994
541773,6197,7.099999999999982,106
542066,6198,29.70000000000014,293
542278,6199,22.200000000000063,212
542834,6200,50.300000000000495,556
542937,6201,8.599999999999982,103
543078,6202,10.899999999999975,141
543443,6203,27.900000000000162,365
543584,6204,11.49999999999997,141
544291,6205,60.0000000000006,707
545039,6206,66.80000000000041,748
545407,6207,27.000000000000146,368
545661,6208,16.499999999999996,254
545840,6209,12.59999999999997,179
546398,6210,46.90000000000046,558
546581,6211,14.199999999999957,183
546721,6212,10.19999999999997,140
546787,6213,5.799999999999994,66
547551,6214,60.600000000000534,764
547615,6215,0.8000000000000012,64
548362,6216,72.10000000000008,747
548501,6217,12.49999999999997,139
548641,6218,10.79999999999997,140
549179,6219,45.80000000000044,538
549315,6220,10.999999999999972,136
549497,6221,11.09999999999996,182
549906,6222,35.00000000000027,409
550238,6223,23.70000000000017,332
550873,6224,55.20000000000053,635
551241,6225,28.80000000000017,368
551291,6226,-6.299999999999999,50
551618,6227,29.20000000000017,327
551832,6228,19.400000000000006,214
551885,6229,2.9999999999999982,53
552067,6230,15.899999999999967,182
552208,6231,10.299999999999978,141
552330,6232,5.099999999999984,122
552394,6233,4.999999999999995,64
553065,6234,59.10000000000061,671
554563,6235,141.7999999999964,1498
554858,6236,29.300000000000153,295
555253,6237,33.90000000000026,395
555323,6238,5.5999999999999925,70
555768,6239,38.3000000000003,445
556099,6240,27.800000000000153,331
556502,6241,38.00000000000029,403
556572,6242,6.199999999999992,70
557373,6243,69.40000000000019,801
558118,6244,61.10000000000067,745
558301,6245,10.59999999999996,183
559121,6246,75.80000000000004,820
559885,6247,51.6000000000006,764
560217,6248,21.900000000000077,332
560548,6249,30.200000000000202,331
560878,6250,31.900000000000176,330
560982,6251,8.099999999999985,104
561201,6252,23.500000000000075,219
561565,6253,30.800000000000182,364
561800,6254,15.500000000000021,235
562244,6255,34.000000000000306,444
562347,6256,10.39999999999998,103
563732,6257,116.99999999999727,1385
563915,6258,17.199999999999985,183
564263,6259,18.700000000000166,348
564429,6260,10.399999999999963,166
564535,6261,4.100000000000001,106
564603,6262,5.999999999999993,68
565380,6263,67.60000000000034,777
566501,6264,109.49999999999805,1121
567511,6265,89.69999999999919,1010
568146,6266,56.40000000000057,635
568514,6267,36.000000000000234,368
568769,6268,20.800000000000058,255
569436,6269,53.300000000000516,667
571201,6270,157.9999999999951,1765
571569,6271,31.200000000000216,368
571787,6272,19.80000000000003,218
572000,6273,21.100000000000044,213
572070,6274,4.399999999999994,70
572515,6275,43.70000000000036,445
573318,6276,78.59999999999978,803
573666,6277,28.30000000000016,348
573807,6278,10.89999999999997,141
573896,6279,5.099999999999987,89
574890,6280,88.99999999999915,994
574989,6281,9.399999999999983,99
575093,6282,9.299999999999981,104
575179,6283,1.1999999999999966,86
575961,6284,74.10000000000004,782
576160,6285,12.199999999999985,199
576376,6286,20.20000000000003,216
576426,6287,0.3000000000000007,50
577661,6288,110.99999999999785,1235
577711,6289,-0.8999999999999986,50
578151,6290,42.6000000000003,440
578469,6291,25.60000000000014,318
578642,6292,13.49999999999996,173
579311,6293,58.30000000000058,669
579942,6294,54.20000000000053,631
579992,6295,-5.099999999999998,50
580175,6296,12.99999999999996,183
580316,6297,7.899999999999972,141
581506,6298,87.89999999999934,1190
582512,6299,88.09999999999913,1006
583070,6300,45.10000000000044,558
586260,6301,275.2999999999939,3190
587270,6302,93.8999999999988,1010
587970,6303,65.30000000000051,700
588111,6304,12.69999999999997,141
588279,6305,15.399999999999984,168
588640,6306,35.90000000000024,361
588853,6307,16.899999999999974,213
588915,6308,5.399999999999995,62
589129,6309,18.20000000000001,214
589534,6310,34.00000000000025,405
589598,6311,4.399999999999999,64
590626,6312,87.89999999999937,1028
591861,6313,116.39999999999745,1235
591966,6314,6.999999999999986,105
593464,6315,138.79999999999612,1498
593675,6316,20.000000000000043,211
593775,6317,7.699999999999983,100
594064,6318,27.50000000000013,289
594471,6319,37.800000000000246,407
596609,6320,189.2999999999932,2138
597912,6321,118.69999999999754,1303
598844,6322,75.29999999999978,932
599176,6323,27.900000000000162,332
599318,6324,12.799999999999969,142
599569,6325,24.600000000000076,251
602271,6326,254.99999999999022,2702
602567,6327,22.800000000000107,296
602635,6328,4.799999999999997,68
602777,6329,13.999999999999968,142
602995,6330,14.39999999999995,218
603327,6331,26.100000000000104,332
603497,6332,5.999999999999975,170
603904,6333,39.600000000000264,407
604007,6334,6.199999999999983,103
604222,6335,20.10000000000002,215
604666,6336,39.400000000000325,444
607895,6337,296.8999999999985,3229
608020,6338,9.599999999999977,125
608070,6339,-6.299999999999999,50
608627,6340,44.400000000000404,557
608750,6341,10.599999999999975,123
608800,6342,-7.499999999999998,50
609342,6343,43.800000000000345,542
610273,6344,80.59999999999948,931
610980,6345,67.80000000000037,707
611084,6346,7.499999999999982,104
611300,6347,20.80000000000004,216
611480,6348,17.499999999999982,180
611583,6349,7.999999999999982,103
611931,6350,23.500000000000114,348
612320,6351,35.700000000000244,389
612484,6352,14.999999999999979,164
612666,6353,14.699999999999957,182
612878,6354,19.800000000000022,212
613041,6355,14.899999999999977,163
614241,6356,109.59999999999775,1200
614347,6357,4.699999999999992,106
616522,6358,207.09999999999297,2175
617192,6359,59.60000000000058,670
617375,6360,11.799999999999965,183
618082,6361,65.4000000000006,707
619205,6362,106.69999999999808,1123
620025,6363,69.8000000000001,820
620505,6364,39.70000000000035,480
620674,6365,10.099999999999962,169
621155,6366,43.4000000000004,481
621485,6367,27.700000000000177,330
621588,6368,9.799999999999983,103
621761,6369,16.5,173
622658,6370,89.49999999999918,897
622780,6371,6.899999999999977,122
623035,6372,23.200000000000085,255
623515,6373,44.50000000000039,480
623620,6374,9.39999999999998,105
624851,6375,102.19999999999808,1231
625065,6376,19.400000000000013,214
625659,6377,58.00000000000053,594
626026,6378,36.500000000000234,367
626236,6379,18.70000000000002,210
626286,6380,-6.899999999999999,50
626731,6381,36.500000000000334,445
626986,6382,25.00000000000008,255
627092,6383,7.099999999999982,106
627194,6384,9.099999999999982,102
627487,6385,28.500000000000156,293
627588,6386,7.799999999999983,101
628031,6387,41.10000000000032,443
629152,6388,102.29999999999842,1121
630161,6389,82.99999999999925,1009
630624,6390,44.90000000000036,463
630841,6391,10.69999999999995,217
631021,6392,13.899999999999958,180
631124,6393,7.399999999999986,103
631343,6394,21.700000000000035,219
631598,6395,24.400000000000063,255
632908,6396,114.29999999999785,1310
633162,6397,20.70000000000001,254
633212,6398,-0.8999999999999986,50
633262,6399,1.5,50
634497,6400,119.99999999999761,1235
634732,6401,19.100000000000065,235
634836,6402,9.899999999999983,104
635071,6403,19.70000000000003,235
635193,6404,5.699999999999978,122
635261,6405,5.399999999999997,68
635686,6406,34.80000000000023,425
635849,6407,10.699999999999964,163
636013,6408,15.599999999999998,164
636152,6409,12.49999999999997,139
636257,6410,6.399999999999983,105
636379,6411,6.899999999999977,122
636481,6412,9.099999999999982,102
636585,6413,9.299999999999981,104
636653,6414,4.799999999999994,68
636775,6415,7.499999999999977,122
637071,6416,29.400000000000126,296
637177,6417,4.699999999999985,106
637412,6418,18.500000000000053,235
637482,6419,2.0,70
637532,6420,-1.4999999999999982,50
637637,6421,7.599999999999982,105
637739,6422,9.099999999999982,102
637809,6423,6.199999999999993,70
637879,6424,4.9999999999999964,70
638304,6425,36.000000000000306,425
638374,6426,6.199999999999992,70
638476,6427,9.099999999999982,102
638544,6428,5.999999999999993,68
638614,6429,6.199999999999992,70
639136,6430,46.00000000000038,522
639199,6431,4.899999999999997,63
639266,6432,5.899999999999994,67
639443,6433,17.199999999999996,177
639888,6434,44.30000000000035,445
640182,6435,22.600000000000055,294
640286,6436,7.499999999999982,104
640355,6437,6.0999999999999925,69
641103,6438,59.000000000000696,748
641286,6439,18.400000000000006,183
641336,6440,-0.8999999999999986,50
641631,6441,28.100000000000133,295
641850,6442,21.10000000000007,219
642105,6443,21.40000000000006,255
642211,6444,10.09999999999998,106
642523,6445,22.00000000000014,312
642686,6446,10.699999999999964,163
643241,6447,46.60000000000044,555
643343,6448,9.699999999999982,102
643484,6449,11.499999999999972,141
643961,6450,32.20000000000031,477
644143,6451,17.1,182
644326,6452,15.999999999999968,183
644734,6453,31.30000000000021,408
644839,6454,9.99999999999998,105
645054,6455,15.299999999999994,215
645344,6456,24.000000000000068,290
645599,6457,22.60000000000006,255
645652,6458,2.3999999999999986,53
646020,6459,34.20000000000025,368
646071,6460,2.1999999999999993,51
646177,6461,9.49999999999998,106
646508,6462,32.6000000000002,331
646856,6463,28.30000000000019,348
646924,6464,2.399999999999998,68
647101,6465,15.399999999999956,177
647542,6466,40.30000000000034,441
647791,6467,22.00000000000005,249
647841,6468,-0.8999999999999986,50
647947,6469,10.09999999999998,106
648277,6470,32.50000000000017,330
648378,6471,8.999999999999982,101
648428,6472,-5.099999999999998,50
648758,6473,28.90000000000019,330
649125,6474,34.700000000000216,367
649795,6475,65.00000000000054,670
649897,6476,9.099999999999982,102
649947,6477,-6.899999999999999,50
650009,6478,5.399999999999995,62
650522,6479,48.40000000000042,513
650889,6480,34.10000000000023,367
650939,6481,-6.899999999999999,50
651002,6482,4.299999999999995,63
651176,6483,15.39999999999998,174
651317,6484,12.69999999999997,141
652176,6485,78.19999999999983,859
652244,6486,5.999999999999993,68
652294,6487,-6.899999999999999,50
652400,6488,8.899999999999983,106
652542,6489,6.799999999999976,142
653060,6490,42.00000000000032,518
653165,6491,9.99999999999998,105
653271,6492,10.09999999999998,106
653445,6493,12.399999999999963,174
653541,6494,6.399999999999984,96
653793,6495,22.300000000000054,252
654154,6496,32.3000000000002,361
654596,6497,44.600000000000314,442
654795,6498,14.599999999999984,199
654862,6499,5.899999999999994,67
655001,6500,14.299999999999969,139
655141,6501,12.59999999999997,140
655235,6502,7.399999999999984,94
655301,6503,5.799999999999994,66
655351,6504,-5.099999999999998,50
655606,6505,22.600000000000083,255
655785,6506,15.599999999999959,179
656341,6507,44.90000000000045,556
656483,6508,12.199999999999969,142
656551,6509,5.399999999999995,68
657632,6510,95.59999999999854,1081
657851,6511,18.7,219
657916,6512,5.099999999999994,65
657979,6513,4.299999999999995,63
658065,6514,2.3999999999999897,86
658315,6515,22.10000000000006,250
658569,6516,25.5000000000001,254
658752,6517,19.000000000000007,183
658802,6518,-0.8999999999999986,50
659037,6519,13.69999999999997,235
659159,6520,7.499999999999977,122
659281,6521,9.299999999999976,122
659463,6522,14.699999999999969,182
659680,6523,13.699999999999955,217
659802,6524,5.099999999999982,122
659985,6525,15.399999999999963,183
660165,6526,13.299999999999958,180
660215,6527,-0.8999999999999986,50
660469,6528,23.100000000000076,254
660836,6529,38.90000000000026,367
660899,6530,5.499999999999995,63
661264,6531,33.900000000000205,365
661447,6532,15.999999999999975,183
661629,6533,12.299999999999967,182
661803,6534,14.799999999999972,174
661870,6535,2.8999999999999986,67
662010,6536,14.399999999999968,140
662076,6537,5.199999999999994,66
662168,6538,5.999999999999989,92
662271,6539,7.999999999999984,103
662321,6540,-0.8999999999999986,50
662720,6541,31.30000000000026,399
663201,6542,47.000000000000405,481
663251,6543,-0.8999999999999986,50
663577,6544,21.90000000000007,326
663907,6545,34.30000000000022,330
664201,6546,26.20000000000011,294
664323,6547,5.699999999999978,122
664386,6548,4.899999999999997,63
664455,6549,5.499999999999996,69
664630,6550,16.099999999999994,175
664734,6551,9.89999999999998,104
664804,6552,4.399999999999997,70
664984,6553,15.099999999999962,180
665106,6554,6.299999999999978,122
665169,6555,4.899999999999995,63
665499,6556,25.30000000000015,330
665811,6557,18.40000000000007,312
665994,6558,15.999999999999968,183
666205,6559,13.399999999999949,211
666273,6560,6.5999999999999925,68
666372,6561,9.399999999999983,99
666477,6562,7.599999999999984,105
666870,6563,32.500000000000185,393
666976,6564,3.4999999999999947,106
667226,6565,24.50000000000008,250
667328,6566,9.099999999999982,102
667429,6567,5.999999999999989,101
667570,6568,13.299999999999969,141
667638,6569,4.7999999999999945,68
667970,6570,21.300000000000093,332
668112,6571,9.19999999999997,142
668293,6572,18.199999999999992,181
668927,6573,50.90000000000046,634
668994,6574,5.899999999999993,67
669168,6575,14.19999999999996,174
669340,6576,13.999999999999963,172
669744,6577,29.70000000000028,404
669848,6578,6.899999999999983,104
670442,6579,56.80000000000051,594
670542,6580,8.899999999999983,100
670608,6581,5.199999999999994,66
670827,6582,20.500000000000032,219
670892,6583,4.499999999999995,65
671447,6584,50.80000000000044,555
671663,6585,17.199999999999985,216
671766,6586,8.599999999999982,103
672174,6587,39.10000000000028,408
672506,6588,26.70000000000012,332
672724,6589,14.399999999999947,218
673160,6590,38.3000000000003,436
673603,6591,39.90000000000027,443
674272,6592,58.900000000000595,669
674887,6593,54.10000000000055,615
675287,6594,39.20000000000028,400
675392,6595,10.59999999999998,105
675568,6596,16.499999999999982,176
676352,6597,68.90000000000039,784
676571,6598,18.10000000000001,219
676858,6599,24.000000000000142,287
677112,6600,17.69999999999999,254
677215,6601,8.599999999999982,103
677432,6602,22.10000000000006,217
677499,6603,5.899999999999993,67
677681,6604,18.900000000000013,182
677768,6605,4.899999999999988,87
678325,6606,51.600000000000456,557
678918,6607,49.50000000000051,593
678985,6608,4.699999999999994,67
679427,6609,41.00000000000034,442
679872,6610,34.700000000000266,445
680729,6611,80.99999999999952,857
681284,6612,47.80000000000046,555
681383,6613,9.399999999999983,99
681601,6614,22.80000000000006,218
682158,6615,42.00000000000041,557
682448,6616,25.80000000000011,290
682666,6617,14.999999999999947,218
683147,6618,43.40000000000034,481
683212,6619,3.899999999999995,65
683353,6620,7.899999999999972,141
683607,6621,17.09999999999998,254
683705,6622,9.299999999999983,98
683807,6623,7.299999999999985,102
684431,6624,46.60000000000049,624
685324,6625,71.7000000000003,893
685726,6626,34.90000000000026,402
686771,6627,97.69999999999861,1045
686947,6628,6.8999999999999915,176
687010,6629,4.899999999999997,63
687452,6630,40.40000000000034,442
687860,6631,28.900000000000205,408
687966,6632,8.89999999999998,106
688170,6633,13.89999999999996,204
688274,6634,8.699999999999982,104
688511,6635,18.100000000000033,237
689324,6636,73.89999999999988,813
689487,6637,13.099999999999962,163
691437,6638,180.3999999999941,1950
691540,6639,7.399999999999983,103
691985,6640,38.900000000000325,445
692425,6641,37.200000000000294,440
692526,6642,7.199999999999985,101
692631,6643,10.59999999999998,105
692999,6644,34.80000000000023,368
693062,6645,5.499999999999995,63
693732,6646,56.00000000000063,670
693967,6647,18.500000000000053,235
694028,6648,3.7999999999999954,61
694459,6649,30.000000000000185,431
695242,6650,68.20000000000044,783
695295,6651,2.3999999999999986,53
695617,6652,24.200000000000124,322
695758,6653,12.09999999999997,141
696767,6654,79.99999999999974,1009
697323,6655,41.90000000000037,556
697994,6656,63.90000000000049,671
698044,6657,-0.8999999999999986,50
698601,6658,43.200000000000415,557
699534,6659,81.99999999999929,933
699866,6660,20.700000000000063,332
699952,6661,2.3999999999999932,86
700093,6662,4.299999999999978,141
700143,6663,-6.899999999999999,50
700475,6664,26.100000000000115,332
700617,6665,7.399999999999986,142
701288,6666,63.30000000000058,671
703266,6667,181.99999999999366,1978
704950,6668,155.29999999999532,1684
705133,6669,14.799999999999956,183
705197,6670,4.399999999999999,64
705606,6671,36.20000000000025,409
707857,6672,191.2999999999925,2251
708152,6673,23.900000000000112,295
708597,6674,43.10000000000032,445
709171,6675,49.700000000000514,574
709465,6676,22.600000000000104,294
709755,6677,26.400000000000112,290
710231,6678,42.90000000000038,476
710524,6679,21.90000000000008,293
711646,6680,87.99999999999909,1122
711845,6681,12.79999999999998,199
712121,6682,25.900000000000126,276
712643,6683,43.00000000000042,522
713502,6684,69.8000000000003,859
714770,6685,113.39999999999766,1268
714911,6686,10.89999999999997,141
716034,6687,97.69999999999843,1123
717152,6688,110.39999999999819,1118
717971,6689,73.3000000000001,819
720034,6690,191.9999999999935,2063
720269,6691,17.300000000000026,235
720319,6692,-0.8999999999999986,50
720651,6693,18.900000000000045,332
721453,6694,78.49999999999972,802
722083,6695,61.9000000000006,630
722148,6696,3.9000000000000004,65
722402,6697,24.30000000000008,254
722452,6698,-8.099999999999998,50
722502,6699,-6.899999999999999,50
723702,6700,106.59999999999823,1200
723771,6701,6.099999999999993,69
724405,6702,61.70000000000055,634
725302,6703,76.89999999999986,897
725407,6704,10.59999999999998,105
726075,6705,63.00000000000061,668
726181,6706,5.899999999999988,106
726851,6707,51.80000000000054,670
727599,6708,62.000000000000696,748
728157,6709,48.70000000000046,558
728297,6710,11.39999999999997,140
728960,6711,66.40000000000032,663
729064,6712,8.099999999999982,104
729126,6713,5.399999999999995,62
729232,6714,2.900000000000004,106
729301,6715,4.899999999999993,69
729823,6716,48.40000000000041,522
730343,6717,36.200000000000315,520
731087,6718,62.20000000000071,744
731155,6719,4.7999999999999945,68
733069,6720,159.09999999999485,1914
734450,6721,120.79999999999762,1381
736211,6722,170.7999999999948,1761
736506,6723,26.30000000000013,295
737403,6724,82.89999999999945,897
737507,6725,9.89999999999998,104
737557,6726,-8.099999999999998,50
738079,6727,45.40000000000042,522
738142,6728,1.8999999999999995,63
738197,6729,2.599999999999998,55
741996,6730,329.60000000001014,3799
742138,6731,7.9999999999999805,142
742243,6732,5.199999999999983,105
742801,6733,54.70000000000048,558
742851,6734,-6.299999999999999,50
742955,6735,4.500000000000002,104
743662,6736,72.00000000000014,707
744670,6737,94.8999999999988,1008
746810,6738,179.89999999999293,2140
747739,6739,82.79999999999917,929
748636,6740,77.49999999999986,897
749870,6741,107.8999999999977,1234
749940,6742,4.999999999999993,70
751418,6743,128.6999999999967,1478
752166,6744,65.00000000000055,748
752498,6745,29.700000000000177,332
752681,6746,15.999999999999972,183
753802,6747,95.69999999999848,1121
753907,6748,9.39999999999998,105
754090,6749,16.0,183
754648,6750,45.70000000000047,558
755205,6751,51.00000000000046,557
756101,6752,77.99999999999984,896
756736,6753,55.200000000000585,635
756842,6754,10.69999999999998,106
757771,6755,75.59999999999975,929
757952,6756,16.999999999999982,181
758002,6757,-0.8999999999999986,50
758596,6758,49.00000000000047,594
758702,6759,8.89999999999998,106
758807,6760,9.99999999999998,105
760606,6761,161.6999999999953,1799
760656,6762,-6.899999999999999,50
760760,6763,4.499999999999991,104
761431,6764,66.90000000000036,671
762097,6765,65.80000000000045,666
762201,6766,9.299999999999981,104
763134,6767,88.59999999999938,933
764500,6768,117.19999999999774,1366
767431,6769,263.499999999992,2931
767537,6770,9.49999999999998,106
768208,6771,45.300000000000544,671
771102,6772,266.69999999999294,2894
771547,6773,42.50000000000035,445
771843,6774,29.400000000000162,296
773339,6775,126.5999999999965,1496
773591,6776,22.30000000000007,252
773923,6777,26.100000000000108,332
775533,6778,150.29999999999538,1610
775583,6779,-6.899999999999999,50
775866,6780,23.600000000000083,283
777102,6781,112.29999999999792,1236
777301,6782,8.599999999999955,199
777708,6783,35.40000000000028,407
778266,6784,48.70000000000047,558
778316,6785,-6.299999999999999,50
778608,6786,23.600000000000144,292
779201,6787,53.70000000000052,593
779251,6788,-5.699999999999998,50
780487,6789,101.49999999999778,1236
780702,6790,18.90000000000001,215
780921,6791,19.30000000000001,219
781764,6792,70.89999999999978,843
783904,6793,200.89999999999307,2140
784384,6794,43.900000000000354,480
784434,6795,-5.099999999999998,50
784484,6796,-0.8999999999999986,50
784815,6797,32.000000000000185,331
784865,6798,-7.499999999999998,50
785256,6799,34.70000000000024,391
785664,6800,31.300000000000203,408
786370,6801,55.10000000000063,706
787039,6802,58.900000000000595,669
787335,6803,30.000000000000163,296
787514,6804,11.99999999999996,179
787697,6805,9.99999999999996,183
788104,6806,36.000000000000256,407
788244,6807,7.799999999999972,140
789253,6808,93.79999999999905,1009
789394,6809,7.899999999999972,141
789575,6810,16.399999999999974,181
789871,6811,27.600000000000115,296
790054,6812,12.399999999999958,183
790347,6813,26.700000000000102,293
790415,6814,5.399999999999996,68
791122,6815,43.80000000000061,707
791188,6816,5.199999999999994,66
791520,6817,30.900000000000162,332
791590,6818,6.799999999999992,70
791640,6819,-8.099999999999998,50
791935,6820,26.900000000000112,295
792077,6821,12.199999999999973,142
792820,6822,63.900000000000674,743
792906,6823,1.7999999999999918,86
793069,6824,5.299999999999969,163
793473,6825,38.70000000000026,404
793916,6826,46.500000000000355,443
794096,6827,13.299999999999967,180
794990,6828,77.19999999999989,894
795738,6829,71.60000000000014,748
796069,6830,15.799999999999969,331
796740,6831,56.100000000000556,671
797940,6832,111.99999999999798,1200
798062,6833,5.699999999999978,122
798297,6834,17.900000000000045,235
798347,6835,-7.499999999999998,50
798397,6836,-8.099999999999998,50
798500,6837,10.39999999999998,103
798981,6838,42.20000000000036,481
799042,6839,3.7999999999999954,61
799109,6840,5.899999999999993,67
799515,6841,38.30000000000028,406
799565,6842,-7.499999999999998,50
799784,6843,19.900000000000016,219
799925,6844,12.09999999999997,141
800558,6845,59.80000000000057,633
800608,6846,-0.8999999999999986,50
800694,6847,2.9999999999999893,86
800796,6848,6.699999999999985,102
800846,6849,-7.499999999999998,50
801629,6850,72.40000000000005,783
802600,6851,92.09999999999903,971
802737,6852,11.099999999999975,137
802787,6853,-0.8999999999999986,50
803797,6854,104.09999999999854,1010
803979,6855,13.499999999999957,182
804272,6856,23.700000000000067,293
805132,6857,75.89999999999989,860
805236,6858,8.099999999999982,104
805567,6859,32.00000000000016,331
805749,6860,15.899999999999967,182
805854,6861,8.199999999999982,105
806489,6862,52.200000000000585,635
806550,6863,3.7999999999999954,61
807106,6864,49.70000000000045,556
807156,6865,-0.8999999999999986,50
807676,6866,41.00000000000036,520
808154,6867,35.90000000000036,478
808937,6868,77.7999999999999,783
809268,6869,31.400000000000183,331
809563,6870,25.70000000000011,295
809970,6871,40.20000000000027,407
810073,6872,7.999999999999982,103
810440,6873,35.30000000000021,367
810880,6874,40.20000000000029,440
811286,6875,36.50000000000023,406
811372,6876,2.3999999999999906,86
813078,6877,155.69999999999516,1706
813216,6878,11.799999999999976,138
813415,6879,11.599999999999962,199
813953,6880,38.60000000000039,538
814623,6881,53.60000000000052,670
815032,6882,38.600000000000286,409
815249,6883,20.300000000000036,217
815918,6884,66.10000000000043,669
816020,6885,9.699999999999982,102
816691,6886,63.9000000000006,671
816869,6887,17.299999999999997,178
816919,6888,-0.8999999999999986,50
817061,6889,13.399999999999968,142
817126,6890,4.499999999999995,65
817796,6891,58.40000000000057,670
817977,6892,16.39999999999998,181
818081,6893,5.099999999999984,104
818601,6894,44.60000000000036,520
819120,6895,47.500000000000426,519
819601,6896,41.00000000000037,481
820045,6897,46.00000000000034,444
820298,6898,20.60000000000006,253
820512,6899,21.200000000000035,214
820578,6900,1.6,66
820628,6901,-2.099999999999998,50
820872,6902,18.199999999999996,244
821655,6903,64.60000000000063,783
821795,6904,11.99999999999997,140
821845,6905,-4.499999999999998,50
822593,6906,68.00000000000031,748
823300,6907,55.20000000000058,707
823935,6908,50.40000000000048,635
824003,6909,5.999999999999994,68
824635,6910,57.30000000000054,632
824685,6911,-6.299999999999999,50
824790,6912,6.999999999999982,105
824931,6913,10.89999999999997,141
825299,6914,33.60000000000023,368
825594,6915,26.300000000000107,295
826227,6916,50.20000000000054,633
826513,6917,26.300000000000118,286
827742,6918,106.19999999999789,1229
828484,6919,66.80000000000045,742
828666,6920,18.300000000000004,182
830411,6921,155.09999999999542,1745
830517,6922,8.89999999999998,106
830585,6923,5.999999999999993,68
830767,6924,9.29999999999996,182
831472,6925,55.000000000000604,705
831727,6926,18.40000000000002,255
832208,6927,46.40000000000036,481
832388,6928,15.699999999999978,180
832438,6929,-0.8999999999999986,50
832882,6930,40.60000000000031,444
833628,6931,63.00000000000064,746
834941,6932,121.19999999999732,1313
835010,6933,5.499999999999993,69
835148,6934,9.999999999999972,138
835367,6935,18.700000000000003,219
836299,6936,83.09999999999962,932
836594,6937,26.30000000000013,295
837262,6938,58.80000000000059,668
837704,6939,35.600000000000264,442
839766,6940,187.09999999999386,2062
839871,6941,6.399999999999984,105
839976,6942,9.39999999999998,105
842783,6943,258.2999999999905,2807
843190,6944,34.80000000000029,407
844649,6945,130.99999999999653,1459
845433,6946,61.70000000000063,784
845632,6947,15.200000000000017,199
847676,6948,188.59999999999312,2044
849023,6949,129.09999999999712,1347
849617,6950,55.00000000000051,594
851947,6951,212.39999999999213,2330
852053,6952,5.899999999999983,106
852905,6953,78.99999999999967,852
854064,6954,105.79999999999795,1159
854319,6955,26.80000000000011,255
855066,6956,68.50000000000017,747
855850,6957,65.90000000000047,784
857040,6958,104.69999999999817,1190
858125,6959,100.19999999999862,1085
859168,6960,102.29999999999868,1043
859310,6961,11.59999999999997,142
859493,6962,11.799999999999958,183
860390,6963,90.09999999999924,897
861399,6964,93.19999999999865,1009
863233,6965,175.69999999999428,1834
864205,6966,90.3999999999991,972
864423,6967,21.000000000000032,218
867656,6968,297.29999999999984,3233
868249,6969,56.100000000000556,593
868355,6970,7.6999999999999815,106
869252,6971,78.6999999999997,897
870375,6972,91.69999999999882,1123
872365,6973,174.49999999999426,1990
872696,6974,30.20000000000016,331
875734,6975,263.699999999991,3038
876029,6976,16.10000000000001,295
878730,6977,254.8999999999903,2701
879095,6978,34.50000000000023,365
885642,6979,594.5000000000657,6547
885728,6980,1.7999999999999954,86
885829,6981,8.999999999999982,101
887020,6982,117.99999999999758,1191
887088,6983,4.799999999999999,68
887759,6984,51.90000000000053,671
892306,6985,415.2000000000261,4547
892899,6986,50.700000000000465,593
894831,6987,175.29999999999418,1932
897988,6988,289.69999999999686,3157
899712,6989,160.79999999999507,1724
900151,6990,39.500000000000334,439
900201,6991,-5.699999999999998,50
901210,6992,90.19999999999918,1009
902219,6993,89.59999999999883,1009
902288,6994,4.899999999999997,69
902882,6995,54.400000000000524,594
904940,6996,186.0999999999933,2058
905833,6997,79.49999999999982,893
905897,6998,4.399999999999996,64
906777,6999,74.89999999999986,880
907299,7000,35.80000000000036,522
912828,7001,497.20000000004677,5529
913159,7002,32.6000000000002,331
914281,7003,89.19999999999891,1122
914689,7004,30.10000000000023,408
915734,7005,98.29999999999845,1045
916179,7006,34.70000000000033,445
916717,7007,37.400000000000375,538
916935,7008,14.399999999999947,218
917945,7009,81.29999999999959,1010
918483,7010,45.80000000000044,538
920361,7011,173.79999999999444,1878
921561,7012,115.59999999999756,1200
921666,7013,7.599999999999985,105
922110,7014,38.8000000000003,444
923117,7015,92.39999999999924,1007
923752,7016,61.80000000000059,635
923857,7017,8.199999999999983,105
924040,7018,15.399999999999967,183
924220,7019,18.70000000000001,180
924270,7020,-5.699999999999998,50
924393,7021,3.9999999999999796,123
925096,7022,68.00000000000036,703
925747,7023,56.80000000000057,651
926979,7024,112.4999999999977,1232
928439,7025,135.2999999999965,1460
929335,7026,81.59999999999957,896
931511,7027,197.59999999999275,2176
931653,7028,9.799999999999978,142
932323,7029,60.2000000000006,670
933219,7030,84.59999999999924,896
933551,7031,26.100000000000158,332
935089,7032,138.2999999999964,1538
935723,7033,55.700000000000585,634
936809,7034,90.69999999999837,1086
936878,7035,6.099999999999993,69
938453,7036,144.09999999999602,1575
938914,7037,37.50000000000035,461
939981,7038,102.8999999999981,1067
940442,7039,33.90000000000029,461
940564,7040,6.299999999999978,122
940614,7041,-0.8999999999999986,50
941171,7042,52.20000000000049,557
944666,7043,322.6000000000062,3495
947218,7044,241.79999999999092,2552
948109,7045,72.70000000000024,891
948251,7046,7.399999999999972,142
949296,7047,81.49999999999942,1045
953391,7048,365.80000000001496,4095
954324,7049,80.79999999999946,933
956609,7050,190.7999999999936,2285
957279,7051,50.60000000000044,670
959209,7052,168.49999999999432,1930
961687,7053,231.9999999999909,2478
962619,7054,71.10000000000039,932
962818,7055,11.59999999999997,199
965975,7056,293.89999999999986,3157
966550,7057,54.00000000000052,575
967447,7058,77.4999999999997,897
969958,7059,229.599999999991,2511
970548,7060,51.0000000000005,590
970787,7061,20.700000000000056,239
971118,7062,30.80000000000018,331
972316,7063,110.59999999999802,1198
974568,7064,196.19999999999285,2252
975917,7065,126.29999999999706,1349
977229,7066,121.0999999999975,1312
978008,7067,64.80000000000058,779
978076,7068,4.799999999999997,68
980119,7069,172.89999999999444,2043
980169,7070,-7.499999999999998,50
980273,7071,9.299999999999981,104
981056,7072,71.80000000000024,783
981272,7073,14.799999999999947,216
984654,7074,298.9999999999997,3382
987133,7075,220.69999999999138,2479
988179,7076,103.1999999999984,1046
988753,7077,47.900000000000475,574
990328,7078,142.29999999999632,1575
991449,7079,100.49999999999847,1121
993285,7080,166.89999999999438,1836
995198,7081,179.3999999999941,1913
996470,7082,119.79999999999728,1272
999244,7083,257.6999999999906,2774
999984,7084,72.90000000000005,740
1000048,7085,3.200000000000001,64
