timestep,policy_loss,value_loss,entropy_loss,clip_fraction,approx_kl,learning_rate
1024,0.00039298844058066607,5.376609742641449,-0.6929959803819656,0.0,9.865011088550091e-05,9.989754098360657e-05
2048,-7.300882134586573e-05,4.488799750804901,-0.6924757286906242,0.0,8.595362305641174e-05,9.979508196721312e-05
3072,0.0004474761663004756,3.9591804146766663,-0.6913557723164558,0.0,3.417738480493426e-05,9.969262295081968e-05
4096,0.00012641423381865025,3.2877237796783447,-0.6912229359149933,0.0,7.980503141880035e-06,9.959016393442624e-05
5120,-0.0010381138417869806,2.484187126159668,-0.6894102245569229,0.0,0.00015822751447558403,9.948770491803279e-05
6144,0.0013008217792958021,2.4211259186267853,-0.6840612962841988,0.0009765625,0.00036376886419020593,9.938524590163934e-05
7168,-0.0006948900991119444,1.7048060446977615,-0.6851658150553703,0.0,0.00016302173025906086,9.92827868852459e-05
8192,0.00018344586715102196,1.1677692979574203,-0.6881539300084114,0.0,7.647142047062516e-05,9.918032786885247e-05
9216,-0.0012937398860231042,0.8473856374621391,-0.6830615922808647,0.0,0.0005002496473025531,9.907786885245903e-05
10240,-0.0011776983737945557,0.5390747673809528,-0.6735555678606033,0.0,0.000799179048044607,9.897540983606558e-05
11264,-0.0024002729915082455,0.2121580820530653,-0.658592589199543,0.0,0.0005145382892806083,9.887295081967214e-05
12288,-0.0073106540367007256,0.3096656855195761,-0.635479249060154,0.0,0.0014489786990452558,9.87704918032787e-05
13312,-0.006388292706105858,0.5166779831051826,-0.590929701924324,0.001953125,0.0017284089408349246,9.866803278688525e-05
14336,-0.0039279533084481955,0.48203669488430023,-0.5426224991679192,0.001953125,0.001147946051787585,9.85655737704918e-05
15360,-0.002386966807534918,0.6534868963062763,-0.4990304000675678,0.0,0.0004095799522474408,9.846311475409836e-05
16384,-0.003493686148431152,0.4498388506472111,-0.47155239433050156,0.0,0.00039260686025954783,9.836065573770493e-05
17408,-0.0023687469074502587,0.540616050362587,-0.42934828624129295,0.0,0.0004540233057923615,9.825819672131148e-05
18432,-0.0028460179455578327,0.41008196771144867,-0.4043945446610451,0.0009765625,0.00043113873107358813,9.815573770491804e-05
19456,-0.0018619518377818167,0.18859736621379852,-0.3585120439529419,0.0029296875,0.000562294851988554,9.80532786885246e-05
20480,-0.002130968146957457,0.2064147535711527,-0.3267608731985092,0.0029296875,0.00046399913844652474,9.795081967213115e-05
21504,-0.0016300121205858886,0.2946356553584337,-0.2981692962348461,0.0,0.00017895724158734083,9.784836065573771e-05
22528,-0.0012731532333418727,0.2602880783379078,-0.28811948746442795,0.0,0.00013767872587777674,9.774590163934426e-05
23552,-1.7139827832579613e-05,0.30323901027441025,-0.27800748869776726,0.0,0.00020108892931602895,9.764344262295082e-05
24576,-0.0002047618618234992,0.3447825890034437,-0.2717493027448654,0.0,4.550459561869502e-05,9.754098360655737e-05
25600,-0.003015575115568936,0.28718659095466137,-0.25272467359900475,0.0029296875,0.0005197212158236653,9.743852459016394e-05
26624,-0.0017150528728961945,0.36112789809703827,-0.22218973375856876,0.0009765625,0.00024016047245822847,9.73360655737705e-05
27648,-0.0004356084973551333,0.4181533195078373,-0.22010071203112602,0.0,0.00010430256952531636,9.723360655737706e-05
28672,-0.0005368392448872328,0.35863472521305084,-0.22254629619419575,0.0,9.568879613652825e-05,9.713114754098361e-05
29696,0.00014305487275123596,0.328119158744812,-0.23004288040101528,0.0,5.818679346702993e-05,9.702868852459017e-05
30720,-0.0005108288023620844,0.3350824359804392,-0.2475962359458208,0.0,7.933710003271699e-05,9.692622950819674e-05
31744,0.0003502696054056287,0.30512646213173866,-0.2418708298355341,0.0,7.598093361593783e-05,9.682377049180328e-05
32768,-0.0008936441736295819,0.39417747780680656,-0.20425964519381523,0.0,0.0001380867906846106,9.672131147540983e-05
33792,-0.0004438059404492378,0.313859723508358,-0.22663063183426857,0.0,1.987462746910751e-05,9.66188524590164e-05
34816,-0.0004777561407536268,0.32033979520201683,-0.23071865737438202,0.0009765625,6.035398109816015e-05,9.651639344262296e-05
35840,-0.0010618867818266153,0.3050595112144947,-0.19799922592937946,0.0009765625,0.00010253587970510125,9.641393442622951e-05
36864,-0.0007865797961130738,0.3527713343501091,-0.21796917915344238,0.0,1.889572013169527e-05,9.631147540983607e-05
37888,-0.0009655673056840897,0.23971400037407875,-0.2042526677250862,0.0,7.825379725545645e-05,9.620901639344263e-05
38912,-0.0009269589791074395,0.3140081875026226,-0.21794509142637253,0.0,9.72458510659635e-05,9.610655737704918e-05
39936,-0.0005777989572379738,0.2742247823625803,-0.19366316311061382,0.0009765625,0.0001310545194428414,9.600409836065573e-05
40960,-0.0020182642620056868,0.30979997105896473,-0.23315159417688847,0.001953125,0.0001747916976455599,9.59016393442623e-05
41984,-0.000993417459540069,0.36879074200987816,-0.21207564510405064,0.0009765625,0.00015661862562410533,9.579918032786886e-05
43008,0.00010382628533989191,0.5093743540346622,-0.19675990007817745,0.0,5.102547584101558e-05,9.56967213114754e-05
44032,-0.0002302834764122963,0.23509417846798897,-0.18842361867427826,0.001953125,0.0001053056912496686,9.559426229508197e-05
45056,-0.0005376789486035705,0.47489818185567856,-0.19126464799046516,0.0,3.320179530419409e-05,9.549180327868853e-05
46080,-0.0005449991440400481,0.28986043110489845,-0.1900266595184803,0.0,6.588641554117203e-05,9.53893442622951e-05
47104,-0.0005178524879738688,0.3093958031386137,-0.19668740779161453,0.0,6.809085607528687e-05,9.528688524590164e-05
48128,-0.0009608783875592053,0.29789884574711323,-0.19302581809461117,0.0009765625,9.2558708274737e-05,9.51844262295082e-05
49152,-0.0005247381050139666,0.365837886929512,-0.19355830922722816,0.0009765625,6.9103465648368e-05,9.508196721311476e-05
50176,-0.0011651149252429605,0.40618931502103806,-0.1835351698100567,0.0009765625,7.10248714312911e-05,9.497950819672132e-05
51200,-0.000319982529617846,0.3078051954507828,-0.17506592720746994,0.0009765625,9.69156390056014e-05,9.487704918032787e-05
52224,-0.0005460894899442792,0.31464774906635284,-0.18279116973280907,0.0,1.5349272871389985e-05,9.477459016393443e-05
53248,-0.00036030285991728306,0.3390957713127136,-0.15707064792513847,0.0009765625,0.00012961617903783917,9.467213114754099e-05
54272,-0.00036679633194580674,0.36508769169449806,-0.15983245894312859,0.0,3.520984319038689e-05,9.456967213114754e-05
55296,-0.00033803225960582495,0.37427222914993763,-0.1834289338439703,0.0,5.9443176724016666e-05,9.44672131147541e-05
56320,-0.00033535307738929987,0.3422924652695656,-0.19602429866790771,0.0,4.705844912678003e-05,9.436475409836067e-05
57344,0.000370159512385726,0.2958077918738127,-0.16620737314224243,0.0,6.0690013924613595e-05,9.426229508196722e-05
58368,-0.0017958181560970843,0.2036781944334507,-0.1730360947549343,0.0,0.0001590152969583869,9.415983606557376e-05
59392,-0.000988446525298059,0.36339226737618446,-0.1303602922707796,0.0009765625,0.00011474339407868683,9.405737704918033e-05
60416,4.5967637561261654e-05,0.39150531962513924,-0.16686619631946087,0.0,3.309312160126865e-05,9.395491803278689e-05
61440,-0.0012849082704633474,0.3923233933746815,-0.1583028919994831,0.0,0.00022999531938694417,9.385245901639344e-05
62464,0.00024030287750065327,0.43621018528938293,-0.16091110929846764,0.0,7.431424455717206e-05,9.375e-05
63488,-0.0015839490806683898,0.44432448595762253,-0.11953720450401306,0.0,6.459411815740168e-05,9.364754098360656e-05
64512,8.523289579898119e-06,0.4984092228114605,-0.12103970348834991,0.0,4.474769230000675e-05,9.354508196721313e-05
65536,-8.639693260192871e-05,0.5207711681723595,-0.15524187311530113,0.0,7.091643055900931e-06,9.344262295081968e-05
66560,-0.000453545362688601,0.4524659402668476,-0.14964551199227571,0.0,5.507093737833202e-05,9.334016393442624e-05
67584,-0.000772329221945256,0.5059265717864037,-0.13782026059925556,0.0009765625,0.00012021497241221368,9.323770491803279e-05
68608,-0.0010561450035311282,0.40770936757326126,-0.11430749949067831,0.0029296875,0.0002867004950530827,9.313524590163935e-05
69632,-0.0001399967586621642,0.331814207136631,-0.1403358019888401,0.0,5.864549893885851e-05,9.30327868852459e-05
70656,-0.0018478245474398136,0.3658120855689049,-0.1505011934787035,0.0009765625,0.0002819551737047732,9.293032786885246e-05
71680,0.0010074308374896646,0.3315000291913748,-0.1104986984282732,0.005859375,0.0006204616802278906,9.282786885245903e-05
72704,4.7196110244840384e-05,0.5007169470191002,-0.10260795522481203,0.0,4.337620339356363e-05,9.272540983606557e-05
73728,-0.0003394933883100748,0.34340113401412964,-0.13056671526283026,0.0,1.658982364460826e-05,9.262295081967214e-05
74752,-0.00034796789987012744,0.4794711247086525,-0.1094075907021761,0.0,1.5175959561020136e-05,9.25204918032787e-05
75776,-0.0010183630511164665,0.3870166130363941,-0.12942884396761656,0.001953125,0.0002974165545310825,9.241803278688526e-05
76800,-0.0008555576205253601,0.405916728079319,-0.1014836672693491,0.0029296875,0.00025476995506323874,9.23155737704918e-05
77824,0.00020956824300810695,0.6786428317427635,-0.1148151196539402,0.00390625,0.00036026063025929034,9.221311475409836e-05
78848,-0.00026708171935752034,0.4062236547470093,-0.14113398641347885,0.0,2.5048910174518824e-05,9.211065573770492e-05
79872,0.00041635590605437756,0.3660062085837126,-0.10716823488473892,0.0,0.0001039120543282479,9.200819672131149e-05
80896,0.000783839263021946,0.4586910381913185,-0.10269335098564625,0.0,0.00013270991621538997,9.190573770491804e-05
81920,-0.00019315170357003808,0.39699867740273476,-0.09722439479082823,0.0,5.5884942412376404e-05,9.18032786885246e-05
82944,-0.0009288814617320895,0.5006445497274399,-0.08687314577400684,0.0009765625,0.0001349699159618467,9.170081967213116e-05
83968,-9.946199133992195e-05,0.3253475930541754,-0.0910809151828289,0.0,2.9100599931553006e-05,9.159836065573771e-05
84992,1.3689626939594746e-05,0.49981458112597466,-0.09841485600918531,0.0,1.2305332347750664e-05,9.149590163934427e-05
86016,0.00018574821297079325,0.6033725328743458,-0.09372204076498747,0.0,1.399137545377016e-05,9.139344262295082e-05
87040,-0.0006701527163386345,0.43982020020484924,-0.1011705631390214,0.0,0.00011107695172540843,9.129098360655738e-05
88064,-0.00019128492567688227,0.4325283281505108,-0.08681562636047602,0.0,4.06499020755291e-05,9.118852459016393e-05
89088,8.07910691946745e-06,0.46961659938097,-0.09127697255462408,0.0,6.490416126325727e-05,9.10860655737705e-05
90112,-0.00017524603754281998,0.46962063387036324,-0.08726874366402626,0.0,2.199813025072217e-05,9.098360655737706e-05
91136,-0.0006985950749367476,0.778162807226181,-0.0944159310311079,0.001953125,0.00019846943905577064,9.088114754098361e-05
92160,0.00011681899195536971,0.40423445403575897,-0.07494810130447149,0.0,4.1222432628273964e-05,9.077868852459017e-05
93184,-0.0008266654913313687,0.4885772690176964,-0.08151224302127957,0.0009765625,0.00013300194405019283,9.067622950819672e-05
94208,3.3147167414426804e-05,0.5918178148567677,-0.0935486676171422,0.0,4.322617314755917e-06,9.05737704918033e-05
95232,0.0005155514809302986,0.4098961167037487,-0.08342410158365965,0.0,6.856216350570321e-05,9.047131147540983e-05
96256,0.00020890054292976856,0.49021967872977257,-0.08508186787366867,0.0,4.5278487959876657e-05,9.03688524590164e-05
97280,-3.074080450460315e-05,0.46344417333602905,-0.08941755443811417,0.0,2.028324524872005e-05,9.026639344262296e-05
98304,-0.0005606606719084084,0.5196779631078243,-0.1036506062373519,0.0,9.24296909943223e-05,9.016393442622952e-05
99328,-9.360414696857333e-05,0.4494437798857689,-0.07777608139440417,0.0,0.0001538434298709035,9.006147540983607e-05
100352,0.0005443661648314446,0.5650856122374535,-0.07292115362361073,0.0,0.00010371080134063959,8.995901639344263e-05
101376,-0.0017557823448441923,0.25068635307252407,-0.05293161980807781,0.005859375,0.0003809690533671528,8.98565573770492e-05
102400,-0.000986207916866988,0.6052199713885784,-0.061091586481779814,0.0107421875,0.0006724429840687662,8.975409836065574e-05
103424,-0.00013204390415921807,0.48566241934895515,-0.09346573892980814,0.0,5.463341949507594e-06,8.965163934426229e-05
104448,-0.00020788528490811586,0.43053750321269035,-0.07161320745944977,0.0,3.2460957299917936e-05,8.954918032786885e-05
105472,-0.0004338242579251528,0.49848656728863716,-0.08327172044664621,0.0,7.397480658255517e-05,8.944672131147542e-05
106496,0.00027236476307734847,0.5246364586055279,-0.06728284992277622,0.0,5.111659993417561e-05,8.934426229508197e-05
107520,-0.00016282254364341497,0.644403725862503,-0.06753274612128735,0.0009765625,0.00015312270261347294,8.924180327868853e-05
108544,-0.00017447001300752163,0.40455467626452446,-0.07482188567519188,0.0,6.644194945693016e-05,8.913934426229509e-05
109568,0.0008551453938707709,0.3694656305015087,-0.0707429782487452,0.0029296875,0.0002862151595763862,8.903688524590164e-05
110592,-0.00040305411675944924,0.5400500558316708,-0.07486678473651409,0.0,5.292354035191238e-05,8.89344262295082e-05
111616,0.0006722257821820676,0.5142903849482536,-0.07438998064026237,0.0029296875,0.00020737480372190475,8.883196721311475e-05
112640,0.0004366972716525197,0.6202843710780144,-0.07659525284543633,0.0,3.310406464152038e-05,8.872950819672131e-05
113664,7.75784719735384e-05,0.575516402721405,-0.09919578954577446,0.0,1.0850810213014483e-05,8.862704918032786e-05
114688,-0.0011167344637215137,0.3707740306854248,-0.06665442232042551,0.0,5.6404503993690014e-05,8.852459016393443e-05
115712,0.0003002207959070802,0.28966111689805984,-0.06263024313375354,0.0,3.896799171343446e-05,8.842213114754099e-05
116736,2.972671063616872e-05,0.40697797015309334,-0.06305428687483072,0.0,4.406640073284507e-06,8.831967213114755e-05
117760,0.000264499569311738,0.5532965734601021,-0.0617084801197052,0.0,2.1572108380496502e-05,8.82172131147541e-05
118784,0.0003096296568401158,0.5077968798577785,-0.07440755050629377,0.0,5.180281004868448e-05,8.811475409836066e-05
119808,-0.0008589130593463778,0.6864933893084526,-0.07129292609170079,0.0,0.00010286405449733138,8.801229508196723e-05
120832,-0.0005128991906531155,0.3976375572383404,-0.0766794765368104,0.001953125,0.00017749620019458234,8.790983606557378e-05
121856,-0.00034330127527937293,0.40691957250237465,-0.06650668056681752,0.0,1.606935984455049e-05,8.780737704918032e-05
122880,-8.340709609910846e-05,0.6986011788249016,-0.08356381859630346,0.0,2.5776796974241734e-05,8.770491803278689e-05
123904,-0.0003645491960924119,0.6200496852397919,-0.06534822983667254,0.0,1.5075929695740342e-05,8.760245901639345e-05
124928,-0.00027296150801703334,0.5262782461941242,-0.07206870382651687,0.0,1.5488796634599566e-05,8.75e-05
125952,0.00016996823251247406,0.45380033180117607,-0.06335539324209094,0.0,4.6383211156353354e-05,8.739754098360656e-05
126976,-0.0008409942965954542,0.7476049587130547,-0.07993288617581129,0.0029296875,0.0002627647772897035,8.729508196721312e-05
128000,-0.0001867680111899972,0.6912088356912136,-0.08761369902640581,0.001953125,0.0002314611047040671,8.719262295081967e-05
129024,7.5160060077905655e-06,0.4155874662101269,-0.05633480800315738,0.0,6.824784213677049e-05,8.709016393442624e-05
130048,-0.0006322826957330108,0.4606466516852379,-0.06885510822758079,0.0009765625,0.0001713473757263273,8.698770491803279e-05
131072,0.00018869375344365835,0.55719955265522,-0.06085355766117573,0.0,9.036078699864447e-05,8.688524590163935e-05
132096,-6.874266546219587e-06,0.6796345189213753,-0.06497379252687097,0.0,9.439332643523812e-06,8.67827868852459e-05
133120,-1.9541941583156586e-05,0.44886916503310204,-0.0757803488522768,0.0,9.006820619106293e-05,8.668032786885246e-05
134144,0.0007041507633402944,0.44162987545132637,-0.05775423068553209,0.0009765625,0.00011643109610304236,8.657786885245902e-05
135168,-0.0002943990984931588,0.45860887318849564,-0.07681138347834349,0.0009765625,9.082790347747505e-05,8.647540983606559e-05
136192,-0.00021810259204357862,0.4226321913301945,-0.08009230252355337,0.0,8.885664283297956e-05,8.637295081967213e-05
137216,-0.0002643719781190157,0.4851536899805069,-0.07691900338977575,0.0029296875,0.0002759463095571846,8.627049180327868e-05
138240,0.00022325711324810982,0.5602599196135998,-0.07055313372984529,0.0,2.175799454562366e-05,8.616803278688526e-05
139264,-0.00011067755986005068,0.6879263296723366,-0.0683463728055358,0.0,3.3958000130951405e-05,8.606557377049181e-05
140288,-1.9635946955531836e-05,0.43110594525933266,-0.05315908510237932,0.0,1.0131043381989002e-05,8.596311475409836e-05
141312,0.0005757880862802267,0.5139458179473877,-0.0574579774402082,0.0009765625,5.854250048287213e-05,8.586065573770492e-05
142336,-0.0001397724263370037,0.3889335095882416,-0.06031124433502555,0.001953125,0.000209973833989352,8.575819672131148e-05
143360,0.0005224344786256552,0.6748574674129486,-0.06584243942052126,0.0,6.38691708445549e-05,8.565573770491803e-05
144384,0.00042788713471964,0.4319020174443722,-0.07494480069726706,0.0,0.00014464656123891473,8.55532786885246e-05
145408,0.00011590076610445976,0.38809165358543396,-0.061893084086477757,0.0,8.197821443900466e-06,8.545081967213116e-05
146432,0.0004431380075402558,0.5361725464463234,-0.07004407653585076,0.0,7.322776946239173e-05,8.53483606557377e-05
147456,-0.00031819940340938047,0.40766695514321327,-0.06822310015559196,0.0,0.00010786857455968857,8.524590163934427e-05
148480,0.0005986521719023585,0.601478535681963,-0.06910788686946034,0.005859375,0.0002881539985537529,8.514344262295082e-05
149504,-0.0010532381129451096,0.5772556886076927,-0.07054370641708374,0.0029296875,0.0002491587365511805,8.504098360655738e-05
150528,-0.0018841259297914803,0.6632699370384216,-0.07546982541680336,0.0087890625,0.0007774387486279011,8.493852459016394e-05
151552,-0.00034650787711143494,0.4405040703713894,-0.0610322542488575,0.0,0.00011341841309331357,8.483606557377049e-05
152576,0.000976732757408172,0.5412771552801132,-0.07474891236051917,0.0009765625,0.00021506304619833827,8.473360655737706e-05
153600,-0.0009572640410624444,0.5789818502962589,-0.05347262555733323,0.0009765625,0.00015315492055378854,8.463114754098362e-05
154624,6.896542618051171e-05,0.3905581310391426,-0.049862615298479795,0.0,3.6702636862173676e-05,8.452868852459017e-05
155648,-0.0004931652219966054,0.4261803589761257,-0.059537021443247795,0.0,9.019020944833755e-05,8.442622950819672e-05
156672,-6.575667066499591e-05,0.5881796926259995,-0.056425715796649456,0.0009765625,0.00014154173550195992,8.432377049180329e-05
157696,-0.0005122650181874633,0.5838193595409393,-0.05138449743390083,0.009765625,0.00107154410216026,8.422131147540984e-05
158720,0.00146787179983221,0.727869663387537,-0.06833228189498186,0.0009765625,0.00024753418983891606,8.411885245901639e-05
159744,-0.0008301280904561281,0.7722475156188011,-0.09051616117358208,0.0048828125,0.0004293216043151915,8.401639344262295e-05
160768,0.0011797875631600618,0.6703276634216309,-0.06430238066241145,0.001953125,0.00019454967696219683,8.391393442622952e-05
161792,-0.00023822265211492777,0.7117528095841408,-0.07075055968016386,0.0,5.547943874262273e-05,8.381147540983607e-05
162816,0.0002937200479209423,0.43358514085412025,-0.05626529920846224,0.0,6.191010470502079e-05,8.370901639344263e-05
163840,0.00030044803861528635,0.28600291535258293,-0.05673287436366081,0.0,3.4031516406685114e-05,8.360655737704919e-05
164864,0.00041177007369697094,0.3872081842273474,-0.07653634157031775,0.0,2.830353332683444e-05,8.350409836065574e-05
165888,0.00038646961911581457,0.7072701677680016,-0.06932865874841809,0.0,1.549802254885435e-05,8.34016393442623e-05
166912,-0.0003255008487030864,0.6188139021396637,-0.07142047910019755,0.0,1.546158455312252e-05,8.329918032786885e-05
167936,4.550744779407978e-05,0.658007375895977,-0.0626610154286027,0.0,1.9669125322252512e-05,8.319672131147541e-05
168960,0.0007151932222768664,0.5663755759596825,-0.066693723667413,0.0009765625,0.00012759381206706166,8.309426229508198e-05
169984,-0.00024345314886886626,0.525465838611126,-0.07010333612561226,0.0,2.7560628950595856e-05,8.299180327868853e-05
171008,-0.0007846531225368381,0.4731617607176304,-0.054576965514570475,0.001953125,0.0002148144703824073,8.288934426229509e-05
172032,-0.0002212883555330336,0.412512443959713,-0.0552000415045768,0.0,3.852040390484035e-05,8.278688524590165e-05
173056,0.0004081885563209653,0.5967604778707027,-0.057420418597757816,0.0,9.659380884841084e-05,8.26844262295082e-05
174080,-0.0006692655151709914,0.5662220343947411,-0.05821865610778332,0.0,7.578503573313355e-05,8.258196721311475e-05
175104,0.0014106850721873343,0.7730598896741867,-0.05485320230945945,0.0029296875,0.0001835165312513709,8.247950819672133e-05
176128,-0.0006092434050515294,0.5399446226656437,-0.05920455139130354,0.001953125,0.00018690378055907786,8.237704918032787e-05
177152,-0.0005566198087763041,0.6255658380687237,-0.05061708902940154,0.0048828125,0.0004032576398458332,8.227459016393442e-05
178176,-9.409652557224035e-05,0.5991637408733368,-0.05897935014218092,0.0009765625,9.516265708953142e-05,8.217213114754099e-05
179200,-0.000502646085806191,0.8815674930810928,-0.07066735252737999,0.0,0.0001145900459960103,8.206967213114755e-05
180224,0.0009323417325504124,0.6944257579743862,-0.08536272402852774,0.0146484375,0.0010394411510787904,8.19672131147541e-05
181248,0.0006999065517447889,0.5826693139970303,-0.07378615206107497,0.0009765625,0.00019726139726117253,8.186475409836066e-05
182272,0.0013334250543266535,0.5189003050327301,-0.07004964770749211,0.00390625,0.0004533640167210251,8.176229508196722e-05
183296,-0.0001370976970065385,0.656529538333416,-0.06144034815952182,0.0,0.00010594871127977967,8.165983606557377e-05
184320,-0.000960693578235805,0.6729661375284195,-0.06012074509635568,0.009765625,0.0004842387861572206,8.155737704918032e-05
185344,-8.782593067735434e-05,0.6032155156135559,-0.06776416162028909,0.0009765625,0.0001363168121315539,8.145491803278688e-05
186368,0.001449943461921066,0.6612491384148598,-0.06204293482005596,0.0009765625,0.00017494638450443745,8.135245901639345e-05
187392,-0.0020293164416216314,0.5747031569480896,-0.06338802119717002,0.01171875,0.0008597136475145817,8.125000000000001e-05
188416,-3.9301346987485886e-05,0.692964032292366,-0.06648420076817274,0.0,2.0637409761548042e-05,8.114754098360656e-05
189440,0.0008779395866440609,0.8365899473428726,-0.07217252347618341,0.0029296875,0.0003174490120727569,8.104508196721312e-05
190464,-3.059837035834789e-05,0.46643612161278725,-0.05334697151556611,0.0009765625,0.00010693355579860508,8.094262295081968e-05
191488,-0.0013877741293981671,0.7336520403623581,-0.05458064563572407,0.0029296875,0.0002806985576171428,8.084016393442623e-05
192512,-1.6614736523479223e-05,0.6569174230098724,-0.056066210847347975,0.0009765625,5.3158641094341874e-05,8.073770491803278e-05
193536,2.5302637368440628e-05,0.6011379286646843,-0.05970949772745371,0.0,3.255670890212059e-05,8.063524590163935e-05
194560,0.00021175021538510919,0.5603360459208488,-0.05181414261460304,0.0,1.2178497854620218e-05,8.053278688524591e-05
195584,0.00040303420973941684,0.6487323269248009,-0.05060641304589808,0.0,0.0001075456093531102,8.043032786885246e-05
196608,-0.0003994493745267391,0.519012801349163,-0.05370331695303321,0.0029296875,0.0002621249295771122,8.032786885245902e-05
197632,-0.0008575104147894308,0.4735613130033016,-0.055255135986953974,0.0029296875,0.00020589240011759102,8.022540983606558e-05
198656,0.0013148620491847396,0.42609231546521187,-0.056621319614350796,0.0,0.00013127646525390446,8.012295081967213e-05
199680,0.0003191141877323389,0.4270091541111469,-0.05159688740968704,0.0107421875,0.0006037429848220199,8.002049180327868e-05
200704,0.00046285707503557205,0.48485417291522026,-0.06249453220516443,0.0,6.077621947042644e-05,7.991803278688526e-05
201728,-0.00031202181708067656,0.5347742587327957,-0.06756589468568563,0.0009765625,0.00010733027011156082,7.98155737704918e-05
202752,0.0004602433764375746,0.6249603182077408,-0.054201571736484766,0.0,4.5469729229807854e-05,7.971311475409835e-05
203776,-0.0002324385568499565,0.5907291136682034,-0.05950448755174875,0.0,1.8093007383868098e-05,7.961065573770492e-05
204800,-0.00020696409046649933,0.5749754533171654,-0.05477160448208451,0.00390625,0.0004232994979247451,7.950819672131148e-05
205824,0.00029351096600294113,0.4590934254229069,-0.04980941815301776,0.0,1.9078404875472188e-05,7.940573770491804e-05
206848,-0.0012811957276426256,0.6693578138947487,-0.054937958251684904,0.001953125,0.00021453638328239322,7.930327868852459e-05
207872,0.0005199823062866926,0.6245336905121803,-0.047930672531947494,0.00390625,0.0002520986017771065,7.920081967213115e-05
208896,-0.00031682848930358887,0.34823479130864143,-0.04694204218685627,0.005859375,0.00029225327307358384,7.90983606557377e-05
209920,0.0007981964154168963,0.26875353418290615,-0.04194744466803968,0.0009765625,0.0002491303312126547,7.899590163934427e-05
210944,-0.0002527753822505474,0.4414595142006874,-0.051665001548826694,0.0,4.782207543030381e-05,7.889344262295082e-05
211968,0.00018331618048250675,0.693982683122158,-0.06153181428089738,0.0,7.14021734893322e-06,7.879098360655738e-05
212992,0.0002652904950082302,0.3053216617554426,-0.044802604243159294,0.00390625,0.00022330164210870862,7.868852459016394e-05
214016,-0.0003468315117061138,0.4755524471402168,-0.05650197993963957,0.0,4.536175401881337e-05,7.858606557377049e-05
215040,-0.00019425246864557266,0.3242546562105417,-0.05289143556728959,0.00390625,0.00025209292653016746,7.848360655737705e-05
216064,0.0006384302978403866,1.2202868610620499,-0.06433632783591747,0.0009765625,0.00018204012303613126,7.838114754098362e-05
217088,-0.0014173902454786003,0.4581790827214718,-0.055545415263623,0.001953125,0.00025543454103171825,7.827868852459018e-05
218112,0.0014050420722924173,0.5400396026670933,-0.047505837166681886,0.0,0.00015358978998847306,7.817622950819671e-05
219136,-0.0021074352553114295,0.5435202643275261,-0.059178694151341915,0.0126953125,0.0008606911287643015,7.807377049180329e-05
220160,0.00017392414156347513,0.48178140819072723,-0.06521258130669594,0.001953125,0.0002263160713482648,7.797131147540984e-05
221184,-0.00024816219229251146,0.8632175251841545,-0.05387426889501512,0.001953125,0.00012581577175296843,7.78688524590164e-05
222208,4.968931898474693e-05,0.28917557932436466,-0.05408182879909873,0.0,5.963820149190724e-05,7.776639344262295e-05
223232,3.477523569017649e-05,1.0183224454522133,-0.054025888442993164,0.0,3.7224410334602e-05,7.766393442622951e-05
224256,-0.00011521711712703109,0.24504519253969193,-0.052450410556048155,0.0,5.070975748822093e-05,7.756147540983608e-05
225280,0.0004989102017134428,1.1368406936526299,-0.059569737408310175,0.0,2.535083331167698e-05,7.745901639344263e-05
226304,3.3685792004689574e-05,0.2896434646099806,-0.05242014257237315,0.0,9.278184734284878e-06,7.735655737704919e-05
227328,-0.00017201725859194994,0.6106775254011154,-0.04701959481462836,0.0,8.693934069015086e-05,7.725409836065574e-05
228352,-0.0003094567218795419,0.8390850722789764,-0.06899209786206484,0.0,3.510803799144924e-05,7.71516393442623e-05
229376,-0.0001402512425556779,0.6143182553350925,-0.05850904667750001,0.0,7.89263576734811e-05,7.704918032786885e-05
230400,-0.0003900068113580346,0.4755591042339802,-0.04575527645647526,0.0,3.3261021599173546e-05,7.694672131147541e-05
231424,-0.0004016696475446224,0.6317569650709629,-0.04956483980640769,0.0048828125,0.00032543015549890697,7.684426229508197e-05
232448,5.9017533203586936e-05,0.5754531733691692,-0.0503006880171597,0.0,0.00015048743807710707,7.674180327868852e-05
233472,0.0006337238010019064,0.6044627130031586,-0.042413714341819286,0.001953125,0.0001327461504843086,7.663934426229509e-05
234496,-0.0008433085458818823,0.6074885316193104,-0.04278380749747157,0.0,0.0001514851173851639,7.653688524590165e-05
235520,-0.0002845355193130672,0.7802272811532021,-0.04686702415347099,0.0068359375,0.0004170781758148223,7.643442622950821e-05
236544,-0.00043098663445562124,0.22872691228985786,-0.04702719021588564,0.0,5.22759510204196e-05,7.633196721311475e-05
237568,0.0007180318934842944,0.468268945813179,-0.04821726446971297,0.0009765625,0.00010470615234225988,7.622950819672132e-05
238592,-3.229168942198157e-05,0.2533705234527588,-0.04575847298838198,0.0,3.870174987241626e-05,7.612704918032787e-05
239616,0.000880388543009758,0.36638276278972626,-0.049715375527739525,0.00390625,0.000266199407633394,7.602459016393443e-05
240640,0.00020009028958156705,0.3803969584405422,-0.05252963211387396,0.001953125,0.00011786472168751061,7.592213114754098e-05
241664,-0.0013991520972922444,0.35424044728279114,-0.047192913480103016,0.005859375,0.00037383928429335356,7.581967213114755e-05
242688,-0.0002606963971629739,0.4946284145116806,-0.04393064486794174,0.0107421875,0.0006715262425132096,7.571721311475411e-05
243712,0.0005083217984065413,0.49912022426724434,-0.0442225206643343,0.0,1.769175287336111e-05,7.561475409836066e-05
244736,-0.0001609382452443242,0.5427305437624454,-0.04679961642250419,0.0,6.303488044068217e-05,7.551229508196722e-05
245760,9.605748346075416e-05,1.0031222999095917,-0.047949227038770914,0.0,1.707917544990778e-05,7.540983606557377e-05
246784,-0.0006566377123817801,1.016548790037632,-0.047689130529761314,0.0009765625,0.00013310171198099852,7.530737704918033e-05
247808,0.000544134876690805,0.6598683185875416,-0.05816857796162367,0.0009765625,7.460269262082875e-05,7.520491803278688e-05
248832,0.0011429201695136726,0.38319838233292103,-0.046551729552447796,0.0,7.8864541137591e-05,7.510245901639344e-05
249856,-0.001619167160242796,0.3379877284169197,-0.051428626058623195,0.0068359375,0.0006208997219800949,7.500000000000001e-05
250880,0.0007523078238591552,0.2666909024119377,-0.040124218445271254,0.001953125,0.00017576487152837217,7.489754098360656e-05
251904,-6.955978460609913e-05,0.4539471007883549,-0.04403846035711467,0.0,9.577057790011168e-05,7.479508196721312e-05
252928,-7.924903184175491e-05,0.5375120043754578,-0.04336064029484987,0.0,7.647153688594699e-05,7.469262295081967e-05
253952,-0.0005433059995993972,0.48019158095121384,-0.04150241566821933,0.00390625,0.0003176142054144293,7.459016393442624e-05
254976,0.00018254737369716167,0.37092043831944466,-0.046768041793257,0.0009765625,0.00011825436376966536,7.448770491803278e-05
256000,0.001334295142441988,0.5808177813887596,-0.057472486048936844,0.0029296875,0.0001599614042788744,7.438524590163936e-05
257024,0.0005276858573779464,0.2480590920895338,-0.0395184236112982,0.0029296875,0.00023224693723022938,7.42827868852459e-05
258048,0.00045752408914268017,0.27148511819541454,-0.04406570456922054,0.0,5.2566989324986935e-05,7.418032786885247e-05
259072,0.0002729124389588833,0.740066047757864,-0.044464799808338284,0.0009765625,9.695123299024999e-05,7.407786885245902e-05
260096,0.00027088820934295654,0.32753623835742474,-0.04176112893037498,0.0009765625,6.899004802107811e-05,7.397540983606558e-05
261120,0.00016134523320943117,0.509691346436739,-0.04511097399517894,0.0,1.7636484699323773e-05,7.387295081967214e-05
262144,0.002703139965888113,0.6025056838989258,-0.04102690005674958,0.009765625,0.0006358260870911181,7.377049180327869e-05
263168,-0.0006160219199955463,0.8554687947034836,-0.048730232287198305,0.0,6.290897727012634e-05,7.366803278688525e-05
264192,-0.0013252422795630991,0.895989902317524,-0.04948906321078539,0.009765625,0.0005095586238894612,7.35655737704918e-05
265216,-0.00027455855160951614,0.5930754467844963,-0.05063767125830054,0.0,5.363262607716024e-05,7.346311475409837e-05
266240,-0.0001335403649136424,0.4803163893520832,-0.04187334328889847,0.005859375,0.0003661500522866845,7.336065573770491e-05
267264,1.1003285180777311e-05,0.2460021059960127,-0.0459131570532918,0.00390625,0.00019821469322778285,7.325819672131148e-05
268288,0.00010448542889207602,0.7644800543785095,-0.048061182256788015,0.0,3.335339715704322e-05,7.315573770491804e-05
269312,-0.00014970690244808793,0.47304121032357216,-0.04176551732234657,0.0029296875,0.0002745761885307729,7.305327868852459e-05
270336,0.0005678705056197941,0.28881002962589264,-0.03652069089002907,0.0,2.5158748030662537e-05,7.295081967213115e-05
271360,-0.001280581345781684,0.5776134319603443,-0.050265925005078316,0.0009765625,0.000118775584269315,7.28483606557377e-05
272384,0.0005473502678796649,0.2617155220359564,-0.044073456432670355,0.005859375,0.0003300901735201478,7.274590163934428e-05
273408,0.001035617257002741,0.5266980119049549,-0.04490495123900473,0.0029296875,0.0002439382951706648,7.264344262295081e-05
274432,9.550043614581227e-05,0.6307574268430471,-0.04980884864926338,0.0029296875,0.00022859519231133163,7.254098360655738e-05
275456,-0.00024640769697725773,0.8289952501654625,-0.046500657219439745,0.0,8.709306712262332e-05,7.243852459016394e-05
276480,-0.00018187763635069132,0.5718435384333134,-0.047808284405618906,0.0,0.00019294198136776686,7.23360655737705e-05
277504,-0.00232122465968132,0.9538424462080002,-0.050782113103196025,0.001953125,0.0001804513158276677,7.223360655737705e-05
278528,-0.0007847727974876761,0.6231898181140423,-0.050211179070174694,0.0078125,0.0006033009267412126,7.213114754098361e-05
279552,3.260641824454069e-05,0.28899065777659416,-0.04241657839156687,0.00390625,0.0003165043017361313,7.202868852459018e-05
280576,-0.0007754394900985062,0.6039031818509102,-0.04463538900017738,0.0078125,0.0005082862626295537,7.192622950819672e-05
281600,-0.0006220763316377997,0.7348815053701401,-0.045599202159792185,0.0009765625,7.418871973641217e-05,7.182377049180329e-05
282624,0.00031689018942415714,0.49159933254122734,-0.04250087798573077,0.0009765625,9.963562479242682e-05,7.172131147540984e-05
283648,0.0003856591647490859,0.6604976654052734,-0.04834809387102723,0.0,4.9466092605143785e-05,7.16188524590164e-05
284672,-0.00040990032721310854,0.5442129522562027,-0.05017805518582463,0.005859375,0.000535283237695694,7.151639344262295e-05
285696,-0.0005792442243546247,0.5592823848128319,-0.04069802165031433,0.001953125,0.00015209888806566596,7.141393442622951e-05
286720,-0.0003614666638895869,0.5339269116520882,-0.05157911730930209,0.0029296875,0.00024225693778134882,7.131147540983607e-05
287744,-3.071397077292204e-05,0.2687938082963228,-0.043760323664173484,0.0,4.439000622369349e-05,7.120901639344264e-05
288768,0.0005503651918843389,0.5594782419502735,-0.04886690201237798,0.0078125,0.0006145860825199634,7.110655737704918e-05
289792,-5.683186464011669e-05,0.8236624412238598,-0.05191438156180084,0.0,5.675980355590582e-05,7.100409836065573e-05
290816,0.0005710870027542114,0.6585094332695007,-0.04754851572215557,0.0,0.00010247199679724872,7.090163934426231e-05
291840,-0.00046405603643506765,0.7891151010990143,-0.05122740240767598,0.0009765625,0.00012150494148954749,7.079918032786886e-05
292864,0.0016573833709117025,0.3321168702095747,-0.048197234980762005,0.005859375,0.00038112609763629735,7.069672131147541e-05
293888,-0.0004020191263407469,0.5876303613185883,-0.05670300545170903,0.0107421875,0.0007143263064790517,7.059426229508197e-05
294912,-0.00037737784441560507,0.4910423904657364,-0.044148176442831755,0.0,5.296245217323303e-05,7.049180327868853e-05
295936,0.0015575520228594542,0.49602189660072327,-0.04496360057964921,0.00390625,0.0002558245905674994,7.038934426229508e-05
296960,-0.0010059976484626532,0.7256151437759399,-0.04791589081287384,0.0,6.653546006418765e-05,7.028688524590163e-05
297984,0.0015417983522638679,0.30881090462207794,-0.05296003259718418,0.0107421875,0.0009118739399127662,7.018442622950821e-05
299008,-0.0006082288455218077,0.5299585871398449,-0.05426071723923087,0.0048828125,0.0002967670443467796,7.008196721311476e-05
300032,-0.002733493340201676,0.785668395459652,-0.056142316199839115,0.0068359375,0.0006352328637149185,6.997950819672132e-05
301056,0.0013062971120234579,0.7731356024742126,-0.0492204874753952,0.0009765625,0.00015427925973199308,6.987704918032787e-05
302080,-0.0004013166471850127,0.9954351633787155,-0.051576098427176476,0.00390625,0.00020787466200999916,6.977459016393443e-05
303104,0.00023571611382067204,0.37298905849456787,-0.038843531627207994,0.0009765625,0.00012302995310164988,6.967213114754098e-05
304128,9.67587111517787e-05,0.5498142205178738,-0.04472455568611622,0.0,6.853160448372364e-05,6.956967213114754e-05
305152,0.00012051110388711095,0.596360832452774,-0.04728810116648674,0.001953125,0.00013503918307833374,6.94672131147541e-05
306176,-0.0003456424456089735,0.5066435188055038,-0.04003854398615658,0.001953125,0.00017693970585241914,6.936475409836066e-05
307200,0.0002897644881159067,0.4044935926795006,-0.05193589930422604,0.00390625,0.0002946451713796705,6.926229508196722e-05
308224,0.0001753646065481007,0.8538259193301201,-0.04363610502332449,0.0,3.251520683988929e-05,6.915983606557377e-05
309248,0.0012499539880082011,0.4339183047413826,-0.04471391439437866,0.0048828125,0.00031036711880005896,6.905737704918034e-05
310272,-0.000366432243026793,0.4320606626570225,-0.03950335318222642,0.00390625,0.0002525070449337363,6.895491803278689e-05
311296,-0.0005805070977658033,0.6843223720788956,-0.03518296545371413,0.001953125,0.00013989160652272403,6.885245901639344e-05
312320,0.000980209675617516,0.6396095342934132,-0.04383116587996483,0.0107421875,0.0007234848162624985,6.875e-05
313344,-0.00022367748897522688,0.318746916949749,-0.041226863861083984,0.0,4.515561158768833e-05,6.864754098360657e-05
314368,6.917375139892101e-05,0.6719908937811852,-0.04081745655275881,0.0078125,0.0007142353570088744,6.854508196721312e-05
315392,-0.00018805998843163252,0.46940870955586433,-0.050050811376422644,0.00390625,0.0005355256726033986,6.844262295081967e-05
316416,-0.0005923369899392128,0.7981949113309383,-0.0455018850043416,0.001953125,0.00011549200280569494,6.834016393442624e-05
317440,0.00046881544403731823,0.665872223675251,-0.05183592066168785,0.0,7.23098055459559e-05,6.823770491803279e-05
318464,0.00044798414455726743,1.0590856075286865,-0.05737894494086504,0.015625,0.0014671912358608097,6.813524590163935e-05
319488,0.0002713352150749415,0.501905020326376,-0.04591871774755418,0.0,6.089455564506352e-05,6.80327868852459e-05
320512,-0.00012036290718242526,0.6067789793014526,-0.04090791707858443,0.0009765625,9.526405483484268e-05,6.793032786885246e-05
321536,0.0005855567578691989,0.4809470660984516,-0.042844926938414574,0.0009765625,0.00011148329940624535,6.782786885245901e-05
322560,-6.105238571763039e-05,0.7666848264634609,-0.04993819026276469,0.0,4.023389192298055e-05,6.772540983606558e-05
323584,0.0002099224366247654,0.4041774868965149,-0.04660291876643896,0.0009765625,5.934407818131149e-05,6.762295081967214e-05
324608,3.983237547799945e-05,0.7845870926976204,-0.043192191049456596,0.0,1.7530343029648066e-05,6.752049180327869e-05
325632,8.648959919810295e-05,0.892142042517662,-0.05671103671193123,0.009765625,0.0007705729804001749,6.741803278688525e-05
326656,0.0001144919078797102,0.5738025419414043,-0.046040160581469536,0.0009765625,8.652702672407031e-05,6.73155737704918e-05
327680,0.00020524184219539165,0.5504423789680004,-0.041648076847195625,0.0,6.850718636997044e-05,6.721311475409838e-05
328704,-0.0005043474957346916,0.6007192693650723,-0.046541668474674225,0.0078125,0.0004371842078398913,6.711065573770493e-05
329728,0.00047938627540133893,0.2207921538501978,-0.040682954946532845,0.0009765625,3.8096855860203505e-05,6.700819672131147e-05
330752,-0.0006967914523556828,0.34895578026771545,-0.047853382769972086,0.0087890625,0.0006622710207011551,6.690573770491804e-05
331776,-6.12452276982367e-05,0.3516755551099777,-0.040412612492218614,0.0,4.4665561290457845e-05,6.68032786885246e-05
332800,-0.0003168814000673592,0.49751437827944756,-0.0434913351200521,0.0,7.743967580609024e-05,6.670081967213115e-05
333824,0.003116686246357858,0.5684848427772522,-0.04391157208010554,0.01171875,0.0010375459678471088,6.65983606557377e-05
334848,0.0003740536922123283,0.2682566065341234,-0.03313988551963121,0.0,2.833516919054091e-05,6.649590163934427e-05
335872,9.47683583945036e-05,0.597855556756258,-0.0425695541780442,0.0,5.0146743888035417e-05,6.639344262295082e-05
336896,3.785069566220045e-05,0.5203897245228291,-0.04507162934169173,0.0048828125,0.0003533656126819551,6.629098360655737e-05
337920,3.838120028376579e-05,0.4399843104183674,-0.03387769125401974,0.001953125,0.00010849893442355096,6.618852459016394e-05
338944,0.0003317451919429004,0.3180653005838394,-0.03976347669959068,0.0,3.1860690796747804e-05,6.60860655737705e-05
339968,-0.001000729389488697,0.3791614696383476,-0.03998071304522455,0.0009765625,0.0001239260600414127,6.598360655737705e-05
340992,0.0005337031907401979,0.8399879336357117,-0.048781749326735735,0.0029296875,0.00026836604229174554,6.588114754098361e-05
342016,-0.00024682050570845604,0.5994611047208309,-0.03738511027768254,0.0009765625,0.00011065791477449238,6.577868852459017e-05
343040,0.000433107721619308,0.4215095490217209,-0.0405726982280612,0.0107421875,0.0009966905636247247,6.567622950819672e-05
344064,-0.0010234466171823442,0.6374108754098415,-0.044999276753515005,0.0,0.00013528435374610126,6.557377049180328e-05
345088,0.0003721872344613075,0.37035700120031834,-0.04426568327471614,0.001953125,0.00019212745246477425,6.547131147540983e-05
346112,2.4742854293435812e-05,0.4547393061220646,-0.04670385457575321,0.0029296875,0.0002550798817537725,6.53688524590164e-05
347136,0.00038101139944046736,0.28630327992141247,-0.04235039581544697,0.0048828125,0.0003646120603661984,6.526639344262296e-05
348160,0.0004489314160309732,0.35682930424809456,-0.04570734640583396,0.0029296875,0.00015853691729716957,6.516393442622951e-05
349184,-0.0004677734978031367,0.37574244663119316,-0.05052177794277668,0.0009765625,0.00012950622476637363,6.506147540983607e-05
350208,0.000285495218122378,0.3337510209530592,-0.04235860169865191,0.0009765625,0.0001939446956384927,6.495901639344263e-05
351232,-2.3335334844887257e-05,0.27759613655507565,-0.04078390053473413,0.001953125,0.00013455687440000474,6.485655737704918e-05
352256,0.0005171827506273985,0.8294579088687897,-0.05822984781116247,0.0,6.94686605129391e-05,6.475409836065573e-05
353280,-0.0008035472128540277,0.6234644129872322,-0.0436827156227082,0.0,8.531342609785497e-05,6.465163934426231e-05
354304,0.0001572954934090376,0.623323492705822,-0.038163337390869856,0.0,7.373621338047087e-05,6.454918032786886e-05
355328,0.0005014173802919686,0.5570820160210133,-0.04129763366654515,0.0,4.0019891457632184e-05,6.44467213114754e-05
356352,-0.0007910295389592648,0.3553902544081211,-0.039798304438591,0.0029296875,0.00027837007655762136,6.434426229508197e-05
357376,0.00014701776672154665,0.43031048960983753,-0.038579122396185994,0.0,2.9549497412517667e-05,6.424180327868853e-05
358400,-0.00016365124611184,0.5201808121055365,-0.036457951413467526,0.0,1.0649499017745256e-05,6.41393442622951e-05
359424,0.0007028423715382814,0.37247798033058643,-0.03223683719988912,0.00390625,0.00022088229889050126,6.403688524590163e-05
360448,-0.000154383247718215,0.7763627544045448,-0.04930902039632201,0.0,3.314870991744101e-05,6.39344262295082e-05
361472,0.00032787048257887363,0.6158294752240181,-0.037487604888156056,0.0,1.5802361303940415e-05,6.383196721311475e-05
362496,7.594504859298468e-05,0.6536611653864384,-0.05152917327359319,0.0,3.7404621252790093e-05,6.372950819672132e-05
363520,-0.00021133932750672102,0.5680611915886402,-0.038128328043967485,0.0029296875,0.00023788708494976163,6.362704918032787e-05
364544,0.0010519694769755006,0.4977840408682823,-0.03917787387035787,0.001953125,0.00025449623353779316,6.352459016393443e-05
365568,0.0025940242339856923,0.2165624536573887,-0.04112260916735977,0.0029296875,0.0005844540719408542,6.342213114754099e-05
366592,-0.0011416596826165915,0.6717632487416267,-0.04467439325526357,0.0068359375,0.0006431301299016923,6.331967213114754e-05
367616,0.0002141391159966588,0.35093669779598713,-0.04012539889663458,0.0009765625,9.013983071781695e-05,6.32172131147541e-05
368640,0.0003587137325666845,0.15195589140057564,-0.036949028726667166,0.001953125,0.00012682052329182625,6.311475409836065e-05
369664,0.0008289662655442953,1.0141055509448051,-0.043793192598968744,0.0,5.9440702898427844e-05,6.301229508196722e-05
370688,3.3471849747002125e-05,0.4906369373202324,-0.04339167336001992,0.0,7.913104491308331e-05,6.290983606557376e-05
371712,-0.00020757009042426944,0.1832900419831276,-0.038717530434951186,0.0,4.135147901251912e-05,6.280737704918034e-05
372736,-0.0001280257711187005,0.5300212167203426,-0.041043490869924426,0.0048828125,0.00039591602399013937,6.270491803278689e-05
373760,0.001101139234378934,0.218392176553607,-0.04114634287543595,0.0029296875,0.00019887872622348368,6.260245901639344e-05
374784,1.1334079317748547e-05,0.39877965301275253,-0.04110548226162791,0.0029296875,0.0002607021015137434,6.25e-05
375808,7.844858919270337e-05,0.331856032833457,-0.035792234586551785,0.0,5.2110146498307586e-05,6.239754098360656e-05
376832,0.00021457835100591183,0.35256253834813833,-0.04037984530441463,0.0009765625,7.106692646630108e-05,6.229508196721313e-05
377856,2.8054695576429367e-05,0.8286050483584404,-0.04093526070937514,0.001953125,0.00022583783720619977,6.219262295081966e-05
378880,-0.0002248069504275918,0.5926571488380432,-0.04376140283420682,0.0009765625,0.00011671270476654172,6.209016393442624e-05
379904,-0.0006188098341226578,0.2807162646204233,-0.03863143199123442,0.001953125,0.00018858336261473596,6.198770491803279e-05
380928,0.002641591301653534,0.6046192049980164,-0.04180583596462384,0.013671875,0.0016498886689078063,6.188524590163935e-05
381952,-4.451561835594475e-05,0.5471126288175583,-0.05039665545336902,0.0,3.273788024671376e-05,6.17827868852459e-05
382976,-0.0008381332736462355,0.46932829916477203,-0.040424531791359186,0.001953125,0.00029550425824709237,6.168032786885246e-05
384000,0.00034711987245827913,0.20468488335609436,-0.03466753149405122,0.005859375,0.00033039532718248665,6.157786885245902e-05
385024,-1.0227435268461704e-05,0.41712561435997486,-0.0399496890604496,0.0,9.893497917801142e-06,6.147540983606557e-05
386048,0.001085065072402358,0.5179639849811792,-0.04054143652319908,0.0029296875,0.00021005762391723692,6.137295081967214e-05
387072,0.000549182528629899,0.4040803834795952,-0.04058574698865414,0.001953125,0.00017575651872903109,6.127049180327869e-05
388096,-0.0002878418890759349,0.352956160902977,-0.0421245782636106,0.0029296875,0.00019017959129996598,6.116803278688525e-05
389120,-0.00016267015598714352,0.48231982439756393,-0.03515118989162147,0.001953125,0.0001839101896621287,6.10655737704918e-05
390144,0.000598982151132077,0.9616643562912941,-0.03179183951579034,0.001953125,0.00011967579484917223,6.0963114754098373e-05
391168,-0.00045027409214526415,0.6589485816657543,-0.040321312146261334,0.001953125,0.00021385648869909346,6.0860655737704916e-05
392192,-0.0010988942813128233,0.17547272518277168,-0.02889440581202507,0.0048828125,0.00039267787360586226,6.075819672131148e-05
393216,0.0003208594862371683,0.34546852856874466,-0.04153829510323703,0.001953125,0.00011966336751356721,6.0655737704918034e-05
394240,-0.00026548997266218066,0.34659121185541153,-0.035116847371682525,0.0029296875,0.0002689133689273149,6.05532786885246e-05
395264,-3.4794938983395696e-05,0.27709946408867836,-0.0378326503559947,0.0068359375,0.00039211701368913054,6.045081967213115e-05
396288,-0.0002506773453205824,0.34880702570080757,-0.03795298095792532,0.0048828125,0.0003338153474032879,6.03483606557377e-05
397312,0.0011587223270907998,0.9105972200632095,-0.041788095608353615,0.0009765625,0.0001475858734920621,6.024590163934427e-05
398336,0.0011054719507228583,0.4117887020111084,-0.03709227521903813,0.0029296875,0.00018709100550040603,6.014344262295082e-05
399360,0.0001370840473100543,0.4680388458073139,-0.0386635500472039,0.0,2.25763360504061e-05,6.0040983606557376e-05
400384,-0.0006130486726760864,0.43269872292876244,-0.04033089382573962,0.0,0.00011799181811511517,5.993852459016394e-05
401408,0.0023869452124927193,0.5786246247589588,-0.03917738888412714,0.001953125,0.00023959705140441656,5.9836065573770495e-05
402432,0.0008192685199901462,0.3481028527021408,-0.03409500443376601,0.0009765625,8.763867663219571e-05,5.973360655737705e-05
403456,-0.0006365796434693038,0.17205237969756126,-0.03165137744508684,0.00390625,0.00013738646521233022,5.9631147540983614e-05
404480,0.0006070620729587972,0.24501166120171547,-0.03084304998628795,0.001953125,0.0001676162937656045,5.952868852459017e-05
405504,-9.905127808451653e-05,0.4616578556597233,-0.03590156929567456,0.001953125,0.00010624370770528913,5.942622950819672e-05
406528,-0.0004445086233317852,0.5646831728518009,-0.03385718702338636,0.0078125,0.0003997117455583066,5.932377049180329e-05
407552,-0.00019523745868355036,0.3459903486073017,-0.03665932593867183,0.0009765625,0.00010660765110515058,5.922131147540984e-05
408576,-0.0007038761395961046,0.5889688022434711,-0.044046990340575576,0.0009765625,0.00015514506958425045,5.911885245901639e-05
409600,0.0003766954177990556,0.6116019990295172,-0.0420778626576066,0.0,0.00010506439139135182,5.9016393442622956e-05
410624,0.0008905857685022056,0.6314845643937588,-0.03069627343211323,0.00390625,0.00018017939873971045,5.891393442622951e-05
411648,-0.0014709127717651427,0.4466220252215862,-0.04035569075495005,0.005859375,0.000348811037838459,5.881147540983607e-05
412672,0.0003955818247050047,0.4527042005211115,-0.032078413758426905,0.0,7.871779962442815e-05,5.870901639344263e-05
413696,-0.0005686815129593015,1.0682863518595695,-0.04246939462609589,0.0,2.3376982426270843e-05,5.8606557377049186e-05
414720,-0.000408715452067554,0.44996514171361923,-0.03302930830977857,0.00390625,0.00030741843511350453,5.8504098360655735e-05
415744,-0.0006094559794291854,0.37732795998454094,-0.03602241014596075,0.001953125,0.00016870186664164066,5.8401639344262305e-05
416768,-0.0002455923240631819,0.60656863078475,-0.04023778112605214,0.005859375,0.0003538726014085114,5.8299180327868854e-05
417792,-0.0002027088776230812,0.4894937500357628,-0.04124384489841759,0.001953125,7.845976506359875e-05,5.819672131147541e-05
418816,0.0007642291020601988,0.2241648305207491,-0.03687135153450072,0.0009765625,0.00017478159861639142,5.809426229508197e-05
419840,0.000507803400978446,0.5124222375452518,-0.03374133340548724,0.001953125,0.00013310130452737212,5.799180327868853e-05
420864,-0.0010492975707165897,0.4452407546341419,-0.0357440544757992,0.0,7.281734724529088e-05,5.7889344262295084e-05
421888,0.00019930768758058548,0.3212984651327133,-0.03939212718978524,0.0048828125,0.0003919456503354013,5.778688524590163e-05
422912,0.0010799376759678125,0.5642469376325607,-0.031193914473988116,0.0009765625,4.260838613845408e-05,5.76844262295082e-05
423936,0.0005865439306944609,0.5288656465709209,-0.03921195864677429,0.001953125,0.0002881359832827002,5.758196721311475e-05
424960,2.4597859010100365e-05,0.33561067655682564,-0.04378252197057009,0.0,2.8713344363495708e-05,5.747950819672132e-05
425984,-0.0015491201193071902,1.1891358271241188,-0.04676460241898894,0.0,5.973150837235153e-05,5.737704918032787e-05
427008,-0.0012766866711899638,0.4165063872933388,-0.04142168560065329,0.0,7.8753218986094e-05,5.7274590163934426e-05
428032,-0.0006723195547237992,0.35665381141006947,-0.03376972675323486,0.0009765625,8.233636617660522e-05,5.717213114754099e-05
429056,0.0008311744313687086,0.3577495403587818,-0.032120374497026205,0.0009765625,0.00010198430391028523,5.7069672131147545e-05
430080,4.793738480657339e-05,0.563800998032093,-0.0406426889821887,0.0,8.511502528563142e-06,5.69672131147541e-05
431104,-0.0008703201019670814,0.9180677160620689,-0.037234926829114556,0.0,5.7668949011713266e-05,5.686475409836065e-05
432128,-0.0011907919542863965,0.747957669198513,-0.03510190604720265,0.0087890625,0.0006863835733383894,5.676229508196722e-05
433152,0.0003083823248744011,1.035676933825016,-0.047987855738028884,0.0087890625,0.0006495010165963322,5.665983606557377e-05
434176,-0.0010271096252836287,0.6956914141774178,-0.04969950672239065,0.0009765625,9.390388731844723e-05,5.655737704918034e-05
435200,-0.0010121483355760574,0.19559399969875813,-0.033778976649045944,0.005859375,0.000720548297977075,5.645491803278689e-05
436224,0.0006226386758498847,0.2192002721130848,-0.03304317011497915,0.0,6.768392631784081e-05,5.635245901639344e-05
437248,-0.0004192108754068613,0.3568972833454609,-0.036142265889793634,0.0009765625,0.00012658923515118659,5.6250000000000005e-05
438272,9.150804544333369e-05,0.577427338808775,-0.03495560144074261,0.0,8.823696407489479e-05,5.614754098360656e-05
439296,-0.0004266895120963454,0.3596884235739708,-0.03262134385295212,0.0,2.662261249497533e-05,5.604508196721312e-05
440320,0.00048342160880565643,0.37021173164248466,-0.03132418682798743,0.0,4.0281767724081874e-05,5.5942622950819666e-05
441344,0.0009758223604876548,0.3811644408851862,-0.03131748706800863,0.0029296875,0.00018313704640604556,5.5840163934426236e-05
442368,-9.346369188278913e-05,0.2943911887705326,-0.03019677521660924,0.001953125,0.00016623528790660203,5.5737704918032785e-05
443392,-0.00011393486056476831,0.4152698405086994,-0.031886965967714787,0.0009765625,5.526261520572007e-05,5.5635245901639354e-05
444416,-0.0004306531045585871,0.43643101677298546,-0.030400943593122065,0.0068359375,0.0003302798722870648,5.55327868852459e-05
445440,-0.00038650352507829666,0.18071500957012177,-0.02840896788984537,0.001953125,0.00017294022836722434,5.543032786885246e-05
446464,-0.000795689644291997,0.38856837898492813,-0.03276964486576617,0.001953125,0.00012817559763789177,5.532786885245902e-05
447488,0.001727899070829153,0.4925580583512783,-0.028747165109962225,0.0029296875,0.0002349215792492032,5.522540983606558e-05
448512,0.00033849483588710427,0.4018623623996973,-0.033554170513525605,0.0048828125,0.000518489076057449,5.5122950819672134e-05
449536,-0.0003729547606781125,0.5471840500831604,-0.031206688145175576,0.01171875,0.0008515263616573066,5.502049180327868e-05
450560,0.0001923262607306242,0.34429349936544895,-0.028499930165708065,0.0,2.0871637389063835e-05,5.491803278688525e-05
451584,-0.0003888682695105672,0.12959840893745422,-0.028778861975297332,0.0009765625,0.00017669395310804248,5.48155737704918e-05
452608,-0.00077474070712924,0.5262800306081772,-0.03356894035823643,0.009765625,0.0010595856001600623,5.471311475409837e-05
453632,0.003163422690704465,0.7605910897254944,-0.03885840252041817,0.0029296875,0.00028152408776804805,5.461065573770492e-05
454656,-5.241017788648605e-07,0.42657334730029106,-0.03438063524663448,0.0,5.04312920384109e-05,5.4508196721311476e-05
455680,-0.0012196836760267615,0.6922711096704006,-0.042417875956743956,0.0009765625,0.00025890208780765533,5.440573770491804e-05
456704,-6.058579310774803e-05,0.2043780293315649,-0.03058066056109965,0.0,3.394158557057381e-05,5.4303278688524594e-05
457728,-0.00011849647853523493,0.1833162158727646,-0.036602538311854005,0.0009765625,0.00011219712905585766,5.420081967213115e-05
458752,-0.0002598965656943619,0.6598186120390892,-0.03329817880876362,0.001953125,0.00012420839630067348,5.40983606557377e-05
459776,-0.0007340629817917943,0.6917008180171251,-0.03591823880560696,0.0029296875,0.0002695393923204392,5.399590163934427e-05
460800,-0.00014811544679105282,0.6660074181854725,-0.03410364966839552,0.0,3.759292303584516e-05,5.389344262295082e-05
461824,-5.72070712223649e-05,0.5719058439135551,-0.030897152610123158,0.0048828125,0.00021547573851421475,5.3790983606557374e-05
462848,-0.0009339699172414839,0.702896885573864,-0.03261085692793131,0.00390625,0.00023778810282237828,5.3688524590163936e-05
463872,0.00029745555366389453,0.40688415989279747,-0.03225661045871675,0.0,9.581618360243738e-05,5.358606557377049e-05
464896,8.270749822258949e-05,0.15180828049778938,-0.02699711243622005,0.0,7.286405889317393e-06,5.3483606557377055e-05
465920,4.777719732373953e-05,0.609894759953022,-0.03758980194106698,0.0009765625,0.0001705693721305579,5.338114754098361e-05
466944,-4.731607623398304e-05,0.30900562927126884,-0.030368752777576447,0.0,3.812796785496175e-05,5.327868852459017e-05
467968,-0.0003851738874800503,0.45369255915284157,-0.035198835423216224,0.0,3.463574103079736e-05,5.3176229508196716e-05
468992,0.0005660827155224979,0.6551051661372185,-0.03647694340907037,0.0,7.244851440191269e-05,5.3073770491803285e-05
470016,-0.00018110874225385487,0.17302408069372177,-0.03496693284250796,0.0,3.8120895624160767e-05,5.2971311475409834e-05
471040,-4.39066207036376e-06,1.189177967607975,-0.04344873782247305,0.001953125,0.00017788948025554419,5.28688524590164e-05
472064,0.00018022442236542702,0.5607801042497158,-0.03489759797230363,0.0,5.775774479843676e-05,5.276639344262295e-05
473088,4.8532208893448114e-05,0.3757951781153679,-0.03467688802629709,0.0,5.538633558899164e-05,5.266393442622951e-05
474112,-9.212642908096313e-06,0.2787586431950331,-0.03511490346863866,0.005859375,0.0006155968003440648,5.256147540983607e-05
475136,0.0001853883732110262,0.43230119347572327,-0.031584053533151746,0.0009765625,5.478537059389055e-05,5.245901639344263e-05
476160,-0.0006897258572280407,0.6692080162465572,-0.04119040002115071,0.0029296875,0.00018155583529733121,5.235655737704919e-05
477184,-8.972990326583385e-05,0.3976191636174917,-0.032427309546619654,0.001953125,0.00019556036568246782,5.225409836065573e-05
478208,0.0005405059782788157,0.17320086434483528,-0.02592796622775495,0.0048828125,0.00018417416140437126,5.21516393442623e-05
479232,0.0039381468668580055,0.9239530265331268,-0.03645641915500164,0.00390625,0.00047607359010726213,5.204918032786885e-05
480256,0.0003014681860804558,0.3909698463976383,-0.028676100657321513,0.001953125,0.00013910903362557292,5.1946721311475413e-05
481280,-7.305940380319953e-05,0.1528910929337144,-0.02950166433583945,0.0,3.666328848339617e-05,5.184426229508197e-05
482304,0.002366196596994996,0.47207988053560257,-0.03135059855412692,0.0068359375,0.0004330758238211274,5.1741803278688525e-05
483328,0.0019259352120570838,0.41349626518785954,-0.03786596190184355,0.001953125,0.00015591303235851228,5.163934426229509e-05
484352,0.00023869762662798166,0.48705462738871574,-0.030677636386826634,0.0009765625,0.00011403899407014251,5.153688524590164e-05
485376,0.00015387940220534801,0.4806191027164459,-0.03246653568930924,0.0009765625,4.755886038765311e-05,5.1434426229508206e-05
486400,-0.0009908229694701731,0.17055948823690414,-0.035552578046917915,0.0029296875,0.0002924582513514906,5.133196721311475e-05
487424,-8.109622285701334e-05,0.5172619968652725,-0.036493767984211445,0.0009765625,9.215463069267571e-05,5.122950819672132e-05
488448,-0.000563188805244863,0.709113571792841,-0.03746745618991554,0.0,5.2861752919852734e-05,5.112704918032787e-05
489472,0.0004516587359830737,0.7265036851167679,-0.04129764111712575,0.0,3.6786223063245416e-05,5.102459016393443e-05
490496,-0.0004430381814017892,0.15728564001619816,-0.029771055094897747,0.0078125,0.0006383036961778998,5.0922131147540986e-05
491520,-2.8588518034666777e-05,0.11753570940345526,-0.027700557315256447,0.0,5.298707401379943e-05,5.081967213114754e-05
492544,0.0003645701799541712,0.3968300446867943,-0.03582766139879823,0.0,2.0532141206786036e-05,5.0717213114754104e-05
493568,0.0011870936141349375,0.46006285212934017,-0.0338641949929297,0.0009765625,0.00010525435209274292,5.0614754098360654e-05
494592,0.0001542976824566722,0.1274506999179721,-0.028274534037336707,0.0,6.135061266832054e-05,5.051229508196722e-05
495616,-0.0006847252370789647,0.41369693353772163,-0.031797960633412004,0.0009765625,0.00018982146866619587,5.0409836065573765e-05
496640,-0.0006560835754498839,0.3356584720313549,-0.032496229046955705,0.0048828125,0.0004257791442796588,5.0307377049180335e-05
497664,-0.0003326747100800276,0.3033190816640854,-0.03352004732005298,0.0029296875,0.0002858688239939511,5.0204918032786884e-05
498688,-0.0001614672364667058,0.9593592882156372,-0.04340710071846843,0.0,7.274487870745361e-05,5.0102459016393447e-05
499712,-1.931915176101029e-05,0.6722372248768806,-0.03455590666271746,0.0,4.321002052165568e-05,5e-05
500736,0.000783659314038232,0.2307272106409073,-0.027550786267966032,0.0029296875,0.0003111071710009128,4.989754098360656e-05
501760,0.0008934644865803421,0.6704162806272507,-0.04674277128651738,0.0009765625,8.091534255072474e-05,4.979508196721312e-05
502784,-0.00021032860968261957,0.58280373737216,-0.035548666841350496,0.0009765625,0.000111252476926893,4.969262295081968e-05
503808,9.028147906064987e-05,0.46328774094581604,-0.029803075827658176,0.0,7.809940143488348e-05,4.959016393442624e-05
504832,-0.0010105574037879705,0.7003002054989338,-0.032721539959311485,0.005859375,0.0006582959904335439,4.948770491803278e-05
505856,0.0002912947675213218,0.2966202385723591,-0.03428798262029886,0.0009765625,9.857330587692559e-05,4.9385245901639344e-05
506880,0.0014589207130484283,0.44115110114216805,-0.04005983658134937,0.0029296875,0.00017827254487201571,4.92827868852459e-05
507904,2.2851338144391775e-05,0.3273998461663723,-0.03360932879149914,0.005859375,0.00045622841571457684,4.918032786885246e-05
508928,0.0001603664131835103,0.31256222911179066,-0.0323999363463372,0.0009765625,0.00013881208724342287,4.907786885245902e-05
509952,0.0008081237319856882,0.6960906460881233,-0.03852002904750407,0.0,3.339751856401563e-05,4.8975409836065575e-05
510976,-0.00027118902653455734,0.16148508992046118,-0.031187313608825207,0.0,7.614147034473717e-05,4.887295081967214e-05
512000,4.775455454364419e-05,0.3577091284096241,-0.030835752841085196,0.0078125,0.0005154672544449568,4.877049180327869e-05
513024,-0.00028310902416706085,0.3130988944321871,-0.03247586567886174,0.0009765625,0.00012880811118520796,4.8668032786885256e-05
514048,-0.00036457990063354373,0.3646914307028055,-0.033145710825920105,0.0,4.1770632378757e-05,4.85655737704918e-05
515072,0.0005354481982067227,0.4500455670058727,-0.03515436383895576,0.0068359375,0.0005826756241731346,4.846311475409836e-05
516096,0.00022226531291380525,0.32644031569361687,-0.032069402281194925,0.0009765625,8.995336247608066e-05,4.836065573770492e-05
517120,-0.0009479841100983322,0.48272289894521236,-0.029419665224850178,0.001953125,0.00014049740275368094,4.825819672131148e-05
518144,-0.0001773255644366145,0.5002349950373173,-0.02964657824486494,0.0009765625,7.265523890964687e-05,4.8155737704918035e-05
519168,0.0007214742945507169,0.23014459013938904,-0.031160320853814483,0.0,5.1621696911752224e-05,4.805327868852459e-05
520192,0.00037207413697615266,0.16547442134469748,-0.02515180129557848,0.0009765625,9.709427831694484e-05,4.7950819672131154e-05
521216,0.00012309919111430645,0.5968065001070499,-0.041680862894281745,0.0,2.3219618014991283e-05,4.784836065573771e-05
522240,0.0002987919724546373,0.19086840376257896,-0.02772745885886252,0.0,3.957643639296293e-05,4.774590163934426e-05
523264,0.0006648360867984593,0.13442826177924871,-0.02910698391497135,0.0,4.9175607273355126e-05,4.7643442622950815e-05
524288,-0.0005625039339065552,0.14375391323119402,-0.0287379939109087,0.0048828125,0.00028563846717588603,4.754098360655738e-05
525312,0.0013477104948833585,0.6044959798455238,-0.027610495453700423,0.0009765625,0.00011715988512150943,4.7438524590163933e-05
526336,0.00015099323354661465,0.0947496285662055,-0.02396539831534028,0.001953125,9.41276375669986e-05,4.7336065573770496e-05
527360,-0.0011748963152058423,0.09912384022027254,-0.025467747589573264,0.001953125,0.00012386793969199061,4.723360655737705e-05
528384,-6.683712126687169e-05,1.0931425616145134,-0.04494484583847225,0.0,3.897733404301107e-05,4.713114754098361e-05
529408,0.0002326052708667703,1.491171196103096,-0.05496553936973214,0.0029296875,0.00018862832803279161,4.702868852459017e-05
530432,0.0002156691625714302,1.0431188717484474,-0.04308357974514365,0.0,0.00010195167851634324,4.6926229508196726e-05
531456,-8.546703611500561e-05,0.9649705663323402,-0.04564215708523989,0.0,6.158926407806575e-05,4.6823770491803276e-05
532480,0.00013732945080846548,0.13355298433452845,-0.025046895898412913,0.001953125,9.1347232228145e-05,4.672131147540983e-05
533504,0.00012733065523207188,1.2622738480567932,-0.04344851546920836,0.0,3.2302807085216045e-05,4.6618852459016394e-05
534528,-2.8937822207808495e-05,0.5577900279313326,-0.025604228721931577,0.0048828125,0.00019501560018397868,4.651639344262295e-05
535552,-0.0008924879948608577,0.09793761093169451,-0.028118536109104753,0.0029296875,0.00024975003907456994,4.641393442622951e-05
536576,-0.0007550966111011803,0.5047570243477821,-0.027954925084486604,0.0048828125,0.00040657585486769676,4.631147540983607e-05
537600,0.0008731204434297979,0.32028235122561455,-0.031590088503435254,0.00390625,0.00022654343047179282,4.620901639344263e-05
538624,0.00047678768169134855,0.10806689318269491,-0.02315907645970583,0.00390625,0.0002707333769649267,4.610655737704919e-05
539648,-0.00032864685636013746,0.38644836470484734,-0.030664688791148365,0.0048828125,0.00037011466338299215,4.600409836065574e-05
540672,-0.0006383515428751707,1.1945956125855446,-0.04163612402044237,0.0029296875,0.00022438936866819859,4.590163934426229e-05
541696,-0.0015838120598345995,0.47208501026034355,-0.03288627555593848,0.0029296875,0.00014171493239700794,4.5799180327868855e-05
542720,8.783210068941116e-05,0.5076389871537685,-0.04238580400124192,0.0,1.5105120837688446e-05,4.569672131147541e-05
543744,0.00012504990445449948,0.4313189499080181,-0.033543439116328955,0.0029296875,0.000179201306309551,4.5594262295081966e-05
544768,0.00020001758821308613,0.3837446253746748,-0.03737291693687439,0.0,1.4102028217166662e-05,4.549180327868853e-05
545792,-0.0002629402151796967,0.31034061685204506,-0.029068064875900745,0.0009765625,7.468138937838376e-05,4.5389344262295085e-05
546816,0.0013407677179202437,0.4280898906290531,-0.03432314586825669,0.009765625,0.00047603051643818617,4.528688524590165e-05
547840,-0.000552456418517977,0.20138164050877094,-0.026795176439918578,0.0,9.514117846265435e-05,4.5184426229508204e-05
548864,0.000568678937270306,0.6198715902864933,-0.031172119546681643,0.001953125,0.00010558663052506745,4.508196721311475e-05
549888,-0.0006484808400273323,0.503673680126667,-0.035159619990736246,0.0,0.00011261232430115342,4.497950819672131e-05
550912,-0.00028448645025491714,0.42572060227394104,-0.03488714387640357,0.0,7.19603558536619e-05,4.487704918032787e-05
551936,-0.0006861400324851274,0.2873554639518261,-0.033930891659110785,0.0029296875,0.00024390139151364565,4.477459016393443e-05
552960,0.00045310851419344544,0.35049997828900814,-0.038088368251919746,0.0009765625,0.00017923011910170317,4.467213114754098e-05
553984,-4.1481893276795745e-05,0.1761465836316347,-0.036084147403016686,0.001953125,0.00011506731971167028,4.4569672131147546e-05
555008,0.0005359055940061808,0.597893700003624,-0.03478749352507293,0.0,1.636616070754826e-05,4.44672131147541e-05
556032,-1.7751939594745636e-05,0.607294462621212,-0.03937704209238291,0.0,4.339817678555846e-06,4.4364754098360664e-05
557056,0.0007856161682866514,0.11183960363268852,-0.03147739009000361,0.001953125,7.321618613786995e-05,4.426229508196722e-05
558080,-2.663151826709509e-05,0.3699329365044832,-0.0398253807798028,0.0009765625,0.00016018960741348565,4.415983606557377e-05
559104,-0.00019863620400428772,0.366451658308506,-0.03464775043539703,0.0,5.656378925777972e-05,4.4057377049180325e-05
560128,0.0008880901150405407,0.3606018479913473,-0.042480081552639604,0.0078125,0.000615434895735234,4.395491803278689e-05
561152,0.00012305984273552895,0.4516063518822193,-0.034803195390850306,0.0009765625,6.312294863164425e-05,4.3852459016393444e-05
562176,5.5348093155771494e-05,0.34921431355178356,-0.03460185136646032,0.0,1.259567216038704e-05,4.375e-05
563200,-9.48167871683836e-06,0.435681214556098,-0.03391520958393812,0.001953125,0.00010180624667555094,4.364754098360656e-05
564224,-0.00018874398665502667,0.12469426915049553,-0.02671921707224101,0.001953125,0.00022889161482453346,4.354508196721312e-05
565248,-0.0005730293923988938,0.8935134559869766,-0.03288088948465884,0.0009765625,5.146284820511937e-05,4.344262295081968e-05
566272,0.0006499134469777346,0.13983511179685593,-0.028543074382469058,0.0048828125,0.0002333370503038168,4.334016393442624e-05
567296,0.0006366204761434346,0.5388629324734211,-0.03442469867877662,0.001953125,0.00010623279376886785,4.3237704918032786e-05
568320,0.0002302614157088101,0.15464702621102333,-0.0292448450345546,0.0,3.5159115213900805e-05,4.313524590163934e-05
569344,0.0016040245536714792,0.6747335642576218,-0.034824236296117306,0.001953125,0.00015910103684291244,4.3032786885245904e-05
570368,0.00034853105898946524,0.35455642081797123,-0.03296401724219322,0.005859375,0.0003075046115554869,4.293032786885246e-05
571392,0.0002649429370649159,0.432503504678607,-0.034822768997401,0.0,4.619764513336122e-05,4.2827868852459016e-05
572416,0.0012265454279258847,0.2503066807985306,-0.03225946403108537,0.01171875,0.0008508555474691093,4.272540983606558e-05
573440,-0.0011635211994871497,0.9591167122125626,-0.04497717972844839,0.001953125,0.00015802201232872903,4.2622950819672135e-05
574464,0.004378551268018782,0.5317951068282127,-0.03533934918232262,0.0029296875,0.00021333448239602149,4.25204918032787e-05
575488,-0.0003474802942946553,0.4568837955594063,-0.03663076204247773,0.001953125,0.0002235746942460537,4.241803278688525e-05
576512,-0.002500759670510888,0.5347876735031605,-0.04334596241824329,0.0068359375,0.0007361852040048689,4.23155737704918e-05
577536,3.577594179660082e-05,0.31694031693041325,-0.04000311763957143,0.005859375,0.0003461085434537381,4.221311475409836e-05
578560,0.0003528733504936099,0.37751782685518265,-0.04057229612953961,0.0,1.0401738109067082e-05,4.211065573770492e-05
579584,-0.0008526849560439587,0.3134449440985918,-0.036549455020576715,0.0078125,0.0005762169021181762,4.200819672131148e-05
580608,-0.00031653745099902153,0.11779812444001436,-0.03215352329425514,0.0068359375,0.00041133505874313414,4.190573770491803e-05
581632,-0.0020350043196231127,0.5639956332743168,-0.03406161046586931,0.001953125,0.00012086713104508817,4.1803278688524595e-05
582656,-0.0008154156967066228,0.14895329996943474,-0.032163109979592264,0.0029296875,0.00016215883078984916,4.170081967213115e-05
583680,-0.00012293399777263403,0.818381454795599,-0.03790586767718196,0.0029296875,0.00017633649986237288,4.1598360655737714e-05
584704,0.000854499579872936,0.5863526780158281,-0.044850346399471164,0.001953125,0.00020161419524811208,4.1495901639344256e-05
585728,0.00022869283566251397,0.16951408609747887,-0.03309461195021868,0.0,5.6841818150132895e-05,4.139344262295082e-05
586752,0.00047864101361483335,1.0718951784074306,-0.04470722284168005,0.0,2.3142260033637285e-05,4.1290983606557375e-05
587776,-0.00026198592968285084,0.41951916739344597,-0.0422532856464386,0.0009765625,8.685790817253292e-05,4.118852459016394e-05
588800,0.0008001360110938549,1.67385932803154,-0.06268548360094428,0.00390625,0.000275073922239244,4.108606557377049e-05
589824,-0.00034226966090500355,0.6818819455802441,-0.04026345256716013,0.0,3.463096800260246e-05,4.098360655737705e-05
590848,-0.00011597113916650414,0.529868096113205,-0.03799940901808441,0.0,5.558013799600303e-05,4.088114754098361e-05
591872,-0.0004593575722537935,0.3513951227068901,-0.03431939473375678,0.0,5.0778500735759735e-05,4.077868852459017e-05
592896,-0.0005694979918189347,0.11822483502328396,-0.026865889551118016,0.0029296875,0.00015873528900556266,4.067622950819673e-05
593920,0.00030652008717879653,1.1604001969099045,-0.0417669708840549,0.0,2.7605390641838312e-05,4.057377049180327e-05
594944,0.00017351144924759865,0.41305827535688877,-0.04046405293047428,0.0048828125,0.0003219357458874583,4.0471311475409835e-05
595968,9.096154826693237e-05,0.25369509123265743,-0.02958672633394599,0.001953125,0.00013992443564347923,4.036885245901639e-05
596992,0.0008671332616358995,0.638021320104599,-0.028439038433134556,0.0009765625,8.172178058885038e-05,4.0266393442622954e-05
598016,0.00016919919289648533,0.35944371297955513,-0.03146116388961673,0.0,7.666938472539186e-05,4.016393442622951e-05
599040,0.0009779299143701792,0.45388632267713547,-0.033413233468309045,0.0048828125,0.0006007346964906901,4.0061475409836066e-05
600064,-0.00016329262871295214,0.109022774733603,-0.02835282776504755,0.001953125,0.00010048033436760306,3.995901639344263e-05
601088,0.0005056852824054658,0.11897856555879116,-0.02965307072736323,0.00390625,0.001064170675817877,3.9856557377049184e-05
602112,0.0004328920622356236,0.3851337004452944,-0.029293366707861423,0.0,4.1877065086737275e-05,3.975409836065575e-05
603136,0.0009332008776254952,1.5258632823824883,-0.04759627487510443,0.0,7.340716547332704e-05,3.965163934426229e-05
604160,-0.0001729934010654688,0.6417365185916424,-0.034372624941170216,0.0,1.5462283045053482e-05,3.954918032786885e-05
605184,-0.0008250745595432818,1.1199129521846771,-0.041315345792099833,0.00390625,0.0003199471684638411,3.944672131147541e-05
606208,0.0004143316764384508,0.3863944187760353,-0.0316719354595989,0.0,0.0001308196224272251,3.934426229508197e-05
607232,-0.0002716539311222732,0.4384861309081316,-0.02952179836574942,0.0009765625,8.183298632502556e-05,3.9241803278688526e-05
608256,-0.00040141300996765494,0.15701866522431374,-0.030243593268096447,0.0009765625,0.00011038989759981632,3.913934426229509e-05
609280,0.0014916156651452184,0.10612532682716846,-0.030546567868441343,0.0029296875,0.00021027898765169084,3.9036885245901645e-05
610304,-2.6645837351679802e-05,0.1392765985801816,-0.03043498715851456,0.0,6.431725341826677e-05,3.89344262295082e-05
611328,9.258626960217953e-05,0.12184702884405851,-0.03065048111602664,0.0029296875,0.00024111309903673828,3.883196721311475e-05
612352,0.0002730196574702859,0.17855651676654816,-0.02882578782737255,0.0,2.4721608497202396e-05,3.872950819672131e-05
613376,7.0699374191463e-05,0.8241083025932312,-0.041412000777199864,0.0,5.017191870138049e-05,3.862704918032787e-05
614400,-0.00018656268366612494,0.4606086276471615,-0.0326590349432081,0.0,0.00010809832019731402,3.8524590163934424e-05
615424,0.00039502361323684454,0.10684473812580109,-0.031310750637203455,0.0,4.0335493395105004e-05,3.842213114754099e-05
616448,-0.0004124714760109782,0.47012645192444324,-0.026893422938883305,0.0009765625,6.21703511569649e-05,3.831967213114754e-05
617472,7.387169171124697e-05,0.14206743240356445,-0.029820510651916265,0.0029296875,0.00015423577860929072,3.8217213114754106e-05
618496,0.0007309899665415287,0.0952850328758359,-0.028478575171902776,0.0,5.510050687007606e-05,3.811475409836066e-05
619520,-0.000511605991050601,0.21983028948307037,-0.03381341649219394,0.0048828125,0.0002991977671626955,3.801229508196722e-05
620544,0.000592753232922405,0.1186625249683857,-0.03459691442549229,0.0,2.779715578071773e-05,3.7909836065573766e-05
621568,0.000190507504157722,0.8607079833745956,-0.03954391274601221,0.0009765625,0.0002265915973111987,3.780737704918033e-05
622592,0.00014631968224421144,0.11656530201435089,-0.029457888333126903,0.0,6.36690529063344e-05,3.7704918032786885e-05
623616,5.955080268904567e-05,0.41073355451226234,-0.024359827861189842,0.0,4.24533209297806e-05,3.760245901639344e-05
624640,-0.0007580476813018322,0.10274375416338444,-0.029411703813821077,0.001953125,0.00026381181669421494,3.7500000000000003e-05
625664,0.0005781990475952625,0.5053444411605597,-0.031789381289854646,0.0009765625,0.0001308202336076647,3.739754098360656e-05
626688,0.0009148526005446911,0.4689858425408602,-0.0329191645141691,0.0009765625,6.0196645790711045e-05,3.729508196721312e-05
627712,0.00021905440371483564,0.12896711844950914,-0.02755250339396298,0.0,1.8623832147568464e-05,3.719262295081968e-05
628736,-0.000926555716432631,0.6441901884973049,-0.031232999870553613,0.0029296875,0.00013723192387260497,3.7090163934426234e-05
629760,-0.00024083489552140236,0.26104008592665195,-0.034870926989242435,0.001953125,0.00020825158571824431,3.698770491803278e-05
630784,0.00010635796934366226,0.397671009413898,-0.02640171255916357,0.0,2.944085281342268e-06,3.6885245901639346e-05
631808,0.00046028662472963333,0.09752532234415412,-0.026260285638272762,0.001953125,0.00016777435666881502,3.67827868852459e-05
632832,-0.0006656800396740437,1.3086033761501312,-0.04049888951703906,0.0009765625,5.996049731038511e-05,3.668032786885246e-05
633856,0.0009178648761007935,0.6698993034660816,-0.03619516687467694,0.0009765625,0.00011791917495429516,3.657786885245902e-05
634880,4.565808922052383e-06,0.4267032518982887,-0.03573292074725032,0.0,1.3383949408307672e-05,3.6475409836065576e-05
635904,0.0006336051155813038,0.20626680180430412,-0.0265718282898888,0.0029296875,0.00030113611137494445,3.637295081967214e-05
636928,-0.0013695077504962683,0.3931249864399433,-0.033910803496837616,0.0,0.00011160058784298599,3.6270491803278694e-05
637952,0.0015317769721150398,0.09384619072079659,-0.030813874676823616,0.0048828125,0.0003332054475322366,3.616803278688525e-05
638976,-0.000556581246200949,0.15045269206166267,-0.03283175453543663,0.00390625,0.00033998803701251745,3.60655737704918e-05
640000,-4.387809894979e-05,0.17085158079862595,-0.031271794345229864,0.0,5.582364974543452e-05,3.596311475409836e-05
641024,0.00023488688748329878,0.28204243164509535,-0.0332409692928195,0.0,1.1635187547653913e-05,3.586065573770492e-05
642048,-0.0001342634786851704,0.3901459649205208,-0.03085909364745021,0.0009765625,0.00012923972099088132,3.5758196721311474e-05
643072,-0.00018575391732156277,0.14545154012739658,-0.030229889787733555,0.0009765625,5.412462633103132e-05,3.5655737704918037e-05
644096,-0.0002873652847483754,0.3941729664802551,-0.04439105559140444,0.0068359375,0.0008163477468769997,3.555327868852459e-05
645120,-0.0006265821284614503,0.359185928478837,-0.027324951952323318,0.0068359375,0.0005178499559406191,3.5450819672131155e-05
646144,0.0014459260273724794,0.5410819463431835,-0.030006374465301633,0.0009765625,0.00017559484695084393,3.534836065573771e-05
647168,0.00019771384540945292,0.50945501960814,-0.029523568926379085,0.001953125,0.0001883630466181785,3.524590163934426e-05
648192,-0.0011951019405387342,0.9671422690153122,-0.037594691617414355,0.0009765625,0.00013475606101565063,3.5143442622950816e-05
649216,-0.00023759325267747045,0.415243674069643,-0.02681122813373804,0.001953125,0.00022500264458358288,3.504098360655738e-05
650240,-0.0005870357563253492,0.68721042573452,-0.032498292392119765,0.0,2.6276102289557457e-05,3.4938524590163935e-05
651264,8.591997902840376e-05,0.9195137321949005,-0.03769399388693273,0.0,7.027632091194391e-05,3.483606557377049e-05
652288,-3.610277781262994e-05,0.1364037860184908,-0.021415985422208905,0.0,1.4109245967119932e-06,3.473360655737705e-05
653312,-0.0004923427768517286,0.46417098119854927,-0.03587677236646414,0.0,5.750067066401243e-05,3.463114754098361e-05
654336,-0.00035839283373206854,0.1409746939316392,-0.033357950393110514,0.001953125,0.00010576128261163831,3.452868852459017e-05
655360,9.920774027705193e-05,0.6035226248204708,-0.03818865306675434,0.0,3.6836572689935565e-05,3.442622950819673e-05
656384,8.631846867501736e-06,0.14975351095199585,-0.028191138291731477,0.0,1.5668687410652637e-05,3.432377049180328e-05
657408,-0.00044220639392733574,0.676164910197258,-0.03193797334097326,0.001953125,0.00016101860092021525,3.422131147540983e-05
658432,0.001246310566784814,0.10738650523126125,-0.02846845844760537,0.0029296875,0.00016151595627889037,3.4118852459016395e-05
659456,0.0004514956381171942,0.6294937692582607,-0.030745554016903043,0.001953125,0.00019718153635039926,3.401639344262295e-05
660480,-0.0006658102211076766,0.5849181935191154,-0.029116195626556873,0.0029296875,0.0001851655833888799,3.391393442622951e-05
661504,0.00042544957250356674,0.15116042457520962,-0.03181775892153382,0.0,3.150076372548938e-05,3.381147540983607e-05
662528,-0.00048121134750545025,0.35055736266076565,-0.035395986167714,0.0009765625,7.450688281096518e-05,3.3709016393442625e-05
663552,-0.0008982116705738008,0.394023772329092,-0.032419340685009956,0.0009765625,0.00015907493070699275,3.360655737704919e-05
664576,9.226391557604074e-05,0.1472610142081976,-0.024567498941905797,0.0,4.18212148360908e-05,3.3504098360655744e-05
665600,0.00014420400839298964,0.40070749446749687,-0.028857293538749218,0.0,2.403921098448336e-05,3.340163934426229e-05
666624,0.0009116241708397865,0.12186532653868198,-0.027903539827093482,0.0,3.847709740512073e-05,3.329918032786885e-05
667648,-0.0007413974381051958,0.2246357500553131,-0.03144303092267364,0.0029296875,0.0001860000193119049,3.319672131147541e-05
668672,-0.0005199981387704611,0.5978152491152287,-0.03767772484570742,0.001953125,0.0001175189099740237,3.309426229508197e-05
669696,0.00036561768501996994,0.10540795791894197,-0.02188276336528361,0.0,4.1674182284623384e-05,3.2991803278688523e-05
670720,-0.0003642593219410628,0.3619115175679326,-0.030598107259720564,0.001953125,0.00014048084267415106,3.2889344262295086e-05
671744,0.0011753045255318284,0.1466836128383875,-0.02774948114529252,0.00390625,0.00025650530005805194,3.278688524590164e-05
672768,-8.677598088979721e-06,0.30671889148652554,-0.026674522028770298,0.0009765625,6.749396561644971e-05,3.2684426229508205e-05
673792,7.924705278128386e-05,0.48872160352766514,-0.029223698657006025,0.0,5.2555755246430635e-05,3.258196721311475e-05
674816,-0.0003223787061870098,0.13796825241297483,-0.03101849090307951,0.0,7.697023102082312e-05,3.247950819672131e-05
675840,0.0006864706519991159,0.08797015296295285,-0.025008187862113118,0.0,4.993707989342511e-05,3.2377049180327866e-05
676864,-4.3279724195599556e-05,0.09871131554245949,-0.029049592092633247,0.0,7.808092050254345e-06,3.227459016393443e-05
677888,-0.0004245489835739136,0.12559679709374905,-0.027104232693091035,0.0048828125,0.00042454717913642526,3.2172131147540984e-05
678912,-0.0010296975378878415,0.35133170150220394,-0.02357061393558979,0.0009765625,0.00011210731463506818,3.206967213114755e-05
679936,0.0009014788083732128,0.503762636333704,-0.02798347780480981,0.00390625,0.00018068039207719266,3.19672131147541e-05
680960,6.627081893384457e-05,0.11038309149444103,-0.02869084058329463,0.0,9.287672583013773e-06,3.186475409836066e-05
681984,0.0006725525017827749,0.1447545187547803,-0.026401065872050822,0.0,8.944782894104719e-05,3.176229508196722e-05
683008,-2.0144216250628233e-05,0.3762514190748334,-0.029872906976379454,0.0,2.9601971618831158e-05,3.1659836065573764e-05
684032,0.0001767027424648404,0.46531379595398903,-0.033741291612386703,0.0,9.336654329672456e-06,3.1557377049180326e-05
685056,-4.5974389649927616e-05,0.8331114798784256,-0.02402491250541061,0.0,2.888904418796301e-06,3.145491803278688e-05
686080,-0.00035489280708134174,0.46237335354089737,-0.02681835857219994,0.0009765625,9.2026632046327e-05,3.1352459016393445e-05
687104,-0.0003045370685867965,0.3579236175864935,-0.026645903941243887,0.0048828125,0.0002601833548396826,3.125e-05
688128,-0.0005029919557273388,0.6819516979157925,-0.03185889311134815,0.00390625,0.0003994876460637897,3.114754098360656e-05
689152,0.00037411844823509455,0.3267780914902687,-0.03824838297441602,0.0,1.2095551937818527e-05,3.104508196721312e-05
690176,0.0019285670714452863,0.37444047443568707,-0.03836250281892717,0.0029296875,0.0004945575492456555,3.0942622950819675e-05
691200,0.0010228970786556602,0.42387280985713005,-0.03254309203475714,0.001953125,7.491052383556962e-05,3.084016393442624e-05
692224,-0.0002104160375893116,0.19598495587706566,-0.028627923340536654,0.0,2.3480475647374988e-05,3.073770491803279e-05
693248,0.00026313657872378826,0.09060325939208269,-0.03205484920181334,0.0,3.7768419133499265e-05,3.063524590163934e-05
694272,7.581093814224005e-05,0.47226516902446747,-0.032780516194179654,0.0,1.0608608135953546e-05,3.05327868852459e-05
695296,-2.600741572678089e-05,0.34769353829324245,-0.03873930871486664,0.0,4.751706728711724e-05,3.0430327868852458e-05
696320,-0.0008092301432043314,0.5871464051306248,-0.03205432160757482,0.001953125,0.00012587555102072656,3.0327868852459017e-05
697344,-0.000879471394000575,0.13083874806761742,-0.02987687347922474,0.0,5.396295455284417e-05,3.0225409836065576e-05
698368,0.00036952068330720067,0.41791750863194466,-0.036298893857747316,0.0,4.491873551160097e-05,3.0122950819672136e-05
699392,-5.712697748094797e-05,0.39651428535580635,-0.028638552641496062,0.0048828125,0.00029560987604781985,3.0020491803278695e-05
700416,-0.0002694769646041095,0.0958499452099204,-0.02695136610418558,0.001953125,0.0001487012195866555,2.9918032786885254e-05
701440,-4.605215508490801e-06,0.11040238663554192,-0.027365387650206685,0.0,1.4362187357619405e-05,2.98155737704918e-05
702464,-1.491163857281208e-06,0.37486638128757477,-0.031191936461254954,0.0,2.949644112959504e-05,2.971311475409836e-05
703488,-0.00039072020445019007,0.3839745409786701,-0.03298672928940505,0.0,4.3634005123749375e-05,2.961065573770492e-05
704512,-0.0008791759610176086,0.36208161525428295,-0.03158432641066611,0.0009765625,7.232325151562691e-05,2.9508196721311478e-05
705536,0.002231982769444585,0.7822592630982399,-0.03829029342159629,0.0029296875,0.00013210150063969195,2.9405737704918034e-05
706560,-0.0003503764746710658,0.1792487408965826,-0.022652058047242463,0.001953125,7.426104275509715e-05,2.9303278688524593e-05
707584,0.00010108115384355187,0.9232436791062355,-0.03889339719898999,0.0,2.6085181161761284e-05,2.9200819672131152e-05
708608,0.00023337197490036488,0.16979085840284824,-0.02784647315274924,0.0009765625,3.5773031413555145e-05,2.909836065573771e-05
709632,-0.0011738123721443117,0.4338829591870308,-0.031099392101168633,0.0009765625,9.479300933890045e-05,2.8995901639344257e-05
710656,9.695498738437891e-05,0.15417800657451153,-0.02303372567985207,0.0,1.1035968782380223e-05,2.8893442622950817e-05
711680,-0.0007860921905376017,0.08562896866351366,-0.022484414046630263,0.0,3.0376861104741693e-05,2.8790983606557376e-05
712704,-0.00018023920711129904,0.3569369353353977,-0.02836457476951182,0.005859375,0.00039011143962852657,2.8688524590163935e-05
713728,-0.0002488858299329877,0.1668978203088045,-0.022210295544937253,0.0,1.7824670067057014e-05,2.8586065573770494e-05
714752,-0.0008529825136065483,0.5923280864953995,-0.0298374907579273,0.001953125,0.00014610556536354125,2.848360655737705e-05
715776,-0.0005547601031139493,0.44658999890089035,-0.026003753067925572,0.0029296875,0.00029893932514823973,2.838114754098361e-05
716800,0.00042641768231987953,0.6458683162927628,-0.034401047276332974,0.0009765625,7.092856685630977e-05,2.827868852459017e-05
717824,-7.088517304509878e-05,0.0880876942537725,-0.024044745601713657,0.0,3.9122533053159714e-05,2.8176229508196728e-05
718848,0.0002871887991204858,0.39314090460538864,-0.026338069699704647,0.0009765625,0.00010847632074728608,2.8073770491803274e-05
719872,-0.00033264380181208253,1.2176305279135704,-0.05261936271563172,0.0,1.3380020391196012e-05,2.7971311475409833e-05
720896,0.0012249695137143135,0.6931390054523945,-0.03426799096632749,0.0,8.283575880341232e-05,2.7868852459016392e-05
721920,0.00027245806995779276,0.17277874052524567,-0.02653168747201562,0.0,1.0020594345405698e-05,2.776639344262295e-05
722944,9.18118457775563e-05,0.7273498624563217,-0.024306244333274662,0.0,5.329173291102052e-06,2.766393442622951e-05
723968,-0.00045281375059857965,1.1854404397308826,-0.05841817148029804,0.0,0.00025042082415893674,2.7561475409836067e-05
724992,0.00035905197728425264,1.042494848370552,-0.051072760950773954,0.00390625,0.0003269762091804296,2.7459016393442626e-05
726016,0.00011073262430727482,0.16363080777227879,-0.02391796966549009,0.0,1.4174991520121694e-05,2.7356557377049185e-05
727040,-0.001503327046521008,0.7598051130771637,-0.03855848591774702,0.0,3.5330187529325485e-05,2.7254098360655745e-05
728064,0.00021234843006823212,0.3446830231696367,-0.03569525480270386,0.0,3.1622243113815784e-05,2.715163934426229e-05
729088,0.00010362500324845314,0.11581019125878811,-0.020517495926469564,0.0,5.852655158378184e-05,2.704918032786885e-05
730112,0.0006465875194408,0.12786219082772732,-0.020925678254570812,0.001953125,0.00010485478560440242,2.694672131147541e-05
731136,-0.0004908927949145436,0.3797207120805979,-0.03167345025576651,0.0009765625,0.00013268768088892102,2.6844262295081968e-05
732160,0.0002750780840869993,0.14013177156448364,-0.03085661632940173,0.0009765625,0.00018033379456028342,2.6741803278688527e-05
733184,-0.0003554658032953739,0.10662749875336885,-0.022624493925832212,0.0009765625,0.00011331349378451705,2.6639344262295087e-05
734208,0.00014980148989707232,0.6058910302817822,-0.035064600175246596,0.0,2.5368062779307365e-05,2.6536885245901643e-05
735232,-0.00040002254536375403,0.4854285977780819,-0.030845306580886245,0.0009765625,7.733562961220741e-05,2.6434426229508202e-05
736256,-0.001030659070238471,0.37141210958361626,-0.03952288115397096,0.001953125,0.00019331183284521103,2.633196721311475e-05
737280,-9.064632467925549e-05,0.30481296218931675,-0.03299250663258135,0.0009765625,8.238235022872686e-05,2.622950819672131e-05
738304,0.0003254187176935375,0.1387022566050291,-0.028035321040078998,0.0,2.5206070858985186e-05,2.6127049180327866e-05
739328,-0.0005612639943137765,0.10325169377028942,-0.0254539935849607,0.0,2.849876182153821e-05,2.6024590163934425e-05
740352,-0.00012222054647281766,0.07619848754256964,-0.0235910628689453,0.0,2.7166970539838076e-05,2.5922131147540985e-05
741376,0.00015205578529275954,0.8660615868866444,-0.02951014949940145,0.0,2.1303247194737196e-05,2.5819672131147544e-05
742400,0.0007297649281099439,0.12049421016126871,-0.02266892755869776,0.0029296875,0.000160976720508188,2.5717213114754103e-05
743424,0.00017397385090589523,0.4849878344684839,-0.029323994647711515,0.0,1.8314371118322015e-05,2.561475409836066e-05
744448,-0.001033211126923561,0.20146609283983707,-0.02861814689822495,0.0029296875,0.00020632054656744003,2.551229508196722e-05
745472,-0.0004307399794925004,0.4316061697900295,-0.02994642173871398,0.001953125,0.00016360057634301484,2.5409836065573767e-05
746496,0.0005973215447738767,0.7272758409380913,-0.04504810459911823,0.001953125,0.00012758292723447084,2.5307377049180327e-05
747520,-0.00013519520871341228,0.9873161166906357,-0.03434296068735421,0.0,6.672024028375745e-05,2.5204918032786883e-05
748544,-0.000151840562466532,0.32777610048651695,-0.026785845635458827,0.0,9.278708603233099e-06,2.5102459016393442e-05
749568,-0.0002964758314192295,0.15149003081023693,-0.036097258096560836,0.0009765625,0.00013855801080353558,2.5e-05
750592,0.0014870595186948776,1.1731994450092316,-0.04118380323052406,0.0048828125,0.0002473984204698354,2.489754098360656e-05
751616,-8.370412979274988e-05,0.4107769876718521,-0.033366132294759154,0.0009765625,5.723250797018409e-05,2.479508196721312e-05
752640,3.299055970273912e-05,0.46129701659083366,-0.03628797479905188,0.0,3.383873263373971e-05,2.4692622950819676e-05
753664,0.0006004188908264041,0.11546914651989937,-0.02212299860548228,0.001953125,0.00010318838758394122,2.4590163934426235e-05
754688,-3.7687597796320915e-05,0.13171605486422777,-0.028898334712721407,0.0,8.209113730117679e-06,2.4487704918032784e-05
755712,-0.0004428520333021879,0.1336896112188697,-0.02738506277091801,0.001953125,0.0001043246011249721,2.4385245901639343e-05
756736,-0.0006465872284024954,0.5291761457920074,-0.032246352173388004,0.001953125,0.00027454853989183903,2.42827868852459e-05
757760,0.00032186065800487995,0.10709327924996614,-0.026117598405107856,0.0,1.91262224689126e-05,2.418032786885246e-05
758784,6.200047209858894e-05,0.09288839995861053,-0.028323650476522744,0.0,1.2321106623858213e-05,2.4077868852459018e-05
759808,-0.0003172760480083525,0.2323663830757141,-0.028027141583152115,0.0,3.253333852626383e-05,2.3975409836065577e-05
760832,-2.6098801754415035e-05,0.11648766789585352,-0.029341939138248563,0.0009765625,0.00011552567593753338,2.3872950819672136e-05
761856,0.0005056257359683514,1.4630623832345009,-0.061326696537435055,0.0009765625,5.7167664635926485e-05,2.3770491803278692e-05
762880,9.851469076238573e-05,0.4423051383346319,-0.03522002906538546,0.0,2.4113774998113513e-05,2.366803278688525e-05
763904,0.00043641094816848636,0.12281579151749611,-0.022970683057792485,0.0,2.859579399228096e-05,2.35655737704918e-05
764928,-0.00013840926112607121,0.4561787322163582,-0.02930620382539928,0.0,9.644427336752415e-06,2.346311475409836e-05
765952,-2.4030799977481365e-05,0.3032592451199889,-0.03414072701707482,0.0009765625,0.00012652369332499802,2.3360655737704916e-05
766976,-2.917130768764764e-05,0.6792374886572361,-0.031002915930002928,0.0,8.925417205318809e-06,2.3258196721311475e-05
768000,-0.0004955760086886585,0.08640235709026456,-0.021304720314219594,0.0,4.2364816181361675e-05,2.3155737704918034e-05
769024,-0.0007538307690992951,1.1646999716758728,-0.04022212279960513,0.00390625,0.00019253010395914316,2.3053278688524594e-05
770048,0.00018004770390689373,0.13176007103174925,-0.025307352654635906,0.0,7.07860745023936e-05,2.2950819672131153e-05
771072,-0.00034533627331256866,0.475202027708292,-0.03765754075720906,0.0,7.414005813188851e-05,2.2848360655737712e-05
772096,-0.00011597177945077419,0.10165944136679173,-0.02661112113855779,0.0,3.357266541570425e-05,2.2745901639344258e-05
773120,0.0002401068340986967,1.1158242300152779,-0.034846720984205604,0.0009765625,6.744670099578798e-05,2.2643442622950817e-05
774144,0.0005098077817820013,0.40709997713565826,-0.032868182519450784,0.0009765625,8.784094825387001e-05,2.2540983606557376e-05
775168,-0.0005766281392425299,0.11040104739367962,-0.032812598859891295,0.0029296875,0.00019007871742360294,2.2438524590163936e-05
776192,6.34490279480815e-05,0.6239460967481136,-0.03499801456928253,0.0,6.416934775188565e-05,2.233606557377049e-05
777216,0.0005354024469852448,0.11826161481440067,-0.029769845190458,0.0,2.4523906176909804e-05,2.223360655737705e-05
778240,-0.00125813641352579,0.6445983871817589,-0.03486152528785169,0.0009765625,0.00019608400180004537,2.213114754098361e-05
779264,4.8312998842447996e-05,0.19124282896518707,-0.03153403603937477,0.0,1.2879288988187909e-05,2.202868852459017e-05
780288,-0.0001807776279747486,0.42634375020861626,-0.02988966810517013,0.0009765625,0.00011111388448625803,2.192622950819673e-05
781312,0.0005581637378782034,0.09560472331941128,-0.02830660587642342,0.0,5.577286356128752e-05,2.1823770491803274e-05
782336,0.0001494725001975894,0.10585418250411749,-0.029334196937270463,0.0009765625,7.822399493306875e-05,2.1721311475409834e-05
783360,0.00010191136971116066,0.6612382400780916,-0.03444786253385246,0.0,7.574970368295908e-06,2.1618852459016393e-05
784384,0.0011150568025186658,0.42112403362989426,-0.02897305670194328,0.001953125,8.027572766877711e-05,2.1516393442622952e-05
785408,-0.0009092703694477677,0.474212221801281,-0.03243903326801956,0.0029296875,0.00018574509886093438,2.1413934426229508e-05
786432,-0.0005342024378478527,0.7215615455061197,-0.034003714798018336,0.0029296875,0.0001679214183241129,2.1311475409836067e-05
787456,0.0007796553254593164,0.36895942129194736,-0.03177210106514394,0.0,1.0779971489682794e-05,2.1209016393442627e-05
788480,-0.00047760538291186094,0.07986516878008842,-0.025295416358858347,0.0,5.420920206233859e-05,2.1106557377049186e-05
789504,-0.00016768922796472907,0.4416790585964918,-0.033614396350458264,0.001953125,0.00015762716066092253,2.1004098360655745e-05
790528,-5.256006261333823e-05,0.12208227720111609,-0.02561631321441382,0.0,2.0145293092355132e-05,2.090163934426229e-05
791552,-0.0015239394851960242,0.32160718459635973,-0.0281499985139817,0.00390625,0.00021333349286578596,2.079918032786885e-05
792576,-0.0008255961001850665,0.08541456144303083,-0.025155528681352735,0.001953125,0.00011685228673741221,2.069672131147541e-05
793600,0.0004688758635893464,0.4918003398925066,-0.027306524571031332,0.0,3.705802373588085e-05,2.059426229508197e-05
794624,2.0460342057049274e-05,0.139365223236382,-0.022625581012107432,0.0,3.3776741474866867e-06,2.0491803278688525e-05
795648,-0.0005304873920977116,0.4606458507478237,-0.024813257972709835,0.001953125,0.00014632550301030278,2.0389344262295084e-05
796672,4.778936272487044e-05,0.46743907779455185,-0.023683562641963363,0.0,6.024781032465398e-05,2.0286885245901643e-05
797696,-0.0004634610959328711,0.11348304152488708,-0.02430585538968444,0.001953125,0.00012056183186359704,2.0184426229508202e-05
798720,6.980611942708492e-05,0.12339659128338099,-0.029502721154130995,0.001953125,4.9235677579417825e-05,2.0081967213114748e-05
799744,0.00016983982641249895,0.06905799638479948,-0.02391299488954246,0.0,4.496498149819672e-05,1.9979508196721307e-05
800768,-0.00028111954452469945,0.07016322389245033,-0.024431816767901182,0.0,1.8624443328008056e-05,1.9877049180327867e-05
801792,0.00018775765784084797,0.09749961644411087,-0.024556715972721577,0.001953125,0.00011766250827349722,1.9774590163934426e-05
802816,5.72723220102489e-05,0.644227247685194,-0.030713267857208848,0.0009765625,3.378823748789728e-05,1.9672131147540985e-05
803840,0.00011952954810112715,0.12160788662731647,-0.024445412447676063,0.0,4.579342203214765e-06,1.9569672131147544e-05
804864,-0.00032103736884891987,0.5016881823539734,-0.04277940629981458,0.0009765625,6.0212332755327225e-05,1.94672131147541e-05
805888,0.0001421283232048154,0.07956884196028113,-0.033302142983302474,0.0,1.0553078027442098e-05,1.936475409836066e-05
806912,-0.00027760298689827323,0.4818022660911083,-0.0363111566985026,0.0,5.6223623687401414e-05,1.926229508196722e-05
807936,0.00012488762149587274,0.14413017686456442,-0.023501757299527526,0.0,7.266702596098185e-06,1.9159836065573765e-05
808960,-0.00026666774647310376,0.3795254770666361,-0.031128624454140663,0.0009765625,0.00012135665747337043,1.9057377049180324e-05
809984,-0.00031067017698660493,0.45504269003868103,-0.03131380048580468,0.0,2.1305546397343278e-05,1.8954918032786883e-05
811008,0.00015364252612926066,0.07888163393363357,-0.02894909691531211,0.0,1.3551732990890741e-05,1.8852459016393442e-05
812032,6.249360740184784e-05,0.09127343073487282,-0.027231098269112408,0.0,1.2847856851294637e-05,1.8750000000000002e-05
813056,0.00091436633374542,0.5604185126721859,-0.028652496868744493,0.0,7.183177513070405e-05,1.864754098360656e-05
814080,3.5134144127368927e-06,0.7681816145777702,-0.032892986899241805,0.0,7.464434020221233e-06,1.8545081967213117e-05
815104,-9.3905720859766e-05,0.7911542393267155,-0.028766584815457463,0.0,2.5054003344848752e-05,1.8442622950819676e-05
816128,0.00010704703163355589,1.0940517783164978,-0.042803698452189565,0.0,2.07887205760926e-05,1.8340163934426235e-05
817152,-2.897705417126417e-05,0.10067202337086201,-0.0224160187644884,0.0,4.590634489431977e-06,1.8237704918032785e-05
818176,-0.00046183052472770214,0.09461103891953826,-0.023088555550202727,0.0,5.846854764968157e-05,1.813524590163934e-05
819200,0.0003492790856398642,0.07436683168634772,-0.02444059948902577,0.0,0.00010536040645092726,1.80327868852459e-05
820224,-2.7943606255576015e-05,0.3647416662424803,-0.027938195038586855,0.0,1.876821625046432e-05,1.793032786885246e-05
821248,-0.0006299284286797047,0.17025522515177727,-0.028811144642531872,0.0009765625,0.0001102341921068728,1.7827868852459018e-05
822272,2.5486689992249012e-05,0.10501132532954216,-0.028261521132662892,0.0,2.4540582671761513e-05,1.7725409836065578e-05
823296,-0.000307568465359509,0.5680181104689837,-0.02862110431306064,0.001953125,0.00017553605721332133,1.7622950819672133e-05
824320,0.0003706133284140378,0.7293239384889603,-0.0347090270370245,0.0,1.9224040443077683e-05,1.7520491803278693e-05
825344,-0.00010072346776723862,0.3413727842271328,-0.030862034065648913,0.0,5.799229256808758e-06,1.7418032786885252e-05
826368,0.0001222098944708705,0.7356580086052418,-0.032328384928405285,0.0,9.690236765891314e-06,1.73155737704918e-05
827392,9.434472303837538e-06,0.13317140378057957,-0.025611970108002424,0.0,8.577801054343581e-06,1.7213114754098357e-05
828416,-0.0002229328383691609,0.09128027129918337,-0.02321422309614718,0.0,9.084644261747599e-06,1.7110655737704916e-05
829440,0.0004812399856746197,0.08531281910836697,-0.02484907431062311,0.0,3.632839070633054e-05,1.7008196721311476e-05
830464,-3.855978138744831e-05,0.3974443250335753,-0.029360717511735857,0.0,2.107716863974929e-05,1.6905737704918035e-05
831488,-0.0001460429630242288,0.10992854367941618,-0.02407000761013478,0.0,7.2772090788930655e-06,1.6803278688524594e-05
832512,-0.00011751928832381964,0.17744752764701843,-0.028092432068660855,0.0,3.751239273697138e-05,1.670081967213115e-05
833536,0.0005752909055445343,0.11696555186063051,-0.024944573524408042,0.0,1.9722036086022854e-05,1.659836065573771e-05
834560,0.0002066263696178794,0.09298074617981911,-0.03154328209348023,0.001953125,9.440642315894365e-05,1.649590163934426e-05
835584,-3.111129626631737e-05,0.37500303238630295,-0.03289211925584823,0.0,1.9627739675343037e-05,1.6393442622950818e-05
836608,0.00029181200079619884,0.5726581551134586,-0.032795177306979895,0.0,3.756483783945441e-05,1.6290983606557374e-05
837632,0.00012363225687295198,0.35505634266883135,-0.022412957274354994,0.0,3.431428922340274e-06,1.6188524590163933e-05
838656,-6.408161061699502e-05,0.5430003143846989,-0.03269015275873244,0.0,8.14592931419611e-06,1.6086065573770492e-05
839680,-0.0006841265130788088,0.8228567689657211,-0.03128381399437785,0.0,3.775855293497443e-05,1.598360655737705e-05
840704,-6.35113101452589e-05,0.106825215741992,-0.028460789006203413,0.0,2.6742200134322047e-05,1.588114754098361e-05
841728,-0.000473526117275469,0.5171522162854671,-0.030370998079888523,0.0,3.2249983632937074e-05,1.577868852459017e-05
842752,0.00042862026020884514,0.08471572678536177,-0.02589619078207761,0.0,1.2835022062063217e-05,1.5676229508196726e-05
843776,0.0001775727141648531,0.4656158909201622,-0.03225328563712537,0.0,2.06221011467278e-06,1.5573770491803275e-05
844800,0.00020214641699567437,0.08013145439326763,-0.022706275689415634,0.0,4.910369170829654e-06,1.5471311475409834e-05
845824,0.0006834621308371425,0.12890242971479893,-0.030085362261161208,0.0009765625,2.5996589101850986e-05,1.5368852459016393e-05
846848,0.00011686605284921825,0.10709084942936897,-0.02713164791930467,0.0,2.1238811314105988e-05,1.526639344262295e-05
847872,-8.290912955999374e-05,0.09258323069661856,-0.022313714493066072,0.0,1.6577832866460085e-05,1.5163934426229509e-05
848896,0.0001374686835333705,0.3977402299642563,-0.03448951174505055,0.0,3.0681549105793238e-06,1.5061475409836068e-05
849920,-0.0004357199650257826,0.060589279513806105,-0.024195592384785414,0.0,2.422730904072523e-05,1.4959016393442627e-05
850944,0.0010177798685617745,0.7521828357130289,-0.03163683880120516,0.0009765625,4.176358925178647e-05,1.4856557377049185e-05
851968,0.00018581550102680922,0.4236892778426409,-0.032146240468136966,0.0,9.16927820071578e-06,1.4754098360655744e-05
852992,0.00015345122665166855,0.10059620719403028,-0.021314708283171058,0.0,2.2858439479023218e-05,1.4651639344262291e-05
854016,0.000209102377993986,0.09367379639297724,-0.028469192096963525,0.0,1.923236413858831e-05,1.454918032786885e-05
855040,0.000346261978847906,0.44130919873714447,-0.03555369074456394,0.0,2.336507895961404e-05,1.4446721311475408e-05
856064,-9.362009586766362e-05,0.3127418663352728,-0.028259149054065347,0.0,1.575500937178731e-05,1.4344262295081968e-05
857088,6.223679520189762e-05,0.1466084672138095,-0.027381073450669646,0.0,1.9430503016337752e-05,1.4241803278688525e-05
858112,3.247265703976154e-05,0.0747775612398982,-0.023569070152007043,0.0,4.173285560682416e-06,1.4139344262295084e-05
859136,4.448206163942814e-05,0.0787839898839593,-0.028002095175907016,0.0,1.8480932340025902e-06,1.4036885245901644e-05
860160,-0.000212440500035882,0.09221422299742699,-0.027835830813273787,0.0009765625,8.711579721421003e-05,1.3934426229508201e-05
861184,0.00038878072518855333,0.6524089761078358,-0.03580477274954319,0.0,1.758572761900723e-05,1.3831967213114749e-05
862208,-0.0003406193573027849,0.08749232441186905,-0.030649068881757557,0.0,2.4678913177922368e-05,1.3729508196721308e-05
863232,-8.561136201024055e-05,0.3564710132777691,-0.03171714162454009,0.0,5.0432572606951e-05,1.3627049180327867e-05
864256,-0.001042935997247696,0.4299972616136074,-0.0321278931805864,0.0,4.4588407035917044e-05,1.3524590163934425e-05
865280,0.0018688627169467509,0.7575366161763668,-0.03726057265885174,0.00390625,0.0002209806116297841,1.3422131147540984e-05
866304,0.00012214103480800986,0.4862924162298441,-0.028729357523843646,0.0,6.704096449539065e-06,1.3319672131147543e-05
867328,-0.0003224836545996368,0.5313906297087669,-0.0285096422303468,0.0,8.493050700053573e-06,1.3217213114754101e-05
868352,-6.433873204514384e-05,0.34335707128047943,-0.02318863128311932,0.0,1.1005118722096086e-05,1.311475409836066e-05
869376,-1.2531760148704052e-05,0.14851303212344646,-0.02701993426308036,0.0,6.859074346721172e-06,1.3012295081967218e-05
870400,-0.0002553366357460618,1.2332012429833412,-0.035563155775889754,0.0,2.4959619622677565e-05,1.2909836065573765e-05
871424,-7.560319500043988e-05,0.0946115292608738,-0.024859141325578094,0.0,1.8527411157265306e-05,1.2807377049180324e-05
872448,-0.0007564706029370427,0.1338864667341113,-0.02791165723465383,0.0,4.917735350318253e-05,1.2704918032786884e-05
873472,-0.00045722746290266514,0.09177176235243678,-0.020838444586843252,0.0009765625,0.0001137305807787925,1.2602459016393441e-05
874496,-0.00025842455215752125,0.10967620927840471,-0.034663385478779674,0.0,4.204863216727972e-05,1.25e-05
875520,0.0002316246973350644,0.139867777004838,-0.030918283388018608,0.0,3.488364745862782e-05,1.239754098360656e-05
876544,-4.699913552030921e-05,0.09986317763105035,-0.02951748133637011,0.0,5.369482096284628e-06,1.2295081967213117e-05
877568,-2.6619527488946915e-06,0.09324676264077425,-0.02659353509079665,0.0,1.3775948900729418e-05,1.2192622950819677e-05
878592,-6.692472379654646e-05,0.07536686724051833,-0.022939074784517288,0.0,3.764877328649163e-05,1.2090163934426236e-05
879616,0.00023499818053096533,0.08816084265708923,-0.03127042599953711,0.0,9.676645277068019e-06,1.1987704918032783e-05
880640,-0.00014594371896237135,0.38839029520750046,-0.027837737230584025,0.0,6.677350029349327e-06,1.1885245901639341e-05
881664,-0.0003892497916240245,0.07057363120839,-0.026140805799514055,0.0,1.8584541976451874e-05,1.17827868852459e-05
882688,-0.0001880504423752427,0.07005938375368714,-0.023951008217409253,0.0,6.2720500864088535e-06,1.1680327868852458e-05
883712,-0.0003929794766008854,0.05244679702445865,-0.024451261619105935,0.0009765625,6.370837218128145e-05,1.1577868852459017e-05
884736,0.00044967152643948793,0.15797062125056982,-0.026944197015836835,0.0,3.756396472454071e-05,1.1475409836065576e-05
885760,0.00040768738836050034,0.5566548146307468,-0.039130961522459984,0.0,1.2665375834330916e-05,1.1372950819672134e-05
886784,-0.0001895831956062466,1.632308229804039,-0.05224249977618456,0.0,6.878981366753578e-06,1.1270491803278693e-05
887808,-0.00019231229089200497,0.13847788982093334,-0.032443180214613676,0.0,7.186667062342167e-06,1.1168032786885253e-05
888832,2.936646342277527e-05,0.576060239225626,-0.03548105666413903,0.0,4.097004421055317e-06,1.10655737704918e-05
889856,-2.6016379706561565e-05,0.10687092319130898,-0.02408997213933617,0.0,1.5871773939579725e-06,1.0963114754098358e-05
890880,-0.0001237107499036938,0.0995403379201889,-0.025338773790281266,0.0,1.8354447092860937e-05,1.0860655737704917e-05
891904,-7.135310443118215e-05,0.16319682076573372,-0.030859535094350576,0.0,9.560331818647683e-05,1.0758196721311476e-05
892928,0.00021951954113319516,0.46272187307477,-0.02737039898056537,0.0,1.9134458852931857e-05,1.0655737704918034e-05
893952,-0.00014142016880214214,0.32990163192152977,-0.029775454895570874,0.0,4.024573718197644e-05,1.0553278688524593e-05
894976,-0.00012229138519614935,0.09431803412735462,-0.02492799493484199,0.0,2.759828930720687e-05,1.045081967213115e-05
896000,-0.00040956668090075254,0.07021926390007138,-0.025821938179433346,0.0,4.148075822740793e-05,1.034836065573771e-05
897024,-2.2216729121282697e-05,0.0964113399386406,-0.022629882441833615,0.0,6.015179678797722e-06,1.0245901639344257e-05
898048,-4.320306470617652e-05,0.34947678446769714,-0.026956755900755525,0.0,1.6811041859909892e-05,1.0143442622950816e-05
899072,0.0001737126149237156,0.5433081537485123,-0.035786084132269025,0.0,4.270812496542931e-06,1.0040983606557374e-05
900096,-0.0004326431080698967,0.3533926662057638,-0.030238204402849078,0.0,7.904396625235677e-06,9.938524590163933e-06
901120,-4.1572144255042076e-05,0.114518903195858,-0.02687986078672111,0.0,2.980287536047399e-05,9.836065573770493e-06
902144,4.7982437536120415e-05,0.7602698542177677,-0.036384851671755314,0.0,2.2604945115745068e-06,9.73360655737705e-06
903168,-8.659949526190758e-05,0.06763581885024905,-0.02228290680795908,0.0,8.179049473255873e-06,9.63114754098361e-06
904192,-5.5857584811747074e-05,0.09658983908593655,-0.025004036724567413,0.0,2.727785613387823e-06,9.528688524590169e-06
905216,-0.00013976270565763116,0.0963872242718935,-0.023113587871193886,0.0,1.9005790818482637e-05,9.426229508196726e-06
906240,7.079646456986666e-05,0.08605387806892395,-0.02398357994388789,0.0,3.175344318151474e-06,9.323770491803274e-06
907264,0.00015351345064118505,0.09878746047616005,-0.02714398503303528,0.0,1.887450343929231e-05,9.221311475409833e-06
908288,2.200016751885414e-06,0.529565030708909,-0.026077865390107036,0.0,1.9734434317797422e-06,9.118852459016392e-06
909312,3.0237482860684395e-05,1.0957522615790367,-0.03356509585864842,0.0,2.4408509489148855e-06,9.01639344262295e-06
910336,-8.469255408272147e-05,0.3929239809513092,-0.03377505554817617,0.0,5.925830919295549e-06,8.913934426229509e-06
911360,5.543115548789501e-06,0.4541128911077976,-0.031235378934070468,0.0,7.174385245889425e-07,8.811475409836067e-06
912384,0.00020923366537317634,0.07722003757953644,-0.02495313121471554,0.0,1.3597862562164664e-05,8.709016393442626e-06
913408,4.4907908886671066e-05,0.606167696416378,-0.03857172769494355,0.0,5.929148755967617e-06,8.606557377049185e-06
914432,-5.649978993460536e-05,0.11641485523432493,-0.022759311948902905,0.0,3.441033186390996e-06,8.504098360655743e-06
915456,0.0005484613357111812,0.1225263336673379,-0.018746571382507682,0.0,1.1024269042536616e-05,8.40163934426229e-06
916480,0.00018105434719473124,0.09790777321904898,-0.026442435337230563,0.0,2.9947259463369846e-06,8.29918032786885e-06
917504,4.0314625948667526e-05,0.492465041577816,-0.026428564335219562,0.0,8.628703653812408e-07,8.196721311475409e-06
918528,-1.1752708815038204e-05,0.1104670874774456,-0.02663314971141517,0.0,1.6149715520441532e-06,8.094262295081966e-06
919552,4.227971658110619e-06,0.11744049936532974,-0.028113035019487143,0.0,1.3362150639295578e-06,7.991803278688526e-06
920576,0.00017453206237405539,0.1484844470396638,-0.028214539866894484,0.0,2.0310108084231615e-06,7.889344262295085e-06
921600,-6.0926860896870494e-05,0.48743320908397436,-0.026076728012412786,0.0,9.102339390665293e-06,7.786885245901643e-06
922624,-0.00018695031758397818,0.08870542701333761,-0.02619849517941475,0.0,8.019909728318453e-06,7.684426229508202e-06
923648,-0.00020744121866300702,0.5239064767956734,-0.02610207733232528,0.0,1.6773410607129335e-05,7.581967213114749e-06
924672,-0.0001492322189733386,0.4473100658506155,-0.028425027383491397,0.0,5.255045834928751e-06,7.479508196721308e-06
925696,-0.00021262437803670764,0.46895979903638363,-0.03017082915175706,0.0,6.790505722165108e-06,7.377049180327866e-06
926720,0.0001319186994805932,0.3357660844922066,-0.026757377898320556,0.0,5.005626007914543e-06,7.274590163934425e-06
927744,8.328817784786224e-06,0.08367779618129134,-0.026423094794154167,0.0,6.893533281981945e-07,7.172131147540984e-06
928768,-5.261891055852175e-05,0.1221232172101736,-0.027175821538548917,0.0,3.207824192941189e-06,7.069672131147542e-06
929792,2.827867865562439e-05,0.35944225639104843,-0.03148796665482223,0.0,3.1457748264074326e-06,6.967213114754101e-06
930816,-0.0001246009487658739,0.13884661719202995,-0.029565318021923304,0.0,3.21993138641119e-06,6.86475409836066e-06
931840,0.00010435865260660648,0.10103760287165642,-0.022969783982262015,0.0,2.256740117445588e-06,6.762295081967218e-06
932864,-4.380567406769842e-05,0.06354496674612164,-0.025671137496829033,0.0,1.201435225084424e-06,6.659836065573766e-06
933888,1.3550627045333385e-05,0.8442914299666882,-0.03028438100591302,0.0,8.240749593824148e-07,6.557377049180324e-06
934912,8.310656994581223e-06,0.07632600702345371,-0.023450476699508727,0.0,6.278569344431162e-07,6.454918032786883e-06
935936,-5.2435105317272246e-05,0.3463636673986912,-0.031971432734280825,0.0,1.5980040188878775e-06,6.352459016393442e-06
936960,-0.00014445441775023937,0.4579696608707309,-0.028588504064828157,0.0,4.042551154270768e-06,6.25e-06
937984,-0.00010257813846692443,0.1364156324416399,-0.02442370797507465,0.0,2.440705429762602e-06,6.147540983606559e-06
939008,-0.000496065360493958,0.12723018787801266,-0.02640249696560204,0.0,2.9358750907704234e-05,6.045081967213118e-06
940032,0.0008067159214988351,0.06684419279918075,-0.024435303988866508,0.0,3.394682426005602e-05,5.9426229508196764e-06
941056,1.067289849743247e-05,0.47549067065119743,-0.025145180756226182,0.0,1.1145893950015306e-06,5.840163934426235e-06
942080,7.420312613248825e-05,0.07646943721920252,-0.025005989242345095,0.0,1.0245421435683966e-06,5.737704918032782e-06
943104,1.3693585060536861e-05,0.07088063564151525,-0.026657328940927982,0.0,1.2842356227338314e-06,5.635245901639341e-06
944128,-0.00023063435219228268,0.07773052016273141,-0.030613554641604424,0.0,4.330766387283802e-06,5.5327868852459e-06
945152,-0.001227380009368062,0.08184623811393976,-0.02734456234611571,0.001953125,0.00010553229367360473,5.430327868852458e-06
946176,-0.0007914591114968061,0.15973501186817884,-0.029601550195366144,0.0,2.3591448552906513e-05,5.327868852459017e-06
947200,-2.658471930772066e-05,0.09396965894848108,-0.024635918205603957,0.0,5.642126780003309e-06,5.225409836065575e-06
948224,6.704957922920585e-05,0.9505860209465027,-0.03731523430906236,0.0,2.7746136765927076e-06,5.1229508196721345e-06
949248,1.1380063369870186e-05,0.06736555276438594,-0.021134010632522404,0.0,3.351306077092886e-07,5.020491803278693e-06
950272,-2.6472844183444977e-06,0.0653991810977459,-0.023097808472812176,0.0,1.8455320969223976e-06,4.918032786885251e-06
951296,-5.149922799319029e-06,0.4942524805665016,-0.034718570997938514,0.0,6.140908226370811e-07,4.815573770491799e-06
952320,-2.50189914368093e-05,0.14591963030397892,-0.02798916382016614,0.0,7.007038220763206e-07,4.713114754098358e-06
953344,0.00010298588313162327,0.07639536075294018,-0.028331329813227057,0.0,8.793140295892954e-07,4.6106557377049165e-06
954368,-0.00010235077934339643,0.06273273518308997,-0.02756268484517932,0.0,5.386653356254101e-06,4.508196721311475e-06
955392,5.3838943131268024e-05,0.10243349988013506,-0.028264453634619713,0.0,6.447546184062958e-06,4.405737704918033e-06
956416,7.795001147314906e-05,0.11062243208289146,-0.028349640779197216,0.0,7.087743142619729e-06,4.303278688524593e-06
957440,1.475936733186245e-05,0.60861661657691,-0.0326009679120034,0.0,5.475594662129879e-07,4.200819672131151e-06
958464,2.3503671400249004e-06,0.4268611744046211,-0.03288194502238184,0.0,6.832415238022804e-07,4.0983606557377095e-06
959488,9.489443618804216e-05,0.06490699388086796,-0.02313384402077645,0.0,1.79008929990232e-06,3.995901639344257e-06
960512,-1.3052660506218672e-05,0.6755474656820297,-0.03305719164200127,0.0,2.4362816475331783e-07,3.893442622950816e-06
961536,-1.2284144759178162e-06,0.37585881911218166,-0.02885013399645686,0.0,6.990740075707436e-08,3.7909836065573746e-06
962560,5.9845857322216034e-05,0.1635402450338006,-0.028429321013391018,0.0,3.621680662035942e-07,3.688524590163933e-06
963584,5.338492337614298e-05,0.9765648990869522,-0.03641539951786399,0.0,7.659255061298609e-07,3.586065573770492e-06
964608,6.24782987870276e-05,0.1325046606361866,-0.02317188575398177,0.0,4.29950887337327e-07,3.4836065573770503e-06
965632,-1.5801837434992194e-05,0.15711131133139133,-0.023931725532747805,0.0,4.24310564994812e-06,3.381147540983609e-06
966656,-0.0001452537253499031,0.11812907550483942,-0.028901802143082023,0.0,9.915587725117803e-06,3.2786885245901676e-06
967680,0.00012876500841230154,0.10743199475109577,-0.02755010616965592,0.0,3.766181180253625e-06,3.1762295081967264e-06
968704,-6.786012090742588e-05,0.0796638298779726,-0.024574443232268095,0.0,6.647896952927113e-07,3.073770491803274e-06
969728,-3.2016076147556305e-05,0.5106977932155132,-0.034268947783857584,0.0,4.727364284917712e-06,2.9713114754098327e-06
970752,2.1412852220237255e-05,0.36643487960100174,-0.029531466541811824,0.0,7.651979103684425e-07,2.868852459016391e-06
971776,-3.7787482142448425e-05,0.08646141365170479,-0.023977626929990947,0.0,3.1600939109921455e-07,2.76639344262295e-06
972800,3.847654443234205e-05,0.08667763229459524,-0.02967015141621232,0.0,3.8818689063191414e-07,2.6639344262295084e-06
973824,-5.12425322085619e-06,0.09652550984174013,-0.026211812626570463,0.0,5.396723281592131e-07,2.5614754098360673e-06
974848,-2.7332687750458717e-05,0.06437105918303132,-0.023744564736261964,0.0,6.943009793758392e-07,2.4590163934426257e-06
975872,8.847916615195572e-05,0.8133037239313126,-0.030865773558616638,0.0,7.268390618264675e-07,2.3565573770491845e-06
976896,-2.551148645579815e-05,0.08811019314453006,-0.02600951143540442,0.0,7.241033017635345e-08,2.254098360655743e-06
977920,3.4173717722296715e-05,0.07047739764675498,-0.023915013880468905,0.0,7.579510565847158e-07,2.151639344262291e-06
978944,-1.2697186321020126e-05,0.04601565981283784,-0.02216265967581421,0.0,2.4182372726500034e-07,2.0491803278688492e-06
979968,9.042955935001373e-05,0.09380876738578081,-0.0287160889711231,0.0,8.324859663844109e-07,1.946721311475408e-06
980992,4.950270522385836e-06,0.7298417650163174,-0.03509049606509507,0.0,2.7802889235317707e-07,1.8442622950819665e-06
982016,-2.2469786927103996e-05,0.9935716390609741,-0.034994017565622926,0.0,5.494803190231323e-08,1.7418032786885252e-06
983040,1.6724574379622936e-05,0.08148512104526162,-0.02208394999615848,0.0,1.474982127547264e-07,1.6393442622950838e-06
984064,-6.230827420949936e-05,0.45969204418361187,-0.03156176791526377,0.0,2.249435056000948e-07,1.5368852459016424e-06
985088,-6.611656863242388e-05,0.0719443061389029,-0.025319467415101826,0.0,4.385074134916067e-07,1.434426229508201e-06
986112,0.00011382170487195253,0.517511397600174,-0.03129606507718563,0.0,6.747723091393709e-07,1.3319672131147487e-06
987136,-3.2047275453805923e-05,0.06455388478934765,-0.02622426673769951,0.0,2.8067734092473984e-07,1.2295081967213073e-06
988160,7.55686778575182e-05,0.39687392488121986,-0.03039318462833762,0.0,3.2508978620171547e-07,1.127049180327866e-06
989184,-1.3994285836815834e-05,0.093580212444067,-0.028103336691856384,0.0,3.0445517040789127e-07,1.0245901639344246e-06
990208,-1.1383555829524994e-05,1.122784361243248,-0.04404117586091161,0.0,2.2034510038793087e-07,9.221311475409833e-07
991232,-1.5636440366506577e-05,0.7244615163654089,-0.03667087643407285,0.0,5.963374860584736e-08,8.196721311475419e-07
992256,1.4782417565584183e-06,0.07277274038642645,-0.026050049462355673,0.0,2.1187588572502136e-08,7.172131147541005e-07
993280,2.0457780919969082e-05,0.8215796798467636,-0.03325337078422308,0.0,2.820161171257496e-08,6.147540983606592e-07
994304,-2.530287019908428e-07,0.07272308459505439,-0.026958233676850796,0.0,3.2887328416109085e-09,5.122950819672179e-07
995328,-4.675821401178837e-07,0.7083365507423878,-0.029880337649956346,0.0,3.268360160291195e-08,4.098360655737654e-07
996352,-1.1740485206246376e-07,1.3530783206224442,-0.034882010193541646,0.0,5.0640664994716644e-09,3.073770491803241e-07
997376,1.6442500054836273e-06,0.47219646349549294,-0.028333317255601287,0.0,5.617039278149605e-09,2.049180327868827e-07
998400,-3.910972736775875e-07,0.8197322636842728,-0.030916357529349625,0.0,3.2014213502407074e-10,1.0245901639344135e-07
999424,-1.0360963642597198e-08,0.0822236854583025,-0.025161749101243913,0.0,3.4924596548080444e-10,0.0
