timestep,episode,reward,length
1073,0,-7.499999999999998,50
1123,1,-7.499999999999998,50
1173,2,-8.7,50
1223,3,-7.499999999999998,50
1273,4,-7.499999999999998,50
1323,5,-7.499999999999998,50
1373,6,-6.899999999999999,50
1423,7,-8.099999999999998,50
1473,8,-7.499999999999998,50
1523,9,-5.699999999999998,50
1573,10,-8.099999999999998,50
1623,11,-5.099999999999998,50
1673,12,-8.7,50
1723,13,-7.499999999999998,50
1773,14,-8.7,50
1823,15,-8.099999999999998,50
1873,16,-3.299999999999998,50
1923,17,-8.099999999999998,50
1973,18,-7.499999999999998,50
2023,19,-7.499999999999998,50
2073,20,-8.7,50
2123,21,-7.499999999999998,50
2173,22,-8.099999999999998,50
2223,23,-6.899999999999999,50
2273,24,-8.099999999999998,50
2323,25,-6.899999999999999,50
2373,26,-6.899999999999999,50
2423,27,-6.899999999999999,50
2473,28,-5.699999999999998,50
2523,29,-5.099999999999998,50
2573,30,-7.499999999999998,50
2623,31,-6.899999999999999,50
2673,32,-7.499999999999998,50
2723,33,-8.099999999999998,50
2773,34,-7.499999999999998,50
2823,35,-8.099999999999998,50
2873,36,-8.099999999999998,50
2923,37,-8.7,50
2973,38,-8.099999999999998,50
3023,39,-6.299999999999999,50
3073,40,-8.099999999999998,50
3123,41,-5.699999999999998,50
3173,42,-8.099999999999998,50
3223,43,-6.899999999999999,50
3273,44,-7.499999999999998,50
3323,45,-7.499999999999998,50
3373,46,-8.7,50
3423,47,-8.099999999999998,50
3473,48,-8.099999999999998,50
3523,49,-8.7,50
3573,50,-8.099999999999998,50
3623,51,-5.699999999999998,50
3673,52,-8.099999999999998,50
3723,53,-7.499999999999998,50
3773,54,-7.499999999999998,50
3823,55,-8.7,50
3873,56,-7.499999999999998,50
3923,57,-7.499999999999998,50
3973,58,-3.899999999999998,50
4023,59,-6.299999999999999,50
4073,60,-8.099999999999998,50
4123,61,-7.499999999999998,50
4173,62,-6.299999999999999,50
4223,63,-6.899999999999999,50
4273,64,-8.099999999999998,50
4323,65,-8.099999999999998,50
4373,66,-6.299999999999999,50
4423,67,-7.499999999999998,50
4473,68,-8.099999999999998,50
4523,69,-7.499999999999998,50
4573,70,-8.099999999999998,50
4623,71,-6.899999999999999,50
4673,72,-8.7,50
4723,73,-4.499999999999998,50
4773,74,-7.499999999999998,50
4823,75,-8.7,50
4873,76,-4.499999999999998,50
4923,77,-6.899999999999999,50
4973,78,-8.7,50
5023,79,-8.099999999999998,50
5073,80,-8.099999999999998,50
5123,81,-8.7,50
5173,82,-7.499999999999998,50
5223,83,-8.099999999999998,50
5273,84,-7.499999999999998,50
5323,85,-6.899999999999999,50
5373,86,-7.499999999999998,50
5423,87,-7.499999999999998,50
5473,88,-8.099999999999998,50
5523,89,-6.899999999999999,50
5573,90,-7.499999999999998,50
5623,91,-8.099999999999998,50
5673,92,-8.099999999999998,50
5723,93,-8.7,50
5773,94,-8.099999999999998,50
5823,95,-4.499999999999998,50
5873,96,-7.499999999999998,50
5923,97,-8.099999999999998,50
5973,98,-8.099999999999998,50
6023,99,-6.299999999999999,50
6073,100,-6.899999999999999,50
6123,101,-8.7,50
6173,102,-8.099999999999998,50
6223,103,-6.299999999999999,50
6273,104,-8.099999999999998,50
6323,105,-6.899999999999999,50
6373,106,-7.499999999999998,50
6423,107,-7.499999999999998,50
6473,108,-7.499999999999998,50
6523,109,-6.899999999999999,50
6573,110,-8.099999999999998,50
6623,111,-8.099999999999998,50
6673,112,-3.299999999999998,50
6723,113,-8.7,50
6773,114,-6.299999999999999,50
6823,115,-6.899999999999999,50
6873,116,-7.499999999999998,50
6923,117,-6.899999999999999,50
6973,118,-8.7,50
7023,119,-8.7,50
7073,120,-6.899999999999999,50
7123,121,-6.899999999999999,50
7173,122,-8.099999999999998,50
7223,123,-6.899999999999999,50
7273,124,-8.099999999999998,50
7323,125,-7.499999999999998,50
7373,126,-8.7,50
7423,127,-7.499999999999998,50
7473,128,-8.099999999999998,50
7523,129,-6.899999999999999,50
7573,130,-8.099999999999998,50
7623,131,-6.899999999999999,50
7673,132,-8.099999999999998,50
7723,133,-6.899999999999999,50
7773,134,-7.499999999999998,50
7823,135,-8.099999999999998,50
7873,136,-7.499999999999998,50
7923,137,-8.7,50
7973,138,-5.699999999999998,50
8023,139,-8.099999999999998,50
8073,140,-8.099999999999998,50
8123,141,-7.499999999999998,50
8173,142,-7.499999999999998,50
8223,143,-7.499999999999998,50
8273,144,-8.7,50
8323,145,-6.899999999999999,50
8373,146,-8.099999999999998,50
8423,147,-6.299999999999999,50
8473,148,-8.7,50
8523,149,-7.499999999999998,50
8573,150,-6.899999999999999,50
8623,151,-7.499999999999998,50
8673,152,-6.899999999999999,50
8723,153,-8.099999999999998,50
8773,154,-8.7,50
8823,155,-6.299999999999999,50
8873,156,-7.499999999999998,50
8923,157,-6.899999999999999,50
8973,158,-6.299999999999999,50
9023,159,-4.499999999999998,50
9073,160,-7.499999999999998,50
9123,161,-8.099999999999998,50
9173,162,-8.099999999999998,50
9223,163,-7.499999999999998,50
9273,164,-6.899999999999999,50
9323,165,-7.499999999999998,50
9373,166,-6.899999999999999,50
9423,167,-7.499999999999998,50
9473,168,-6.299999999999999,50
9523,169,-8.099999999999998,50
9573,170,-8.7,50
9623,171,-5.699999999999998,50
9673,172,-6.899999999999999,50
9723,173,-6.299999999999999,50
9773,174,-5.699999999999998,50
9823,175,-6.899999999999999,50
9873,176,-7.499999999999998,50
9923,177,-8.099999999999998,50
9973,178,-5.099999999999998,50
10023,179,-7.499999999999998,50
10073,180,-6.899999999999999,50
10123,181,-8.7,50
10173,182,-6.299999999999999,50
10223,183,-8.099999999999998,50
10273,184,-8.099999999999998,50
10323,185,-6.899999999999999,50
10373,186,-8.099999999999998,50
10423,187,-6.899999999999999,50
10473,188,-8.099999999999998,50
10523,189,-6.899999999999999,50
10573,190,-9.299999999999999,50
10623,191,-8.099999999999998,50
10673,192,-7.499999999999998,50
10723,193,-8.099999999999998,50
10773,194,-8.7,50
10823,195,-8.099999999999998,50
10873,196,-8.099999999999998,50
10923,197,-6.299999999999999,50
10973,198,-8.099999999999998,50
11023,199,-6.899999999999999,50
11073,200,-7.499999999999998,50
11123,201,-7.499999999999998,50
11173,202,-7.499999999999998,50
11223,203,-8.099999999999998,50
11273,204,-7.499999999999998,50
11323,205,-6.299999999999999,50
11373,206,-6.899999999999999,50
11423,207,-5.699999999999998,50
11473,208,-8.099999999999998,50
11523,209,-8.099999999999998,50
11573,210,-7.499999999999998,50
11623,211,-7.499999999999998,50
11673,212,-4.499999999999998,50
11723,213,-8.7,50
11773,214,-5.699999999999998,50
11823,215,-6.299999999999999,50
11873,216,-6.899999999999999,50
11923,217,-7.499999999999998,50
11973,218,-6.299999999999999,50
12023,219,-7.499999999999998,50
12073,220,-8.099999999999998,50
12123,221,-6.899999999999999,50
12173,222,-8.099999999999998,50
12223,223,-7.499999999999998,50
12273,224,-6.899999999999999,50
12323,225,-8.099999999999998,50
12373,226,-6.899999999999999,50
12423,227,-6.899999999999999,50
12473,228,-6.899999999999999,50
12523,229,-7.499999999999998,50
12573,230,-8.099999999999998,50
12623,231,-6.899999999999999,50
12673,232,-5.699999999999998,50
12723,233,-7.499999999999998,50
12773,234,-6.899999999999999,50
12823,235,-6.299999999999999,50
12873,236,-8.099999999999998,50
12923,237,-6.299999999999999,50
12973,238,-8.7,50
13023,239,-8.7,50
13073,240,-5.699999999999998,50
13123,241,-8.099999999999998,50
13173,242,-8.099999999999998,50
13223,243,-6.899999999999999,50
13273,244,-8.099999999999998,50
13323,245,-8.7,50
13373,246,-8.099999999999998,50
13423,247,-7.499999999999998,50
13473,248,-8.099999999999998,50
13523,249,-6.299999999999999,50
13573,250,-5.699999999999998,50
13623,251,-6.899999999999999,50
13673,252,-8.7,50
13723,253,-8.7,50
13773,254,-8.099999999999998,50
13823,255,-7.499999999999998,50
13873,256,-8.099999999999998,50
13923,257,-7.499999999999998,50
13973,258,-8.099999999999998,50
14023,259,-7.499999999999998,50
14073,260,-6.899999999999999,50
14123,261,-8.099999999999998,50
14173,262,-8.7,50
14223,263,-7.499999999999998,50
14273,264,-8.099999999999998,50
14323,265,-5.699999999999998,50
14373,266,-6.899999999999999,50
14423,267,-7.499999999999998,50
14473,268,-6.299999999999999,50
14523,269,-8.099999999999998,50
14573,270,-7.499999999999998,50
14623,271,-5.699999999999998,50
14673,272,-6.299999999999999,50
14723,273,-6.299999999999999,50
14773,274,-8.7,50
14823,275,-7.499999999999998,50
14873,276,-7.499999999999998,50
14923,277,-6.299999999999999,50
14973,278,-6.899999999999999,50
15023,279,-8.7,50
15073,280,-7.499999999999998,50
15123,281,-8.099999999999998,50
15173,282,-6.899999999999999,50
15223,283,-8.099999999999998,50
15273,284,-5.699999999999998,50
15323,285,-8.099999999999998,50
15373,286,-4.499999999999998,50
15423,287,-3.899999999999998,50
15473,288,-7.499999999999998,50
15523,289,-2.699999999999998,50
15573,290,-7.499999999999998,50
15623,291,-7.499999999999998,50
15673,292,-6.299999999999999,50
15723,293,-6.899999999999999,50
15773,294,-8.099999999999998,50
15823,295,-7.499999999999998,50
15873,296,-6.899999999999999,50
15923,297,-8.099999999999998,50
15973,298,-5.099999999999998,50
16023,299,-5.699999999999998,50
16073,300,-8.099999999999998,50
16123,301,-7.499999999999998,50
16173,302,-6.299999999999999,50
16223,303,-6.299999999999999,50
16273,304,-6.899999999999999,50
16323,305,-8.099999999999998,50
16373,306,-7.499999999999998,50
16423,307,-7.499999999999998,50
16473,308,-8.099999999999998,50
16523,309,-8.099999999999998,50
16573,310,-8.099999999999998,50
16623,311,-6.899999999999999,50
16673,312,-6.299999999999999,50
16723,313,-7.499999999999998,50
16773,314,-5.699999999999998,50
16823,315,-8.099999999999998,50
16873,316,-8.099999999999998,50
16923,317,-3.899999999999998,50
16973,318,-6.299999999999999,50
17023,319,-3.899999999999998,50
17073,320,-7.499999999999998,50
17123,321,-8.099999999999998,50
17173,322,-7.499999999999998,50
17223,323,-7.499999999999998,50
17273,324,-6.899999999999999,50
17323,325,-7.499999999999998,50
17373,326,-6.899999999999999,50
17423,327,-7.499999999999998,50
17473,328,-0.8999999999999986,50
17523,329,-6.899999999999999,50
17573,330,-8.7,50
17623,331,-8.099999999999998,50
17673,332,-8.099999999999998,50
17723,333,-7.499999999999998,50
17773,334,-7.499999999999998,50
17823,335,-6.899999999999999,50
17873,336,-6.299999999999999,50
17923,337,-6.899999999999999,50
17973,338,-7.499999999999998,50
18023,339,-7.499999999999998,50
18073,340,-8.7,50
18123,341,-5.699999999999998,50
18173,342,-5.099999999999998,50
18223,343,-6.899999999999999,50
18273,344,-6.899999999999999,50
18323,345,-7.499999999999998,50
18373,346,-6.899999999999999,50
18423,347,-5.699999999999998,50
18473,348,-8.099999999999998,50
18523,349,-7.499999999999998,50
18573,350,-6.899999999999999,50
18623,351,-6.899999999999999,50
18673,352,-7.499999999999998,50
18723,353,-6.299999999999999,50
18773,354,-6.299999999999999,50
18823,355,-8.099999999999998,50
18873,356,-7.499999999999998,50
18923,357,-5.699999999999998,50
18973,358,-5.699999999999998,50
19023,359,-6.899999999999999,50
19073,360,-8.099999999999998,50
19123,361,-6.899999999999999,50
19173,362,-8.7,50
19223,363,-6.299999999999999,50
19273,364,-7.499999999999998,50
19323,365,-7.499999999999998,50
19373,366,-7.499999999999998,50
19423,367,-6.899999999999999,50
19473,368,-5.699999999999998,50
19523,369,-8.099999999999998,50
19573,370,-8.099999999999998,50
19623,371,-5.099999999999998,50
19673,372,-8.099999999999998,50
19723,373,-8.7,50
19773,374,-8.099999999999998,50
19823,375,-4.499999999999998,50
19873,376,-6.899999999999999,50
19923,377,-6.899999999999999,50
19973,378,-6.299999999999999,50
20023,379,-8.099999999999998,50
20073,380,-6.899999999999999,50
20123,381,-6.899999999999999,50
20173,382,-8.099999999999998,50
20223,383,-7.499999999999998,50
20273,384,-7.499999999999998,50
20323,385,-7.499999999999998,50
20373,386,-8.7,50
20423,387,-4.499999999999998,50
20473,388,-6.899999999999999,50
20523,389,-7.499999999999998,50
20573,390,-0.8999999999999986,50
20623,391,-7.499999999999998,50
20673,392,-6.299999999999999,50
20723,393,-5.699999999999998,50
20773,394,-6.899999999999999,50
20823,395,-7.499999999999998,50
20873,396,-6.299999999999999,50
20923,397,-8.099999999999998,50
20973,398,-8.7,50
21023,399,-7.499999999999998,50
21073,400,-7.499999999999998,50
21123,401,-6.899999999999999,50
21173,402,-7.499999999999998,50
21223,403,-6.299999999999999,50
21273,404,-6.899999999999999,50
21323,405,-8.7,50
21373,406,-6.899999999999999,50
21423,407,-8.099999999999998,50
21473,408,-8.099999999999998,50
21523,409,-6.299999999999999,50
21573,410,-8.099999999999998,50
21623,411,-6.899999999999999,50
21673,412,-8.7,50
21723,413,-6.899999999999999,50
21773,414,-6.299999999999999,50
21823,415,-7.499999999999998,50
21873,416,-6.299999999999999,50
21923,417,-7.499999999999998,50
21973,418,-7.499999999999998,50
22023,419,-8.099999999999998,50
22073,420,-5.099999999999998,50
22123,421,-8.099999999999998,50
22173,422,-6.299999999999999,50
22223,423,-8.7,50
22273,424,-6.899999999999999,50
22323,425,-5.699999999999998,50
22373,426,-8.099999999999998,50
22423,427,-6.899999999999999,50
22473,428,-7.499999999999998,50
22523,429,-6.899999999999999,50
22573,430,-7.499999999999998,50
22623,431,-6.299999999999999,50
22673,432,-8.099999999999998,50
22723,433,-8.099999999999998,50
22773,434,-7.499999999999998,50
22823,435,-3.899999999999998,50
22873,436,-4.499999999999998,50
22923,437,-6.899999999999999,50
22973,438,-7.499999999999998,50
23023,439,-5.699999999999998,50
23073,440,-7.499999999999998,50
23123,441,-6.299999999999999,50
23173,442,-4.499999999999998,50
23223,443,-8.099999999999998,50
23273,444,-8.099999999999998,50
23323,445,-7.499999999999998,50
23373,446,-7.499999999999998,50
23423,447,-7.499999999999998,50
23473,448,-8.099999999999998,50
23523,449,-6.899999999999999,50
23573,450,-5.699999999999998,50
23623,451,-6.299999999999999,50
23673,452,-5.699999999999998,50
23723,453,-6.899999999999999,50
23773,454,-5.699999999999998,50
23823,455,-7.499999999999998,50
23873,456,-6.299999999999999,50
23923,457,-8.099999999999998,50
23973,458,-6.299999999999999,50
24023,459,-2.099999999999998,50
24073,460,-8.099999999999998,50
24123,461,-5.699999999999998,50
24173,462,-6.299999999999999,50
24223,463,-6.899999999999999,50
24273,464,-8.099999999999998,50
24323,465,-4.499999999999998,50
24373,466,-6.899999999999999,50
24423,467,-8.7,50
24473,468,-6.299999999999999,50
24523,469,-8.099999999999998,50
24573,470,-5.099999999999998,50
24623,471,-7.499999999999998,50
24673,472,-5.699999999999998,50
24723,473,-7.499999999999998,50
24773,474,-7.499999999999998,50
24823,475,-7.499999999999998,50
24873,476,-5.099999999999998,50
24923,477,-7.499999999999998,50
24973,478,-8.099999999999998,50
25023,479,-7.499999999999998,50
25073,480,-7.499999999999998,50
25123,481,-3.899999999999998,50
25173,482,-7.499999999999998,50
25223,483,-7.499999999999998,50
25273,484,-7.499999999999998,50
25323,485,-6.899999999999999,50
25373,486,-8.099999999999998,50
25423,487,-8.099999999999998,50
25473,488,-7.499999999999998,50
25523,489,-6.299999999999999,50
25573,490,-7.499999999999998,50
25623,491,-5.099999999999998,50
25673,492,-4.499999999999998,50
25723,493,-6.299999999999999,50
25773,494,-6.299999999999999,50
25823,495,-7.499999999999998,50
25873,496,-5.099999999999998,50
25923,497,-6.899999999999999,50
25973,498,-6.299999999999999,50
26023,499,-6.299999999999999,50
26073,500,-8.099999999999998,50
26123,501,-6.299999999999999,50
26173,502,-5.099999999999998,50
26223,503,-8.099999999999998,50
26273,504,-6.899999999999999,50
26323,505,-5.099999999999998,50
26373,506,-8.7,50
26423,507,-3.899999999999998,50
26473,508,-6.299999999999999,50
26523,509,-3.899999999999998,50
26573,510,-5.699999999999998,50
26623,511,-6.299999999999999,50
26673,512,-5.699999999999998,50
26723,513,-5.699999999999998,50
26773,514,-6.299999999999999,50
26823,515,-8.099999999999998,50
26873,516,-6.299999999999999,50
26923,517,-8.099999999999998,50
26973,518,-5.699999999999998,50
27023,519,-7.499999999999998,50
27073,520,-6.899999999999999,50
27123,521,-7.499999999999998,50
27173,522,-6.899999999999999,50
27223,523,-6.299999999999999,50
27273,524,-6.899999999999999,50
27323,525,-8.7,50
27373,526,-5.099999999999998,50
27423,527,-0.8999999999999986,50
27473,528,-6.899999999999999,50
27523,529,-7.499999999999998,50
27573,530,-6.299999999999999,50
27623,531,-8.099999999999998,50
27673,532,-0.8999999999999986,50
27723,533,-8.099999999999998,50
27773,534,-7.499999999999998,50
27823,535,-3.899999999999998,50
27873,536,-5.099999999999998,50
27923,537,-8.099999999999998,50
27973,538,-7.499999999999998,50
28023,539,-4.499999999999998,50
28073,540,-6.899999999999999,50
28123,541,-8.099999999999998,50
28173,542,-5.699999999999998,50
28223,543,-6.899999999999999,50
28273,544,-8.099999999999998,50
28323,545,-7.499999999999998,50
28373,546,-6.899999999999999,50
28423,547,-5.699999999999998,50
28473,548,-7.499999999999998,50
28523,549,-6.299999999999999,50
28573,550,-6.899999999999999,50
28623,551,-8.099999999999998,50
28673,552,-6.299999999999999,50
28723,553,-8.099999999999998,50
28773,554,-6.899999999999999,50
28823,555,-6.299999999999999,50
28873,556,-7.499999999999998,50
28923,557,-6.899999999999999,50
28973,558,-7.499999999999998,50
29023,559,-6.899999999999999,50
29073,560,-7.499999999999998,50
29123,561,-5.099999999999998,50
29173,562,-7.499999999999998,50
29223,563,-7.499999999999998,50
29273,564,-7.499999999999998,50
29323,565,-6.899999999999999,50
29373,566,-6.299999999999999,50
29423,567,-3.899999999999998,50
29473,568,-6.899999999999999,50
29523,569,-0.8999999999999986,50
29573,570,-7.499999999999998,50
29623,571,-5.699999999999998,50
29673,572,-6.299999999999999,50
29723,573,-7.499999999999998,50
29773,574,-5.099999999999998,50
29823,575,-6.299999999999999,50
29873,576,-6.899999999999999,50
29923,577,-7.499999999999998,50
29973,578,-5.099999999999998,50
30023,579,-5.099999999999998,50
30073,580,-5.099999999999998,50
30123,581,-6.299999999999999,50
30173,582,-7.499999999999998,50
30223,583,-8.099999999999998,50
30273,584,-5.099999999999998,50
30323,585,-4.499999999999998,50
30373,586,-6.899999999999999,50
30423,587,-6.299999999999999,50
30473,588,-7.499999999999998,50
30523,589,-6.899999999999999,50
30573,590,-5.699999999999998,50
30623,591,-7.499999999999998,50
30673,592,-7.499999999999998,50
30723,593,-2.099999999999998,50
30773,594,-6.899999999999999,50
30823,595,-6.299999999999999,50
30873,596,-6.899999999999999,50
30923,597,-0.8999999999999986,50
30973,598,-5.699999999999998,50
31023,599,-5.099999999999998,50
31073,600,-5.699999999999998,50
31123,601,-8.099999999999998,50
31173,602,-7.499999999999998,50
31223,603,-6.899999999999999,50
31273,604,-5.099999999999998,50
31323,605,-7.499999999999998,50
31373,606,-7.499999999999998,50
31423,607,-5.099999999999998,50
31473,608,-6.899999999999999,50
31523,609,-5.099999999999998,50
31573,610,-2.099999999999998,50
31623,611,-5.699999999999998,50
31673,612,-3.899999999999998,50
31723,613,-6.299999999999999,50
31773,614,-6.299999999999999,50
31823,615,-5.699999999999998,50
31873,616,-4.499999999999998,50
31923,617,-8.099999999999998,50
31973,618,-5.699999999999998,50
32023,619,-5.099999999999998,50
32073,620,-5.699999999999998,50
32123,621,-8.099999999999998,50
32173,622,-6.299999999999999,50
32223,623,-6.299999999999999,50
32273,624,-7.499999999999998,50
32323,625,-7.499999999999998,50
32373,626,-5.699999999999998,50
32423,627,-6.299999999999999,50
32473,628,-6.299999999999999,50
32523,629,-5.699999999999998,50
32573,630,-7.499999999999998,50
32623,631,-7.499999999999998,50
32673,632,-7.499999999999998,50
32723,633,-6.299999999999999,50
32773,634,-7.499999999999998,50
32823,635,-5.699999999999998,50
32873,636,-6.899999999999999,50
32923,637,-6.899999999999999,50
32973,638,-5.699999999999998,50
33023,639,-1.4999999999999982,50
33073,640,-7.499999999999998,50
33123,641,-3.899999999999998,50
33173,642,-5.099999999999998,50
33223,643,-2.099999999999998,50
33273,644,-7.499999999999998,50
33323,645,-5.699999999999998,50
33373,646,-6.899999999999999,50
33423,647,-2.699999999999998,50
33473,648,-0.8999999999999986,50
33523,649,-5.699999999999998,50
33573,650,-3.899999999999998,50
33623,651,-7.499999999999998,50
33673,652,-2.699999999999998,50
33723,653,-4.499999999999998,50
33773,654,-5.699999999999998,50
33823,655,-7.499999999999998,50
33873,656,-3.899999999999998,50
33923,657,-4.499999999999998,50
33973,658,-2.099999999999998,50
34023,659,-6.299999999999999,50
34073,660,-5.699999999999998,50
34123,661,-7.499999999999998,50
34173,662,-5.699999999999998,50
34223,663,-5.699999999999998,50
34273,664,-5.699999999999998,50
34323,665,-0.8999999999999986,50
34373,666,-0.8999999999999986,50
34423,667,-3.299999999999998,50
34473,668,-3.899999999999998,50
34523,669,-3.299999999999998,50
34573,670,-5.699999999999998,50
34623,671,-3.299999999999998,50
34673,672,-5.099999999999998,50
34723,673,-0.8999999999999986,50
34773,674,-5.099999999999998,50
34823,675,-6.899999999999999,50
34873,676,-6.899999999999999,50
34923,677,-3.299999999999998,50
34973,678,-7.499999999999998,50
35023,679,-6.899999999999999,50
35073,680,-6.899999999999999,50
35123,681,-5.699999999999998,50
35173,682,-4.499999999999998,50
35223,683,-3.899999999999998,50
35273,684,-4.499999999999998,50
35323,685,-3.299999999999998,50
35373,686,-5.699999999999998,50
35423,687,-5.699999999999998,50
35473,688,-2.099999999999998,50
35523,689,-7.499999999999998,50
35573,690,-2.099999999999998,50
35623,691,-7.499999999999998,50
35673,692,-5.699999999999998,50
35723,693,-8.099999999999998,50
35773,694,-2.699999999999998,50
35823,695,-5.099999999999998,50
35873,696,-2.699999999999998,50
35923,697,-5.699999999999998,50
35973,698,-7.499999999999998,50
36023,699,-3.299999999999998,50
36073,700,-5.099999999999998,50
36123,701,-5.699999999999998,50
36173,702,-4.499999999999998,50
36223,703,-7.499999999999998,50
36273,704,-5.699999999999998,50
36323,705,-6.299999999999999,50
36373,706,-6.899999999999999,50
36423,707,-5.099999999999998,50
36473,708,-5.699999999999998,50
36523,709,-0.8999999999999986,50
36573,710,-6.299999999999999,50
36623,711,-0.8999999999999986,50
36673,712,-5.099999999999998,50
36723,713,-3.899999999999998,50
36773,714,-0.8999999999999986,50
36823,715,-1.4999999999999982,50
36873,716,-5.099999999999998,50
36923,717,-6.899999999999999,50
36973,718,-5.099999999999998,50
37023,719,-2.699999999999998,50
37073,720,-6.299999999999999,50
37123,721,-4.499999999999998,50
37173,722,-6.299999999999999,50
37223,723,-0.8999999999999986,50
37273,724,-5.699999999999998,50
37323,725,-0.8999999999999986,50
37373,726,-5.699999999999998,50
37423,727,-4.499999999999998,50
37473,728,-3.299999999999998,50
37523,729,-5.099999999999998,50
37573,730,-7.499999999999998,50
37623,731,-4.499999999999998,50
37673,732,-0.8999999999999986,50
37723,733,-2.099999999999998,50
37773,734,-6.899999999999999,50
37823,735,-6.299999999999999,50
37873,736,-2.699999999999998,50
37923,737,-5.699999999999998,50
37973,738,-6.299999999999999,50
38023,739,-0.8999999999999986,50
38073,740,-3.299999999999998,50
38123,741,-0.8999999999999986,50
38173,742,-6.299999999999999,50
38223,743,-0.8999999999999986,50
38273,744,-5.699999999999998,50
38323,745,-6.299999999999999,50
38373,746,-0.8999999999999986,50
38423,747,-2.099999999999998,50
38473,748,-6.899999999999999,50
38523,749,-5.099999999999998,50
38573,750,-6.899999999999999,50
38623,751,-2.099999999999998,50
38673,752,-7.499999999999998,50
38723,753,-3.899999999999998,50
38773,754,-6.899999999999999,50
38823,755,-1.4999999999999982,50
38873,756,-2.699999999999998,50
38923,757,-6.299999999999999,50
38973,758,-5.699999999999998,50
39023,759,-5.699999999999998,50
39073,760,-3.299999999999998,50
39123,761,-5.699999999999998,50
39173,762,-6.299999999999999,50
39223,763,-5.699999999999998,50
39273,764,-5.099999999999998,50
39323,765,-6.299999999999999,50
39373,766,-1.4999999999999982,50
39423,767,-5.699999999999998,50
39473,768,-5.099999999999998,50
39523,769,-5.099999999999998,50
39573,770,-6.299999999999999,50
39623,771,-6.899999999999999,50
39673,772,-5.699999999999998,50
39723,773,-6.899999999999999,50
39773,774,-6.899999999999999,50
39823,775,-1.4999999999999982,50
39873,776,-6.299999999999999,50
39923,777,-4.499999999999998,50
39973,778,-3.299999999999998,50
40023,779,-5.099999999999998,50
40073,780,-5.099999999999998,50
40123,781,-0.8999999999999986,50
40173,782,-0.8999999999999986,50
40223,783,-6.299999999999999,50
40273,784,-0.8999999999999986,50
40323,785,-6.899999999999999,50
40373,786,-5.099999999999998,50
40423,787,-2.099999999999998,50
40473,788,-5.099999999999998,50
40523,789,-6.899999999999999,50
40573,790,-2.099999999999998,50
40623,791,-5.699999999999998,50
40673,792,-5.699999999999998,50
40723,793,-5.699999999999998,50
40773,794,-5.099999999999998,50
40823,795,-1.4999999999999982,50
40873,796,-0.8999999999999986,50
40923,797,-3.299999999999998,50
40973,798,-5.099999999999998,50
41023,799,-0.8999999999999986,50
41073,800,-6.299999999999999,50
41123,801,-6.299999999999999,50
41173,802,-0.8999999999999986,50
41259,803,1.7999999999999936,86
41309,804,-2.099999999999998,50
41359,805,-5.099999999999998,50
41409,806,-0.8999999999999986,50
41459,807,-4.499999999999998,50
41509,808,-5.099999999999998,50
41559,809,-5.699999999999998,50
41609,810,-0.8999999999999986,50
41659,811,-4.499999999999998,50
41709,812,-4.499999999999998,50
41759,813,-5.099999999999998,50
41809,814,-5.699999999999998,50
41859,815,-3.899999999999998,50
41909,816,-0.8999999999999986,50
41959,817,-3.899999999999998,50
42009,818,-5.699999999999998,50
42059,819,-0.8999999999999986,50
42109,820,-3.299999999999998,50
42159,821,-0.8999999999999986,50
42209,822,-3.899999999999998,50
42259,823,-4.499999999999998,50
42309,824,-3.299999999999998,50
42359,825,-0.8999999999999986,50
42409,826,-0.8999999999999986,50
42459,827,2.6999999999999993,50
42509,828,-0.8999999999999986,50
42559,829,-0.8999999999999986,50
42609,830,-3.899999999999998,50
42659,831,-4.499999999999998,50
42709,832,-6.299999999999999,50
42759,833,-5.699999999999998,50
42809,834,-6.299999999999999,50
42859,835,-3.899999999999998,50
42909,836,-0.8999999999999986,50
42959,837,-3.299999999999998,50
43009,838,-2.099999999999998,50
43059,839,-0.8999999999999986,50
43109,840,-3.299999999999998,50
43159,841,-0.8999999999999986,50
43209,842,-0.8999999999999986,50
43259,843,-6.299999999999999,50
43309,844,-3.299999999999998,50
43359,845,-3.299999999999998,50
43409,846,-7.499999999999998,50
43459,847,-6.899999999999999,50
43509,848,-2.099999999999998,50
43559,849,-2.099999999999998,50
43609,850,-6.299999999999999,50
43659,851,-0.8999999999999986,50
43709,852,-2.699999999999998,50
43759,853,-0.8999999999999986,50
43809,854,-2.699999999999998,50
43859,855,-2.699999999999998,50
43909,856,-5.099999999999998,50
43959,857,-6.899999999999999,50
44009,858,-3.299999999999998,50
44059,859,-0.8999999999999986,50
44109,860,-3.899999999999998,50
44159,861,-0.8999999999999986,50
44209,862,-5.699999999999998,50
44259,863,-1.4999999999999982,50
44309,864,-2.099999999999998,50
44359,865,-3.899999999999998,50
44409,866,-1.4999999999999982,50
44459,867,-6.299999999999999,50
44509,868,-5.099999999999998,50
44559,869,-7.499999999999998,50
44609,870,-0.8999999999999986,50
44659,871,-5.099999999999998,50
44709,872,-3.299999999999998,50
44759,873,-4.499999999999998,50
44809,874,-4.499999999999998,50
44859,875,-5.699999999999998,50
44909,876,-5.099999999999998,50
44959,877,-6.899999999999999,50
45009,878,-3.299999999999998,50
45059,879,1.5,50
45109,880,-4.499999999999998,50
45159,881,-5.699999999999998,50
45209,882,-5.699999999999998,50
45259,883,-0.8999999999999986,50
45309,884,-2.099999999999998,50
45360,885,2.1999999999999993,51
45410,886,-2.099999999999998,50
45460,887,-3.299999999999998,50
45510,888,-3.299999999999998,50
45560,889,-0.8999999999999986,50
45610,890,-6.299999999999999,50
45660,891,-0.8999999999999986,50
45710,892,-0.8999999999999986,50
45760,893,-5.699999999999998,50
45810,894,-5.699999999999998,50
45860,895,-0.8999999999999986,50
45910,896,-6.899999999999999,50
45960,897,-1.4999999999999982,50
46010,898,-1.4999999999999982,50
46060,899,-4.499999999999998,50
46110,900,-5.699999999999998,50
46160,901,-0.8999999999999986,50
46210,902,-0.8999999999999986,50
46260,903,-0.8999999999999986,50
46310,904,-2.099999999999998,50
46360,905,-5.099999999999998,50
46410,906,-0.8999999999999986,50
46460,907,-0.8999999999999986,50
46510,908,-0.8999999999999986,50
46560,909,-0.8999999999999986,50
46610,910,-0.8999999999999986,50
46660,911,-5.099999999999998,50
46710,912,-0.8999999999999986,50
46760,913,-0.8999999999999986,50
46810,914,-0.8999999999999986,50
46860,915,-6.299999999999999,50
46910,916,-4.499999999999998,50
46960,917,-2.699999999999998,50
47010,918,-0.8999999999999986,50
47060,919,-5.099999999999998,50
47110,920,-5.099999999999998,50
47160,921,-5.099999999999998,50
47210,922,-0.8999999999999986,50
47260,923,-7.499999999999998,50
47310,924,-1.4999999999999982,50
47360,925,-4.499999999999998,50
47410,926,-2.699999999999998,50
47460,927,-0.8999999999999986,50
47510,928,-0.8999999999999986,50
47560,929,-3.299999999999998,50
47610,930,-0.8999999999999986,50
47660,931,-3.899999999999998,50
47710,932,-0.8999999999999986,50
47760,933,-3.899999999999998,50
47810,934,-4.499999999999998,50
47860,935,-0.8999999999999986,50
47910,936,-0.8999999999999986,50
47960,937,-3.299999999999998,50
48010,938,-0.8999999999999986,50
48060,939,-2.099999999999998,50
48110,940,-2.699999999999998,50
48160,941,-6.299999999999999,50
48210,942,-0.8999999999999986,50
48260,943,-1.4999999999999982,50
48310,944,-3.899999999999998,50
48360,945,-1.4999999999999982,50
48410,946,-4.499999999999998,50
48460,947,-0.8999999999999986,50
48510,948,-3.899999999999998,50
48560,949,-3.899999999999998,50
48610,950,-0.8999999999999986,50
48660,951,-0.8999999999999986,50
48710,952,-3.299999999999998,50
48760,953,-3.899999999999998,50
48812,954,0.5000000000000018,52
48862,955,-5.099999999999998,50
48912,956,-0.8999999999999986,50
48962,957,-4.499999999999998,50
49012,958,-1.4999999999999982,50
49062,959,-0.8999999999999986,50
49112,960,-0.8999999999999986,50
49182,961,-0.3999999999999986,70
49232,962,-2.699999999999998,50
49282,963,-0.8999999999999986,50
49332,964,-0.8999999999999986,50
49382,965,-0.8999999999999986,50
49432,966,-6.299999999999999,50
49482,967,-0.8999999999999986,50
49532,968,-6.299999999999999,50
49582,969,-0.8999999999999986,50
49632,970,0.3000000000000007,50
49682,971,-0.8999999999999986,50
49732,972,-0.8999999999999986,50
49782,973,-0.8999999999999986,50
49832,974,-0.8999999999999986,50
49882,975,-0.8999999999999986,50
49932,976,-0.8999999999999986,50
49982,977,-5.099999999999998,50
50032,978,-0.8999999999999986,50
50082,979,-3.899999999999998,50
50132,980,-4.499999999999998,50
50182,981,-5.099999999999998,50
50232,982,-0.8999999999999986,50
50282,983,-0.8999999999999986,50
50332,984,-0.8999999999999986,50
50382,985,-0.8999999999999986,50
50432,986,-5.099999999999998,50
50482,987,-2.699999999999998,50
50539,988,-0.19999999999999796,57
50589,989,-6.299999999999999,50
50639,990,-0.8999999999999986,50
50689,991,-0.8999999999999986,50
50739,992,-1.4999999999999982,50
50789,993,-0.8999999999999986,50
50839,994,-3.899999999999998,50
50889,995,-0.8999999999999986,50
50939,996,-4.499999999999998,50
50989,997,-4.499999999999998,50
51039,998,-2.099999999999998,50
51089,999,-0.8999999999999986,50
51139,1000,-2.699999999999998,50
51189,1001,-0.8999999999999986,50
51247,1002,-2.4999999999999987,58
51297,1003,1.5,50
51328,1004,0.8000000000000012,31
51378,1005,-2.699999999999998,50
51428,1006,-0.8999999999999986,50
51478,1007,-0.8999999999999986,50
51528,1008,-0.8999999999999986,50
51578,1009,-0.8999999999999986,50
51628,1010,-0.8999999999999986,50
51678,1011,-0.8999999999999986,50
51728,1012,-0.8999999999999986,50
51778,1013,-0.8999999999999986,50
51828,1014,1.5,50
51878,1015,-3.299999999999998,50
51928,1016,0.9000000000000004,50
51978,1017,-0.8999999999999986,50
52028,1018,-0.8999999999999986,50
52078,1019,-1.4999999999999982,50
52128,1020,-0.8999999999999986,50
52178,1021,-0.8999999999999986,50
52228,1022,-0.8999999999999986,50
52278,1023,-3.899999999999998,50
52328,1024,-0.8999999999999986,50
52378,1025,-0.8999999999999986,50
52442,1026,-1.0000000000000004,64
52512,1027,-1.5999999999999988,70
52562,1028,-1.4999999999999982,50
52612,1029,-0.8999999999999986,50
52662,1030,-0.8999999999999986,50
52712,1031,-0.8999999999999986,50
52762,1032,-4.499999999999998,50
52812,1033,-0.8999999999999986,50
52862,1034,-0.8999999999999986,50
52912,1035,-0.8999999999999986,50
52962,1036,-0.8999999999999986,50
53012,1037,-0.8999999999999986,50
53062,1038,-0.8999999999999986,50
53112,1039,-2.099999999999998,50
53162,1040,-2.099999999999998,50
53212,1041,-5.099999999999998,50
53262,1042,-2.099999999999998,50
53312,1043,-0.8999999999999986,50
53362,1044,-0.8999999999999986,50
53412,1045,-5.099999999999998,50
53462,1046,-0.8999999999999986,50
53512,1047,-0.8999999999999986,50
53562,1048,-0.8999999999999986,50
53612,1049,-1.4999999999999982,50
53662,1050,-0.8999999999999986,50
53712,1051,-0.8999999999999986,50
53762,1052,-0.29999999999999893,50
53812,1053,-0.29999999999999893,50
53862,1054,-0.8999999999999986,50
53912,1055,-0.8999999999999986,50
53962,1056,-0.8999999999999986,50
54012,1057,-0.8999999999999986,50
54062,1058,-0.8999999999999986,50
54112,1059,-1.4999999999999982,50
54162,1060,-0.8999999999999986,50
54212,1061,2.6999999999999993,50
54262,1062,-1.4999999999999982,50
54312,1063,-0.8999999999999986,50
54362,1064,-0.8999999999999986,50
54414,1065,2.8999999999999986,52
54464,1066,-0.8999999999999986,50
54514,1067,-3.899999999999998,50
54601,1068,4.899999999999993,87
54651,1069,-0.8999999999999986,50
54701,1070,-3.899999999999998,50
54751,1071,-3.299999999999998,50
54801,1072,-2.099999999999998,50
54893,1073,-4.1999999999999975,92
54943,1074,-0.8999999999999986,50
54993,1075,-0.8999999999999986,50
55043,1076,-0.8999999999999986,50
55093,1077,-0.8999999999999986,50
55179,1078,-1.7999999999999994,86
55229,1079,-0.8999999999999986,50
55279,1080,-0.8999999999999986,50
55329,1081,0.3000000000000007,50
55379,1082,-5.099999999999998,50
55429,1083,-0.8999999999999986,50
55479,1084,-0.8999999999999986,50
55529,1085,-0.8999999999999986,50
55579,1086,-0.8999999999999986,50
55629,1087,-0.8999999999999986,50
55679,1088,-2.699999999999998,50
55729,1089,0.3000000000000007,50
55779,1090,-2.699999999999998,50
55829,1091,-0.8999999999999986,50
55879,1092,-1.4999999999999982,50
55931,1093,2.8999999999999986,52
55981,1094,-0.8999999999999986,50
56031,1095,-0.8999999999999986,50
56081,1096,-2.099999999999998,50
56131,1097,-3.899999999999998,50
56181,1098,-2.699999999999998,50
56232,1099,2.1999999999999993,51
56282,1100,-0.8999999999999986,50
56332,1101,-0.8999999999999986,50
56382,1102,-5.699999999999998,50
56434,1103,2.299999999999999,52
56484,1104,0.9000000000000004,50
56534,1105,-0.8999999999999986,50
56584,1106,-2.099999999999998,50
56634,1107,-2.699999999999998,50
56684,1108,-0.8999999999999986,50
56734,1109,-0.8999999999999986,50
56784,1110,-0.8999999999999986,50
56834,1111,-1.4999999999999982,50
56884,1112,-0.8999999999999986,50
56934,1113,-2.099999999999998,50
56984,1114,-0.8999999999999986,50
57034,1115,-0.8999999999999986,50
57084,1116,-0.8999999999999986,50
57134,1117,-0.8999999999999986,50
57184,1118,-0.8999999999999986,50
57234,1119,-0.8999999999999986,50
57284,1120,-0.29999999999999893,50
57334,1121,-0.8999999999999986,50
57384,1122,-0.8999999999999986,50
57434,1123,-0.8999999999999986,50
57484,1124,-0.8999999999999986,50
57534,1125,-0.8999999999999986,50
57584,1126,-0.8999999999999986,50
57634,1127,-0.8999999999999986,50
57700,1128,0.39999999999999925,66
57750,1129,-0.8999999999999986,50
57800,1130,-0.8999999999999986,50
57850,1131,-3.299999999999998,50
57900,1132,-0.8999999999999986,50
57950,1133,-2.699999999999998,50
58000,1134,-1.4999999999999982,50
58058,1135,-2.4999999999999987,58
58108,1136,-0.8999999999999986,50
58157,1137,-0.3999999999999986,49
58213,1138,-0.8999999999999986,56
58263,1139,-0.8999999999999986,50
58313,1140,-0.8999999999999986,50
58363,1141,-0.8999999999999986,50
58413,1142,-0.8999999999999986,50
58466,1143,2.3999999999999986,53
58519,1144,2.3999999999999986,53
58569,1145,-0.8999999999999986,50
58619,1146,-0.8999999999999986,50
58669,1147,-1.4999999999999982,50
58719,1148,-0.8999999999999986,50
58769,1149,-0.8999999999999986,50
58819,1150,-0.8999999999999986,50
58869,1151,-0.8999999999999986,50
58919,1152,-0.8999999999999986,50
58969,1153,2.0999999999999996,50
59019,1154,-0.8999999999999986,50
59069,1155,-0.8999999999999986,50
59119,1156,-2.099999999999998,50
59205,1157,-2.9999999999999982,86
59255,1158,-0.8999999999999986,50
59305,1159,-0.8999999999999986,50
59355,1160,2.0999999999999996,50
59405,1161,-0.8999999999999986,50
59455,1162,1.5,50
59505,1163,-0.8999999999999986,50
59555,1164,-0.8999999999999986,50
59605,1165,-0.8999999999999986,50
59655,1166,-0.8999999999999986,50
59705,1167,-0.8999999999999986,50
59755,1168,-1.4999999999999982,50
59805,1169,2.0999999999999996,50
59855,1170,-0.8999999999999986,50
59886,1171,0.8000000000000012,31
59936,1172,-0.8999999999999986,50
59986,1173,-0.8999999999999986,50
60036,1174,-0.8999999999999986,50
60086,1175,-0.8999999999999986,50
60136,1176,-0.8999999999999986,50
60189,1177,-1.7999999999999985,53
60239,1178,-0.8999999999999986,50
60289,1179,-0.8999999999999986,50
60339,1180,-0.8999999999999986,50
60389,1181,-0.8999999999999986,50
60439,1182,-0.8999999999999986,50
60489,1183,0.9000000000000004,50
60539,1184,-0.8999999999999986,50
60589,1185,-0.29999999999999893,50
60639,1186,-0.8999999999999986,50
60689,1187,-0.8999999999999986,50
60739,1188,-0.8999999999999986,50
60770,1189,0.8000000000000012,31
60820,1190,-0.8999999999999986,50
60879,1191,-2.9999999999999982,59
60929,1192,-0.8999999999999986,50
60979,1193,-0.8999999999999986,50
61029,1194,-0.8999999999999986,50
61079,1195,0.3000000000000007,50
61129,1196,1.5,50
61179,1197,-0.8999999999999986,50
61229,1198,-0.8999999999999986,50
61279,1199,-0.8999999999999986,50
61334,1200,1.3999999999999986,55
61384,1201,-5.099999999999998,50
61434,1202,-0.8999999999999986,50
61484,1203,-0.8999999999999986,50
61534,1204,-0.8999999999999986,50
61584,1205,-0.29999999999999893,50
61634,1206,2.0999999999999996,50
61684,1207,-0.8999999999999986,50
61734,1208,0.3000000000000007,50
61784,1209,-0.8999999999999986,50
61834,1210,-0.8999999999999986,50
61884,1211,-3.899999999999998,50
61934,1212,-0.8999999999999986,50
61984,1213,-0.8999999999999986,50
62034,1214,-0.8999999999999986,50
62084,1215,-0.8999999999999986,50
62134,1216,-0.8999999999999986,50
62184,1217,-0.8999999999999986,50
62234,1218,-0.8999999999999986,50
62284,1219,-0.8999999999999986,50
62334,1220,1.5,50
62384,1221,-0.8999999999999986,50
62434,1222,-0.8999999999999986,50
62484,1223,-0.29999999999999893,50
62534,1224,-0.29999999999999893,50
62587,1225,1.7763568394002505e-15,53
62618,1226,0.8000000000000012,31
62668,1227,-0.8999999999999986,50
62731,1228,1.8999999999999995,63
62781,1229,-0.8999999999999986,50
62831,1230,-0.8999999999999986,50
62862,1231,0.8000000000000012,31
62912,1232,-0.8999999999999986,50
62962,1233,-0.8999999999999986,50
63012,1234,-0.8999999999999986,50
63064,1235,2.299999999999999,52
63131,1236,0.5000000000000018,67
63181,1237,0.3000000000000007,50
63231,1238,-0.8999999999999986,50
63281,1239,-0.8999999999999986,50
63331,1240,-4.499999999999998,50
63381,1241,-0.8999999999999986,50
63431,1242,-0.8999999999999986,50
63481,1243,-0.8999999999999986,50
63531,1244,0.3000000000000007,50
63581,1245,2.6999999999999993,50
63631,1246,-0.29999999999999893,50
63681,1247,-0.8999999999999986,50
63731,1248,0.9000000000000004,50
63781,1249,0.9000000000000004,50
63831,1250,-0.8999999999999986,50
63881,1251,-0.8999999999999986,50
63931,1252,2.0999999999999996,50
63978,1253,0.6000000000000014,47
64028,1254,-0.8999999999999986,50
64078,1255,-0.8999999999999986,50
64128,1256,-0.8999999999999986,50
64178,1257,-0.8999999999999986,50
64228,1258,2.6999999999999993,50
64278,1259,0.3000000000000007,50
64332,1260,1.8999999999999986,54
64382,1261,-0.8999999999999986,50
64432,1262,-0.8999999999999986,50
64482,1263,2.0999999999999996,50
64532,1264,-0.8999999999999986,50
64582,1265,-0.8999999999999986,50
64632,1266,-0.8999999999999986,50
64682,1267,2.0999999999999996,50
64742,1268,0.10000000000000053,60
64792,1269,-0.8999999999999986,50
64842,1270,-0.8999999999999986,50
64900,1271,3.4999999999999964,58
64950,1272,-0.8999999999999986,50
65000,1273,0.3000000000000007,50
65050,1274,-0.8999999999999986,50
65100,1275,-1.4999999999999982,50
65140,1276,1.700000000000002,40
65190,1277,-0.8999999999999986,50
65240,1278,-0.8999999999999986,50
65290,1279,-0.8999999999999986,50
65349,1280,-2.399999999999999,59
65399,1281,-0.8999999999999986,50
65449,1282,-0.8999999999999986,50
65500,1283,2.799999999999999,51
65559,1284,-1.799999999999999,59
65609,1285,-0.8999999999999986,50
65666,1286,3.399999999999997,57
65721,1287,-0.3999999999999986,55
65771,1288,-0.8999999999999986,50
65818,1289,0.6000000000000014,47
65879,1290,-0.3999999999999999,61
65934,1291,2.599999999999998,55
65990,1292,-1.4999999999999987,56
66040,1293,-2.099999999999998,50
66090,1294,-0.8999999999999986,50
66140,1295,-0.8999999999999986,50
66190,1296,0.3000000000000007,50
66240,1297,-0.8999999999999986,50
66290,1298,-0.8999999999999986,50
66334,1299,2.1000000000000014,44
66384,1300,-0.8999999999999986,50
66439,1301,0.2000000000000015,55
66489,1302,-0.8999999999999986,50
66543,1303,3.099999999999998,54
66593,1304,-0.8999999999999986,50
66679,1305,1.8000000000000007,86
66729,1306,-0.8999999999999986,50
66783,1307,1.8999999999999986,54
66833,1308,-0.8999999999999986,50
66883,1309,-0.8999999999999986,50
66933,1310,-0.8999999999999986,50
66985,1311,2.8999999999999986,52
67040,1312,-0.39999999999999813,55
67090,1313,-0.8999999999999986,50
67160,1314,1.9999999999999987,70
67213,1315,2.9999999999999982,53
67263,1316,-0.29999999999999893,50
67313,1317,-0.8999999999999986,50
67364,1318,2.799999999999999,51
67395,1319,0.8000000000000012,31
67445,1320,-0.8999999999999986,50
67495,1321,2.0999999999999996,50
67549,1322,-2.8999999999999986,54
67580,1323,0.8000000000000012,31
67630,1324,-0.8999999999999986,50
67680,1325,0.3000000000000007,50
67743,1326,4.899999999999996,63
67774,1327,0.8000000000000012,31
67824,1328,-1.4999999999999978,50
67874,1329,-0.8999999999999986,50
67924,1330,-0.8999999999999986,50
67974,1331,-0.8999999999999986,50
68024,1332,-0.8999999999999986,50
68074,1333,0.3000000000000007,50
68124,1334,1.5,50
68174,1335,-0.8999999999999986,50
68224,1336,-0.8999999999999986,50
68287,1337,0.09999999999999964,63
68346,1338,-2.399999999999999,59
68396,1339,-0.8999999999999986,50
68458,1340,-0.5999999999999986,62
68507,1341,-0.3999999999999986,49
68557,1342,-0.8999999999999986,50
68607,1343,-0.8999999999999986,50
68657,1344,0.3000000000000007,50
68707,1345,-0.8999999999999986,50
68757,1346,-0.8999999999999986,50
68807,1347,-0.8999999999999986,50
68860,1348,1.8000000000000016,53
68910,1349,-0.29999999999999893,50
68960,1350,-0.8999999999999986,50
69010,1351,-0.8999999999999986,50
69041,1352,0.8000000000000012,31
69127,1353,-4.199999999999998,86
69177,1354,-0.8999999999999986,50
69280,1355,-1.5999999999999974,103
69332,1356,0.5000000000000018,52
69383,1357,2.799999999999999,51
69433,1358,-0.8999999999999986,50
69483,1359,0.9000000000000004,50
69516,1360,1.0000000000000013,33
69566,1361,-0.8999999999999986,50
69616,1362,0.9000000000000004,50
69666,1363,-0.8999999999999986,50
69721,1364,3.1999999999999975,55
69788,1365,-0.0999999999999982,67
69838,1366,-0.8999999999999986,50
69888,1367,-0.8999999999999986,50
69938,1368,0.9000000000000004,50
70024,1369,-2.399999999999999,86
70055,1370,0.8000000000000012,31
70105,1371,1.5,50
70155,1372,-0.8999999999999986,50
70205,1373,0.3000000000000007,50
70259,1374,0.7000000000000015,54
70309,1375,-0.8999999999999986,50
70359,1376,-0.29999999999999893,50
70409,1377,0.3000000000000007,50
70467,1378,-2.4999999999999987,58
70519,1379,0.5000000000000018,52
70569,1380,-0.8999999999999986,50
70619,1381,-0.8999999999999986,50
70683,1382,0.1999999999999993,64
70733,1383,-0.29999999999999893,50
70783,1384,-0.29999999999999893,50
70839,1385,-3.8999999999999986,56
70890,1386,2.799999999999999,51
70940,1387,0.9000000000000004,50
70996,1388,-1.4999999999999987,56
71052,1389,3.299999999999997,56
71107,1390,2.599999999999998,55
71160,1391,2.3999999999999995,53
71210,1392,-0.8999999999999986,50
71296,1393,-3.599999999999998,86
71359,1394,1.3000000000000025,63
71409,1395,-0.8999999999999986,50
71459,1396,-0.29999999999999893,50
71524,1397,5.099999999999995,65
71574,1398,-0.8999999999999986,50
71624,1399,-0.8999999999999986,50
71674,1400,-0.8999999999999986,50
71724,1401,2.0999999999999996,50
71774,1402,-0.8999999999999986,50
71807,1403,1.0000000000000013,33
71838,1404,0.8000000000000012,31
71907,1405,0.7,69
71957,1406,-0.8999999999999986,50
72007,1407,1.5,50
72057,1408,-0.8999999999999986,50
72107,1409,-0.8999999999999986,50
72174,1410,3.4999999999999964,67
72224,1411,-0.8999999999999986,50
72322,1412,4.499999999999986,98
72372,1413,-0.8999999999999986,50
72422,1414,-0.8999999999999986,50
72478,1415,0.9000000000000012,56
72520,1416,1.9000000000000021,42
72574,1417,-0.4999999999999982,54
72627,1418,2.9999999999999982,53
72681,1419,1.8999999999999986,54
72731,1420,0.3000000000000007,50
72781,1421,1.5,50
72831,1422,-0.8999999999999986,50
72894,1423,-0.5,63
72936,1424,1.9000000000000021,42
72996,1425,-0.4999999999999991,60
73046,1426,-0.8999999999999986,50
73096,1427,-0.8999999999999986,50
73146,1428,-0.8999999999999986,50
73192,1429,1.1000000000000014,46
73223,1430,0.8000000000000012,31
73291,1431,1.800000000000003,68
73341,1432,-0.29999999999999893,50
73391,1433,-0.8999999999999986,50
73451,1434,-1.0999999999999983,60
73482,1435,0.8000000000000012,31
73541,1436,2.9999999999999964,59
73597,1437,-0.8999999999999986,56
73647,1438,-0.8999999999999986,50
73712,1439,5.099999999999995,65
73762,1440,0.3000000000000007,50
73818,1441,3.299999999999997,56
73871,1442,2.9999999999999982,53
73921,1443,0.3000000000000007,50
73971,1444,-0.8999999999999986,50
74021,1445,-0.29999999999999893,50
74071,1446,0.9000000000000004,50
74127,1447,3.299999999999997,56
74177,1448,-0.8999999999999986,50
74227,1449,-0.29999999999999893,50
74277,1450,-0.8999999999999986,50
74327,1451,-0.8999999999999986,50
74377,1452,-0.8999999999999986,50
74430,1453,2.9999999999999982,53
74480,1454,0.3000000000000007,50
74544,1455,-1.6000000000000005,64
74594,1456,-0.8999999999999986,50
74647,1457,1.1999999999999993,53
74697,1458,-0.8999999999999986,50
74747,1459,0.3000000000000007,50
74797,1460,-0.8999999999999986,50
74847,1461,-0.8999999999999986,50
74897,1462,-0.8999999999999986,50
74947,1463,-0.8999999999999986,50
74997,1464,2.6999999999999993,50
75049,1465,2.8999999999999986,52
75099,1466,-0.8999999999999986,50
75149,1467,-0.8999999999999986,50
75203,1468,3.099999999999998,54
75253,1469,-0.8999999999999986,50
75303,1470,0.3000000000000007,50
75353,1471,-0.8999999999999986,50
75404,1472,2.1999999999999993,51
75454,1473,-0.8999999999999986,50
75504,1474,0.3000000000000007,50
75562,1475,1.1000000000000014,58
75593,1476,0.8000000000000012,31
75643,1477,1.5,50
75674,1478,0.8000000000000012,31
75724,1479,-0.8999999999999986,50
75774,1480,-0.29999999999999893,50
75831,1481,-0.7999999999999987,57
75881,1482,-0.8999999999999986,50
75930,1483,-0.3999999999999986,49
75980,1484,-0.8999999999999986,50
76030,1485,-0.8999999999999986,50
76080,1486,-0.8999999999999986,50
76111,1487,0.8000000000000012,31
76161,1488,-0.8999999999999986,50
76211,1489,0.9000000000000004,50
76275,1490,1.399999999999999,64
76325,1491,-0.8999999999999986,50
76375,1492,-0.8999999999999986,50
76425,1493,-0.8999999999999986,50
76475,1494,-0.8999999999999986,50
76525,1495,0.9000000000000004,50
76575,1496,-0.29999999999999893,50
76631,1497,2.6999999999999975,56
76681,1498,-0.29999999999999893,50
76731,1499,-0.8999999999999986,50
76781,1500,0.3000000000000007,50
76812,1501,0.8000000000000012,31
76862,1502,-0.8999999999999986,50
76909,1503,0.6000000000000014,47
76966,1504,3.399999999999997,57
77023,1505,-2.5999999999999988,57
77082,1506,-0.5999999999999979,59
77132,1507,-0.8999999999999986,50
77182,1508,0.9000000000000004,50
77239,1509,-1.399999999999999,57
77292,1510,2.9999999999999982,53
77348,1511,-3.8999999999999986,56
77403,1512,1.4000000000000012,55
77453,1513,-0.29999999999999893,50
77508,1514,-3.3999999999999986,55
77566,1515,-0.09999999999999787,58
77597,1516,0.8000000000000012,31
77651,1517,1.8999999999999986,54
77702,1518,2.1999999999999993,51
77752,1519,0.3000000000000007,50
77802,1520,-0.8999999999999986,50
77833,1521,0.8000000000000012,31
77883,1522,1.5,50
77933,1523,0.9000000000000004,50
77983,1524,-0.8999999999999986,50
78033,1525,-0.8999999999999986,50
78083,1526,0.3000000000000007,50
78133,1527,-0.8999999999999986,50
78203,1528,1.3999999999999986,70
78259,1529,3.299999999999997,56
78309,1530,-0.8999999999999986,50
78359,1531,1.5,50
78409,1532,1.5,50
78461,1533,2.8999999999999986,52
78511,1534,0.9000000000000004,50
78561,1535,-0.8999999999999986,50
78611,1536,0.3000000000000007,50
78661,1537,-0.29999999999999893,50
78727,1538,-0.7999999999999999,66
78782,1539,2.599999999999998,55
78832,1540,-0.8999999999999986,50
78918,1541,2.9999999999999893,86
78968,1542,-0.8999999999999986,50
79018,1543,-0.8999999999999986,50
79068,1544,-0.8999999999999986,50
79119,1545,2.799999999999999,51
79179,1546,3.6999999999999957,60
79245,1547,1.5999999999999988,66
79295,1548,-0.8999999999999986,50
79361,1549,-0.20000000000000073,66
79411,1550,-0.8999999999999986,50
79442,1551,0.8000000000000012,31
79499,1552,-0.7999999999999987,57
79549,1553,0.9000000000000004,50
79599,1554,-0.29999999999999893,50
79658,1555,-1.799999999999999,59
79708,1556,0.9000000000000004,50
79755,1557,0.6000000000000014,47
79806,1558,-0.1999999999999993,51
79856,1559,-0.8999999999999986,50
79906,1560,-0.8999999999999986,50
79956,1561,-0.29999999999999893,50
80009,1562,2.9999999999999982,53
80046,1563,1.4000000000000017,37
80141,1564,8.099999999999984,95
80196,1565,1.9999999999999982,55
80249,1566,2.9999999999999982,53
80299,1567,-0.8999999999999986,50
80349,1568,-0.29999999999999893,50
80399,1569,-0.8999999999999986,50
80449,1570,-0.8999999999999986,50
80499,1571,-0.8999999999999986,50
80549,1572,-0.8999999999999986,50
80603,1573,3.099999999999998,54
80658,1574,-0.9999999999999987,55
80708,1575,-0.8999999999999986,50
80758,1576,-0.8999999999999986,50
80808,1577,0.3000000000000007,50
80858,1578,-0.8999999999999986,50
80905,1579,0.6000000000000014,47
80955,1580,-0.8999999999999986,50
81015,1581,-1.0999999999999996,60
81065,1582,2.6999999999999993,50
81118,1583,2.3999999999999986,53
81168,1584,-0.8999999999999986,50
81221,1585,2.9999999999999982,53
81268,1586,0.6000000000000014,47
81318,1587,-0.8999999999999986,50
81368,1588,-0.8999999999999986,50
81418,1589,-0.29999999999999893,50
81468,1590,-0.8999999999999986,50
81520,1591,0.5000000000000018,52
81584,1592,-1.0000000000000004,64
81634,1593,-0.8999999999999986,50
81665,1594,0.8000000000000012,31
81724,1595,8.881784197001252e-16,59
81774,1596,2.0999999999999996,50
81805,1597,0.8000000000000012,31
81859,1598,3.099999999999998,54
81920,1599,0.20000000000000018,61
81970,1600,1.5,50
82001,1601,0.8000000000000012,31
82051,1602,0.3000000000000007,50
82101,1603,0.9000000000000004,50
82132,1604,0.8000000000000012,31
82163,1605,0.8000000000000012,31
82213,1606,-0.8999999999999986,50
82263,1607,-0.8999999999999986,50
82313,1608,2.6999999999999993,50
82363,1609,-0.8999999999999986,50
82419,1610,-3.8999999999999986,56
82470,1611,2.799999999999999,51
82520,1612,0.3000000000000007,50
82570,1613,0.3000000000000007,50
82634,1614,2.600000000000002,64
82695,1615,-2.1999999999999993,61
82745,1616,-0.8999999999999986,50
82794,1617,-0.3999999999999986,49
82831,1618,1.4000000000000017,37
82881,1619,-0.8999999999999986,50
82931,1620,-0.8999999999999986,50
82962,1621,0.8000000000000012,31
83012,1622,-0.8999999999999986,50
83062,1623,1.5,50
83112,1624,-0.8999999999999986,50
83162,1625,-0.8999999999999986,50
83193,1626,0.8000000000000012,31
83246,1627,2.3999999999999986,53
83309,1628,4.899999999999995,63
83366,1629,1.0000000000000022,57
83416,1630,-0.8999999999999986,50
83466,1631,-0.8999999999999986,50
83516,1632,1.5,50
83566,1633,2.0999999999999996,50
83620,1634,2.4999999999999982,54
83678,1635,2.899999999999997,58
83709,1636,0.8000000000000012,31
83761,1637,2.8999999999999986,52
83811,1638,-0.29999999999999893,50
83861,1639,-0.8999999999999986,50
83910,1640,-0.3999999999999986,49
83960,1641,-0.8999999999999986,50
84015,1642,-0.9999999999999987,55
84065,1643,0.9000000000000004,50
84115,1644,-0.8999999999999986,50
84177,1645,0.5999999999999999,62
84227,1646,0.3000000000000007,50
84277,1647,-0.8999999999999986,50
84327,1648,0.3000000000000007,50
84377,1649,1.5,50
84427,1650,-0.8999999999999986,50
84477,1651,-0.8999999999999986,50
84530,1652,2.9999999999999982,53
84587,1653,3.399999999999997,57
84637,1654,2.6999999999999993,50
84696,1655,0.6000000000000005,59
84750,1656,-0.4999999999999982,54
84800,1657,-0.29999999999999893,50
84856,1658,2.6999999999999975,56
84906,1659,-0.8999999999999986,50
84954,1660,0.10000000000000142,48
84985,1661,0.8000000000000012,31
85035,1662,-0.8999999999999986,50
85085,1663,-0.8999999999999986,50
85135,1664,-0.8999999999999986,50
85185,1665,-0.29999999999999893,50
85235,1666,2.0999999999999996,50
85285,1667,-0.8999999999999986,50
85316,1668,0.8000000000000012,31
85366,1669,-0.8999999999999986,50
85424,1670,-1.299999999999999,58
85474,1671,0.3000000000000007,50
85524,1672,-0.8999999999999986,50
85574,1673,0.9000000000000004,50
85624,1674,-0.8999999999999986,50
85674,1675,-0.8999999999999986,50
85724,1676,-0.8999999999999986,50
85778,1677,3.099999999999998,54
85809,1678,0.8000000000000012,31
85859,1679,-0.8999999999999986,50
85909,1680,-0.8999999999999986,50
85963,1681,0.7000000000000015,54
86013,1682,-0.8999999999999986,50
86063,1683,-0.8999999999999986,50
86119,1684,3.299999999999997,56
86169,1685,-0.8999999999999986,50
86223,1686,3.099999999999998,54
86273,1687,-0.8999999999999986,50
86323,1688,-0.8999999999999986,50
86376,1689,2.9999999999999982,53
86426,1690,-0.8999999999999986,50
86478,1691,2.8999999999999986,52
86509,1692,0.8000000000000012,31
86559,1693,-0.8999999999999986,50
86609,1694,-0.29999999999999893,50
86659,1695,-0.8999999999999986,50
86709,1696,-0.8999999999999986,50
86765,1697,3.299999999999997,56
86815,1698,0.9000000000000004,50
86865,1699,1.5,50
86928,1700,5.499999999999995,63
86959,1701,0.8000000000000012,31
87009,1702,-0.8999999999999986,50
87059,1703,-0.8999999999999986,50
87090,1704,0.8000000000000012,31
87159,1705,-1.099999999999998,69
87209,1706,-0.8999999999999986,50
87260,1707,1.5999999999999996,51
87291,1708,0.8000000000000012,31
87350,1709,-1.1999999999999993,59
87400,1710,-0.8999999999999986,50
87468,1711,0.599999999999999,68
87518,1712,-0.8999999999999986,50
87568,1713,-0.8999999999999986,50
87618,1714,-0.8999999999999986,50
87668,1715,-0.8999999999999986,50
87718,1716,-0.8999999999999986,50
87768,1717,-0.8999999999999986,50
87816,1718,0.10000000000000142,48
87866,1719,-0.8999999999999986,50
87925,1720,3.599999999999996,59
87994,1721,1.8999999999999981,69
88047,1722,2.9999999999999982,53
88097,1723,-0.8999999999999986,50
88147,1724,-0.8999999999999986,50
88197,1725,-0.8999999999999986,50
88254,1726,-1.9999999999999987,57
88304,1727,0.3000000000000007,50
88364,1728,-2.299999999999999,60
88416,1729,2.8999999999999986,52
88466,1730,-0.29999999999999893,50
88518,1731,2.8999999999999986,52
88578,1732,2.4999999999999982,60
88628,1733,-0.8999999999999986,50
88678,1734,1.5,50
88764,1735,-3.5999999999999988,86
88823,1736,-2.3999999999999986,59
88873,1737,-0.8999999999999986,50
88923,1738,-0.29999999999999893,50
88990,1739,2.3000000000000016,67
89040,1740,-0.29999999999999893,50
89091,1741,1.5999999999999996,51
89156,1742,-0.9000000000000008,65
89187,1743,0.8000000000000012,31
89237,1744,-0.8999999999999986,50
89293,1745,2.6999999999999975,56
89343,1746,-0.8999999999999986,50
89429,1747,1.799999999999999,86
89489,1748,3.6999999999999957,60
89539,1749,-0.8999999999999986,50
89594,1750,3.1999999999999975,55
89625,1751,0.8000000000000012,31
89681,1752,-3.8999999999999986,56
89734,1753,2.3999999999999986,53
89792,1754,3.4999999999999964,58
89878,1755,1.799999999999991,86
89909,1756,0.8000000000000012,31
89940,1757,0.8000000000000012,31
89998,1758,3.4999999999999964,58
90048,1759,1.5,50
90099,1760,2.1999999999999993,51
90153,1761,3.099999999999998,54
90203,1762,-0.8999999999999986,50
90253,1763,2.0999999999999996,50
90303,1764,-0.8999999999999986,50
90353,1765,0.9000000000000004,50
90384,1766,0.8000000000000012,31
90448,1767,2.000000000000002,64
90512,1768,-0.39999999999999847,64
90564,1769,2.299999999999999,52
90614,1770,-0.8999999999999986,50
90664,1771,-0.8999999999999986,50
90715,1772,1.5999999999999996,51
90765,1773,-0.8999999999999986,50
90815,1774,-0.29999999999999893,50
90865,1775,-0.8999999999999986,50
90915,1776,-0.8999999999999986,50
90965,1777,2.6999999999999993,50
91019,1778,2.4999999999999982,54
91050,1779,0.8000000000000012,31
91111,1780,3.1999999999999957,61
91161,1781,-0.8999999999999986,50
91212,1782,2.799999999999999,51
91266,1783,3.099999999999998,54
91316,1784,2.0999999999999996,50
91367,1785,1.0000000000000018,51
91402,1786,1.2000000000000015,35
91453,1787,2.1999999999999993,51
91518,1788,4.499999999999996,65
91559,1789,1.800000000000002,41
91609,1790,-0.8999999999999986,50
91663,1791,2.4999999999999982,54
91713,1792,-0.8999999999999986,50
91763,1793,-0.8999999999999986,50
91809,1794,1.1000000000000014,46
91863,1795,0.10000000000000187,54
91918,1796,3.1999999999999975,55
91968,1797,-0.8999999999999986,50
92023,1798,3.1999999999999975,55
92077,1799,0.7000000000000015,54
92132,1800,2.599999999999998,55
92182,1801,0.9000000000000004,50
92213,1802,0.8000000000000012,31
92263,1803,-0.8999999999999986,50
92315,1804,2.299999999999999,52
92365,1805,-0.8999999999999986,50
92415,1806,1.5,50
92446,1807,0.8000000000000012,31
92488,1808,1.9000000000000021,42
92543,1809,3.1999999999999975,55
92593,1810,0.3000000000000007,50
92643,1811,-0.8999999999999986,50
92693,1812,2.6999999999999993,50
92743,1813,-0.8999999999999986,50
92808,1814,4.499999999999995,65
92858,1815,-0.29999999999999893,50
92909,1816,2.799999999999999,51
92959,1817,-0.29999999999999893,50
93016,1818,-4.399999999999999,57
93066,1819,-0.8999999999999986,50
93152,1820,1.7999999999999936,86
93203,1821,2.799999999999999,51
93253,1822,2.6999999999999993,50
93313,1823,-2.8999999999999986,60
93368,1824,3.1999999999999975,55
93418,1825,-0.8999999999999986,50
93477,1826,3.599999999999996,59
93527,1827,-0.8999999999999986,50
93558,1828,0.8000000000000012,31
93608,1829,-0.8999999999999986,50
93658,1830,-0.8999999999999986,50
93710,1831,2.8999999999999986,52
93760,1832,0.3000000000000007,50
93824,1833,-1.0000000000000004,64
93874,1834,0.9000000000000004,50
93924,1835,2.0999999999999996,50
93974,1836,-0.8999999999999986,50
94030,1837,-1.4999999999999987,56
94084,1838,2.4999999999999982,54
94134,1839,-0.8999999999999986,50
94184,1840,-0.8999999999999986,50
94234,1841,-0.8999999999999986,50
94287,1842,2.3999999999999986,53
94339,1843,2.8999999999999986,52
94389,1844,0.9000000000000004,50
94445,1845,3.299999999999997,56
94495,1846,-0.8999999999999986,50
94526,1847,0.8000000000000012,31
94576,1848,-0.8999999999999986,50
94632,1849,3.299999999999997,56
94682,1850,-0.8999999999999986,50
94732,1851,-0.29999999999999893,50
94785,1852,1.799999999999999,53
94816,1853,0.8000000000000012,31
94866,1854,2.6999999999999993,50
94916,1855,-0.8999999999999986,50
94966,1856,-0.8999999999999986,50
95016,1857,0.9000000000000004,50
95066,1858,-0.8999999999999986,50
95118,1859,0.5,52
95171,1860,2.3999999999999986,53
95223,1861,1.6999999999999993,52
95273,1862,-0.8999999999999986,50
95304,1863,0.8000000000000012,31
95354,1864,-0.8999999999999986,50
95404,1865,-0.8999999999999986,50
95454,1866,-0.8999999999999986,50
95504,1867,-0.8999999999999986,50
95556,1868,-1.8999999999999986,52
95606,1869,0.3000000000000007,50
95656,1870,-0.8999999999999986,50
95720,1871,4.999999999999995,64
95770,1872,-0.8999999999999986,50
95820,1873,0.3000000000000007,50
95870,1874,-0.8999999999999986,50
95920,1875,1.5,50
95979,1876,-2.9999999999999982,59
96029,1877,0.9000000000000004,50
96083,1878,-0.4999999999999982,54
96133,1879,-0.29999999999999893,50
96183,1880,0.9000000000000004,50
96233,1881,-0.8999999999999986,50
96283,1882,-0.8999999999999986,50
96333,1883,-0.8999999999999986,50
96383,1884,-0.8999999999999986,50
96437,1885,0.10000000000000187,54
96468,1886,0.8000000000000012,31
96529,1887,1.4,61
96579,1888,-0.8999999999999986,50
96610,1889,0.8000000000000012,31
96664,1890,2.4999999999999982,54
96714,1891,0.9000000000000004,50
96745,1892,0.8000000000000012,31
96776,1893,0.8000000000000012,31
96835,1894,-1.1999999999999993,59
96885,1895,0.9000000000000004,50
96916,1896,0.8000000000000012,31
96966,1897,-0.8999999999999986,50
97016,1898,-0.8999999999999986,50
97066,1899,2.0999999999999996,50
97116,1900,-1.4999999999999978,50
97166,1901,-0.8999999999999986,50
97197,1902,0.8000000000000012,31
97250,1903,2.9999999999999982,53
97319,1904,3.0999999999999996,69
97350,1905,0.8000000000000012,31
97401,1906,2.1999999999999993,51
97451,1907,-0.8999999999999986,50
97505,1908,0.7000000000000015,54
97555,1909,-0.8999999999999986,50
97586,1910,0.8000000000000012,31
97636,1911,-0.29999999999999893,50
97686,1912,0.3000000000000007,50
97736,1913,0.9000000000000004,50
97786,1914,0.9000000000000004,50
97842,1915,3.299999999999997,56
97901,1916,8.881784197001252e-16,59
97958,1917,-0.7999999999999987,57
97989,1918,0.8000000000000012,31
98020,1919,0.8000000000000012,31
98070,1920,-0.29999999999999893,50
98120,1921,-0.8999999999999986,50
98151,1922,0.8000000000000012,31
98201,1923,-0.29999999999999893,50
98232,1924,0.8000000000000012,31
98282,1925,-0.8999999999999986,50
98313,1926,0.8000000000000012,31
98363,1927,1.5,50
98423,1928,1.3000000000000003,60
98478,1929,3.1999999999999975,55
98528,1930,0.3000000000000007,50
98559,1931,0.8000000000000012,31
98590,1932,0.8000000000000012,31
98640,1933,-0.8999999999999986,50
98671,1934,0.8000000000000012,31
98721,1935,-0.8999999999999986,50
98761,1936,1.700000000000002,40
98822,1937,3.1999999999999957,61
98872,1938,-0.8999999999999986,50
98922,1939,1.5,50
98983,1940,3.1999999999999957,61
99037,1941,3.099999999999998,54
99099,1942,1.200000000000002,62
99149,1943,-0.8999999999999986,50
99199,1944,-0.8999999999999986,50
99249,1945,-0.8999999999999986,50
99299,1946,-0.8999999999999986,50
99349,1947,0.3000000000000007,50
99399,1948,2.6999999999999993,50
99450,1949,2.1999999999999993,51
99502,1950,1.0999999999999996,52
99552,1951,-0.8999999999999986,50
99602,1952,-0.8999999999999986,50
99652,1953,-0.8999999999999986,50
99738,1954,1.2000000000000033,86
99790,1955,2.299999999999999,52
99840,1956,-0.8999999999999986,50
99890,1957,-0.8999999999999986,50
99921,1958,0.8000000000000012,31
99971,1959,-0.8999999999999986,50
100002,1960,0.8000000000000012,31
100060,1961,2.899999999999997,58
100124,1962,4.999999999999995,64
100174,1963,1.5,50
100219,1964,1.6000000000000014,45
100269,1965,-0.8999999999999986,50
100333,1966,3.799999999999998,64
100383,1967,-0.8999999999999986,50
100433,1968,1.5,50
100483,1969,0.3000000000000007,50
100575,1970,-1.199999999999998,92
100625,1971,-0.8999999999999986,50
100675,1972,1.5,50
100725,1973,-0.29999999999999893,50
100775,1974,-0.29999999999999893,50
100825,1975,-0.8999999999999986,50
100875,1976,-0.8999999999999986,50
100925,1977,0.3000000000000007,50
100988,1978,4.899999999999996,63
101019,1979,0.8000000000000012,31
101076,1980,-0.799999999999998,57
101107,1981,0.8000000000000012,31
101138,1982,0.8000000000000012,31
101202,1983,1.399999999999999,64
101256,1984,0.7000000000000015,54
101342,1985,-3.5999999999999974,86
101398,1986,2.6999999999999975,56
101448,1987,2.0999999999999996,50
101515,1988,5.299999999999996,67
101565,1989,-0.8999999999999986,50
101651,1990,2.220446049250313e-15,86
101701,1991,1.5,50
101787,1992,2.399999999999996,86
101837,1993,-0.8999999999999986,50
101887,1994,-0.8999999999999986,50
101937,1995,-0.8999999999999986,50
101990,1996,0.6000000000000019,53
102058,1997,5.399999999999995,68
102108,1998,-0.29999999999999893,50
102158,1999,2.6999999999999993,50
102208,2000,0.3000000000000007,50
102262,2001,3.099999999999998,54
102312,2002,-0.8999999999999986,50
102368,2003,2.6999999999999975,56
102418,2004,-0.8999999999999986,50
102468,2005,1.5,50
102518,2006,2.6999999999999993,50
102570,2007,2.8999999999999986,52
102601,2008,0.8000000000000012,31
102687,2009,-3.599999999999998,86
102737,2010,-0.8999999999999986,50
102787,2011,2.6999999999999993,50
102836,2012,-0.3999999999999986,49
102867,2013,0.8000000000000012,31
102921,2014,3.099999999999998,54
102974,2015,0.6000000000000019,53
103020,2016,1.1000000000000014,46
103070,2017,0.3000000000000007,50
103156,2018,-5.399999999999998,86
103215,2019,3.599999999999996,59
103272,2020,3.399999999999997,57
103322,2021,0.3000000000000007,50
103371,2022,-0.3999999999999986,49
103436,2023,2.1000000000000014,65
103467,2024,0.8000000000000012,31
103517,2025,2.0999999999999996,50
103567,2026,-0.29999999999999893,50
103620,2027,2.3999999999999986,53
103673,2028,2.3999999999999986,53
103723,2029,-0.8999999999999986,50
103783,2030,0.10000000000000231,60
103842,2031,3.599999999999996,59
103873,2032,0.8000000000000012,31
103904,2033,0.8000000000000012,31
103956,2034,2.8999999999999986,52
104013,2035,3.399999999999997,57
104063,2036,-0.29999999999999893,50
104094,2037,0.8000000000000012,31
104144,2038,-0.8999999999999986,50
104196,2039,2.8999999999999986,52
104236,2040,1.700000000000002,40
104286,2041,-0.8999999999999986,50
104336,2042,0.3000000000000007,50
104386,2043,1.5,50
104444,2044,-1.899999999999999,58
104494,2045,0.3000000000000007,50
104544,2046,-0.8999999999999986,50
104594,2047,1.5,50
104644,2048,-0.8999999999999986,50
104695,2049,1.5999999999999996,51
104755,2050,0.10000000000000231,60
104786,2051,0.8000000000000012,31
104843,2052,-1.9999999999999982,57
104893,2053,-0.8999999999999986,50
104943,2054,-0.8999999999999986,50
104993,2055,-0.8999999999999986,50
105057,2056,-1.0000000000000004,64
105107,2057,0.3000000000000007,50
105157,2058,-0.8999999999999986,50
105219,2059,1.7999999999999998,62
105269,2060,-0.29999999999999893,50
105319,2061,-0.8999999999999986,50
105374,2062,2.599999999999998,55
105464,2063,-0.7999999999999969,90
105514,2064,0.9000000000000004,50
105564,2065,-0.8999999999999986,50
105626,2066,-1.1999999999999993,62
105676,2067,2.0999999999999996,50
105726,2068,0.3000000000000007,50
105757,2069,0.8000000000000012,31
105807,2070,-0.8999999999999986,50
105857,2071,-0.8999999999999986,50
105917,2072,-1.0999999999999983,60
105967,2073,-0.8999999999999986,50
106017,2074,-0.8999999999999986,50
106067,2075,-0.8999999999999986,50
106127,2076,-4.099999999999998,60
106214,2077,5.499999999999992,87
106273,2078,2.4000000000000004,59
106304,2079,0.8000000000000012,31
106354,2080,-0.29999999999999893,50
106385,2081,0.8000000000000012,31
106436,2082,2.1999999999999993,51
106486,2083,-0.8999999999999986,50
106546,2084,-2.8999999999999986,60
106596,2085,-0.29999999999999893,50
106646,2086,-0.8999999999999986,50
106712,2087,0.39999999999999925,66
106770,2088,-1.299999999999999,58
106820,2089,-0.29999999999999893,50
106870,2090,-0.29999999999999893,50
106929,2091,2.9999999999999964,59
106960,2092,0.8000000000000012,31
107046,2093,2.220446049250313e-15,86
107096,2094,2.6999999999999993,50
107146,2095,0.9000000000000004,50
107201,2096,1.9999999999999982,55
107251,2097,-0.8999999999999986,50
107300,2098,-0.3999999999999986,49
107331,2099,0.8000000000000012,31
107394,2100,1.8999999999999995,63
107480,2101,1.7999999999999927,86
107511,2102,0.8000000000000012,31
107561,2103,-0.29999999999999893,50
107592,2104,0.8000000000000012,31
107644,2105,0.5000000000000018,52
107697,2106,1.799999999999999,53
107747,2107,-0.8999999999999986,50
107799,2108,2.299999999999999,52
107849,2109,-0.8999999999999986,50
107880,2110,0.8000000000000012,31
107930,2111,0.9000000000000004,50
107980,2112,0.9000000000000004,50
108040,2113,-2.2999999999999994,60
108093,2114,1.1999999999999993,53
108143,2115,1.5,50
108193,2116,-0.8999999999999986,50
108243,2117,-0.8999999999999986,50
108305,2118,5.399999999999995,62
108355,2119,-0.8999999999999986,50
108412,2120,2.799999999999997,57
108469,2121,-1.3999999999999986,57
108519,2122,-0.8999999999999986,50
108571,2123,1.6999999999999993,52
108623,2124,1.6999999999999993,52
108680,2125,-1.9999999999999987,57
108730,2126,-0.8999999999999986,50
108780,2127,0.3000000000000007,50
108848,2128,0.5999999999999988,68
108904,2129,-3.8999999999999986,56
109001,2130,5.89999999999999,97
109051,2131,-0.8999999999999986,50
109101,2132,0.9000000000000004,50
109132,2133,0.8000000000000012,31
109182,2134,1.5,50
109245,2135,5.499999999999995,63
109276,2136,0.8000000000000012,31
109327,2137,2.799999999999999,51
109377,2138,-0.8999999999999986,50
109436,2139,3.599999999999996,59
109489,2140,2.9999999999999982,53
109539,2141,0.3000000000000007,50
109589,2142,-0.8999999999999986,50
109639,2143,0.9000000000000004,50
109698,2144,-0.5999999999999979,59
109748,2145,-0.8999999999999986,50
109807,2146,3.599999999999996,59
109857,2147,-0.8999999999999986,50
109907,2148,0.3000000000000007,50
109938,2149,0.8000000000000012,31
109988,2150,2.0999999999999996,50
110019,2151,0.8000000000000012,31
110069,2152,-0.8999999999999986,50
110100,2153,0.8000000000000012,31
110154,2154,1.8999999999999986,54
110217,2155,0.6999999999999997,63
110267,2156,-0.8999999999999986,50
110327,2157,-2.8999999999999986,60
110381,2158,-0.4999999999999982,54
110431,2159,-0.8999999999999986,50
110487,2160,3.299999999999997,56
110537,2161,-0.8999999999999986,50
110587,2162,0.9000000000000004,50
110638,2163,2.799999999999999,51
110688,2164,0.3000000000000007,50
110738,2165,0.3000000000000007,50
110803,2166,3.3000000000000007,65
110854,2167,2.799999999999999,51
110910,2168,2.6999999999999975,56
110967,2169,3.399999999999997,57
111031,2170,0.8000000000000016,64
111081,2171,-0.29999999999999893,50
111137,2172,2.099999999999998,56
111187,2173,-0.8999999999999986,50
111225,2174,1.5000000000000018,38
111275,2175,-0.8999999999999986,50
111325,2176,1.5,50
111375,2177,-0.8999999999999986,50
111425,2178,-0.8999999999999986,50
111456,2179,0.8000000000000012,31
111487,2180,0.8000000000000012,31
111537,2181,-0.8999999999999986,50
111587,2182,0.3000000000000007,50
111673,2183,1.7763568394002505e-15,86
111704,2184,0.8000000000000012,31
111769,2185,0.8999999999999986,65
111825,2186,3.299999999999997,56
111856,2187,0.8000000000000012,31
111906,2188,-0.8999999999999986,50
111956,2189,-0.8999999999999986,50
112006,2190,-0.8999999999999986,50
112056,2191,-0.29999999999999893,50
112106,2192,-0.29999999999999893,50
112163,2193,-1.9999999999999987,57
112213,2194,-0.8999999999999986,50
112282,2195,3.7,69
112348,2196,4.0,66
112398,2197,-0.8999999999999986,50
112448,2198,-0.8999999999999986,50
112498,2199,-0.8999999999999986,50
112529,2200,0.8000000000000012,31
112594,2201,2.100000000000002,65
112648,2202,3.099999999999998,54
112698,2203,-0.8999999999999986,50
112756,2204,-0.09999999999999787,58
112820,2205,3.7999999999999954,64
112879,2206,3.599999999999996,59
112932,2207,0.6000000000000019,53
112976,2208,2.1000000000000014,44
113046,2209,0.19999999999999818,70
113077,2210,0.8000000000000012,31
113128,2211,2.799999999999999,51
113178,2212,-0.8999999999999986,50
113237,2213,3.599999999999996,59
113268,2214,0.8000000000000012,31
113318,2215,-0.8999999999999986,50
113368,2216,-0.8999999999999986,50
113399,2217,0.8000000000000012,31
113453,2218,2.4999999999999982,54
113539,2219,2.3999999999999906,86
113589,2220,-0.8999999999999986,50
113639,2221,-0.8999999999999986,50
113670,2222,0.8000000000000012,31
113720,2223,-0.8999999999999986,50
113770,2224,-0.8999999999999986,50
113823,2225,2.3999999999999986,53
113876,2226,1.7763568394002505e-15,53
113933,2227,3.399999999999997,57
113986,2228,2.9999999999999982,53
114042,2229,-0.29999999999999805,56
114128,2230,4.799999999999988,86
114182,2231,1.8999999999999986,54
114232,2232,-0.29999999999999893,50
114282,2233,-2.699999999999998,50
114343,2234,2.5999999999999996,61
114429,2235,-2.4000000000000004,86
114484,2236,3.1999999999999975,55
114534,2237,2.0999999999999996,50
114584,2238,2.0999999999999996,50
114646,2239,1.1999999999999975,62
114696,2240,0.3000000000000007,50
114747,2241,2.799999999999999,51
114797,2242,0.3000000000000007,50
114828,2243,0.8000000000000012,31
114878,2244,-0.8999999999999986,50
114928,2245,2.0999999999999996,50
114959,2246,0.8000000000000012,31
115018,2247,-1.199999999999998,59
115068,2248,0.3000000000000007,50
115124,2249,-1.4999999999999987,56
115183,2250,2.9999999999999964,59
115214,2251,0.8000000000000012,31
115275,2252,-2.1999999999999997,61
115330,2253,2.599999999999998,55
115380,2254,0.9000000000000004,50
115411,2255,0.8000000000000012,31
115478,2256,2.9000000000000012,67
115509,2257,0.8000000000000012,31
115560,2258,2.1999999999999993,51
115612,2259,2.8999999999999986,52
115662,2260,-0.8999999999999986,50
115693,2261,0.8000000000000012,31
115743,2262,-0.8999999999999986,50
115808,2263,3.9000000000000004,65
115839,2264,0.8000000000000012,31
115870,2265,0.8000000000000012,31
115920,2266,-0.8999999999999986,50
115977,2267,-4.399999999999999,57
116019,2268,1.9000000000000021,42
116069,2269,0.3000000000000007,50
116135,2270,5.799999999999994,66
116191,2271,2.6999999999999975,56
116241,2272,-0.29999999999999893,50
116293,2273,2.8999999999999986,52
116343,2274,-0.8999999999999986,50
116394,2275,2.799999999999999,51
116444,2276,-0.8999999999999986,50
116475,2277,0.8000000000000012,31
116525,2278,-0.8999999999999986,50
116580,2279,-3.3999999999999986,55
116630,2280,-0.8999999999999986,50
116680,2281,0.3000000000000007,50
116740,2282,3.099999999999996,60
116787,2283,0.6000000000000014,47
116850,2284,4.299999999999999,63
116881,2285,0.8000000000000012,31
116931,2286,-0.29999999999999893,50
116981,2287,0.3000000000000007,50
117038,2288,3.399999999999997,57
117088,2289,2.6999999999999993,50
117145,2290,-1.9999999999999987,57
117195,2291,-0.8999999999999986,50
117245,2292,0.9000000000000004,50
117295,2293,1.5,50
117347,2294,0.5000000000000018,52
117397,2295,-0.8999999999999986,50
117450,2296,2.3999999999999986,53
117502,2297,2.299999999999999,52
117552,2298,1.5,50
117602,2299,1.5,50
117654,2300,2.299999999999999,52
117685,2301,0.8000000000000012,31
117716,2302,0.8000000000000012,31
117767,2303,2.1999999999999993,51
117817,2304,1.5,50
117867,2305,-0.8999999999999986,50
117917,2306,-0.8999999999999986,50
117967,2307,-0.8999999999999986,50
118017,2308,-0.29999999999999893,50
118071,2309,3.099999999999998,54
118121,2310,-0.8999999999999986,50
118171,2311,-0.8999999999999986,50
118230,2312,3.599999999999996,59
118336,2313,4.69999999999999,106
118390,2314,-0.4999999999999982,54
118442,2315,2.299999999999999,52
118492,2316,0.9000000000000004,50
118555,2317,0.10000000000000142,63
118605,2318,0.3000000000000007,50
118657,2319,2.8999999999999986,52
118710,2320,2.9999999999999982,53
118762,2321,1.0999999999999996,52
118818,2322,2.6999999999999975,56
118885,2323,3.5,67
118944,2324,3.599999999999996,59
118994,2325,0.9000000000000004,50
119058,2326,3.799999999999998,64
119089,2327,0.8000000000000012,31
119120,2328,0.8000000000000012,31
119170,2329,-0.8999999999999986,50
119225,2330,1.9999999999999982,55
119277,2331,2.299999999999999,52
119315,2332,1.5000000000000018,38
119365,2333,-0.29999999999999893,50
119405,2334,1.700000000000002,40
119464,2335,3.599999999999996,59
119521,2336,2.799999999999997,57
119569,2337,0.10000000000000142,48
119627,2338,1.1000000000000014,58
119658,2339,0.8000000000000012,31
119712,2340,2.4999999999999982,54
119762,2341,2.6999999999999993,50
119793,2342,0.8000000000000012,31
119848,2343,3.1999999999999975,55
119907,2344,2.9999999999999964,59
119938,2345,0.8000000000000012,31
119969,2346,0.8000000000000012,31
120029,2347,2.4999999999999982,60
120079,2348,-0.8999999999999986,50
120131,2349,2.8999999999999986,52
120184,2350,1.799999999999999,53
120232,2351,0.10000000000000142,48
120284,2352,2.299999999999999,52
120341,2353,2.799999999999997,57
120404,2354,-0.5,63
120454,2355,-0.8999999999999986,50
120540,2356,1.1999999999999975,86
120602,2357,-1.1999999999999997,62
120652,2358,-0.8999999999999986,50
120702,2359,-0.8999999999999986,50
120758,2360,2.6999999999999975,56
120813,2361,-3.3999999999999986,55
120863,2362,2.6999999999999993,50
120913,2363,-0.8999999999999986,50
121038,2364,-1.7999999999999985,125
121088,2365,2.6999999999999993,50
121179,2366,1.699999999999993,91
121210,2367,0.8000000000000012,31
121241,2368,0.8000000000000012,31
121291,2369,-0.8999999999999986,50
121341,2370,-0.8999999999999986,50
121427,2371,-2.6645352591003757e-15,86
121477,2372,-0.8999999999999986,50
121529,2373,2.8999999999999986,52
121585,2374,-0.8999999999999988,56
121635,2375,1.5,50
121666,2376,0.8000000000000012,31
121697,2377,0.8000000000000012,31
121748,2378,1.5999999999999996,51
121798,2379,-0.8999999999999986,50
121848,2380,2.6999999999999993,50
121905,2381,2.799999999999997,57
121966,2382,-2.1999999999999993,61
122055,2383,2.1000000000000014,89
122111,2384,2.099999999999998,56
122169,2385,-3.0999999999999983,58
122212,2386,2.0000000000000018,43
122262,2387,-0.8999999999999986,50
122310,2388,0.10000000000000142,48
122360,2389,-0.8999999999999986,50
122410,2390,-0.8999999999999986,50
122467,2391,2.799999999999997,57
122522,2392,3.1999999999999975,55
122572,2393,-0.8999999999999986,50
122640,2394,-6.661338147750939e-16,68
122671,2395,0.8000000000000012,31
122721,2396,-0.29999999999999893,50
122777,2397,2.6999999999999975,56
122827,2398,0.9000000000000004,50
122877,2399,-0.8999999999999986,50
122928,2400,2.799999999999999,51
122978,2401,-0.8999999999999986,50
123028,2402,-0.8999999999999986,50
123059,2403,0.8000000000000012,31
123090,2404,0.8000000000000012,31
123140,2405,-0.8999999999999986,50
123207,2406,-1.3000000000000003,67
123273,2407,2.2000000000000033,66
123323,2408,0.3000000000000007,50
123374,2409,2.1999999999999993,51
123424,2410,-0.8999999999999986,50
123474,2411,0.3000000000000007,50
123505,2412,0.8000000000000012,31
123536,2413,0.8000000000000012,31
123591,2414,2.599999999999998,55
123622,2415,0.8000000000000012,31
123715,2416,4.2999999999999865,93
123777,2417,3.0000000000000027,62
123827,2418,0.9000000000000004,50
123877,2419,-0.8999999999999986,50
123933,2420,3.299999999999997,56
123988,2421,-0.39999999999999813,55
124040,2422,2.8999999999999986,52
124093,2423,2.9999999999999982,53
124143,2424,0.3000000000000007,50
124193,2425,0.9000000000000004,50
124243,2426,-1.4999999999999978,50
124299,2427,3.299999999999997,56
124349,2428,0.3000000000000007,50
124399,2429,-0.8999999999999986,50
124449,2430,-0.8999999999999986,50
124499,2431,2.0999999999999996,50
124585,2432,2.3999999999999897,86
124642,2433,-1.9999999999999987,57
124694,2434,2.8999999999999986,52
124725,2435,0.8000000000000012,31
124756,2436,0.8000000000000012,31
124820,2437,0.1999999999999993,64
124851,2438,0.8000000000000012,31
124901,2439,-0.8999999999999986,50
124951,2440,-0.8999999999999986,50
125017,2441,-0.19999999999999996,66
125074,2442,0.40000000000000124,57
125170,2443,2.799999999999997,96
125220,2444,2.6999999999999993,50
125270,2445,-0.8999999999999986,50
125327,2446,3.399999999999997,57
125413,2447,4.1999999999999895,86
125467,2448,2.4999999999999982,54
125498,2449,0.8000000000000012,31
125548,2450,2.6999999999999993,50
125598,2451,-0.8999999999999986,50
125648,2452,-0.29999999999999893,50
125712,2453,-1.0000000000000004,64
125762,2454,1.5,50
125815,2455,1.2000000000000015,53
125873,2456,-4.899999999999999,58
125929,2457,0.9000000000000012,56
125988,2458,-2.9999999999999982,59
126030,2459,1.9000000000000021,42
126089,2460,0.6000000000000005,59
126185,2461,-0.19999999999999796,96
126247,2462,4.199999999999996,62
126297,2463,-0.8999999999999986,50
126355,2464,-0.6999999999999991,58
126416,2465,3.7999999999999954,61
126472,2466,2.6999999999999975,56
126529,2467,3.399999999999997,57
126615,2468,-2.3999999999999972,86
126670,2469,3.1999999999999975,55
126725,2470,1.9999999999999982,55
126775,2471,-0.8999999999999986,50
126825,2472,-0.8999999999999986,50
126884,2473,2.4000000000000004,59
126934,2474,-0.8999999999999986,50
126984,2475,-0.8999999999999986,50
127037,2476,2.3999999999999986,53
127128,2477,1.0999999999999925,91
127178,2478,0.3000000000000007,50
127228,2479,1.5,50
127278,2480,1.5,50
127328,2481,-0.8999999999999986,50
127378,2482,0.3000000000000007,50
127428,2483,-0.8999999999999986,50
127478,2484,1.5,50
127528,2485,-0.8999999999999986,50
127627,2486,1.0000000000000009,99
127677,2487,0.9000000000000004,50
127727,2488,-0.8999999999999986,50
127758,2489,0.8000000000000012,31
127844,2490,2.999999999999993,86
127894,2491,-0.8999999999999986,50
127958,2492,4.999999999999995,64
128025,2493,2.8999999999999995,67
128075,2494,-0.29999999999999893,50
128163,2495,0.8000000000000025,88
128290,2496,0.8000000000000007,127
128341,2497,1.0000000000000018,51
128430,2498,-1.4999999999999973,89
128480,2499,-0.8999999999999986,50
128530,2500,-0.8999999999999986,50
128580,2501,2.0999999999999996,50
128630,2502,0.9000000000000004,50
128680,2503,-0.8999999999999986,50
128711,2504,0.8000000000000012,31
128773,2505,0.0,62
128869,2506,1.600000000000004,96
128934,2507,4.5,65
128984,2508,2.6999999999999993,50
129015,2509,0.8000000000000012,31
129062,2510,0.6000000000000014,47
129116,2511,3.099999999999998,54
129172,2512,1.4999999999999982,56
129222,2513,-0.8999999999999986,50
129318,2514,0.3999999999999937,96
129368,2515,2.0999999999999996,50
129431,2516,1.9000000000000021,63
129495,2517,1.4000000000000017,64
129545,2518,2.6999999999999993,50
129600,2519,3.1999999999999975,55
129650,2520,-0.8999999999999986,50
129700,2521,-0.8999999999999986,50
129750,2522,-0.8999999999999986,50
129800,2523,-0.8999999999999986,50
129853,2524,2.3999999999999995,53
129917,2525,2.600000000000003,64
129967,2526,-0.8999999999999986,50
130017,2527,-0.8999999999999986,50
130067,2528,0.3000000000000007,50
130098,2529,0.8000000000000012,31
130148,2530,-0.8999999999999986,50
130198,2531,-0.8999999999999986,50
130284,2532,4.199999999999993,86
130336,2533,0.5000000000000018,52
130404,2534,4.7999999999999945,68
130490,2535,4.799999999999988,86
130576,2536,-4.199999999999999,86
130607,2537,0.8000000000000012,31
130657,2538,2.6999999999999993,50
130707,2539,0.3000000000000007,50
130758,2540,2.799999999999999,51
130808,2541,0.3000000000000007,50
130858,2542,-0.8999999999999986,50
130916,2543,-2.4999999999999987,58
130967,2544,2.1999999999999993,51
131030,2545,5.499999999999995,63
131088,2546,3.4999999999999964,58
131129,2547,1.800000000000002,41
131185,2548,3.299999999999997,56
131235,2549,0.3000000000000007,50
131285,2550,-0.8999999999999986,50
131371,2551,-0.6000000000000005,86
131457,2552,1.199999999999994,86
131507,2553,2.6999999999999993,50
131557,2554,0.9000000000000004,50
131616,2555,3.599999999999996,59
131672,2556,-1.4999999999999987,56
131722,2557,-0.8999999999999986,50
131815,2558,1.8999999999999924,93
131873,2559,3.4999999999999964,58
131923,2560,-0.8999999999999986,50
131983,2561,-2.299999999999999,60
132014,2562,0.8000000000000012,31
132064,2563,2.0999999999999996,50
132132,2564,1.8000000000000007,68
132190,2565,-1.8999999999999986,58
132241,2566,2.1999999999999993,51
132297,2567,2.6999999999999975,56
132347,2568,-0.29999999999999893,50
132410,2569,4.899999999999996,63
132441,2570,0.8000000000000012,31
132505,2571,3.200000000000002,64
132634,2572,4.5999999999999766,129
132694,2573,-1.100000000000001,60
132744,2574,1.5,50
132794,2575,-0.8999999999999986,50
132844,2576,1.5,50
132894,2577,-0.8999999999999986,50
132947,2578,1.799999999999999,53
132997,2579,2.0999999999999996,50
133047,2580,1.5,50
133104,2581,-2.5999999999999988,57
133135,2582,0.8000000000000012,31
133189,2583,3.099999999999998,54
133244,2584,3.1999999999999975,55
133297,2585,1.799999999999999,53
133348,2586,1.0,51
133405,2587,-0.7999999999999987,57
133455,2588,2.0999999999999996,50
133505,2589,2.6999999999999993,50
133562,2590,-0.19999999999999885,57
133619,2591,2.799999999999997,57
133724,2592,2.8000000000000047,105
133779,2593,2.599999999999998,55
133829,2594,0.9000000000000004,50
133894,2595,-2.0999999999999996,65
133944,2596,0.3000000000000007,50
134002,2597,3.4999999999999964,58
134052,2598,-0.29999999999999893,50
134102,2599,0.3000000000000007,50
134152,2600,0.9000000000000004,50
134206,2601,2.4999999999999982,54
134265,2602,-2.9999999999999982,59
134315,2603,-0.8999999999999986,50
134371,2604,1.4999999999999982,56
134421,2605,0.9000000000000004,50
134480,2606,3.599999999999996,59
134530,2607,0.3000000000000007,50
134588,2608,3.4999999999999964,58
134683,2609,3.8999999999999915,95
134733,2610,-0.8999999999999986,50
134783,2611,-0.8999999999999986,50
134905,2612,-0.30000000000001226,122
134965,2613,3.6999999999999957,60
135015,2614,-0.8999999999999986,50
135065,2615,0.3000000000000007,50
135115,2616,-0.8999999999999986,50
135178,2617,1.8999999999999995,63
135234,2618,2.6999999999999975,56
135300,2619,1.5999999999999988,66
135331,2620,0.8000000000000012,31
135381,2621,2.0999999999999996,50
135437,2622,2.6999999999999975,56
135496,2623,3.599999999999996,59
135546,2624,0.9000000000000004,50
135612,2625,4.599999999999994,66
135672,2626,-2.2999999999999994,60
135742,2627,4.399999999999997,70
135792,2628,-0.8999999999999986,50
135853,2629,1.9999999999999964,61
135911,2630,3.4999999999999964,58
136033,2631,5.69999999999998,122
136083,2632,-0.8999999999999986,50
136146,2633,3.0999999999999996,63
136211,2634,0.8999999999999995,65
136276,2635,3.9000000000000004,65
136362,2636,2.6645352591003757e-15,86
136412,2637,-0.8999999999999986,50
136468,2638,-0.8999999999999986,56
136554,2639,1.79999999999999,86
136640,2640,-4.199999999999999,86
136696,2641,2.099999999999998,56
136761,2642,-2.0999999999999996,65
136801,2643,1.700000000000002,40
136851,2644,-0.8999999999999986,50
136906,2645,0.2000000000000015,55
136992,2646,1.1999999999999904,86
137042,2647,0.9000000000000004,50
137095,2648,2.9999999999999982,53
137145,2649,-0.8999999999999986,50
137207,2650,5.399999999999995,62
137257,2651,-0.8999999999999986,50
137324,2652,1.699999999999998,67
137374,2653,0.9000000000000004,50
137431,2654,0.40000000000000124,57
137497,2655,1.5999999999999988,66
137547,2656,-1.4999999999999978,50
137578,2657,0.8000000000000012,31
137639,2658,3.7999999999999954,61
137689,2659,-0.29999999999999893,50
137739,2660,2.6999999999999993,50
137789,2661,-0.8999999999999986,50
137842,2662,2.9999999999999982,53
137899,2663,0.40000000000000124,57
137930,2664,0.8000000000000012,31
137992,2665,4.799999999999995,62
138057,2666,5.099999999999997,65
138117,2667,3.6999999999999957,60
138209,2668,1.7763568394002505e-15,92
138304,2669,2.09999999999999,95
138354,2670,-0.29999999999999893,50
138419,2671,2.100000000000002,65
138469,2672,0.3000000000000007,50
138521,2673,0.5000000000000018,52
138581,2674,3.099999999999996,60
138645,2675,4.999999999999996,64
138695,2676,2.6999999999999993,50
138760,2677,3.299999999999999,65
138791,2678,0.8000000000000012,31
138822,2679,0.8000000000000012,31
138882,2680,-1.7000000000000004,60
138932,2681,-0.8999999999999986,50
138983,2682,1.5999999999999996,51
139040,2683,2.1999999999999975,57
139106,2684,0.9999999999999973,66
139192,2685,-2.9999999999999987,86
139244,2686,2.8999999999999986,52
139294,2687,1.5,50
139344,2688,-0.8999999999999986,50
139413,2689,1.2999999999999985,69
139468,2690,0.2000000000000015,55
139518,2691,0.9000000000000004,50
139585,2692,4.699999999999998,67
139652,2693,4.699999999999997,67
139707,2694,-2.1999999999999984,55
139757,2695,-0.8999999999999986,50
139807,2696,-0.8999999999999986,50
139876,2697,1.8999999999999981,69
139942,2698,-0.8000000000000002,66
140011,2699,4.299999999999994,69
140063,2700,-1.8999999999999986,52
140113,2701,0.3000000000000007,50
140166,2702,2.9999999999999982,53
140262,2703,6.999999999999986,96
140362,2704,5.299999999999995,100
140393,2705,0.8000000000000012,31
140444,2706,2.799999999999999,51
140497,2707,1.7763568394002505e-15,53
140587,2708,1.5999999999999965,90
140618,2709,0.8000000000000012,31
140668,2710,-0.29999999999999893,50
140718,2711,-0.8999999999999986,50
140768,2712,-0.8999999999999986,50
140823,2713,3.1999999999999975,55
140873,2714,0.3000000000000007,50
140904,2715,0.8000000000000012,31
140935,2716,0.8000000000000012,31
140993,2717,2.899999999999997,58
141059,2718,4.0,66
141109,2719,2.6999999999999993,50
141170,2720,3.7999999999999954,61
141220,2721,-0.8999999999999986,50
141251,2722,0.8000000000000012,31
141337,2723,1.7999999999999945,86
141395,2724,3.4999999999999964,58
141445,2725,-0.8999999999999986,50
141499,2726,-0.4999999999999982,54
141553,2727,3.099999999999998,54
141609,2728,2.099999999999998,56
141659,2729,1.5,50
141723,2730,3.799999999999998,64
141774,2731,2.799999999999999,51
141834,2732,0.10000000000000231,60
141884,2733,-0.8999999999999986,50
141915,2734,0.8000000000000012,31
141970,2735,3.1999999999999975,55
142036,2736,5.799999999999994,66
142122,2737,1.1999999999999904,86
142162,2738,1.700000000000002,40
142223,2739,0.8000000000000025,61
142278,2740,3.1999999999999975,55
142400,2741,-0.8999999999999968,122
142431,2742,0.8000000000000012,31
142481,2743,2.0999999999999996,50
142544,2744,3.0999999999999996,63
142575,2745,0.8000000000000012,31
142673,2746,0.9000000000000024,98
142730,2747,3.399999999999997,57
142780,2748,-0.8999999999999986,50
142831,2749,2.799999999999999,51
142929,2750,7.499999999999984,98
142960,2751,0.8000000000000012,31
143010,2752,0.3000000000000007,50
143076,2753,2.800000000000001,66
143130,2754,2.4999999999999982,54
143180,2755,-0.8999999999999986,50
143211,2756,0.8000000000000012,31
143266,2757,2.000000000000001,55
143323,2758,3.399999999999997,57
143373,2759,-0.8999999999999986,50
143404,2760,0.8000000000000012,31
143459,2761,-0.39999999999999813,55
143549,2762,3.9999999999999893,90
143635,2763,0.6000000000000014,86
143685,2764,-0.8999999999999986,50
143737,2765,1.6999999999999993,52
143789,2766,2.299999999999999,52
143857,2767,1.799999999999999,68
143888,2768,0.8000000000000012,31
143938,2769,-0.8999999999999986,50
143998,2770,3.099999999999996,60
144054,2771,3.299999999999997,56
144123,2772,1.8999999999999986,69
144173,2773,1.5,50
144230,2774,-0.7999999999999987,57
144286,2775,1.4999999999999982,56
144345,2776,1.2000000000000024,59
144401,2777,0.9000000000000012,56
144456,2778,2.599999999999998,55
144506,2779,0.3000000000000007,50
144563,2780,2.799999999999997,57
144620,2781,2.1999999999999975,57
144670,2782,-0.29999999999999893,50
144720,2783,2.0999999999999996,50
144781,2784,3.7999999999999954,61
144874,2785,-4.6999999999999975,93
144929,2786,3.1999999999999975,55
144979,2787,-0.8999999999999986,50
145029,2788,-0.8999999999999986,50
145089,2789,3.099999999999996,60
145139,2790,-0.8999999999999986,50
145194,2791,-0.39999999999999813,55
145232,2792,1.5000000000000018,38
145282,2793,2.6999999999999993,50
145346,2794,3.200000000000001,64
145399,2795,2.3999999999999986,53
145448,2796,-0.3999999999999986,49
145500,2797,2.8999999999999986,52
145557,2798,2.1999999999999993,57
145610,2799,2.9999999999999982,53
145667,2800,0.40000000000000124,57
145720,2801,2.9999999999999982,53
145770,2802,-0.29999999999999893,50
145823,2803,2.3999999999999986,53
145880,2804,3.399999999999997,57
145934,2805,3.099999999999998,54
145965,2806,0.8000000000000012,31
146027,2807,5.399999999999995,62
146077,2808,-0.8999999999999986,50
146127,2809,0.3000000000000007,50
146187,2810,-1.6999999999999993,60
146276,2811,2.100000000000003,89
146369,2812,-1.100000000000004,93
146400,2813,0.8000000000000012,31
146450,2814,1.5,50
146507,2815,2.799999999999997,57
146557,2816,-2.699999999999998,50
146615,2817,3.4999999999999964,58
146674,2818,2.9999999999999964,59
146723,2819,-0.3999999999999986,49
146786,2820,-1.7000000000000006,63
146817,2821,0.8000000000000012,31
146867,2822,-0.8999999999999986,50
146898,2823,0.8000000000000012,31
146959,2824,-0.3999999999999977,61
147011,2825,2.299999999999999,52
147061,2826,0.3000000000000007,50
147112,2827,2.799999999999999,51
147162,2828,2.0999999999999996,50
147248,2829,-0.5999999999999996,86
147313,2830,-2.0999999999999996,65
147380,2831,4.1,67
147431,2832,1.5999999999999996,51
147497,2833,5.799999999999994,66
147551,2834,2.4999999999999982,54
147605,2835,3.099999999999998,54
147657,2836,2.8999999999999986,52
147714,2837,3.399999999999997,57
147767,2838,2.9999999999999982,53
147824,2839,3.399999999999997,57
147876,2840,2.8999999999999986,52
147962,2841,1.7999999999999927,86
148031,2842,4.299999999999998,69
148093,2843,0.0,62
148147,2844,3.099999999999998,54
148209,2845,2.400000000000002,62
148337,2846,-2.7000000000000046,128
148389,2847,2.299999999999999,52
148439,2848,2.0999999999999996,50
148470,2849,0.8000000000000012,31
148538,2850,1.800000000000002,68
148624,2851,-4.799999999999999,86
148676,2852,2.8999999999999986,52
148726,2853,2.6999999999999993,50
148790,2854,4.999999999999995,64
148847,2855,3.399999999999997,57
148911,2856,0.1999999999999993,64
148965,2857,3.099999999999998,54
149015,2858,0.3000000000000007,50
149065,2859,1.5,50
149115,2860,-0.8999999999999986,50
149209,2861,0.8000000000000025,94
149261,2862,2.8999999999999986,52
149357,2863,5.799999999999985,96
149407,2864,-0.29999999999999893,50
149457,2865,0.9000000000000004,50
149507,2866,2.0999999999999996,50
149557,2867,0.3000000000000007,50
149615,2868,2.899999999999997,58
149704,2869,2.0999999999999934,89
149763,2870,2.9999999999999964,59
149813,2871,-0.8999999999999986,50
149875,2872,5.399999999999995,62
149925,2873,-0.29999999999999893,50
149983,2874,-0.09999999999999876,58
150034,2875,2.1999999999999993,51
150090,2876,1.5000000000000009,56
150140,2877,-0.8999999999999986,50
150190,2878,-0.8999999999999986,50
150241,2879,2.799999999999999,51
150291,2880,0.3000000000000007,50
150335,2881,2.1000000000000014,44
150430,2882,5.699999999999985,95
150480,2883,0.9000000000000004,50
150533,2884,1.1999999999999993,53
150586,2885,2.9999999999999982,53
150650,2886,1.3999999999999995,64
150707,2887,2.799999999999997,57
150738,2888,0.8000000000000012,31
150803,2889,5.099999999999995,65
150925,2890,-0.9000000000000092,122
150995,2891,2.599999999999998,70
151049,2892,2.4999999999999982,54
151099,2893,2.0999999999999996,50
151149,2894,-0.8999999999999986,50
151200,2895,2.1999999999999993,51
151286,2896,0.5999999999999917,86
151340,2897,-2.299999999999999,54
151371,2898,0.8000000000000012,31
151421,2899,0.9000000000000004,50
151476,2900,2.599999999999998,55
151527,2901,2.1999999999999993,51
151627,2902,2.900000000000004,100
151679,2903,2.8999999999999986,52
151734,2904,3.1999999999999975,55
151786,2905,2.8999999999999986,52
151851,2906,-0.9000000000000008,65
152019,2907,6.999999999999968,168
152106,2908,3.0999999999999943,87
152202,2909,1.6000000000000023,96
152288,2910,-1.1999999999999988,86
152338,2911,1.5,50
152424,2912,0.5999999999999996,86
152488,2913,1.4000000000000021,64
152519,2914,0.8000000000000012,31
152570,2915,2.799999999999999,51
152620,2916,-0.8999999999999986,50
152683,2917,1.9000000000000021,63
152737,2918,1.299999999999999,54
152823,2919,-2.6645352591003757e-15,86
152878,2920,-0.3999999999999986,55
152928,2921,-0.8999999999999986,50
153014,2922,2.399999999999996,86
153076,2923,2.9999999999999996,62
153126,2924,-0.8999999999999986,50
153177,2925,2.799999999999999,51
153277,2926,1.700000000000001,100
153331,2927,2.4999999999999982,54
153383,2928,2.299999999999999,52
153441,2929,3.4999999999999964,58
153493,2930,2.8999999999999986,52
153549,2931,2.099999999999998,56
153599,2932,-0.8999999999999986,50
153654,2933,3.1999999999999975,55
153685,2934,0.8000000000000012,31
153750,2935,2.1000000000000028,65
153809,2936,2.220446049250313e-15,59
153867,2937,3.4999999999999964,58
153954,2938,5.499999999999989,87
154004,2939,-0.29999999999999893,50
154090,2940,3.5999999999999934,86
154289,2941,3.1999999999999806,199
154392,2942,6.199999999999986,103
154442,2943,-0.8999999999999986,50
154492,2944,-0.8999999999999986,50
154561,2945,1.2999999999999985,69
154631,2946,2.000000000000002,70
154681,2947,2.0999999999999996,50
154735,2948,2.4999999999999982,54
154796,2949,3.1999999999999957,61
154858,2950,1.7999999999999998,62
154913,2951,2.599999999999998,55
154963,2952,-0.8999999999999986,50
155013,2953,2.0999999999999996,50
155053,2954,1.700000000000002,40
155107,2955,0.7000000000000015,54
155157,2956,1.5,50
155215,2957,2.899999999999997,58
155275,2958,0.10000000000000053,60
155325,2959,-0.8999999999999986,50
155383,2960,1.6999999999999993,58
155449,2961,0.39999999999999925,66
155480,2962,0.8000000000000012,31
155530,2963,-0.8999999999999986,50
155584,2964,2.4999999999999982,54
155651,2965,1.6999999999999988,67
155704,2966,2.3999999999999986,53
155771,2967,4.699999999999998,67
155865,2968,0.8000000000000025,94
155915,2969,0.3000000000000007,50
155984,2970,4.299999999999997,69
156042,2971,3.4999999999999964,58
156096,2972,1.8999999999999986,54
156146,2973,-0.8999999999999986,50
156196,2974,-0.8999999999999986,50
156255,2975,3.599999999999996,59
156305,2976,-0.8999999999999986,50
156368,2977,0.10000000000000142,63
156419,2978,2.1999999999999993,51
156450,2979,0.8000000000000012,31
156512,2980,5.399999999999995,62
156570,2981,-4.899999999999999,58
156601,2982,0.8000000000000012,31
156687,2983,1.1999999999999904,86
156743,2984,0.9000000000000012,56
156796,2985,2.3999999999999986,53
156848,2986,2.8999999999999986,52
156916,2987,4.199999999999999,68
157042,2988,1.9000000000000021,126
157092,2989,0.9000000000000004,50
157255,2990,3.499999999999968,163
157305,2991,-0.8999999999999986,50
157355,2992,-0.8999999999999986,50
157405,2993,-1.4999999999999978,50
157542,2994,5.699999999999983,137
157592,2995,0.3000000000000007,50
157646,2996,2.4999999999999982,54
157742,2997,-0.20000000000000773,96
157792,2998,-0.29999999999999893,50
157887,2999,0.8999999999999937,95
157940,3000,2.9999999999999982,53
157990,3001,-0.8999999999999986,50
158040,3002,-0.8999999999999986,50
158087,3003,0.6000000000000014,47
158142,3004,2.000000000000001,55
158192,3005,2.6999999999999993,50
158223,3006,0.8000000000000012,31
158274,3007,2.799999999999999,51
158324,3008,-0.8999999999999986,50
158394,3009,-1.5999999999999988,70
158449,3010,3.1999999999999975,55
158504,3011,2.599999999999998,55
158562,3012,2.899999999999997,58
158612,3013,0.3000000000000007,50
158671,3014,4.440892098500626e-16,59
158721,3015,0.3000000000000007,50
158818,3016,4.099999999999993,97
158885,3017,5.899999999999993,67
158938,3018,2.9999999999999982,53
159005,3019,3.499999999999999,67
159061,3020,2.6999999999999975,56
159113,3021,2.299999999999999,52
159164,3022,1.0,51
159214,3023,-0.29999999999999893,50
159276,3024,2.9999999999999996,62
159376,3025,6.499999999999987,100
159434,3026,2.899999999999997,58
159490,3027,3.299999999999997,56
159545,3028,3.1999999999999975,55
159600,3029,1.3999999999999986,55
159667,3030,0.4999999999999989,67
159717,3031,-0.29999999999999893,50
159767,3032,-0.8999999999999986,50
159853,3033,1.7999999999999918,86
159949,3034,0.9999999999999898,96
160001,3035,1.6999999999999993,52
160059,3036,3.4999999999999964,58
160114,3037,3.1999999999999975,55
160164,3038,2.0999999999999996,50
160210,3039,1.1000000000000014,46
160260,3040,-0.8999999999999986,50
160316,3041,2.6999999999999975,56
160368,3042,2.299999999999999,52
160418,3043,1.5,50
160512,3044,6.199999999999989,94
160566,3045,2.4999999999999982,54
160616,3046,-0.8999999999999986,50
160676,3047,-1.6999999999999993,60
160726,3048,-0.8999999999999986,50
160784,3049,1.1000000000000005,58
160835,3050,2.1999999999999993,51
160898,3051,-1.1,63
160948,3052,-0.8999999999999986,50
161034,3053,1.7999999999999918,86
161133,3054,6.399999999999984,99
161201,3055,4.799999999999996,68
161264,3056,3.6999999999999993,63
161314,3057,-0.8999999999999986,50
161370,3058,-0.29999999999999805,56
161456,3059,1.199999999999993,86
161511,3060,0.7999999999999998,55
161572,3061,3.7999999999999954,61
161633,3062,3.7999999999999954,61
161719,3063,-3.552713678800501e-15,86
161816,3064,-1.8999999999999972,97
161847,3065,0.8000000000000012,31
161904,3066,3.399999999999997,57
161935,3067,0.8000000000000012,31
162003,3068,1.200000000000002,68
162060,3069,1.6000000000000005,57
162149,3070,5.6999999999999895,89
162209,3071,-0.49999999999999956,60
162261,3072,2.8999999999999986,52
162353,3073,5.999999999999988,92
162403,3074,1.5,50
162508,3075,-0.2000000000000023,105
162570,3076,5.399999999999995,62
162620,3077,-0.8999999999999986,50
162688,3078,4.799999999999997,68
162784,3079,3.3999999999999906,96
162837,3080,2.3999999999999986,53
162906,3081,1.2999999999999985,69
162959,3082,2.3999999999999986,53
163009,3083,-0.8999999999999986,50
163079,3084,4.399999999999997,70
163110,3085,0.8000000000000012,31
163196,3086,1.1999999999999904,86
163252,3087,3.299999999999997,56
163317,3088,-2.0999999999999996,65
163367,3089,-0.8999999999999986,50
163464,3090,1.699999999999993,97
163524,3091,1.3000000000000025,60
163585,3092,-0.39999999999999947,61
163652,3093,1.6999999999999988,67
163715,3094,0.10000000000000142,63
163746,3095,0.8000000000000012,31
163803,3096,3.399999999999997,57
163853,3097,0.3000000000000007,50
163911,3098,3.4999999999999964,58
163976,3099,3.899999999999996,65
164030,3100,1.8999999999999986,54
164084,3101,1.9000000000000012,54
164138,3102,1.9000000000000012,54
164188,3103,1.5,50
164274,3104,-1.799999999999998,86
164340,3105,1.599999999999997,66
164426,3106,-1.8000000000000016,86
164476,3107,2.6999999999999993,50
164527,3108,2.1999999999999993,51
164590,3109,3.0999999999999996,63
164621,3110,0.8000000000000012,31
164691,3111,2.599999999999998,70
164748,3112,2.799999999999997,57
164798,3113,0.9000000000000004,50
164849,3114,2.799999999999999,51
164908,3115,-2.399999999999999,59
164975,3116,1.7000000000000015,67
165027,3117,2.8999999999999986,52
165081,3118,2.4999999999999982,54
165131,3119,-0.8999999999999986,50
165187,3120,0.9000000000000012,56
165257,3121,3.7999999999999936,70
165309,3122,2.8999999999999986,52
165375,3123,-0.8000000000000002,66
165425,3124,-0.8999999999999986,50
165511,3125,-2.3999999999999977,86
165580,3126,1.8999999999999981,69
165634,3127,2.4999999999999982,54
165698,3128,3.8000000000000007,64
165748,3129,1.5,50
165798,3130,-0.8999999999999986,50
165848,3131,1.5,50
165944,3132,0.9999999999999925,96
166009,3133,0.8999999999999995,65
166095,3134,0.5999999999999908,86
166163,3135,4.799999999999997,68
166214,3136,2.799999999999999,51
166268,3137,2.4999999999999982,54
166326,3138,2.899999999999997,58
166389,3139,4.299999999999999,63
166444,3140,2.599999999999998,55
166494,3141,2.6999999999999993,50
166525,3142,0.8000000000000012,31
166587,3143,1.2000000000000002,62
166618,3144,0.8000000000000012,31
166672,3145,0.10000000000000187,54
166727,3146,2.599999999999998,55
166784,3147,2.799999999999997,57
166828,3148,2.1000000000000014,44
166878,3149,-0.8999999999999986,50
166976,3150,0.2999999999999987,98
167029,3151,-0.5999999999999996,53
167079,3152,0.9000000000000004,50
167135,3153,-0.8999999999999986,56
167204,3154,1.2999999999999985,69
167294,3155,3.399999999999989,90
167360,3156,2.7999999999999985,66
167420,3157,0.7000000000000002,60
167479,3158,-1.1999999999999993,59
167573,3159,4.399999999999988,94
167641,3160,0.5999999999999988,68
167727,3161,-3.0,86
167833,3162,-4.899999999999998,106
167899,3163,5.799999999999994,66
167949,3164,1.5,50
167999,3165,0.9000000000000004,50
168088,3166,0.29999999999999805,89
168138,3167,2.0999999999999996,50
168200,3168,0.0,62
168266,3169,-1.4000000000000006,66
168318,3170,2.299999999999999,52
168409,3171,5.299999999999989,91
168464,3172,2.599999999999998,55
168528,3173,3.799999999999998,64
168582,3174,3.099999999999998,54
168704,3175,0.29999999999998295,122
168757,3176,2.9999999999999982,53
168807,3177,-0.29999999999999893,50
168859,3178,2.8999999999999986,52
168911,3179,2.8999999999999986,52
168942,3180,0.8000000000000012,31
169111,3181,1.0999999999999979,169
169166,3182,3.1999999999999975,55
169255,3183,-0.3000000000000007,89
169305,3184,-0.8999999999999986,50
169359,3185,3.099999999999998,54
169409,3186,-0.8999999999999986,50
169459,3187,-0.29999999999999893,50
169509,3188,2.6999999999999993,50
169540,3189,0.8000000000000012,31
169626,3190,4.79999999999999,86
169678,3191,-1.8999999999999986,52
169709,3192,0.8000000000000012,31
169774,3193,0.8999999999999972,65
169826,3194,1.0999999999999996,52
169881,3195,2.599999999999998,55
169942,3196,3.1999999999999957,61
170038,3197,3.3999999999999906,96
170088,3198,-0.8999999999999986,50
170150,3199,5.399999999999995,62
170201,3200,2.799999999999999,51
170266,3201,5.099999999999995,65
170328,3202,0.6000000000000019,62
170414,3203,-1.8000000000000016,86
170469,3204,3.1999999999999975,55
170555,3205,1.79999999999999,86
170621,3206,1.6000000000000005,66
170678,3207,2.799999999999997,57
170744,3208,3.4000000000000004,66
170811,3209,1.0999999999999983,67
170842,3210,0.8000000000000012,31
170905,3211,3.0999999999999988,63
170974,3212,4.899999999999996,69
171024,3213,1.5,50
171084,3214,3.6999999999999957,60
171134,3215,-0.8999999999999986,50
171188,3216,3.099999999999998,54
171244,3217,0.9000000000000012,56
171313,3218,1.8999999999999981,69
171344,3219,0.8000000000000012,31
171402,3220,3.4999999999999964,58
171452,3221,2.0999999999999996,50
171548,3222,1.5999999999999894,96
171598,3223,2.6999999999999993,50
171648,3224,0.3000000000000007,50
171698,3225,1.5,50
171755,3226,3.399999999999997,57
171822,3227,4.699999999999995,67
171882,3228,3.6999999999999957,60
171974,3229,6.599999999999985,92
172005,3230,0.8000000000000012,31
172055,3231,-0.8999999999999986,50
172177,3232,3.899999999999986,122
172344,3233,2.699999999999993,167
172432,3234,5.599999999999987,88
172520,3235,4.999999999999989,88
172571,3236,2.799999999999999,51
172669,3237,4.499999999999986,98
172719,3238,1.5,50
172773,3239,2.4999999999999982,54
172826,3240,1.799999999999999,53
172879,3241,2.9999999999999982,53
172948,3242,4.299999999999999,69
173016,3243,2.399999999999998,68
173066,3244,-0.8999999999999986,50
173124,3245,2.899999999999997,58
173185,3246,2.599999999999997,61
173307,3247,5.6999999999999815,122
173338,3248,0.8000000000000012,31
173388,3249,2.6999999999999993,50
173474,3250,1.7999999999999954,86
173524,3251,-0.8999999999999986,50
173692,3252,-3.200000000000003,168
173778,3253,1.199999999999993,86
173829,3254,2.799999999999999,51
173860,3255,0.8000000000000012,31
173910,3256,-0.8999999999999986,50
173968,3257,2.899999999999997,58
174021,3258,2.3999999999999986,53
174089,3259,2.4000000000000012,68
174175,3260,-1.200000000000002,86
174297,3261,0.8999999999999897,122
174351,3262,0.7000000000000015,54
174419,3263,4.1999999999999975,68
174469,3264,0.3000000000000007,50
174534,3265,2.0999999999999988,65
174586,3266,2.8999999999999986,52
174617,3267,0.8000000000000012,31
174755,3268,11.19999999999997,138
174851,3269,6.399999999999984,96
174915,3270,3.8000000000000007,64
175001,3271,2.999999999999991,86
175057,3272,3.299999999999997,56
175125,3273,1.7763568394002505e-15,68
175176,3274,2.799999999999999,51
175228,3275,2.8999999999999986,52
175281,3276,2.9999999999999982,53
175331,3277,-0.8999999999999986,50
175494,3278,7.6999999999999655,163
175591,3279,-0.10000000000000986,97
175653,3280,2.9999999999999996,62
175747,3281,4.9999999999999885,94
175800,3282,2.3999999999999986,53
175860,3283,2.4999999999999973,60
175914,3284,3.099999999999998,54
175967,3285,1.799999999999999,53
176098,3286,-4.199999999999999,131
176162,3287,2.5999999999999988,64
176217,3288,2.599999999999998,55
176280,3289,1.2999999999999972,63
176375,3290,-0.8999999999999964,95
176429,3291,1.8999999999999986,54
176491,3292,5.399999999999995,62
176551,3293,0.10000000000000231,60
176610,3294,3.599999999999996,59
176660,3295,-0.8999999999999986,50
176721,3296,0.7999999999999998,61
176818,3297,1.1000000000000028,97
176873,3298,2.000000000000001,55
177006,3299,5.599999999999976,133
177056,3300,-0.8999999999999986,50
177111,3301,2.599999999999998,55
177161,3302,-0.29999999999999893,50
177211,3303,1.5,50
177266,3304,2.000000000000001,55
177325,3305,2.220446049250313e-15,59
177385,3306,3.6999999999999957,60
177451,3307,2.800000000000003,66
177515,3308,2.0000000000000027,64
177568,3309,1.799999999999999,53
177633,3310,2.6999999999999975,65
177719,3311,4.199999999999991,86
177787,3312,3.599999999999995,68
177846,3313,8.881784197001252e-16,59
177948,3314,-0.5000000000000016,102
178034,3315,-2.9999999999999982,86
178088,3316,3.099999999999998,54
178138,3317,2.0999999999999996,50
178236,3318,2.0999999999999908,98
178286,3319,2.0999999999999996,50
178336,3320,-0.8999999999999986,50
178433,3321,5.299999999999986,97
178491,3322,1.6999999999999993,58
178613,3323,1.499999999999992,122
178678,3324,0.3000000000000016,65
178766,3325,3.199999999999994,88
178816,3326,2.0999999999999996,50
178873,3327,3.399999999999997,57
178938,3328,4.5,65
178991,3329,2.9999999999999982,53
179061,3330,3.7999999999999936,70
179125,3331,1.399999999999999,64
179176,3332,1.5999999999999996,51
179233,3333,2.799999999999997,57
179319,3334,1.799999999999991,86
179377,3335,3.4999999999999964,58
179435,3336,3.4999999999999964,58
179485,3337,-0.8999999999999986,50
179537,3338,2.8999999999999986,52
179606,3339,0.700000000000002,69
179637,3340,0.8000000000000012,31
179738,3341,5.399999999999994,101
179788,3342,-0.8999999999999986,50
179843,3343,3.1999999999999975,55
179898,3344,2.000000000000001,55
179949,3345,2.799999999999999,51
179980,3346,0.8000000000000012,31
180050,3347,3.799999999999999,70
180100,3348,-1.4999999999999978,50
180158,3349,3.4999999999999964,58
180224,3350,0.40000000000000124,66
180255,3351,0.8000000000000012,31
180361,3352,5.899999999999986,106
180410,3353,-0.3999999999999986,49
180462,3354,2.299999999999999,52
180513,3355,1.5999999999999996,51
180565,3356,1.6999999999999993,52
180748,3357,8.199999999999976,183
180801,3358,2.3999999999999986,53
180864,3359,0.6999999999999993,63
180914,3360,-0.8999999999999986,50
181005,3361,4.699999999999987,91
181055,3362,0.3000000000000007,50
181124,3363,5.499999999999995,69
181190,3364,5.799999999999994,66
181279,3365,-0.30000000000000115,89
181343,3366,3.8000000000000007,64
181434,3367,7.099999999999985,91
181492,3368,2.899999999999997,58
181583,3369,5.29999999999999,91
181688,3370,0.999999999999996,105
181756,3371,3.599999999999998,68
181824,3372,0.5999999999999988,68
181886,3373,3.6000000000000023,62
181986,3374,-0.09999999999999698,100
182050,3375,1.4000000000000021,64
182142,3376,-0.6000000000000008,92
182212,3377,4.999999999999994,70
182273,3378,-0.39999999999999947,61
182362,3379,5.099999999999987,89
182418,3380,2.6999999999999975,56
182474,3381,-0.29999999999999805,56
182524,3382,2.6999999999999993,50
182593,3383,5.499999999999993,69
182644,3384,2.799999999999999,51
182705,3385,2.599999999999997,61
182767,3386,1.7999999999999998,62
182889,3387,0.8999999999999835,122
182985,3388,5.199999999999985,96
183037,3389,-1.299999999999999,52
183087,3390,-0.8999999999999986,50
183149,3391,5.399999999999995,62
183235,3392,1.1999999999999904,86
183290,3393,2.599999999999998,55
183347,3394,2.799999999999997,57
183406,3395,3.599999999999996,59
183437,3396,0.8000000000000012,31
183539,3397,1.2999999999999958,102
183625,3398,5.3999999999999915,86
183695,3399,4.399999999999997,70
183747,3400,2.299999999999999,52
183814,3401,1.1000000000000019,67
183876,3402,0.5999999999999999,62
183937,3403,-2.7999999999999985,61
184006,3404,4.899999999999997,69
184059,3405,2.3999999999999986,53
184109,3406,0.9000000000000004,50
184161,3407,2.8999999999999986,52
184224,3408,3.0999999999999996,63
184292,3409,1.799999999999998,68
184323,3410,0.8000000000000012,31
184456,3411,2.599999999999997,133
184582,3412,3.099999999999988,126
184613,3413,0.8000000000000012,31
184681,3414,3.599999999999998,68
184731,3415,1.5,50
184792,3416,0.20000000000000018,61
184845,3417,2.9999999999999982,53
184950,3418,1.600000000000005,105
185017,3419,4.699999999999998,67
185071,3420,1.8999999999999986,54
185121,3421,0.3000000000000007,50
185171,3422,-1.4999999999999978,50
185241,3423,3.7999999999999936,70
185272,3424,0.8000000000000012,31
185325,3425,1.799999999999999,53
185389,3426,2.5999999999999988,64
185477,3427,5.59999999999999,88
185541,3428,1.399999999999999,64
185603,3429,2.9999999999999996,62
185700,3430,4.09999999999999,97
185753,3431,2.9999999999999982,53
185817,3432,2.0000000000000018,64
185871,3433,3.099999999999998,54
185932,3434,1.9999999999999964,61
186018,3435,1.199999999999994,86
186079,3436,3.1999999999999957,61
186164,3437,2.2999999999999927,85
186195,3438,0.8000000000000012,31
186249,3439,3.099999999999998,54
186312,3440,2.5000000000000018,63
186374,3441,5.399999999999995,62
186438,3442,4.999999999999995,64
186580,3443,7.3999999999999755,142
186632,3444,2.299999999999999,52
186700,3445,0.6000000000000019,68
186768,3446,5.399999999999993,68
186818,3447,1.5,50
186871,3448,2.3999999999999986,53
186925,3449,3.099999999999998,54
186975,3450,2.0999999999999996,50
187027,3451,2.299999999999999,52
187082,3452,2.599999999999998,55
187139,3453,1.5999999999999979,57
187208,3454,1.8999999999999981,69
187269,3455,2.5999999999999996,61
187323,3456,2.4999999999999982,54
187386,3457,1.3000000000000025,63
187436,3458,2.6999999999999993,50
187522,3459,2.3999999999999897,86
187608,3460,2.999999999999991,86
187694,3461,0.6000000000000001,86
187750,3462,2.0999999999999996,56
187815,3463,4.499999999999996,65
187873,3464,3.4999999999999964,58
187935,3465,2.9999999999999964,62
187996,3466,1.9999999999999964,61
188082,3467,-2.999999999999997,86
188151,3468,3.699999999999995,69
188238,3469,4.299999999999988,87
188298,3470,3.099999999999996,60
188348,3471,-0.8999999999999986,50
188401,3472,0.5999999999999996,53
188504,3473,4.399999999999989,103
188568,3474,4.999999999999996,64
188618,3475,0.3000000000000007,50
188673,3476,-2.1999999999999984,55
188723,3477,2.0999999999999996,50
188791,3478,3.6000000000000005,68
188853,3479,5.399999999999995,62
188921,3480,4.199999999999998,68
189017,3481,5.799999999999988,96
189105,3482,1.9999999999999964,88
189165,3483,0.7000000000000002,60
189231,3484,4.599999999999994,66
189283,3485,1.0999999999999996,52
189333,3486,0.3000000000000007,50
189439,3487,2.899999999999993,106
189525,3488,2.3999999999999906,86
189579,3489,3.099999999999998,54
189638,3490,2.9999999999999964,59
189690,3491,2.299999999999999,52
189721,3492,0.8000000000000012,31
189791,3493,5.5999999999999925,70
189877,3494,8.881784197001252e-16,86
189943,3495,4.599999999999999,66
189995,3496,2.8999999999999986,52
190098,3497,6.799999999999983,103
190148,3498,-0.8999999999999986,50
190270,3499,3.8999999999999826,122
190336,3500,2.1999999999999966,66
190392,3501,2.6999999999999975,56
190446,3502,3.099999999999998,54
190497,3503,2.799999999999999,51
190549,3504,2.299999999999999,52
190691,3505,7.399999999999984,142
190722,3506,0.8000000000000012,31
190778,3507,2.6999999999999975,56
190828,3508,0.3000000000000007,50
190952,3509,5.899999999999977,124
191013,3510,3.7999999999999954,61
191069,3511,2.6999999999999975,56
191123,3512,2.4999999999999982,54
191184,3513,-2.7999999999999994,61
191317,3514,0.7999999999999803,133
191417,3515,4.699999999999992,100
191483,3516,1.5999999999999988,66
191587,3517,6.899999999999988,104
191639,3518,2.299999999999999,52
191742,3519,3.7999999999999883,103
191773,3520,0.8000000000000012,31
191833,3521,2.4999999999999964,60
191885,3522,2.8999999999999986,52
191952,3523,0.4999999999999989,67
192019,3524,5.899999999999993,67
192123,3525,3.899999999999986,104
192181,3526,1.6999999999999975,58
192251,3527,4.399999999999993,70
192303,3528,1.6999999999999993,52
192364,3529,3.7999999999999954,61
192451,3530,0.10000000000000053,87
192507,3531,3.299999999999997,56
192557,3532,0.9000000000000004,50
192620,3533,5.499999999999995,63
192685,3534,5.699999999999994,65
192754,3535,2.499999999999998,69
192840,3536,2.9999999999999956,86
192900,3537,-0.4999999999999978,60
192950,3538,-0.8999999999999986,50
193072,3539,3.2999999999999794,122
193122,3540,2.0999999999999996,50
193244,3541,3.899999999999979,122
193342,3542,5.099999999999985,98
193412,3543,4.399999999999997,70
193480,3544,1.7999999999999985,68
193566,3545,-3.599999999999999,86
193632,3546,2.800000000000003,66
193763,3547,-4.199999999999997,131
193827,3548,4.999999999999995,64
193878,3549,1.5999999999999996,51
193984,3550,8.89999999999998,106
194034,3551,2.6999999999999993,50
194088,3552,3.099999999999998,54
194143,3553,3.1999999999999975,55
194211,3554,4.7999999999999945,68
194275,3555,-1.6000000000000005,64
194397,3556,5.099999999999978,122
194448,3557,2.1999999999999993,51
194616,3558,6.99999999999997,168
194670,3559,0.7000000000000015,54
194756,3560,4.19999999999999,86
194860,3561,8.099999999999982,104
194921,3562,0.7999999999999985,61
195013,3563,3.599999999999987,92
195099,3564,1.1999999999999913,86
195156,3565,0.4000000000000008,57
195206,3566,-0.29999999999999893,50
195292,3567,1.7999999999999927,86
195351,3568,3.599999999999996,59
195480,3569,0.39999999999999236,129
195541,3570,1.4,61
195604,3571,0.6999999999999997,63
195656,3572,2.299999999999999,52
195718,3573,0.6000000000000019,62
195818,3574,7.099999999999984,100
195868,3575,-1.4999999999999978,50
195930,3576,5.399999999999995,62
195988,3577,2.899999999999997,58
196054,3578,1.5999999999999988,66
196108,3579,2.4999999999999982,54
196204,3580,4.599999999999988,96
196304,3581,-0.6999999999999968,100
196503,3582,1.9999999999999698,199
196554,3583,2.1999999999999993,51
196612,3584,-1.899999999999999,58
196704,3585,1.1999999999999904,92
196772,3586,4.799999999999995,68
196873,3587,2.3999999999999915,101
196930,3588,3.399999999999997,57
196988,3589,3.4999999999999964,58
197056,3590,4.7999999999999945,68
197108,3591,0.5000000000000018,52
197164,3592,3.299999999999997,56
197229,3593,4.5,65
197283,3594,1.8999999999999986,54
197333,3595,-2.699999999999998,50
197393,3596,3.6999999999999957,60
197455,3597,4.1999999999999975,62
197517,3598,5.399999999999995,62
197613,3599,0.9999999999999956,96
197678,3600,2.1000000000000023,65
197747,3601,3.099999999999998,69
197852,3602,2.799999999999997,105
197910,3603,1.6999999999999975,58
197963,3604,2.9999999999999982,53
198056,3605,0.6999999999999909,93
198109,3606,2.3999999999999986,53
198161,3607,2.8999999999999986,52
198223,3608,3.6000000000000014,62
198284,3609,2.599999999999997,61
198424,3610,5.999999999999977,140
198525,3611,4.799999999999988,101
198570,3612,1.6000000000000014,45
198624,3613,2.4999999999999982,54
198678,3614,2.4999999999999982,54
198773,3615,3.2999999999999865,95
198864,3616,5.2999999999999865,91
198956,3617,4.199999999999989,92
199085,3618,6.999999999999982,129
199216,3619,2.9999999999999787,131
199313,3620,5.899999999999988,97
199365,3621,2.299999999999999,52
199455,3622,5.7999999999999865,90
199525,3623,3.1999999999999966,70
199611,3624,1.7999999999999927,86
199678,3625,1.0999999999999988,67
199745,3626,1.699999999999997,67
199813,3627,0.5999999999999988,68
199935,3628,2.6999999999999815,122
199993,3629,3.4999999999999964,58
200049,3630,2.6999999999999975,56
200171,3631,-0.9000000000000048,122
200231,3632,0.10000000000000231,60
200296,3633,-0.3000000000000006,65
200366,3634,1.3999999999999981,70
200424,3635,3.4999999999999964,58
200515,3636,2.299999999999997,91
200584,3637,4.899999999999997,69
200649,3638,4.499999999999995,65
200755,3639,2.8999999999999875,106
200807,3640,2.8999999999999986,52
200906,3641,9.399999999999983,99
200969,3642,3.6999999999999957,63
201028,3643,0.6000000000000005,59
201167,3644,5.299999999999974,139
201273,3645,4.099999999999985,106
201359,3646,4.799999999999991,86
201464,3647,5.7999999999999865,105
201628,3648,4.799999999999969,164
201697,3649,2.499999999999998,69
201747,3650,2.6999999999999993,50
201803,3651,3.299999999999997,56
201853,3652,1.5,50
201909,3653,1.4999999999999982,56
201979,3654,3.2,70
202029,3655,0.9000000000000004,50
202082,3656,2.9999999999999982,53
202144,3657,1.7999999999999998,62
202211,3658,5.299999999999994,67
202262,3659,1.5999999999999996,51
202329,3660,2.2999999999999985,67
202379,3661,-0.8999999999999986,50
202465,3662,4.799999999999988,86
202524,3663,3.599999999999996,59
202574,3664,0.3000000000000007,50
202641,3665,2.8999999999999977,67
202706,3666,5.099999999999995,65
202761,3667,2.599999999999998,55
202829,3668,3.000000000000001,68
202890,3669,3.7999999999999954,61
202947,3670,2.799999999999997,57
203075,3671,5.099999999999992,128
203142,3672,0.4999999999999989,67
203199,3673,3.399999999999997,57
203297,3674,4.499999999999988,98
203516,3675,12.09999999999995,219
203581,3676,4.5,65
203612,3677,0.8000000000000012,31
203712,3678,7.099999999999985,100
203780,3679,1.7999999999999985,68
203837,3680,1.6000000000000005,57
203930,3681,6.699999999999985,93
204033,3682,-0.9999999999999991,103
204165,3683,6.699999999999978,132
204235,3684,4.9999999999999964,70
204303,3685,5.399999999999994,68
204370,3686,4.699999999999995,67
204456,3687,0.5999999999999943,86
204523,3688,0.4999999999999989,67
204579,3689,3.299999999999997,56
204665,3690,1.1999999999999904,86
204725,3691,3.099999999999996,60
204792,3692,1.1000000000000019,67
204848,3693,2.6999999999999975,56
205057,3694,11.99999999999995,209
205126,3695,4.899999999999995,69
205187,3696,3.7999999999999954,61
205287,3697,3.499999999999986,100
205409,3698,-3.299999999999998,122
205739,3699,21.700000000000117,330
205871,3700,1.9000000000000021,132
205938,3701,2.8999999999999964,67
205990,3702,2.8999999999999986,52
206045,3703,2.599999999999998,55
206171,3704,3.099999999999982,126
206224,3705,2.9999999999999982,53
206275,3706,2.1999999999999993,51
206361,3707,1.7999999999999927,86
206563,3708,1.6999999999999922,202
206622,3709,2.9999999999999964,59
206688,3710,2.7999999999999963,66
206778,3711,1.0000000000000022,90
206846,3712,3.599999999999995,68
206907,3713,0.20000000000000018,61
206975,3714,1.799999999999998,68
207042,3715,3.499999999999999,67
207222,3716,7.299999999999963,180
207280,3717,3.4999999999999964,58
207342,3718,1.7999999999999998,62
207409,3719,4.099999999999997,67
207466,3720,1.6000000000000005,57
207674,3721,9.499999999999952,208
207724,3722,2.6999999999999993,50
207777,3723,2.9999999999999982,53
207904,3724,6.199999999999978,127
207971,3725,4.699999999999996,67
208027,3726,3.299999999999997,56
208113,3727,1.1999999999999997,86
208242,3728,6.399999999999977,129
208374,3729,6.0999999999999766,132
208550,3730,0.9000000000000048,176
208609,3731,3.599999999999996,59
208675,3732,3.3999999999999977,66
208802,3733,3.799999999999983,127
208866,3734,4.999999999999995,64
208918,3735,2.8999999999999986,52
209018,3736,2.899999999999986,100
209186,3737,9.399999999999967,168
209240,3738,3.099999999999998,54
209333,3739,3.099999999999989,93
209536,3740,9.599999999999953,203
209665,3741,8.799999999999974,129
209722,3742,3.399999999999997,57
209855,3743,-1.6000000000000019,133
209906,3744,2.799999999999999,51
210003,3745,6.499999999999984,97
210069,3746,3.4000000000000004,66
210123,3747,2.4999999999999982,54
210193,3748,3.1999999999999966,70
210327,3749,7.199999999999974,134
210393,3750,4.599999999999999,66
210454,3751,3.7999999999999954,61
210505,3752,2.1999999999999993,51
210708,3753,10.199999999999957,203
210771,3754,4.899999999999995,63
210900,3755,6.399999999999981,129
211063,3756,3.499999999999968,163
211128,3757,4.499999999999995,65
211363,3758,8.899999999999958,235
211455,3759,5.399999999999986,92
211584,3760,7.599999999999975,129
211686,3761,4.899999999999984,102
211749,3762,1.8999999999999995,63
211799,3763,-0.8999999999999986,50
211867,3764,3.599999999999998,68
211922,3765,2.599999999999998,55
212017,3766,4.499999999999993,95
212074,3767,1.0000000000000009,57
212144,3768,4.999999999999995,70
212273,3769,9.999999999999973,129
212334,3770,2.5999999999999996,61
212426,3771,5.399999999999986,92
212485,3772,1.8000000000000003,59
212551,3773,2.7999999999999985,66
212796,3774,8.099999999999945,245
212899,3775,6.199999999999987,103
212949,3776,0.3000000000000007,50
213044,3777,5.699999999999987,95
213250,3778,11.099999999999955,206
213318,3779,5.999999999999993,68
213371,3780,2.9999999999999982,53
213437,3781,1.5999999999999988,66
213504,3782,3.4999999999999947,67
213672,3783,9.399999999999963,168
213773,3784,1.7999999999999958,101
213834,3785,3.7999999999999954,61
213903,3786,4.299999999999996,69
213990,3787,3.699999999999993,87
214048,3788,3.4999999999999964,58
214295,3789,10.69999999999994,247
214430,3790,10.299999999999972,135
214517,3791,2.4999999999999964,87
214573,3792,2.6999999999999975,56
214710,3793,6.299999999999978,137
214919,3794,8.999999999999952,209
214979,3795,3.099999999999996,60
215044,3796,4.499999999999996,65
215148,3797,4.499999999999992,104
215237,3798,5.69999999999999,89
215333,3799,4.599999999999987,96
215426,3800,6.099999999999989,93
215516,3801,5.199999999999988,90
215617,3802,5.399999999999991,101
215746,3803,7.5999999999999766,129
215800,3804,2.4999999999999982,54
215851,3805,2.799999999999999,51
215942,3806,4.69999999999999,91
216077,3807,6.0999999999999766,135
216179,3808,2.499999999999998,102
216306,3809,9.799999999999976,127
216358,3810,2.8999999999999986,52
216423,3811,2.0999999999999988,65
216487,3812,4.999999999999996,64
216584,3813,7.099999999999984,97
216638,3814,3.099999999999998,54
216692,3815,2.4999999999999982,54
216758,3816,5.799999999999994,66
216819,3817,2.5999999999999996,61
216880,3818,3.7999999999999954,61
216937,3819,3.399999999999997,57
217003,3820,2.7999999999999985,66
217249,3821,11.19999999999994,246
217309,3822,3.6999999999999957,60
217398,3823,3.8999999999999906,89
217456,3824,3.4999999999999964,58
217507,3825,1.5999999999999996,51
217575,3826,3.000000000000001,68
217707,3827,7.299999999999978,132
217769,3828,5.399999999999995,62
217899,3829,5.29999999999998,130
217959,3830,3.6999999999999957,60
218020,3831,1.4000000000000026,61
218079,3832,3.599999999999996,59
218137,3833,2.899999999999997,58
218197,3834,3.6999999999999957,60
218451,3835,8.099999999999941,254
218548,3836,4.699999999999987,97
218612,3837,3.1999999999999957,64
218734,3838,2.0999999999999837,122
218856,3839,9.899999999999977,122
219031,3840,10.09999999999996,175
219100,3841,2.499999999999998,69
219170,3842,4.9999999999999964,70
219225,3843,3.1999999999999975,55
219322,3844,6.499999999999984,97
219379,3845,3.399999999999997,57
219444,3846,2.6999999999999957,65
219534,3847,3.9999999999999876,90
219716,3848,11.099999999999968,182
219773,3849,3.399999999999997,57
219836,3850,5.499999999999995,63
219932,3851,3.399999999999986,96
219994,3852,5.399999999999995,62
220063,3853,3.6999999999999966,69
220123,3854,-0.49999999999999956,60
220177,3855,1.9000000000000004,54
220312,3856,1.8999999999999853,135
220380,3857,5.399999999999995,68
220560,3858,10.899999999999965,180
220611,3859,2.799999999999999,51
220663,3860,2.299999999999999,52
221124,3861,22.50000000000023,461
221227,3862,3.1999999999999993,103
221287,3863,1.3000000000000025,60
221349,3864,4.199999999999996,62
221418,3865,4.899999999999997,69
221471,3866,2.9999999999999982,53
221572,3867,1.7999999999999905,101
221633,3868,1.4000000000000026,61
221694,3869,-0.3999999999999977,61
221761,3870,3.4999999999999964,67
222006,3871,11.099999999999941,245
222075,3872,4.899999999999997,69
222286,3873,7.999999999999959,211
222345,3874,3.599999999999996,59
222395,3875,2.6999999999999993,50
222498,3876,2.0000000000000004,103
222565,3877,2.3000000000000016,67
222658,3878,6.099999999999987,93
222719,3879,3.7999999999999954,61
222778,3880,2.399999999999997,59
222910,3881,7.899999999999974,132
222979,3882,2.499999999999997,69
223072,3883,5.499999999999988,93
223125,3884,2.3999999999999986,53
223182,3885,3.399999999999997,57
223288,3886,7.099999999999987,106
223410,3887,6.299999999999981,122
223471,3888,2.599999999999997,61
223564,3889,4.2999999999999865,93
223669,3890,5.199999999999989,105
223738,3891,1.8999999999999981,69
223824,3892,2.3999999999999906,86
223910,3893,-0.5999999999999988,86
224013,3894,6.19999999999999,103
224115,3895,4.299999999999987,102
224167,3896,2.299999999999999,52
224260,3897,4.899999999999986,93
224319,3898,2.4000000000000004,59
224502,3899,14.799999999999958,183
224567,3900,4.5,65
224635,3901,4.799999999999997,68
224767,3902,1.2999999999999954,132
224869,3903,5.499999999999985,102
224939,3904,4.9999999999999964,70
225068,3905,3.999999999999983,129
225138,3906,4.999999999999993,70
225242,3907,6.299999999999985,104
225347,3908,4.5999999999999925,105
225413,3909,3.4000000000000004,66
225473,3910,0.10000000000000231,60
225575,3911,6.699999999999983,102
225793,3912,14.399999999999956,218
225857,3913,2.0000000000000027,64
226024,3914,9.899999999999967,167
226090,3915,4.599999999999999,66
226147,3916,1.0000000000000022,57
226205,3917,2.899999999999997,58
226347,3918,11.599999999999971,142
226413,3919,4.599999999999999,66
226514,3920,5.399999999999986,101
226636,3921,3.2999999999999803,122
226739,3922,4.4,103
226791,3923,2.8999999999999986,52
226848,3924,3.399999999999997,57
226982,3925,8.399999999999975,134
227039,3926,3.399999999999997,57
227178,3927,8.299999999999978,139
227311,3928,3.7999999999999847,133
227526,3929,9.899999999999954,215
227692,3930,7.999999999999975,166
227752,3931,3.6999999999999957,60
227890,3932,8.799999999999972,138
227991,3933,5.399999999999984,101
228059,3934,4.199999999999999,68
228258,3935,9.199999999999969,199
228385,3936,7.399999999999977,127
228489,3937,6.899999999999984,104
228558,3938,2.499999999999998,69
228695,3939,2.69999999999998,137
228794,3940,7.599999999999984,99
228887,3941,6.099999999999989,93
228956,3942,1.8999999999999981,69
229011,3943,3.1999999999999975,55
229079,3944,3.599999999999995,68
229139,3945,3.6999999999999957,60
229261,3946,4.4999999999999805,122
229403,3947,9.199999999999974,142
229539,3948,3.7999999999999776,136
229738,3949,3.199999999999962,199
229919,3950,7.399999999999967,181
229988,3951,4.299999999999998,69
230128,3952,5.399999999999982,140
230310,3953,14.099999999999959,182
230368,3954,3.4999999999999964,58
230438,3955,5.599999999999994,70
230538,3956,3.499999999999986,100
230606,3957,-1.5543122344752192e-15,68
230972,3958,12.39999999999991,366
231033,3959,2.5999999999999996,61
231137,3960,0.2999999999999967,104
231224,3961,6.099999999999987,87
231395,3962,6.6999999999999655,171
231493,3963,2.699999999999989,98
231561,3964,4.799999999999997,68
231626,3965,5.099999999999995,65
231692,3966,4.6,66
231757,3967,2.0999999999999988,65
231862,3968,5.199999999999992,105
231959,3969,2.2999999999999865,97
232023,3970,1.399999999999999,64
232336,3971,14.299999999999933,313
232508,3972,7.399999999999967,172
232563,3973,2.599999999999998,55
232656,3974,4.29999999999999,93
232789,3975,12.19999999999997,133
232882,3976,6.699999999999985,93
233045,3977,5.899999999999967,163
233106,3978,3.1999999999999957,61
233171,3979,3.3000000000000007,65
233257,3980,-7.105427357601002e-15,86
233361,3981,5.099999999999986,104
233419,3982,3.4999999999999964,58
233487,3983,3.0000000000000018,68
233668,3984,0.7999999999999938,181
233803,3985,9.699999999999973,135
233873,3986,3.7999999999999936,70
233932,3987,3.599999999999996,59
234000,3988,5.399999999999994,68
234070,3989,5.5999999999999925,70
234126,3990,3.299999999999997,56
234263,3991,8.099999999999973,137
234326,3992,3.6999999999999957,63
234423,3993,-0.700000000000008,97
234491,3994,4.199999999999994,68
234552,3995,3.7999999999999954,61
234694,3996,7.39999999999999,142
234760,3997,4.599999999999999,66
234864,3998,5.099999999999985,104
235111,3999,19.70000000000005,247
235176,4000,4.5,65
235243,4001,0.4999999999999989,67
235301,4002,3.4999999999999964,58
235433,4003,6.699999999999974,132
235500,4004,2.899999999999997,67
235602,4005,2.5000000000000013,102
235672,4006,4.399999999999993,70
235835,4007,7.699999999999967,163
235897,4008,5.399999999999995,62
236112,4009,5.699999999999964,215
236162,4010,-0.8999999999999986,50
236267,4011,5.7999999999999865,105
236336,4012,4.299999999999998,69
236508,4013,7.999999999999966,172
236649,4014,9.099999999999971,141
236718,4015,4.899999999999997,69
236823,4016,5.1999999999999895,105
236918,4017,5.699999999999985,95
237131,4018,13.29999999999995,213
237313,4019,11.699999999999958,182
237413,4020,7.699999999999983,100
237512,4021,7.599999999999984,99
237870,4022,16.70000000000006,358
238004,4023,2.399999999999986,134
238109,4024,4.599999999999984,105
238173,4025,2.0000000000000018,64
238273,4026,-0.6999999999999997,100
238336,4027,4.899999999999996,63
238438,4028,4.899999999999999,102
238501,4029,4.899999999999995,63
238570,4030,4.299999999999998,69
238666,4031,6.999999999999984,96
238731,4032,4.499999999999996,65
238832,4033,8.399999999999986,101
238890,4034,3.4999999999999964,58
238951,4035,3.7999999999999954,61
239018,4036,3.5,67
239110,4037,5.9999999999999885,92
239177,4038,1.6999999999999984,67
239247,4039,5.599999999999994,70
239351,4040,5.699999999999986,104
239416,4041,4.499999999999995,65
239467,4042,2.1999999999999993,51
239572,4043,-0.19999999999999796,105
239640,4044,4.799999999999999,68
239708,4045,4.799999999999997,68
239808,4046,7.699999999999983,100
239869,4047,3.7999999999999954,61
239937,4048,3.599999999999998,68
240068,4049,2.9999999999999787,131
240171,4050,3.1999999999999895,103
240235,4051,3.200000000000001,64
240934,4052,39.70000000000046,699
240995,4053,2.599999999999997,61
241049,4054,2.4999999999999982,54
241232,4055,14.199999999999958,183
241298,4056,0.3999999999999977,66
241360,4057,4.799999999999995,62
241429,4058,4.299999999999996,69
241564,4059,7.899999999999979,135
241666,4060,3.699999999999992,102
241736,4061,5.599999999999994,70
241841,4062,5.799999999999983,105
241974,4063,0.7999999999999936,133
242156,4064,13.499999999999961,182
242289,4065,5.599999999999975,133
242375,4066,4.799999999999988,86
242670,4067,20.300000000000026,295
242767,4068,-1.8999999999999995,97
242836,4069,4.899999999999994,69
242903,4070,2.2999999999999985,67
242953,4071,1.5,50
243095,4072,7.3999999999999755,142
243273,4073,13.699999999999958,178
243367,4074,3.799999999999989,94
243435,4075,3.599999999999998,68
243502,4076,3.5,67
243568,4077,4.0,66
243672,4078,2.09999999999999,104
243800,4079,9.899999999999975,128
243869,4080,3.6999999999999984,69
243929,4081,-1.6999999999999984,60
244128,4082,0.7999999999999954,199
244264,4083,9.199999999999973,136
244318,4084,2.4999999999999982,54
244383,4085,3.3000000000000007,65
244443,4086,3.6999999999999957,60
244496,4087,2.3999999999999986,53
244554,4088,3.4999999999999964,58
244689,4089,10.299999999999972,135
244754,4090,5.099999999999995,65
244805,4091,2.799999999999999,51
244870,4092,4.499999999999995,65
244973,4093,6.199999999999983,103
245040,4094,4.1,67
245090,4095,1.5,50
245151,4096,3.1999999999999957,61
245216,4097,4.5,65
245282,4098,2.8000000000000016,66
245408,4099,7.299999999999976,126
245509,4100,7.799999999999988,101
245719,4101,11.49999999999995,210
245825,4102,7.6999999999999815,106
245911,4103,-1.200000000000002,86
246043,4104,5.499999999999983,132
246110,4105,5.899999999999993,67
246272,4106,6.99999999999997,162
246407,4107,6.099999999999981,135
246461,4108,3.099999999999998,54
246528,4109,4.699999999999998,67
246822,4110,9.999999999999929,294
246926,4111,6.899999999999987,104
247172,4112,17.20000000000001,246
247427,4113,13.599999999999937,255
247555,4114,6.299999999999981,128
247678,4115,10.599999999999975,123
247725,4116,0.6000000000000014,47
247788,4117,1.9000000000000021,63
247857,4118,3.699999999999994,69
248018,4119,8.099999999999966,161
248153,4120,9.699999999999974,135
248220,4121,2.2999999999999985,67
248274,4122,3.099999999999998,54
248344,4123,4.399999999999997,70
248563,4124,12.099999999999948,219
248661,4125,9.299999999999983,98
248765,4126,3.299999999999991,104
249058,4127,13.500000000000018,293
249381,4128,9.899999999999922,323
249484,4129,5.599999999999989,103
249544,4130,3.099999999999996,60
249594,4131,0.9000000000000004,50
249949,4132,22.40000000000013,355
250014,4133,3.899999999999997,65
250068,4134,2.4999999999999982,54
250136,4135,4.799999999999997,68
250202,4136,3.399999999999995,66
250308,4137,5.899999999999983,106
250512,4138,12.699999999999953,204
250645,4139,4.999999999999975,133
250825,4140,9.69999999999996,180
250881,4141,2.6999999999999975,56
251465,4142,23.700000000000323,584
251529,4143,3.799999999999998,64
251629,4144,4.099999999999985,100
251765,4145,4.999999999999975,136
251927,4146,5.199999999999967,162
252107,4147,13.29999999999996,180
252175,4148,5.999999999999993,68
252244,4149,5.499999999999995,69
252309,4150,3.3000000000000007,65
252377,4151,5.399999999999993,68
252432,4152,2.599999999999998,55
252728,4153,21.600000000000083,296
252788,4154,3.6999999999999957,60
252844,4155,3.299999999999997,56
252895,4156,2.1999999999999993,51
252946,4157,2.799999999999999,51
253109,4158,8.899999999999967,163
253211,4159,7.899999999999984,102
253304,4160,5.499999999999986,93
253406,4161,7.899999999999983,102
253508,4162,6.099999999999984,102
253689,4163,10.999999999999961,181
253745,4164,3.299999999999997,56
253806,4165,3.7999999999999954,61
253984,4166,5.899999999999985,178
254344,4167,18.100000000000023,360
254405,4168,0.8000000000000025,61
254509,4169,8.099999999999982,104
254726,4170,11.899999999999949,217
254909,4171,13.599999999999957,183
254972,4172,1.9000000000000021,63
255074,4173,7.899999999999983,102
255130,4174,3.299999999999997,56
255264,4175,10.199999999999973,134
255362,4176,7.499999999999984,98
255884,4177,23.800000000000306,522
256083,4178,9.799999999999955,199
256266,4179,8.799999999999962,183
256362,4180,5.199999999999985,96
256430,4181,3.0000000000000027,68
256487,4182,2.799999999999997,57
256585,4183,5.699999999999985,98
256727,4184,7.999999999999982,142
256794,4185,4.699999999999996,67
256887,4186,6.099999999999989,93
256950,4187,3.0999999999999996,63
257003,4188,2.9999999999999982,53
257065,4189,3.6000000000000014,62
257129,4190,0.1999999999999993,64
257312,4191,9.39999999999996,183
257448,4192,6.199999999999976,136
257629,4193,4.399999999999969,181
257698,4194,4.899999999999994,69
257822,4195,2.8999999999999853,124
257886,4196,3.799999999999998,64
257953,4197,0.4999999999999989,67
258023,4198,5.599999999999994,70
258126,4199,6.199999999999987,103
258193,4200,5.899999999999993,67
258263,4201,5.599999999999994,70
258324,4202,0.8000000000000025,61
258392,4203,3.599999999999995,68
258442,4204,2.0999999999999996,50
258510,4205,5.399999999999995,68
258673,4206,10.699999999999964,163
258776,4207,6.199999999999984,103
258845,4208,4.899999999999997,69
258941,4209,3.399999999999989,96
259009,4210,4.799999999999997,68
259105,4211,6.399999999999984,96
259209,4212,8.099999999999984,104
259260,4213,2.1999999999999993,51
259396,4214,7.999999999999975,136
259609,4215,3.099999999999982,213
259998,4216,8.699999999999903,389
260130,4217,7.899999999999974,132
260485,4218,24.80000000000012,355
260619,4219,11.399999999999974,134
260724,4220,6.999999999999982,105
260829,4221,1.5999999999999965,105
260897,4222,4.799999999999997,68
260964,4223,2.2999999999999985,67
261031,4224,4.699999999999998,67
261277,4225,11.799999999999955,246
261411,4226,9.599999999999977,134
261473,4227,4.799999999999995,62
261572,4228,6.399999999999988,99
261642,4229,4.9999999999999964,70
261918,4230,8.499999999999934,276
262016,4231,5.699999999999985,98
262120,4232,2.6999999999999935,104
262257,4233,10.499999999999975,137
262500,4234,13.899999999999974,243
262563,4235,5.499999999999995,63
262667,4236,6.8999999999999835,104
262770,4237,3.7999999999999954,103
262867,4238,6.499999999999984,97
263117,4239,14.299999999999939,250
263214,4240,5.899999999999984,97
263278,4241,3.200000000000001,64
263348,4242,3.7999999999999936,70
263412,4243,2.5999999999999988,64
263504,4244,5.399999999999987,92
263570,4245,4.599999999999999,66
263640,4246,3.7999999999999936,70
263740,4247,1.6999999999999895,100
263903,4248,1.0999999999999837,163
264007,4249,7.499999999999982,104
264190,4250,12.999999999999957,183
264438,4251,14.099999999999943,248
264538,4252,3.4999999999999885,100
264754,4253,12.39999999999995,216
264860,4254,5.299999999999989,106
264921,4255,3.7999999999999954,61
264977,4256,3.299999999999997,56
265412,4257,25.600000000000165,435
265575,4258,5.299999999999967,163
265674,4259,8.199999999999983,99
265806,4260,7.299999999999976,132
266061,4261,16.599999999999973,255
266124,4262,4.899999999999996,63
266174,4263,2.6999999999999993,50
266242,4264,5.399999999999995,68
266493,4265,24.600000000000083,251
266581,4266,2.599999999999996,88
266649,4267,4.199999999999999,68
266782,4268,6.799999999999974,133
266945,4269,5.2999999999999705,163
267042,4270,5.299999999999985,97
267140,4271,9.299999999999983,98
267204,4272,4.999999999999996,64
267403,4273,6.199999999999958,199
267729,4274,23.70000000000007,326
267830,4275,3.599999999999987,101
267922,4276,6.599999999999985,92
268056,4277,8.399999999999974,134
268219,4278,4.699999999999976,163
268285,4279,1.5999999999999988,66
268355,4280,3.1999999999999966,70
268603,4281,16.499999999999954,248
268786,4282,10.599999999999959,183
268891,4283,3.999999999999984,105
269110,4284,11.499999999999948,219
269328,4285,10.199999999999951,218
269456,4286,6.299999999999976,128
269557,4287,8.399999999999983,101
269607,4288,2.6999999999999993,50
269676,4289,4.299999999999998,69
269807,4290,6.5999999999999766,131
269976,4291,10.699999999999962,169
270046,4292,3.799999999999997,70
270151,4293,5.199999999999983,105
270289,4294,9.399999999999974,138
270422,4295,8.599999999999973,133
270605,4296,14.799999999999956,183
270860,4297,12.399999999999954,255
270946,4298,1.1999999999999904,86
271012,4299,3.9999999999999964,66
271075,4300,2.4999999999999973,63
271217,4301,11.599999999999971,142
271501,4302,21.90000000000008,284
271797,4303,17.400000000000013,296
271927,4304,8.899999999999977,130
271990,4305,4.899999999999996,63
272170,4306,12.099999999999959,180
272343,4307,6.299999999999965,173
272408,4308,3.3000000000000007,65
272471,4309,3.1000000000000023,63
272539,4310,4.199999999999999,68
272608,4311,4.299999999999994,69
272807,4312,10.999999999999956,199
272986,4313,7.199999999999967,179
273049,4314,1.9000000000000021,63
273135,4315,3.599999999999996,86
273318,4316,13.599999999999957,183
273369,4317,1.5999999999999996,51
273468,4318,8.799999999999983,99
273532,4319,4.999999999999995,64
273654,4320,4.499999999999979,122
273790,4321,6.19999999999998,136
274195,4322,29.200000000000223,405
274252,4323,3.399999999999997,57
274420,4324,13.599999999999962,168
274603,4325,7.599999999999962,183
274745,4326,10.39999999999997,142
274964,4327,16.299999999999958,219
275028,4328,4.999999999999996,64
275318,4329,21.000000000000043,290
275386,4330,3.599999999999995,68
275454,4331,4.799999999999997,68
275560,4332,8.299999999999983,106
275665,4333,5.199999999999988,105
275873,4334,17.900000000000013,208
276169,4335,17.999999999999996,296
276302,4336,9.799999999999972,133
276465,4337,6.499999999999966,163
276594,4338,8.799999999999976,129
276697,4339,7.399999999999986,103
277134,4340,29.400000000000183,437
277262,4341,8.699999999999976,128
277365,4342,4.399999999999994,103
277721,4343,17.69999999999998,356
277855,4344,8.399999999999975,134
277959,4345,5.099999999999992,104
278020,4346,3.7999999999999954,61
278113,4347,4.899999999999988,93
278389,4348,17.499999999999993,276
278860,4349,22.900000000000055,471
278964,4350,6.899999999999983,104
279548,4351,36.90000000000039,584
279839,4352,15.699999999999935,291
279942,4353,7.399999999999988,103
280012,4354,4.399999999999995,70
280116,4355,3.2999999999999954,104
280176,4356,3.6999999999999957,60
280232,4357,1.4999999999999982,56
280355,4358,2.7999999999999945,123
280425,4359,4.999999999999995,70
280859,4360,29.100000000000257,434
280958,4361,1.5999999999999894,99
281026,4362,4.199999999999999,68
281090,4363,4.999999999999995,64
281225,4364,6.099999999999975,135
281507,4365,20.500000000000053,282
281606,4366,6.399999999999984,99
281699,4367,4.899999999999986,93
281767,4368,4.199999999999999,68
281872,4369,5.199999999999985,105
281968,4370,6.999999999999984,96
282148,4371,10.299999999999963,180
282218,4372,5.599999999999994,70
282271,4373,2.3999999999999986,53
282372,4374,4.799999999999989,101
282618,4375,12.399999999999945,246
282677,4376,2.399999999999997,59
282744,4377,3.5,67
282847,4378,4.999999999999994,103
282979,4379,9.699999999999973,132
283031,4380,2.299999999999999,52
283099,4381,4.199999999999999,68
283167,4382,2.4000000000000012,68
283349,4383,6.299999999999976,182
283454,4384,6.999999999999986,105
283518,4385,3.799999999999998,64
283588,4386,3.799999999999997,70
283690,4387,6.699999999999985,102
283830,4388,3.5999999999999766,140
284077,4389,14.899999999999974,247
284367,4390,10.19999999999993,290
284694,4391,20.200000000000088,327
284827,4392,9.199999999999973,133
285068,4393,16.69999999999999,241
285172,4394,4.499999999999986,104
285242,4395,4.399999999999993,70
285309,4396,3.4999999999999947,67
285395,4397,1.7999999999999954,86
285464,4398,4.899999999999993,69
285627,4399,5.899999999999968,163
285769,4400,10.99999999999997,142
285834,4401,5.099999999999997,65
285904,4402,4.399999999999997,70
286010,4403,7.099999999999985,106
286063,4404,2.3999999999999986,53
286130,4405,1.0999999999999983,67
286233,4406,4.9999999999999885,103
286326,4407,5.499999999999986,93
286396,4408,4.399999999999997,70
286463,4409,5.299999999999996,67
286585,4410,4.499999999999984,122
286718,4411,6.199999999999976,133
286934,4412,12.999999999999961,216
287001,4413,4.1,67
287103,4414,6.099999999999985,102
287392,4415,19.10000000000006,289
287478,4416,5.399999999999988,86
287577,4417,2.7999999999999883,99
287640,4418,2.5000000000000027,63
287853,4419,9.699999999999955,213
287914,4420,1.4000000000000026,61
287982,4421,4.199999999999999,68
288085,4422,5.599999999999989,103
288154,4423,4.299999999999998,69
288398,4424,15.19999999999996,244
288530,4425,8.499999999999973,132
288631,4426,1.8000000000000012,101
288736,4427,8.199999999999983,105
288806,4428,4.399999999999997,70
288939,4429,5.599999999999975,133
289004,4430,3.3000000000000007,65
289141,4431,5.699999999999974,137
289322,4432,10.399999999999961,181
289415,4433,2.4999999999999902,93
289521,4434,8.299999999999983,106
289704,4435,13.599999999999962,183
289773,4436,4.299999999999996,69
289877,4437,8.099999999999984,104
289945,4438,2.399999999999998,68
290013,4439,3.599999999999995,68
290112,4440,4.599999999999998,99
290245,4441,3.7999999999999883,133
290491,4442,20.200000000000045,246
290654,4443,8.299999999999965,163
290817,4444,7.099999999999966,163
290882,4445,4.5,65
291024,4446,6.199999999999976,142
291205,4447,12.199999999999958,181
291311,4448,7.699999999999983,106
291369,4449,2.899999999999997,58
291435,4450,4.0,66
291497,4451,5.399999999999995,62
291638,4452,2.500000000000002,141
291702,4453,-2.199999999999997,64
291978,4454,15.700000000000024,276
292046,4455,4.799999999999997,68
292106,4456,3.6999999999999957,60
292247,4457,9.699999999999973,141
292311,4458,3.799999999999998,64
292446,4459,10.299999999999976,135
292498,4460,2.299999999999999,52
292566,4461,4.799999999999995,68
292768,4462,16.699999999999996,202
292832,4463,4.399999999999996,64
292899,4464,3.499999999999999,67
293192,4465,12.899999999999928,293
293516,4466,17.200000000000017,324
293618,4467,7.299999999999985,102
294203,4468,35.800000000000324,585
294273,4469,4.399999999999993,70
294342,4470,4.899999999999997,69
294448,4471,2.8999999999999977,106
294657,4472,6.599999999999955,209
294799,4473,8.599999999999973,142
294895,4474,2.1999999999999895,96
295029,4475,10.199999999999973,134
295096,4476,5.899999999999993,67
295729,4477,38.20000000000031,633
295853,4478,8.299999999999978,124
295910,4479,3.399999999999997,57
296043,4480,3.199999999999984,133
296410,4481,20.900000000000045,367
296476,4482,4.599999999999996,66
296675,4483,6.1999999999999655,199
296920,4484,11.099999999999953,245
297135,4485,15.299999999999955,215
297238,4486,5.599999999999984,103
297295,4487,2.799999999999997,57
297501,4488,14.69999999999996,206
297604,4489,5.599999999999987,103
297703,4490,5.799999999999988,99
297914,4491,15.79999999999999,211
298012,4492,8.099999999999987,98
298486,4493,31.300000000000267,474
298627,4494,2.4999999999999827,141
298808,4495,9.199999999999962,181
298872,4496,4.999999999999996,64
299271,4497,20.500000000000068,399
299393,4498,6.299999999999979,122
299527,4499,8.999999999999982,134
299858,4500,20.60000000000005,331
299963,4501,7.599999999999982,105
300033,4502,3.7999999999999945,70
300131,4503,6.299999999999986,98
300236,4504,6.3999999999999835,105
300301,4505,3.3000000000000007,65
300506,4506,6.7999999999999705,205
300643,4507,8.099999999999975,137
300712,4508,4.899999999999997,69
300777,4509,4.5,65
301249,4510,23.600000000000218,472
301461,4511,17.399999999999984,212
301639,4512,12.49999999999997,178
301703,4513,2.600000000000002,64
301767,4514,1.399999999999999,64
301868,4515,1.1999999999999935,101
301964,4516,3.399999999999986,96
302031,4517,1.0999999999999983,67
302100,4518,4.899999999999997,69
302316,4519,14.199999999999948,216
302385,4520,2.499999999999998,69
302454,4521,4.899999999999993,69
302521,4522,5.299999999999994,67
302589,4523,4.199999999999999,68
302695,4524,7.6999999999999815,106
302764,4525,5.499999999999995,69
302894,4526,7.699999999999976,130
303113,4527,14.49999999999995,219
303328,4528,8.699999999999951,215
303508,4529,13.899999999999958,180
303640,4530,8.499999999999975,132
303811,4531,7.899999999999968,171
303989,4532,13.699999999999962,178
304058,4533,4.899999999999997,69
304193,4534,6.099999999999975,135
304263,4535,3.7999999999999936,70
304324,4536,3.7999999999999954,61
304456,4537,8.499999999999975,132
304588,4538,8.499999999999977,132
305017,4539,20.200000000000134,429
305224,4540,15.399999999999974,207
305287,4541,3.6999999999999993,63
305356,4542,4.299999999999998,69
305648,4543,18.199999999999992,292
306002,4544,24.700000000000145,354
306107,4545,8.799999999999981,105
306290,4546,11.799999999999958,183
306357,4547,3.5,67
307085,4548,42.300000000000466,728
307181,4549,5.799999999999985,96
307267,4550,4.799999999999993,86
307373,4551,7.699999999999983,106
307442,4552,4.299999999999998,69
307944,4553,32.30000000000031,502
308046,4554,3.1000000000000005,102
308110,4555,2.6000000000000028,64
308180,4556,4.399999999999997,70
308363,4557,12.99999999999996,183
308497,4558,8.399999999999974,134
308592,4559,5.699999999999985,95
309001,4560,26.00000000000012,409
309065,4561,3.200000000000002,64
309238,4562,14.099999999999959,173
309305,4563,4.699999999999998,67
309407,4564,3.699999999999994,102
309548,4565,10.29999999999997,141
309727,4566,10.199999999999964,179
309862,4567,12.099999999999971,135
309995,4568,7.999999999999973,133
310129,4569,7.799999999999974,134
310373,4570,19.40000000000005,244
310440,4571,4.699999999999998,67
310546,4572,7.099999999999984,106
310650,4573,8.099999999999982,104
310783,4574,6.199999999999976,133
310965,4575,8.09999999999996,182
311780,4576,59.70000000000068,815
311850,4577,4.399999999999997,70
312145,4578,18.5,295
312232,4579,4.899999999999988,87
312338,4580,8.299999999999981,106
312444,4581,7.099999999999985,106
312507,4582,1.9000000000000021,63
312574,4583,4.1,67
312934,4584,21.700000000000045,360
313031,4585,4.699999999999985,97
313136,4586,6.999999999999982,105
313205,4587,5.499999999999995,69
313275,4588,4.9999999999999964,70
313376,4589,5.99999999999999,101
314155,4590,43.20000000000062,779
314225,4591,4.999999999999994,70
314470,4592,17.700000000000003,245
314795,4593,23.000000000000117,325
314898,4594,6.7999999999999865,103
314968,4595,5.599999999999994,70
315221,4596,14.59999999999994,253
315401,4597,11.499999999999963,180
315583,4598,10.49999999999996,182
315688,4599,7.599999999999982,105
315821,4600,6.199999999999976,133
315921,4601,6.499999999999986,100
315986,4602,3.3000000000000007,65
316233,4603,6.499999999999973,247
316287,4604,2.4999999999999982,54
316392,4605,7.599999999999984,105
316461,4606,3.6999999999999984,69
317046,4607,32.80000000000037,585
317115,4608,4.299999999999998,69
317295,4609,5.499999999999966,180
317428,4610,7.3999999999999755,133
317496,4611,4.799999999999997,68
317709,4612,16.89999999999997,213
317872,4613,3.4999999999999716,163
317937,4614,2.0999999999999988,65
318000,4615,5.499999999999995,63
318136,4616,5.599999999999976,136
318390,4617,18.299999999999986,254
318454,4618,3.8000000000000007,64
318636,4619,12.299999999999958,182
318739,4620,3.7999999999999856,103
318803,4621,3.200000000000002,64
318906,4622,7.399999999999983,103
318968,4623,5.399999999999995,62
319106,4624,7.59999999999998,138
319159,4625,2.9999999999999982,53
319301,4626,7.399999999999974,142
319547,4627,14.799999999999958,246
319611,4628,3.799999999999998,64
320046,4629,34.00000000000027,435
320246,4630,6.299999999999963,200
320306,4631,3.6999999999999957,60
320522,4632,17.799999999999986,216
320658,4633,6.799999999999974,136
321022,4634,20.600000000000037,364
321084,4635,5.399999999999995,62
321558,4636,33.70000000000032,474
321627,4637,4.899999999999997,69
321769,4638,7.999999999999975,142
321901,4639,9.099999999999977,132
322120,4640,15.699999999999982,219
322188,4641,4.799999999999997,68
322250,4642,3.6000000000000014,62
322544,4643,14.199999999999926,294
322610,4644,3.4000000000000004,66
322677,4645,3.4999999999999964,67
322989,4646,20.200000000000088,312
323054,4647,3.899999999999995,65
323120,4648,4.599999999999999,66
323187,4649,4.1,67
323544,4650,25.60000000000017,357
323631,4651,3.0999999999999917,87
324040,4652,24.20000000000009,409
324212,4653,10.999999999999961,172
324394,4654,10.499999999999963,182
324456,4655,2.9999999999999996,62
324560,4656,5.699999999999992,104
325261,4657,51.60000000000053,701
325347,4658,2.3999999999999897,86
325405,4659,2.899999999999997,58
326028,4660,37.50000000000039,623
326505,4661,27.400000000000187,477
326647,4662,11.59999999999997,142
326712,4663,2.100000000000002,65
327036,4664,23.2000000000001,324
327139,4665,7.999999999999982,103
327208,4666,5.499999999999995,69
327314,4667,5.899999999999985,106
327380,4668,2.2000000000000024,66
327656,4669,7.899999999999935,276
327723,4670,5.899999999999993,67
327971,4671,17.099999999999973,248
328218,4672,19.700000000000028,247
328282,4673,3.200000000000001,64
328727,4674,26.90000000000021,445
328830,4675,2.599999999999991,103
328928,4676,5.69999999999999,98
328995,4677,3.4999999999999964,67
329211,4678,6.399999999999956,216
329333,4679,3.2999999999999794,122
329395,4680,5.399999999999995,62
329820,4681,25.800000000000207,425
330002,4682,9.899999999999961,182
330295,4683,16.499999999999957,293
330399,4684,6.299999999999987,104
330582,4685,12.999999999999957,183
330683,4686,7.799999999999983,101
331153,4687,36.60000000000028,470
331285,4688,8.499999999999979,132
331352,4689,5.899999999999993,67
331420,4690,4.199999999999994,68
331603,4691,12.99999999999996,183
331668,4692,3.9000000000000004,65
331733,4693,2.0999999999999988,65
331834,4694,7.199999999999985,101
331939,4695,6.399999999999983,105
332262,4696,20.70000000000005,323
332478,4697,18.399999999999995,216
332542,4698,3.200000000000002,64
332642,4699,6.499999999999984,100
332704,4700,5.399999999999995,62
333181,4701,32.80000000000018,477
333529,4702,23.500000000000156,348
333805,4703,9.699999999999934,276
333970,4704,10.299999999999965,165
334492,4705,34.00000000000028,522
334934,4706,30.80000000000021,442
335116,4707,14.099999999999957,182
335182,4708,4.599999999999999,66
335250,4709,4.799999999999997,68
335385,4710,12.69999999999997,135
335483,4711,6.899999999999984,98
335698,4712,10.49999999999995,215
335820,4713,3.899999999999979,122
335952,4714,10.299999999999972,132
336132,4715,13.899999999999958,180
336238,4716,7.099999999999982,106
336302,4717,3.799999999999998,64
336370,4718,5.399999999999995,68
336439,4719,4.899999999999997,69
336900,4720,28.500000000000227,461
336964,4721,3.799999999999998,64
337145,4722,15.799999999999969,181
337250,4723,6.999999999999984,105
337431,4724,10.99999999999996,181
337594,4725,9.499999999999964,163
337926,4726,24.300000000000136,332
337994,4727,3.5999999999999996,68
338056,4728,5.399999999999995,62
338126,4729,4.399999999999993,70
338376,4730,16.69999999999995,250
338445,4731,4.899999999999997,69
338657,4732,17.39999999999998,212
339062,4733,31.600000000000193,405
339536,4734,31.300000000000274,474
339699,4735,3.4999999999999734,163
339841,4736,9.199999999999973,142
340024,4737,15.999999999999964,183
340384,4738,24.700000000000124,360
340451,4739,5.299999999999996,67
340631,4740,12.699999999999958,180
340923,4741,23.600000000000094,292
341106,4742,9.99999999999996,183
341284,4743,13.699999999999958,178
341353,4744,3.6999999999999975,69
341419,4745,4.599999999999999,66
341553,4746,11.399999999999972,134
341763,4747,15.699999999999989,210
341829,4748,4.0,66
342077,4749,20.700000000000028,248
342538,4750,31.50000000000025,461
343058,4751,32.600000000000264,520
343163,4752,5.799999999999987,105
343410,4753,17.300000000000004,247
343543,4754,7.999999999999973,133
343611,4755,4.199999999999999,68
343678,4756,4.1,67
343913,4757,11.299999999999947,235
343980,4758,1.6999999999999984,67
344081,4759,5.999999999999992,101
344185,4760,5.0999999999999925,104
344282,4761,5.899999999999985,97
344575,4762,18.300000000000036,293
344681,4763,4.699999999999987,106
344856,4764,10.09999999999996,175
344924,4765,4.799999999999997,68
345029,4766,6.999999999999982,105
345099,4767,5.599999999999994,70
345203,4768,6.299999999999983,104
345290,4769,3.6999999999999886,87
345616,4770,23.100000000000076,326
345948,4771,19.50000000000003,332
346012,4772,3.799999999999998,64
346081,4773,4.299999999999998,69
346146,4774,2.7,65
346362,4775,14.799999999999947,216
346465,4776,6.799999999999985,103
346532,4777,5.299999999999996,67
347118,4778,40.10000000000037,586
347171,4779,2.9999999999999982,53
347643,4780,32.000000000000256,472
348088,4781,30.50000000000019,445
348191,4782,6.199999999999983,103
348256,4783,4.5,65
348439,4784,11.799999999999962,183
348508,4785,4.299999999999998,69
348650,4786,9.19999999999997,142
349011,4787,24.500000000000128,361
349255,4788,18.20000000000002,244
349699,4789,36.40000000000027,444
349950,4790,10.199999999999974,251
350049,4791,9.399999999999983,99
350112,4792,4.299999999999996,63
350278,4793,11.599999999999962,166
350378,4794,7.699999999999983,100
350475,4795,-0.10000000000000986,97
350572,4796,2.3000000000000016,97
350642,4797,4.399999999999995,70
351227,4798,37.00000000000039,585
351333,4799,6.499999999999984,106
351471,4800,5.799999999999974,138
351607,4801,7.999999999999973,136
351712,4802,6.399999999999984,105
352036,4803,18.40000000000002,324
352172,4804,9.799999999999972,136
352725,4805,35.00000000000033,553
352907,4806,9.89999999999996,182
352973,4807,5.799999999999994,66
353071,4808,6.2999999999999865,98
353174,4809,7.999999999999984,103
353243,4810,4.899999999999993,69
353488,4811,14.69999999999996,245
353623,4812,7.299999999999974,135
353685,4813,1.7999999999999998,62
353754,4814,1.2999999999999985,69
353819,4815,5.099999999999995,65
353886,4816,3.5,67
354139,4817,12.799999999999939,253
354321,4818,13.499999999999961,182
354682,4819,26.300000000000136,361
354780,4820,9.299999999999983,98
354961,4821,12.199999999999962,181
355283,4822,20.00000000000002,322
355348,4823,5.099999999999995,65
355483,4824,9.099999999999975,135
355552,4825,4.899999999999994,69
355614,4826,4.199999999999996,62
355718,4827,6.899999999999983,104
355784,4828,5.799999999999994,66
355882,4829,7.499999999999986,98
355984,4830,1.8999999999999897,102
356167,4831,8.199999999999964,183
356532,4832,23.70000000000005,365
356750,4833,7.7999999999999705,218
356933,4834,15.399999999999963,183
357413,4835,30.700000000000223,480
357482,4836,3.099999999999997,69
357732,4837,19.700000000000017,250
358025,4838,23.700000000000074,293
358130,4839,6.399999999999983,105
358293,4840,5.899999999999967,163
358362,4841,4.899999999999997,69
358803,4842,27.10000000000026,441
358909,4843,8.299999999999983,106
359041,4844,7.899999999999974,132
359287,4845,19.000000000000032,246
359922,4846,39.000000000000384,635
360105,4847,11.799999999999958,183
360577,4848,30.200000000000195,472
360759,4849,9.29999999999996,182
360829,4850,5.599999999999994,70
361191,4851,30.000000000000195,362
361295,4852,1.5000000000000004,104
361358,4853,4.899999999999996,63
361653,4854,17.900000000000027,295
362240,4855,33.900000000000404,587
362602,4856,24.600000000000048,362
362667,4857,4.5,65
362913,4858,17.200000000000003,246
363132,4859,13.299999999999947,219
363238,4860,5.899999999999985,106
363371,4861,7.999999999999973,133
363534,4862,9.499999999999964,163
363716,4863,11.099999999999962,182
363778,4864,1.1999999999999997,62
363841,4865,-0.5,63
363945,4866,8.699999999999985,104
364266,4867,22.90000000000008,321
364851,4868,35.80000000000037,585
365213,4869,24.600000000000094,362
365279,4870,4.599999999999999,66
365382,4871,4.999999999999995,103
365819,4872,34.80000000000029,437
366181,4873,21.600000000000023,362
366248,4874,3.499999999999999,67
366383,4875,10.299999999999976,135
366601,4876,7.799999999999951,218
366707,4877,4.699999999999984,106
367152,4878,32.30000000000029,445
367256,4879,7.499999999999988,104
367393,4880,-1.4999999999999971,137
367573,4881,10.89999999999996,180
367754,4882,14.599999999999959,181
368113,4883,28.80000000000019,359
368362,4884,19.600000000000026,249
368685,4885,19.500000000000007,323
368823,4886,9.399999999999972,138
368891,4887,4.799999999999997,68
369280,4888,25.500000000000142,389
369381,4889,8.999999999999982,101
369515,4890,11.399999999999972,134
369695,4891,9.69999999999996,180
369877,4892,8.09999999999996,182
369940,4893,3.1000000000000023,63
370038,4894,6.899999999999984,98
370106,4895,4.199999999999999,68
370210,4896,8.099999999999985,104
370618,4897,30.700000000000163,408
370750,4898,9.699999999999973,132
370852,4899,4.899999999999984,102
370989,4900,8.699999999999973,137
371350,4901,28.700000000000134,361
371712,4902,28.800000000000146,362
372071,4903,27.00000000000014,359
372138,4904,1.6999999999999984,67
372206,4905,4.799999999999997,68
372303,4906,6.499999999999984,97
372372,4907,5.499999999999995,69
372469,4908,7.699999999999983,97
372570,4909,6.599999999999984,101
372882,4910,19.600000000000108,312
373015,4911,6.799999999999974,133
373078,4912,4.299999999999995,63
373324,4913,20.800000000000036,246
373426,4914,5.499999999999992,102
373494,4915,3.0,68
373558,4916,3.799999999999998,64
373740,4917,14.099999999999959,182
374072,4918,20.70000000000005,332
374204,4919,9.099999999999977,132
375211,4920,67.2000000000003,1007
375507,4921,21.000000000000057,296
375642,4922,7.299999999999974,135
375853,4923,14.59999999999998,211
375919,4924,4.599999999999994,66
376054,4925,6.699999999999976,135
376149,4926,6.2999999999999865,95
376360,4927,13.399999999999956,211
376610,4928,11.899999999999942,250
377013,4929,31.40000000000021,403
377226,4930,16.3,213
377702,4931,29.100000000000165,476
378066,4932,27.20000000000017,364
378285,4933,14.499999999999947,219
378353,4934,4.799999999999997,68
378457,4935,7.499999999999984,104
378702,4936,15.899999999999974,245
378824,4937,5.6999999999999815,122
378959,4938,8.499999999999973,135
379623,4939,38.00000000000036,664
379916,4940,19.500000000000068,293
380021,4941,6.399999999999983,105
380916,4942,61.70000000000066,895
380983,4943,5.299999999999996,67
381115,4944,9.699999999999973,132
381254,4945,8.299999999999972,139
381396,4946,7.999999999999973,142
381462,4947,4.599999999999999,66
381709,4948,16.099999999999994,247
382070,4949,25.100000000000108,361
382434,4950,32.00000000000019,364
382567,4951,8.599999999999973,133
382992,4952,17.40000000000002,425
383427,4953,33.40000000000027,435
383529,4954,9.099999999999984,102
383667,4955,10.599999999999973,138
383736,4956,4.899999999999997,69
383806,4957,4.999999999999993,70
383869,4958,3.1000000000000023,63
383968,4959,5.199999999999985,99
384149,4960,15.19999999999996,181
384200,4961,2.1999999999999993,51
384266,4962,4.0,66
384513,4963,16.700000000000003,247
384577,4964,3.200000000000001,64
384646,4965,4.899999999999997,69
384712,4966,4.599999999999999,66
385419,4967,58.200000000000635,707
385516,4968,7.699999999999983,97
386212,4969,54.40000000000059,696
386279,4970,4.699999999999998,67
386415,4971,11.599999999999971,136
386579,4972,12.599999999999964,164
386875,4973,19.200000000000017,296
387122,4974,15.499999999999964,247
387249,4975,8.599999999999977,127
387496,4976,16.70000000000001,247
387858,4977,25.800000000000143,362
388147,4978,18.500000000000014,289
388310,4979,6.499999999999966,163
388520,4980,16.90000000000001,210
389077,4981,42.00000000000037,557
389183,4982,5.299999999999987,106
389495,4983,17.800000000000047,312
389742,4984,13.699999999999942,247
389991,4985,15.399999999999945,249
390060,4986,3.699999999999995,69
390192,4987,9.699999999999973,132
390667,4988,33.200000000000294,475
391030,4989,24.700000000000152,363
391504,4990,38.50000000000031,474
391571,4991,4.1,67
391770,4992,9.199999999999957,199
391874,4993,7.499999999999982,104
391973,4994,7.599999999999984,99
392078,4995,5.799999999999985,105
392148,4996,4.999999999999995,70
392510,4997,28.800000000000146,362
392576,4998,4.599999999999994,66
392644,4999,4.799999999999997,68
392709,5000,3.899999999999995,65
392776,5001,4.699999999999998,67
392914,5002,5.799999999999985,138
393277,5003,27.100000000000147,363
393604,5004,25.000000000000142,327
394080,5005,29.100000000000296,476
394180,5006,8.299999999999983,100
394507,5007,25.00000000000011,327
394572,5008,4.5,65
394938,5009,23.200000000000127,366
395101,5010,2.2999999999999714,163
395198,5011,2.899999999999986,97
395261,5012,3.6999999999999993,63
395424,5013,7.6999999999999655,163
395813,5014,27.900000000000198,389
395916,5015,3.8000000000000007,103
396019,5016,8.599999999999982,103
396264,5017,17.1,245
396625,5018,23.30000000000007,361
396693,5019,3.5999999999999988,68
396763,5020,3.7999999999999936,70
397011,5021,17.09999999999997,248
397142,5022,0.5999999999999859,131
397503,5023,29.900000000000187,361
397905,5024,24.100000000000097,402
398230,5025,15.199999999999964,325
398299,5026,5.499999999999995,69
398405,5027,5.29999999999999,106
398640,5028,13.099999999999994,235
398707,5029,5.899999999999993,67
398777,5030,3.1999999999999966,70
399028,5031,18.600000000000016,251
399094,5032,4.599999999999999,66
399349,5033,14.199999999999948,255
400050,5034,46.200000000000514,701
400233,5035,14.199999999999958,183
400375,5036,7.399999999999979,142
400477,5037,7.299999999999988,102
400640,5038,6.499999999999966,163
400746,5039,5.899999999999988,106
400852,5040,4.699999999999985,106
400954,5041,4.899999999999984,102
401092,5042,10.599999999999973,138
401159,5043,5.899999999999993,67
401294,5044,9.699999999999973,135
401457,5045,5.299999999999969,163
402233,5046,49.80000000000064,776
402480,5047,11.89999999999994,247
402810,5048,22.900000000000098,330
403086,5049,14.500000000000004,276
403331,5050,15.899999999999999,245
403804,5051,35.70000000000025,473
403874,5052,5.599999999999994,70
404091,5053,11.899999999999949,217
404340,5054,16.60000000000002,249
404410,5055,4.399999999999993,70
404592,5056,12.29999999999996,182
404652,5057,0.7000000000000002,60
404902,5058,16.7,250
405266,5059,31.400000000000226,364
405335,5060,5.499999999999995,69
405498,5061,7.099999999999966,163
405564,5062,4.599999999999999,66
405670,5063,6.499999999999985,106
406106,5064,33.5000000000002,436
406401,5065,17.899999999999977,295
406470,5066,5.499999999999995,69
406535,5067,3.899999999999997,65
406960,5068,31.200000000000273,425
407401,5069,28.900000000000226,441
407542,5070,7.299999999999972,141
407673,5071,8.399999999999975,131
407966,5072,23.700000000000102,293
408103,5073,7.499999999999973,137
408209,5074,6.499999999999982,106
408277,5075,4.799999999999997,68
408376,5076,8.199999999999983,99
408737,5077,29.300000000000143,361
408900,5078,7.6999999999999655,163
409261,5079,24.500000000000114,361
409367,5080,5.899999999999983,106
409584,5081,14.89999999999995,217
409835,5082,19.20000000000002,251
409900,5083,3.899999999999997,65
409961,5084,3.1999999999999957,61
410287,5085,26.100000000000133,326
410646,5086,22.20000000000012,359
410894,5087,19.500000000000025,248
411369,5088,36.80000000000025,475
411844,5089,37.40000000000028,475
412168,5090,21.40000000000009,324
412302,5091,11.999999999999972,134
412371,5092,5.499999999999995,69
412467,5093,6.999999999999984,96
412601,5094,7.199999999999974,134
413035,5095,31.500000000000206,434
413285,5096,17.900000000000006,250
413353,5097,4.199999999999999,68
413455,5098,6.699999999999991,102
413891,5099,23.900000000000226,436
413961,5100,4.9999999999999964,70
414210,5101,18.400000000000016,249
414279,5102,4.299999999999998,69
414754,5103,32.60000000000029,475
414998,5104,18.800000000000015,244
415247,5105,17.799999999999994,249
415315,5106,4.799999999999997,68
415641,5107,21.300000000000033,326
415742,5108,8.999999999999984,101
415875,5109,7.399999999999974,133
416798,5110,71.70000000000013,923
416981,5111,12.399999999999958,183
417311,5112,20.500000000000075,330
418011,5113,56.30000000000063,700
418080,5114,4.899999999999997,69
418437,5115,28.000000000000167,357
418797,5116,31.900000000000198,360
419163,5117,25.60000000000019,366
419524,5118,27.500000000000117,361
419589,5119,5.099999999999997,65
419759,5120,10.799999999999962,170
419826,5121,5.899999999999993,67
419925,5122,3.9999999999999982,99
419994,5123,4.899999999999997,69
420467,5124,25.500000000000135,473
420684,5125,15.499999999999968,217
420822,5126,10.599999999999971,138
421147,5127,24.20000000000013,325
421809,5128,50.100000000000534,662
421941,5129,8.499999999999973,132
422530,5130,41.300000000000374,589
422634,5131,6.299999999999986,104
422883,5132,17.799999999999976,249
423131,5133,24.30000000000008,248
423235,5134,8.699999999999983,104
423482,5135,14.299999999999944,247
423551,5136,5.499999999999995,69
423911,5137,24.700000000000156,360
423979,5138,5.999999999999993,68
424043,5139,3.799999999999998,64
424252,5140,12.599999999999953,209
424357,5141,7.599999999999982,105
424463,5142,6.499999999999984,106
425053,5143,43.20000000000042,590
425413,5144,31.300000000000182,360
425477,5145,3.200000000000001,64
425540,5146,3.1000000000000023,63
426061,5147,38.700000000000315,521
426579,5148,39.000000000000334,518
426940,5149,30.500000000000163,361
427010,5150,4.999999999999993,70
427563,5151,41.0000000000004,553
427631,5152,4.799999999999997,68
428442,5153,45.80000000000064,811
428916,5154,40.900000000000304,474
429131,5155,14.09999999999995,215
429201,5156,3.1999999999999957,70
429264,5157,5.499999999999995,63
429333,5158,5.499999999999995,69
429581,5159,15.89999999999998,248
429650,5160,5.499999999999995,69
429750,5161,6.499999999999984,100
430225,5162,35.60000000000028,475
430587,5163,24.60000000000011,362
430994,5164,30.00000000000017,407
431349,5165,21.800000000000097,355
431512,5166,8.299999999999965,163
431761,5167,20.800000000000065,249
431830,5168,4.899999999999993,69
432191,5169,29.90000000000019,361
432261,5170,5.599999999999994,70
432324,5171,3.6999999999999993,63
432428,5172,6.299999999999983,104
432787,5173,28.20000000000015,359
433000,5174,19.90000000000004,213
433504,5175,38.50000000000033,504
433780,5176,20.500000000000103,276
434332,5177,45.10000000000039,552
434587,5178,14.199999999999939,255
434918,5179,19.400000000000052,331
435023,5180,6.999999999999984,105
435299,5181,19.900000000000084,276
435478,5182,10.799999999999965,179
435804,5183,27.30000000000013,326
436021,5184,16.09999999999996,217
436385,5185,24.800000000000132,364
436752,5186,26.900000000000155,367
436821,5187,4.299999999999998,69
437000,5188,11.999999999999964,179
437183,5189,13.599999999999959,183
437757,5190,39.500000000000426,574
438051,5191,19.60000000000003,294
438137,5192,1.799999999999991,86
438206,5193,4.299999999999998,69
438872,5194,49.00000000000051,666
439199,5195,22.000000000000135,327
439787,5196,45.40000000000046,588
440032,5197,21.300000000000065,245
440507,5198,37.400000000000276,475
440577,5199,4.9999999999999964,70
440646,5200,4.899999999999997,69
440941,5201,21.500000000000046,295
441010,5202,4.899999999999993,69
441112,5203,6.699999999999987,102
441585,5204,41.10000000000035,473
441946,5205,21.500000000000046,361
442163,5206,16.09999999999996,217
442260,5207,5.299999999999986,97
442329,5208,4.899999999999997,69
442435,5209,8.299999999999981,106
443024,5210,43.100000000000406,589
443270,5211,16.599999999999984,246
443525,5212,22.00000000000006,255
444116,5213,42.10000000000037,591
444185,5214,4.899999999999993,69
444366,5215,14.599999999999959,181
444436,5216,5.599999999999994,70
444684,5217,19.5,248
444747,5218,4.899999999999996,63
444999,5219,18.1,252
445213,5220,15.199999999999967,214
445313,5221,4.0999999999999925,100
445383,5222,4.9999999999999964,70
445451,5223,5.399999999999995,68
445586,5224,11.499999999999972,135
445785,5225,12.799999999999955,199
445855,5226,4.9999999999999964,70
446557,5227,54.100000000000534,702
446699,5228,8.599999999999971,142
446911,5229,17.999999999999993,212
447016,5230,6.399999999999983,105
447488,5231,43.400000000000354,472
447555,5232,4.699999999999998,67
447880,5233,23.00000000000007,325
448313,5234,33.80000000000024,433
448675,5235,31.200000000000195,362
449002,5236,20.200000000000074,327
449107,5237,6.999999999999982,105
449172,5238,5.699999999999994,65
449274,5239,3.099999999999989,102
449938,5240,53.000000000000576,664
450186,5241,14.699999999999942,248
450405,5242,14.499999999999948,219
450736,5243,15.199999999999989,331
450878,5244,9.19999999999997,142
450982,5245,7.499999999999984,104
451459,5246,37.000000000000284,477
451562,5247,6.799999999999985,103
451629,5248,4.699999999999995,67
452108,5249,36.6000000000003,479
452358,5250,20.900000000000052,250
452634,5251,15.700000000000053,276
453226,5252,47.000000000000455,592
453290,5253,3.799999999999998,64
453429,5254,11.299999999999972,139
453792,5255,30.700000000000188,363
454117,5256,26.600000000000133,325
454183,5257,4.599999999999999,66
454250,5258,5.899999999999993,67
455179,5259,60.00000000000081,929
455427,5260,18.899999999999995,248
455758,5261,24.800000000000153,331
455864,5262,7.099999999999985,106
456261,5263,31.10000000000018,397
456326,5264,5.099999999999995,65
457140,5265,61.40000000000068,814
457433,5266,19.500000000000096,293
457652,5267,16.899999999999963,219
457753,5268,7.799999999999983,101
458305,5269,38.500000000000306,552
458522,5270,11.29999999999995,217
458663,5271,6.099999999999973,141
459134,5272,40.90000000000031,471
459204,5273,4.399999999999997,70
459648,5274,34.00000000000024,444
460124,5275,33.90000000000027,476
460260,5276,9.799999999999972,136
460359,5277,7.599999999999984,99
460986,5278,54.70000000000054,627
461349,5279,28.300000000000153,363
461415,5280,5.799999999999994,66
461485,5281,4.399999999999993,70
461697,5282,13.199999999999969,212
461833,5283,11.599999999999973,136
462080,5284,18.50000000000002,247
462186,5285,5.899999999999983,106
462254,5286,5.399999999999995,68
462354,5287,7.099999999999984,100
462643,5288,19.100000000000062,289
462747,5289,8.099999999999984,104
462884,5290,9.899999999999975,137
462953,5291,5.499999999999995,69
463473,5292,33.20000000000031,520
463608,5293,11.499999999999972,135
464193,5294,46.00000000000043,585
464633,5295,34.800000000000274,440
464695,5296,5.399999999999995,62
464800,5297,5.199999999999988,105
464870,5298,4.9999999999999964,70
465457,5299,39.300000000000395,587
465598,5300,8.499999999999973,141
465665,5301,4.699999999999998,67
466025,5302,24.700000000000127,360
466090,5303,5.099999999999997,65
466156,5304,4.599999999999999,66
466261,5305,8.799999999999981,105
466329,5306,4.199999999999999,68
466396,5307,4.699999999999998,67
466465,5308,2.499999999999998,69
467051,5309,46.70000000000042,586
467751,5310,54.50000000000056,700
467857,5311,7.699999999999987,106
468105,5312,17.70000000000004,248
468508,5313,30.200000000000234,403
468645,5314,11.69999999999997,137
468711,5315,5.199999999999996,66
468879,5316,14.199999999999964,168
468979,5317,7.699999999999983,100
469049,5318,4.399999999999993,70
469636,5319,48.30000000000046,587
469740,5320,6.299999999999983,104
470099,5321,30.600000000000193,359
470167,5322,4.799999999999997,68
470413,5323,19.60000000000004,246
471303,5324,58.20000000000069,890
471439,5325,8.599999999999973,136
471622,5326,9.999999999999961,183
471949,5327,24.400000000000148,327
472010,5328,3.7999999999999954,61
472303,5329,23.100000000000062,293
472369,5330,4.599999999999999,66
472474,5331,6.399999999999983,105
472537,5332,4.299999999999999,63
473012,5333,34.40000000000025,475
473080,5334,4.199999999999999,68
473143,5335,3.6999999999999993,63
473247,5336,6.299999999999988,104
473425,5337,9.499999999999961,178
474013,5338,44.200000000000415,588
474601,5339,44.80000000000043,588
475077,5340,33.300000000000225,476
475213,5341,2.6000000000000023,136
475464,5342,17.399999999999963,251
476166,5343,52.90000000000056,702
476575,5344,33.800000000000225,409
476645,5345,4.9999999999999964,70
476854,5346,14.999999999999964,209
476918,5347,4.999999999999995,64
477353,5348,30.40000000000026,435
477829,5349,42.30000000000037,476
478078,5350,14.199999999999939,249
478241,5351,5.899999999999967,163
478374,5352,7.999999999999973,133
478704,5353,25.30000000000013,330
479036,5354,24.9000000000001,332
479510,5355,34.30000000000025,474
479806,5356,20.40000000000005,296
479908,5357,2.49999999999999,102
480127,5358,16.299999999999958,219
480189,5359,5.399999999999995,62
480318,5360,6.999999999999975,129
480753,5361,37.60000000000028,435
481002,5362,20.200000000000056,249
481590,5363,52.0000000000005,588
481655,5364,3.3000000000000007,65
481787,5365,3.6999999999999877,132
482265,5366,37.70000000000034,478
482368,5367,4.399999999999988,103
482474,5368,7.6999999999999815,106
482539,5369,4.5,65
482928,5370,29.1000000000002,389
483147,5371,16.29999999999996,219
483207,5372,3.6999999999999957,60
483312,5373,5.199999999999985,105
483379,5374,4.1,67
483628,5375,23.20000000000006,249
484066,5376,37.00000000000028,438
484951,5377,59.20000000000074,885
485134,5378,15.399999999999963,183
485835,5379,60.00000000000061,701
485936,5380,8.399999999999984,101
486524,5381,41.800000000000445,588
486961,5382,37.800000000000296,437
487776,5383,65.70000000000051,815
487879,5384,8.599999999999982,103
488132,5385,18.80000000000005,253
488274,5386,10.39999999999997,142
488343,5387,4.899999999999997,69
489157,5388,63.80000000000071,814
489257,5389,4.099999999999993,100
489425,5390,12.399999999999961,168
490012,5391,48.90000000000047,587
490374,5392,26.40000000000016,362
490961,5393,42.300000000000395,587
491031,5394,5.599999999999994,70
491240,5395,15.599999999999977,209
491572,5396,20.100000000000136,332
491822,5397,23.30000000000009,250
492184,5398,30.00000000000015,362
492655,5399,36.70000000000033,471
492903,5400,20.100000000000016,248
493344,5401,36.70000000000028,441
493478,5402,8.399999999999975,134
493726,5403,20.70000000000005,248
493827,5404,7.199999999999985,101
494191,5405,29.600000000000165,364
494631,5406,34.200000000000216,440
494731,5407,7.699999999999983,100
495174,5408,33.300000000000246,443
495310,5409,10.999999999999972,136
495557,5410,20.30000000000007,247
496037,5411,31.900000000000304,480
496626,5412,48.50000000000047,589
496874,5413,19.500000000000032,248
497462,5414,50.80000000000049,588
497823,5415,28.10000000000014,361
498261,5416,33.40000000000024,438
498511,5417,22.10000000000006,250
498580,5418,4.899999999999997,69
498644,5419,3.799999999999998,64
498714,5420,5.599999999999994,70
499077,5421,28.300000000000118,363
499331,5422,17.09999999999998,254
499735,5423,27.300000000000185,404
500290,5424,35.800000000000324,555
500540,5425,19.700000000000014,250
500723,5426,10.599999999999959,183
501125,5427,33.700000000000216,402
501193,5428,4.799999999999997,68
501442,5429,20.800000000000047,249
501886,5430,33.40000000000024,444
502320,5431,36.900000000000276,434
502383,5432,4.899999999999996,63
502744,5433,30.500000000000146,361
502809,5434,5.099999999999997,65
503282,5435,30.300000000000246,473
503383,5436,5.399999999999986,101
503671,5437,24.700000000000106,288
503919,5438,21.30000000000005,248
504356,5439,35.40000000000026,437
504539,5440,10.599999999999959,183
505113,5441,38.900000000000404,574
505179,5442,4.599999999999999,66
505544,5443,30.30000000000016,365
505610,5444,4.599999999999999,66
505672,5445,2.9999999999999996,62
505740,5446,5.399999999999995,68
505993,5447,20.00000000000004,253
506287,5448,17.199999999999957,294
506533,5449,16.599999999999994,246
507123,5450,50.40000000000046,590
507300,5451,9.999999999999963,177
507369,5452,5.499999999999995,69
507728,5453,22.20000000000004,359
508135,5454,37.800000000000274,407
508384,5455,20.200000000000028,249
508745,5456,30.500000000000163,361
509283,5457,36.80000000000031,538
510210,5458,64.60000000000066,927
510799,5459,47.30000000000048,589
511461,5460,54.90000000000054,662
511710,5461,19.000000000000014,249
511922,5462,20.40000000000003,212
512362,5463,31.200000000000223,440
512617,5464,16.600000000000023,255
512947,5465,22.90000000000011,330
513051,5466,5.099999999999989,104
513572,5467,42.300000000000395,521
514386,5468,68.00000000000041,814
514780,5469,32.00000000000023,394
514913,5470,11.599999999999971,133
515641,5471,54.30000000000057,728
516004,5472,30.700000000000156,363
516506,5473,35.30000000000031,502
516870,5474,24.20000000000008,364
517235,5475,26.100000000000126,365
517302,5476,3.4999999999999964,67
517465,5477,8.299999999999965,163
517826,5478,29.300000000000185,361
518008,5479,15.299999999999962,182
518076,5480,4.199999999999999,68
518514,5481,34.000000000000234,438
518580,5482,4.599999999999999,66
518646,5483,4.599999999999999,66
518864,5484,15.599999999999959,218
519083,5485,12.699999999999948,219
519219,5486,7.3999999999999755,136
519286,5487,5.299999999999996,67
519988,5488,46.9000000000005,702
520125,5489,9.299999999999972,137
520189,5490,4.399999999999996,64
520485,5491,21.600000000000062,296
520699,5492,15.799999999999969,214
520769,5493,4.999999999999993,70
521203,5494,30.30000000000019,434
521532,5495,22.200000000000102,329
521600,5496,4.7999999999999945,68
522040,5497,31.200000000000273,440
522515,5498,39.20000000000031,475
522842,5499,22.00000000000008,327
522910,5500,4.799999999999997,68
523787,5501,60.80000000000064,877
523852,5502,5.099999999999997,65
523992,5503,7.799999999999972,140
524453,5504,36.300000000000324,461
524929,5505,36.300000000000296,476
525031,5506,9.699999999999982,102
525892,5507,72.99999999999999,861
525956,5508,4.999999999999996,64
526318,5509,25.80000000000011,362
526498,5510,15.699999999999964,180
526865,5511,22.70000000000013,367
527421,5512,38.30000000000035,556
527490,5513,4.899999999999997,69
527558,5514,3.5999999999999988,68
528265,5515,52.800000000000566,707
528857,5516,48.80000000000046,592
529558,5517,55.2000000000006,701
529663,5518,6.999999999999982,105
529800,5519,8.699999999999973,137
529940,5520,8.999999999999972,140
530414,5521,43.30000000000035,474
530513,5522,8.799999999999983,99
530839,5523,23.100000000000094,326
531201,5524,26.400000000000155,362
531526,5525,24.800000000000082,325
531773,5526,18.500000000000004,247
532248,5527,38.00000000000025,475
532498,5528,15.499999999999943,250
532858,5529,26.500000000000124,360
533183,5530,24.200000000000067,325
533287,5531,2.6999999999999935,104
533684,5532,34.1000000000002,397
533782,5533,9.299999999999983,98
533963,5534,16.999999999999975,181
534025,5535,4.1999999999999975,62
534094,5536,2.499999999999998,69
534681,5537,50.70000000000047,587
535409,5538,52.50000000000059,728
536110,5539,59.40000000000059,701
536178,5540,4.799999999999997,68
536426,5541,22.50000000000006,248
536491,5542,4.499999999999996,65
537154,5543,55.00000000000053,663
537856,5544,60.70000000000063,702
537925,5545,4.899999999999997,69
537992,5546,4.699999999999998,67
538656,5547,59.00000000000055,664
538868,5548,16.799999999999997,212
539230,5549,24.000000000000078,362
539300,5550,3.799999999999997,70
539435,5551,8.499999999999975,135
539521,5552,0.5999999999999908,86
539625,5553,5.099999999999984,104
539839,5554,17.59999999999999,214
540022,5555,12.999999999999957,183
540277,5556,20.800000000000036,255
540979,5557,57.100000000000634,702
541081,5558,4.299999999999996,102
541151,5559,4.999999999999993,70
541331,5560,15.69999999999997,180
541398,5561,4.699999999999998,67
541463,5562,5.099999999999997,65
541644,5563,13.399999999999961,181
541750,5564,5.899999999999983,106
542191,5565,39.10000000000027,441
542630,5566,31.100000000000236,439
542844,5567,18.800000000000004,214
542948,5568,5.099999999999984,104
543046,5569,8.099999999999984,98
543524,5570,38.90000000000034,478
543775,5571,19.200000000000003,251
543991,5572,15.999999999999961,216
544241,5573,20.90000000000002,250
545169,5574,55.100000000000776,928
545644,5575,40.40000000000033,475
546117,5576,36.300000000000246,473
546223,5577,5.299999999999983,106
546815,5578,40.40000000000048,592
547029,5579,15.799999999999951,214
547305,5580,17.50000000000006,276
547411,5581,5.899999999999984,106
547618,5582,16.59999999999999,207
547981,5583,27.100000000000176,363
548534,5584,49.400000000000425,553
549350,5585,71.80000000000004,816
549489,5586,11.89999999999997,139
550155,5587,50.80000000000057,666
550556,5588,35.70000000000022,401
550662,5589,7.099999999999982,106
550986,5590,28.000000000000167,324
551092,5591,5.899999999999983,106
551225,5592,10.399999999999974,133
551816,5593,46.90000000000044,591
552107,5594,27.100000000000144,291
552584,5595,35.80000000000031,477
552690,5596,6.499999999999982,106
552753,5597,5.499999999999995,63
552823,5598,4.999999999999993,70
552891,5599,4.799999999999997,68
553073,5600,15.299999999999962,182
553405,5601,26.100000000000126,332
553473,5602,4.799999999999997,68
553762,5603,23.30000000000008,289
554058,5604,19.200000000000014,296
554272,5605,20.000000000000025,214
554340,5606,3.5999999999999988,68
554590,5607,21.500000000000032,250
554839,5608,20.20000000000005,249
555022,5609,14.19999999999996,183
555159,5610,11.69999999999997,137
555394,5611,16.10000000000004,235
555463,5612,4.899999999999997,69
555905,5613,34.400000000000276,442
556268,5614,31.900000000000198,363
556335,5615,5.899999999999993,67
556584,5616,15.399999999999945,249
557364,5617,65.50000000000043,780
557434,5618,5.599999999999994,70
557684,5619,22.10000000000005,250
558348,5620,54.20000000000056,664
558450,5621,6.099999999999984,102
558701,5622,20.40000000000002,251
558951,5623,19.099999999999998,250
559280,5624,27.00000000000012,329
559421,5625,10.29999999999997,141
559973,5626,51.10000000000045,552
560219,5627,14.799999999999955,246
560359,5628,10.19999999999997,140
560428,5629,4.899999999999993,69
560532,5630,5.099999999999985,104
560858,5631,25.500000000000114,326
560994,5632,11.599999999999971,136
561470,5633,38.10000000000027,476
561538,5634,5.399999999999995,68
561791,5635,21.800000000000054,253
562037,5636,20.800000000000054,246
562107,5637,5.599999999999994,70
562174,5638,3.499999999999999,67
562760,5639,50.90000000000047,586
562995,5640,13.09999999999998,235
563094,5641,8.199999999999983,99
563158,5642,4.999999999999995,64
563321,5643,7.099999999999968,163
563911,5644,51.000000000000504,590
564274,5645,30.10000000000015,363
564404,5646,8.899999999999977,130
565168,5647,49.20000000000065,764
565605,5648,25.800000000000228,437
566388,5649,58.6000000000007,783
566830,5650,32.6000000000003,442
567080,5651,17.900000000000002,250
567263,5652,13.599999999999957,183
567630,5653,17.900000000000034,367
567735,5654,8.799999999999981,105
568174,5655,37.700000000000294,439
568649,5656,36.20000000000026,475
568832,5657,13.599999999999957,183
568901,5658,4.299999999999994,69
569151,5659,22.70000000000006,250
569590,5660,41.30000000000031,439
570101,5661,43.40000000000037,511
570170,5662,4.899999999999997,69
570240,5663,3.1999999999999966,70
570423,5664,14.799999999999956,183
570560,5665,12.89999999999997,137
571148,5666,48.400000000000446,588
571852,5667,54.90000000000061,704
572214,5668,28.80000000000018,362
573482,5669,108.59999999999793,1268
573957,5670,41.60000000000034,475
574023,5671,5.199999999999996,66
574460,5672,37.20000000000028,437
575084,5673,44.80000000000046,624
575153,5674,2.499999999999998,69
575254,5675,5.399999999999986,101
575360,5676,7.099999999999984,106
575805,5677,32.9000000000003,445
575968,5678,9.499999999999964,163
576215,5679,18.500000000000036,247
576576,5680,32.30000000000021,361
576938,5681,28.20000000000017,362
577300,5682,33.00000000000021,362
577547,5683,17.899999999999995,247
577795,5684,16.49999999999996,248
578043,5685,20.700000000000035,248
578182,5686,11.89999999999997,139
578319,5687,10.499999999999972,137
579097,5688,57.50000000000053,778
579686,5689,51.50000000000046,589
580147,5690,37.50000000000032,461
580622,5691,36.200000000000266,475
581209,5692,51.90000000000046,587
581346,5693,8.699999999999973,137
581415,5694,4.899999999999997,69
581592,5695,11.199999999999964,177
582067,5696,39.20000000000036,475
582316,5697,16.599999999999984,249
582678,5698,30.600000000000176,362
583263,5699,49.00000000000047,585
583330,5700,4.699999999999998,67
584143,5701,64.30000000000072,813
585341,5702,97.99999999999834,1198
586384,5703,87.89999999999945,1043
586519,5704,7.299999999999974,135
586772,5705,16.99999999999998,253
586875,5706,6.199999999999986,103
586979,5707,6.299999999999987,104
587047,5708,4.799999999999997,68
587264,5709,15.499999999999954,217
588040,5710,63.600000000000605,776
588179,5711,10.099999999999971,139
588543,5712,27.800000000000136,364
588611,5713,4.199999999999999,68
588971,5714,30.100000000000186,360
589154,5715,14.199999999999957,183
589404,5716,20.30000000000002,250
589474,5717,3.7999999999999936,70
590291,5718,64.70000000000059,817
590617,5719,28.50000000000013,326
590799,5720,9.89999999999996,182
590867,5721,-3.3306690738754696e-16,68
590932,5722,3.899999999999997,65
591035,5723,4.999999999999988,103
591171,5724,11.599999999999971,136
591758,5725,48.30000000000046,587
592458,5726,47.90000000000051,700
592935,5727,32.20000000000026,477
593490,5728,34.600000000000385,555
593596,5729,6.499999999999982,106
593955,5730,30.000000000000178,359
594094,5731,8.299999999999972,139
594161,5732,4.699999999999998,67
594341,5733,12.699999999999958,180
594780,5734,36.50000000000027,439
594848,5735,3.599999999999995,68
595179,5736,24.800000000000058,331
595732,5737,42.200000000000365,553
596320,5738,48.400000000000496,588
596681,5739,28.10000000000019,361
596816,5740,10.899999999999972,135
597406,5741,42.00000000000038,590
597505,5742,5.199999999999987,99
597570,5743,5.099999999999995,65
598046,5744,39.90000000000028,476
598114,5745,4.799999999999997,68
598585,5746,37.30000000000031,471
598835,5747,16.69999999999995,250
598940,5748,5.799999999999986,105
599490,5749,41.60000000000036,550
600161,5750,55.500000000000576,671
600231,5751,5.599999999999994,70
600819,5752,47.80000000000048,588
600884,5753,5.099999999999995,65
601442,5754,36.70000000000035,558
601547,5755,6.399999999999984,105
602215,5756,54.000000000000476,668
602581,5757,19.000000000000046,366
602720,5758,11.89999999999997,139
603194,5759,38.50000000000024,474
603260,5760,4.0,66
603511,5761,20.400000000000066,251
603950,5762,38.30000000000029,439
604312,5763,25.800000000000143,362
604678,5764,21.400000000000194,366
605264,5765,43.70000000000041,586
605402,5766,6.399999999999974,138
605750,5767,24.70000000000014,348
606046,5768,19.800000000000068,296
606410,5769,34.400000000000226,364
606887,5770,38.20000000000029,477
607251,5771,35.60000000000021,364
608291,5772,86.39999999999932,1040
608357,5773,4.0,66
608535,5774,14.899999999999963,178
608671,5775,10.399999999999972,136
608808,5776,12.29999999999997,137
609398,5777,55.20000000000049,590
609644,5778,19.60000000000003,246
609975,5779,23.000000000000114,331
610982,5780,77.99999999999956,1007
611086,5781,6.899999999999983,104
611336,5782,23.30000000000009,250
611403,5783,5.899999999999993,67
611466,5784,5.499999999999995,63
611981,5785,43.500000000000405,515
612050,5786,4.899999999999997,69
612155,5787,7.599999999999985,105
612219,5788,3.200000000000001,64
612356,5789,10.499999999999972,137
612460,5790,5.099999999999984,104
612523,5791,3.1000000000000023,63
612998,5792,37.4000000000003,475
613363,5793,29.700000000000177,365
613432,5794,4.899999999999997,69
613870,5795,38.80000000000028,438
614199,5796,25.800000000000114,329
614449,5797,21.50000000000004,250
614924,5798,35.000000000000284,475
614990,5799,3.399999999999997,66
615540,5800,47.60000000000043,550
615831,5801,23.500000000000092,291
616307,5802,36.90000000000032,476
617121,5803,70.40000000000029,814
617451,5804,24.70000000000012,330
617518,5805,4.699999999999998,67
617623,5806,6.399999999999983,105
617687,5807,4.399999999999996,64
618238,5808,44.4000000000004,551
618603,5809,29.700000000000166,365
618967,5810,32.000000000000206,364
619069,5811,7.899999999999983,102
619174,5812,6.999999999999982,105
619425,5813,22.80000000000007,251
619563,5814,11.19999999999997,138
619726,5815,8.299999999999965,163
619795,5816,5.499999999999995,69
620160,5817,32.70000000000019,365
620295,5818,9.099999999999977,135
620360,5819,5.099999999999997,65
621025,5820,59.700000000000585,665
621206,5821,13.399999999999961,181
621389,5822,13.599999999999957,183
621455,5823,4.599999999999996,66
622043,5824,51.40000000000045,588
622294,5825,18.599999999999998,251
622885,5826,45.10000000000046,591
623249,5827,31.400000000000183,364
623581,5828,24.90000000000013,332
623944,5829,25.300000000000075,363
624352,5830,39.10000000000025,408
624453,5831,7.199999999999987,101
625270,5832,61.70000000000068,817
625633,5833,24.700000000000117,363
626037,5834,30.30000000000021,404
626311,5835,17.90000000000007,274
626813,5836,29.300000000000253,502
627289,5837,41.100000000000314,476
627729,5838,34.8000000000002,440
627793,5839,1.399999999999999,64
627860,5840,5.899999999999993,67
628186,5841,27.30000000000013,326
628738,5842,39.70000000000033,552
629176,5843,40.60000000000031,438
629352,5844,11.099999999999971,176
629420,5845,4.799999999999997,68
629638,5846,14.999999999999988,218
629893,5847,13.599999999999943,255
629963,5848,4.9999999999999964,70
630627,5849,51.200000000000486,664
631218,5850,47.50000000000043,591
631657,5851,26.300000000000143,439
631727,5852,5.599999999999994,70
631791,5853,3.799999999999998,64
632343,5854,37.90000000000032,552
632594,5855,21.000000000000014,251
633038,5856,36.400000000000325,444
633105,5857,5.899999999999993,67
633582,5858,41.20000000000034,477
633914,5859,26.10000000000008,332
634388,5860,35.50000000000027,474
634684,5861,19.800000000000068,296
635319,5862,44.40000000000047,635
635384,5863,3.899999999999997,65
635675,5864,24.100000000000097,291
635745,5865,3.1999999999999966,70
636334,5866,45.50000000000041,589
636515,5867,12.799999999999958,181
637037,5868,43.00000000000038,522
637516,5869,28.20000000000017,479
637602,5870,2.3999999999999897,86
638041,5871,29.30000000000028,439
638486,5872,24.500000000000234,445
638556,5873,4.9999999999999964,70
639030,5874,37.900000000000304,474
640071,5875,90.09999999999903,1041
640871,5876,67.50000000000018,800
640974,5877,10.39999999999998,103
641336,5878,25.800000000000164,362
641471,5879,9.699999999999974,135
641684,5880,17.499999999999993,213
641919,5881,14.300000000000008,235
642137,5882,14.999999999999966,218
642206,5883,2.499999999999998,69
642308,5884,10.299999999999981,102
642830,5885,49.00000000000041,522
643418,5886,49.00000000000047,588
644346,5887,77.29999999999973,928
644595,5888,18.4,249
644663,5889,4.799999999999997,68
644991,5890,24.500000000000142,328
645059,5891,5.999999999999993,68
645990,5892,68.60000000000039,931
646467,5893,37.60000000000029,477
646831,5894,29.000000000000142,364
647309,5895,40.10000000000029,478
647408,5896,8.799999999999983,99
648863,5897,110.19999999999746,1455
648929,5898,4.599999999999999,66
649485,5899,43.700000000000415,556
649684,5900,8.599999999999955,199
650835,5901,96.29999999999869,1151
651425,5902,45.6000000000004,590
652014,5903,50.90000000000049,589
652266,5904,22.30000000000009,252
652516,5905,20.900000000000038,250
652585,5906,2.499999999999998,69
652653,5907,5.999999999999993,68
652718,5908,5.099999999999995,65
653124,5909,26.900000000000173,406
653713,5910,47.30000000000044,589
653818,5911,8.199999999999983,105
654262,5912,37.000000000000306,444
654479,5913,15.500000000000032,217
654617,5914,8.799999999999972,138
655848,5915,106.39999999999816,1231
656406,5916,46.30000000000039,558
656512,5917,7.699999999999985,106
656603,5918,5.899999999999989,91
656899,5919,23.400000000000095,296
656969,5920,4.9999999999999964,70
657444,5921,35.00000000000025,475
657811,5922,25.10000000000017,367
657877,5923,4.599999999999999,66
658130,5924,16.999999999999996,253
658798,5925,64.20000000000053,668
659012,5926,15.199999999999967,214
659376,5927,24.20000000000011,364
659737,5928,30.500000000000185,361
660103,5929,29.800000000000153,366
660620,5930,45.5000000000004,517
661210,5931,51.00000000000049,590
661392,5932,15.899999999999967,182
661496,5933,6.899999999999986,104
661561,5934,4.499999999999995,65
661927,5935,25.60000000000015,366
661994,5936,4.699999999999998,67
662403,5937,35.00000000000025,409
662920,5938,44.30000000000036,517
663252,5939,24.300000000000118,332
663321,5940,5.499999999999995,69
663796,5941,37.40000000000032,475
664119,5942,27.900000000000148,323
664188,5943,4.899999999999997,69
665116,5944,70.7000000000002,928
665179,5945,5.499999999999995,63
665248,5946,4.899999999999997,69
665462,5947,15.19999999999995,214
666019,5948,39.60000000000037,557
667170,5949,97.49999999999854,1151
667757,5950,50.10000000000049,587
668574,5951,72.5,817
669279,5952,44.20000000000053,705
669497,5953,16.199999999999967,218
669567,5954,4.399999999999995,70
669632,5955,5.699999999999994,65
669846,5956,20.600000000000033,214
670096,5957,23.30000000000007,250
670912,5958,71.20000000000012,816
671234,5959,23.600000000000097,322
672208,5960,85.19999999999924,974
672344,5961,10.999999999999972,136
672672,5962,21.500000000000117,328
673034,5963,28.800000000000153,362
673736,5964,56.5000000000006,702
674177,5965,36.10000000000029,441
675185,5966,85.89999999999921,1008
675812,5967,42.70000000000046,627
675950,5968,11.79999999999997,138
676226,5969,18.700000000000095,276
676779,5970,46.40000000000041,553
677331,5971,49.30000000000044,552
677694,5972,27.10000000000015,363
677984,5973,21.000000000000096,290
678126,5974,9.199999999999973,142
678785,5975,54.60000000000057,659
679599,5976,65.0000000000006,814
679704,5977,7.599999999999982,105
680518,5978,73.39999999999993,814
680621,5979,7.399999999999983,103
681173,5980,45.10000000000041,552
681538,5981,28.500000000000174,365
681786,5982,20.700000000000053,248
682146,5983,26.500000000000135,360
682621,5984,41.60000000000032,475
683437,5985,77.79999999999968,816
683989,5986,47.50000000000044,552
684170,5987,15.799999999999969,181
684274,5988,5.6999999999999895,104
684411,5989,12.29999999999997,137
684774,5990,27.70000000000017,363
684841,5991,5.899999999999993,67
684911,5992,5.599999999999994,70
684979,5993,3.599999999999995,68
685142,5994,6.499999999999966,163
685392,5995,19.1,250
685608,5996,16.59999999999999,216
685820,5997,18.0,212
686074,5998,16.499999999999993,254
686661,5999,42.300000000000345,587
687327,6000,61.60000000000059,666
687433,6001,5.899999999999984,106
687539,6002,7.099999999999984,106
687753,6003,21.200000000000045,214
688002,6004,20.200000000000035,249
688141,6005,13.09999999999997,139
688472,6006,28.400000000000176,331
688540,6007,5.399999999999995,68
688940,6008,34.40000000000021,400
689189,6009,20.80000000000005,249
689551,6010,28.80000000000018,362
689620,6011,5.499999999999995,69
689726,6012,8.299999999999981,106
690087,6013,31.100000000000172,361
690789,6014,63.10000000000065,702
690893,6015,8.099999999999982,104
691369,6016,36.90000000000033,476
691438,6017,4.899999999999997,69
691847,6018,33.20000000000023,409
693119,6019,110.19999999999789,1272
693482,6020,28.900000000000173,363
693551,6021,4.899999999999997,69
694331,6022,64.3000000000005,780
694471,6023,13.799999999999969,140
695059,6024,47.200000000000465,588
695760,6025,58.80000000000059,701
695898,6026,4.599999999999991,138
695967,6027,4.899999999999997,69
696524,6028,45.000000000000426,557
697040,6029,44.80000000000039,516
697399,6030,27.000000000000167,359
698062,6031,52.000000000000576,663
698765,6032,62.000000000000604,703
699244,6033,36.60000000000029,479
700214,6034,82.39999999999958,970
700690,6035,44.10000000000036,476
700754,6036,4.999999999999996,64
700820,6037,4.599999999999999,66
700919,6038,8.799999999999983,99
701282,6039,25.90000000000018,363
701351,6040,4.899999999999997,69
701514,6041,8.899999999999965,163
701953,6042,38.9000000000003,439
702433,6043,40.90000000000033,480
702684,6044,20.400000000000066,251
702820,6045,10.399999999999974,136
703182,6046,27.600000000000136,362
703607,6047,30.00000000000025,425
703930,6048,26.10000000000012,323
704180,6049,18.500000000000007,250
704655,6050,41.60000000000033,475
705244,6051,48.50000000000041,589
705426,6052,12.299999999999958,182
705638,6053,17.39999999999998,212
706116,6054,32.90000000000023,478
706819,6055,56.00000000000061,703
707294,6056,41.60000000000036,475
707964,6057,55.40000000000056,670
708326,6058,28.20000000000018,362
708918,6059,49.40000000000047,592
709471,6060,49.40000000000045,553
709717,6061,20.800000000000065,246
710122,6062,27.400000000000194,405
710710,6063,48.40000000000044,588
710924,6064,17.599999999999987,214
711512,6065,50.20000000000051,588
712180,6066,61.200000000000614,668
712620,6067,42.60000000000031,440
713207,6068,45.90000000000046,587
713797,6069,46.200000000000415,590
714612,6070,72.90000000000002,815
715089,6071,42.40000000000034,477
715905,6072,69.40000000000032,816
716232,6073,25.600000000000158,327
716369,6074,12.29999999999997,137
716961,6075,48.800000000000445,592
717473,6076,47.10000000000039,512
718176,6077,55.40000000000058,703
718921,6078,70.10000000000026,745
719103,6079,14.099999999999957,182
719207,6080,5.699999999999985,104
719572,6081,32.70000000000019,365
719826,6082,19.500000000000046,254
720686,6083,69.90000000000028,860
720935,6084,20.800000000000036,249
720999,6085,0.1999999999999993,64
721361,6086,29.40000000000018,362
721725,6087,26.600000000000136,364
721907,6088,15.299999999999962,182
722576,6089,55.300000000000594,669
722906,6090,22.900000000000077,330
723312,6091,29.30000000000024,406
723603,6092,16.3,291
723838,6093,11.299999999999947,235
723906,6094,3.599999999999995,68
724461,6095,41.80000000000038,555
724597,6096,11.599999999999971,136
725664,6097,80.09999999999931,1067
725729,6098,4.5,65
726315,6099,44.900000000000425,586
726383,6100,4.799999999999997,68
726679,6101,18.600000000000023,296
726749,6102,5.599999999999994,70
726890,6103,11.49999999999997,141
727141,6104,20.40000000000002,251
727620,6105,37.80000000000031,479
727757,6106,5.099999999999975,137
728459,6107,48.10000000000055,702
728898,6108,37.100000000000286,439
729230,6109,25.500000000000114,332
729366,6110,7.399999999999974,136
729468,6111,6.699999999999983,102
729833,6112,26.100000000000122,365
730422,6113,46.700000000000436,589
730526,6114,8.099999999999984,104
730594,6115,3.599999999999995,68
731374,6116,61.30000000000064,780
731556,6117,17.700000000000003,182
731919,6118,29.500000000000167,363
732780,6119,64.6000000000005,861
733185,6120,28.000000000000213,405
733367,6121,8.69999999999996,182
733470,6122,8.599999999999982,103
733833,6123,27.10000000000009,363
734806,6124,72.4999999999999,973
735154,6125,24.70000000000013,348
735856,6126,62.50000000000064,702
736409,6127,51.20000000000045,553
737173,6128,64.20000000000037,764
737239,6129,4.599999999999999,66
737826,6130,53.1000000000005,587
737896,6131,5.599999999999994,70
738825,6132,72.00000000000014,929
739304,6133,39.00000000000031,479
739765,6134,39.90000000000034,461
740209,6135,32.800000000000274,444
740650,6136,37.90000000000032,441
741152,6137,38.900000000000354,502
741325,6138,12.899999999999965,173
741651,6139,29.10000000000017,326
742209,6140,44.50000000000041,558
742269,6141,3.6999999999999957,60
742334,6142,5.099999999999997,65
742928,6143,44.80000000000043,594
743712,6144,70.10000000000021,784
744231,6145,39.700000000000344,519
744656,6146,30.000000000000213,425
746134,6147,126.89999999999702,1478
746799,6148,59.700000000000564,665
747545,6149,60.60000000000062,746
747797,6150,19.300000000000047,252
748272,6151,40.40000000000031,475
748404,6152,10.299999999999972,132
748767,6153,25.300000000000146,363
748836,6154,4.899999999999993,69
749168,6155,27.900000000000162,332
749274,6156,7.6999999999999815,106
749637,6157,24.100000000000126,363
751401,6158,162.099999999995,1764
751581,6159,10.899999999999961,180
753032,6160,133.49999999999665,1451
753622,6161,45.60000000000047,590
754213,6162,48.10000000000047,591
755174,6163,82.99999999999956,961
755243,6164,4.899999999999997,69
756171,6165,86.29999999999944,928
756423,6166,21.100000000000044,252
756867,6167,32.80000000000029,444
757457,6168,48.000000000000455,590
758049,6169,48.800000000000495,592
759094,6170,82.09999999999957,1045
759457,6171,30.700000000000166,363
760274,6172,71.90000000000016,817
761016,6173,63.80000000000052,742
762962,6174,174.59999999999422,1946
763442,6175,38.50000000000034,480
764261,6176,66.70000000000027,819
764626,6177,32.700000000000166,365
764991,6178,31.5000000000002,365
765696,6179,60.40000000000056,705
765798,6180,9.099999999999982,102
765863,6181,4.5,65
766452,6182,46.70000000000047,589
767153,6183,57.600000000000634,701
767706,6184,44.60000000000039,553
768227,6185,38.70000000000033,521
768857,6186,53.50000000000052,630
769670,6187,66.70000000000049,813
770335,6188,58.50000000000055,665
770665,6189,27.100000000000193,330
771483,6190,60.00000000000076,818
771850,6191,31.70000000000016,367
772100,6192,20.900000000000023,250
772577,6193,43.00000000000035,477
772980,6194,36.20000000000023,403
773648,6195,52.800000000000566,668
774431,6196,60.40000000000067,783
775101,6197,57.20000000000059,670
775577,6198,44.10000000000034,476
776658,6199,96.19999999999887,1081
776990,6200,23.700000000000124,332
777095,6201,6.999999999999982,105
777911,6202,65.80000000000051,816
778692,6203,68.60000000000034,781
779245,6204,41.00000000000041,553
779835,6205,56.400000000000546,590
780807,6206,73.00000000000007,972
781057,6207,23.300000000000097,250
781536,6208,43.20000000000035,479
781672,6209,10.399999999999972,136
782261,6210,50.90000000000048,589
782476,6211,14.699999999999987,215
782545,6212,3.699999999999995,69
783630,6213,91.1999999999988,1085
783882,6214,19.90000000000005,252
784244,6215,31.20000000000016,362
785059,6216,67.5000000000003,815
785759,6217,52.70000000000062,700
786199,6218,37.80000000000025,440
786639,6219,37.8000000000003,440
787341,6220,65.50000000000047,702
787522,6221,12.799999999999958,181
787734,6222,19.200000000000003,212
788820,6223,84.0999999999992,1086
789300,6224,42.70000000000036,480
789761,6225,35.100000000000314,461
790089,6226,26.90000000000019,328
790534,6227,34.10000000000024,445
790784,6228,20.300000000000036,250
791035,6229,22.800000000000058,251
791460,6230,32.40000000000026,425
791670,6231,15.099999999999966,210
792941,6232,105.89999999999775,1271
793757,6233,71.80000000000008,816
794541,6234,67.10000000000038,784
794610,6235,4.899999999999997,69
794859,6236,17.199999999999985,249
794925,6237,2.7999999999999985,66
795401,6238,39.3000000000003,476
795764,6239,25.300000000000143,363
795830,6240,4.0,66
796126,6241,22.800000000000104,296
796455,6242,22.800000000000097,329
796705,6243,23.30000000000007,250
797520,6244,71.70000000000009,815
797918,6245,32.40000000000022,398
798011,6246,5.499999999999986,93
798452,6247,39.100000000000314,441
798815,6248,30.70000000000015,363
799741,6249,81.2999999999997,926
800068,6250,26.80000000000011,327
800493,6251,30.60000000000025,425
801421,6252,64.10000000000073,928
801977,6253,48.500000000000455,556
802228,6254,21.60000000000007,251
803521,6255,115.89999999999756,1293
803816,6256,21.500000000000103,295
804179,6257,32.500000000000185,363
804543,6258,28.40000000000014,364
805210,6259,61.70000000000061,667
805683,6260,37.500000000000306,473
806046,6261,33.1000000000002,363
806522,6262,39.900000000000276,476
806588,6263,4.599999999999999,66
807404,6264,66.40000000000047,816
807580,6265,15.299999999999972,176
808473,6266,77.69999999999987,893
809252,6267,66.60000000000045,779
809502,6268,20.30000000000003,250
809572,6269,5.599999999999994,70
809642,6270,4.9999999999999964,70
809711,6271,4.299999999999998,69
810412,6272,56.400000000000624,701
810554,6273,14.599999999999968,142
811370,6274,73.00000000000004,816
811533,6275,7.099999999999966,163
812428,6276,76.09999999999964,895
813880,6277,126.99999999999707,1452
814472,6278,42.800000000000395,592
815174,6279,54.700000000000564,702
817119,6280,175.09999999999437,1945
817451,6281,23.10000000000009,332
817746,6282,25.100000000000104,295
819015,6283,108.69999999999791,1269
819422,6284,34.80000000000025,407
820317,6285,73.69999999999987,895
820454,6286,12.29999999999997,137
820524,6287,4.9999999999999964,70
821113,6288,51.50000000000048,589
822001,6289,81.0999999999995,888
822636,6290,55.200000000000564,635
823194,6291,40.30000000000044,558
823603,6292,36.800000000000246,409
823785,6293,16.499999999999964,182
824114,6294,25.800000000000146,329
825027,6295,63.500000000000526,913
825769,6296,64.40000000000056,742
826239,6297,37.80000000000033,470
827777,6298,125.69999999999663,1538
828140,6299,30.100000000000154,363
828616,6300,38.70000000000027,476
829399,6301,67.60000000000025,783
830063,6302,58.4000000000006,664
830504,6303,34.90000000000025,441
830570,6304,4.599999999999999,66
831144,6305,47.30000000000047,574
831473,6306,27.60000000000015,329
832062,6307,53.300000000000495,589
832636,6308,43.700000000000436,574
833339,6309,63.200000000000614,703
833444,6310,8.799999999999983,105
833808,6311,30.800000000000185,364
833871,6312,5.499999999999995,63
834346,6313,44.000000000000355,475
834788,6314,38.60000000000032,442
835232,6315,32.800000000000274,444
835595,6316,29.500000000000206,363
835843,6317,23.10000000000006,248
837186,6318,122.69999999999716,1343
837846,6319,57.100000000000584,660
838547,6320,64.80000000000048,701
838612,6321,4.499999999999996,65
839540,6322,84.49999999999949,928
839906,6323,26.80000000000016,366
840158,6324,17.499999999999996,252
840902,6325,55.60000000000061,744
841799,6326,82.89999999999954,897
842017,6327,14.999999999999977,218
842763,6328,63.000000000000654,746
842865,6329,9.099999999999982,102
843306,6330,33.100000000000264,441
843782,6331,41.10000000000033,476
844485,6332,54.8000000000006,703
845411,6333,71.70000000000034,926
846082,6334,56.10000000000056,671
846446,6335,33.8000000000002,364
847716,6336,108.79999999999774,1270
848310,6337,48.400000000000404,594
848473,6338,6.499999999999966,163
849629,6339,101.29999999999822,1156
849768,6340,13.09999999999997,139
851676,6341,151.89999999999523,1908
852989,6342,100.19999999999841,1313
853579,6343,51.00000000000045,590
853831,6344,23.500000000000075,252
854307,6345,39.90000000000032,476
854748,6346,37.300000000000246,441
855188,6347,39.6000000000003,440
855627,6348,37.10000000000029,439
856330,6349,52.40000000000061,703
856662,6350,25.50000000000012,332
857070,6351,31.300000000000225,408
858113,6352,87.29999999999914,1043
858894,6353,68.00000000000013,781
859076,6354,18.900000000000013,182
859145,6355,3.699999999999995,69
859206,6356,3.7999999999999954,61
859537,6357,29.000000000000174,331
859736,6358,11.599999999999962,199
860664,6359,76.69999999999983,928
861368,6360,65.7000000000003,704
861699,6361,21.800000000000068,331
862725,6362,79.89999999999962,1026
863055,6363,22.30000000000014,330
863531,6364,41.700000000000344,476
864391,6365,72.29999999999993,860
865884,6366,125.09999999999684,1493
866249,6367,33.900000000000226,365
866612,6368,32.500000000000185,363
867091,6369,43.200000000000315,479
867795,6370,63.900000000000546,704
868498,6371,59.00000000000064,703
869201,6372,64.40000000000062,703
869267,6373,4.599999999999999,66
869502,6374,10.699999999999946,235
869608,6375,5.899999999999985,106
870049,6376,34.300000000000246,441
870528,6377,42.00000000000036,479
870710,6378,11.699999999999958,182
870816,6379,8.299999999999985,106
871857,6380,86.49999999999925,1041
871925,6381,2.399999999999998,68
872061,6382,10.399999999999972,136
872269,6383,16.699999999999992,208
872709,6384,28.200000000000244,440
872777,6385,4.799999999999997,68
872846,6386,4.899999999999997,69
872914,6387,4.799999999999997,68
873052,6388,9.999999999999972,138
873869,6389,73.70000000000007,817
874232,6390,30.70000000000018,363
875047,6391,73.5,815
875975,6392,85.69999999999916,928
876904,6393,87.5999999999992,929
877379,6394,42.20000000000035,475
878082,6395,56.00000000000059,703
878523,6396,38.500000000000256,441
879075,6397,50.50000000000045,552
880117,6398,80.59999999999965,1042
880669,6399,43.900000000000446,552
880999,6400,32.5000000000002,330
881631,6401,54.30000000000052,632
882334,6402,61.40000000000066,703
883082,6403,58.40000000000067,748
883633,6404,45.00000000000042,551
883962,6405,23.400000000000155,329
884552,6406,49.20000000000047,590
885239,6407,63.10000000000031,687
885567,6408,27.500000000000163,328
886155,6409,50.80000000000049,588
886616,6410,35.100000000000335,461
886752,6411,9.199999999999973,136
887535,6412,65.20000000000033,783
888993,6413,121.89999999999782,1458
889547,6414,51.300000000000445,554
890590,6415,90.89999999999895,1043
890954,6416,26.600000000000104,364
892109,6417,99.39999999999844,1155
892437,6418,24.500000000000064,328
893027,6419,46.20000000000048,590
893096,6420,6.0999999999999925,69
893460,6421,32.60000000000021,364
893791,6422,20.00000000000003,331
894912,6423,92.09999999999849,1121
895244,6424,21.90000000000009,332
896288,6425,93.39999999999883,1044
896469,6426,12.799999999999965,181
896723,6427,18.300000000000036,254
897163,6428,42.60000000000032,440
897947,6429,77.89999999999982,784
898580,6430,53.80000000000056,633
899703,6431,95.29999999999899,1123
900035,6432,27.30000000000015,332
901076,6433,96.69999999999882,1041
901935,6434,74.59999999999985,859
902488,6435,45.80000000000038,553
903044,6436,46.70000000000048,556
903972,6437,84.49999999999939,928
904866,6438,83.79999999999944,894
904971,6439,7.599999999999985,105
905526,6440,46.60000000000044,555
905935,6441,29.600000000000197,409
906263,6442,31.70000000000016,328
906331,6443,3.599999999999995,68
907074,6444,66.90000000000029,743
907935,6445,66.40000000000055,861
908185,6446,20.30000000000002,250
908516,6447,30.20000000000016,331
909105,6448,53.90000000000052,589
909697,6449,49.400000000000475,592
910137,6450,41.40000000000031,440
910844,6451,63.000000000000654,707
911098,6452,17.100000000000016,254
911465,6453,32.900000000000226,367
912131,6454,58.00000000000059,666
912836,6455,62.200000000000635,705
913276,6456,39.60000000000031,440
913605,6457,24.600000000000133,329
913824,6458,16.900000000000002,219
915024,6459,97.59999999999852,1200
915954,6460,76.89999999999954,930
917109,6461,102.99999999999855,1155
917245,6462,10.399999999999972,136
917464,6463,16.900000000000013,219
918053,6464,50.30000000000045,589
918123,6465,3.7999999999999936,70
918373,6466,21.50000000000004,250
918966,6467,44.70000000000049,593
919443,6468,44.20000000000033,477
920258,6469,76.50000000000001,815
921376,6470,100.19999999999848,1118
921930,6471,42.90000000000037,554
922093,6472,7.699999999999967,163
922651,6473,46.3000000000004,558
922752,6474,7.799999999999983,101
924135,6475,134.19999999999675,1383
924878,6476,65.10000000000056,743
925246,6477,25.800000000000136,368
925691,6478,30.500000000000192,445
926022,6479,26.000000000000163,331
926276,6480,20.100000000000033,254
926981,6481,61.00000000000064,705
927121,6482,11.99999999999997,140
927939,6483,70.80000000000001,818
928530,6484,57.10000000000049,591
930363,6485,164.79999999999472,1833
930727,6486,29.600000000000158,364
931206,6487,46.200000000000394,479
931460,6488,18.900000000000038,254
932617,6489,102.59999999999823,1157
932723,6490,7.099999999999982,106
932790,6491,5.899999999999993,67
933008,6492,19.200000000000017,218
933900,6493,78.79999999999957,892
935132,6494,103.49999999999794,1232
935349,6495,11.299999999999955,217
935964,6496,50.500000000000504,615
936070,6497,8.899999999999984,106
936346,6498,16.900000000000038,276
936754,6499,33.100000000000236,408
937276,6500,49.00000000000042,522
937345,6501,5.499999999999995,69
937675,6502,25.900000000000148,330
938377,6503,64.90000000000056,702
938786,6504,33.80000000000025,409
939148,6505,31.800000000000196,362
939513,6506,29.10000000000023,365
940066,6507,53.60000000000047,553
940393,6508,31.60000000000018,327
940838,6509,39.500000000000306,445
941428,6510,40.200000000000465,590
941757,6511,30.600000000000158,329
942234,6512,43.000000000000355,477
943432,6513,103.39999999999812,1198
943501,6514,4.899999999999997,69
943716,6515,14.699999999999948,215
944646,6516,84.09999999999945,930
945801,6517,106.5999999999981,1155
946169,6518,33.00000000000025,368
947176,6519,83.39999999999924,1007
947766,6520,34.800000000000296,590
948360,6521,49.60000000000048,594
948917,6522,46.80000000000042,557
949551,6523,56.90000000000055,634
950256,6524,58.600000000000605,705
950324,6525,5.399999999999995,68
950426,6526,9.099999999999984,102
951130,6527,60.90000000000066,704
951835,6528,59.80000000000063,705
952504,6529,55.300000000000544,669
952868,6530,32.600000000000186,364
952968,6531,7.099999999999984,100
953715,6532,67.30000000000028,747
953966,6533,24.000000000000092,251
954221,6534,20.200000000000024,255
954779,6535,49.30000000000044,558
955934,6536,105.39999999999823,1155
956907,6537,83.89999999999935,973
957351,6538,38.2000000000003,444
958396,6539,95.89999999999829,1045
958804,6540,29.50000000000024,408
959058,6541,17.700000000000056,254
960095,6542,88.19999999999918,1037
960797,6543,61.300000000000644,702
961502,6544,61.60000000000064,705
961757,6545,20.20000000000001,255
962427,6546,55.40000000000055,670
963566,6547,101.09999999999833,1139
964123,6548,42.60000000000041,557
964225,6549,9.099999999999982,102
964932,6550,66.00000000000047,707
965583,6551,52.600000000000584,651
966557,6552,83.99999999999943,974
967261,6553,58.50000000000061,704
967700,6554,31.10000000000028,439
968742,6555,92.59999999999908,1042
969670,6556,84.49999999999946,928
970938,6557,105.59999999999788,1268
971008,6558,5.599999999999994,70
971582,6559,44.90000000000046,574
971649,6560,4.699999999999998,67
972352,6561,60.20000000000062,703
973132,6562,66.70000000000047,780
973350,6563,20.40000000000004,218
973940,6564,53.400000000000496,590
974644,6565,62.10000000000065,704
975537,6566,82.4999999999995,893
976015,6567,35.30000000000027,478
977059,6568,81.39999999999924,1044
977500,6569,37.3000000000003,441
978544,6570,89.19999999999916,1044
979290,6571,62.400000000000674,746
979394,6572,6.899999999999983,104
979500,6573,8.299999999999981,106
979945,6574,37.700000000000294,445
980334,6575,23.100000000000136,389
981453,6576,107.49999999999818,1119
981617,6577,13.199999999999962,164
982286,6578,53.50000000000055,669
983296,6579,95.699999999999,1010
984227,6580,75.19999999999995,931
984369,6581,9.19999999999997,142
984475,6582,7.099999999999982,106
984612,6583,13.49999999999997,137
985318,6584,61.10000000000062,706
985648,6585,22.900000000000116,330
985717,6586,4.899999999999997,69
986614,6587,66.70000000000043,897
987736,6588,89.19999999999898,1122
988483,6589,64.30000000000041,747
988553,6590,5.599999999999994,70
989074,6591,41.7000000000004,521
989890,6592,78.39999999999984,816
990371,6593,42.20000000000035,481
992544,6594,191.89999999999327,2173
993323,6595,73.2000000000001,779
993649,6596,28.500000000000153,326
994581,6597,83.09999999999944,932
994831,6598,20.900000000000038,250
995420,6599,47.30000000000051,589
995525,6600,8.199999999999982,105
996422,6601,82.2999999999994,897
997011,6602,46.70000000000044,589
997343,6603,25.50000000000014,332
997446,6604,7.999999999999982,103
999133,6605,148.3999999999955,1687
999239,6606,7.099999999999982,106
999718,6607,33.000000000000234,479
999881,6608,8.899999999999965,163
1000322,6609,39.10000000000032,441
1000649,6610,29.800000000000157,327
1000828,6611,11.99999999999996,179
1002121,6612,109.8999999999974,1293
1002824,6613,69.20000000000024,703
1003868,6614,91.5999999999988,1044
1004571,6615,66.80000000000041,703
1005011,6616,38.40000000000029,440
1005342,6617,26.600000000000147,331
1006384,6618,95.59999999999854,1042
1008633,6619,202.49999999999255,2249
1008885,6620,19.300000000000043,252
1010268,6621,124.59999999999727,1383
1011084,6622,80.19999999999976,816
1011900,6623,77.19999999999989,816
1013022,6624,93.99999999999832,1122
1014595,6625,130.09999999999656,1573
1014960,6626,30.900000000000198,365
1015142,6627,14.699999999999957,182
1015248,6628,8.299999999999981,106
1017727,6629,204.4999999999923,2479
1019189,6630,130.69999999999655,1462
1019253,6631,4.999999999999995,64
1020070,6632,74.89999999999998,817
1020624,6633,47.100000000000406,554
1021893,6634,91.29999999999848,1269
1022486,6635,47.10000000000044,593
1023266,6636,65.50000000000051,780
1024127,6637,75.39999999999989,861
1025024,6638,79.2999999999993,897
1025731,6639,63.60000000000058,707
1025983,6640,19.90000000000002,252
1026687,6641,68.10000000000036,704
1027843,6642,108.49999999999807,1156
1028627,6643,71.9,784
1029216,6644,56.90000000000051,589
1030712,6645,127.79999999999671,1496
1031191,6646,42.60000000000035,479
1032007,6647,70.00000000000027,816
1032258,6648,20.40000000000004,251
1032326,6649,4.799999999999997,68
1032692,6650,34.000000000000206,366
1033171,6651,43.200000000000344,479
1033370,6652,11.599999999999962,199
1034414,6653,96.39999999999866,1044
1034779,6654,33.900000000000205,365
1035752,6655,85.09999999999923,973
1036119,6656,31.1000000000002,367
1036415,6657,24.60000000000011,296
1039038,6658,238.0999999999906,2623
1039218,6659,15.099999999999959,180
1039471,6660,21.200000000000077,253
1039576,6661,6.999999999999984,105
1039941,6662,31.500000000000185,365
1040574,6663,58.600000000000556,633
1041548,6664,81.59999999999926,974
1042216,6665,61.20000000000061,668
1042696,6666,40.90000000000035,480
1042990,6667,23.20000000000011,294
1043128,6668,9.399999999999972,138
1043720,6669,47.00000000000044,592
1043787,6670,4.699999999999998,67
1044377,6671,48.00000000000045,590
1044968,6672,47.5000000000004,591
1045751,6673,70.60000000000002,783
1047018,6674,113.29999999999758,1267
1048175,6675,96.59999999999849,1157
1049183,6676,85.89999999999908,1008
1049777,6677,45.40000000000048,594
1050026,6678,17.799999999999997,249
1050619,6679,54.90000000000051,593
1051512,6680,81.29999999999959,893
1051844,6681,27.300000000000153,332
1052058,6682,19.400000000000016,214
1052162,6683,5.699999999999983,104
1052263,6684,8.399999999999983,101
1052854,6685,54.100000000000485,591
1053634,6686,73.89999999999999,780
1054114,6687,41.50000000000037,480
1054216,6688,6.099999999999989,102
1054695,6689,43.80000000000035,479
1055171,6690,44.70000000000035,476
1055649,6691,35.900000000000304,478
1056012,6692,34.3000000000002,363
1056115,6693,7.999999999999984,103
1056524,6694,31.40000000000022,409
1056856,6695,27.30000000000016,332
1057784,6696,92.89999999999905,928
1059016,6697,104.69999999999791,1232
1059198,6698,14.699999999999966,182
1061447,6699,207.29999999999234,2249
1062001,6700,50.70000000000043,554
1062446,6701,35.900000000000254,445
1062584,6702,10.599999999999971,138
1062654,6703,4.399999999999997,70
1063018,6704,32.6000000000002,364
1064476,6705,136.29999999999637,1458
1065183,6706,68.40000000000028,707
1066609,6707,122.59999999999687,1426
1067390,6708,66.20000000000049,781
1067572,6709,10.49999999999996,182
1068240,6710,59.4000000000006,668
1068494,6711,18.900000000000055,254
1068939,6712,34.10000000000026,445
1069641,6713,63.700000000000614,702
1069711,6714,4.9999999999999964,70
1071092,6715,120.7999999999973,1381
1072251,6716,94.99999999999855,1159
1073821,6717,143.59999999999604,1570
1074604,6718,67.60000000000024,783
1074967,6719,30.100000000000183,363
1076236,6720,101.4999999999982,1269
1077019,6721,67.00000000000028,783
1078199,6722,101.89999999999807,1180
1078904,6723,62.80000000000064,705
1079722,6724,78.5999999999998,818
1081521,6725,152.09999999999525,1799
1081928,6726,25.200000000000237,407
1082069,6727,9.099999999999971,141
1082436,6728,32.3000000000002,367
1082913,6729,40.0000000000003,477
1082977,6730,3.799999999999998,64
1083196,6731,15.099999999999966,219
1084715,6732,127.09999999999658,1519
1085271,6733,40.10000000000038,556
1086167,6734,76.19999999999975,896
1086837,6735,47.60000000000045,670
1087394,6736,53.40000000000046,557
1088404,6737,90.89999999999912,1010
1089717,6738,119.99999999999729,1313
1090384,6739,58.100000000000584,667
1090862,6740,36.5000000000003,478
1091758,6741,79.79999999999961,896
1092237,6742,48.600000000000364,479
1093242,6743,95.19999999999891,1005
1094471,6744,110.99999999999814,1229
1094799,6745,32.9000000000002,328
1095391,6746,46.40000000000045,592
1096703,6747,118.69999999999719,1312
1097066,6748,31.300000000000203,363
1097883,6749,74.30000000000003,817
1099003,6750,102.19999999999843,1120
1099445,6751,36.200000000000266,442
1100870,6752,127.29999999999691,1425
1100937,6753,5.899999999999993,67
1101006,6754,3.699999999999995,69
1102388,6755,129.2999999999969,1382
1103544,6756,94.69999999999837,1156
1104440,6757,83.39999999999944,896
1104546,6758,5.299999999999986,106
1105779,6759,104.79999999999838,1233
1106595,6760,67.60000000000052,816
1107004,6761,36.80000000000026,409
1108724,6762,165.79999999999495,1720
1108829,6763,8.199999999999983,105
1109499,6764,53.60000000000055,670
1110200,6765,61.80000000000062,701
1110835,6766,56.40000000000056,635
1111844,6767,85.99999999999903,1009
1112063,6768,17.500000000000004,219
1112468,6769,32.80000000000023,405
1113062,6770,48.40000000000044,594
1113314,6771,22.900000000000073,252
1113678,6772,36.200000000000244,364
1114573,6773,75.4999999999998,895
1114712,6774,7.699999999999973,139
1115608,6775,80.99999999999956,896
1116992,6776,128.29999999999683,1384
1117740,6777,68.00000000000026,748
1118897,6778,104.99999999999808,1157
1119228,6779,28.400000000000162,331
1119483,6780,25.00000000000008,255
1119778,6781,22.100000000000062,295
1120220,6782,44.60000000000036,442
1120586,6783,32.200000000000195,366
1121144,6784,47.50000000000039,558
1121363,6785,16.900000000000006,219
1123199,6786,163.29999999999475,1836
1123678,6787,47.4000000000004,479
1124159,6788,38.6000000000003,481
1125052,6789,78.29999999999981,893
1125381,6790,21.60000000000012,329
1125677,6791,24.6000000000001,296
1127137,6792,126.2999999999968,1460
1128180,6793,92.09999999999886,1043
1128399,6794,18.700000000000028,219
1128540,6795,7.899999999999972,141
1129659,6796,105.0999999999981,1119
1129762,6797,6.799999999999983,103
1130430,6798,56.400000000000546,668
1132683,6799,212.49999999999227,2253
1132749,6800,5.199999999999996,66
1133339,6801,51.600000000000485,590
1133409,6802,4.9999999999999964,70
1133515,6803,7.099999999999982,106
1133993,6804,42.50000000000035,478
1134435,6805,36.800000000000296,442
1134539,6806,9.89999999999998,104
1134609,6807,5.599999999999994,70
1135731,6808,92.19999999999895,1122
1136400,6809,49.30000000000051,669
1138314,6810,181.8999999999939,1914
1138759,6811,38.90000000000032,445
1139091,6812,26.100000000000147,332
1139891,6813,71.09999999999998,800
1140031,6814,11.99999999999997,140
1141828,6815,154.29999999999532,1797
1143175,6816,109.89999999999783,1347
1143729,6817,46.50000000000045,554
1145224,6818,120.49999999999702,1495
1145780,6819,40.700000000000415,556
1146677,6820,78.09999999999945,897
1146895,6821,13.799999999999953,218
1147340,6822,35.90000000000027,445
1148011,6823,59.10000000000057,671
1149662,6824,145.09999999999596,1651
1150821,6825,99.1999999999983,1159
1151153,6826,24.30000000000012,332
1152160,6827,84.59999999999928,1007
1152229,6828,4.899999999999997,69
1154175,6829,175.19999999999425,1946
1154539,6830,32.6000000000002,364
1155059,6831,44.60000000000042,520
1156216,6832,107.99999999999822,1157
1156922,6833,63.5000000000006,706
1157589,6834,58.70000000000059,667
1157917,6835,31.100000000000158,328
1158813,6836,82.19999999999943,896
1158883,6837,4.9999999999999964,70
1159135,6838,19.300000000000004,252
1160177,6839,97.39999999999861,1042
1161334,6840,97.19999999999844,1157
1161924,6841,52.80000000000047,590
1162288,6842,32.0000000000002,364
1163108,6843,72.20000000000003,820
1163700,6844,53.000000000000504,592
1163767,6845,4.699999999999998,67
1165037,6846,113.59999999999766,1270
1165933,6847,85.79999999999936,896
1166037,6848,6.899999999999983,104
1166481,6849,38.20000000000032,444
1166757,6850,19.30000000000008,276
1166827,6851,4.9999999999999964,70
1167081,6852,22.500000000000068,254
1167784,6853,63.80000000000062,703
1168114,6854,26.500000000000163,330
1169801,6855,151.99999999999528,1687
1170323,6856,43.6000000000004,522
1171368,6857,85.6999999999991,1045
1172186,6858,75.59999999999978,818
1174176,6859,176.89999999999384,1990
1174995,6860,71.50000000000016,819
1175697,6861,67.90000000000029,702
1176061,6862,30.80000000000019,364
1176279,6863,15.59999999999998,218
1177096,6864,77.29999999999978,817
1178141,6865,91.6999999999988,1045
1178550,6866,33.20000000000025,409
1180048,6867,131.59999999999667,1498
1180380,6868,22.50000000000011,332
1181424,6869,83.79999999999937,1044
1181530,6870,6.499999999999982,106
1182235,6871,65.20000000000054,705
1182680,6872,32.30000000000027,445
1183159,6873,36.000000000000334,479
1184091,6874,82.49999999999943,932
1184908,6875,67.10000000000026,817
1185724,6876,71.80000000000021,816
1186200,6877,42.90000000000035,476
1186568,6878,27.60000000000014,368
1186932,6879,32.000000000000185,364
1187567,6880,57.000000000000576,635
1187786,6881,16.899999999999988,219
1189245,6882,132.1999999999966,1459
1189386,6883,12.09999999999997,141
1190091,6884,65.2000000000004,705
1190158,6885,5.899999999999993,67
1190828,6886,58.400000000000574,670
1191984,6887,108.49999999999804,1156
1192803,6888,66.7000000000003,819
1192908,6889,5.799999999999984,105
1193499,6890,56.500000000000504,591
1193864,6891,33.90000000000019,365
1193929,6892,3.3000000000000007,65
1193995,6893,4.0,66
1194666,6894,63.900000000000574,671
1196388,6895,156.39999999999534,1722
1196458,6896,3.1999999999999966,70
1197355,6897,80.49999999999952,897
1198026,6898,61.50000000000061,671
1198844,6899,77.39999999999974,818
1199660,6900,80.79999999999963,816
1200327,6901,61.100000000000584,667
1200692,6902,32.10000000000022,365
1200832,6903,7.199999999999973,140
1201648,6904,77.79999999999983,816
1202578,6905,83.49999999999937,930
1202647,6906,4.899999999999997,69
1203013,6907,30.400000000000155,366
1203422,6908,37.40000000000026,409
1204150,6909,62.700000000000344,728
1205723,6910,147.49999999999568,1573
1206616,6911,73.49999999999997,893
1207886,6912,109.99999999999785,1270
1209230,6913,129.39999999999705,1344
1209896,6914,66.40000000000038,666
1210377,6915,43.40000000000036,481
1211496,6916,100.89999999999867,1119
1211564,6917,4.799999999999997,68
1211857,6918,25.500000000000107,293
1212641,6919,71.30000000000003,784
1213686,6920,98.89999999999857,1045
1214321,6921,56.40000000000055,635
1215557,6922,111.69999999999803,1236
1216077,6923,45.20000000000037,520
1216893,6924,75.39999999999998,816
1217448,6925,47.800000000000445,555
1219097,6926,141.29999999999598,1649
1220330,6927,105.99999999999824,1233
1221335,6928,90.99999999999889,1005
1222004,6929,49.90000000000055,669
1222299,6930,26.900000000000137,295
1223453,6931,104.09999999999818,1154
1224348,6932,79.69999999999939,895
1224939,6933,54.100000000000485,591
1227301,6934,209.89999999999193,2362
1228386,6935,91.19999999999871,1085
1229057,6936,56.70000000000056,671
1229199,6937,10.399999999999972,142
1229905,6938,53.300000000000615,706
1230721,6939,73.00000000000011,816
1231085,6940,29.000000000000192,364
1231788,6941,62.000000000000654,703
1232606,6942,73.8000000000001,818
1235004,6943,219.79999999999202,2398
1235865,6944,64.00000000000063,861
1237514,6945,153.29999999999555,1649
1238824,6946,123.89999999999719,1310
1240547,6947,158.8999999999952,1723
1242231,6948,154.0999999999954,1684
1242301,6949,5.599999999999994,70
1242894,6950,50.70000000000051,593
1245147,6951,196.89999999999273,2253
1246233,6952,96.69999999999845,1086
1248294,6953,156.39999999999412,2061
1249001,6954,61.2000000000006,707
1249821,6955,71.6000000000002,820
1251227,6956,109.49999999999773,1406
1251523,6957,19.200000000000053,296
1251706,6958,13.599999999999957,183
1252716,6959,86.69999999999933,1010
1252821,6960,7.599999999999982,105
1254698,6961,153.8999999999948,1877
1254994,6962,24.600000000000097,296
1255514,6963,39.20000000000037,520
1256220,6964,53.300000000000615,706
1257036,6965,73.60000000000002,816
1259098,6966,169.09999999999428,2062
1259579,6967,36.800000000000345,481
1261075,6968,128.39999999999654,1496
1261143,6969,4.799999999999997,68
1262074,6970,81.19999999999969,931
1262552,6971,41.30000000000035,478
1263370,6972,62.40000000000078,818
1264152,6973,68.70000000000019,782
1264631,6974,42.60000000000035,479
1265677,6975,89.99999999999906,1046
1266231,6976,51.30000000000043,554
1267162,6977,85.99999999999936,931
1267830,6978,67.80000000000037,668
1269965,6979,181.79999999999328,2135
1271689,6980,143.99999999999545,1724
1272360,6981,55.50000000000058,671
1274875,6982,216.1999999999911,2515
1276599,6983,156.5999999999956,1724
1277076,6984,37.00000000000033,477
1277597,6985,39.3000000000003,521
1278945,6986,123.19999999999729,1348
1279389,6987,38.800000000000324,444
1279721,6988,26.100000000000122,332
1279791,6989,4.9999999999999964,70
1281084,6990,100.29999999999828,1293
1281606,6991,46.600000000000406,522
1282502,6992,73.79999999999974,896
1284077,6993,142.2999999999962,1575
1284147,6994,4.9999999999999964,70
1285529,6995,126.89999999999677,1382
1287704,6996,198.0999999999927,2175
1288371,6997,59.300000000000566,667
1288926,6998,51.400000000000475,555
1290126,6999,106.59999999999796,1200
1291135,7000,87.19999999999928,1009
1292145,7001,95.09999999999879,1010
1293076,7002,87.79999999999903,931
1294119,7003,96.89999999999881,1043
1294451,7004,27.900000000000137,332
1294556,7005,8.799999999999981,105
1296546,7006,184.69999999999388,1990
1300301,7007,345.90000000001095,3755
1300367,7008,4.599999999999996,66
1301975,7009,145.89999999999569,1608
1303323,7010,126.79999999999706,1348
1307007,7011,337.000000000008,3684
1308504,7012,141.69999999999612,1497
1308608,7013,6.899999999999983,104
1310823,7014,198.19999999999283,2215
1312848,7015,189.09999999999346,2025
1313894,7016,92.99999999999892,1046
1316858,7017,285.0999999999973,2964
1317605,7018,70.90000000000012,747
1318613,7019,82.89999999999954,1008
1319280,7020,55.700000000000585,667
1319983,7021,57.800000000000615,703
1320505,7022,48.40000000000042,522
1321289,7023,66.50000000000047,784
1322446,7024,106.1999999999983,1157
1322924,7025,40.70000000000034,478
1324836,7026,166.09999999999462,1912
1325959,7027,94.09999999999879,1123
1326437,7028,40.10000000000032,478
1327672,7029,105.59999999999805,1235
1329324,7030,154.7999999999956,1652
1330931,7031,155.9999999999956,1607
1331071,7032,9.599999999999971,140
1331234,7033,7.699999999999969,163
1331376,7034,9.79999999999997,142
1331446,7035,3.799999999999997,70
1332941,7036,145.099999999996,1495
1333722,7037,72.8,781
1333791,7038,4.899999999999997,69
1334765,7039,89.99999999999885,974
1337809,7040,272.69999999999385,3044
1338141,7041,23.7000000000001,332
1338206,7042,4.5,65
1340196,7043,180.49999999999383,1990
1340789,7044,48.90000000000048,593
1342440,7045,147.4999999999957,1651
1345107,7046,233.19999999999104,2667
1346097,7047,86.79999999999882,990
1346731,7048,51.5000000000005,634
1347965,7049,107.89999999999783,1234
1348410,7050,41.90000000000032,445
1348516,7051,7.099999999999984,106
1348733,7052,16.1,217
1349594,7053,79.59999999999957,861
1349845,7054,21.000000000000046,251
1351025,7055,101.89999999999816,1180
1353311,7056,204.69999999999234,2286
1353587,7057,21.100000000000097,276
1353954,7058,31.10000000000018,367
1354399,7059,37.70000000000032,445
1356050,7060,144.4999999999957,1651
1357399,7061,117.8999999999976,1349
1358441,7062,87.19999999999906,1042
1358657,7063,12.399999999999979,216
1359102,7064,36.500000000000284,445
1359885,7065,70.00000000000006,783
1360669,7066,71.29999999999998,784
1361189,7067,45.8000000000004,520
1362764,7068,152.49999999999568,1575
1362833,7069,4.899999999999997,69
1363314,7070,41.000000000000334,481
1364582,7071,111.59999999999788,1268
1365249,7072,60.5000000000006,667
1365917,7073,58.20000000000063,668
1366058,7074,8.499999999999975,141
1368343,7075,217.7999999999918,2285
1370064,7076,164.69999999999524,1721
1371183,7077,100.29999999999833,1119
1371962,7078,66.00000000000054,779
1372065,7079,8.599999999999984,103
1372131,7080,4.599999999999999,66
1373557,7081,133.9999999999968,1426
1374192,7082,49.20000000000052,635
1374673,7083,45.20000000000039,481
1375455,7084,68.70000000000027,782
1377063,7085,148.89999999999569,1608
1377956,7086,84.89999999999924,893
1378401,7087,28.70000000000025,445
1378954,7088,51.20000000000047,553
1379510,7089,44.900000000000425,556
1380213,7090,60.80000000000063,703
1381332,7091,99.09999999999842,1119
1382906,7092,140.39999999999608,1574
1383836,7093,76.29999999999981,930
1384426,7094,53.400000000000475,590
1384490,7095,3.799999999999998,64
1386291,7096,154.69999999999547,1801
1387752,7097,136.59999999999658,1461
1388571,7098,72.10000000000007,819
1388936,7099,29.70000000000021,365
1391415,7100,229.6999999999912,2479
1391783,7101,32.40000000000022,368
1393051,7102,113.99999999999739,1268
1394477,7103,129.79999999999725,1426
1395407,7104,79.89999999999968,930
1396752,7105,134.89999999999688,1345
1397457,7106,64.60000000000056,705
1398238,7107,68.60000000000026,781
1399057,7108,67.30000000000034,819
1399841,7109,63.50000000000057,784
1400624,7110,70.00000000000016,783
1401102,7111,43.70000000000035,478
1401694,7112,46.40000000000046,592
1403414,7113,147.19999999999598,1720
1404499,7114,98.99999999999844,1085
1404713,7115,17.60000000000002,214
1405302,7116,55.1000000000005,589
1406950,7117,141.7999999999955,1648
1407954,7118,101.0999999999986,1004
1410656,7119,262.1999999999916,2702
1412231,7120,129.69999999999632,1575
1412937,7121,54.50000000000061,706
1414173,7122,114.69999999999781,1236
1414694,7123,39.90000000000037,521
1415139,7124,39.50000000000028,445
1415245,7125,7.099999999999982,106
1416403,7126,103.89999999999806,1158
1417222,7127,68.50000000000028,819
1417328,7128,7.099999999999982,106
1419349,7129,185.69999999999374,2021
1419983,7130,55.70000000000056,634
1421408,7131,128.4999999999966,1425
1424129,7132,253.2999999999903,2721
1425060,7133,85.99999999999918,931
1425920,7134,77.09999999999978,860
1426397,7135,44.20000000000035,477
1426648,7136,22.200000000000067,251
1429500,7137,251.39999999998946,2852
1430962,7138,134.89999999999677,1462
1435211,7139,378.20000000001835,4249
1436369,7140,99.09999999999812,1158
1436737,7141,30.600000000000193,368
1436840,7142,9.799999999999981,103
1437848,7143,87.09999999999931,1008
1440098,7144,188.79999999999254,2250
1443402,7145,302.00000000000296,3304
1443907,7146,47.6000000000004,505
1445029,7147,99.39999999999856,1122
1446039,7148,92.69999999999885,1010
1447873,7149,171.49999999999446,1834
1448918,7150,93.49999999999883,1045
1450153,7151,110.99999999999767,1235
1451195,7152,91.39999999999903,1042
1452804,7153,153.79999999999558,1609
1453193,7154,30.300000000000203,389
1454764,7155,143.09999999999584,1571
1455209,7156,38.30000000000028,445
1459119,7157,361.4000000000148,3910
1461448,7158,209.29999999999237,2329
1462006,7159,48.10000000000046,558
1463129,7160,102.49999999999838,1123
1464101,7161,81.99999999999932,972
1465334,7162,117.39999999999765,1233
1465437,7163,7.399999999999986,103
1467384,7164,168.6999999999942,1947
1468769,7165,127.79999999999691,1385
1469438,7166,58.90000000000058,669
1470561,7167,103.6999999999984,1123
1472055,7168,126.99999999999653,1494
1472984,7169,83.39999999999927,929
1474781,7170,166.299999999995,1797
1475676,7171,89.29999999999909,895
1476720,7172,90.99999999999886,1044
1478824,7173,189.19999999999368,2104
1480117,7174,106.8999999999981,1293
1482855,7175,257.69999999999084,2738
1483561,7176,64.1000000000005,706
1484155,7177,57.40000000000052,594
1486330,7178,205.29999999999282,2175
1488092,7179,149.29999999999524,1762
1490494,7180,227.39999999999165,2402
1491197,7181,61.40000000000059,703
1493671,7182,220.79999999999168,2474
1495807,7183,207.69999999999266,2136
1498847,7184,283.0999999999961,3040
1499550,7185,60.80000000000066,703
1500479,7186,87.59999999999924,929
1501296,7187,71.30000000000021,817
1501438,7188,8.599999999999973,142
1502030,7189,50.60000000000046,592
1503944,7190,172.29999999999424,1914
1504085,7191,10.89999999999997,141
1504788,7192,65.60000000000048,703
1505943,7193,104.19999999999828,1155
1507328,7194,115.79999999999738,1385
1508560,7195,107.09999999999776,1232
1509682,7196,98.19999999999855,1122
1512195,7197,224.3999999999913,2513
1512640,7198,37.70000000000029,445
1514630,7199,174.49999999999417,1990
1516351,7200,157.49999999999508,1721
1517282,7201,88.39999999999925,931
1518404,7202,93.99999999999868,1122
1518474,7203,4.9999999999999964,70
1518579,7204,8.199999999999983,105
1519737,7205,107.49999999999801,1158
1520443,7206,64.1000000000004,706
1521530,7207,98.59999999999847,1087
1521709,7208,13.199999999999958,179
1523281,7209,135.9999999999964,1572
1524287,7210,86.29999999999893,1006
1525862,7211,147.09999999999587,1575
1527134,7212,120.99999999999734,1272
1527204,7213,5.599999999999994,70
1528569,7214,110.49999999999729,1365
1530931,7215,214.69999999999217,2362
1530996,7216,4.5,65
1532700,7217,157.89999999999523,1704
1536422,7218,324.90000000000714,3722
1538674,7219,182.99999999999298,2252
1539571,7220,75.09999999999995,897
1539713,7221,9.199999999999973,142
1540646,7222,83.1999999999994,933
1542298,7223,141.5999999999956,1652
1542820,7224,48.40000000000038,522
1543000,7225,9.699999999999962,180
1544609,7226,153.1999999999956,1609
1544679,7227,4.9999999999999964,70
1545460,7228,79.39999999999975,781
1545825,7229,34.50000000000023,365
1545931,7230,7.6999999999999815,106
1546094,7231,9.499999999999964,163
1548876,7232,244.99999999998954,2782
1549130,7233,18.300000000000043,254
1550515,7234,128.99999999999685,1385
1550582,7235,4.1,67
1550858,7236,19.900000000000095,276
1551527,7237,62.50000000000064,669
1552761,7238,115.69999999999753,1234
1554449,7239,155.69999999999527,1688
1555268,7240,75.69999999999972,819
1555859,7241,52.90000000000045,591
1561389,7242,521.900000000049,5530
1563188,7243,166.49999999999469,1799
1567437,7244,406.40000000002334,4249
1568560,7245,101.29999999999855,1123
1568741,7246,15.19999999999996,181
1569335,7247,57.40000000000051,594
1569779,7248,38.8000000000003,444
1570935,7249,100.69999999999831,1156
1572360,7250,127.8999999999968,1425
1575326,7251,264.8999999999935,2966
1577204,7252,163.5999999999946,1878
1578213,7253,90.19999999999872,1009
1580317,7254,176.5999999999938,2104
1580387,7255,5.599999999999994,70
1584708,7256,410.6000000000258,4321
1585412,7257,62.100000000000634,704
1586725,7258,107.99999999999757,1313
1586908,7259,13.599999999999957,183
1587499,7260,52.300000000000495,591
1588880,7261,131.59999999999667,1381
1590112,7262,113.69999999999766,1232
1591156,7263,87.999999999999,1044
1596650,7264,493.40000000004454,5494
1597432,7265,69.30000000000001,782
1597913,7266,35.000000000000284,481
1598471,7267,50.50000000000046,558
1599481,7268,93.29999999999897,1010
1600413,7269,90.29999999999899,932
1602887,7270,232.79999999999112,2474
1604236,7271,124.49999999999726,1349
1605920,7272,153.49999999999542,1684
1606513,7273,54.30000000000052,593
1610268,7274,345.90000000001027,3755
1611992,7275,155.9999999999953,1724
1612776,7276,72.49999999999997,784
1614387,7277,145.59999999999604,1611
1615658,7278,105.89999999999783,1271
1616328,7279,58.400000000000595,670
1616508,7280,16.89999999999997,180
1617213,7281,50.20000000000057,705
1617692,7282,40.200000000000344,479
1617794,7283,3.0999999999999996,102
1620385,7284,215.99999999999127,2591
1623012,7285,234.29999999999092,2627
1623493,7286,39.2000000000003,481
1625553,7287,182.69999999999393,2060
1626672,7288,104.4999999999986,1119
1628550,7289,167.19999999999487,1878
1630348,7290,161.59999999999488,1798
1630942,7291,56.800000000000495,594
1633870,7292,275.1999999999963,2928
1634879,7293,84.19999999999926,1009
1634948,7294,3.699999999999994,69
1635017,7295,4.899999999999997,69
1635611,7296,55.60000000000049,594
1635714,7297,5.599999999999987,103
1635782,7298,4.799999999999997,68
1638487,7299,237.29999999999038,2705
1640740,7300,210.09999999999212,2253
1640959,7301,16.899999999999974,219
1641664,7302,63.40000000000052,705
1641730,7303,4.599999999999999,66
1642966,7304,105.0999999999977,1236
1643035,7305,4.899999999999997,69
1643216,7306,16.399999999999963,181
1643964,7307,69.20000000000012,748
1644050,7308,-0.6000000000000014,86
1645999,7309,185.69999999999388,1949
1648023,7310,181.19999999999393,2024
1648090,7311,4.699999999999998,67
1650718,7312,243.9999999999905,2628
1651424,7313,64.10000000000045,706
1651494,7314,5.599999999999994,70
1652765,7315,107.69999999999774,1271
1655470,7316,252.8999999999901,2705
1658663,7317,273.1999999999944,3193
1661199,7318,230.89999999999125,2536
1661868,7319,58.30000000000061,669
1666571,7320,423.6000000000309,4703
1668142,7321,140.699999999996,1571
1669148,7322,88.69999999999884,1006
1670267,7323,96.69999999999871,1119
1671501,7324,104.89999999999814,1234
1673526,7325,166.89999999999384,2025
1675666,7326,190.09999999999337,2140
1676712,7327,97.7999999999989,1046
1679832,7328,268.8999999999932,3120
1682571,7329,263.19999999999254,2739
1682936,7330,30.30000000000019,365
1684362,7331,134.59999999999653,1426
1685259,7332,75.69999999999972,897
1686142,7333,78.79999999999966,883
1686470,7334,28.700000000000163,328
1689966,7335,320.3000000000049,3496
1691202,7336,107.49999999999814,1236
1693941,7337,255.99999999998994,2739
1694535,7338,55.00000000000051,594
1697204,7339,241.1999999999902,2669
1698210,7340,89.89999999999905,1006
1698314,7341,5.699999999999983,104
1699627,7342,111.59999999999742,1313
1701618,7343,164.9999999999942,1991
1701798,7344,11.49999999999996,180
1701868,7345,5.599999999999994,70
1704121,7346,215.49999999999213,2253
1707427,7347,282.3999999999968,3306
1708472,7348,85.69999999999911,1045
1709672,7349,105.99999999999815,1200
1709814,7350,8.599999999999973,142
1710598,7351,71.89999999999999,784
1710780,7352,15.899999999999967,182
1715369,7353,387.3000000000201,4589
1717360,7354,176.99999999999397,1991
1719649,7355,204.99999999999253,2289
1720129,7356,41.50000000000034,480
1720234,7357,6.399999999999983,105
1721434,7358,104.19999999999808,1200
1723312,7359,165.9999999999945,1878
1725262,7360,181.59999999999383,1950
1725332,7361,3.7999999999999936,70
1726000,7362,61.80000000000061,668
1733033,7363,657.8000000000777,7033
1733102,7364,4.299999999999998,69
1734641,7365,143.79999999999595,1539
1734709,7366,4.799999999999997,68
1740541,7367,546.1000000000562,5832
1741063,7368,39.400000000000325,522
1741169,7369,7.099999999999982,106
1742893,7370,155.9999999999951,1724
1742999,7371,6.499999999999983,106
1744122,7372,96.4999999999989,1123
1744905,7373,71.80000000000001,783
1745086,7374,12.19999999999996,181
1747190,7375,198.79999999999325,2104
1747444,7376,17.699999999999974,254
1750036,7377,225.09999999999096,2592
1750139,7378,7.999999999999982,103
1754235,7379,365.30000000001684,4096
1754941,7380,65.3000000000004,706
1755983,7381,97.39999999999864,1042
1758385,7382,225.5999999999919,2402
1768130,7383,929.6000000001397,9745
1768233,7384,7.999999999999982,103
1768488,7385,22.600000000000048,255
1772436,7386,376.9000000000163,3948
1774574,7387,185.0999999999932,2138
1775471,7388,83.4999999999993,897
1775803,7389,27.900000000000162,332
1776962,7390,105.19999999999808,1159
1777556,7391,50.200000000000486,594
1781388,7392,352.4000000000109,3832
1782434,7393,94.19999999999898,1046
1784835,7394,226.09999999999147,2401
1784941,7395,7.699999999999983,106
1790731,7396,527.2000000000542,5790
1791324,7397,59.10000000000053,593
1792031,7398,71.40000000000016,707
1794885,7399,256.9999999999897,2854
1796156,7400,120.89999999999735,1271
1801270,7401,463.20000000003785,5114
1802316,7402,96.59999999999863,1046
1807132,7403,447.8000000000337,4816
1809236,7404,198.79999999999325,2104
1811372,7405,187.299999999993,2136
1811442,7406,5.599999999999994,70
1816741,7407,509.60000000004624,5299
1824721,7408,754.6000000001004,7980
1824788,7409,4.699999999999998,67
1826733,7410,175.09999999999428,1945
1829473,7411,243.49999999999028,2740
1834967,7412,522.2000000000475,5494
1835977,7413,84.29999999999923,1010
1837855,7414,173.19999999999447,1878
1841950,7415,392.20000000002034,4095
1843219,7416,111.6999999999981,1269
1846072,7417,266.4999999999925,2853
1847003,7418,85.39999999999944,931
1849426,7419,233.0999999999912,2423
1850020,7420,56.80000000000052,594
1854723,7421,439.8000000000303,4703
1856785,7422,190.09999999999343,2062
1857306,7423,39.30000000000037,521
1858542,7424,115.29999999999771,1236
1858684,7425,10.99999999999997,142
1859242,7426,49.900000000000475,558
1859348,7427,8.299999999999983,106
1859416,7428,5.999999999999993,68
1862495,7429,269.8999999999932,3079
1863166,7430,57.90000000000059,671
1864438,7431,98.79999999999826,1272
1866048,7432,146.69999999999578,1610
1867958,7433,163.4999999999945,1910
1870889,7434,276.69999999999396,2931
1871560,7435,61.5000000000006,671
1871628,7436,5.399999999999995,68
1872335,7437,53.40000000000058,707
1873797,7438,145.69999999999618,1462
1876161,7439,220.8999999999919,2364
1876829,7440,63.60000000000056,668
1877690,7441,77.7999999999998,861
1878022,7442,30.900000000000176,332
1879334,7443,122.299999999997,1312
1879440,7444,7.099999999999982,106
1880597,7445,107.99999999999812,1157
1882317,7446,165.79999999999512,1720
1885922,7447,339.3000000000083,3605
1887381,7448,116.59999999999685,1459
1890122,7449,248.9999999999903,2741
1891620,7450,145.99999999999625,1498
1896960,7451,493.0000000000418,5340
1897517,7452,52.20000000000046,557
1900412,7453,274.5999999999954,2895
1902360,7454,182.5999999999938,1948
1905481,7455,310.4000000000025,3121
1905906,7456,32.400000000000254,425
1905976,7457,4.9999999999999964,70
1908377,7458,221.29999999999185,2401
1908480,7459,6.199999999999983,103
1910166,7460,144.09999999999545,1686
1911176,7461,100.49999999999861,1010
1912864,7462,159.2999999999952,1688
1913644,7463,74.49999999999999,780
1915861,7464,191.79999999999353,2217
1921047,7465,485.40000000004295,5186
1921715,7466,60.600000000000584,668
1926225,7467,418.4000000000269,4510
1933055,7468,645.9000000000783,6830
1935045,7469,188.89999999999378,1990
1935300,7470,20.20000000000007,255
1935368,7471,3.599999999999995,68
1937092,7472,159.59999999999505,1724
1939797,7473,252.89999999999014,2705
1941935,7474,198.89999999999318,2138
1944075,7475,191.29999999999347,2140
1947006,7476,255.09999999998894,2931
1950086,7477,278.39999999999634,3080
1951738,7478,156.5999999999957,1652
1955832,7479,386.10000000002,4094
1957667,7480,152.39999999999517,1835
1957735,7481,5.399999999999995,68
1957801,7482,3.399999999999997,66
1959902,7483,196.09999999999334,2101
1963434,7484,319.4000000000077,3532
1969528,7485,575.6000000000615,6094
1971252,7486,142.19999999999547,1724
1971956,7487,61.50000000000066,704
1975564,7488,325.80000000000695,3608
1976384,7489,71.59999999999981,820
1976865,7490,42.8000000000003,481
1983109,7491,566.6000000000611,6244
1984119,7492,87.29999999999886,1010
1986069,7493,182.19999999999385,1950
1995326,7494,872.1000000001281,9257
1996145,7495,72.1,819
1997232,7496,91.99999999999865,1087
2000126,7497,248.69999999998913,2894
2000833,7498,64.8000000000004,707
2003198,7499,220.39999999999173,2365
2005338,7500,178.09999999999323,2140
2006461,7501,105.49999999999832,1123
2007584,7502,104.2999999999984,1123
2009079,7503,139.09999999999638,1495
2010576,7504,130.89999999999665,1497
2010678,7505,7.899999999999983,102
2011833,7506,105.9999999999981,1155
2012807,7507,89.39999999999904,974
2014038,7508,115.39999999999765,1231
2014332,7509,17.800000000000004,294
2017486,7510,290.5999999999969,3154
2021997,7511,417.300000000026,4511
2022814,7512,79.09999999999975,817
2024877,7513,181.1999999999938,2063
2032701,7514,746.8000000001001,7824
2037497,7515,455.70000000003415,4796
2037639,7516,10.999999999999972,142
2042342,7517,439.20000000003,4703
2044518,7518,190.39999999999313,2176
2046129,7519,147.9999999999958,1611
2046989,7520,68.69999999999989,860
2047131,7521,10.399999999999972,142
2049461,7522,219.5999999999919,2330
2050846,7523,133.19999999999678,1385
2051969,7524,100.69999999999831,1123
2052074,7525,5.799999999999983,105
2054134,7526,191.0999999999935,2060
2055516,7527,129.89999999999705,1382
2058108,7528,250.29999999999023,2592
2059455,7529,120.69999999999727,1347
2061517,7530,191.2999999999933,2062
2065691,7531,388.10000000001946,4174
2065761,7532,3.1999999999999984,70
2069596,7533,366.50000000001467,3835
2072602,7534,267.9999999999928,3006
2074234,7535,149.49999999999545,1632
2074336,7536,9.099999999999984,102
2076814,7537,211.5999999999918,2478
2077598,7538,72.49999999999999,784
2077815,7539,19.100000000000023,217
2080633,7540,276.499999999995,2818
2084049,7541,325.50000000000614,3416
2086718,7542,259.7999999999914,2669
2088102,7543,124.6999999999969,1384
2089939,7544,173.59999999999465,1837
2093096,7545,301.70000000000044,3157
2094779,7546,152.19999999999527,1683
2095560,7547,68.60000000000025,781
2096829,7548,122.49999999999734,1269
2097423,7549,54.40000000000054,594
2104005,7550,629.500000000071,6582
2108889,7551,483.4000000000392,4884
2109030,7552,9.099999999999973,141
2111170,7553,198.49999999999284,2140
2111423,7554,21.800000000000058,253
2112736,7555,116.99999999999741,1313
2113555,7556,75.69999999999992,819
2114033,7557,44.900000000000354,478
2119033,7558,456.30000000003554,5000
2119249,7559,13.59999999999995,216
2121194,7560,190.0999999999937,1945
2122313,7561,108.69999999999817,1119
2122381,7562,4.799999999999997,68
2123766,7563,126.59999999999714,1385
2124468,7564,62.50000000000062,702
2125552,7565,97.69999999999877,1084
2126223,7566,63.90000000000043,671
2126779,7567,50.30000000000045,556
2128048,7568,126.0999999999972,1269
2129090,7569,98.59999999999877,1042
2129232,7570,10.99999999999997,142
2131598,7571,211.49999999999199,2366
2133321,7572,166.69999999999496,1723
2135043,7573,155.199999999995,1722
2136166,7574,103.69999999999837,1123
2141053,7575,445.9000000000332,4887
2142775,7576,163.59999999999485,1722
2143443,7577,60.0000000000006,668
2143919,7578,44.10000000000035,476
2144022,7579,7.399999999999983,103
2145290,7580,116.39999999999763,1268
2147013,7581,165.4999999999952,1723
2150767,7582,357.8000000000125,3754
2153358,7583,251.39999999999037,2591
2154481,7584,107.29999999999833,1123
2158012,7585,340.90000000000856,3531
2160907,7586,273.39999999999435,2895
2165382,7587,434.4000000000292,4475
2166314,7588,86.69999999999919,932
2169394,7589,271.1999999999935,3080
2170629,7590,102.59999999999768,1235
2171223,7591,58.00000000000052,594
2171290,7592,4.699999999999998,67
2171395,7593,7.599999999999982,105
2171989,7594,57.40000000000053,594
2172094,7595,6.399999999999983,105
2174835,7596,251.39999999998972,2741
2177165,7597,220.19999999999203,2330
2178966,7598,169.69999999999476,1801
2180991,7599,182.4999999999937,2025
2186104,7600,483.50000000004036,5113
2186208,7601,6.899999999999983,104
2188538,7602,225.59999999999172,2330
2189999,7603,136.59999999999644,1461
2192738,7604,261.9999999999918,2739
2194762,7605,185.99999999999352,2024
2195849,7606,91.99999999999874,1087
2197345,7607,125.99999999999676,1496
2197980,7608,57.000000000000576,635
2200232,7609,192.5999999999926,2252
2200338,7610,7.099999999999985,106
2201122,7611,71.90000000000019,784
2201906,7612,62.90000000000071,784
2202047,7613,9.099999999999973,141
2203544,7614,128.49999999999636,1497
2207072,7615,334.60000000000946,3528
2208647,7616,154.29999999999578,1575
2210299,7617,154.19999999999564,1652
2211080,7618,69.80000000000021,781
2215932,7619,442.1000000000315,4852
2219653,7620,339.80000000001047,3721
2222697,7621,290.09999999999735,3044
2224385,7622,151.49999999999548,1688
2228933,7623,414.70000000002676,4548
2229490,7624,48.00000000000044,557
2233246,7625,362.20000000001323,3756
2233349,7626,8.599999999999982,103
2238425,7627,484.3000000000404,5076
2243990,7628,490.9000000000407,5565
2247069,7629,257.89999999999077,3079
2248269,7630,112.59999999999776,1200
2248487,7631,18.599999999999998,218
2252173,7632,349.8000000000119,3686
2255180,7633,259.0999999999925,3007
2255286,7634,10.09999999999998,106
2255467,7635,12.199999999999958,181
2261562,7636,578.7000000000616,6095
2264527,7637,280.3999999999958,2965
2265645,7638,104.39999999999836,1118
2267444,7639,174.89999999999452,1799
2269697,7640,214.29999999999214,2253
2270856,7641,110.5999999999979,1159
2270959,7642,9.199999999999983,103
2271122,7643,10.099999999999966,163
2273036,7644,186.69999999999382,1914
2273219,7645,14.799999999999958,183
2274454,7646,113.99999999999764,1235
2277082,7647,251.19999999999058,2628
2282759,7648,548.0000000000517,5677
2282900,7649,12.09999999999997,141
2283004,7650,8.699999999999982,104
2287515,7651,420.30000000002923,4511
2295156,7652,754.0000000000964,7641
2295339,7653,13.599999999999957,183
2298945,7654,335.80000000000837,3606
2301422,7655,233.6999999999913,2477
2302093,7656,61.50000000000059,671
2302687,7657,46.000000000000426,594
2302755,7658,4.799999999999997,68
2305193,7659,189.2999999999922,2438
2308879,7660,350.40000000000964,3686
2310036,7661,110.9999999999981,1157
2313270,7662,292.59999999999997,3234
2316235,7663,280.99999999999545,2965
2317584,7664,125.69999999999695,1349
2317652,7665,4.799999999999997,68
2318694,7666,91.39999999999904,1042
2319100,7667,32.90000000000022,406
2319432,7668,17.099999999999977,332
2324058,7669,403.3000000000246,4626
2326007,7670,179.6999999999938,1949
2326109,7671,9.099999999999984,102
2328245,7672,194.49999999999332,2136
2330421,7673,200.59999999999295,2176
2330866,7674,35.30000000000028,445
2333567,7675,243.4999999999903,2701
2339965,7676,572.400000000065,6398
2341616,7677,137.89999999999614,1651
2341912,7678,24.000000000000085,296
2342129,7679,14.299999999999947,217
2342877,7680,65.0000000000004,748
2343208,7681,24.800000000000146,331
2349493,7682,527.2000000000604,6285
2350955,7683,139.69999999999635,1462
2355806,7684,450.4000000000344,4851
2355875,7685,4.299999999999998,69
2356736,7686,74.19999999999983,861
2357742,7687,92.89999999999884,1006
2366061,7688,785.2000000001093,8319
2369557,7689,265.09999999999275,3496
2372486,7690,265.0999999999926,2929
2375001,7691,223.3999999999911,2515
2375182,7692,7.399999999999961,181
2376644,7693,133.69999999999666,1462
2378251,7694,131.39999999999662,1607
2379826,7695,124.89999999999675,1575
2382834,7696,256.19999999998953,3008
2383053,7697,16.29999999999996,219
2383158,7698,6.999999999999984,105
2383339,7699,14.599999999999957,181
2384652,7700,118.19999999999729,1313
2384722,7701,4.9999999999999964,70
2387653,7702,288.09999999999843,2931
2387794,7703,12.09999999999997,141
2390306,7704,234.4999999999909,2512
2390977,7705,57.900000000000595,671
2395413,7706,416.40000000002885,4436
2395518,7707,5.799999999999987,105
2398144,7708,225.79999999999083,2626
2398309,7709,12.699999999999962,165
2404291,7710,574.3000000000612,5982
2405264,7711,97.09999999999879,973
2405333,7712,4.899999999999997,69
2413989,7713,782.6000000001098,8656
2415564,7714,142.29999999999592,1575
2418757,7715,288.79999999999734,3193
2422815,7716,376.8000000000184,4058
2424838,7717,196.09999999999326,2023
2426187,7718,116.69999999999736,1349
2426328,7719,9.099999999999971,141
2431781,7720,518.4000000000485,5453
2431964,7721,11.799999999999958,183
2435947,7722,366.900000000016,3983
2441812,7723,568.30000000006,5865
2443271,7724,138.7999999999967,1459
2444426,7725,111.99999999999787,1155
2446188,7726,159.4999999999951,1762
2449797,7727,335.500000000008,3609
2451146,7728,127.49999999999716,1349
2452233,7729,102.19999999999844,1087
2457458,7730,490.20000000004256,5225
2463137,7731,543.4000000000545,5679
2476384,7732,1239.8999999999667,13247
2476454,7733,4.399999999999997,70
2478199,7734,156.8999999999952,1745
2479469,7735,126.7999999999972,1270
2479575,7736,9.49999999999998,106
2486199,7737,626.2000000000724,6624
2486267,7738,4.799999999999997,68
2486599,7739,22.50000000000011,332
2486701,7740,5.49999999999999,102
2489648,7741,265.09999999999246,2947
2489902,7742,12.299999999999944,254
2490008,7743,8.299999999999981,106
2490941,7744,76.59999999999985,933
2493271,7745,212.99999999999207,2330
2494958,7746,162.19999999999524,1687
2495323,7747,22.50000000000008,365
2496862,7748,135.9999999999962,1539
2497682,7749,74.0,820
2503663,7750,535.800000000053,5981
2507781,7751,378.9000000000203,4118
2514814,7752,646.4000000000791,7033
2515858,7753,90.39999999999911,1044
2519205,7754,321.0000000000046,3347
2519345,7755,12.599999999999971,140
2525004,7756,529.1000000000523,5659
2525482,7757,41.90000000000032,478
2532820,7758,674.5000000000823,7338
2533527,7759,65.40000000000057,707
2535926,7760,226.49999999999133,2399
2535994,7761,4.799999999999997,68
2537568,7762,137.39999999999614,1574
2538048,7763,40.30000000000033,480
2538606,7764,53.50000000000046,558
2539991,7765,111.5999999999971,1385
2542845,7766,261.7999999999913,2854
2543028,7767,11.19999999999997,183
2543134,7768,5.299999999999985,106
2547271,7769,378.70000000001926,4137
2547341,7770,4.9999999999999964,70
2551741,7771,389.70000000002346,4400
2552068,7772,26.200000000000127,327
2552138,7773,4.399999999999997,70
2561848,7774,921.6000000001367,9710
2562216,7775,34.80000000000023,368
2563000,7776,73.09999999999998,784
2563255,7777,22.600000000000062,255
2567691,7778,409.80000000002707,4436
2571410,7779,346.2000000000119,3719
2577731,7780,585.1000000000628,6321
2578854,7781,105.49999999999818,1123
2578960,7782,6.499999999999982,106
2580231,7783,113.09999999999764,1271
2583239,7784,273.59999999999434,3008
2583421,7785,12.299999999999958,182
2584847,7786,134.59999999999678,1426
2594142,7787,886.4000000001267,9295
2596395,7788,225.0999999999921,2253
2606670,7789,924.4000000001435,10275
2611712,7790,478.8000000000383,5042
2613251,7791,148.5999999999959,1539
2615990,7792,260.79999999999177,2739
2616058,7793,4.799999999999997,68
2629688,7794,1251.799999999953,13630
2630734,7795,80.3999999999996,1046
2630803,7796,5.499999999999995,69
2631021,7797,8.999999999999957,218
2631200,7798,13.19999999999996,179
2632775,7799,141.09999999999593,1575
2638567,7800,549.6000000000528,5792
2638636,7801,4.899999999999997,69
2638703,7802,4.699999999999998,67
2638771,7803,4.799999999999997,68
2638990,7804,13.29999999999995,219
2651716,7805,1215.399999999988,12726
2651822,7806,8.89999999999998,106
2651927,7807,8.199999999999983,105
2652144,7808,16.699999999999967,217
2652325,7809,15.19999999999996,181
2652467,7810,10.39999999999997,142
2652609,7811,9.799999999999972,142
2653958,7812,125.69999999999715,1349
2654514,7813,36.5000000000003,556
2662417,7814,766.7000000001018,7903
2662523,7815,6.499999999999982,106
2662778,7816,16.6,255
2662996,7817,11.99999999999995,218
2664345,7818,123.89999999999718,1349
2664487,7819,8.599999999999971,142
2667042,7820,239.69999999999098,2555
2667338,7821,17.399999999999952,296
2667441,7822,7.999999999999982,103
2667546,7823,6.999999999999984,105
2668104,7824,48.10000000000042,558
2668285,7825,12.19999999999996,181
2668652,7826,28.70000000000016,367
2669020,7827,29.400000000000215,368
2670292,7828,108.39999999999795,1272
2671641,7829,130.49999999999693,1349
2671711,7830,3.1999999999999984,70
2672191,7831,38.50000000000027,480
2673088,7832,80.49999999999949,897
2676358,7833,309.10000000000235,3270
2676464,7834,10.09999999999998,106
2677284,7835,76.39999999999993,820
2677728,7836,36.40000000000031,444
2685142,7837,712.7000000000896,7414
2687956,7838,255.69999999998947,2814
2689788,7839,174.89999999999432,1832
2694109,7840,396.20000000002517,4321
2697943,7841,370.00000000001495,3834
2698045,7842,9.699999999999982,102
2698526,7843,41.60000000000035,481
2701038,7844,231.4999999999911,2512
2701144,7845,6.499999999999982,106
2705395,7846,400.60000000002333,4251
2705500,7847,6.399999999999983,105
2720445,7848,1430.3999999998186,14945
2720514,7849,4.899999999999997,69
2720697,7850,15.999999999999968,183
2720877,7851,13.899999999999958,180
2726258,7852,492.6000000000457,5381
2730771,7853,412.1000000000253,4513
2742439,7854,1091.6000000000936,11668
2744543,7855,175.9999999999933,2104
2746683,7856,194.29999999999342,2140
2747241,7857,47.500000000000455,558
2754430,7858,653.6000000000835,7189
2754609,7859,13.79999999999996,179
2754715,7860,6.499999999999982,106
2754898,7861,11.19999999999996,183
2762800,7862,739.0000000000978,7902
2776353,7863,1257.2999999999565,13553
2781466,7864,486.5000000000414,5113
2781536,7865,4.9999999999999964,70
2786531,7866,469.60000000003737,4995
2791496,7867,446.50000000003297,4965
2792393,7868,75.0999999999997,897
2792611,7869,14.999999999999948,218
2797499,7870,428.0000000000309,4888
2797601,7871,4.899999999999997,102
2798045,7872,36.4000000000003,444
2802782,7873,458.50000000003473,4737
2805790,7874,277.19999999999493,3008
2805896,7875,7.699999999999983,106
2812476,7876,631.7000000000714,6580
2814538,7877,197.29999999999313,2062
2817238,7878,252.99999999998994,2700
2817343,7879,9.99999999999998,105
2818385,7880,81.1999999999992,1042
2818603,7881,18.00000000000001,218
2818971,7882,25.200000000000095,368
2819153,7883,14.099999999999957,182
2819220,7884,5.899999999999993,67
2819290,7885,3.1999999999999984,70
2819733,7886,30.30000000000019,443
2820027,7887,22.600000000000072,294
2820133,7888,7.699999999999983,106
2820238,7889,6.999999999999984,105
2820306,7890,4.799999999999997,68
2822368,7891,190.09999999999337,2062
2824201,7892,177.99999999999446,1833
2829731,7893,514.1000000000497,5530
2829949,7894,19.200000000000017,218
2830055,7895,6.499999999999983,106
2833967,7896,365.20000000001494,3912
2836107,7897,192.49999999999295,2140
2836475,7898,27.600000000000172,368
2836543,7899,4.799999999999997,68
2836798,7900,15.999999999999954,255
2836903,7901,5.799999999999983,105
2838894,7902,174.59999999999437,1991
2839980,7903,99.09999999999849,1086
2840049,7904,4.899999999999997,69
2840604,7905,34.600000000000264,555
2844210,7906,341.2000000000078,3606
2845366,7907,106.69999999999804,1156
2845436,7908,4.399999999999997,70
2845506,7909,5.599999999999994,70
2848097,7910,233.99999999999056,2591
2848881,7911,58.70000000000059,784
2849100,7912,14.499999999999947,219
2849205,7913,9.99999999999998,105
2849386,7914,13.399999999999961,181
2856384,7915,652.2000000000793,6998
2856452,7916,3.599999999999995,68
2859945,7917,339.8000000000077,3493
2861936,7918,176.39999999999432,1991
2862042,7919,7.099999999999984,106
2868137,7920,572.1000000000594,6095
2868242,7921,7.599999999999985,105
2870528,7922,218.49999999999207,2286
2870631,7923,6.199999999999985,103
2870963,7924,28.5000000000002,332
2872197,7925,120.49999999999739,1234
2873469,7926,116.79999999999728,1272
2878886,7927,516.3000000000475,5417
2881477,7928,239.99999999999073,2591
2881732,7929,23.200000000000063,255
2881836,7930,6.899999999999985,104
2881905,7931,2.499999999999998,69
2883476,7932,137.69999999999655,1571
2883546,7933,4.9999999999999964,70
2883763,7934,16.699999999999957,217
2884433,7935,58.40000000000062,670
2884614,7936,15.799999999999969,181
2884682,7937,3.599999999999995,68
2884751,7938,2.499999999999998,69
2884855,7939,6.899999999999983,104
2886916,7940,195.39999999999344,2061
2887020,7941,8.099999999999984,104
2889460,7942,223.09999999999187,2440
2895252,7943,537.6000000000531,5792
2895732,7944,36.7000000000003,480
2897679,7945,180.0999999999939,1947
2900077,7946,237.19999999999152,2398
2902066,7947,177.3999999999938,1989
2903039,7948,83.89999999999904,973
2905102,7949,198.59999999999317,2063
2905994,7950,84.19999999999958,892
2909341,7951,285.5999999999975,3347
2910725,7952,127.09999999999707,1384
2910867,7953,7.399999999999974,142
2912745,7954,164.79999999999453,1878
2914356,7955,153.99999999999562,1611
2914461,7956,7.599999999999985,105
2914567,7957,6.499999999999984,106
2923071,7958,742.2000000001085,8504
2923176,7959,6.3999999999999835,105
2927236,7960,372.8000000000179,4060
2933589,7961,598.8000000000669,6353
2933772,7962,12.999999999999957,183
2939222,7963,506.10000000004715,5450
2939289,7964,5.899999999999993,67
2939846,7965,50.40000000000045,557
2940517,7966,64.50000000000043,671
2940849,7967,26.70000000000017,332
2942198,7968,113.09999999999731,1349
2942417,7969,12.699999999999962,219
2942559,7970,10.99999999999997,142
2944889,7971,199.7999999999922,2330
2944994,7972,6.999999999999984,105
2947210,7973,203.69999999999266,2216
2947279,7974,3.699999999999995,69
2950512,7975,293.7000000000003,3233
2950695,7976,12.399999999999958,183
2952121,7977,127.39999999999665,1426
2953583,7978,130.69999999999638,1462
2954331,7979,59.600000000000655,748
2954964,7980,32.80000000000023,633
2956503,7981,115.5999999999972,1539
2957400,7982,73.89999999999993,897
2957881,7983,24.800000000000228,481
2960925,7984,259.49999999999034,3044
2960993,7985,5.399999999999995,68
2964340,7986,311.40000000000265,3347
2965462,7987,99.99999999999858,1122
2970217,7988,452.5000000000339,4755
2971676,7989,130.399999999997,1459
2972041,7990,36.90000000000022,365
2975195,7991,308.60000000000264,3154
2975336,7992,7.899999999999972,141
2985725,7993,990.7000000001519,10389
2988692,7994,276.9999999999947,2967
2990751,7995,177.79999999999367,2059
2992358,7996,151.19999999999584,1607
2996758,7997,395.1000000000213,4400
2998819,7998,182.1999999999937,2061
2998925,7999,6.499999999999982,106
2998994,8000,3.699999999999995,69
3000153,8001,102.79999999999824,1159
3000258,8002,7.599999999999984,105
3000965,8003,72.0000000000001,707
3002801,8004,179.49999999999437,1836
3007236,8005,425.3000000000283,4435
3010876,8006,356.90000000001254,3640
3018776,8007,740.0000000000988,7900
3020202,8008,123.19999999999708,1426
3020270,8009,4.799999999999997,68
3020340,8010,5.599999999999994,70
3022060,8011,166.39999999999503,1720
3027626,8012,536.6000000000506,5566
3027693,8013,5.299999999999996,67
3031944,8014,409.60000000002424,4251
3035214,8015,295.29999999999995,3270
3036111,8016,82.8999999999994,897
3036894,8017,71.20000000000002,783
3036944,8018,2.6999999999999993,50
3038971,8019,188.6999999999936,2027
3039190,8020,12.69999999999995,219
3042198,8021,290.3999999999987,3008
3047422,8022,502.100000000044,5224
3047979,8023,35.40000000000029,557
3048197,8024,16.79999999999997,218
3048527,8025,22.300000000000047,330
3048597,8026,4.399999999999997,70
3053865,8027,490.6000000000428,5268
3054006,8028,10.899999999999974,141
3054071,8029,5.099999999999995,65
3054175,8030,8.699999999999985,104
3059925,8031,553.500000000056,5750
3062594,8032,251.9999999999904,2669
3062813,8033,16.89999999999998,219
3065629,8034,254.09999999998942,2816
3067538,8035,165.79999999999401,1909
3069981,8036,240.7999999999912,2443
3073814,8037,332.70000000000795,3833
3073996,8038,14.099999999999959,182
3074178,8039,10.499999999999963,182
3074282,8040,7.499999999999986,104
3074917,8041,56.40000000000054,635
3075737,8042,84.79999999999953,820
3077045,8043,120.69999999999725,1308
3081556,8044,419.10000000002685,4511
3083809,8045,219.09999999999224,2253
3085493,8046,146.8999999999957,1684
3086277,8047,68.30000000000035,784
3088493,8048,198.29999999999254,2216
3092926,8049,418.50000000002785,4433
3107270,8050,1355.8999999998491,14344
3110052,8051,257.5999999999903,2782
3110122,8052,5.599999999999994,70
3110377,8053,19.000000000000007,255
3110745,8054,30.000000000000156,368
3110813,8055,4.799999999999997,68
3111109,8056,21.600000000000083,296
3117916,8057,640.6000000000763,6807
3118022,8058,7.099999999999984,106
3118127,8059,8.799999999999981,105
3119249,8060,101.79999999999822,1122
3128502,8061,854.9000000001245,9253
3128607,8062,6.399999999999983,105
3128713,8063,8.299999999999983,106
3131495,8064,265.99999999999244,2782
3134684,8065,299.7999999999998,3189
3135015,8066,24.80000000000012,331
3135119,8067,8.099999999999984,104
3135225,8068,6.499999999999982,106
3135444,8069,11.49999999999996,219
3143458,8070,752.3000000001017,8014
3149969,8071,603.8000000000703,6511
3157757,8072,722.5000000000971,7788
3157827,8073,4.399999999999997,70
3160383,8074,239.19999999999064,2556
3161695,8075,121.69999999999708,1312
3163304,8076,152.5999999999959,1609
3163598,8077,24.40000000000011,294
3166788,8078,296.3000000000004,3190
3167004,8079,18.40000000000001,216
3167481,8080,46.60000000000036,477
3168187,8081,62.300000000000594,706
3168257,8082,4.399999999999997,70
3170961,8083,268.3999999999934,2704
3174193,8084,306.2000000000027,3232
3174525,8085,22.500000000000057,332
3176324,8086,169.49999999999505,1799
3176542,8087,18.0,218
3176759,8088,16.09999999999996,217
3176861,8089,7.299999999999985,102
3181147,8090,407.40000000002425,4286
3181329,8091,13.49999999999996,182
3183865,8092,227.29999999999114,2536
3184988,8093,109.69999999999816,1123
3191160,8094,578.6000000000611,6172
3193827,8095,251.79999999998995,2667
3194081,8096,20.100000000000055,254
3199077,8097,445.10000000003294,4996
3201779,8098,251.39999999998994,2702
3203389,8099,142.49999999999562,1610
3208770,8100,506.4000000000453,5381
3211213,8101,238.9999999999914,2443
3211431,8102,18.600000000000016,218
3231122,8103,1829.9999999994466,19691
3231227,8104,6.399999999999985,105
3231635,8105,30.700000000000237,408
3231740,8106,6.399999999999984,105
3237306,8107,512.6000000000465,5566
3237412,8108,7.699999999999985,106
3239855,8109,222.19999999999123,2443
3241882,8110,197.69999999999317,2027
3242326,8111,31.000000000000263,444
3249586,8112,673.3000000000853,7260
3249689,8113,6.7999999999999865,103
3249793,8114,5.0999999999999925,104
3251739,8115,175.19999999999385,1946
3251845,8116,8.299999999999981,106
3256770,8117,477.60000000003953,4925
3260377,8118,332.30000000000786,3607
3262061,8119,144.49999999999557,1684
3270605,8120,788.500000000115,8544
3283367,8121,1221.0999999999844,12762
3286445,8122,299.8000000000002,3078
3287193,8123,66.8000000000003,748
3287411,8124,18.600000000000016,218
3295121,8125,732.100000000097,7710
3297261,8126,209.2999999999926,2140
3297366,8127,6.999999999999984,105
3298339,8128,89.29999999999916,973
3298444,8129,7.599999999999982,105
3310639,8130,1120.3000000000675,12195
3319446,8131,816.3000000001166,8807
3320002,8132,34.10000000000032,556
3330016,8133,943.0000000001446,10014
3331740,8134,147.59999999999553,1724
3339042,8135,650.8000000000866,7302
3340278,8136,112.29999999999745,1236
3344262,8137,376.6000000000171,3984
3347608,8138,313.700000000004,3346
3353249,8139,529.1000000000503,5641
3353388,8140,5.29999999999999,139
3356283,8141,268.5999999999931,2895
3356728,8142,42.50000000000032,445
3363162,8143,573.900000000062,6434
3364849,8144,145.99999999999577,1687
3364918,8145,4.299999999999998,69
3368637,8146,352.8000000000106,3719
3373263,8147,415.9000000000273,4626
3375968,8148,224.69999999999024,2705
3378144,8149,202.99999999999298,2176
3379416,8150,115.59999999999778,1272
3384300,8151,448.0000000000371,4884
3389752,8152,512.9000000000501,5452
3391363,8153,150.9999999999958,1611
3392373,8154,93.29999999999876,1010
3400161,8155,745.300000000097,7788
3410097,8156,931.0000000001411,9936
3419659,8157,858.2000000001254,9562
3421835,8158,205.9999999999925,2176
3431623,8159,888.0000000001373,9788
3435761,8160,365.60000000001463,4138
3437639,8161,177.99999999999437,1878
3438120,8162,44.600000000000364,481
3442371,8163,412.60000000002356,4251
3447255,8164,461.20000000003654,4884
3447325,8165,4.9999999999999964,70
3447996,8166,50.10000000000054,671
3453977,8167,553.8000000000586,5981
3454157,8168,10.899999999999961,180
3454225,8169,3.599999999999995,68
3454367,8170,8.599999999999971,142
3455567,8171,113.79999999999777,1200
3455673,8172,6.499999999999982,106
3456569,8173,81.59999999999938,896
3458708,8174,195.39999999999333,2139
3459230,8175,43.0000000000004,522
3460502,8176,116.19999999999762,1272
3461397,8177,81.49999999999943,895
3462746,8178,128.6999999999969,1349
3471630,8179,845.0000000001218,8884
3472414,8180,71.9,784
3472483,8181,4.899999999999997,69
3483663,8182,1031.100000000157,11180
3484185,8183,49.00000000000043,522
3501804,8184,1634.4999999996169,17619
3506769,8185,472.30000000004,4965
3506875,8186,7.099999999999984,106
3506945,8187,4.399999999999997,70
3513980,8188,659.2000000000786,7035
3519959,8189,559.6000000000581,5979
3520481,8190,49.60000000000043,522
3521228,8191,72.09999999999997,747
3523368,8192,202.09999999999303,2140
3526525,8193,292.69999999999914,3157
3527309,8194,72.49999999999999,784
3527377,8195,4.799999999999997,68
3529178,8196,176.89999999999438,1801
3531318,8197,200.8999999999929,2140
3533719,8198,229.6999999999913,2401
3533789,8199,4.399999999999997,70
3536890,8200,299.70000000000016,3101
3540874,8201,366.40000000001714,3984
3540944,8202,5.599999999999994,70
3541050,8203,7.6999999999999815,106
3542545,8204,138.49999999999645,1495
3548265,8205,540.0000000000526,5720
3548333,8206,4.799999999999997,68
3550054,8207,169.49999999999488,1721
3550575,8208,38.70000000000032,521
3553732,8209,302.3000000000023,3157
3557644,8210,358.6000000000127,3912
3567807,8211,947.100000000147,10163
3567948,8212,10.299999999999972,141
3569782,8213,165.49999999999463,1834
3572903,8214,300.2000000000008,3121
3577606,8215,438.00000000003246,4703
3582718,8216,490.00000000004275,5112
3587683,8217,477.1000000000393,4965
3587753,8218,4.399999999999997,70
3587971,8219,19.200000000000017,218
3588113,8220,12.199999999999969,142
3588442,8221,24.00000000000008,329
3594952,8222,612.7000000000684,6510
3598299,8223,312.6000000000028,3347
3598403,8224,8.099999999999984,104
3610374,8225,1124.900000000075,11971
3610557,8226,10.59999999999996,183
3610662,8227,6.999999999999986,105
3610881,8228,18.100000000000012,219
3629745,8229,1797.0999999994735,18864
3629813,8230,5.399999999999995,68
3629995,8231,13.499999999999957,182
3633455,8232,321.8000000000047,3460
3652012,8233,1762.7999999995109,18557
3659878,8234,724.900000000095,7866
3660096,8235,17.399999999999977,218
3661445,8236,132.29999999999677,1349
3663282,8237,167.59999999999457,1837
3664631,8238,123.29999999999723,1349
3666848,8239,210.39999999999247,2217
3668950,8240,191.99999999999358,2102
3669054,8241,8.699999999999983,104
3671836,8242,260.59999999999053,2782
3674202,8243,225.29999999999157,2366
3678409,8244,386.3000000000201,4207
3686651,8245,754.1000000001027,8242
3686756,8246,6.999999999999984,105
3695676,8247,833.3000000001197,8920
3698962,8248,313.1000000000031,3286
3699032,8249,4.399999999999997,70
3712775,8250,1296.9999999999159,13743
3714348,8251,147.49999999999562,1573
3716375,8252,179.69999999999388,2027
3716592,8253,16.699999999999967,217
3727885,8254,1080.5000000001041,11293
3731304,8255,321.00000000000574,3419
3737624,8256,614.4000000000701,6320
3738520,8257,80.39999999999968,896
3744423,8258,568.2000000000583,5903
3746597,8259,211.79999999999242,2174
3751901,8260,523.3000000000472,5304
3755736,8261,353.30000000001183,3835
3756894,8262,107.49999999999801,1158
3758772,8263,179.19999999999422,1878
3761251,8264,230.29999999999137,2479
3765197,8265,377.90000000001726,3946
3771667,8266,622.8000000000719,6470
3775311,8267,327.3000000000096,3644
3776886,8268,157.29999999999552,1575
3780721,8269,352.7000000000111,3835
3787605,8270,628.5000000000724,6884
3787710,8271,8.799999999999983,105
3787777,8272,5.299999999999996,67
3791083,8273,326.80000000000666,3306
3791674,8274,55.9000000000005,591
3791744,8275,4.399999999999997,70
3792718,8276,91.7999999999989,974
3792786,8277,5.399999999999995,68
3792927,8278,5.49999999999998,141
3793316,8279,31.500000000000227,389
3797150,8280,350.80000000001354,3834
3797368,8281,17.999999999999996,218
3799656,8282,215.69999999999206,2288
3812336,8283,1200.2999999999972,12680
3812632,8284,21.600000000000048,296
3817406,8285,437.3000000000315,4774
3817737,8286,15.199999999999939,331
3820477,8287,238.6999999999899,2740
3820547,8288,4.9999999999999964,70
3820766,8289,14.499999999999952,219
3821288,8290,32.8000000000003,522
3821391,8291,4.9999999999999964,103
3822627,8292,102.69999999999784,1236
3822923,8293,22.800000000000093,296
3823445,8294,24.40000000000011,522
3826299,8295,241.99999999998974,2854
3826404,8296,6.399999999999983,105
3827075,8297,33.30000000000022,671
3828614,8298,137.7999999999965,1539
3828946,8299,27.900000000000173,332
3829016,8300,4.399999999999995,70
3840760,8301,1102.2000000000876,11744
3840830,8302,4.399999999999997,70
3842744,8303,170.49999999999434,1914
3842926,8304,10.499999999999961,182
3843405,8305,46.200000000000365,479
3850122,8306,625.3000000000762,6717
3852375,8307,211.89999999999225,2253
3852893,8308,39.60000000000041,518
3853223,8309,28.300000000000136,330
3855286,8310,193.19999999999308,2063
3855356,8311,4.399999999999995,70
3863634,8312,806.0000000001096,8278
3869313,8313,520.600000000049,5679
3869419,8314,7.099999999999984,106
3872859,8315,327.90000000000634,3440
3874432,8316,137.299999999996,1573
3897665,8317,2210.5999999990922,23233
3898449,8318,77.29999999999995,784
3899649,8319,116.19999999999771,1200
3899945,8320,22.800000000000086,296
3900483,8321,49.400000000000446,538
3904994,8322,398.7000000000216,4511
3911125,8323,554.4000000000573,6131
3913940,8324,251.59999999998934,2815
3914721,8325,71.00000000000018,781
3914825,8326,8.099999999999984,104
3914895,8327,5.599999999999994,70
3915187,8328,21.800000000000104,292
3916191,8329,93.29999999999903,1004
3922168,8330,558.2000000000563,5977
3923404,8331,106.89999999999793,1236
3926482,8332,302.20000000000016,3078
3929411,8333,284.2999999999968,2929
3929591,8334,13.299999999999958,180
3933878,8335,402.7000000000242,4287
3934210,8336,22.50000000000006,332
3934388,8337,16.09999999999996,178
3944721,8338,940.1000000001513,10333
3944791,8339,5.599999999999994,70
3944859,8340,4.799999999999997,68
3944965,8341,6.499999999999984,106
3952526,8342,709.4000000000884,7561
3953533,8343,85.19999999999939,1007
3953639,8344,7.099999999999984,106
3953745,8345,6.499999999999984,106
3959499,8346,543.7000000000548,5754
3963219,8347,343.300000000009,3720
3967201,8348,404.60000000002157,3982
3973895,8349,629.0000000000749,6694
3978780,8350,460.10000000003754,4885
3978850,8351,4.399999999999997,70
3979069,8352,15.099999999999948,219
3983998,8353,466.00000000003627,4929
3985832,8354,178.09999999999442,1834
3992415,8355,641.6000000000726,6583
4001222,8356,804.3000000001177,8807
4007353,8357,562.8000000000599,6131
4007495,8358,5.5999999999999845,142
4010426,8359,268.89999999999276,2931
4013922,8360,316.7000000000065,3496
4022501,8361,782.700000000114,8579
4023321,8362,72.80000000000005,820
4029380,8363,545.4000000000581,6059
4031630,8364,210.3999999999923,2250
4031909,8365,20.80000000000004,279
4032354,8366,35.300000000000296,445
4034605,8367,212.8999999999921,2251
4035727,8368,101.79999999999856,1122
4037563,8369,159.0999999999947,1836
4044672,8370,681.600000000084,7109
4044742,8371,4.399999999999995,70
4053321,8372,834.3000000001167,8579
4053391,8373,4.399999999999997,70
4055192,8374,148.0999999999956,1801
4055411,8375,17.499999999999996,219
4055481,8376,4.399999999999997,70
4055548,8377,3.4999999999999964,67
4059460,8378,364.0000000000148,3912
4059530,8379,5.599999999999994,70
4059633,8380,4.399999999999999,103
4062225,8381,228.09999999999067,2592
4072197,8382,931.3000000001417,9972
4075386,8383,303.4000000000011,3189
4075454,8384,4.799999999999997,68
4077401,8385,180.69999999999408,1947
4082510,8386,477.1000000000389,5109
4089429,8387,656.9000000000793,6919
4089910,8388,46.40000000000037,481
4090015,8389,8.199999999999983,105
4090083,8390,4.799999999999997,68
4101940,8391,1114.4000000000665,11857
4105662,8392,338.70000000000863,3722
4105844,8393,12.899999999999958,182
4105986,8394,12.199999999999969,142
4108203,8395,186.9999999999926,2217
4111776,8396,319.000000000004,3573
4116479,8397,447.0000000000329,4703
4116811,8398,30.30000000000018,332
4119593,8399,233.5999999999905,2782
4129304,8400,907.9000000001394,9711
4135883,8401,607.6000000000714,6579
4136889,8402,91.09999999999886,1006
4139818,8403,274.699999999995,2929
4140037,8404,16.299999999999976,219
4142776,8405,255.99999999999,2739
4142846,8406,5.599999999999994,70
4144003,8407,106.7999999999981,1157
4144109,8408,7.099999999999984,106
4145153,8409,97.59999999999863,1044
4145258,8410,6.999999999999984,105
4147769,8411,222.99999999999085,2511
4148812,8412,90.89999999999928,1043
4148918,8413,7.099999999999984,106
4149101,8414,14.199999999999958,183
4154440,8415,510.9000000000449,5339
4157291,8416,276.4999999999949,2851
4163495,8417,583.3000000000638,6204
4164275,8418,75.69999999999995,780
4174212,8419,929.9000000001425,9937
4177107,8420,274.59999999999485,2895
4180975,8421,374.3000000000146,3868
4184277,8422,313.20000000000203,3302
4187469,8423,295.8999999999985,3192
4187537,8424,4.799999999999997,68
4190093,8425,229.59999999999118,2556
4192907,8426,282.09999999999616,2814
4193690,8427,72.40000000000006,783
4195866,8428,190.39999999999287,2176
4199133,8429,296.19999999999925,3267
4205111,8430,579.3000000000599,5978
4206795,8431,164.2999999999952,1684
4212402,8432,539.200000000051,5607
4214917,8433,242.59999999999073,2515
4224402,8434,894.3000000001337,9485
4225297,8435,86.29999999999936,895
4226646,8436,126.29999999999714,1349
4229125,8437,230.8999999999909,2479
4232992,8438,366.40000000001584,3867
4233097,8439,4.599999999999997,105
4236593,8440,329.30000000000695,3496
4243588,8441,675.3000000000812,6995
4244858,8442,121.99999999999737,1270
4248692,8443,353.8000000000124,3834
4248759,8444,4.699999999999998,67
4248941,8445,13.49999999999996,182
4257183,8446,775.1000000001053,8242
4259131,8447,193.39999999999355,1948
4261795,8448,244.89999999999017,2664
4261862,8449,4.699999999999998,67
4262116,8450,9.899999999999942,254
4262335,8451,18.100000000000012,219
4263419,8452,97.69999999999882,1084
4263525,8453,7.699999999999985,106
4274705,8454,1023.9000000001606,11180
4282230,8455,719.3000000000919,7525
4282413,8456,15.399999999999963,183
4287342,8457,461.80000000003497,4929
4287448,8458,7.699999999999985,106
4290526,8459,286.59999999999684,3078
4290632,8460,8.299999999999983,106
4290964,8461,26.70000000000011,332
4291256,8462,22.400000000000077,292
4291324,8463,5.399999999999995,68
4300391,8464,813.2000000001183,9067
4300461,8465,5.599999999999994,70
4310657,8466,998.1000000001513,10196
4310761,8467,7.499999999999984,104
4316820,8468,535.8000000000554,6059
4316962,8469,6.199999999999982,142
4323092,8470,580.7000000000614,6130
4323198,8471,7.099999999999984,106
4323643,8472,35.90000000000029,445
4323709,8473,4.599999999999999,66
4323777,8474,4.799999999999997,68
4326967,8475,313.10000000000235,3190
4329523,8476,240.39999999999108,2556
4329593,8477,5.599999999999994,70
4329699,8478,7.099999999999984,106
4330478,8479,76.79999999999981,779
4333805,8480,309.70000000000186,3327
4334022,8481,16.099999999999955,217
4339023,8482,476.80000000003747,5001
4340708,8483,147.59999999999536,1685
4345786,8484,485.1000000000409,5078
4356546,8485,1017.6000000001588,10760
4358570,8486,181.79999999999353,2024
4358637,8487,5.299999999999996,67
4358743,8488,5.299999999999985,106
4358998,8489,16.599999999999966,255
4359330,8490,31.500000000000206,332
4360679,8491,129.2999999999971,1349
4360782,8492,3.7999999999999954,103
4360852,8493,4.399999999999997,70
4360922,8494,5.599999999999994,70
4360989,8495,4.699999999999998,67
4361547,8496,52.90000000000045,558
4363723,8497,216.19999999999257,2176
4367818,8498,388.60000000001924,4095
4371122,8499,315.2000000000039,3304
4371263,8500,8.499999999999973,141
4371332,8501,4.899999999999997,69
4372262,8502,94.29999999999889,930
4384233,8503,1127.300000000072,11971
4386972,8504,254.19999999998976,2739
4388321,8505,116.09999999999792,1349
4390569,8506,223.39999999999205,2248
4392969,8507,217.5999999999914,2400
4393830,8508,82.59999999999938,861
4394465,8509,55.80000000000055,635
4396073,8510,161.4999999999953,1608
4396143,8511,5.599999999999994,70
4397523,8512,133.89999999999665,1380
4406025,8513,800.8000000001136,8502
4407748,8514,164.899999999995,1723
4410335,8515,254.59999999999036,2587
4412136,8516,172.69999999999462,1801
4416762,8517,444.70000000003137,4626
4419806,8518,266.69999999999294,3044
4421571,8519,177.19999999999453,1765
4434256,8520,1215.1999999999884,12685
4437449,8521,275.59999999999405,3193
4442640,8522,456.500000000033,5191
4442822,8523,5.699999999999962,182
4447222,8524,405.90000000002374,4400
4475768,8525,2692.3999999986786,28546
4475948,8526,10.89999999999996,180
4479408,8527,326.6000000000075,3460
4485991,8528,623.6000000000702,6583
4486096,8529,6.999999999999984,105
4486166,8530,5.599999999999994,70
4486385,8531,11.499999999999956,219
4489199,8532,253.29999999998995,2814
4489567,8533,37.20000000000025,368
4489637,8534,5.599999999999994,70
4495244,8535,523.6000000000475,5607
4496928,8536,165.49999999999508,1684
4499971,8537,288.79999999999876,3043
4500076,8538,8.799999999999983,105
4500182,8539,7.099999999999984,106
4500252,8540,5.599999999999994,70
4514108,8541,1345.1999999998563,13856
4514177,8542,4.299999999999998,69
4524109,8543,951.6000000001428,9932
4524744,8544,58.80000000000058,635
4524812,8545,5.399999999999995,68
4530376,8546,520.2000000000497,5564
4530482,8547,7.099999999999984,106
4530587,8548,7.599999999999987,105
4530657,8549,4.399999999999997,70
4530761,8550,7.499999999999988,104
4530865,8551,8.099999999999984,104
4533945,8552,287.9999999999981,3080
4536006,8553,199.59999999999314,2061
4541568,8554,541.0000000000524,5562
4554252,8555,1189.3000000000159,12684
4555452,8556,104.79999999999828,1200
4556123,8557,63.300000000000495,671
4562705,8558,617.5000000000707,6582
4563600,8559,83.2999999999994,895
4567434,8560,349.00000000001165,3834
4569721,8561,227.59999999999178,2287
4571260,8562,136.59999999999624,1539
4571365,8563,6.999999999999985,105
4576815,8564,523.5000000000515,5450
4577293,8565,28.100000000000236,478
4577702,8566,24.200000000000134,409
4577772,8567,5.599999999999994,70
4584016,8568,576.8000000000603,6244
4592597,8569,819.5000000001128,8581
4598272,8570,534.0000000000531,5675
4598341,8571,2.499999999999998,69
4599836,8572,136.09999999999638,1495
4600019,8573,14.19999999999996,183
4603095,8574,288.19999999999726,3076
4604973,8575,185.19999999999402,1878
4605078,8576,8.199999999999983,105
4605148,8577,5.599999999999994,70
4606266,8578,112.19999999999803,1118
4607692,8579,127.99999999999667,1426
4613032,8580,497.20000000004643,5340
4613364,8581,28.50000000000015,332
4613506,8582,12.19999999999997,142
4614742,8583,108.09999999999799,1236
4614884,8584,7.999999999999973,142
4616875,8585,194.99999999999343,1991
4621727,8586,444.50000000003365,4852
4626463,8587,438.00000000003257,4736
4631424,8588,449.70000000003415,4961
4632657,8589,116.19999999999762,1233
4634378,8590,172.49999999999486,1721
4635422,8591,102.99999999999848,1044
4635489,8592,5.299999999999996,67
4635594,8593,5.199999999999985,105
4636147,8594,49.400000000000425,553
4639640,8595,341.00000000000944,3493
4641554,8596,183.09999999999403,1914
4641624,8597,5.599999999999994,70
4645041,8598,322.00000000000426,3417
4645182,8599,11.49999999999997,141
4645249,8600,4.699999999999998,67
4655941,8601,1009.6000000001578,10692
4660486,8602,410.20000000002733,4545
4679427,8603,1792.7999999994806,18941
4679606,8604,10.199999999999962,179
4691069,8605,1071.7000000001103,11463
4698178,8606,655.8000000000799,7109
4700014,8607,181.89999999999435,1836
4714132,8608,1324.8999999998932,14118
4716461,8609,223.0999999999918,2329
4728542,8610,1126.6000000000565,12081
4734148,8611,516.3000000000511,5606
4737716,8612,343.70000000000914,3568
4737968,8613,13.899999999999942,252
4744096,8614,564.3000000000616,6128
4748755,8615,449.5000000000327,4659
4756880,8616,785.9000000001047,8125
4758645,8617,165.7999999999947,1765
4760559,8618,185.49999999999383,1914
4782058,8619,2036.5999999992616,21499
4782126,8620,4.799999999999997,68
4787090,8621,481.80000000003884,4964
4791938,8622,468.10000000003714,4848
4792417,8623,29.400000000000176,479
4792635,8624,16.79999999999997,218
4795150,8625,242.59999999999079,2515
4795480,8626,24.70000000000007,330
4795771,8627,19.3,291
4795877,8628,4.699999999999996,106
4796399,8629,46.00000000000041,522
4796618,8630,12.699999999999948,219
4796914,8631,21.000000000000092,296
4798828,8632,176.49999999999406,1914
4799499,8633,62.1000000000006,671
4814859,8634,1447.5999999998028,15360
4820535,8635,528.7000000000535,5676
4823954,8636,328.2000000000071,3419
4826919,8637,274.3999999999939,2965
4839488,8638,1190.100000000015,12569
4839629,8639,9.099999999999971,141
4839699,8640,5.599999999999994,70
4839766,8641,3.4999999999999964,67
4841603,8642,166.39999999999486,1837
4848147,8643,608.6000000000728,6544
4852545,8644,417.70000000002767,4398
4862628,8645,950.5000000001467,10083
4871093,8646,828.6000000001145,8465
4873233,8647,198.49999999999287,2140
4873336,8648,7.999999999999982,103
4873858,8649,30.400000000000304,522
4874265,8650,24.600000000000144,407
4874520,8651,23.800000000000104,255
4875078,8652,50.50000000000047,558
4875143,8653,5.099999999999995,65
4875623,8654,30.100000000000303,480
4891245,8655,1397.8999999998425,15622
4894208,8656,268.1999999999932,2963
4894350,8657,10.39999999999997,142
4894420,8658,5.599999999999994,70
4895317,8659,83.49999999999923,897
4895387,8660,5.599999999999994,70
4895493,8661,7.699999999999985,106
4897100,8662,148.79999999999563,1607
4900255,8663,275.0999999999939,3155
4900551,8664,18.599999999999987,296
4900621,8665,5.599999999999994,70
4904567,8666,356.9000000000154,3946
4905238,8667,63.90000000000043,671
4908960,8668,365.7000000000135,3722
4909028,8669,4.199999999999999,68
4912940,8670,358.0000000000131,3912
4913064,8671,9.499999999999977,124
4913206,8672,9.799999999999974,142
4913424,8673,17.400000000000002,218
4913565,8674,4.299999999999986,141
4913632,8675,4.699999999999998,67
4919537,8676,580.4000000000586,5905
4923746,8677,379.90000000001965,4209
4924001,8678,13.599999999999937,255
4929833,8679,557.5000000000575,5832
4930163,8680,22.300000000000043,330
4935127,8681,482.4000000000391,4964
4936812,8682,162.59999999999502,1685
4936917,8683,6.999999999999984,105
4939734,8684,254.19999999998961,2817
4944166,8685,398.60000000002196,4432
4953312,8686,883.500000000129,9146
4953380,8687,4.799999999999997,68
4953562,8688,12.299999999999962,182
4963987,8689,982.0000000001515,10425
4964170,8690,16.599999999999973,183
4966423,8691,212.49999999999216,2253
4970177,8692,344.6000000000111,3754
4972201,8693,183.59999999999368,2024
4972904,8694,65.60000000000042,703
4980468,8695,713.3000000000936,7564
4981442,8696,92.99999999999896,974
4984972,8697,342.00000000001063,3530
4985755,8698,74.79999999999987,783
4988684,8699,291.4999999999983,2929
4990223,8700,140.19999999999607,1539
5000385,8701,996.8000000001509,10162
5002184,8702,176.69999999999462,1799
5004584,8703,220.5999999999916,2400
5007173,8704,239.1999999999907,2589
5008743,8705,153.79999999999552,1570
5008813,8706,4.399999999999997,70
5010499,8707,148.8999999999954,1686
5012184,8708,161.39999999999537,1685
5015601,8709,320.80000000000496,3417
5015742,8710,9.099999999999975,141
5023270,8711,691.4000000000874,7528
5023375,8712,8.799999999999981,105
5028714,8713,504.90000000004625,5339
5029272,8714,37.30000000000038,558
5039017,8715,951.2000000001393,9745
5039087,8716,5.599999999999994,70
5039157,8717,5.599999999999994,70
5039263,8718,8.299999999999981,106
5039331,8719,5.399999999999995,68
5043500,8720,379.80000000001957,4169
5043794,8721,19.60000000000001,294
5047742,8722,370.9000000000149,3948
5050480,8723,273.899999999995,2738
5074424,8724,2256.1999999990426,23944
5074494,8725,4.399999999999997,70
5077457,8726,277.7999999999946,2963
5078467,8727,90.89999999999878,1010
5078534,8728,4.699999999999998,67
5078716,8729,16.499999999999964,182
5096031,8730,1656.2999999995966,17315
5100013,8731,386.0000000000183,3982
5100155,8732,7.999999999999973,142
5109974,8733,929.2000000001401,9819
5112259,8734,212.9999999999921,2285
5116998,8735,437.7000000000322,4739
5119360,8736,209.89999999999222,2362
5119918,8737,51.10000000000046,558
5130983,8738,1007.300000000164,11065
5132556,8739,153.4999999999958,1573
5139442,8740,655.7000000000796,6886
5161434,8741,1957.199999999307,21992
5161575,8742,10.89999999999997,141
5168460,8743,654.4000000000773,6885
5169660,8744,107.19999999999807,1200
5169728,8745,5.399999999999995,68
5170024,8746,17.399999999999995,296
5172498,8747,230.99999999999127,2474
5172604,8748,6.499999999999984,106
5174437,8749,179.79999999999444,1833
5175219,8750,78.89999999999961,782
5175325,8751,8.899999999999983,106
5177160,8752,175.79999999999444,1835
5177452,8753,26.60000000000011,292
5177558,8754,7.099999999999985,106
5177628,8755,4.9999999999999964,70
5177883,8756,26.200000000000085,255
5182731,8757,454.9000000000359,4848
5182836,8758,6.3999999999999835,105
5185957,8759,283.99999999999716,3121
5186253,8760,13.799999999999937,296
5192610,8761,556.0000000000623,6357
5195880,8762,293.5000000000008,3270
5203932,8763,740.2000000000994,8052
5204038,8764,8.299999999999983,106
5227417,8765,2199.999999999096,23379
5233060,8766,537.7000000000526,5643
5233127,8767,4.699999999999998,67
5233310,8768,8.79999999999997,183
5235902,8769,230.49999999999062,2592
5241578,8770,542.5000000000554,5676
5241986,8771,26.500000000000124,408
5242089,8772,9.199999999999982,103
5243063,8773,88.79999999999919,974
5245201,8774,206.0999999999928,2138
5245342,8775,7.899999999999974,141
5245525,8776,8.199999999999962,183
5245595,8777,3.1999999999999966,70
5246415,8778,77.59999999999972,820
5246633,8779,18.600000000000033,218
5246739,8780,8.299999999999983,106
5246843,8781,8.099999999999984,104
5247175,8782,27.300000000000146,332
5247428,8783,19.400000000000027,253
5249794,8784,222.29999999999157,2366
5249863,8785,4.299999999999996,69
5249933,8786,5.599999999999994,70
5250003,8787,4.399999999999997,70
5251611,8788,160.89999999999534,1608
5255369,8789,365.4000000000142,3758
5256488,8790,108.69999999999801,1119
5259871,8791,322.5000000000046,3383
5259975,8792,8.699999999999983,104
5260230,8793,17.799999999999994,255
5269449,8794,887.2000000001308,9219
5270798,8795,110.69999999999766,1349
5277230,8796,582.7000000000656,6432
5278689,8797,139.39999999999654,1459
5280825,8798,199.89999999999287,2136
5288763,8799,738.7000000001002,7938
5290334,8800,147.29999999999583,1571
5293225,8801,280.1999999999957,2891
5295284,8802,191.59999999999334,2059
5296971,8803,166.39999999999495,1687
5308526,8804,1079.4000000001158,11555
5309308,8805,54.300000000000566,782
5309412,8806,5.0999999999999925,104
5314413,8807,472.0000000000395,5001
5314592,8808,14.999999999999957,179
5314660,8809,5.399999999999995,68
5314879,8810,15.69999999999996,219
5315853,8811,92.999999999999,974
5319946,8812,390.8000000000186,4093
5320164,8813,15.599999999999959,218
5320347,8814,14.199999999999958,183
5323242,8815,279.99999999999613,2895
5328881,8816,533.7000000000511,5639
5328951,8817,5.599999999999994,70
5329133,8818,13.49999999999996,182
5330854,8819,147.8999999999952,1721
5335175,8820,412.4000000000268,4321
5337801,8821,244.9999999999907,2626
5346042,8822,793.600000000107,8241
5351004,8823,479.80000000004026,4962
5351110,8824,9.499999999999982,106
5351404,8825,14.799999999999928,294
5351772,8826,22.800000000000068,368
5351991,8827,12.099999999999955,219
5352245,8828,14.699999999999946,254
5359278,8829,662.6000000000794,7033
5375204,8830,1541.0999999996932,15926
5382198,8831,657.2000000000792,6994
5389536,8832,680.500000000087,7338
5390692,8833,113.29999999999784,1156
5390834,8834,10.999999999999972,142
5391129,8835,23.3000000000001,295
5392174,8836,93.49999999999909,1045
5392280,8837,7.099999999999984,106
5394566,8838,224.4999999999919,2286
5394636,8839,4.399999999999997,70
5401554,8840,662.200000000082,6918
5408662,8841,639.5000000000783,7108
5416148,8842,678.5000000000853,7486
5417306,8843,108.69999999999797,1158
5419554,8844,214.399999999992,2248
5420676,8845,99.39999999999867,1122
5422891,8846,220.99999999999218,2215
5426608,8847,323.80000000000393,3717
5428522,8848,180.69999999999385,1914
5428628,8849,6.499999999999986,106
5429412,8850,67.70000000000029,784
5439199,8851,928.7000000001415,9787
5439605,8852,29.900000000000244,406
5445247,8853,481.20000000004615,5642
5445316,8854,4.899999999999997,69
5456157,8855,1008.3000000001588,10841
5456227,8856,4.399999999999997,70
5457047,8857,52.400000000000475,820
5457567,8858,29.600000000000232,520
5457785,8859,11.99999999999995,218
5469643,8860,1113.900000000086,11858
5470348,8861,50.20000000000058,705
5471281,8862,62.20000000000074,933
5471463,8863,12.89999999999996,182
5471604,8864,9.69999999999997,141
5471900,8865,26.400000000000112,296
5472119,8866,19.30000000000001,219
5472899,8867,67.90000000000042,780
5473231,8868,21.900000000000073,332
5473789,8869,53.50000000000048,558
5475626,8870,166.9999999999949,1837
5475768,8871,6.799999999999985,142
5481149,8872,508.20000000004535,5381
5484871,8873,329.10000000000986,3722
5489384,8874,421.1000000000264,4513
5491940,8875,242.1999999999907,2556
5492121,8876,12.79999999999996,181
5492565,8877,32.8000000000002,444
5497416,8878,435.40000000003016,4851
5497783,8879,20.300000000000036,367
5497889,8880,8.299999999999983,106
5500251,8881,208.09999999999246,2362
5509770,8882,896.8000000001338,9519
5516168,8883,565.2000000000608,6398
5516460,8884,23.6000000000001,292
5516714,8885,18.900000000000002,254
5531731,8886,1415.999999999817,15017
5537297,8887,510.80000000004816,5566
5543844,8888,624.5000000000729,6547
5547146,8889,289.19999999999834,3302
5551127,8890,377.50000000001626,3981
5551197,8891,5.599999999999994,70
5556535,8892,473.60000000003845,5338
5556604,8893,4.299999999999998,69
5556674,8894,5.599999999999994,70
5562086,8895,508.000000000048,5412
5563018,8896,91.49999999999905,932
5564478,8897,130.49999999999702,1460
5565069,8898,60.10000000000052,591
5567469,8899,226.59999999999172,2400
5568361,8900,87.19999999999929,892
5570386,8901,182.49999999999417,2025
5573315,8902,268.09999999999263,2929
5582156,8903,844.0000000001223,8841
5589119,8904,647.8000000000775,6963
5590839,8905,153.79999999999544,1720
5593655,8906,264.29999999999154,2816
5594360,8907,67.60000000000036,705
5594502,8908,9.799999999999974,142
5599241,8909,440.70000000003245,4739
5616519,8910,1593.4999999996444,17278
5618880,8911,225.3999999999917,2361
5618985,8912,6.399999999999984,105
5619204,8913,15.099999999999952,219
5626088,8914,666.3000000000819,6884
5628037,8915,183.29999999999376,1949
5628142,8916,6.399999999999983,105
5630733,8917,245.99999999999093,2591
5634455,8918,349.5000000000111,3722
5636857,8919,232.79999999999134,2402
5637076,8920,13.899999999999949,219
5641851,8921,414.60000000002515,4775
5642033,8922,10.499999999999964,182
5642196,8923,7.0999999999999694,163
5647081,8924,449.9000000000348,4885
5648878,8925,169.8999999999947,1797
5649207,8926,22.20000000000006,329
5650443,8927,109.29999999999781,1236
5650548,8928,6.999999999999985,105
5651930,8929,126.89999999999687,1382
5653053,8930,100.09999999999847,1123
5657791,8931,421.4000000000314,4738
5659589,8932,175.99999999999454,1798
5659659,8933,5.599999999999994,70
5662739,8934,287.9999999999966,3080
5662844,8935,6.999999999999982,105
5668181,8936,488.50000000004474,5337
5682828,8937,1385.5999999998367,14647
5683124,8938,16.19999999999994,296
5688425,8939,472.6000000000416,5301
5688720,8940,23.300000000000075,295
5689277,8941,42.60000000000042,557
5694350,8942,487.00000000004206,5073
5695019,8943,46.9000000000005,669
5705578,8944,1001.1000000001566,10559
5705797,8945,12.09999999999995,219
5709257,8946,316.40000000000475,3460
5709476,8947,16.899999999999974,219
5732372,8948,2141.1999999991554,22896
5732441,8949,4.299999999999998,69
5732543,8950,5.499999999999989,102
5734118,8951,149.4999999999958,1575
5734188,8952,5.599999999999994,70
5743556,8953,864.9000000001244,9368
5751456,8954,737.6000000001036,7900
5751562,8955,6.499999999999983,106
5762403,8956,1019.700000000165,10841
5771659,8957,855.8000000001277,9256
5774137,8958,216.39999999999227,2478
5779250,8959,484.70000000003927,5113
5779955,8960,62.20000000000064,705
5782809,8961,261.7999999999905,2854
5783816,8962,99.5999999999986,1007
5804000,8963,1907.7999999993822,20184
5807980,8964,375.00000000001756,3980
5808086,8965,3.499999999999992,106
5812337,8966,403.6000000000234,4251
5812443,8967,5.899999999999984,106
5819780,8968,729.6000000000929,7337
5819885,8969,8.199999999999982,105
5820104,8970,16.899999999999963,219
5821191,8971,103.39999999999853,1087
5825699,8972,430.80000000002826,4508
5827012,8973,119.3999999999974,1313
5830315,8974,290.4999999999989,3303
5830383,8975,5.399999999999995,68
5830488,8976,7.599999999999985,105
5834357,8977,354.6000000000109,3869
5834463,8978,7.099999999999984,106
5840252,8979,542.1000000000561,5789
5842164,8980,165.49999999999486,1912
5843851,8981,165.199999999995,1687
5843957,8982,6.499999999999986,106
5844435,8983,44.900000000000375,478
5853206,8984,836.4000000001187,8771
5857375,8985,394.20000000002096,4169
5857516,8986,10.899999999999974,141
5860705,8987,294.39999999999907,3189
5861488,8988,64.60000000000053,783
5863818,8989,224.3999999999918,2330
5866631,8990,258.59999999999013,2813
5866848,8991,16.699999999999967,217
5872601,8992,522.0000000000525,5753
5872668,8993,4.699999999999998,67
5872735,8994,4.699999999999998,67
5876455,8995,346.9000000000131,3720
5876559,8996,7.499999999999984,104
5877790,8997,120.7999999999975,1231
5882719,8998,456.40000000003647,4929
5884668,8999,197.09999999999346,1949
5884773,9000,6.999999999999986,105
5887360,9001,240.79999999999035,2587
5891194,9002,362.20000000001386,3834
5891357,9003,7.0999999999999694,163
5891462,9004,8.199999999999983,105
5891567,9005,8.199999999999983,105
5893061,9006,142.5999999999964,1494
5893280,9007,13.299999999999967,219
5894776,9008,145.79999999999606,1496
5898191,9009,317.00000000000347,3415
5902442,9010,404.20000000002483,4251
5902621,9011,16.19999999999996,179
5902691,9012,5.599999999999994,70
5913304,9013,1025.1000000001554,10613
5913595,9014,12.099999999999962,291
5913664,9015,4.299999999999998,69
5913843,9016,14.999999999999957,179
5913948,9017,5.799999999999987,105
5914242,9018,15.399999999999931,294
5914836,9019,55.600000000000506,594
5916375,9020,143.19999999999607,1539
5916481,9021,6.499999999999986,106
5932066,9022,1464.0999999997766,15585
5935936,9023,356.50000000001256,3870
5936119,9024,11.799999999999958,183
5943341,9025,686.0000000000848,7222
5943750,9026,36.80000000000027,409
5943853,9027,7.399999999999986,103
5950623,9028,643.2000000000772,6770
5956376,9029,561.6000000000544,5753
5957722,9030,124.7999999999969,1346
5957789,9031,4.699999999999998,67
5958797,9032,96.09999999999883,1008
5958939,9033,10.399999999999972,142
5966406,9034,676.300000000093,7467
5970314,9035,376.2000000000156,3908
5971887,9036,139.69999999999618,1573
5972444,9037,51.60000000000045,557
5973567,9038,103.6999999999983,1123
5973635,9039,5.399999999999995,68
5973889,9040,18.900000000000027,254
5981676,9041,708.6000000000934,7787
5981854,9042,11.299999999999967,178
5985121,9043,317.20000000000476,3267
5986954,9044,179.19999999999413,1833
5987024,9045,5.599999999999994,70
5987243,9046,18.09999999999999,219
5988443,9047,111.99999999999781,1200
5993937,9048,516.8000000000468,5494
5994079,9049,9.799999999999972,142
5994183,9050,8.099999999999984,104
5994366,9051,15.399999999999963,183
5996764,9052,213.79999999999163,2398
5998561,9053,166.2999999999948,1797
5999340,9054,76.19999999999989,779
6007841,9055,777.3000000001103,8501
6009904,9056,179.39999999999327,2063
6010010,9057,6.499999999999984,106
6019378,9058,866.7000000001262,9368
6022724,9059,314.30000000000234,3346
6023654,9060,93.09999999999897,930
6027941,9061,390.10000000002316,4287
6029775,9062,169.0999999999943,1834
6039259,9063,921.2000000001369,9484
6041735,9064,241.99999999999093,2476
6044438,9065,250.89999999998977,2703
6046013,9066,138.6999999999963,1575
6050749,9067,461.40000000003624,4736
6051949,9068,105.99999999999802,1200
6052357,9069,24.700000000000117,408
6056608,9070,385.6000000000206,4251
6061835,9071,495.80000000004503,5227
6061938,9072,7.399999999999983,103
6062344,9073,32.90000000000024,406
6066820,9074,408.1000000000268,4476
6070881,9075,395.70000000001886,4061
6072263,9076,130.49999999999704,1382
6072404,9077,9.699999999999973,141
6074428,9078,188.39999999999353,2024
6076339,9079,185.79999999999393,1911
6076669,9080,14.499999999999924,330
6087021,9081,962.1000000001492,10352
6087127,9082,6.499999999999989,106
6087346,9083,17.500000000000043,219
6087527,9084,12.199999999999958,181
6090946,9085,336.60000000000775,3419
6091016,9086,3.1999999999999984,70
6092781,9087,167.5999999999947,1765
6092887,9088,7.699999999999985,106
6098720,9089,537.8000000000523,5833
6106248,9090,704.6000000000889,7528
6124999,9091,1760.899999999512,18751
6131469,9092,624.6000000000705,6470
6131536,9093,4.699999999999998,67
6132962,9094,138.7999999999964,1426
6134311,9095,95.0999999999987,1349
6134643,9096,29.10000000000014,332
6135052,9097,36.20000000000027,409
6140243,9098,496.1000000000455,5191
6140460,9099,16.69999999999996,217
6140641,9100,9.199999999999964,181
6140709,9101,5.399999999999995,68
6140890,9102,7.399999999999977,181
6141186,9103,25.800000000000118,296
6147615,9104,593.2000000000658,6429
6147756,9105,10.299999999999972,141
6154565,9106,633.0000000000766,6809
6155010,9107,34.700000000000266,445
6156055,9108,70.10000000000029,1045
6156274,9109,17.500000000000025,219
6157397,9110,107.29999999999801,1123
6161684,9111,391.900000000022,4287
6162277,9112,55.500000000000526,593
6169159,9113,632.5000000000772,6882
6170088,9114,92.99999999999898,929
6173693,9115,333.30000000000734,3605
6173762,9116,5.499999999999995,69
6177369,9117,343.70000000001096,3607
6182144,9118,468.600000000035,4775
6187670,9119,508.90000000004596,5526
6189923,9120,215.49999999999213,2253
6191010,9121,106.39999999999816,1087
6191116,9122,7.699999999999985,106
6196045,9123,460.0000000000341,4929
6204433,9124,802.9000000001122,8388
6208414,9125,372.10000000001594,3981
6209572,9126,102.69999999999828,1158
6217323,9127,671.1000000000904,7751
6223531,9128,571.7000000000626,6208
6225820,9129,208.59999999999272,2289
6227165,9130,122.2999999999977,1345
6229606,9131,229.79999999999123,2441
6229712,9132,7.699999999999983,106
6237240,9133,698.6000000000901,7528
6237421,9134,14.59999999999996,181
6237604,9135,14.199999999999958,183
6238838,9136,109.09999999999765,1234
6238904,9137,4.599999999999999,66
6246803,9138,762.7000000001015,7899
6249734,9139,274.2999999999947,2931
6251567,9140,166.59999999999474,1833
6251635,9141,3.599999999999995,68
6252418,9142,76.59999999999981,783
6256253,9143,360.5000000000124,3835
6264867,9144,807.5000000001129,8614
6265841,9145,90.59999999999884,974
6269676,9146,365.3000000000152,3835
6275766,9147,586.0000000000622,6090
6276513,9148,70.9000000000001,747
6281248,9149,448.7000000000327,4735
6281354,9150,6.499999999999984,106
6285641,9151,422.5000000000255,4287
6285781,9152,7.799999999999981,140
6286225,9153,41.20000000000031,444
6286293,9154,5.399999999999995,68
6291254,9155,479.10000000003845,4961
6292600,9156,137.9999999999966,1346
6292781,9157,14.59999999999996,181
6301814,9158,841.90000000012,9033
6304552,9159,276.8999999999955,2738
6304694,9160,8.599999999999973,142
6304800,9161,8.299999999999983,106
6306565,9162,169.99999999999463,1765
6311299,9163,429.4000000000273,4734
6315698,9164,413.6000000000257,4399
6316446,9165,69.80000000000011,748
6322765,9166,601.1000000000654,6319
6326030,9167,318.20000000000425,3265
6328656,9168,220.99999999999048,2626
6332184,9169,322.00000000000534,3528
6341362,9170,875.6000000001264,9178
6346096,9171,442.00000000003155,4734
6355804,9172,912.4000000001367,9708
6356023,9173,15.099999999999952,219
6356164,9174,7.899999999999979,141
6356231,9175,3.4999999999999964,67
6357919,9176,141.29999999999652,1688
6359381,9177,129.49999999999693,1462
6359487,9178,5.299999999999991,106
6366034,9179,612.5000000000697,6547
6366216,9180,15.299999999999962,182
6366286,9181,5.599999999999994,70
6389477,9182,2188.099999999125,23191
6390070,9183,30.300000000000253,593
6390931,9184,68.80000000000022,861
6393405,9185,248.39999999999088,2474
6393474,9186,4.299999999999996,69
6397160,9187,333.0000000000094,3686
6398057,9188,87.09999999999928,897
6399966,9189,145.39999999999512,1909
6403947,9190,370.3000000000162,3981
6406200,9191,210.69999999999226,2253
6406496,9192,23.400000000000105,296
6419406,9193,1175.9000000000215,12910
6419510,9194,5.699999999999988,104
6420067,9195,52.80000000000046,557
6424012,9196,357.4000000000139,3945
6424570,9197,51.70000000000048,558
6427085,9198,236.59999999999073,2515
6433290,9199,574.4000000000633,6205
6435846,9200,239.79999999999058,2556
6435951,9201,5.799999999999987,105
6438011,9202,197.09999999999314,2060
6441245,9203,293.19999999999965,3234
6441349,9204,8.099999999999984,104
6446314,9205,472.9000000000386,4965
6451017,9206,426.6000000000294,4703
6452139,9207,95.79999999999872,1122
6455781,9208,353.50000000001194,3642
6459725,9209,350.10000000001355,3944
6475613,9210,1490.1999999997352,15888
6479221,9211,350.40000000001044,3608
6479327,9212,8.299999999999983,106
6483013,9213,349.2000000000113,3686
6483118,9214,6.399999999999984,105
6491056,9215,759.1000000001003,7938
6497490,9216,582.3000000000649,6434
6497708,9217,17.399999999999995,218
6499391,9218,155.79999999999535,1683
6500704,9219,109.79999999999777,1313
6501262,9220,46.300000000000445,558
6511574,9221,959.0000000001462,10312
6516010,9222,405.00000000002615,4436
6516488,9223,43.10000000000036,478
6524391,9224,709.1000000000962,7903
6524496,9225,6.399999999999984,105
6525018,9226,33.400000000000375,522
6526964,9227,191.39999999999384,1946
6532413,9228,473.6000000000433,5449
6534323,9229,192.29999999999376,1910
6547796,9230,1270.8999999999373,13473
6551934,9231,388.40000000002044,4138
6561566,9232,858.6000000001262,9632
6561672,9233,8.299999999999983,106
6562908,9234,124.89999999999735,1236
6567930,9235,475.9000000000423,5022
6577753,9236,908.6000000001411,9823
6582073,9237,430.90000000002743,4320
6582143,9238,5.599999999999994,70
6592157,9239,942.400000000146,10014
6594632,9240,238.29999999999092,2475
6594701,9241,4.299999999999996,69
6598572,9242,377.6000000000176,3871
6604102,9243,498.50000000004735,5530
6605937,9244,166.79999999999467,1835
6607281,9245,129.9999999999967,1344
6607421,9246,9.599999999999973,140
6607527,9247,6.499999999999984,106
6607782,9248,13.599999999999948,255
6610600,9249,245.29999999998947,2818
6632401,9250,2025.3999999992268,21801
6632581,9251,10.29999999999997,180
6643871,9252,1035.2000000001556,11290
6643940,9253,5.499999999999995,69
6648711,9254,436.4000000000321,4771
6649120,9255,38.60000000000027,409
6649226,9256,7.099999999999984,106
6649294,9257,5.399999999999995,68
6649400,9258,8.299999999999983,106
6654736,9259,504.0000000000461,5336
6654842,9260,10.09999999999998,106
6655023,9261,15.799999999999969,181
6657535,9262,243.49999999999065,2512
6657718,9263,14.799999999999956,183
6658163,9264,26.900000000000233,445
6662935,9265,447.3000000000351,4772
6666282,9266,307.2000000000025,3347
6672937,9267,626.6000000000731,6655
6675074,9268,204.19999999999274,2137
6680265,9269,486.5000000000431,5191
6681840,9270,142.29999999999575,1575
6681907,9271,4.699999999999998,67
6706385,9272,2293.999999998983,24478
6706489,9273,5.699999999999988,104
6706557,9274,5.399999999999995,68
6709071,9275,240.0999999999907,2514
6709175,9276,8.099999999999984,104
6713910,9277,446.3000000000329,4735
6718004,9278,366.30000000001473,4094
6718978,9279,95.99999999999879,974
6720969,9280,192.59999999999357,1991
6721562,9281,50.70000000000047,593
6725543,9282,373.9000000000153,3981
6735927,9283,1012.400000000154,10384
6738668,9284,256.1999999999901,2741
6738887,9285,16.899999999999963,219
6738992,9286,6.999999999999984,105
6743504,9287,431.2000000000288,4512
6745077,9288,152.2999999999958,1573
6745408,9289,29.000000000000163,331
6745478,9290,5.599999999999994,70
6746259,9291,76.3999999999998,781
6746362,9292,7.399999999999983,103
6754152,9293,754.5000000000979,7790
6758096,9294,366.3000000000151,3944
6762460,9295,415.80000000002417,4364
6764180,9296,162.7999999999949,1720
6764250,9297,5.599999999999994,70
6764317,9298,4.699999999999998,67
6765096,9299,73.80000000000013,779
6767835,9300,262.5999999999917,2739
6774075,9301,584.8000000000656,6240
6777490,9302,326.6000000000066,3415
6783436,9303,575.2000000000606,5946
6787268,9304,375.80000000001644,3832
6787373,9305,5.199999999999992,105
6788984,9306,138.3999999999957,1611
6789090,9307,7.099999999999984,106
6790019,9308,82.19999999999968,929
6798147,9309,773.000000000104,8128
6799756,9310,154.39999999999588,1609
6803966,9311,399.800000000022,4210
6808965,9312,461.0000000000366,4999
6819919,9313,995.3000000001576,10954
6829139,9314,886.1000000001287,9220
6831652,9315,231.59999999999076,2513
6833337,9316,157.19999999999507,1685
6835059,9317,154.59999999999525,1722
6835128,9318,4.299999999999996,69
6835720,9319,55.40000000000049,592
6839329,9320,346.30000000000825,3609
6843616,9321,406.30000000002224,4287
6850199,9322,613.4000000000668,6583
6851207,9323,96.09999999999857,1008
6855151,9324,389.7000000000186,3944
6856500,9325,119.69999999999699,1349
6856680,9326,12.099999999999962,180
6856746,9327,4.599999999999999,66
6861220,9328,422.9000000000278,4474
6862004,9329,80.29999999999964,784
6862786,9330,70.5000000000002,782
6862892,9331,8.299999999999983,106
6863709,9332,77.29999999999983,817
6864117,9333,27.70000000000015,408
6864558,9334,29.50000000000023,441
6869407,9335,446.00000000003536,4849
6875988,9336,599.4000000000676,6581
6886940,9337,1025.7000000001583,10952
6893145,9338,563.0000000000634,6205
6895398,9339,206.49999999999235,2253
6899794,9340,416.300000000024,4396
6899897,9341,7.999999999999982,103
6913936,9342,1329.5999999998985,14039
6915732,9343,169.19999999999476,1796
6915873,9344,8.499999999999972,141
6917222,9345,119.69999999999715,1349
6917498,9346,22.30000000000009,276
6917679,9347,13.39999999999996,181
6924335,9348,633.3000000000725,6656
6924589,9349,18.900000000000002,254
6924730,9350,9.099999999999975,141
6924836,9351,6.499999999999984,106
6925018,9352,17.69999999999999,182
6928889,9353,370.40000000001544,3871
6929072,9354,13.59999999999996,183
6930792,9355,162.79999999999504,1720
6934097,9356,305.7000000000022,3305
6934203,9357,6.499999999999984,106
6934422,9358,17.499999999999996,219
6935993,9359,150.89999999999583,1571
6936470,9360,34.00000000000018,477
6939591,9361,297.1999999999987,3121
6939694,9362,5.599999999999989,103
6941491,9363,167.49999999999474,1797
6942575,9364,97.69999999999833,1084
6964563,9365,2035.9999999992517,21988
6965458,9366,69.50000000000031,895
6983639,9367,1698.7999999995695,18181
6984908,9368,118.29999999999752,1269
6993905,9369,846.4000000001187,8997
6994313,9370,21.10000000000002,408
6994493,9371,12.69999999999996,180
7001004,9372,612.800000000071,6511
7001073,9373,4.299999999999998,69
7002612,9374,143.79999999999617,1539
7002794,9375,14.099999999999959,182
7002977,9376,9.999999999999963,183
7003196,9377,17.500000000000014,219
7003264,9378,5.399999999999995,68
7010411,9379,659.3000000000818,7147
7010478,9380,4.699999999999998,67
7010581,9381,7.999999999999984,103
7013055,9382,235.19999999999143,2474
7018731,9383,523.3000000000525,5676
7019325,9384,43.000000000000384,594
7020222,9385,86.49999999999928,897
7020518,9386,22.800000000000086,296
7026611,9387,595.3000000000653,6093
7027133,9388,51.40000000000046,522
7029576,9389,232.39999999999122,2443
7030134,9390,51.700000000000465,558
7030202,9391,5.399999999999995,68
7031628,9392,136.9999999999964,1426
7033539,9393,182.1999999999939,1911
7033757,9394,14.399999999999949,218
7034164,9395,29.400000000000162,407
7040367,9396,585.0000000000648,6203
7045631,9397,481.20000000004234,5264
7047283,9398,146.39999999999557,1652
7051943,9399,437.6000000000312,4660
7052010,9400,4.699999999999998,67
7053845,9401,182.9999999999942,1835
7054064,9402,13.29999999999995,219
7056349,9403,227.39999999999196,2285
7070318,9404,1291.9999999999172,13969
7070953,9405,48.60000000000044,635
7075803,9406,462.90000000003533,4850
7075908,9407,6.399999999999984,105
7076387,9408,37.20000000000023,479
7082672,9409,607.6000000000666,6285
7083004,9410,30.900000000000166,332
7087513,9411,422.5000000000278,4509
7087730,9412,16.69999999999996,217
7091787,9413,382.7000000000195,4057
7098558,9414,625.9000000000751,6771
7105556,9415,667.200000000083,6998
7109536,9416,399.0000000000209,3980
7109604,9417,5.399999999999995,68
7113097,9418,332.00000000000716,3493
7113877,9419,69.70000000000027,780
7114018,9420,9.699999999999973,141
7115516,9421,138.19999999999612,1498
7126014,9422,992.9000000001558,10498
7132481,9423,615.3000000000696,6467
7138232,9424,561.4000000000559,5751
7140065,9425,163.59999999999448,1833
7149019,9426,862.8000000001244,8954
7149085,9427,4.599999999999996,66
7149417,9428,26.700000000000134,332
7150504,9429,103.39999999999839,1087
7163603,9430,1216.6999999999869,13099
7165550,9431,186.69999999999376,1947
7168255,9432,251.09999999998985,2705
7176609,9433,775.8000000001091,8354
7176677,9434,5.399999999999995,68
7183370,9435,654.100000000078,6693
7185206,9436,176.49999999999443,1836
7187795,9437,242.7999999999906,2589
7187865,9438,5.599999999999994,70
7195881,9439,739.3000000000968,8016
7197942,9440,197.79999999999305,2061
7198161,9441,16.299999999999976,219
7198266,9442,6.399999999999983,105
7209893,9443,1113.0000000000819,11627
7214402,9444,447.10000000003146,4509
7219479,9445,492.2000000000406,5077
7220711,9446,124.49999999999737,1232
7224654,9447,381.8000000000181,3943
7227133,9448,235.0999999999911,2479
7229193,9449,204.89999999999299,2060
7232269,9450,259.9999999999894,3076
7232564,9451,20.30000000000004,295
7232670,9452,6.499999999999984,106
7238571,9453,556.6000000000568,5901
7238677,9454,6.499999999999986,106
7241190,9455,233.3999999999909,2513
7241293,9456,8.599999999999982,103
7250437,9457,858.700000000126,9144
7251254,9458,76.09999999999984,817
7259530,9459,769.8000000001048,8276
7262945,9460,315.20000000000636,3415
7273555,9461,1020.000000000157,10610
7273850,9462,20.900000000000055,295
7273956,9463,7.099999999999982,106
7275305,9464,128.0999999999971,1349
7275488,9465,14.799999999999958,183
7275742,9466,18.90000000000003,254
7275848,9467,8.299999999999983,106
7279605,9468,356.9000000000132,3757
7288296,9469,858.4000000001195,8691
7293146,9470,464.1000000000339,4850
7299503,9471,586.6000000000662,6357
7300549,9472,99.59999999999884,1046
7300804,9473,23.80000000000006,255
7305765,9474,461.7000000000368,4961
7309858,9475,370.4000000000177,4093
7318248,9476,792.3000000001064,8390
7321892,9477,355.50000000001245,3644
7322900,9478,91.89999999999901,1008
7323266,9479,20.20000000000003,366
7330830,9480,724.1000000000927,7564
7330900,9481,5.599999999999994,70
7331082,9482,9.899999999999967,182
7337400,9483,553.600000000058,6318
7340704,9484,325.40000000000623,3304
7358097,9485,1643.6999999996037,17393
7360610,9486,230.39999999999077,2513
7360713,9487,6.799999999999984,103
7360893,9488,15.099999999999959,180
7361225,9489,24.30000000000012,332
7361329,9490,8.699999999999983,104
7361469,9491,9.599999999999977,140
7361537,9492,5.399999999999995,68
7363076,9493,147.3999999999958,1539
7366115,9494,279.39999999999515,3039
7366183,9495,5.399999999999995,68
7366402,9496,15.099999999999948,219
7366620,9497,18.60000000000001,218
7373316,9498,617.2000000000714,6696
7377942,9499,430.30000000003093,4626
7378235,9500,24.300000000000104,293
7378377,9501,7.999999999999973,142
7382885,9502,439.2000000000314,4508
7392628,9503,908.4000000001381,9743
7392697,9504,4.299999999999996,69
7392839,9505,9.799999999999974,142
7392945,9506,8.299999999999983,106
7393876,9507,90.79999999999919,931
7394808,9508,86.09999999999913,932
7394878,9509,5.599999999999994,70
7395097,9510,15.099999999999948,219
7400171,9511,467.9000000000385,5074
7400876,9512,69.40000000000022,705
7405498,9513,429.90000000002794,4622
7406056,9514,30.700000000000344,558
7406311,9515,12.999999999999941,255
7408936,9516,222.69999999999064,2625
7426101,9517,1641.299999999621,17165
7426170,9518,4.299999999999996,69
7426350,9519,11.49999999999996,180
7429878,9520,331.0000000000087,3528
7432208,9521,203.39999999999222,2330
7439882,9522,726.4000000000962,7674
7449589,9523,893.1000000001324,9707
7450825,9524,115.89999999999773,1236
7450895,9525,5.599999999999994,70
7451190,9526,23.900000000000087,295
7460448,9527,859.0000000001229,9258
7464021,9528,335.2000000000076,3573
7464124,9529,4.999999999999986,103
7464342,9530,14.999999999999948,218
7477553,9531,1214.3999999999946,13211
7490876,9532,1254.099999999956,13323
7495353,9533,417.2000000000287,4477
7499410,9534,389.90000000002027,4057
7499627,9535,13.69999999999995,217
7500860,9536,90.39999999999917,1233
7500929,9537,4.299999999999996,69
7505550,9538,416.00000000002655,4621
7505881,9539,26.600000000000108,331
7506326,9540,40.10000000000028,445
7508162,9541,162.09999999999476,1836
7508268,9542,8.299999999999983,106
7526149,9543,1675.3999999995665,17881
7532692,9544,616.9000000000722,6543
7532798,9545,5.299999999999985,106
7533885,9546,106.39999999999834,1087
7534443,9547,58.30000000000049,558
7534509,9548,4.599999999999996,66
7534577,9549,3.599999999999995,68
7539574,9550,469.20000000003904,4997
7539755,9551,12.799999999999962,181
7539974,9552,16.29999999999996,219
7540228,9553,17.099999999999973,254
7540333,9554,8.799999999999983,105
7540403,9555,5.599999999999994,70
7545063,9556,446.600000000032,4660
7546787,9557,161.39999999999486,1724
7547231,9558,36.4000000000003,444
7548015,9559,39.50000000000033,784
7553283,9560,496.60000000004084,5268
7555568,9561,236.99999999999153,2285
7555674,9562,7.099999999999984,106
7555780,9563,7.099999999999984,106
7557012,9564,122.69999999999746,1232
7565706,9565,829.3000000001172,8694
7573076,9566,656.4000000000834,7370
7576422,9567,311.9000000000033,3346
7577920,9568,136.39999999999628,1498
7578026,9569,7.099999999999984,106
7578805,9570,78.59999999999982,779
7592206,9571,1205.4999999999914,13401
7596038,9572,362.00000000001165,3832
7596483,9573,44.90000000000035,445
7596588,9574,6.399999999999984,105
7597404,9575,65.80000000000057,816
7600819,9576,297.19999999999874,3415
7610381,9577,907.4000000001338,9562
7611536,9578,110.19999999999806,1155
7620081,9579,840.2000000001179,8545
7630165,9580,938.6000000001453,10084
7631512,9581,124.2999999999971,1347
7631879,9582,28.10000000000015,367
7635484,9583,339.9000000000095,3605
7636942,9584,126.0999999999971,1458
7642811,9585,563.3000000000577,5869
7648226,9586,528.7000000000509,5415
7649494,9587,127.19999999999723,1268
7653700,9588,409.60000000002316,4206
7653955,9589,21.40000000000005,255
7654022,9590,4.699999999999998,67
7655403,9591,136.99999999999673,1381
7668616,9592,1278.7999999999151,13213
7670529,9593,173.999999999994,1913
7671575,9594,95.99999999999874,1046
7671681,9595,9.499999999999982,106
7684746,9596,1254.99999999995,13065
7688578,9597,357.8000000000121,3832
7688648,9598,5.599999999999994,70
7689918,9599,113.59999999999741,1270
7697854,9600,781.700000000102,7936
7699767,9601,179.99999999999406,1913
7706685,9602,661.000000000081,6918
7706790,9603,5.199999999999992,105
7707912,9604,108.39999999999802,1122
7709935,9605,185.89999999999327,2023
7714558,9606,425.8000000000288,4623
7716581,9607,190.09999999999337,2023
7724744,9608,759.4000000001007,8163
7727074,9609,225.59999999999184,2330
7727142,9610,5.399999999999995,68
7727248,9611,6.499999999999984,106
7727353,9612,5.799999999999987,105
7739211,9613,1130.7000000000683,11858
7743195,9614,363.4000000000139,3984
7743637,9615,28.400000000000137,442
7743820,9616,14.799999999999958,183
7746446,9617,256.3999999999902,2626
7756042,9618,914.7000000001352,9596
7756111,9619,4.299999999999998,69
7756179,9620,5.399999999999995,68
7776434,9621,1932.299999999348,20255
7777295,9622,81.39999999999938,861
7777817,9623,46.600000000000364,522
7777886,9624,4.299999999999998,69
7778068,9625,13.49999999999996,182
7782581,9626,422.9000000000286,4513
7783591,9627,97.49999999999862,1010
7783771,9628,13.89999999999996,180
7785907,9629,208.2999999999928,2136
7788985,9630,306.4000000000008,3078
7792589,9631,322.40000000000475,3604
7792917,9632,18.5,328
7794827,9633,186.89999999999415,1910
7795870,9634,100.49999999999858,1043
7798494,9635,244.19999999999064,2624
7798635,9636,7.8999999999999755,141
7798740,9637,8.799999999999983,105
7803512,9638,437.10000000002987,4772
7803695,9639,13.599999999999959,183
7811033,9640,688.3000000000861,7338
7813318,9641,220.79999999999202,2285
7814101,9642,59.800000000000715,783
7814207,9643,7.099999999999982,106
7823386,9644,849.3000000001244,9179
7828383,9645,502.20000000004046,4997
7829425,9646,98.59999999999866,1042
7829531,9647,6.499999999999983,106
7830875,9648,126.39999999999688,1344
7831241,9649,13.599999999999907,366
7831424,9650,11.799999999999962,183
7831530,9651,6.499999999999984,106
7831747,9652,15.499999999999957,217
7833379,9653,141.09999999999573,1632
7834353,9654,101.3999999999987,974
7834796,9655,37.50000000000028,443
7834979,9656,15.999999999999972,183
7835347,9657,17.99999999999997,368
7837449,9658,196.79999999999328,2102
7843577,9659,587.1000000000616,6128
7847557,9660,375.0000000000159,3980
7847623,9661,4.599999999999999,66
7851267,9662,339.9000000000076,3644
7852425,9663,112.29999999999781,1158
7861944,9664,897.4000000001333,9519
7867587,9665,553.3000000000543,5643
7878088,9666,998.6000000001534,10501
7878193,9667,8.199999999999983,105
7883834,9668,526.10000000005,5641
7884165,9669,29.000000000000153,331
7895154,9670,1051.3000000001348,10989
7905317,9671,936.300000000145,10163
7905422,9672,6.399999999999984,105
7905528,9673,9.49999999999998,106
7905711,9674,12.99999999999996,183
7907056,9675,116.89999999999733,1345
7911567,9676,426.3000000000267,4511
7911843,9677,15.700000000000024,276
7912061,9678,17.99999999999999,218
7912166,9679,8.799999999999983,105
7913854,9680,161.0999999999952,1688
7916139,9681,212.3999999999923,2285
7919443,9682,279.19999999999595,3304
7926100,9683,645.4000000000752,6657
7926282,9684,14.099999999999957,182
7927030,9685,74.0000000000001,748
7930897,9686,370.60000000001617,3867
7931112,9687,15.899999999999956,215
7931294,9688,12.89999999999996,182
7932113,9689,61.3000000000006,819
7935383,9690,304.3000000000024,3270
7938540,9691,292.69999999999817,3157
7944517,9692,579.8000000000616,5977
7948009,9693,335.5000000000081,3492
7951086,9694,269.0999999999921,3077
7954354,9695,309.5000000000015,3268
7954645,9696,27.10000000000011,291
7957763,9697,291.4999999999984,3118
7959372,9698,155.59999999999565,1609
7966517,9699,662.1000000000838,7145
7966700,9700,15.399999999999963,183
7966766,9701,4.599999999999996,66
7971956,9702,490.600000000044,5190
7975710,9703,351.20000000001113,3754
7975852,9704,9.199999999999974,142
7975921,9705,4.299999999999998,69
7976512,9706,55.9000000000005,591
7977861,9707,125.09999999999701,1349
7977927,9708,4.599999999999996,66
7982021,9709,393.30000000002076,4094
7982163,9710,9.799999999999972,142
7985317,9711,285.7999999999984,3154
7997478,9712,1116.6000000000777,12161
