timestep,episode,reward,length
1073,0,-7.499999999999998,50
1123,1,-8.099999999999998,50
1173,2,-7.499999999999998,50
1223,3,-8.099999999999998,50
1273,4,-8.099999999999998,50
1323,5,-8.099999999999998,50
1373,6,-6.899999999999999,50
1423,7,-8.099999999999998,50
1473,8,-8.099999999999998,50
1523,9,-8.7,50
1573,10,-8.099999999999998,50
1623,11,-7.499999999999998,50
1673,12,-8.099999999999998,50
1723,13,-8.7,50
1773,14,-7.499999999999998,50
1823,15,-7.499999999999998,50
1873,16,-6.899999999999999,50
1923,17,-8.099999999999998,50
1973,18,-7.499999999999998,50
2023,19,-8.099999999999998,50
2073,20,-8.7,50
2123,21,-8.7,50
2173,22,-6.899999999999999,50
2223,23,-8.7,50
2273,24,-8.7,50
2323,25,-8.7,50
2373,26,-8.7,50
2423,27,-8.099999999999998,50
2473,28,-8.099999999999998,50
2523,29,-3.299999999999998,50
2573,30,-7.499999999999998,50
2623,31,-8.7,50
2673,32,-9.299999999999999,50
2723,33,-6.299999999999999,50
2773,34,-8.099999999999998,50
2823,35,-8.099999999999998,50
2873,36,-7.499999999999998,50
2923,37,-6.899999999999999,50
2973,38,-8.7,50
3023,39,-8.099999999999998,50
3073,40,-8.099999999999998,50
3123,41,-8.099999999999998,50
3173,42,-8.099999999999998,50
3223,43,-6.299999999999999,50
3273,44,-5.699999999999998,50
3323,45,-8.099999999999998,50
3373,46,-5.699999999999998,50
3423,47,-8.7,50
3473,48,-8.099999999999998,50
3523,49,-7.499999999999998,50
3573,50,-8.099999999999998,50
3623,51,-7.499999999999998,50
3673,52,-7.499999999999998,50
3723,53,-6.299999999999999,50
3773,54,-7.499999999999998,50
3823,55,-7.499999999999998,50
3873,56,-7.499999999999998,50
3923,57,-8.099999999999998,50
3973,58,-8.099999999999998,50
4023,59,-8.7,50
4073,60,-8.099999999999998,50
4123,61,-8.099999999999998,50
4173,62,-8.099999999999998,50
4223,63,-8.7,50
4273,64,-7.499999999999998,50
4323,65,-8.7,50
4373,66,-8.7,50
4423,67,-8.099999999999998,50
4473,68,-6.899999999999999,50
4523,69,-8.7,50
4573,70,-8.7,50
4623,71,-8.099999999999998,50
4673,72,-8.7,50
4723,73,-7.499999999999998,50
4773,74,-8.099999999999998,50
4823,75,-6.299999999999999,50
4873,76,-8.099999999999998,50
4923,77,-8.099999999999998,50
4973,78,-7.499999999999998,50
5023,79,-6.899999999999999,50
5073,80,-7.499999999999998,50
5123,81,-7.499999999999998,50
5173,82,-8.099999999999998,50
5223,83,-5.699999999999998,50
5273,84,-5.099999999999998,50
5323,85,-3.299999999999998,50
5373,86,-8.7,50
5423,87,-8.099999999999998,50
5473,88,-8.7,50
5523,89,-7.499999999999998,50
5573,90,-8.099999999999998,50
5623,91,-8.7,50
5673,92,-6.299999999999999,50
5723,93,-6.899999999999999,50
5773,94,-8.7,50
5823,95,-3.299999999999998,50
5873,96,-7.499999999999998,50
5923,97,-7.499999999999998,50
5973,98,-8.099999999999998,50
6023,99,-7.499999999999998,50
6073,100,-8.7,50
6123,101,-8.7,50
6173,102,-6.899999999999999,50
6223,103,-5.099999999999998,50
6273,104,-5.699999999999998,50
6323,105,-8.7,50
6373,106,-6.899999999999999,50
6423,107,-7.499999999999998,50
6473,108,-6.299999999999999,50
6523,109,-3.899999999999998,50
6573,110,-5.099999999999998,50
6623,111,-5.699999999999998,50
6673,112,-6.299999999999999,50
6723,113,-6.299999999999999,50
6773,114,-8.7,50
6823,115,-3.299999999999998,50
6873,116,-8.099999999999998,50
6923,117,-6.899999999999999,50
6973,118,-7.499999999999998,50
7023,119,-5.699999999999998,50
7073,120,-3.899999999999998,50
7123,121,-7.499999999999998,50
7173,122,-3.899999999999998,50
7223,123,-6.299999999999999,50
7273,124,-5.699999999999998,50
7323,125,-1.4999999999999982,50
7373,126,-4.499999999999998,50
7423,127,-6.899999999999999,50
7473,128,-3.899999999999998,50
7523,129,-5.099999999999998,50
7573,130,-8.099999999999998,50
7623,131,-8.099999999999998,50
7673,132,-8.099999999999998,50
7723,133,-6.299999999999999,50
7773,134,-2.099999999999998,50
7823,135,-7.499999999999998,50
7873,136,-6.299999999999999,50
7923,137,-6.899999999999999,50
7973,138,-7.499999999999998,50
8023,139,-5.099999999999998,50
8073,140,-5.099999999999998,50
8123,141,-1.4999999999999982,50
8173,142,-6.299999999999999,50
8223,143,-7.499999999999998,50
8273,144,-6.899999999999999,50
8323,145,-3.899999999999998,50
8373,146,-0.8999999999999986,50
8423,147,-5.699999999999998,50
8473,148,-3.899999999999998,50
8523,149,-5.099999999999998,50
8573,150,-5.099999999999998,50
8623,151,-6.899999999999999,50
8673,152,-5.699999999999998,50
8723,153,-5.099999999999998,50
8773,154,-2.099999999999998,50
8823,155,-0.8999999999999986,50
8873,156,-6.299999999999999,50
8923,157,-6.299999999999999,50
8973,158,-5.099999999999998,50
9023,159,-5.099999999999998,50
9073,160,-0.8999999999999986,50
9123,161,-2.699999999999998,50
9173,162,-0.8999999999999986,50
9223,163,-3.299999999999998,50
9273,164,-2.099999999999998,50
9323,165,-5.699999999999998,50
9373,166,-0.8999999999999986,50
9423,167,-2.099999999999998,50
9473,168,-0.8999999999999986,50
9523,169,-5.699999999999998,50
9573,170,-0.8999999999999986,50
9623,171,-4.499999999999998,50
9673,172,-0.8999999999999986,50
9723,173,-3.899999999999998,50
9773,174,-0.8999999999999986,50
9823,175,-1.4999999999999982,50
9873,176,-0.8999999999999986,50
9923,177,-3.899999999999998,50
9973,178,-4.499999999999998,50
10023,179,-3.299999999999998,50
10073,180,-5.099999999999998,50
10123,181,-6.299999999999999,50
10173,182,-0.8999999999999986,50
10223,183,-0.8999999999999986,50
10273,184,-0.8999999999999986,50
10323,185,-0.8999999999999986,50
10373,186,-2.699999999999998,50
10423,187,-0.8999999999999986,50
10473,188,-0.8999999999999986,50
10523,189,-0.8999999999999986,50
10573,190,-1.4999999999999982,50
10623,191,-0.8999999999999986,50
10673,192,-0.8999999999999986,50
10723,193,-3.899999999999998,50
10773,194,-0.8999999999999986,50
10823,195,-4.499999999999998,50
10873,196,-4.499999999999998,50
10923,197,-4.499999999999998,50
10973,198,-4.499999999999998,50
11023,199,-0.8999999999999986,50
11073,200,-2.099999999999998,50
11123,201,-4.499999999999998,50
11173,202,-0.8999999999999986,50
11223,203,-2.099999999999998,50
11273,204,-0.8999999999999986,50
11323,205,-0.8999999999999986,50
11373,206,-0.8999999999999986,50
11423,207,-0.8999999999999986,50
11473,208,-0.8999999999999986,50
11523,209,-1.4999999999999982,50
11573,210,1.5,50
11623,211,-0.8999999999999986,50
11673,212,-0.8999999999999986,50
11723,213,-0.8999999999999986,50
11773,214,-0.8999999999999986,50
11823,215,-0.8999999999999986,50
11873,216,-2.099999999999998,50
11923,217,-5.099999999999998,50
11973,218,-1.4999999999999982,50
12023,219,-0.8999999999999986,50
12073,220,-0.8999999999999986,50
12123,221,-8.099999999999998,50
12173,222,-0.8999999999999986,50
12223,223,-0.29999999999999893,50
12273,224,-0.8999999999999986,50
12323,225,-0.8999999999999986,50
12373,226,-0.8999999999999986,50
12423,227,-0.8999999999999986,50
12473,228,-0.8999999999999986,50
12523,229,-0.8999999999999986,50
12573,230,-0.8999999999999986,50
12623,231,-0.8999999999999986,50
12673,232,-0.8999999999999986,50
12723,233,-0.8999999999999986,50
12773,234,-0.8999999999999986,50
12823,235,-0.8999999999999986,50
12873,236,-0.8999999999999986,50
12923,237,-0.8999999999999986,50
12973,238,0.9000000000000004,50
13023,239,-0.8999999999999986,50
13073,240,-0.8999999999999986,50
13123,241,-0.8999999999999986,50
13173,242,-0.8999999999999986,50
13223,243,-0.8999999999999986,50
13273,244,-0.8999999999999986,50
13323,245,-0.8999999999999986,50
13373,246,-0.8999999999999986,50
13423,247,-0.8999999999999986,50
13473,248,-0.8999999999999986,50
13523,249,-0.8999999999999986,50
13573,250,-0.8999999999999986,50
13623,251,-0.8999999999999986,50
13673,252,-0.29999999999999893,50
13723,253,-0.8999999999999986,50
13773,254,-0.8999999999999986,50
13823,255,-0.8999999999999986,50
13873,256,-1.4999999999999982,50
13923,257,-0.8999999999999986,50
13973,258,-0.8999999999999986,50
14023,259,-0.8999999999999986,50
14073,260,-0.8999999999999986,50
14123,261,-0.8999999999999986,50
14173,262,-0.8999999999999986,50
14223,263,-0.8999999999999986,50
14273,264,-0.8999999999999986,50
14323,265,-0.8999999999999986,50
14373,266,-0.8999999999999986,50
14423,267,-0.8999999999999986,50
14473,268,-0.8999999999999986,50
14523,269,-0.8999999999999986,50
14573,270,-0.8999999999999986,50
14623,271,-0.8999999999999986,50
14673,272,-0.8999999999999986,50
14723,273,-0.8999999999999986,50
14773,274,2.6999999999999993,50
14823,275,-0.8999999999999986,50
14873,276,-0.8999999999999986,50
14923,277,2.0999999999999996,50
14973,278,-0.8999999999999986,50
15023,279,-0.8999999999999986,50
15073,280,-0.8999999999999986,50
15123,281,-0.29999999999999893,50
15173,282,-0.8999999999999986,50
15223,283,-0.8999999999999986,50
15273,284,-0.8999999999999986,50
15323,285,-0.8999999999999986,50
15373,286,-0.8999999999999986,50
15423,287,-0.8999999999999986,50
15473,288,-0.8999999999999986,50
15523,289,-0.8999999999999986,50
15609,290,-1.799999999999998,86
15659,291,-0.8999999999999986,50
15709,292,-0.8999999999999986,50
15759,293,2.6999999999999993,50
15809,294,-0.8999999999999986,50
15859,295,-0.29999999999999893,50
15909,296,-0.8999999999999986,50
15959,297,-0.8999999999999986,50
16009,298,-0.8999999999999986,50
16059,299,1.5,50
16113,300,0.700000000000002,54
16163,301,-0.8999999999999986,50
16213,302,-0.8999999999999986,50
16263,303,-0.8999999999999986,50
16313,304,-0.8999999999999986,50
16363,305,-0.8999999999999986,50
16413,306,-0.8999999999999986,50
16463,307,-0.8999999999999986,50
16513,308,-0.8999999999999986,50
16564,309,2.799999999999999,51
16614,310,2.0999999999999996,50
16664,311,-0.29999999999999893,50
16714,312,-0.8999999999999986,50
16764,313,-0.8999999999999986,50
16814,314,-0.29999999999999893,50
16864,315,-0.8999999999999986,50
16915,316,1.6000000000000019,51
16965,317,-0.29999999999999893,50
17015,318,-0.8999999999999986,50
17065,319,-0.8999999999999986,50
17115,320,-0.8999999999999986,50
17165,321,-0.8999999999999986,50
17215,322,-0.8999999999999986,50
17265,323,-0.8999999999999986,50
17315,324,-0.8999999999999986,50
17365,325,-0.8999999999999986,50
17415,326,0.3000000000000007,50
17465,327,2.0999999999999996,50
17515,328,-0.8999999999999986,50
17565,329,1.5,50
17615,330,-0.8999999999999986,50
17665,331,-0.8999999999999986,50
17721,332,3.299999999999997,56
17771,333,-0.8999999999999986,50
17821,334,-0.8999999999999986,50
17871,335,-0.8999999999999986,50
17921,336,-0.8999999999999986,50
17971,337,2.0999999999999996,50
18021,338,-0.8999999999999986,50
18073,339,1.700000000000001,52
18123,340,-0.8999999999999986,50
18173,341,-0.8999999999999986,50
18232,342,-2.3999999999999986,59
18282,343,-0.8999999999999986,50
18368,344,-1.199999999999997,86
18418,345,2.0999999999999996,50
18468,346,0.3000000000000007,50
18518,347,1.5,50
18573,348,-0.39999999999999813,55
18659,349,-2.4000000000000004,86
18709,350,-0.8999999999999986,50
18773,351,2.0000000000000027,64
18830,352,1.0000000000000022,57
18883,353,1.200000000000002,53
18933,354,-0.8999999999999986,50
18983,355,-0.8999999999999986,50
19069,356,-5.999999999999997,86
19129,357,-2.8999999999999986,60
19179,358,-0.8999999999999986,50
19229,359,-0.8999999999999986,50
19315,360,-0.5999999999999988,86
19365,361,0.3000000000000007,50
19415,362,-0.8999999999999986,50
19465,363,-0.8999999999999986,50
19515,364,-0.8999999999999986,50
19565,365,2.0999999999999996,50
19628,366,0.700000000000002,63
19714,367,-2.3999999999999972,86
19764,368,1.5,50
19814,369,2.6999999999999993,50
19864,370,-0.8999999999999986,50
19914,371,0.9000000000000004,50
19964,372,0.9000000000000004,50
20016,373,2.8999999999999986,52
20066,374,-0.8999999999999986,50
20117,375,2.799999999999999,51
20167,376,1.5,50
20217,377,0.9000000000000004,50
20269,378,2.8999999999999986,52
20319,379,0.3000000000000007,50
20369,380,-0.8999999999999986,50
20425,381,3.299999999999997,56
20475,382,0.9000000000000004,50
20532,383,1.0000000000000009,57
20582,384,2.0999999999999996,50
20633,385,2.799999999999999,51
20683,386,1.5,50
20740,387,1.0000000000000022,57
20790,388,2.0999999999999996,50
20848,389,2.899999999999997,58
20898,390,-0.29999999999999893,50
20953,391,2.5999999999999996,55
21006,392,2.3999999999999986,53
21057,393,2.1999999999999993,51
21107,394,-0.8999999999999986,50
21159,395,2.8999999999999986,52
21209,396,-0.8999999999999986,50
21268,397,3.599999999999996,59
21322,398,3.099999999999998,54
21372,399,-0.8999999999999986,50
21422,400,-0.8999999999999986,50
21472,401,0.3000000000000007,50
21530,402,2.899999999999997,58
21580,403,-0.8999999999999986,50
21632,404,2.8999999999999986,52
21682,405,-0.8999999999999986,50
21732,406,2.0999999999999996,50
21782,407,-0.8999999999999986,50
21836,408,3.099999999999998,54
21886,409,0.3000000000000007,50
21940,410,2.4999999999999982,54
21990,411,-0.8999999999999986,50
22040,412,-0.8999999999999986,50
22096,413,-0.29999999999999893,56
22159,414,1.3000000000000025,63
22209,415,-0.8999999999999986,50
22260,416,2.1999999999999993,51
22316,417,3.299999999999997,56
22374,418,2.899999999999997,58
22430,419,2.6999999999999975,56
22482,420,2.8999999999999986,52
22532,421,-0.8999999999999986,50
22595,422,5.499999999999995,63
22645,423,1.5,50
22695,424,1.5,50
22745,425,1.5,50
22831,426,1.799999999999998,86
22886,427,0.20000000000000195,55
22938,428,2.8999999999999986,52
23024,429,1.7999999999999954,86
23074,430,-0.8999999999999986,50
23136,431,5.399999999999995,62
23198,432,0.5999999999999999,62
23248,433,1.5,50
23314,434,2.2000000000000024,66
23365,435,2.1999999999999993,51
23415,436,-0.8999999999999986,50
23465,437,-0.29999999999999893,50
23517,438,2.8999999999999986,52
23579,439,4.799999999999995,62
23640,440,3.1999999999999957,61
23694,441,1.299999999999999,54
23750,442,2.6999999999999975,56
23811,443,3.7999999999999954,61
23869,444,3.4999999999999964,58
23919,445,2.0999999999999996,50
23969,446,1.5,50
24030,447,1.4,61
24122,448,5.399999999999986,92
24173,449,2.1999999999999993,51
24234,450,3.7999999999999954,61
24284,451,2.6999999999999993,50
24337,452,1.799999999999999,53
24406,453,3.699999999999994,69
24466,454,3.6999999999999957,60
24522,455,1.4999999999999982,56
24576,456,3.099999999999998,54
24627,457,2.799999999999999,51
24677,458,2.0999999999999996,50
24728,459,2.799999999999999,51
24780,460,2.8999999999999986,52
24830,461,2.6999999999999993,50
24880,462,1.5,50
24936,463,-0.29999999999999805,56
24990,464,0.10000000000000187,54
25050,465,2.4999999999999964,60
25100,466,1.5,50
25151,467,2.799999999999999,51
25201,468,-0.8999999999999986,50
25258,469,3.399999999999997,57
25308,470,2.6999999999999993,50
25358,471,-0.8999999999999986,50
25408,472,1.5,50
25458,473,2.0999999999999996,50
25509,474,2.799999999999999,51
25560,475,2.1999999999999993,51
25610,476,0.3000000000000007,50
25669,477,3.599999999999996,59
25723,478,3.099999999999998,54
25773,479,2.6999999999999993,50
25826,480,2.9999999999999982,53
25879,481,2.9999999999999982,53
25932,482,2.9999999999999982,53
25982,483,2.6999999999999993,50
26041,484,2.9999999999999964,59
26091,485,1.5,50
26144,486,2.9999999999999982,53
26195,487,2.799999999999999,51
26252,488,3.399999999999997,57
26312,489,0.10000000000000231,60
26362,490,2.0999999999999996,50
26419,491,3.399999999999997,57
26473,492,2.5,54
26525,493,1.6999999999999993,52
26576,494,2.1999999999999993,51
26627,495,2.799999999999999,51
26680,496,2.9999999999999982,53
26739,497,2.399999999999997,59
26792,498,2.3999999999999986,53
26842,499,2.0999999999999996,50
26892,500,0.9000000000000004,50
26943,501,2.1999999999999993,51
26993,502,2.6999999999999993,50
27048,503,3.1999999999999975,55
27099,504,2.799999999999999,51
27150,505,2.799999999999999,51
27203,506,2.9999999999999982,53
27265,507,1.3322676295501878e-15,62
27315,508,2.0999999999999996,50
27367,509,2.299999999999999,52
27424,510,2.799999999999997,57
27475,511,1.5999999999999996,51
27525,512,2.6999999999999993,50
27582,513,2.799999999999997,57
27638,514,2.6999999999999975,56
27689,515,2.1999999999999993,51
27743,516,3.099999999999998,54
27793,517,2.0999999999999996,50
27843,518,2.0999999999999996,50
27899,519,2.099999999999998,56
27953,520,1.8999999999999986,54
28015,521,4.199999999999996,62
28065,522,2.0999999999999996,50
28117,523,2.299999999999999,52
28168,524,2.799999999999999,51
28220,525,2.8999999999999986,52
28273,526,2.9999999999999982,53
28324,527,2.799999999999999,51
28375,528,2.799999999999999,51
28425,529,2.6999999999999993,50
28477,530,2.8999999999999986,52
28527,531,2.0999999999999996,50
28580,532,1.1999999999999993,53
28630,533,2.6999999999999993,50
28716,534,2.3999999999999897,86
28766,535,0.3000000000000007,50
28818,536,2.299999999999999,52
28874,537,2.099999999999998,56
28960,538,-7.105427357601002e-15,86
29010,539,2.0999999999999996,50
29060,540,1.5,50
29119,541,2.9999999999999964,59
29170,542,2.1999999999999993,51
29220,543,-0.8999999999999986,50
29271,544,2.799999999999999,51
29358,545,4.899999999999988,87
29408,546,2.6999999999999993,50
29459,547,2.799999999999999,51
29517,548,2.299999999999997,58
29567,549,0.9000000000000004,50
29623,550,2.6999999999999975,56
29673,551,2.6999999999999993,50
29736,552,5.499999999999995,63
29822,553,1.79999999999999,86
29872,554,-0.8999999999999986,50
29930,555,2.899999999999997,58
29984,556,0.700000000000002,54
30053,557,4.899999999999993,69
30107,558,3.099999999999998,54
30158,559,2.1999999999999993,51
30209,560,2.799999999999999,51
30259,561,0.3000000000000007,50
30310,562,2.799999999999999,51
30361,563,2.799999999999999,51
30411,564,1.5,50
30476,565,3.899999999999995,65
30526,566,2.0999999999999996,50
30580,567,0.700000000000002,54
30646,568,3.9999999999999947,66
30707,569,1.9999999999999964,61
30758,570,2.1999999999999993,51
30808,571,2.6999999999999993,50
30869,572,3.7999999999999954,61
30931,573,2.9999999999999996,62
30984,574,2.3999999999999986,53
31038,575,2.4999999999999982,54
31093,576,2.599999999999998,55
31153,577,3.6999999999999957,60
31204,578,2.799999999999999,51
31257,579,2.3999999999999986,53
31308,580,2.1999999999999993,51
31365,581,3.399999999999997,57
31435,582,4.399999999999993,70
31502,583,4.699999999999994,67
31556,584,3.099999999999998,54
31610,585,1.8999999999999986,54
31661,586,2.799999999999999,51
31712,587,2.799999999999999,51
31798,588,1.7999999999999918,86
31850,589,2.8999999999999986,52
31905,590,1.9999999999999982,55
31974,591,4.299999999999994,69
32039,592,3.899999999999995,65
32129,593,5.7999999999999865,90
32187,594,2.299999999999997,58
32242,595,2.599999999999998,55
32294,596,2.8999999999999986,52
32362,597,4.799999999999994,68
32419,598,2.799999999999997,57
32484,599,4.499999999999995,65
32544,600,1.3000000000000025,60
32643,601,6.999999999999984,99
32693,602,0.9000000000000004,50
32779,603,4.799999999999988,86
32829,604,2.6999999999999993,50
32879,605,2.6999999999999993,50
32947,606,4.199999999999994,68
33000,607,2.9999999999999982,53
33057,608,3.399999999999997,57
33107,609,1.5,50
33167,610,3.099999999999996,60
33233,611,3.9999999999999947,66
33302,612,1.3000000000000012,69
33372,613,4.399999999999994,70
33422,614,-0.8999999999999986,50
33474,615,2.299999999999999,52
33541,616,5.899999999999993,67
33598,617,3.399999999999997,57
33648,618,2.6999999999999993,50
33744,619,5.799999999999985,96
33804,620,3.6999999999999957,60
33862,621,2.899999999999997,58
33926,622,3.7999999999999954,64
33976,623,2.0999999999999996,50
34037,624,3.1999999999999957,61
34096,625,3.599999999999996,59
34161,626,3.899999999999995,65
34228,627,4.699999999999994,67
34298,628,4.999999999999993,70
34355,629,3.399999999999997,57
34423,630,4.799999999999994,68
34477,631,2.4999999999999982,54
34547,632,5.5999999999999925,70
34608,633,3.1999999999999957,61
34672,634,4.399999999999995,64
34771,635,5.799999999999985,99
34838,636,4.099999999999998,67
34894,637,3.299999999999997,56
34954,638,3.6999999999999957,60
35021,639,4.099999999999998,67
35081,640,3.6999999999999957,60
35176,641,3.8999999999999924,95
35241,642,3.3000000000000016,65
35298,643,3.399999999999997,57
35366,644,5.999999999999993,68
35426,645,3.6999999999999957,60
35487,646,3.7999999999999954,61
35538,647,2.1999999999999993,51
35640,648,4.299999999999985,102
35733,649,5.499999999999986,93
35788,650,3.1999999999999975,55
35847,651,3.599999999999996,59
35911,652,4.399999999999995,64
35981,653,3.7999999999999936,70
36035,654,2.4999999999999982,54
36100,655,3.899999999999995,65
36163,656,3.6999999999999957,63
36220,657,2.1999999999999975,57
36275,658,2.599999999999998,55
36333,659,3.4999999999999964,58
36387,660,3.099999999999998,54
36447,661,3.6999999999999957,60
36517,662,6.199999999999992,70
36579,663,4.799999999999995,62
36645,664,4.599999999999994,66
36707,665,4.199999999999996,62
36770,666,3.6999999999999957,63
36869,667,5.799999999999989,99
36929,668,3.6999999999999957,60
36993,669,4.999999999999995,64
37046,670,2.9999999999999982,53
37138,671,5.999999999999986,92
37193,672,3.1999999999999975,55
37252,673,2.9999999999999964,59
37322,674,4.999999999999993,70
37375,675,2.3999999999999986,53
37437,676,4.199999999999996,62
37487,677,2.6999999999999993,50
37554,678,4.699999999999994,67
37619,679,4.499999999999995,65
37679,680,3.6999999999999957,60
37743,681,3.7999999999999954,64
37804,682,1.9999999999999987,61
37861,683,3.399999999999997,57
37924,684,2.4999999999999964,63
37982,685,2.899999999999997,58
38041,686,2.9999999999999964,59
38092,687,2.1999999999999993,51
38158,688,3.9999999999999947,66
38218,689,3.6999999999999957,60
38270,690,1.0999999999999996,52
38333,691,4.899999999999995,63
38395,692,5.399999999999995,62
38451,693,3.299999999999997,56
38512,694,1.9999999999999964,61
38568,695,2.6999999999999975,56
38630,696,4.799999999999995,62
38691,697,3.1999999999999957,61
38747,698,3.299999999999997,56
38810,699,4.299999999999995,63
38873,700,4.899999999999995,63
38935,701,5.399999999999995,62
38988,702,2.9999999999999982,53
39047,703,2.9999999999999964,59
39097,704,0.9000000000000004,50
39160,705,5.499999999999995,63
39219,706,3.599999999999996,59
39269,707,0.9000000000000004,50
39332,708,5.499999999999995,63
39382,709,2.0999999999999996,50
39444,710,5.399999999999995,62
39495,711,2.799999999999999,51
39560,712,4.499999999999995,65
39617,713,2.799999999999997,57
39672,714,3.1999999999999975,55
39722,715,2.6999999999999993,50
39772,716,2.6999999999999993,50
39822,717,1.5,50
39885,718,4.299999999999995,63
39951,719,5.199999999999994,66
40005,720,1.8999999999999995,54
40068,721,4.899999999999995,63
40132,722,3.799999999999997,64
40185,723,2.9999999999999982,53
40248,724,4.899999999999995,63
40310,725,5.399999999999995,62
40360,726,2.0999999999999996,50
40420,727,3.6999999999999957,60
40482,728,5.399999999999995,62
40533,729,2.799999999999999,51
40596,730,5.499999999999995,63
40646,731,0.9000000000000004,50
40704,732,2.899999999999997,58
40767,733,5.499999999999995,63
40818,734,2.799999999999999,51
40877,735,3.599999999999996,59
40943,736,5.199999999999994,66
41007,737,4.999999999999995,64
41069,738,4.799999999999995,62
41131,739,5.399999999999995,62
41199,740,3.000000000000001,68
41261,741,4.799999999999995,62
41324,742,4.899999999999995,63
41422,743,6.299999999999985,98
41486,744,4.399999999999995,64
41545,745,3.599999999999996,59
41605,746,3.6999999999999957,60
41667,747,2.9999999999999996,62
41732,748,3.899999999999995,65
41794,749,4.799999999999995,62
41857,750,4.899999999999995,63
41919,751,2.400000000000001,62
41981,752,5.399999999999995,62
42045,753,3.1999999999999993,64
42109,754,4.999999999999995,64
42167,755,3.4999999999999964,58
42230,756,4.899999999999995,63
42282,757,2.299999999999999,52
42344,758,5.399999999999995,62
42405,759,3.1999999999999957,61
42468,760,4.899999999999995,63
42533,761,3.899999999999995,65
42596,762,4.899999999999995,63
42658,763,3.000000000000001,62
42724,764,5.199999999999994,66
42786,765,4.1999999999999975,62
42849,766,5.499999999999995,63
42909,767,3.6999999999999957,60
42974,768,3.899999999999995,65
43036,769,5.399999999999995,62
43096,770,3.099999999999996,60
43158,771,4.799999999999995,62
43223,772,4.499999999999995,65
43285,773,5.399999999999995,62
43342,774,3.399999999999997,57
43404,775,4.799999999999995,62
43467,776,4.899999999999995,63
43529,777,3.0000000000000018,62
43590,778,3.7999999999999954,61
43640,779,-0.8999999999999986,50
43699,780,2.9999999999999964,59
43762,781,5.499999999999995,63
43818,782,3.299999999999997,56
43881,783,1.3000000000000007,63
43931,784,1.5,50
43996,785,4.499999999999995,65
44057,786,2.599999999999998,61
44121,787,3.1999999999999957,64
44188,788,4.699999999999994,67
44248,789,3.6999999999999957,60
44313,790,3.899999999999995,65
44376,791,5.499999999999995,63
44439,792,4.899999999999995,63
44501,793,5.399999999999995,62
44555,794,1.8999999999999995,54
44614,795,2.3999999999999977,59
44675,796,3.1999999999999957,61
44732,797,1.6000000000000005,57
44794,798,4.799999999999995,62
44855,799,3.1999999999999957,61
44917,800,5.399999999999995,62
44981,801,4.999999999999995,64
45043,802,5.399999999999995,62
45106,803,5.499999999999995,63
45172,804,4.599999999999994,66
45235,805,5.499999999999995,63
45297,806,4.799999999999995,62
45361,807,4.999999999999995,64
45423,808,2.9999999999999996,62
45485,809,5.399999999999995,62
45547,810,4.799999999999995,62
45610,811,4.299999999999995,63
45672,812,5.399999999999995,62
45729,813,2.799999999999997,57
45791,814,4.799999999999995,62
45887,815,6.399999999999984,96
45950,816,4.899999999999997,63
46012,817,5.399999999999995,62
46074,818,3.000000000000001,62
46137,819,2.500000000000001,63
46198,820,2.0,61
46263,821,3.899999999999995,65
46319,822,3.299999999999997,56
46383,823,4.999999999999995,64
46444,824,3.7999999999999954,61
46506,825,5.399999999999995,62
46568,826,5.399999999999995,62
46630,827,4.799999999999995,62
46695,828,4.499999999999995,65
46759,829,2.5999999999999996,64
46821,830,5.399999999999995,62
46883,831,4.799999999999995,62
46946,832,4.299999999999995,63
47009,833,5.499999999999995,63
47072,834,5.499999999999995,63
47134,835,5.399999999999995,62
47198,836,4.999999999999995,64
47261,837,4.899999999999995,63
47323,838,4.1999999999999975,62
47387,839,4.399999999999995,64
47447,840,3.6999999999999957,60
47509,841,5.399999999999995,62
47574,842,2.7,65
47636,843,5.399999999999995,62
47700,844,4.399999999999995,64
47762,845,5.399999999999995,62
47825,846,4.899999999999995,63
47891,847,5.799999999999994,66
47953,848,4.799999999999995,62
48012,849,2.3999999999999977,59
48076,850,4.399999999999995,64
48139,851,4.899999999999995,63
48201,852,4.799999999999995,62
48264,853,4.299999999999995,63
48328,854,3.7999999999999954,64
48390,855,5.399999999999995,62
48452,856,5.399999999999995,62
48508,857,3.299999999999997,56
48573,858,4.499999999999995,65
48636,859,4.299999999999995,63
48699,860,5.499999999999995,63
48763,861,4.999999999999995,64
48825,862,5.399999999999995,62
48888,863,4.899999999999995,63
48950,864,4.799999999999995,62
49013,865,4.899999999999995,63
49075,866,4.799999999999995,62
49139,867,4.999999999999995,64
49202,868,5.499999999999995,63
49264,869,5.399999999999995,62
49330,870,5.199999999999994,66
49392,871,5.399999999999995,62
49456,872,4.999999999999995,64
49519,873,4.299999999999996,63
49583,874,4.999999999999995,64
49646,875,5.499999999999995,63
49709,876,5.499999999999995,63
49770,877,3.7999999999999954,61
49833,878,5.499999999999995,63
49895,879,3.000000000000001,62
49959,880,2.600000000000003,64
50022,881,5.499999999999995,63
50085,882,4.899999999999995,63
50149,883,4.399999999999995,64
50211,884,4.799999999999995,62
50274,885,4.899999999999995,63
50339,886,4.499999999999995,65
50402,887,4.899999999999995,63
50464,888,5.399999999999995,62
50526,889,4.799999999999995,62
50588,890,5.399999999999995,62
50651,891,5.499999999999995,63
50713,892,5.399999999999995,62
50776,893,4.899999999999995,63
50835,894,2.9999999999999964,59
50898,895,5.499999999999995,63
50954,896,3.299999999999997,56
51016,897,5.399999999999995,62
51075,898,2.9999999999999964,59
51136,899,3.7999999999999954,61
51197,900,1.9999999999999964,61
51261,901,4.399999999999995,64
51317,902,3.299999999999997,56
51375,903,2.899999999999997,58
51437,904,4.199999999999996,62
51499,905,5.399999999999995,62
51549,906,-0.8999999999999986,50
51607,907,2.899999999999997,58
51670,908,5.499999999999995,63
51732,909,4.799999999999995,62
51794,910,5.399999999999995,62
51858,911,4.399999999999995,64
51920,912,4.799999999999995,62
51982,913,4.799999999999995,62
52044,914,5.399999999999995,62
52107,915,4.299999999999995,63
52172,916,4.499999999999995,65
52235,917,5.499999999999995,63
52299,918,4.399999999999995,64
52363,919,4.399999999999995,64
52425,920,5.399999999999995,62
52489,921,4.999999999999995,64
52552,922,5.499999999999995,63
52615,923,5.499999999999995,63
52679,924,4.999999999999995,64
52741,925,4.799999999999995,62
52797,926,3.299999999999997,56
52863,927,4.599999999999994,66
52926,928,4.899999999999995,63
52988,929,5.399999999999995,62
53052,930,4.999999999999995,64
53114,931,4.799999999999995,62
53176,932,5.399999999999995,62
53237,933,3.1999999999999957,61
53299,934,5.399999999999995,62
53357,935,3.4999999999999964,58
53420,936,5.499999999999995,63
53483,937,5.499999999999995,63
53540,938,3.399999999999997,57
53599,939,3.599999999999996,59
53663,940,4.999999999999995,64
53729,941,5.199999999999994,66
53791,942,5.399999999999995,62
53853,943,5.399999999999995,62
53916,944,5.499999999999995,63
53970,945,2.4999999999999982,54
54032,946,4.199999999999996,62
54093,947,3.7999999999999954,61
54155,948,5.399999999999995,62
54218,949,5.499999999999995,63
54280,950,5.399999999999995,62
54343,951,5.499999999999995,63
54405,952,5.399999999999995,62
54467,953,5.399999999999995,62
54526,954,3.599999999999996,59
54589,955,5.499999999999995,63
54651,956,5.399999999999995,62
54714,957,5.499999999999995,63
54774,958,3.099999999999996,60
54836,959,5.399999999999995,62
54899,960,5.499999999999995,63
54955,961,3.299999999999997,56
55018,962,5.499999999999995,63
55080,963,5.399999999999995,62
55135,964,1.9999999999999996,55
55198,965,5.499999999999995,63
55262,966,4.999999999999995,64
55324,967,5.399999999999995,62
55384,968,3.6999999999999957,60
55445,969,3.7999999999999954,61
55507,970,3.0,62
55570,971,4.899999999999995,63
55620,972,-0.8999999999999986,50
55683,973,5.499999999999995,63
55746,974,4.899999999999995,63
55809,975,5.499999999999995,63
55871,976,5.399999999999995,62
55934,977,5.499999999999995,63
55988,978,3.099999999999998,54
56050,979,5.399999999999995,62
56110,980,3.6999999999999957,60
56172,981,4.799999999999995,62
56235,982,5.499999999999995,63
56297,983,4.799999999999995,62
56360,984,5.499999999999995,63
56422,985,5.399999999999995,62
56480,986,3.4999999999999964,58
56530,987,-0.8999999999999986,50
56592,988,5.399999999999995,62
56655,989,4.899999999999995,63
56718,990,5.499999999999995,63
56781,991,4.299999999999995,63
56840,992,2.9999999999999964,59
56902,993,4.799999999999995,62
56965,994,5.499999999999995,63
57030,995,5.099999999999994,65
57094,996,4.399999999999995,64
57157,997,4.899999999999995,63
57220,998,5.499999999999995,63
57282,999,4.799999999999995,62
57344,1000,5.399999999999995,62
57396,1001,2.8999999999999986,52
57458,1002,4.799999999999995,62
57520,1003,5.399999999999995,62
57582,1004,5.399999999999995,62
57644,1005,5.399999999999995,62
57706,1006,5.399999999999995,62
57770,1007,4.999999999999995,64
57838,1008,5.999999999999993,68
57901,1009,4.899999999999995,63
57965,1010,4.399999999999995,64
58027,1011,5.399999999999995,62
58089,1012,4.799999999999995,62
58153,1013,4.399999999999995,64
58215,1014,4.799999999999995,62
58278,1015,4.899999999999995,63
58340,1016,5.399999999999995,62
58403,1017,5.499999999999995,63
58466,1018,5.499999999999995,63
58527,1019,3.1999999999999957,61
58589,1020,4.799999999999995,62
58651,1021,5.399999999999995,62
58714,1022,5.499999999999995,63
58783,1023,5.499999999999993,69
58847,1024,4.999999999999995,64
58909,1025,5.399999999999995,62
58972,1026,5.499999999999995,63
59034,1027,5.399999999999995,62
59094,1028,3.6999999999999957,60
59155,1029,3.7999999999999954,61
59218,1030,4.899999999999995,63
59280,1031,5.399999999999995,62
59342,1032,5.399999999999995,62
59404,1033,5.399999999999995,62
59462,1034,3.4999999999999964,58
59524,1035,4.799999999999995,62
59585,1036,3.7999999999999954,61
59647,1037,5.399999999999995,62
59705,1038,3.4999999999999964,58
59755,1039,2.0999999999999996,50
59818,1040,4.899999999999995,63
59881,1041,4.899999999999995,63
59943,1042,5.399999999999995,62
60005,1043,5.399999999999995,62
60068,1044,4.899999999999995,63
60126,1045,3.4999999999999964,58
60188,1046,5.399999999999995,62
60250,1047,5.399999999999995,62
60309,1048,3.599999999999996,59
60371,1049,4.799999999999995,62
60434,1050,4.299999999999996,63
60491,1051,3.399999999999997,57
60553,1052,5.399999999999995,62
60616,1053,5.499999999999995,63
60678,1054,5.399999999999995,62
60740,1055,5.399999999999995,62
60802,1056,4.799999999999995,62
60864,1057,4.799999999999995,62
60927,1058,5.499999999999995,63
60989,1059,5.399999999999995,62
61044,1060,2.599999999999998,55
61103,1061,3.599999999999996,59
61166,1062,4.899999999999995,63
61227,1063,3.7999999999999954,61
61289,1064,5.399999999999995,62
61351,1065,4.799999999999995,62
61413,1066,1.200000000000001,62
61475,1067,5.399999999999995,62
61537,1068,5.399999999999995,62
61600,1069,4.299999999999995,63
61662,1070,5.399999999999995,62
61712,1071,1.5,50
61762,1072,-0.8999999999999986,50
61824,1073,4.799999999999995,62
61887,1074,4.899999999999995,63
61954,1075,3.4999999999999956,67
62016,1076,5.399999999999995,62
62078,1077,5.399999999999995,62
62142,1078,4.999999999999995,64
62204,1079,5.399999999999995,62
62266,1080,4.1999999999999975,62
62316,1081,0.9000000000000004,50
62378,1082,4.199999999999996,62
62428,1083,0.9000000000000004,50
62493,1084,4.499999999999995,65
62555,1085,5.399999999999995,62
62605,1086,0.9000000000000004,50
62668,1087,5.499999999999995,63
62732,1088,4.399999999999995,64
62794,1089,5.399999999999995,62
62857,1090,4.299999999999995,63
62919,1091,5.399999999999995,62
62981,1092,4.199999999999996,62
63043,1093,5.399999999999995,62
63104,1094,3.7999999999999954,61
63166,1095,5.399999999999995,62
63230,1096,4.399999999999995,64
63292,1097,5.399999999999995,62
63354,1098,5.399999999999995,62
63417,1099,5.499999999999995,63
63479,1100,4.799999999999995,62
63542,1101,5.499999999999995,63
63605,1102,4.899999999999995,63
63667,1103,5.399999999999995,62
63731,1104,4.999999999999995,64
63793,1105,5.399999999999995,62
63855,1106,5.399999999999995,62
63917,1107,5.399999999999995,62
63980,1108,4.299999999999995,63
64042,1109,4.1999999999999975,62
64092,1110,2.0999999999999996,50
64154,1111,5.399999999999995,62
64205,1112,2.799999999999999,51
64267,1113,4.799999999999995,62
64328,1114,3.7999999999999954,61
64391,1115,5.499999999999995,63
64453,1116,4.799999999999995,62
64516,1117,4.899999999999995,63
64579,1118,4.299999999999995,63
64640,1119,3.7999999999999954,61
64703,1120,5.499999999999995,63
64762,1121,3.599999999999996,59
64824,1122,4.799999999999995,62
64886,1123,4.799999999999995,62
64947,1124,3.7999999999999954,61
65011,1125,4.999999999999995,64
65073,1126,4.799999999999995,62
65136,1127,4.299999999999995,63
65199,1128,4.899999999999995,63
65262,1129,5.499999999999995,63
65325,1130,4.899999999999995,63
65388,1131,4.899999999999995,63
65451,1132,5.499999999999995,63
65514,1133,4.899999999999995,63
65578,1134,4.999999999999995,64
65640,1135,5.399999999999995,62
65690,1136,-0.8999999999999986,50
65753,1137,5.499999999999995,63
65816,1138,5.499999999999995,63
65879,1139,4.899999999999995,63
65943,1140,4.999999999999995,64
66005,1141,5.399999999999995,62
66067,1142,5.399999999999995,62
66131,1143,4.999999999999995,64
66193,1144,5.399999999999995,62
66256,1145,4.299999999999995,63
66319,1146,5.499999999999995,63
66382,1147,5.499999999999995,63
66445,1148,5.499999999999995,63
66508,1149,4.899999999999995,63
66571,1150,5.499999999999995,63
66634,1151,5.499999999999995,63
66697,1152,5.499999999999995,63
66760,1153,4.899999999999995,63
66822,1154,5.399999999999995,62
66885,1155,5.499999999999995,63
66947,1156,5.399999999999995,62
67010,1157,5.499999999999995,63
67071,1158,3.7999999999999954,61
67136,1159,4.499999999999995,65
67198,1160,5.399999999999995,62
67263,1161,4.499999999999995,65
67325,1162,5.399999999999995,62
67387,1163,5.399999999999995,62
67451,1164,4.999999999999995,64
67513,1165,4.799999999999995,62
67575,1166,5.399999999999995,62
67639,1167,4.399999999999995,64
67701,1168,5.399999999999995,62
67764,1169,4.899999999999995,63
67827,1170,5.499999999999995,63
67890,1171,5.499999999999995,63
67953,1172,5.499999999999995,63
68017,1173,4.999999999999995,64
68079,1174,5.399999999999995,62
68141,1175,5.399999999999995,62
68203,1176,4.799999999999995,62
68266,1177,5.499999999999995,63
68328,1178,5.399999999999995,62
68391,1179,4.899999999999995,63
68451,1180,3.6999999999999957,60
68512,1181,3.7999999999999954,61
68574,1182,4.799999999999995,62
68637,1183,5.499999999999995,63
68701,1184,4.999999999999995,64
68765,1185,4.999999999999995,64
68828,1186,5.499999999999995,63
68891,1187,5.499999999999995,63
68954,1188,5.499999999999995,63
69018,1189,4.399999999999995,64
69081,1190,4.899999999999995,63
69143,1191,5.399999999999995,62
69207,1192,4.999999999999995,64
69269,1193,5.399999999999995,62
69332,1194,4.299999999999995,63
69393,1195,3.7999999999999954,61
69457,1196,4.399999999999995,64
69519,1197,5.399999999999995,62
69583,1198,4.999999999999995,64
69646,1199,4.899999999999995,63
69709,1200,5.499999999999995,63
69771,1201,5.399999999999995,62
69833,1202,5.399999999999995,62
69896,1203,5.499999999999995,63
69959,1204,5.499999999999995,63
70022,1205,5.499999999999995,63
70085,1206,5.499999999999995,63
70148,1207,5.499999999999995,63
70198,1208,2.0999999999999996,50
70261,1209,4.899999999999995,63
70324,1210,5.499999999999995,63
70387,1211,5.499999999999995,63
70454,1212,5.899999999999993,67
70517,1213,5.499999999999995,63
70581,1214,4.399999999999995,64
70645,1215,4.999999999999995,64
70707,1216,5.399999999999995,62
70769,1217,5.399999999999995,62
70832,1218,5.499999999999995,63
70894,1219,5.399999999999995,62
70949,1220,0.7999999999999994,55
71012,1221,2.5,63
71074,1222,5.399999999999995,62
71137,1223,4.899999999999995,63
71200,1224,5.499999999999995,63
71262,1225,1.2000000000000002,62
71325,1226,5.499999999999995,63
71387,1227,5.399999999999995,62
71449,1228,5.399999999999995,62
71511,1229,5.399999999999995,62
71574,1230,5.499999999999995,63
71640,1231,5.799999999999994,66
71702,1232,5.399999999999995,62
71752,1233,2.6999999999999993,50
71814,1234,5.399999999999995,62
71876,1235,5.399999999999995,62
71939,1236,5.499999999999995,63
71989,1237,2.0999999999999996,50
72053,1238,4.999999999999995,64
72115,1239,5.399999999999995,62
72175,1240,3.099999999999996,60
72240,1241,5.099999999999994,65
72293,1242,2.4000000000000004,53
72356,1243,5.499999999999995,63
72419,1244,5.499999999999995,63
72482,1245,5.499999999999995,63
72545,1246,5.499999999999995,63
72609,1247,3.1999999999999966,64
72674,1248,5.099999999999994,65
72737,1249,4.899999999999995,63
72800,1250,4.899999999999995,63
72863,1251,5.499999999999995,63
72924,1252,2.599999999999996,61
72987,1253,4.899999999999995,63
73050,1254,5.499999999999995,63
73100,1255,2.0999999999999996,50
73165,1256,5.099999999999994,65
73228,1257,4.899999999999995,63
73291,1258,5.499999999999995,63
73354,1259,4.899999999999995,63
73416,1260,5.399999999999995,62
73479,1261,5.499999999999995,63
73542,1262,5.499999999999995,63
73604,1263,5.399999999999995,62
73667,1264,5.499999999999995,63
73729,1265,4.199999999999996,62
73791,1266,5.399999999999995,62
73854,1267,5.499999999999995,63
73954,1268,8.899999999999983,100
74016,1269,5.399999999999995,62
74079,1270,5.499999999999995,63
74145,1271,5.199999999999994,66
74204,1272,3.599999999999996,59
74268,1273,4.999999999999995,64
74318,1274,0.3000000000000007,50
74381,1275,5.499999999999995,63
74444,1276,5.499999999999995,63
74506,1277,5.399999999999995,62
74569,1278,5.499999999999995,63
74632,1279,5.499999999999995,63
74698,1280,5.799999999999994,66
74761,1281,4.299999999999996,63
74824,1282,5.499999999999995,63
74888,1283,4.999999999999995,64
74951,1284,4.899999999999995,63
75013,1285,5.399999999999995,62
75076,1286,5.499999999999995,63
75139,1287,5.499999999999995,63
75202,1288,5.499999999999995,63
75265,1289,5.499999999999995,63
75328,1290,4.899999999999995,63
75390,1291,5.399999999999995,62
75452,1292,5.399999999999995,62
75515,1293,5.499999999999995,63
75579,1294,4.999999999999995,64
75642,1295,4.899999999999995,63
75705,1296,5.499999999999995,63
75767,1297,5.399999999999995,62
75817,1298,2.0999999999999996,50
75882,1299,5.099999999999994,65
75945,1300,4.899999999999995,63
76008,1301,5.499999999999995,63
76072,1302,4.399999999999995,64
76134,1303,5.399999999999995,62
76196,1304,5.399999999999995,62
76259,1305,4.299999999999999,63
76323,1306,4.999999999999995,64
76387,1307,4.999999999999995,64
76450,1308,5.499999999999995,63
76513,1309,5.499999999999995,63
76576,1310,5.499999999999995,63
76638,1311,5.399999999999995,62
76701,1312,5.499999999999995,63
76766,1313,5.099999999999994,65
76828,1314,4.799999999999995,62
76891,1315,5.499999999999995,63
76956,1316,5.099999999999994,65
77022,1317,5.199999999999994,66
77085,1318,5.499999999999995,63
77150,1319,5.099999999999994,65
77213,1320,4.899999999999995,63
77277,1321,4.999999999999995,64
77339,1322,5.399999999999995,62
77404,1323,3.8999999999999986,65
77464,1324,0.7000000000000006,60
77528,1325,4.999999999999995,64
77591,1326,5.499999999999995,63
77655,1327,4.999999999999995,64
77718,1328,4.899999999999995,63
77781,1329,4.899999999999995,63
77843,1330,5.399999999999995,62
77906,1331,5.499999999999995,63
77969,1332,4.899999999999995,63
78033,1333,4.999999999999995,64
78096,1334,5.499999999999995,63
78158,1335,5.399999999999995,62
78208,1336,1.5,50
78271,1337,4.899999999999995,63
78334,1338,5.499999999999995,63
78400,1339,5.799999999999994,66
78463,1340,5.499999999999995,63
78526,1341,5.499999999999995,63
78595,1342,6.699999999999992,69
78659,1343,4.999999999999995,64
78725,1344,5.799999999999994,66
78788,1345,5.499999999999995,63
78851,1346,5.499999999999995,63
78914,1347,5.499999999999995,63
78978,1348,4.999999999999995,64
79042,1349,4.999999999999995,64
79104,1350,5.399999999999995,62
79168,1351,4.999999999999995,64
79222,1352,3.099999999999998,54
79286,1353,4.999999999999995,64
79349,1354,4.299999999999999,63
79412,1355,4.899999999999995,63
79478,1356,5.799999999999994,66
79544,1357,5.799999999999994,66
79610,1358,3.9999999999999982,66
79673,1359,4.899999999999995,63
79737,1360,4.999999999999995,64
79799,1361,5.399999999999995,62
79866,1362,5.899999999999995,67
79929,1363,4.899999999999995,63
79992,1364,5.499999999999995,63
80042,1365,-0.8999999999999986,50
80106,1366,4.999999999999995,64
80170,1367,4.999999999999995,64
80235,1368,5.099999999999994,65
80297,1369,5.399999999999995,62
80362,1370,4.499999999999995,65
80425,1371,5.499999999999995,63
80486,1372,3.1999999999999957,61
80547,1373,3.7999999999999954,61
80611,1374,4.999999999999995,64
80676,1375,5.099999999999994,65
80738,1376,5.399999999999995,62
80801,1377,5.499999999999995,63
80864,1378,5.499999999999995,63
80927,1379,5.499999999999995,63
80992,1380,3.3000000000000016,65
81055,1381,4.899999999999995,63
81117,1382,5.399999999999995,62
81183,1383,3.9999999999999956,66
81246,1384,5.499999999999995,63
81309,1385,5.499999999999995,63
81373,1386,4.999999999999995,64
81424,1387,2.799999999999999,51
81485,1388,3.7999999999999954,61
81549,1389,2.600000000000003,64
81610,1390,3.7999999999999954,61
81673,1391,5.499999999999995,63
81735,1392,5.399999999999995,62
81798,1393,4.899999999999995,63
81862,1394,4.399999999999995,64
81925,1395,4.299999999999995,63
81988,1396,5.499999999999995,63
82053,1397,4.499999999999995,65
82139,1398,1.7999999999999918,86
82203,1399,4.999999999999995,64
82265,1400,4.799999999999995,62
82328,1401,5.499999999999995,63
82394,1402,4.599999999999994,66
82457,1403,5.499999999999995,63
82521,1404,4.999999999999995,64
82584,1405,4.899999999999995,63
82647,1406,5.499999999999995,63
82710,1407,3.700000000000002,63
82777,1408,5.899999999999993,67
82840,1409,4.899999999999995,63
82903,1410,5.499999999999995,63
82967,1411,4.999999999999995,64
83031,1412,4.999999999999995,64
83096,1413,3.899999999999995,65
83160,1414,4.999999999999995,64
83224,1415,4.999999999999995,64
83287,1416,4.899999999999995,63
83343,1417,1.5000000000000022,56
83406,1418,4.899999999999995,63
83470,1419,4.999999999999995,64
83520,1420,-0.29999999999999893,50
83570,1421,-0.8999999999999986,50
83636,1422,4.599999999999996,66
83701,1423,5.099999999999994,65
83764,1424,4.899999999999995,63
83827,1425,5.499999999999995,63
83892,1426,3.899999999999995,65
83957,1427,4.499999999999995,65
84023,1428,4.599999999999994,66
84085,1429,4.799999999999995,62
84147,1430,5.399999999999995,62
84211,1431,4.999999999999995,64
84261,1432,-0.8999999999999986,50
84324,1433,5.499999999999995,63
84387,1434,5.499999999999995,63
84452,1435,5.099999999999994,65
84515,1436,5.499999999999995,63
84578,1437,5.499999999999995,63
84642,1438,4.999999999999995,64
84702,1439,2.4999999999999973,60
84766,1440,4.999999999999995,64
84829,1441,5.499999999999995,63
84891,1442,5.399999999999995,62
84954,1443,5.499999999999995,63
85016,1444,4.1999999999999975,62
85081,1445,4.499999999999995,65
85147,1446,5.199999999999994,66
85210,1447,4.899999999999995,63
85272,1448,4.799999999999995,62
85334,1449,5.399999999999995,62
85386,1450,2.299999999999999,52
85448,1451,5.399999999999995,62
85511,1452,4.899999999999995,63
85575,1453,4.999999999999995,64
85638,1454,4.899999999999995,63
85700,1455,5.399999999999995,62
85763,1456,5.499999999999995,63
85826,1457,5.499999999999995,63
85889,1458,5.499999999999995,63
85989,1459,7.699999999999983,100
86052,1460,5.499999999999995,63
86116,1461,4.999999999999995,64
86179,1462,4.899999999999995,63
86243,1463,4.999999999999995,64
86306,1464,5.499999999999995,63
86370,1465,3.7999999999999954,64
86432,1466,5.399999999999995,62
86495,1467,5.499999999999995,63
86558,1468,5.499999999999995,63
86623,1469,4.499999999999995,65
86686,1470,4.899999999999995,63
86748,1471,5.399999999999995,62
86812,1472,4.999999999999995,64
86874,1473,5.399999999999995,62
86938,1474,4.999999999999995,64
87000,1475,2.4000000000000004,62
87062,1476,5.399999999999995,62
87125,1477,5.499999999999995,63
87188,1478,5.499999999999995,63
87251,1479,5.499999999999995,63
87317,1480,4.599999999999994,66
87380,1481,5.499999999999995,63
87444,1482,4.999999999999995,64
87507,1483,4.899999999999995,63
87571,1484,4.999999999999995,64
87634,1485,5.499999999999995,63
87699,1486,5.099999999999994,65
87764,1487,3.2999999999999954,65
87829,1488,4.499999999999995,65
87892,1489,5.499999999999995,63
87955,1490,5.499999999999995,63
88018,1491,5.499999999999995,63
88080,1492,5.399999999999995,62
88143,1493,5.499999999999995,63
88205,1494,5.399999999999995,62
88268,1495,3.700000000000002,63
88331,1496,5.499999999999995,63
88394,1497,5.499999999999995,63
88457,1498,5.499999999999995,63
88520,1499,5.499999999999995,63
88583,1500,5.499999999999995,63
88645,1501,4.799999999999995,62
88708,1502,5.499999999999995,63
88770,1503,5.399999999999995,62
88838,1504,5.999999999999993,68
88901,1505,5.499999999999995,63
88963,1506,5.399999999999995,62
89025,1507,5.399999999999995,62
89089,1508,4.399999999999995,64
89153,1509,4.999999999999995,64
89216,1510,5.499999999999995,63
89280,1511,4.999999999999995,64
89346,1512,5.199999999999994,66
89409,1513,5.499999999999995,63
89472,1514,5.499999999999995,63
89539,1515,5.299999999999997,67
89601,1516,5.399999999999995,62
89665,1517,4.999999999999995,64
89732,1518,6.499999999999993,67
89799,1519,5.899999999999993,67
89862,1520,5.499999999999995,63
89927,1521,4.499999999999995,65
89990,1522,5.499999999999995,63
90053,1523,5.499999999999995,63
90152,1524,8.199999999999983,99
90219,1525,5.299999999999994,67
90282,1526,5.499999999999995,63
90346,1527,4.999999999999995,64
90409,1528,4.899999999999995,63
90472,1529,5.499999999999995,63
90536,1530,4.999999999999995,64
90598,1531,5.399999999999995,62
90661,1532,5.499999999999995,63
90724,1533,5.499999999999995,63
90786,1534,5.399999999999995,62
90849,1535,5.499999999999995,63
90917,1536,5.399999999999993,68
90980,1537,5.499999999999995,63
91042,1538,5.399999999999995,62
91105,1539,5.499999999999995,63
91168,1540,5.499999999999995,63
91235,1541,5.899999999999993,67
91299,1542,4.999999999999995,64
91362,1543,4.899999999999995,63
91425,1544,4.899999999999995,63
91489,1545,4.999999999999995,64
91551,1546,4.799999999999995,62
91614,1547,4.299999999999996,63
91683,1548,6.0999999999999925,69
91746,1549,4.899999999999995,63
91809,1550,5.499999999999995,63
91872,1551,5.499999999999995,63
91939,1552,5.899999999999993,67
92038,1553,6.39999999999999,99
92100,1554,4.1999999999999975,62
92164,1555,4.999999999999995,64
92229,1556,3.899999999999996,65
92291,1557,5.399999999999995,62
92354,1558,5.499999999999995,63
92452,1559,6.899999999999984,98
92514,1560,-1.1999999999999993,62
92577,1561,5.499999999999995,63
92639,1562,4.799999999999995,62
92703,1563,4.999999999999995,64
92765,1564,5.399999999999995,62
92830,1565,4.499999999999995,65
92894,1566,4.999999999999995,64
92957,1567,4.899999999999995,63
93021,1568,4.999999999999995,64
93084,1569,5.499999999999995,63
93145,1570,3.1999999999999957,61
93212,1571,5.899999999999993,67
93274,1572,5.399999999999995,62
93337,1573,4.899999999999995,63
93400,1574,5.499999999999995,63
93462,1575,5.399999999999995,62
93524,1576,5.399999999999995,62
93586,1577,5.399999999999995,62
93648,1578,3.5999999999999996,62
93711,1579,5.499999999999995,63
93773,1580,5.399999999999995,62
93839,1581,5.799999999999994,66
93906,1582,5.899999999999993,67
93968,1583,5.399999999999995,62
94033,1584,3.899999999999995,65
94096,1585,4.899999999999995,63
94158,1586,5.399999999999995,62
94228,1587,5.5999999999999925,70
94292,1588,4.999999999999995,64
94354,1589,5.399999999999995,62
94417,1590,5.499999999999995,63
94480,1591,5.499999999999995,63
94543,1592,5.499999999999995,63
94609,1593,5.199999999999994,66
94672,1594,5.499999999999995,63
94742,1595,5.5999999999999925,70
94806,1596,4.999999999999995,64
94869,1597,5.499999999999995,63
94933,1598,4.999999999999995,64
94997,1599,4.999999999999995,64
95062,1600,4.499999999999995,65
95125,1601,4.899999999999995,63
95187,1602,5.399999999999995,62
95250,1603,5.499999999999995,63
95314,1604,4.999999999999995,64
95376,1605,5.399999999999995,62
95439,1606,5.499999999999995,63
95502,1607,5.499999999999995,63
95568,1608,4.599999999999994,66
95618,1609,-0.8999999999999986,50
95668,1610,-0.8999999999999986,50
95730,1611,5.399999999999995,62
95797,1612,5.899999999999993,67
95896,1613,8.199999999999983,99
95959,1614,5.499999999999995,63
96022,1615,5.499999999999995,63
96085,1616,5.499999999999995,63
96149,1617,4.999999999999995,64
96210,1618,3.7999999999999954,61
96275,1619,4.499999999999995,65
96337,1620,4.799999999999995,62
96439,1621,7.899999999999983,102
96501,1622,5.399999999999995,62
96564,1623,5.499999999999995,63
96626,1624,5.399999999999995,62
96694,1625,5.399999999999993,68
96759,1626,4.499999999999995,65
96826,1627,5.899999999999993,67
96888,1628,5.399999999999995,62
96951,1629,5.499999999999995,63
97014,1630,5.499999999999995,63
97077,1631,5.499999999999995,63
97140,1632,5.499999999999995,63
97206,1633,5.199999999999994,66
97273,1634,5.899999999999993,67
97341,1635,5.999999999999993,68
97404,1636,5.499999999999995,63
97467,1637,5.499999999999995,63
97535,1638,5.999999999999993,68
97597,1639,5.399999999999995,62
97660,1640,5.499999999999995,63
97716,1641,2.1000000000000014,56
97766,1642,-0.8999999999999986,50
97836,1643,5.5999999999999925,70
97904,1644,5.999999999999993,68
97969,1645,4.499999999999995,65
98038,1646,6.0999999999999925,69
98101,1647,5.499999999999995,63
98168,1648,5.899999999999993,67
98273,1649,9.39999999999998,105
98359,1650,2.9999999999999893,86
98409,1651,-0.8999999999999986,50
98476,1652,5.899999999999993,67
98538,1653,5.399999999999995,62
98606,1654,5.999999999999993,68
98669,1655,2.5,63
98735,1656,2.7999999999999994,66
98798,1657,5.499999999999995,63
98902,1658,9.89999999999998,104
98964,1659,5.399999999999995,62
99026,1660,5.399999999999995,62
99095,1661,6.0999999999999925,69
99158,1662,5.499999999999995,63
99221,1663,5.499999999999995,63
99282,1664,3.7999999999999954,61
99344,1665,4.799999999999995,62
99405,1666,3.1999999999999957,61
99455,1667,0.3000000000000007,50
99519,1668,4.999999999999995,64
99583,1669,4.399999999999995,64
99646,1670,4.899999999999995,63
99708,1671,5.399999999999995,62
99773,1672,3.899999999999995,65
99840,1673,5.299999999999994,67
99903,1674,5.499999999999995,63
99970,1675,5.899999999999993,67
100037,1676,5.899999999999993,67
100103,1677,5.799999999999994,66
100189,1678,2.3999999999999915,86
100256,1679,5.899999999999993,67
100320,1680,4.999999999999995,64
100421,1681,7.199999999999983,101
100490,1682,6.0999999999999925,69
100552,1683,5.399999999999995,62
100621,1684,6.0999999999999925,69
100691,1685,6.199999999999992,70
100753,1686,5.399999999999995,62
100819,1687,5.199999999999996,66
100885,1688,5.799999999999994,66
100947,1689,5.399999999999995,62
101014,1690,5.899999999999993,67
101112,1691,5.699999999999989,98
101175,1692,4.899999999999995,63
101236,1693,3.7999999999999954,61
101300,1694,4.999999999999995,64
101363,1695,5.499999999999995,63
101426,1696,5.499999999999995,63
101489,1697,5.499999999999995,63
101558,1698,6.0999999999999925,69
101644,1699,2.3999999999999932,86
101711,1700,5.899999999999993,67
101774,1701,4.299999999999999,63
101842,1702,5.999999999999993,68
101905,1703,5.499999999999995,63
101973,1704,5.999999999999995,68
102072,1705,8.199999999999985,99
102135,1706,5.499999999999995,63
102200,1707,5.099999999999994,65
102262,1708,5.399999999999995,62
102329,1709,5.899999999999993,67
102397,1710,5.999999999999993,68
102467,1711,5.5999999999999925,70
102534,1712,5.899999999999993,67
102603,1713,6.0999999999999925,69
102668,1714,4.499999999999995,65
102734,1715,5.199999999999994,66
102797,1716,3.0999999999999996,63
102861,1717,3.200000000000002,64
102929,1718,5.399999999999997,68
102997,1719,5.999999999999995,68
103060,1720,5.499999999999995,63
103123,1721,4.899999999999995,63
103187,1722,4.999999999999995,64
103255,1723,4.7999999999999945,68
103321,1724,5.799999999999994,66
103384,1725,5.499999999999995,63
103447,1726,3.0999999999999996,63
103506,1727,2.9999999999999964,59
103569,1728,4.899999999999995,63
103630,1729,3.7999999999999954,61
103693,1730,4.899999999999995,63
103755,1731,5.399999999999995,62
103818,1732,5.499999999999995,63
103885,1733,5.899999999999993,67
103947,1734,5.399999999999995,62
104010,1735,3.700000000000002,63
104072,1736,4.799999999999995,62
104135,1737,4.899999999999995,63
104201,1738,5.199999999999994,66
104262,1739,3.7999999999999954,61
104324,1740,5.399999999999995,62
104410,1741,2.3999999999999897,86
104474,1742,4.999999999999995,64
104538,1743,4.999999999999995,64
104606,1744,4.199999999999994,68
104675,1745,6.0999999999999925,69
104738,1746,4.899999999999995,63
104805,1747,5.899999999999993,67
104869,1748,4.399999999999995,64
104931,1749,5.399999999999995,62
105017,1750,1.79999999999999,86
105080,1751,5.499999999999995,63
105147,1752,5.899999999999993,67
105210,1753,5.499999999999995,63
105309,1754,6.999999999999984,99
105376,1755,5.299999999999994,67
105440,1756,4.999999999999995,64
105502,1757,5.399999999999995,62
105565,1758,5.499999999999995,63
105633,1759,5.999999999999993,68
105696,1760,5.499999999999995,63
105763,1761,5.899999999999993,67
105830,1762,5.899999999999993,67
105894,1763,4.999999999999995,64
105958,1764,4.999999999999995,64
106024,1765,5.799999999999994,66
106091,1766,5.899999999999993,67
106155,1767,4.999999999999995,64
106221,1768,3.3999999999999986,66
106284,1769,5.499999999999995,63
106334,1770,-0.8999999999999986,50
106397,1771,4.899999999999997,63
106461,1772,4.999999999999995,64
106547,1773,2.9999999999999893,86
106597,1774,-0.8999999999999986,50
106660,1775,5.499999999999995,63
106728,1776,5.999999999999993,68
106793,1777,4.499999999999995,65
106862,1778,3.1000000000000023,69
106930,1779,5.999999999999993,68
106997,1780,5.899999999999993,67
107063,1781,5.799999999999994,66
107125,1782,5.399999999999995,62
107193,1783,1.800000000000002,68
107261,1784,5.999999999999993,68
107330,1785,6.0999999999999925,69
107416,1786,2.9999999999999893,86
107478,1787,4.799999999999995,62
107541,1788,5.499999999999995,63
107608,1789,5.299999999999994,67
107672,1790,4.399999999999995,64
107735,1791,5.499999999999995,63
107799,1792,4.999999999999995,64
107849,1793,-0.8999999999999986,50
107911,1794,5.399999999999995,62
107976,1795,3.899999999999995,65
108026,1796,-0.8999999999999986,50
108089,1797,3.099999999999996,63
108151,1798,5.399999999999995,62
108221,1799,5.599999999999996,70
108285,1800,4.399999999999995,64
108352,1801,5.899999999999993,67
108419,1802,5.899999999999995,67
108480,1803,3.1999999999999957,61
108545,1804,3.3000000000000016,65
108608,1805,5.499999999999995,63
108672,1806,4.999999999999995,64
108734,1807,5.399999999999995,62
108794,1808,3.099999999999996,60
108857,1809,5.499999999999995,63
108923,1810,4.599999999999994,66
109022,1811,8.199999999999983,99
109085,1812,5.499999999999995,63
109151,1813,4.599999999999994,66
109218,1814,5.899999999999993,67
109281,1815,5.499999999999995,63
109343,1816,5.399999999999995,62
109405,1817,5.399999999999995,62
109475,1818,4.999999999999994,70
109545,1819,6.199999999999992,70
109607,1820,4.799999999999995,62
109657,1821,-0.8999999999999986,50
109721,1822,4.399999999999995,64
109784,1823,4.299999999999999,63
109847,1824,5.499999999999995,63
109915,1825,5.999999999999993,68
109983,1826,5.999999999999993,68
110047,1827,4.999999999999995,64
110114,1828,5.299999999999994,67
110217,1829,6.799999999999983,103
110317,1830,6.499999999999984,100
110386,1831,6.0999999999999925,69
110452,1832,4.599999999999994,66
110516,1833,4.999999999999995,64
110583,1834,5.899999999999995,67
110646,1835,4.899999999999995,63
110709,1836,4.299999999999995,63
110772,1837,4.899999999999995,63
110834,1838,5.399999999999995,62
110897,1839,5.499999999999995,63
110961,1840,4.999999999999995,64
111028,1841,5.299999999999997,67
111090,1842,5.399999999999995,62
111158,1843,5.999999999999993,68
111226,1844,5.999999999999993,68
111295,1845,6.0999999999999925,69
111357,1846,5.399999999999995,62
111419,1847,5.399999999999995,62
111485,1848,5.199999999999994,66
111547,1849,5.399999999999995,62
111611,1850,4.999999999999995,64
111679,1851,5.999999999999993,68
111744,1852,5.099999999999994,65
111812,1853,5.999999999999993,68
111916,1854,8.099999999999982,104
111978,1855,4.799999999999995,62
112041,1856,4.899999999999995,63
112104,1857,5.499999999999995,63
112166,1858,5.399999999999995,62
112225,1859,3.599999999999996,59
112288,1860,4.899999999999995,63
112356,1861,5.999999999999993,68
112419,1862,4.899999999999995,63
112483,1863,2.600000000000003,64
112550,1864,5.899999999999993,67
112617,1865,5.899999999999993,67
112667,1866,-0.8999999999999986,50
112729,1867,4.799999999999995,62
112792,1868,5.499999999999995,63
112854,1869,5.399999999999995,62
112918,1870,4.999999999999995,64
112986,1871,4.200000000000001,68
113054,1872,5.999999999999993,68
113123,1873,5.499999999999993,69
113191,1874,5.999999999999993,68
113254,1875,4.899999999999995,63
113321,1876,5.899999999999993,67
113389,1877,5.999999999999993,68
113452,1878,5.499999999999995,63
113514,1879,5.399999999999995,62
113583,1880,6.0999999999999925,69
113645,1881,5.399999999999995,62
113714,1882,6.0999999999999925,69
113776,1883,4.199999999999996,62
113841,1884,3.899999999999995,65
113904,1885,5.499999999999995,63
113973,1886,6.0999999999999925,69
114034,1887,3.7999999999999954,61
114099,1888,2.1000000000000023,65
114164,1889,5.099999999999994,65
114231,1890,5.299999999999997,67
114297,1891,5.199999999999994,66
114359,1892,5.399999999999995,62
114422,1893,4.899999999999995,63
114487,1894,4.499999999999995,65
114549,1895,5.399999999999995,62
114610,1896,3.7999999999999954,61
114678,1897,5.999999999999993,68
114743,1898,5.099999999999994,65
114843,1899,5.899999999999984,100
114906,1900,5.499999999999995,63
114968,1901,5.399999999999995,62
115054,1902,3.599999999999989,86
115140,1903,3.599999999999989,86
115190,1904,2.0999999999999996,50
115252,1905,5.399999999999995,62
115320,1906,5.399999999999997,68
115426,1907,5.899999999999983,106
115489,1908,5.499999999999995,63
115552,1909,5.499999999999995,63
115615,1910,5.499999999999995,63
115677,1911,5.399999999999995,62
115739,1912,5.399999999999995,62
115801,1913,5.399999999999995,62
115869,1914,5.999999999999993,68
115936,1915,5.899999999999993,67
116038,1916,9.099999999999982,102
116088,1917,-0.8999999999999986,50
116156,1918,4.2,68
116222,1919,5.199999999999994,66
116285,1920,5.499999999999995,63
116354,1921,6.699999999999992,69
116424,1922,6.799999999999992,70
116485,1923,3.7999999999999954,61
116547,1924,5.399999999999995,62
116609,1925,5.399999999999995,62
116676,1926,5.299999999999994,67
116744,1927,5.999999999999993,68
116807,1928,5.499999999999995,63
116875,1929,5.999999999999993,68
116943,1930,5.399999999999993,68
117004,1931,2.599999999999997,61
117065,1932,3.7999999999999954,61
117133,1933,5.999999999999993,68
117199,1934,4.599999999999994,66
117261,1935,4.799999999999995,62
117329,1936,5.999999999999993,68
117399,1937,6.199999999999992,70
117495,1938,7.599999999999984,96
117560,1939,4.499999999999995,65
117627,1940,5.899999999999993,67
117690,1941,5.499999999999995,63
117753,1942,4.899999999999995,63
117813,1943,3.6999999999999957,60
117880,1944,4.699999999999996,67
117949,1945,6.0999999999999925,69
118043,1946,7.999999999999984,94
118093,1947,0.3000000000000007,50
118159,1948,5.199999999999994,66
118220,1949,3.7999999999999954,61
118282,1950,5.399999999999995,62
118344,1951,5.399999999999995,62
118444,1952,7.699999999999983,100
118512,1953,6.5999999999999925,68
118580,1954,5.999999999999993,68
118684,1955,9.899999999999983,104
118748,1956,4.999999999999995,64
118816,1957,6.5999999999999925,68
118920,1958,9.89999999999998,104
119020,1959,7.699999999999985,100
119086,1960,5.199999999999994,66
119155,1961,6.0999999999999925,69
119224,1962,6.099999999999994,69
119328,1963,9.89999999999998,104
119391,1964,5.499999999999995,63
119453,1965,5.399999999999995,62
119519,1966,5.199999999999994,66
119617,1967,8.099999999999984,98
119681,1968,4.999999999999995,64
119733,1969,1.6999999999999993,52
119801,1970,5.399999999999997,68
119869,1971,5.999999999999993,68
119932,1972,5.499999999999995,63
119982,1973,0.3000000000000007,50
120032,1974,-0.8999999999999986,50
120095,1975,5.499999999999995,63
120163,1976,5.999999999999993,68
120216,1977,2.3999999999999986,53
120266,1978,-0.8999999999999986,50
120335,1979,6.699999999999992,69
120385,1980,0.3000000000000007,50
120487,1981,8.499999999999982,102
120547,1982,3.6999999999999957,60
120598,1983,2.1999999999999993,51
120661,1984,5.499999999999995,63
120729,1985,5.999999999999993,68
120780,1986,2.1999999999999993,51
120848,1987,5.999999999999993,68
120915,1988,5.899999999999993,67
120976,1989,2.0000000000000027,61
121043,1990,5.899999999999993,67
121105,1991,5.399999999999995,62
121171,1992,5.199999999999994,66
121238,1993,5.899999999999993,67
121288,1994,2.0999999999999996,50
121358,1995,6.199999999999992,70
121425,1996,5.899999999999993,67
121487,1997,5.399999999999995,62
121554,1998,5.899999999999993,67
121657,1999,9.199999999999982,103
121725,2000,5.999999999999993,68
121775,2001,-0.8999999999999986,50
121843,2002,5.999999999999993,68
121905,2003,4.799999999999995,62
121967,2004,5.399999999999995,62
122032,2005,4.499999999999995,65
122118,2006,2.9999999999999893,86
122182,2007,4.999999999999995,64
122268,2008,3.599999999999989,86
122329,2009,3.1999999999999957,61
122379,2010,-0.8999999999999986,50
122435,2011,2.6999999999999975,56
122498,2012,4.899999999999997,63
122568,2013,6.199999999999992,70
122618,2014,-0.8999999999999986,50
122716,2015,3.29999999999999,98
122782,2016,5.799999999999994,66
122846,2017,4.999999999999995,64
122932,2018,1.7999999999999963,86
122982,2019,-0.8999999999999986,50
123048,2020,5.199999999999994,66
123108,2021,3.6999999999999957,60
123176,2022,5.399999999999993,68
123246,2023,6.199999999999992,70
123301,2024,1.9999999999999982,55
123356,2025,2.5999999999999996,55
123425,2026,5.499999999999993,69
123475,2027,-0.8999999999999986,50
123542,2028,6.499999999999993,67
123604,2029,5.399999999999995,62
123673,2030,6.0999999999999925,69
123736,2031,5.499999999999995,63
123798,2032,5.399999999999995,62
123867,2033,6.0999999999999925,69
123970,2034,7.39999999999999,103
124037,2035,5.899999999999993,67
124141,2036,9.299999999999981,104
124191,2037,-0.29999999999999893,50
124258,2038,5.899999999999993,67
124322,2039,4.999999999999995,64
124372,2040,1.5,50
124428,2041,0.9000000000000004,56
124497,2042,6.0999999999999925,69
124600,2043,7.399999999999983,103
124650,2044,-0.29999999999999893,50
124718,2045,5.999999999999993,68
124776,2046,2.899999999999997,58
124843,2047,5.899999999999993,67
124910,2048,5.899999999999993,67
124972,2049,5.399999999999995,62
125039,2050,5.899999999999995,67
125107,2051,5.999999999999993,68
125170,2052,4.899999999999995,63
125224,2053,1.8999999999999986,54
125283,2054,2.9999999999999964,59
125387,2055,9.89999999999998,104
125450,2056,5.499999999999995,63
125514,2057,4.999999999999995,64
125564,2058,-0.29999999999999893,50
125627,2059,5.499999999999995,63
125713,2060,3.599999999999989,86
125780,2061,6.499999999999993,67
125849,2062,6.699999999999992,69
125948,2063,8.199999999999983,99
126014,2064,5.799999999999994,66
126083,2065,4.3,69
126187,2066,8.099999999999982,104
126254,2067,5.899999999999993,67
126322,2068,5.999999999999993,68
126384,2069,5.399999999999995,62
126450,2070,2.2,66
126512,2071,5.399999999999995,62
126575,2072,5.499999999999995,63
126645,2073,4.999999999999993,70
126697,2074,2.299999999999999,52
126760,2075,4.899999999999995,63
126826,2076,4.599999999999994,66
126889,2077,5.499999999999995,63
126943,2078,2.4999999999999982,54
127047,2079,9.89999999999998,104
127116,2080,4.8999999999999995,69
127166,2081,-0.8999999999999986,50
127216,2082,-0.8999999999999986,50
127319,2083,7.999999999999986,103
127420,2084,4.799999999999985,101
127488,2085,6.5999999999999925,68
127556,2086,5.399999999999994,68
127622,2087,5.199999999999994,66
127690,2088,5.999999999999993,68
127750,2089,3.099999999999996,60
127814,2090,4.999999999999995,64
127878,2091,3.799999999999997,64
127981,2092,9.199999999999982,103
128047,2093,5.799999999999994,66
128116,2094,6.0999999999999925,69
128221,2095,8.799999999999981,105
128271,2096,-0.8999999999999986,50
128323,2097,2.299999999999999,52
128390,2098,5.899999999999993,67
128459,2099,6.0999999999999925,69
128528,2100,6.0999999999999925,69
128591,2101,5.499999999999995,63
128657,2102,5.799999999999994,66
128726,2103,6.0999999999999925,69
128829,2104,9.799999999999981,103
128897,2105,6.5999999999999925,68
128965,2106,6.5999999999999925,68
129033,2107,5.999999999999993,68
129101,2108,5.399999999999997,68
129151,2109,-0.8999999999999986,50
129219,2110,6.5999999999999925,68
129285,2111,5.799999999999994,66
129347,2112,5.399999999999995,62
129408,2113,3.7999999999999954,61
129477,2114,6.0999999999999925,69
129527,2115,2.6999999999999993,50
129649,2116,4.499999999999982,122
129771,2117,6.899999999999977,122
129838,2118,5.899999999999993,67
129905,2119,5.899999999999993,67
129995,2120,5.7999999999999865,90
130045,2121,-0.8999999999999986,50
130112,2122,5.899999999999993,67
130181,2123,6.0999999999999925,69
130248,2124,5.299999999999997,67
130316,2125,5.999999999999993,68
130384,2126,5.999999999999993,68
130452,2127,5.999999999999993,68
130519,2128,4.699999999999996,67
130586,2129,5.899999999999993,67
130690,2130,9.89999999999998,104
130758,2131,5.399999999999997,68
130808,2132,-0.8999999999999986,50
130875,2133,6.499999999999993,67
130941,2134,5.799999999999994,66
131008,2135,4.699999999999996,67
131109,2136,6.599999999999987,101
131179,2137,5.599999999999996,70
131246,2138,5.299999999999997,67
131309,2139,5.499999999999995,63
131371,2140,5.399999999999995,62
131434,2141,4.899999999999995,63
131496,2142,5.399999999999995,62
131563,2143,5.899999999999993,67
131630,2144,5.899999999999993,67
131693,2145,5.499999999999995,63
131791,2146,8.699999999999983,98
131860,2147,5.499999999999993,69
131964,2148,9.299999999999981,104
132028,2149,4.999999999999995,64
132090,2150,5.399999999999995,62
132156,2151,4.599999999999994,66
132223,2152,5.899999999999993,67
132322,2153,8.799999999999983,99
132420,2154,9.299999999999983,98
132481,2155,3.7999999999999954,61
132584,2156,9.199999999999982,103
132651,2157,5.899999999999993,67
132717,2158,5.199999999999994,66
132780,2159,5.499999999999995,63
132842,2160,5.399999999999995,62
132904,2161,5.399999999999995,62
132967,2162,5.499999999999995,63
133036,2163,6.0999999999999925,69
133104,2164,4.799999999999994,68
133167,2165,5.499999999999995,63
133235,2166,5.999999999999993,68
133340,2167,9.99999999999998,105
133426,2168,2.3999999999999897,86
133494,2169,5.999999999999993,68
133598,2170,10.49999999999998,104
133665,2171,4.699999999999994,67
133732,2172,5.899999999999993,67
133794,2173,4.799999999999995,62
133862,2174,5.399999999999993,68
133932,2175,6.199999999999994,70
134000,2176,6.5999999999999925,68
134069,2177,6.0999999999999925,69
134137,2178,5.999999999999993,68
134206,2179,6.0999999999999925,69
134304,2180,8.699999999999983,98
134407,2181,7.399999999999986,103
134473,2182,5.199999999999994,66
134559,2183,3.599999999999989,86
134658,2184,9.399999999999983,99
134726,2185,5.999999999999993,68
134796,2186,6.799999999999992,70
134858,2187,5.399999999999995,62
134926,2188,5.999999999999993,68
134988,2189,5.399999999999995,62
135056,2190,5.999999999999993,68
135126,2191,6.199999999999992,70
135176,2192,-0.8999999999999986,50
135242,2193,5.799999999999994,66
135311,2194,6.0999999999999925,69
135377,2195,4.599999999999994,66
135440,2196,5.499999999999995,63
135543,2197,10.39999999999998,103
135641,2198,3.29999999999999,98
135709,2199,5.999999999999993,68
135813,2200,9.299999999999981,104
135880,2201,5.899999999999993,67
135948,2202,5.999999999999993,68
136011,2203,4.299999999999999,63
136073,2204,5.399999999999995,62
136195,2205,6.299999999999978,122
136263,2206,4.200000000000001,68
136325,2207,5.399999999999995,62
136392,2208,5.299999999999994,67
136454,2209,5.399999999999995,62
136517,2210,5.499999999999995,63
136584,2211,5.899999999999993,67
136652,2212,5.999999999999993,68
136718,2213,2.1999999999999997,66
136784,2214,5.199999999999994,66
136886,2215,10.299999999999981,102
136954,2216,6.5999999999999925,68
137054,2217,8.899999999999983,100
137158,2218,9.299999999999981,104
137227,2219,5.499999999999993,69
137295,2220,5.999999999999993,68
137362,2221,6.499999999999993,67
137430,2222,6.5999999999999925,68
137497,2223,6.499999999999993,67
137565,2224,6.5999999999999925,68
137635,2225,5.599999999999996,70
137702,2226,5.899999999999993,67
137765,2227,5.499999999999995,63
137870,2228,10.59999999999998,105
137936,2229,5.199999999999994,66
138003,2230,5.899999999999993,67
138071,2231,4.8,68
138177,2232,8.899999999999988,106
138235,2233,3.4999999999999964,58
138302,2234,5.899999999999993,67
138370,2235,5.999999999999993,68
138437,2236,6.499999999999993,67
138501,2237,4.999999999999995,64
138588,2238,6.099999999999987,87
138693,2239,9.39999999999998,105
138761,2240,5.999999999999993,68
138829,2241,4.1999999999999975,68
138897,2242,6.5999999999999925,68
138962,2243,4.499999999999995,65
139028,2244,5.199999999999994,66
139095,2245,5.899999999999993,67
139198,2246,10.99999999999998,103
139264,2247,5.799999999999994,66
139322,2248,3.4999999999999964,58
139389,2249,5.899999999999993,67
139443,2250,1.299999999999999,54
139532,2251,5.699999999999987,89
139638,2252,10.09999999999998,106
139742,2253,10.49999999999998,104
139810,2254,3.0,68
139872,2255,4.799999999999995,62
139965,2256,2.4999999999999885,93
140032,2257,5.899999999999995,67
140094,2258,5.399999999999995,62
140162,2259,5.999999999999993,68
140212,2260,-0.8999999999999986,50
140282,2261,4.4,70
140350,2262,5.399999999999997,68
140413,2263,5.499999999999995,63
140517,2264,9.89999999999998,104
140620,2265,10.39999999999998,103
140723,2266,9.199999999999982,103
140785,2267,5.399999999999995,62
140854,2268,6.699999999999992,69
140958,2269,9.899999999999983,104
141008,2270,-0.8999999999999986,50
141076,2271,6.5999999999999925,68
141145,2272,5.4999999999999964,69
141231,2273,2.9999999999999893,86
141299,2274,5.999999999999993,68
141362,2275,5.499999999999995,63
141430,2276,5.399999999999994,68
141532,2277,9.699999999999982,102
141588,2278,3.299999999999997,56
141656,2279,5.999999999999993,68
141718,2280,5.399999999999995,62
141786,2281,6.5999999999999925,68
141890,2282,9.89999999999998,104
141953,2283,5.499999999999995,63
142023,2284,6.799999999999992,70
142091,2285,5.999999999999993,68
142160,2286,4.3,69
142229,2287,6.0999999999999925,69
142298,2288,6.0999999999999925,69
142360,2289,4.799999999999995,62
142427,2290,5.899999999999993,67
142497,2291,6.199999999999992,70
142602,2292,8.199999999999983,105
142670,2293,5.999999999999993,68
142774,2294,10.49999999999998,104
142842,2295,5.999999999999993,68
142904,2296,3.599999999999996,62
142966,2297,5.399999999999995,62
143035,2298,6.699999999999992,69
143098,2299,5.499999999999995,63
143165,2300,5.899999999999993,67
143234,2301,6.0999999999999925,69
143339,2302,9.99999999999998,105
143401,2303,4.199999999999997,62
143470,2304,6.0999999999999925,69
143574,2305,9.299999999999981,104
143677,2306,9.799999999999981,103
143782,2307,9.99999999999998,105
143849,2308,5.899999999999993,67
143918,2309,6.0999999999999925,69
144056,2310,9.399999999999972,138
144124,2311,5.999999999999993,68
144191,2312,5.299999999999994,67
144258,2313,5.899999999999993,67
144361,2314,10.39999999999998,103
144424,2315,4.899999999999995,63
144487,2316,5.499999999999995,63
144593,2317,10.09999999999998,106
144699,2318,10.09999999999998,106
144803,2319,6.899999999999983,104
144870,2320,5.299999999999994,67
144937,2321,5.899999999999993,67
145005,2322,6.5999999999999925,68
145111,2323,10.69999999999998,106
145179,2324,5.999999999999993,68
145247,2325,6.5999999999999925,68
145333,2326,3.599999999999989,86
145403,2327,6.199999999999992,70
145471,2328,5.999999999999993,68
145538,2329,5.899999999999993,67
145606,2330,5.999999999999993,68
145710,2331,8.099999999999987,104
145813,2332,10.99999999999998,103
145880,2333,6.499999999999993,67
145942,2334,5.399999999999995,62
146046,2335,9.299999999999981,104
146149,2336,9.799999999999981,103
146215,2337,5.199999999999994,66
146278,2338,5.499999999999995,63
146338,2339,3.6999999999999957,60
146401,2340,4.899999999999995,63
146505,2341,10.49999999999998,104
146564,2342,2.9999999999999964,59
146627,2343,5.499999999999995,63
146768,2344,10.89999999999997,141
146832,2345,4.399999999999995,64
146973,2346,14.499999999999968,141
147039,2347,5.199999999999994,66
147104,2348,4.499999999999995,65
147172,2349,6.5999999999999925,68
147235,2350,5.499999999999995,63
147375,2351,9.599999999999971,140
147438,2352,4.899999999999995,63
147541,2353,10.39999999999998,103
147629,2354,4.999999999999988,88
147694,2355,4.499999999999995,65
147833,2356,14.89999999999997,139
147899,2357,5.199999999999994,66
147985,2358,2.9999999999999893,86
148125,2359,5.399999999999974,140
148192,2360,5.899999999999995,67
148295,2361,10.39999999999998,103
148397,2362,9.699999999999982,102
148501,2363,10.49999999999998,104
148593,2364,4.7999999999999865,92
148693,2365,6.499999999999989,100
148756,2366,5.499999999999995,63
148826,2367,6.199999999999992,70
148912,2368,1.1999999999999975,86
148979,2369,6.499999999999993,67
149081,2370,7.299999999999983,102
149150,2371,6.699999999999992,69
149216,2372,4.599999999999994,66
149283,2373,6.499999999999993,67
149350,2374,5.299999999999994,67
149419,2375,5.4999999999999964,69
149521,2376,9.699999999999982,102
149590,2377,6.0999999999999925,69
149649,2378,2.9999999999999964,59
149716,2379,5.899999999999993,67
149818,2380,7.899999999999983,102
149921,2381,10.39999999999998,103
150024,2382,9.199999999999982,103
150129,2383,10.59999999999998,105
150190,2384,2.599999999999996,61
150240,2385,-0.8999999999999986,50
150303,2386,5.499999999999995,63
150444,2387,12.09999999999997,141
150583,2388,13.09999999999997,139
150650,2389,5.899999999999995,67
150792,2390,14.599999999999968,142
150898,2391,10.69999999999998,106
150960,2392,5.399999999999995,62
151029,2393,6.0999999999999925,69
151086,2394,2.799999999999997,57
151172,2395,2.9999999999999893,86
151353,2396,16.399999999999977,181
151458,2397,9.99999999999998,105
151527,2398,6.699999999999992,69
151595,2399,6.5999999999999925,68
151647,2400,1.6999999999999993,52
151713,2401,5.199999999999994,66
151782,2402,6.0999999999999925,69
151888,2403,8.299999999999981,106
151956,2404,5.999999999999993,68
152024,2405,5.999999999999993,68
152090,2406,3.9999999999999947,66
152159,2407,6.0999999999999925,69
152222,2408,4.899999999999995,63
152291,2409,6.699999999999992,69
152394,2410,9.199999999999982,103
152458,2411,4.399999999999995,64
152527,2412,6.699999999999992,69
152595,2413,5.999999999999993,68
152663,2414,5.399999999999995,68
152730,2415,5.899999999999995,67
152799,2416,4.300000000000001,69
152861,2417,4.799999999999995,62
153003,2418,12.799999999999969,142
153070,2419,5.299999999999997,67
153139,2420,6.699999999999992,69
153208,2421,6.699999999999992,69
153276,2422,5.999999999999993,68
153342,2423,5.799999999999994,66
153409,2424,5.899999999999993,67
153507,2425,5.699999999999985,98
153572,2426,3.2999999999999963,65
153675,2427,4.999999999999995,103
153745,2428,4.399999999999997,70
153814,2429,6.699999999999992,69
153919,2430,10.59999999999998,105
154061,2431,13.39999999999997,142
154113,2432,2.299999999999999,52
154172,2433,2.9999999999999964,59
154240,2434,5.999999999999993,68
154307,2435,4.1,67
154375,2436,1.7999999999999985,68
154479,2437,8.699999999999982,104
154547,2438,4.199999999999996,68
154669,2439,6.899999999999977,122
154739,2440,5.599999999999996,70
154843,2441,6.8999999999999835,104
154895,2442,0.5,52
154999,2443,9.299999999999985,104
155105,2444,7.099999999999989,106
155193,2445,5.599999999999987,88
155255,2446,4.799999999999995,62
155325,2447,4.399999999999997,70
155394,2448,6.0999999999999925,69
155481,2449,5.499999999999988,87
155662,2450,12.199999999999958,181
155731,2451,4.899999999999993,69
155794,2452,4.299999999999995,63
155862,2453,5.999999999999993,68
155931,2454,4.899999999999993,69
156000,2455,3.0999999999999996,69
156070,2456,4.3999999999999995,70
156233,2457,12.49999999999999,163
156290,2458,3.399999999999997,57
156472,2459,15.299999999999965,182
156541,2460,6.0999999999999925,69
156663,2461,6.899999999999977,122
156805,2462,13.399999999999972,142
156874,2463,4.300000000000001,69
156943,2464,6.0999999999999925,69
157011,2465,5.399999999999995,68
157077,2466,5.799999999999994,66
157145,2467,5.999999999999993,68
157214,2468,6.0999999999999925,69
157279,2469,4.499999999999995,65
157329,2470,-5.099999999999998,50
157469,2471,8.399999999999975,140
157555,2472,2.3999999999999897,86
157617,2473,4.799999999999995,62
157686,2474,5.499999999999993,69
157755,2475,6.699999999999992,69
157860,2476,9.99999999999998,105
157928,2477,5.999999999999993,68
157997,2478,6.0999999999999925,69
158101,2479,11.09999999999998,104
158280,2480,16.19999999999999,179
158348,2481,3.0,68
158564,2482,18.400000000000038,216
158703,2483,7.699999999999973,139
158809,2484,10.09999999999998,106
158859,2485,-2.099999999999998,50
158959,2486,5.899999999999984,100
159140,2487,13.399999999999958,181
159322,2488,17.69999999999999,182
159392,2489,6.199999999999992,70
159495,2490,9.799999999999981,103
159558,2491,4.899999999999995,63
159626,2492,5.399999999999993,68
159692,2493,5.199999999999994,66
159874,2494,15.299999999999962,182
159941,2495,5.899999999999993,67
160004,2496,5.499999999999995,63
160184,2497,14.499999999999963,180
160287,2498,10.99999999999998,103
160393,2499,7.099999999999982,106
160533,2500,4.199999999999976,140
160602,2501,4.300000000000001,69
160743,2502,13.299999999999969,141
160846,2503,10.99999999999998,103
160914,2504,5.999999999999993,68
160964,2505,-5.099999999999998,50
161014,2506,-6.299999999999999,50
161120,2507,5.299999999999983,106
161222,2508,9.699999999999982,102
161363,2509,10.899999999999975,141
161461,2510,7.499999999999986,98
161529,2511,2.399999999999998,68
161670,2512,11.49999999999997,141
161738,2513,5.999999999999993,68
161795,2514,2.799999999999997,57
161898,2515,9.799999999999981,103
161961,2516,4.299999999999995,63
162063,2517,8.499999999999982,102
162165,2518,8.499999999999982,102
162306,2519,13.299999999999969,141
162373,2520,5.899999999999993,67
162440,2521,6.499999999999993,67
162508,2522,5.999999999999993,68
162607,2523,9.399999999999983,99
162674,2524,6.499999999999993,67
162744,2525,6.199999999999992,70
162813,2526,6.0999999999999925,69
162863,2527,-5.099999999999998,50
162966,2528,9.799999999999981,103
163036,2529,6.799999999999992,70
163098,2530,5.399999999999995,62
163148,2531,-4.499999999999998,50
163215,2532,5.899999999999994,67
163283,2533,6.5999999999999925,68
163346,2534,4.899999999999997,63
163414,2535,5.999999999999993,68
163475,2536,0.19999999999999796,61
163527,2537,2.299999999999999,52
163629,2538,7.299999999999983,102
163733,2539,10.49999999999998,104
163838,2540,10.59999999999998,105
163978,2541,13.799999999999969,140
164032,2542,1.8999999999999986,54
164082,2543,-7.499999999999998,50
164186,2544,9.299999999999983,104
164236,2545,-6.299999999999999,50
164286,2546,-8.099999999999998,50
164390,2547,8.699999999999985,104
164491,2548,8.399999999999983,101
164595,2549,9.89999999999998,104
164664,2550,6.699999999999992,69
164731,2551,5.299999999999994,67
164797,2552,3.3999999999999977,66
164900,2553,9.799999999999985,103
165063,2554,8.299999999999969,163
165132,2555,6.0999999999999925,69
165199,2556,5.299999999999994,67
165303,2557,9.89999999999998,104
165395,2558,2.999999999999993,92
165500,2559,10.59999999999998,105
165550,2560,-6.899999999999999,50
165618,2561,5.999999999999993,68
165687,2562,4.899999999999993,69
165902,2563,19.50000000000001,215
165971,2564,6.0999999999999925,69
166075,2565,9.89999999999998,104
166216,2566,10.89999999999997,141
166470,2567,23.100000000000072,254
166575,2568,9.99999999999998,105
166678,2569,9.199999999999983,103
166777,2570,6.999999999999984,99
166899,2571,4.499999999999982,122
167003,2572,9.89999999999998,104
167065,2573,5.399999999999995,62
167133,2574,5.999999999999993,68
167200,2575,5.899999999999994,67
167267,2576,5.899999999999993,67
167337,2577,6.199999999999992,70
167439,2578,6.699999999999983,102
167543,2579,10.49999999999998,104
167605,2580,5.399999999999995,62
167673,2581,5.999999999999993,68
167814,2582,12.699999999999969,141
167918,2583,10.49999999999998,104
168057,2584,10.099999999999971,139
168127,2585,4.999999999999994,70
168267,2586,10.19999999999997,140
168337,2587,6.199999999999992,70
168441,2588,11.09999999999998,104
168510,2589,6.0999999999999925,69
168649,2590,14.299999999999969,139
168717,2591,5.999999999999993,68
168774,2592,3.399999999999997,57
168992,2593,18.000000000000014,218
169204,2594,19.80000000000001,212
169309,2595,3.4000000000000012,105
169413,2596,6.299999999999985,104
169519,2597,10.09999999999998,106
169623,2598,8.699999999999982,104
169729,2599,10.09999999999998,106
169984,2600,26.200000000000102,255
170074,2601,5.199999999999987,90
170143,2602,6.0999999999999925,69
170248,2603,4.599999999999985,105
170310,2604,5.399999999999995,62
170450,2605,11.99999999999997,140
170552,2606,6.099999999999989,102
170656,2607,5.699999999999983,104
170759,2608,10.39999999999998,103
170977,2609,19.800000000000026,218
171067,2610,5.7999999999999865,90
171248,2611,17.599999999999984,181
171316,2612,5.999999999999993,68
171407,2613,1.099999999999997,91
171474,2614,5.899999999999993,67
171687,2615,14.499999999999988,213
171750,2616,5.499999999999995,63
171855,2617,8.799999999999981,105
171955,2618,5.899999999999984,100
172053,2619,8.699999999999983,98
172185,2620,10.29999999999998,132
172253,2621,6.5999999999999925,68
172303,2622,-6.299999999999999,50
172483,2623,11.49999999999996,180
172624,2624,14.499999999999968,141
172692,2625,6.5999999999999925,68
172833,2626,11.499999999999972,141
172919,2627,2.9999999999999893,86
172969,2628,-5.699999999999998,50
173148,2629,12.59999999999998,179
173234,2630,1.79999999999999,86
173340,2631,10.69999999999998,106
173462,2632,3.899999999999979,122
173567,2633,9.99999999999998,105
173749,2634,15.89999999999998,182
173853,2635,8.699999999999982,104
174035,2636,17.699999999999992,182
174177,2637,12.19999999999997,142
174393,2638,22.00000000000004,216
174499,2639,7.099999999999984,106
174569,2640,4.9999999999999964,70
174672,2641,6.1999999999999895,103
174774,2642,0.09999999999999476,102
174844,2643,6.199999999999992,70
174913,2644,5.499999999999996,69
175014,2645,7.79999999999999,101
175309,2646,28.10000000000014,295
175379,2647,6.199999999999992,70
175429,2648,-6.899999999999999,50
175592,2649,8.299999999999967,163
175652,2650,3.6999999999999957,60
175758,2651,11.29999999999998,106
175824,2652,5.199999999999996,66
175928,2653,11.09999999999998,104
176050,2654,6.899999999999977,122
176111,2655,3.7999999999999954,61
176293,2656,18.300000000000004,182
176425,2657,11.499999999999972,132
176528,2658,9.799999999999983,103
176629,2659,7.799999999999985,101
176905,2660,21.100000000000083,276
177008,2661,8.599999999999982,103
177075,2662,2.9,67
177215,2663,13.199999999999969,140
177321,2664,8.89999999999998,106
177426,2665,6.399999999999983,105
177492,2666,2.7999999999999985,66
177597,2667,10.59999999999998,105
177816,2668,19.90000000000002,219
177885,2669,6.099999999999993,69
178048,2670,6.499999999999966,163
178117,2671,6.0999999999999925,69
178167,2672,-3.899999999999998,50
178271,2673,9.89999999999998,104
178376,2674,8.199999999999985,105
178592,2675,18.40000000000003,216
178734,2676,13.399999999999968,142
178874,2677,11.39999999999997,140
179037,2678,11.899999999999977,163
179105,2679,5.999999999999993,68
179319,2680,17.59999999999998,214
179727,2681,38.5000000000003,408
179794,2682,4.699999999999994,67
180239,2683,44.30000000000036,445
180305,2684,5.799999999999994,66
180375,2685,5.599999999999995,70
180425,2686,-8.099999999999998,50
180475,2687,-7.499999999999998,50
180525,2688,-8.099999999999998,50
180628,2689,9.799999999999981,103
180678,2690,-8.099999999999998,50
180782,2691,8.099999999999987,104
180832,2692,-2.099999999999998,50
180902,2693,3.8,70
181007,2694,10.59999999999998,105
181057,2695,-3.299999999999998,50
181107,2696,-8.099999999999998,50
181177,2697,6.199999999999992,70
181227,2698,-6.299999999999999,50
181331,2699,5.699999999999983,104
181498,2700,12.299999999999962,167
181548,2701,-8.7,50
181598,2702,-5.699999999999998,50
181665,2703,5.899999999999993,67
181715,2704,-8.099999999999998,50
181819,2705,7.499999999999984,104
181885,2706,5.799999999999994,66
181935,2707,-6.899999999999999,50
181986,2708,1.5999999999999996,51
182091,2709,5.799999999999983,105
182159,2710,6.5999999999999925,68
182260,2711,8.999999999999984,101
182310,2712,-6.299999999999999,50
182360,2713,-8.099999999999998,50
182414,2714,2.4999999999999982,54
182519,2715,9.99999999999998,105
182624,2716,7.599999999999982,105
182674,2717,-7.499999999999998,50
182740,2718,1.6000000000000019,66
182846,2719,10.099999999999982,106
182987,2720,11.49999999999997,141
183037,2721,-6.899999999999999,50
183087,2722,-7.499999999999998,50
183137,2723,-0.8999999999999986,50
183187,2724,-8.099999999999998,50
183252,2725,5.099999999999997,65
183415,2726,7.099999999999968,163
183480,2727,5.099999999999995,65
183583,2728,4.399999999999984,103
183648,2729,5.099999999999997,65
183716,2730,6.5999999999999925,68
183779,2731,5.499999999999995,63
183829,2732,-4.499999999999998,50
184012,2733,15.999999999999979,183
184078,2734,5.799999999999994,66
184145,2735,1.700000000000002,67
184195,2736,-7.499999999999998,50
184245,2737,-7.499999999999998,50
184295,2738,-6.899999999999999,50
184353,2739,2.899999999999997,58
184418,2740,3.3000000000000007,65
184468,2741,-6.899999999999999,50
184537,2742,4.899999999999997,69
184606,2743,4.299999999999999,69
184656,2744,-8.7,50
184706,2745,-8.099999999999998,50
184756,2746,-5.699999999999998,50
184806,2747,-6.899999999999999,50
184856,2748,-7.499999999999998,50
184906,2749,-9.299999999999999,50
184973,2750,3.499999999999999,67
185023,2751,-8.7,50
185088,2752,5.099999999999997,65
185193,2753,8.799999999999981,105
185297,2754,8.699999999999982,104
185347,2755,-8.7,50
185415,2756,4.799999999999997,68
185465,2757,-8.7,50
185515,2758,-8.7,50
185565,2759,-8.7,50
185765,2760,16.50000000000001,200
185815,2761,-8.7,50
185881,2762,4.599999999999999,66
185931,2763,-8.7,50
185981,2764,-6.299999999999999,50
186049,2765,6.5999999999999925,68
186154,2766,8.799999999999986,105
186222,2767,5.999999999999993,68
186272,2768,-7.499999999999998,50
186322,2769,-6.299999999999999,50
186372,2770,-8.099999999999998,50
186422,2771,-8.7,50
186561,2772,9.499999999999972,139
186611,2773,-3.899999999999998,50
186716,2774,3.399999999999995,105
186766,2775,-7.499999999999998,50
186835,2776,6.0999999999999925,69
186885,2777,-8.099999999999998,50
186935,2778,-7.499999999999998,50
187041,2779,8.899999999999983,106
187091,2780,-8.099999999999998,50
187159,2781,5.999999999999993,68
187209,2782,-6.899999999999999,50
187276,2783,6.499999999999993,67
187380,2784,3.899999999999986,104
187446,2785,4.599999999999999,66
187513,2786,5.299999999999995,67
187763,2787,21.500000000000057,250
187885,2788,9.299999999999976,122
187955,2789,6.799999999999992,70
188024,2790,6.699999999999992,69
188278,2791,25.5000000000001,254
188345,2792,5.299999999999995,67
188413,2793,4.799999999999997,68
188463,2794,-8.099999999999998,50
188829,2795,34.60000000000024,366
188934,2796,9.999999999999982,105
189226,2797,26.600000000000122,292
189409,2798,18.400000000000006,183
189478,2799,5.499999999999995,69
189677,2800,13.999999999999996,199
189727,2801,-6.299999999999999,50
189833,2802,8.899999999999986,106
190014,2803,15.19999999999996,181
190120,2804,8.89999999999998,106
190188,2805,5.999999999999993,68
190351,2806,10.099999999999966,163
190421,2807,6.199999999999992,70
190471,2808,-0.8999999999999986,50
190537,2809,0.3999999999999986,66
190605,2810,2.3999999999999986,68
190711,2811,7.099999999999982,106
190816,2812,5.799999999999983,105
190916,2813,6.499999999999988,100
191011,2814,7.499999999999984,95
191075,2815,3.799999999999998,64
191293,2816,16.799999999999972,218
191399,2817,5.899999999999983,106
191468,2818,4.899999999999999,69
191536,2819,5.999999999999994,68
191677,2820,12.09999999999997,141
191860,2821,14.199999999999958,183
192001,2822,12.699999999999969,141
192326,2823,30.80000000000019,325
192380,2824,1.8999999999999986,54
192632,2825,22.90000000000008,252
192702,2826,4.399999999999999,70
192793,2827,6.499999999999988,91
193010,2828,19.10000000000002,217
193151,2829,13.299999999999969,141
193240,2830,5.699999999999989,89
193309,2831,6.0999999999999925,69
193589,2832,26.30000000000012,280
193772,2833,15.399999999999963,183
193878,2834,8.299999999999983,106
193967,2835,6.2999999999999865,89
194284,2836,29.10000000000015,317
194338,2837,2.4999999999999982,54
194427,2838,5.099999999999987,89
194594,2839,13.499999999999961,167
194651,2840,2.1999999999999975,57
194822,2841,13.89999999999996,171
195021,2842,12.79999999999999,199
195187,2843,12.799999999999962,166
195252,2844,5.099999999999997,65
195469,2845,20.90000000000005,217
195555,2846,2.9999999999999893,86
195656,2847,8.999999999999984,101
195796,2848,10.19999999999997,140
195849,2849,2.9999999999999982,53
196016,2850,13.499999999999961,167
196070,2851,3.099999999999998,54
196162,2852,5.999999999999986,92
196253,2853,5.899999999999986,91
196339,2854,2.9999999999999893,86
196444,2855,10.59999999999998,105
196660,2856,19.000000000000007,216
196829,2857,14.899999999999984,169
196971,2858,12.799999999999969,142
197030,2859,2.9999999999999964,59
197082,2860,2.8999999999999986,52
197187,2861,7.599999999999982,105
197281,2862,6.799999999999985,94
197334,2863,2.9999999999999982,53
197537,2864,17.400000000000016,203
197587,2865,0.9000000000000004,50
197822,2866,20.90000000000006,235
198380,2867,50.500000000000476,558
198470,2868,6.399999999999986,90
198674,2869,16.299999999999997,204
198892,2870,19.80000000000003,218
198994,2871,7.899999999999984,102
199063,2872,4.899999999999999,69
199620,2873,51.00000000000049,557
199760,2874,11.99999999999997,140
199902,2875,13.999999999999968,142
199961,2876,-0.5999999999999983,59
200027,2877,5.199999999999996,66
200131,2878,5.099999999999987,104
200198,2879,4.699999999999995,67
200303,2880,8.199999999999983,105
200731,2881,36.3000000000003,428
200800,2882,4.899999999999997,69
200867,2883,5.299999999999995,67
201007,2884,11.39999999999997,140
201451,2885,43.60000000000035,444
201543,2886,7.199999999999985,92
201601,2887,3.4999999999999964,58
201654,2888,1.799999999999999,53
201985,2889,29.600000000000176,331
202203,2890,11.999999999999954,218
202293,2891,4.599999999999992,90
202383,2892,2.7999999999999963,90
202588,2893,19.40000000000004,205
202657,2894,6.0999999999999925,69
202743,2895,2.3999999999999932,86
202829,2896,2.3999999999999924,86
202896,2897,5.299999999999995,67
203192,2898,27.60000000000015,296
203333,2899,12.09999999999997,141
203437,2900,8.699999999999982,104
204030,2901,51.900000000000475,593
204171,2902,12.699999999999969,141
204257,2903,1.1999999999999957,86
204587,2904,25.9000000000001,330
205221,2905,58.70000000000054,634
205280,2906,3.599999999999996,59
205366,2907,2.9999999999999893,86
205416,2908,2.0999999999999996,50
205486,2909,2.600000000000003,70
205626,2910,13.199999999999969,140
206106,2911,40.90000000000033,480
206247,2912,12.699999999999969,141
206317,2913,6.199999999999992,70
206373,2914,2.099999999999998,56
206511,2915,10.599999999999971,138
206580,2916,4.899999999999994,69
206675,2917,6.299999999999985,95
206763,2918,6.199999999999989,88
207155,2919,23.400000000000087,392
207674,2920,46.900000000000425,519
208040,2921,35.800000000000225,366
208109,2922,6.0999999999999925,69
208178,2923,4.899999999999997,69
208246,2924,5.399999999999994,68
208350,2925,8.099999999999982,104
208905,2926,54.400000000000496,555
209159,2927,26.70000000000011,254
209394,2928,13.699999999999978,235
209577,2929,18.399999999999995,183
209719,2930,12.799999999999972,142
210050,2931,24.20000000000006,331
210188,2932,10.599999999999973,138
210484,2933,25.200000000000138,296
210553,2934,6.0999999999999925,69
210885,2935,30.90000000000019,332
211952,2936,86.699999999999,1067
212134,2937,12.299999999999958,182
212428,2938,22.000000000000092,294
212478,2939,1.5,50
212696,2940,19.20000000000001,218
212909,2941,15.099999999999948,213
213051,2942,13.399999999999968,142
213567,2943,44.20000000000041,516
213673,2944,11.29999999999998,106
214040,2945,31.700000000000216,367
214145,2946,9.399999999999984,105
214765,2947,58.800000000000544,620
215060,2948,25.1000000000001,295
215164,2949,8.099999999999984,104
215214,2950,-3.899999999999998,50
215432,2951,16.20000000000002,218
215685,2952,25.40000000000008,253
216147,2953,37.000000000000306,462
216930,2954,65.20000000000054,783
217036,2955,8.89999999999998,106
217158,2956,9.299999999999978,122
217244,2957,2.9999999999999893,86
217350,2958,8.899999999999984,106
217793,2959,40.500000000000355,443
218338,2960,41.70000000000038,545
218744,2961,37.700000000000266,406
219336,2962,54.8000000000005,592
220069,2963,56.00000000000064,733
220139,2964,6.199999999999992,70
220244,2965,5.799999999999983,105
220652,2966,36.70000000000028,408
220705,2967,2.3999999999999986,53
220770,2968,3.9000000000000004,65
220827,2969,2.799999999999997,57
221009,2970,17.099999999999984,182
221101,2971,5.999999999999987,92
221170,2972,4.899999999999997,69
221465,2973,24.500000000000092,295
221972,2974,46.00000000000038,507
222031,2975,2.399999999999997,59
222474,2976,31.5000000000002,443
222842,2977,25.200000000000113,368
223060,2978,21.00000000000005,218
223200,2979,13.19999999999997,140
223306,2980,8.89999999999998,106
223520,2981,20.60000000000003,214
223626,2982,7.099999999999985,106
223917,2983,26.500000000000114,291
224055,2984,12.399999999999972,138
224969,2985,76.79999999999983,914
225036,2986,4.699999999999998,67
225158,2987,6.899999999999977,122
225260,2988,8.499999999999984,102
225514,2989,20.10000000000005,254
225795,2990,21.000000000000085,281
225886,2991,6.499999999999986,91
225950,2992,3.799999999999998,64
226088,2993,12.39999999999997,138
226138,2994,-4.499999999999998,50
226373,2995,18.500000000000057,235
226555,2996,16.499999999999964,182
226831,2997,21.1000000000001,276
226968,2998,8.69999999999998,137
227298,2999,29.500000000000185,330
227404,3000,8.299999999999981,106
227472,3001,5.999999999999993,68
227690,3002,21.000000000000032,218
228096,3003,35.900000000000276,406
228277,3004,16.39999999999997,181
228947,3005,51.200000000000514,670
229201,3006,21.900000000000098,254
229302,3007,8.999999999999982,101
229670,3008,31.80000000000024,368
229724,3009,1.8999999999999986,54
230131,3010,30.600000000000215,407
230458,3011,29.200000000000134,327
230562,3012,8.699999999999982,104
230631,3013,6.0999999999999925,69
231527,3014,75.59999999999985,896
232103,3015,44.50000000000047,576
232167,3016,4.999999999999996,64
232237,3017,1.3999999999999981,70
232341,3018,7.499999999999988,104
232706,3019,32.10000000000022,365
232776,3020,6.799999999999992,70
232882,3021,7.6999999999999815,106
233313,3022,40.80000000000031,431
233381,3023,5.399999999999997,68
233862,3024,41.60000000000037,481
234117,3025,18.400000000000052,255
234352,3026,10.099999999999953,235
234458,3027,8.299999999999981,106
234527,3028,3.699999999999995,69
234743,3029,19.000000000000014,216
235060,3030,26.100000000000144,317
235184,3031,8.29999999999998,124
235532,3032,24.700000000000173,348
236011,3033,38.400000000000354,479
236116,3034,6.399999999999984,105
236185,3035,4.899999999999993,69
236392,3036,11.199999999999951,207
236834,3037,38.6000000000003,442
237164,3038,28.900000000000162,330
237415,3039,19.800000000000036,251
237817,3040,36.100000000000264,402
237903,3041,2.9999999999999956,86
238044,3042,11.49999999999997,141
238363,3043,25.100000000000108,319
238695,3044,29.100000000000154,332
238931,3045,10.799999999999965,236
239112,3046,6.799999999999984,181
239238,3047,9.099999999999977,126
239420,3048,11.09999999999996,182
239561,3049,13.29999999999997,141
239815,3050,23.100000000000065,254
240020,3051,15.199999999999992,205
240124,3052,7.499999999999988,104
240193,3053,2.5000000000000004,69
240283,3054,3.999999999999991,90
240953,3055,55.40000000000059,670
241093,3056,10.19999999999997,140
241501,3057,34.300000000000225,408
242058,3058,51.00000000000046,557
242294,3059,18.60000000000003,236
242626,3060,22.500000000000036,332
243313,3061,59.50000000000064,687
243403,3062,5.7999999999999865,90
243771,3063,29.4000000000002,368
244252,3064,47.60000000000037,481
244321,3065,4.899999999999997,69
244443,3066,6.299999999999978,122
244606,3067,10.099999999999964,163
244770,3068,6.59999999999998,164
244974,3069,18.10000000000003,204
246246,3070,112.59999999999799,1272
246338,3071,4.79999999999999,92
246705,3072,32.30000000000022,367
247524,3073,66.70000000000012,819
247648,3074,7.699999999999976,124
247716,3075,4.799999999999997,68
247818,3076,9.099999999999984,102
247874,3077,2.099999999999998,56
247929,3078,1.9999999999999982,55
248093,3079,4.199999999999996,164
248152,3080,2.399999999999997,59
248654,3081,29.900000000000304,502
248748,3082,5.599999999999989,94
248816,3083,4.799999999999997,68
248921,3084,9.399999999999983,105
249026,3085,8.199999999999982,105
249374,3086,27.700000000000188,348
249443,3087,3.0999999999999988,69
249512,3088,3.699999999999995,69
249844,3089,30.900000000000155,332
250099,3090,23.800000000000082,255
250451,3091,30.500000000000192,352
250631,3092,12.099999999999964,180
250717,3093,2.3999999999999897,86
250803,3094,2.9999999999999893,86
251022,3095,21.10000000000005,219
251192,3096,5.999999999999972,170
251260,3097,6.5999999999999925,68
251721,3098,32.70000000000028,461
251784,3099,3.0999999999999996,63
252019,3100,13.099999999999952,235
252597,3101,48.30000000000049,578
253027,3102,33.50000000000019,430
253095,3103,1.7763568394002505e-15,68
253750,3104,54.20000000000056,655
253842,3105,6.599999999999985,92
254061,3106,19.30000000000001,219
254922,3107,80.79999999999967,861
255321,3108,37.90000000000029,399
255556,3109,17.300000000000043,235
255882,3110,29.10000000000017,326
255975,3111,5.499999999999988,93
256111,3112,11.599999999999973,136
256253,3113,7.399999999999974,142
256773,3114,45.8000000000004,520
256879,3115,10.69999999999998,106
256965,3116,2.9999999999999902,86
257094,3117,8.79999999999998,129
257298,3118,16.299999999999994,204
257992,3119,56.00000000000064,694
258272,3120,22.10000000000009,280
258455,3121,12.999999999999957,183
259481,3122,86.49999999999935,1026
259664,3123,6.999999999999961,183
259827,3124,8.299999999999967,163
259918,3125,4.699999999999987,91
260212,3126,26.20000000000011,294
260430,3127,21.000000000000032,218
260682,3128,21.70000000000008,252
260824,3129,11.59999999999997,142
261078,3130,24.900000000000098,254
261372,3131,22.000000000000135,294
261549,3132,7.599999999999962,177
261691,3133,9.19999999999997,142
261754,3134,4.899999999999996,63
262501,3135,67.3000000000002,747
262643,3136,8.599999999999975,142
262747,3137,8.099999999999984,104
263869,3138,101.79999999999846,1122
263995,3139,4.899999999999981,126
264476,3140,35.60000000000027,481
265373,3141,78.69999999999976,897
265803,3142,37.100000000000286,430
266436,3143,55.00000000000055,633
266486,3144,-6.899999999999999,50
266536,3145,-5.699999999999998,50
266638,3146,9.099999999999982,102
266688,3147,-6.899999999999999,50
267535,3148,70.7000000000001,847
267631,3149,3.3999999999999897,96
267701,3150,4.9999999999999964,70
268501,3151,54.90000000000065,800
269247,3152,67.20000000000027,746
269911,3153,53.60000000000051,664
269997,3154,1.7999999999999936,86
270517,3155,41.00000000000038,520
270622,3156,5.199999999999988,105
270918,3157,18.000000000000053,296
271023,3158,8.199999999999985,105
273312,3159,199.59999999999266,2289
273362,3160,-6.899999999999999,50
273468,3161,5.299999999999989,106
273651,3162,12.399999999999958,183
273754,3163,9.799999999999981,103
273859,3164,9.39999999999998,105
274114,3165,23.800000000000097,255
274860,3166,57.00000000000063,746
275072,3167,13.799999999999955,212
276456,3168,118.0999999999973,1384
276556,3169,8.299999999999985,100
277211,3170,63.20000000000047,655
277507,3171,24.600000000000126,296
277875,3172,29.400000000000215,368
278883,3173,94.29999999999862,1008
278985,3174,9.099999999999982,102
279054,3175,1.899999999999999,69
279196,3176,10.399999999999972,142
279265,3177,3.699999999999995,69
279709,3178,43.00000000000036,444
279759,3179,-4.499999999999998,50
280221,3180,40.00000000000037,462
280326,3181,8.799999999999983,105
280489,3182,9.499999999999964,163
281463,3183,91.79999999999896,974
281717,3184,23.700000000000102,254
282449,3185,71.50000000000006,732
282501,3186,2.299999999999999,52
282569,3187,5.399999999999995,68
282863,3188,25.60000000000011,294
283594,3189,60.000000000000675,731
284024,3190,36.50000000000024,430
284277,3191,21.200000000000045,253
284609,3192,27.90000000000015,332
285016,3193,36.000000000000256,407
285409,3194,35.500000000000284,393
286704,3195,120.29999999999762,1295
286773,3196,3.0999999999999988,69
286835,3197,1.800000000000002,62
286901,3198,5.199999999999996,66
287155,3199,19.500000000000018,254
287333,3200,13.099999999999959,178
287439,3201,3.4999999999999876,106
287638,3202,7.999999999999957,199
287801,3203,2.2999999999999865,163
287851,3204,-6.899999999999999,50
287992,3205,8.499999999999973,141
288061,3206,4.899999999999997,69
288618,3207,52.800000000000466,557
288706,3208,5.599999999999989,88
288773,3209,4.699999999999998,67
288914,3210,7.299999999999978,141
289263,3211,28.40000000000017,349
289591,3212,26.900000000000123,328
289733,3213,7.399999999999972,142
289802,3214,4.899999999999994,69
289908,3215,5.89999999999999,106
289958,3216,-6.299999999999999,50
290064,3217,8.899999999999983,106
290168,3218,8.099999999999984,104
290290,3219,9.299999999999976,122
290473,3220,8.799999999999963,183
290576,3221,7.999999999999984,103
290680,3222,6.299999999999989,104
290730,3223,-6.299999999999999,50
290984,3224,22.500000000000068,254
291054,3225,6.199999999999992,70
291124,3226,6.199999999999992,70
291193,3227,4.899999999999997,69
291262,3228,6.0999999999999925,69
291331,3229,6.0999999999999925,69
291436,3230,8.799999999999981,105
291506,3231,5.599999999999995,70
291761,3232,21.400000000000045,255
291828,3233,4.699999999999998,67
291932,3234,8.699999999999983,104
292001,3235,3.699999999999995,69
292070,3236,2.4999999999999982,69
292305,3237,11.89999999999996,235
292374,3238,4.899999999999997,69
292424,3239,-8.7,50
292494,3240,6.199999999999992,70
292712,3241,13.799999999999951,218
293625,3242,76.69999999999986,913
294974,3243,103.49999999999754,1349
295044,3244,3.1999999999999984,70
295167,3245,8.799999999999978,123
295646,3246,38.40000000000034,479
295769,3247,6.999999999999982,123
295838,3248,4.899999999999997,69
295940,3249,7.89999999999999,102
296119,3250,13.79999999999996,179
296188,3251,4.899999999999993,69
296405,3252,18.5,217
296527,3253,5.69999999999998,122
296593,3254,4.599999999999999,66
297074,3255,39.2000000000003,481
297143,3256,3.0999999999999988,69
297232,3257,6.2999999999999865,89
297318,3258,2.9999999999999902,86
297910,3259,47.00000000000049,592
298355,3260,33.500000000000284,445
298944,3261,58.10000000000055,589
299297,3262,30.6000000000002,353
299849,3263,38.50000000000021,552
299902,3264,2.9999999999999982,53
300084,3265,13.49999999999996,182
300704,3266,55.80000000000056,620
300773,3267,3.6999999999999966,69
300972,3268,10.999999999999956,199
302582,3269,144.29999999999606,1610
303776,3270,101.79999999999781,1194
303882,3271,10.09999999999998,106
303973,3272,6.499999999999988,91
304040,3273,5.899999999999993,67
304578,3274,41.60000000000038,538
304684,3275,6.499999999999983,106
304808,3276,6.499999999999977,124
304914,3277,8.299999999999983,106
305310,3278,16.000000000000135,396
305719,3279,38.600000000000314,409
305824,3280,5.799999999999983,105
305911,3281,6.699999999999987,87
306126,3282,17.099999999999973,215
306306,3283,14.49999999999996,180
306510,3284,11.499999999999957,204
306913,3285,35.00000000000025,403
307357,3286,40.00000000000033,444
307759,3287,36.700000000000216,402
308768,3288,94.99999999999878,1009
310306,3289,124.49999999999645,1538
311378,3290,89.59999999999854,1072
311972,3291,54.40000000000051,594
312153,3292,9.79999999999997,181
312371,3293,17.39999999999997,218
313720,3294,120.2999999999974,1349
314278,3295,40.900000000000375,558
315252,3296,72.60000000000018,974
315773,3297,43.50000000000036,521
315879,3298,7.6999999999999815,106
317078,3299,97.49999999999835,1199
317169,3300,4.69999999999999,91
317291,3301,8.699999999999978,122
317341,3302,-0.8999999999999986,50
317709,3303,25.80000000000015,368
317778,3304,4.899999999999993,69
317848,3305,3.7999999999999945,70
317898,3306,-6.299999999999999,50
317948,3307,-8.7,50
318497,3308,51.70000000000049,549
319317,3309,73.99999999999983,820
319404,3310,5.499999999999988,87
319865,3311,35.10000000000035,461
320230,3312,20.700000000000056,365
320413,3313,13.59999999999996,183
320667,3314,21.30000000000007,254
320772,3315,8.799999999999981,105
321801,3316,68.20000000000023,1029
321904,3317,8.599999999999982,103
322385,3318,40.40000000000038,481
322451,3319,4.0,66
322764,3320,26.300000000000132,313
322866,3321,9.099999999999984,102
323388,3322,28.60000000000014,522
323438,3323,-6.299999999999999,50
324186,3324,54.800000000000644,748
324708,3325,45.40000000000045,522
324907,3326,10.999999999999957,199
325070,3327,8.299999999999967,163
325253,3328,13.59999999999996,183
325339,3329,1.199999999999993,86
325635,3330,14.999999999999957,296
326080,3331,37.70000000000022,445
326864,3332,64.10000000000059,784
326968,3333,8.699999999999982,104
327187,3334,7.29999999999996,219
328120,3335,84.99999999999947,933
329579,3336,131.599999999997,1459
330246,3337,62.900000000000624,667
331366,3338,99.7999999999984,1120
331585,3339,9.699999999999958,219
332251,3340,50.80000000000047,666
332732,3341,47.6000000000004,481
332837,3342,6.999999999999984,105
333053,3343,14.799999999999947,216
333120,3344,4.699999999999998,67
333525,3345,28.600000000000236,405
333743,3346,16.19999999999999,218
334152,3347,30.2000000000002,409
334407,3348,19.00000000000004,255
334965,3349,40.90000000000043,558
335485,3350,43.40000000000036,520
336330,3351,74.69999999999986,845
337339,3352,95.5999999999986,1009
337669,3353,29.500000000000174,330
337849,3354,13.299999999999965,180
337991,3355,7.999999999999972,142
338323,3356,28.500000000000174,332
338387,3357,4.399999999999998,64
338570,3358,17.199999999999985,183
338675,3359,5.799999999999986,105
339833,3360,109.89999999999799,1158
340989,3361,100.69999999999848,1156
342071,3362,88.49999999999926,1082
342515,3363,34.60000000000029,444
342924,3364,29.600000000000225,409
344195,3365,102.8999999999984,1271
344675,3366,46.90000000000041,480
344817,3367,12.799999999999969,142
346581,3368,162.09999999999485,1764
346723,3369,10.399999999999977,142
346793,3370,3.1999999999999984,70
346843,3371,-5.699999999999998,50
347703,3372,47.7000000000008,860
347938,3373,16.70000000000003,235
348044,3374,1.7000000000000033,106
348525,3375,35.60000000000033,481
348688,3376,10.099999999999966,163
348793,3377,9.999999999999982,105
348897,3378,8.099999999999985,104
349192,3379,26.300000000000146,295
349373,3380,7.399999999999965,181
349668,3381,20.90000000000007,295
349736,3382,4.799999999999997,68
350179,3383,42.90000000000032,443
351075,3384,64.80000000000051,896
352085,3385,65.7000000000005,1010
352340,3386,19.600000000000033,255
353273,3387,64.60000000000062,933
353455,3388,12.29999999999996,182
353690,3389,12.499999999999975,235
353795,3390,8.799999999999981,105
354388,3391,42.900000000000475,593
354833,3392,35.900000000000276,445
354883,3393,-8.7,50
356720,3394,144.19999999999624,1837
358239,3395,115.09999999999648,1519
358305,3396,5.199999999999996,66
358375,3397,0.8,70
358558,3398,17.799999999999986,183
359114,3399,43.700000000000394,556
359277,3400,4.699999999999971,163
360884,3401,147.59999999999604,1607
362458,3402,143.99999999999608,1574
362600,3403,11.599999999999973,142
362968,3404,25.200000000000163,368
363263,3405,22.1000000000001,295
364273,3406,82.49999999999947,1010
364523,3407,18.500000000000004,250
365116,3408,48.30000000000044,593
365392,3409,20.500000000000085,276
366807,3410,110.39999999999789,1415
367966,3411,94.99999999999886,1159
368072,3412,9.499999999999984,106
368178,3413,7.699999999999985,106
368883,3414,58.60000000000064,705
368988,3415,8.799999999999981,105
369308,3416,13.799999999999944,320
369358,3417,-6.299999999999999,50
369480,3418,5.099999999999978,122
370715,3419,74.40000000000018,1235
370765,3420,-0.8999999999999986,50
370815,3421,-8.7,50
371296,3422,41.0000000000003,481
371777,3423,26.000000000000167,481
371846,3424,6.0999999999999925,69
372009,3425,9.499999999999966,163
372076,3426,5.299999999999995,67
372182,3427,5.299999999999985,106
373701,3428,118.09999999999715,1519
373771,3429,6.799999999999992,70
373857,3430,1.7999999999999927,86
374092,3431,11.299999999999951,235
374142,3432,-0.8999999999999986,50
374983,3433,73.09999999999984,841
375238,3434,18.40000000000002,255
375288,3435,-0.8999999999999986,50
375338,3436,-0.8999999999999986,50
375388,3437,-2.099999999999998,50
375438,3438,-8.7,50
375637,3439,7.999999999999959,199
375687,3440,-0.8999999999999986,50
375905,3441,18.6,218
376010,3442,3.9999999999999902,105
376060,3443,-7.499999999999998,50
376164,3444,8.099999999999987,104
377091,3445,81.39999999999948,927
377292,3446,11.79999999999996,201
377434,3447,12.199999999999973,142
378198,3448,65.39999999999999,764
378397,3449,7.39999999999997,199
378578,3450,15.199999999999964,181
378833,3451,18.400000000000006,255
379879,3452,89.39999999999917,1046
379949,3453,3.1999999999999984,70
380018,3454,6.0999999999999925,69
380068,3455,-0.8999999999999986,50
380174,3456,8.899999999999984,106
380243,3457,3.699999999999995,69
380442,3458,17.600000000000005,199
381512,3459,92.99999999999896,1070
381844,3460,18.300000000000033,332
381976,3461,7.299999999999978,132
382045,3462,4.899999999999997,69
382262,3463,17.899999999999988,217
382365,3464,8.599999999999982,103
382809,3465,39.40000000000032,444
383217,3466,37.30000000000024,408
383547,3467,26.500000000000167,330
383823,3468,19.9000000000001,276
384076,3469,25.400000000000098,253
384145,3470,5.499999999999995,69
384963,3471,74.99999999999994,818
385294,3472,27.80000000000013,331
385739,3473,30.50000000000029,445
386070,3474,22.400000000000063,331
386233,3475,5.299999999999967,163
387844,3476,138.39999999999586,1611
388685,3477,66.5000000000002,841
388771,3478,2.3999999999999924,86
388893,3479,4.499999999999982,122
388961,3480,4.799999999999997,68
389067,3481,8.89999999999998,106
389137,3482,6.199999999999992,70
389695,3483,46.300000000000495,558
390250,3484,51.40000000000045,555
390376,3485,10.299999999999974,126
390856,3486,39.7000000000003,480
390925,3487,6.0999999999999925,69
391142,3488,16.699999999999978,217
391359,3489,12.49999999999996,217
391465,3490,5.899999999999984,106
391535,3491,6.199999999999992,70
392238,3492,56.60000000000053,703
392308,3493,6.199999999999992,70
392471,3494,8.899999999999968,163
393557,3495,84.69999999999898,1086
393663,3496,8.899999999999986,106
394504,3497,71.29999999999976,841
394893,3498,32.10000000000025,389
395222,3499,30.600000000000183,329
395364,3500,11.59999999999997,142
395844,3501,39.10000000000032,480
395986,3502,12.199999999999969,142
396544,3503,45.10000000000044,558
396912,3504,33.60000000000021,368
397845,3505,71.80000000000032,933
398213,3506,34.200000000000195,368
398509,3507,27.60000000000015,296
399292,3508,74.79999999999978,783
399347,3509,1.9999999999999982,55
399530,3510,8.799999999999965,183
399600,3511,6.199999999999992,70
399701,3512,9.599999999999982,101
399841,3513,13.799999999999969,140
400980,3514,89.69999999999857,1139
401682,3515,65.50000000000051,702
401863,3516,18.200000000000003,181
401933,3517,6.199999999999992,70
402227,3518,27.400000000000116,294
402390,3519,10.699999999999964,163
402460,3520,6.199999999999992,70
402738,3521,22.500000000000085,278
403332,3522,49.600000000000456,594
403732,3523,34.40000000000024,400
403837,3524,6.999999999999982,105
403905,3525,1.1999999999999988,68
403975,3526,4.999999999999994,70
404527,3527,35.50000000000028,552
405234,3528,64.80000000000048,707
405772,3529,42.20000000000042,538
406027,3530,20.200000000000053,255
406508,3531,42.80000000000035,481
407177,3532,60.700000000000635,669
407844,3533,58.10000000000063,667
407905,3534,3.7999999999999954,61
408914,3535,93.79999999999899,1009
410376,3536,130.699999999997,1462
410615,3537,11.099999999999946,239
411435,3538,60.200000000000614,820
411598,3539,3.499999999999977,163
411704,3540,9.49999999999998,106
412063,3541,31.200000000000166,359
414655,3542,236.49999999999076,2592
414705,3543,0.3000000000000007,50
415714,3544,93.19999999999885,1009
416045,3545,27.200000000000117,331
416413,3546,31.20000000000018,368
417762,3547,111.29999999999782,1349
417979,3548,15.49999999999999,217
418153,3549,16.6,174
419045,3550,78.19999999999989,892
419567,3551,44.80000000000044,522
421819,3552,199.1999999999924,2252
422146,3553,31.000000000000163,327
422476,3554,20.50000000000004,330
422802,3555,28.500000000000156,326
422985,3556,14.199999999999958,183
423280,3557,21.500000000000057,295
423348,3558,3.599999999999995,68
424434,3559,99.09999999999862,1086
424841,3560,34.20000000000025,407
425322,3561,44.60000000000036,481
426587,3562,111.89999999999762,1265
426806,3563,19.90000000000002,219
427102,3564,25.800000000000132,296
427207,3565,5.799999999999983,105
427277,3566,3.1999999999999984,70
428025,3567,53.00000000000065,748
428732,3568,54.600000000000634,707
429288,3569,47.90000000000039,556
429379,3570,-0.10000000000000187,91
429449,3571,6.199999999999992,70
429971,3572,47.800000000000374,522
430040,3573,3.699999999999995,69
431014,3574,82.79999999999946,974
431875,3575,65.20000000000047,861
431981,3576,7.699999999999985,106
433140,3577,94.99999999999872,1159
433351,3578,15.799999999999986,211
433627,3579,22.30000000000009,276
434595,3580,79.19999999999939,968
434775,3581,17.499999999999982,180
434875,3582,8.299999999999983,100
436594,3583,136.89999999999554,1719
436813,3584,18.700000000000028,219
437216,3585,33.8000000000002,403
438100,3586,71.10000000000007,884
438352,3587,16.899999999999977,252
438493,3588,4.8999999999999755,141
438560,3589,5.299999999999995,67
439117,3590,40.200000000000365,557
439203,3591,2.9999999999999893,86
441603,3592,219.99999999999153,2400
442802,3593,84.89999999999932,1199
443698,3594,82.79999999999937,896
443767,3595,6.0999999999999925,69
443873,3596,3.4999999999999902,106
444056,3597,14.19999999999996,183
444404,3598,29.5000000000002,348
444846,3599,36.80000000000028,442
444987,3600,12.699999999999969,141
445278,3601,27.100000000000136,291
445758,3602,43.90000000000039,480
446239,3603,44.60000000000039,481
446309,3604,4.399999999999995,70
446944,3605,54.600000000000506,635
447086,3606,6.799999999999974,142
447305,3607,15.099999999999948,219
447863,3608,45.10000000000046,558
448569,3609,59.90000000000065,706
449013,3610,34.000000000000256,444
449344,3611,27.20000000000016,331
449554,3612,16.900000000000006,210
450396,3613,58.200000000000784,842
450501,3614,8.799999999999981,105
450981,3615,43.300000000000374,480
451348,3616,32.900000000000205,367
451793,3617,44.900000000000354,445
452069,3618,17.500000000000068,276
452171,3619,6.699999999999985,102
452804,3620,56.80000000000058,633
453116,3621,22.600000000000122,312
453561,3622,16.099999999999948,445
453703,3623,7.3999999999999755,142
453866,3624,10.699999999999967,163
453952,3625,1.199999999999993,86
454203,3626,18.599999999999998,251
454253,3627,-7.499999999999998,50
454529,3628,18.100000000000108,276
454651,3629,7.499999999999982,122
455096,3630,25.100000000000108,445
455165,3631,3.699999999999995,69
455496,3632,27.80000000000016,331
455589,3633,4.899999999999991,93
455639,3634,-0.8999999999999986,50
455695,3635,2.099999999999998,56
455906,3636,19.40000000000005,211
458157,3637,188.29999999999328,2251
458551,3638,37.40000000000028,394
459108,3639,45.00000000000037,557
459701,3640,59.10000000000056,593
459985,3641,23.700000000000102,284
460281,3642,12.59999999999995,296
460915,3643,54.50000000000055,634
461569,3644,36.100000000000485,654
462042,3645,43.500000000000355,473
462599,3646,50.40000000000042,557
462911,3647,18.400000000000055,312
462997,3648,6.599999999999987,86
464269,3649,107.19999999999816,1272
464790,3650,51.30000000000043,521
465120,3651,28.300000000000164,330
465374,3652,26.70000000000012,254
465876,3653,25.700000000000333,502
465980,3654,8.699999999999982,104
466347,3655,38.30000000000026,367
466413,3656,5.799999999999994,66
466554,3657,11.49999999999997,141
466657,3658,8.599999999999982,103
466707,3659,-6.899999999999999,50
467001,3660,20.800000000000047,294
467053,3661,1.0999999999999996,52
467153,3662,7.099999999999984,100
467316,3663,10.099999999999966,163
467760,3664,41.800000000000324,444
467850,3665,6.399999999999988,90
468406,3666,50.30000000000045,556
468735,3667,25.2000000000001,329
468802,3668,5.299999999999997,67
469130,3669,29.900000000000162,328
469229,3670,1.5999999999999934,99
469315,3671,2.9999999999999902,86
469455,3672,10.799999999999972,140
469505,3673,-0.8999999999999986,50
469609,3674,9.899999999999983,104
469677,3675,4.799999999999994,68
469781,3676,8.699999999999982,104
469922,3677,13.89999999999997,141
469986,3678,0.800000000000002,64
470354,3679,31.200000000000216,368
470639,3680,24.400000000000105,285
470696,3681,2.1999999999999975,57
470836,3682,9.599999999999977,140
471502,3683,44.80000000000041,666
471594,3684,6.599999999999985,92
471721,3685,9.199999999999974,127
471820,3686,8.799999999999983,99
472116,3687,19.800000000000043,296
472181,3688,5.099999999999997,65
472231,3689,-8.099999999999998,50
472466,3690,14.900000000000002,235
472947,3691,33.800000000000345,481
473116,3692,15.499999999999993,169
473217,3693,8.999999999999984,101
473323,3694,8.299999999999981,106
473500,3695,12.39999999999996,177
473570,3696,6.199999999999992,70
473935,3697,27.900000000000134,365
474040,3698,5.799999999999983,105
474324,3699,20.700000000000102,284
474805,3700,45.20000000000036,481
475099,3701,18.4,294
475500,3702,33.30000000000026,401
475812,3703,18.400000000000105,312
475876,3704,4.399999999999995,64
475943,3705,5.899999999999994,67
476082,3706,11.89999999999997,139
476264,3707,17.699999999999992,182
476576,3708,22.600000000000115,312
476903,3709,26.8000000000001,327
477271,3710,34.20000000000023,368
477368,3711,7.099999999999984,97
477680,3712,23.800000000000168,312
477747,3713,4.099999999999994,67
477809,3714,5.399999999999995,62
477876,3715,5.899999999999994,67
478078,3716,12.499999999999961,202
478332,3717,21.900000000000098,254
478567,3718,13.699999999999982,235
479048,3719,40.40000000000033,481
479527,3720,43.800000000000324,479
479855,3721,24.50000000000017,328
479978,3722,6.999999999999977,123
480385,3723,36.00000000000027,407
480864,3724,46.800000000000395,479
480954,3725,5.7999999999999865,90
481363,3726,38.00000000000026,409
481417,3727,2.4999999999999982,54
481616,3728,13.399999999999991,199
481936,3729,17.399999999999974,320
481986,3730,-6.899999999999999,50
482108,3731,6.899999999999977,122
482201,3732,6.099999999999985,93
482868,3733,48.50000000000057,667
483083,3734,21.900000000000055,215
483301,3735,16.799999999999983,218
483404,3736,7.999999999999982,103
483539,3737,12.099999999999971,135
483906,3738,33.50000000000016,367
484079,3739,11.099999999999962,173
484470,3740,24.5000000000002,391
484556,3741,2.3999999999999897,86
485449,3742,74.10000000000001,893
485518,3743,4.899999999999997,69
485810,3744,23.600000000000083,292
486241,3745,26.40000000000027,431
487132,3746,78.09999999999972,891
487273,3747,7.899999999999974,141
487861,3748,53.20000000000053,588
488065,3749,16.299999999999997,204
488642,3750,43.40000000000046,577
488859,3751,19.700000000000024,217
489209,3752,26.10000000000017,350
489272,3753,5.499999999999995,63
490271,3754,76.89999999999974,999
491697,3755,112.39999999999799,1426
491787,3756,1.6000000000000032,90
492289,3757,41.900000000000375,502
493182,3758,78.89999999999966,893
493417,3759,11.29999999999998,235
494032,3760,50.500000000000526,615
494399,3761,34.700000000000244,367
494950,3762,55.8000000000005,551
495489,3763,49.500000000000476,539
495547,3764,1.0999999999999979,58
495617,3765,3.799999999999997,70
495757,3766,7.799999999999974,140
495976,3767,13.299999999999947,219
496146,3768,6.599999999999984,170
496816,3769,56.60000000000063,670
497337,3770,47.70000000000041,521
497389,3771,2.299999999999999,52
497593,3772,19.900000000000052,204
497922,3773,25.200000000000063,329
498139,3774,20.90000000000003,217
498244,3775,10.59999999999998,105
498537,3776,25.500000000000128,293
499018,3777,33.20000000000031,481
499382,3778,35.60000000000024,364
499741,3779,33.60000000000022,359
500598,3780,81.59999999999962,857
500767,3781,13.099999999999962,169
500967,3782,17.10000000000004,200
501019,3783,2.299999999999999,52
501457,3784,35.200000000000294,438
501563,3785,4.699999999999984,106
501839,3786,15.70000000000006,276
502022,3787,9.99999999999996,183
502822,3788,68.70000000000014,800
503188,3789,35.80000000000022,366
503732,3790,38.00000000000039,544
504576,3791,74.59999999999958,844
505170,3792,50.2000000000005,594
505464,3793,25.600000000000108,294
505550,3794,2.3999999999999915,86
506543,3795,90.69999999999895,993
507879,3796,111.49999999999761,1336
508342,3797,41.900000000000354,463
508443,3798,10.199999999999982,101
508963,3799,50.00000000000045,520
509521,3800,45.10000000000044,558
510067,3801,46.00000000000043,546
511719,3802,152.39999999999546,1652
512229,3803,43.900000000000404,510
512444,3804,17.699999999999996,215
512998,3805,53.700000000000486,554
513202,3806,10.299999999999953,204
513634,3807,38.50000000000029,432
513704,3808,6.199999999999992,70
513773,3809,6.0999999999999925,69
513988,3810,17.099999999999973,215
514884,3811,70.80000000000008,896
515102,3812,17.39999999999999,218
515378,3813,18.10000000000007,276
515709,3814,28.400000000000148,331
516189,3815,42.10000000000032,480
516619,3816,37.10000000000027,430
516818,3817,15.799999999999986,199
516886,3818,4.1999999999999975,68
517656,3819,70.80000000000013,770
517968,3820,20.800000000000075,312
519055,3821,96.79999999999865,1087
519270,3822,15.899999999999956,215
519374,3823,9.299999999999981,104
519515,3824,11.49999999999997,141
519657,3825,5.59999999999998,142
521571,3826,164.49999999999406,1914
521887,3827,25.400000000000137,316
522728,3828,76.09999999999967,841
523209,3829,40.40000000000039,481
523408,3830,12.199999999999978,199
524190,3831,53.700000000000685,782
524520,3832,27.100000000000186,330
525268,3833,69.80000000000035,748
525487,3834,19.30000000000002,219
525895,3835,34.30000000000025,408
527470,3836,147.09999999999576,1575
528480,3837,90.89999999999901,1010
528534,3838,2.4999999999999982,54
529390,3839,85.09999999999947,856
530320,3840,79.29999999999963,930
530459,3841,13.09999999999997,139
531014,3842,53.8000000000005,555
531792,3843,68.90000000000028,778
532463,3844,62.10000000000059,671
534376,3845,177.599999999994,1913
535498,3846,104.19999999999827,1122
536620,3847,98.79999999999849,1122
536688,3848,4.799999999999997,68
537601,3849,79.09999999999944,913
538329,3850,63.300000000000466,728
538415,3851,-0.6000000000000014,86
538630,3852,21.300000000000065,215
538961,3853,30.200000000000163,331
539124,3854,10.099999999999964,163
539230,3855,10.09999999999998,106
539691,3856,33.30000000000022,461
539944,3857,16.999999999999968,253
540163,3858,14.499999999999948,219
540737,3859,46.10000000000047,574
541520,3860,77.19999999999979,783
542753,3861,107.19999999999823,1233
543306,3862,48.80000000000045,553
544125,3863,71.50000000000023,819
547205,3864,263.3999999999912,3080
547986,3865,74.59999999999994,781
548127,3866,12.09999999999997,141
548381,3867,20.700000000000053,254
550295,3868,172.89999999999415,1914
552964,3869,241.7999999999908,2669
553621,3870,53.80000000000061,657
553715,3871,6.799999999999985,94
554011,3872,24.000000000000124,296
555606,3873,150.89999999999574,1595
555707,3874,8.999999999999982,101
556527,3875,69.80000000000022,820
556597,3876,4.9999999999999964,70
556665,3877,2.399999999999998,68
556720,3878,2.599999999999998,55
557014,3879,24.400000000000123,294
560129,3880,267.1999999999923,3115
561133,3881,98.0999999999987,1004
561948,3882,75.9,815
562429,3883,44.000000000000355,481
562950,3884,41.700000000000365,521
563281,3885,20.600000000000097,331
563610,3886,29.40000000000016,329
564656,3887,97.1999999999989,1046
565137,3888,48.80000000000039,481
565429,3889,17.59999999999998,292
566794,3890,131.49999999999693,1365
566862,3891,3.599999999999995,68
567114,3892,24.700000000000095,252
568070,3893,86.09999999999928,956
568550,3894,40.900000000000354,480
568785,3895,13.699999999999989,235
569645,3896,78.2999999999997,860
571896,3897,208.09999999999232,2251
573321,3898,127.29999999999671,1425
574217,3899,89.99999999999903,896
574303,3900,1.7999999999999936,86
575370,3901,93.89999999999874,1067
575435,3902,5.699999999999994,65
576445,3903,93.89999999999895,1010
577329,3904,86.0999999999992,884
578170,3905,70.7,841
579576,3906,113.69999999999733,1406
579759,3907,14.199999999999958,183
580374,3908,43.90000000000041,615
580498,3909,8.899999999999977,124
580661,3910,9.499999999999966,163
580711,3911,-8.099999999999998,50
581079,3912,35.400000000000226,368
581262,3913,10.599999999999978,183
581312,3914,-8.7,50
581362,3915,-7.499999999999998,50
582162,3916,75.89999999999954,800
582268,3917,4.699999999999996,106
582337,3918,4.899999999999997,69
582500,3919,8.299999999999967,163
582796,3920,28.200000000000124,296
582961,3921,13.899999999999961,165
583011,3922,-6.899999999999999,50
583116,3923,8.799999999999983,105
583186,3924,4.9999999999999964,70
583856,3925,54.20000000000062,670
584751,3926,88.69999999999939,895
585196,3927,46.70000000000036,445
585264,3928,6.5999999999999925,68
585368,3929,9.299999999999981,104
585776,3930,40.300000000000274,408
586052,3931,17.50000000000007,276
586420,3932,37.20000000000027,368
586635,3933,18.30000000000001,215
587003,3934,33.60000000000024,368
587125,3935,3.899999999999981,122
587216,3936,5.899999999999986,91
587399,3937,8.199999999999964,183
587843,3938,35.8000000000003,444
588013,3939,3.5999999999999694,170
588438,3940,37.80000000000028,425
588693,3941,26.80000000000011,255
588856,3942,10.099999999999964,163
589337,3943,48.20000000000038,481
589732,3944,26.700000000000117,395
589798,3945,4.599999999999999,66
589920,3946,2.09999999999999,122
590102,3947,18.299999999999994,182
590207,3948,6.399999999999983,105
590425,3949,16.800000000000004,218
591544,3950,109.29999999999806,1119
591612,3951,4.799999999999997,68
591818,3952,12.299999999999953,206
593279,3953,126.3999999999967,1461
593534,3954,20.800000000000054,255
593739,3955,13.999999999999972,205
595669,3956,179.29999999999393,1930
597192,3957,142.49999999999613,1523
597374,3958,13.49999999999996,182
597577,3959,11.999999999999952,203
597632,3960,2.599999999999998,55
597686,3961,1.8999999999999986,54
597772,3962,2.3999999999999915,86
597954,3963,13.499999999999961,182
598005,3964,2.799999999999999,51
598168,3965,7.099999999999966,163
598675,3966,32.800000000000246,507
598816,3967,10.299999999999976,141
599208,3968,31.80000000000021,392
599597,3969,33.30000000000021,389
599912,3970,25.300000000000136,315
599981,3971,6.0999999999999925,69
600144,3972,8.899999999999967,163
600701,3973,30.60000000000022,557
600954,3974,23.000000000000075,253
601040,3975,2.9999999999999893,86
601316,3976,19.9000000000001,276
601385,3977,6.0999999999999925,69
601472,3978,0.10000000000000275,87
601614,3979,13.399999999999968,142
602849,3980,104.39999999999844,1235
603032,3981,19.000000000000007,183
603287,3982,22.000000000000064,255
603451,3983,11.399999999999965,164
604184,3984,46.40000000000053,733
604322,3985,9.399999999999972,138
604639,3986,23.700000000000113,317
604889,3987,23.30000000000006,250
605092,3988,16.800000000000008,203
606440,3989,120.79999999999744,1348
606846,3990,28.700000000000266,406
607122,3991,20.50000000000011,276
607774,3992,61.700000000000585,652
608054,3993,26.30000000000014,280
608257,3994,16.199999999999992,203
608345,3995,6.7999999999999865,88
608398,3996,2.3999999999999995,53
608484,3997,1.7999999999999972,86
608691,3998,19.000000000000025,207
609197,3999,44.100000000000406,506
611710,4000,229.19999999999072,2513
611965,4001,19.600000000000012,255
612393,4002,42.90000000000035,428
614530,4003,184.39999999999313,2137
615387,4004,77.39999999999992,857
615474,4005,6.099999999999987,87
615639,4006,14.499999999999979,165
615971,4007,32.100000000000186,332
616416,4008,46.70000000000036,445
616746,4009,30.10000000000016,330
616965,4010,19.300000000000047,219
617618,4011,64.80000000000047,653
617760,4012,12.799999999999969,142
618282,4013,50.800000000000445,522
619050,4014,61.60000000000058,768
619417,4015,34.10000000000024,367
619672,4016,19.00000000000002,255
620359,4017,58.90000000000062,687
620689,4018,30.100000000000158,330
621756,4019,96.29999999999858,1067
622422,4020,65.80000000000044,666
623622,4021,111.39999999999779,1200
623726,4022,8.699999999999983,104
623981,4023,26.200000000000088,255
625346,4024,96.09999999999813,1365
626094,4025,74.00000000000001,748
628119,4026,184.29999999999404,2025
628282,4027,8.899999999999965,163
629142,4028,63.9000000000006,860
629206,4029,3.200000000000001,64
629307,4030,9.599999999999982,101
631540,4031,195.19999999999249,2233
632324,4032,57.50000000000073,784
632579,4033,25.00000000000007,255
633583,4034,89.09999999999931,1004
633782,4035,13.399999999999984,199
633852,4036,6.799999999999992,70
634826,4037,82.7999999999996,974
635307,4038,45.200000000000394,481
636091,4039,71.29999999999986,784
636572,4040,45.800000000000395,481
638522,4041,168.99999999999434,1950
638886,4042,35.600000000000215,364
639686,4043,61.50000000000054,800
639940,4044,16.499999999999986,254
640046,4045,6.499999999999986,106
642787,4046,218.9999999999908,2741
643339,4047,51.10000000000043,552
644797,4048,133.89999999999657,1458
645355,4049,50.50000000000048,558
645687,4050,27.300000000000136,332
646096,4051,32.60000000000022,409
646687,4052,58.30000000000051,591
647471,4053,77.29999999999973,784
647916,4054,40.70000000000033,445
648192,4055,20.50000000000008,276
648633,4056,41.500000000000306,441
649114,4057,32.600000000000215,481
649672,4058,43.300000000000395,558
649952,4059,23.30000000000009,280
651485,4060,131.7999999999969,1533
652152,4061,59.90000000000062,667
652483,4062,27.800000000000157,331
652647,4063,14.999999999999979,164
653429,4064,68.70000000000034,782
653535,4065,8.89999999999998,106
653605,4066,4.999999999999994,70
653787,4067,15.899999999999963,182
655809,4068,149.19999999999442,2022
656313,4069,40.90000000000031,504
656980,4070,60.5000000000006,667
657046,4071,3.399999999999997,66
662010,4072,436.80000000003037,4964
662455,4073,23.90000000000014,445
663162,4074,60.60000000000065,707
663232,4075,1.9999999999999987,70
664540,4076,128.4999999999971,1308
665247,4077,68.40000000000038,707
665916,4078,58.30000000000061,669
666022,4079,8.899999999999983,106
666276,4080,19.500000000000043,254
668000,4081,155.3999999999954,1724
668671,4082,51.90000000000054,671
670132,4083,126.39999999999687,1461
672461,4084,212.29999999999166,2329
672793,4085,27.900000000000148,332
672897,4086,9.89999999999998,104
672947,4087,-7.499999999999998,50
674599,4088,154.19999999999558,1652
675645,4089,92.99999999999906,1046
675715,4090,3.1999999999999984,70
675898,4091,15.399999999999984,183
677662,4092,108.6999999999965,1764
677768,4093,8.299999999999981,106
678516,4094,63.200000000000585,748
678811,4095,27.500000000000146,295
678916,4096,8.199999999999983,105
679171,4097,24.40000000000009,255
679955,4098,78.49999999999969,784
680173,4099,19.200000000000053,218
681143,4100,81.19999999999969,970
682035,4101,75.79999999999991,892
683492,4102,125.39999999999692,1457
684918,4103,120.19999999999693,1426
686004,4104,98.49999999999852,1086
686146,4105,7.999999999999973,142
686590,4106,35.800000000000324,444
688047,4107,136.79999999999677,1457
689093,4108,95.39999999999866,1046
689535,4109,24.800000000000153,442
689789,4110,20.700000000000077,254
691082,4111,102.0999999999985,1293
691265,4112,9.999999999999968,183
691859,4113,55.00000000000052,594
692902,4114,89.09999999999931,1043
693721,4115,66.70000000000044,819
697025,4116,289.39999999999736,3304
698031,4117,82.09999999999977,1006
698589,4118,46.300000000000466,558
699450,4119,70.60000000000025,861
700819,4120,134.2999999999965,1369
701713,4121,67.00000000000036,894
702456,4122,50.70000000000065,743
703523,4123,96.29999999999838,1067
703778,4124,17.800000000000047,255
704751,4125,85.09999999999907,973
705340,4126,55.70000000000051,589
705898,4127,46.30000000000042,558
706682,4128,72.5000000000002,784
707465,4129,75.39999999999996,783
707535,4130,5.599999999999994,70
707903,4131,15.599999999999962,368
708106,4132,14.999999999999975,203
708269,4133,8.899999999999967,163
708730,4134,38.10000000000036,461
709704,4135,88.79999999999907,974
709998,4136,30.400000000000137,294
710310,4137,16.600000000000044,312
710360,4138,-8.7,50
710749,4139,26.700000000000163,389
710890,4140,13.299999999999969,141
710958,4141,5.999999999999994,68
712002,4142,99.99999999999872,1044
712182,4143,18.10000000000001,180
712588,4144,33.500000000000256,406
713028,4145,37.20000000000028,440
713133,4146,6.399999999999983,105
713239,4147,7.6999999999999815,106
713342,4148,7.399999999999986,103
713897,4149,54.400000000000475,555
713947,4150,-0.8999999999999986,50
715142,4151,103.09999999999832,1195
715246,4152,7.499999999999982,104
715385,4153,14.299999999999969,139
715455,4154,4.9999999999999964,70
715747,4155,23.00000000000009,292
715797,4156,-0.8999999999999986,50
716003,4157,15.29999999999999,206
716238,4158,14.3,235
716606,4159,27.000000000000185,368
716746,4160,13.799999999999969,140
717867,4161,107.09999999999829,1121
718082,4162,18.900000000000013,215
718523,4163,40.900000000000304,441
718738,4164,17.700000000000003,215
718915,4165,13.59999999999996,177
719127,4166,17.400000000000023,212
719228,4167,7.799999999999983,101
719630,4168,32.50000000000022,402
719696,4169,5.199999999999994,66
719879,4170,15.999999999999968,183
720057,4171,16.099999999999994,178
720274,4172,11.299999999999953,217
720365,4173,5.899999999999986,91
720882,4174,51.500000000000426,517
721626,4175,40.00000000000036,744
721861,4176,18.500000000000036,235
721965,4177,3.900000000000002,104
722021,4178,2.099999999999998,56
722414,4179,37.30000000000029,393
723308,4180,81.39999999999961,894
723527,4181,14.499999999999948,219
723819,4182,24.800000000000097,292
723921,4183,8.499999999999986,102
724053,4184,10.899999999999972,132
725163,4185,98.4999999999984,1110
725789,4186,62.40000000000056,626
726270,4187,49.400000000000404,481
726469,4188,13.399999999999984,199
729364,4189,229.59999999998982,2895
729470,4190,7.099999999999984,106
729633,4191,10.699999999999964,163
729775,4192,12.19999999999997,142
730782,4193,92.99999999999886,1007
733071,4194,209.19999999999214,2289
733326,4195,25.600000000000097,255
733694,4196,36.00000000000022,368
736701,4197,280.6999999999955,3007
737404,4198,59.00000000000064,703
738640,4199,109.89999999999796,1236
739686,4200,91.19999999999887,1046
740393,4201,58.20000000000065,707
742420,4202,182.69999999999368,2027
744280,4203,165.09999999999476,1860
744384,4204,9.299999999999983,104
745054,4205,58.40000000000063,670
746515,4206,122.79999999999713,1461
747335,4207,73.39999999999996,820
747631,4208,22.200000000000106,296
748544,4209,76.09999999999985,913
748711,4210,15.299999999999994,167
749529,4211,73.20000000000005,818
749635,4212,6.499999999999984,106
751061,4213,119.59999999999732,1426
751765,4214,65.7000000000005,704
751870,4215,10.59999999999998,105
751939,4216,2.4999999999999982,69
752009,4217,4.399999999999996,70
752603,4218,58.000000000000554,594
752706,4219,9.799999999999981,103
753208,4220,31.10000000000035,502
753617,4221,41.600000000000286,409
754062,4222,43.10000000000035,445
754242,4223,17.499999999999993,180
754537,4224,21.500000000000032,295
754642,4225,9.39999999999998,105
755086,4226,44.200000000000344,444
755418,4227,28.500000000000163,332
755671,4228,24.800000000000086,253
756471,4229,62.70000000000043,800
756952,4230,38.00000000000035,481
757690,4231,66.70000000000043,738
757831,4232,14.499999999999968,141
758117,4233,27.50000000000013,286
758619,4234,34.70000000000039,502
760595,4235,173.99999999999383,1976
760690,4236,7.499999999999984,95
760985,4237,27.50000000000014,295
761873,4238,79.29999999999968,888
761977,4239,8.099999999999984,104
762230,4240,25.40000000000008,253
762900,4241,42.20000000000046,670
764204,4242,107.99999999999795,1304
765795,4243,126.49999999999662,1591
766498,4244,69.80000000000024,703
766714,4245,19.000000000000014,216
766780,4246,4.599999999999994,66
767443,4247,55.0000000000006,663
767965,4248,39.40000000000034,522
769413,4249,121.19999999999682,1448
770421,4250,87.69999999999911,1008
772448,4251,171.29999999999413,2027
772892,4252,44.20000000000036,444
773073,4253,15.19999999999996,181
773364,4254,25.900000000000134,291
773430,4255,5.199999999999996,66
773639,4256,14.999999999999968,209
773970,4257,27.200000000000188,331
774260,4258,25.200000000000095,290
776477,4259,189.39999999999296,2217
776883,4260,28.100000000000183,406
778117,4261,103.69999999999848,1234
778675,4262,33.10000000000033,558
779636,4263,86.59999999999924,961
779698,4264,4.199999999999996,62
779748,4265,-2.699999999999998,50
780632,4266,77.69999999999973,884
780682,4267,-7.499999999999998,50
780768,4268,2.3999999999999897,86
780936,4269,13.59999999999997,168
781494,4270,46.30000000000047,558
782005,4271,48.20000000000041,511
782055,4272,-6.899999999999999,50
782257,4273,15.499999999999996,202
782317,4274,3.6999999999999957,60
782872,4275,49.000000000000405,555
782940,4276,5.999999999999993,68
783006,4277,5.799999999999994,66
783336,4278,31.90000000000021,330
784873,4279,132.19999999999672,1537
785198,4280,21.200000000000056,325
785294,4281,6.399999999999984,96
785380,4282,2.9999999999999893,86
786047,4283,59.90000000000057,667
786115,4284,4.799999999999997,68
788291,4285,172.39999999999336,2176
788793,4286,35.30000000000027,502
789028,4287,17.300000000000036,235
792438,4288,296.3999999999993,3410
792847,4289,35.60000000000026,409
793552,4290,59.8000000000006,705
794253,4291,68.40000000000032,701
794303,4292,-6.899999999999999,50
794486,4293,14.799999999999967,183
796963,4294,221.6999999999916,2477
797033,4295,3.1999999999999984,70
797083,4296,-3.299999999999998,50
798395,4297,120.49999999999744,1312
799013,4298,61.00000000000059,618
799777,4299,59.4000000000006,764
801429,4300,162.59999999999533,1652
801515,4301,1.799999999999991,86
801621,4302,6.499999999999986,106
802482,4303,78.99999999999982,861
802532,4304,-8.7,50
803271,4305,65.0000000000005,739
805598,4306,212.0999999999919,2327
807475,4307,177.89999999999426,1877
808935,4308,138.29999999999663,1460
810695,4309,159.89999999999512,1760
814001,4310,295.59999999999997,3306
815273,4311,122.79999999999741,1272
816658,4312,124.19999999999698,1385
816989,4313,30.800000000000185,331
817356,4314,25.70000000000018,367
817539,4315,15.399999999999984,183
819788,4316,209.09999999999235,2249
820155,4317,29.90000000000018,367
820600,4318,28.10000000000013,445
822966,4319,198.8999999999919,2366
824086,4320,82.99999999999942,1120
825173,4321,74.00000000000018,1087
828858,4322,316.70000000000493,3685
828908,4323,-7.499999999999998,50
829124,4324,16.599999999999962,216
830586,4325,126.49999999999672,1462
833533,4326,259.69999999999055,2947
833994,4327,34.500000000000306,461
834044,4328,-0.8999999999999986,50
834695,4329,58.600000000000605,651
836306,4330,156.9999999999956,1611
838820,4331,237.69999999999072,2514
839828,4332,89.49999999999902,1008
840111,4333,18.800000000000054,283
840624,4334,40.60000000000034,513
840956,4335,28.50000000000018,332
842078,4336,97.59999999999854,1122
842826,4337,66.20000000000051,748
845269,4338,196.39999999999236,2443
845355,4339,1.1999999999999922,86
845572,4340,19.700000000000017,217
845981,4341,32.60000000000025,409
846462,4342,42.800000000000374,481
848375,4343,174.59999999999417,1913
849913,4344,113.69999999999672,1538
850261,4345,18.100000000000055,348
851420,4346,108.79999999999802,1159
853894,4347,215.39999999999222,2474
853944,4348,-6.299999999999999,50
860358,4349,568.6000000000623,6414
860500,4350,12.199999999999969,142
860663,4351,10.099999999999964,163
861105,4352,42.800000000000345,442
861626,4353,48.300000000000416,521
864103,4354,207.2999999999912,2477
865375,4355,121.59999999999738,1272
867253,4356,154.59999999999488,1878
868212,4357,95.39999999999868,959
869860,4358,141.79999999999598,1648
870982,4359,102.39999999999827,1122
871652,4360,55.40000000000052,670
872095,4361,38.700000000000315,443
873783,4362,156.29999999999535,1688
875276,4363,123.89999999999725,1493
877226,4364,180.99999999999417,1950
877330,4365,6.299999999999983,104
878035,4366,69.40000000000023,705
878444,4367,41.000000000000284,409
878494,4368,-4.499999999999998,50
881459,4369,262.99999999999176,2965
882130,4370,45.90000000000045,671
884377,4371,178.8999999999937,2247
884560,4372,3.4000000000000004,183
887640,4373,260.99999999999005,3080
887782,4374,11.599999999999973,142
888451,4375,63.10000000000059,669
890268,4376,164.69999999999482,1817
891617,4377,128.09999999999687,1349
893417,4378,156.3999999999954,1800
893481,4379,2.0000000000000027,64
893811,4380,33.1000000000002,330
893912,4381,8.999999999999982,101
895111,4382,118.49999999999763,1199
896347,4383,117.69999999999757,1236
897167,4384,78.19999999999978,820
898967,4385,159.39999999999492,1800
899186,4386,19.90000000000005,219
899350,4387,10.199999999999966,164
901262,4388,186.4999999999942,1912
901368,4389,6.499999999999982,106
902263,4390,83.89999999999961,895
906624,4391,398.700000000022,4361
907519,4392,73.09999999999995,895
908319,4393,69.30000000000001,800
910006,4394,145.9999999999954,1687
911015,4395,101.59999999999872,1009
911460,4396,38.90000000000028,445
911939,4397,42.60000000000031,479
912759,4398,76.9999999999998,820
915755,4399,269.6999999999944,2996
918153,4400,226.99999999999162,2398
919352,4401,99.29999999999843,1199
923634,4402,374.0000000000203,4282
923982,4403,27.700000000000188,348
924914,4404,84.29999999999924,932
925097,4405,15.999999999999972,183
929045,4406,336.70000000000823,3948
929481,4407,36.50000000000025,436
929764,4408,13.999999999999968,283
931529,4409,159.7999999999952,1765
932764,4410,113.39999999999787,1235
933399,4411,58.20000000000059,635
935421,4412,186.39999999999358,2022
936089,4413,61.200000000000585,668
938336,4414,199.89999999999304,2247
939156,4415,78.19999999999979,820
939581,4416,36.0000000000003,425
941136,4417,134.59999999999604,1555
945459,4418,399.40000000002163,4323
946808,4419,129.8999999999968,1349
947216,4420,41.50000000000033,408
950657,4421,299.8000000000007,3441
950763,4422,7.6999999999999815,106
951735,4423,89.79999999999902,972
951953,4424,19.20000000000005,218
952687,4425,57.90000000000067,734
953017,4426,27.100000000000158,330
954140,4427,107.89999999999822,1123
955057,4428,74.09999999999981,917
955841,4429,68.9000000000001,784
956171,4430,31.90000000000017,330
956728,4431,51.00000000000049,557
956982,4432,22.5000000000001,254
958460,4433,111.89999999999692,1478
958828,4434,21.00000000000007,368
959157,4435,25.80000000000015,329
959299,4436,13.999999999999968,142
963472,4437,371.80000000001735,4173
964969,4438,127.29999999999652,1497
965491,4439,48.40000000000042,522
967855,4440,217.89999999999213,2364
967997,4441,11.59999999999997,142
970213,4442,176.69999999999317,2216
971788,4443,146.49999999999594,1575
972230,4444,41.00000000000034,442
972336,4445,10.69999999999998,106
975396,4446,267.69999999999277,3060
975499,4447,7.399999999999983,103
977222,4448,152.89999999999495,1723
978001,4449,64.80000000000064,779
978107,4450,8.89999999999998,106
979040,4451,86.19999999999938,933
980488,4452,133.19999999999672,1448
983157,4453,230.39999999999057,2669
983261,4454,8.699999999999982,104
985401,4455,195.49999999999338,2140
985958,4456,49.200000000000486,557
988663,4457,243.29999999999,2705
991784,4458,274.9999999999942,3121
994864,4459,275.99999999999613,3080
995457,4460,56.10000000000055,593
996576,4461,102.69999999999818,1119
997433,4462,83.9999999999994,857
997840,4463,36.600000000000264,407
1000316,4464,235.99999999999082,2476
