timestep,episode,reward,length
1073,0,-8.099999999999998,50
1123,1,-8.099999999999998,50
1173,2,-5.699999999999998,50
1223,3,-8.099999999999998,50
1273,4,-7.499999999999998,50
1323,5,-7.499999999999998,50
1373,6,-6.899999999999999,50
1423,7,-6.299999999999999,50
1473,8,-8.7,50
1523,9,-8.7,50
1573,10,-8.7,50
1623,11,-6.299999999999999,50
1673,12,-7.499999999999998,50
1723,13,-7.499999999999998,50
1773,14,-8.099999999999998,50
1823,15,-5.699999999999998,50
1873,16,-6.899999999999999,50
1923,17,-8.099999999999998,50
1973,18,-7.499999999999998,50
2023,19,-8.099999999999998,50
2073,20,-5.699999999999998,50
2123,21,-8.099999999999998,50
2173,22,-5.699999999999998,50
2223,23,-7.499999999999998,50
2273,24,-7.499999999999998,50
2323,25,-8.099999999999998,50
2373,26,-8.099999999999998,50
2423,27,-7.499999999999998,50
2473,28,-5.099999999999998,50
2523,29,-7.499999999999998,50
2573,30,-6.899999999999999,50
2623,31,-6.299999999999999,50
2673,32,-8.7,50
2723,33,-7.499999999999998,50
2773,34,-7.499999999999998,50
2823,35,-6.899999999999999,50
2873,36,-7.499999999999998,50
2923,37,-6.899999999999999,50
2973,38,-7.499999999999998,50
3023,39,-8.099999999999998,50
3073,40,-8.099999999999998,50
3123,41,-8.099999999999998,50
3173,42,-6.899999999999999,50
3223,43,-6.899999999999999,50
3273,44,-8.099999999999998,50
3323,45,-8.099999999999998,50
3373,46,-6.299999999999999,50
3423,47,-6.299999999999999,50
3473,48,-0.8999999999999986,50
3523,49,-6.899999999999999,50
3573,50,-6.299999999999999,50
3623,51,-7.499999999999998,50
3673,52,-6.299999999999999,50
3723,53,-7.499999999999998,50
3773,54,-6.299999999999999,50
3823,55,-3.299999999999998,50
3873,56,-7.499999999999998,50
3923,57,-6.299999999999999,50
3973,58,-3.299999999999998,50
4023,59,-8.099999999999998,50
4073,60,-5.699999999999998,50
4123,61,-6.899999999999999,50
4173,62,-6.899999999999999,50
4223,63,-5.099999999999998,50
4273,64,-4.499999999999998,50
4323,65,-5.699999999999998,50
4373,66,-6.899999999999999,50
4423,67,-5.099999999999998,50
4473,68,-6.899999999999999,50
4523,69,-5.099999999999998,50
4573,70,-4.499999999999998,50
4623,71,-6.299999999999999,50
4673,72,-2.699999999999998,50
4723,73,-5.699999999999998,50
4773,74,-6.899999999999999,50
4823,75,-6.299999999999999,50
4873,76,-4.499999999999998,50
4923,77,-5.099999999999998,50
4973,78,-6.899999999999999,50
5023,79,-3.899999999999998,50
5073,80,-6.299999999999999,50
5123,81,-7.499999999999998,50
5173,82,-7.499999999999998,50
5223,83,-8.099999999999998,50
5273,84,-6.899999999999999,50
5323,85,-8.099999999999998,50
5373,86,-7.499999999999998,50
5423,87,-8.099999999999998,50
5473,88,-7.499999999999998,50
5523,89,-6.899999999999999,50
5573,90,-6.299999999999999,50
5623,91,-6.899999999999999,50
5673,92,-3.899999999999998,50
5723,93,-5.699999999999998,50
5773,94,-5.699999999999998,50
5823,95,-6.299999999999999,50
5873,96,-7.499999999999998,50
5923,97,-6.899999999999999,50
5973,98,-7.499999999999998,50
6023,99,-5.699999999999998,50
6073,100,-6.299999999999999,50
6123,101,-5.099999999999998,50
6173,102,-3.899999999999998,50
6223,103,-6.899999999999999,50
6273,104,-4.499999999999998,50
6323,105,-6.899999999999999,50
6373,106,-5.699999999999998,50
6423,107,-7.499999999999998,50
6473,108,-6.899999999999999,50
6523,109,-3.899999999999998,50
6573,110,-4.499999999999998,50
6623,111,-7.499999999999998,50
6673,112,-3.899999999999998,50
6723,113,-6.299999999999999,50
6773,114,-4.499999999999998,50
6823,115,-5.699999999999998,50
6873,116,-3.899999999999998,50
6923,117,-5.699999999999998,50
6973,118,-6.899999999999999,50
7023,119,-5.099999999999998,50
7073,120,-6.299999999999999,50
7123,121,-0.8999999999999986,50
7173,122,-2.099999999999998,50
7223,123,-0.8999999999999986,50
7273,124,-4.499999999999998,50
7323,125,-0.8999999999999986,50
7373,126,-6.899999999999999,50
7423,127,-5.099999999999998,50
7473,128,-3.899999999999998,50
7523,129,-5.099999999999998,50
7573,130,-0.8999999999999986,50
7623,131,-0.29999999999999893,50
7673,132,-5.099999999999998,50
7723,133,-6.299999999999999,50
7773,134,-5.099999999999998,50
7823,135,-4.499999999999998,50
7873,136,-3.299999999999998,50
7923,137,-0.8999999999999986,50
7973,138,-5.099999999999998,50
8023,139,-1.4999999999999982,50
8073,140,-0.8999999999999986,50
8123,141,-7.499999999999998,50
8173,142,-2.099999999999998,50
8223,143,-5.699999999999998,50
8273,144,-0.8999999999999986,50
8323,145,-0.8999999999999986,50
8373,146,-3.299999999999998,50
8423,147,-3.899999999999998,50
8473,148,-0.8999999999999986,50
8523,149,-0.8999999999999986,50
8573,150,-5.099999999999998,50
8623,151,-0.8999999999999986,50
8673,152,-3.899999999999998,50
8723,153,-0.8999999999999986,50
8773,154,-3.899999999999998,50
8823,155,-3.899999999999998,50
8873,156,-1.4999999999999982,50
8923,157,-3.299999999999998,50
8973,158,-0.8999999999999986,50
9023,159,-0.8999999999999986,50
9073,160,0.3000000000000007,50
9123,161,-2.699999999999998,50
9173,162,-1.4999999999999982,50
9223,163,-1.4999999999999982,50
9273,164,-5.699999999999998,50
9323,165,-5.699999999999998,50
9373,166,-0.8999999999999986,50
9423,167,-3.299999999999998,50
9473,168,-0.8999999999999986,50
9523,169,-0.8999999999999986,50
9573,170,-3.899999999999998,50
9623,171,-0.8999999999999986,50
9673,172,-0.8999999999999986,50
9723,173,-2.099999999999998,50
9773,174,-0.8999999999999986,50
9823,175,-0.8999999999999986,50
9873,176,-0.8999999999999986,50
9923,177,-0.8999999999999986,50
9973,178,-0.8999999999999986,50
10023,179,-0.8999999999999986,50
10073,180,-0.8999999999999986,50
10123,181,-0.8999999999999986,50
10173,182,-0.8999999999999986,50
10223,183,-0.8999999999999986,50
10273,184,-0.8999999999999986,50
10323,185,-0.8999999999999986,50
10373,186,-0.8999999999999986,50
10423,187,-0.8999999999999986,50
10473,188,-0.8999999999999986,50
10523,189,-0.8999999999999986,50
10573,190,-0.8999999999999986,50
10623,191,-2.099999999999998,50
10673,192,-3.899999999999998,50
10723,193,-0.8999999999999986,50
10773,194,-0.8999999999999986,50
10823,195,-0.8999999999999986,50
10873,196,-0.8999999999999986,50
10923,197,-0.8999999999999986,50
10973,198,-0.8999999999999986,50
11023,199,-0.8999999999999986,50
11073,200,0.9000000000000004,50
11140,201,4.1,67
11190,202,-0.29999999999999893,50
11221,203,0.8000000000000012,31
11271,204,-0.8999999999999986,50
11321,205,-0.8999999999999986,50
11371,206,-0.8999999999999986,50
11421,207,0.3000000000000007,50
11471,208,0.3000000000000007,50
11521,209,-0.8999999999999986,50
11583,210,1.1999999999999997,62
11633,211,0.9000000000000004,50
11683,212,-0.8999999999999986,50
11733,213,-0.8999999999999986,50
11783,214,-0.8999999999999986,50
11833,215,-0.8999999999999986,50
11883,216,0.3000000000000007,50
11933,217,-0.8999999999999986,50
11983,218,-0.8999999999999986,50
12033,219,2.0999999999999996,50
12083,220,-0.8999999999999986,50
12133,221,0.9000000000000004,50
12183,222,-0.8999999999999986,50
12234,223,2.799999999999999,51
12284,224,-0.8999999999999986,50
12334,225,-0.8999999999999986,50
12384,226,0.9000000000000004,50
12434,227,-0.29999999999999893,50
12484,228,1.5,50
12536,229,2.299999999999999,52
12586,230,-0.8999999999999986,50
12636,231,-0.29999999999999893,50
12686,232,-0.8999999999999986,50
12736,233,0.3000000000000007,50
12786,234,-0.8999999999999986,50
12852,235,2.800000000000003,66
12902,236,-0.8999999999999986,50
12952,237,-0.8999999999999986,50
13002,238,-0.8999999999999986,50
13124,239,-4.499999999999998,122
13174,240,-0.8999999999999986,50
13229,241,2.599999999999998,55
13284,242,1.9999999999999982,55
13334,243,-0.8999999999999986,50
13384,244,0.9000000000000004,50
13434,245,2.0999999999999996,50
13496,246,5.399999999999995,62
13546,247,0.3000000000000007,50
13596,248,-0.8999999999999986,50
13646,249,-0.8999999999999986,50
13696,250,-0.8999999999999986,50
13749,251,2.3999999999999986,53
13799,252,-0.8999999999999986,50
13849,253,-0.8999999999999986,50
13899,254,1.5,50
13949,255,0.9000000000000004,50
13999,256,-0.8999999999999986,50
14050,257,2.1999999999999993,51
14100,258,-0.29999999999999893,50
14150,259,0.9000000000000004,50
14201,260,2.1999999999999993,51
14251,261,2.0999999999999996,50
14301,262,-0.8999999999999986,50
14351,263,-0.8999999999999986,50
14401,264,-0.8999999999999986,50
14462,265,-2.799999999999999,61
14512,266,0.9000000000000004,50
14598,267,3.5999999999999908,86
14684,268,-2.999999999999998,86
14734,269,-0.8999999999999986,50
14784,270,0.9000000000000004,50
14837,271,1.1999999999999993,53
14893,272,-0.29999999999999805,56
14943,273,-0.29999999999999893,50
14995,274,2.8999999999999986,52
15045,275,-0.8999999999999986,50
15096,276,1.0,51
15146,277,-0.8999999999999986,50
15208,278,5.399999999999995,62
15258,279,1.5,50
15344,280,2.9999999999999893,86
15405,281,3.1999999999999957,61
15473,282,1.7999999999999994,68
15524,283,1.6000000000000005,51
15582,284,3.4999999999999964,58
15635,285,0.0,53
15688,286,1.799999999999999,53
15739,287,2.799999999999999,51
15792,288,2.3999999999999986,53
15845,289,2.3999999999999986,53
15904,290,1.2000000000000006,59
15990,291,-1.200000000000002,86
16040,292,-0.8999999999999986,50
16093,293,1.8000000000000007,53
16157,294,-0.9999999999999987,64
16213,295,3.299999999999997,56
16272,296,2.9999999999999964,59
16322,297,2.6999999999999993,50
16372,298,0.3000000000000007,50
16422,299,2.0999999999999996,50
16481,300,-1.7763568394002505e-15,59
16543,301,4.799999999999995,62
16598,302,2.599999999999998,55
16649,303,2.799999999999999,51
16711,304,5.399999999999995,62
16761,305,-0.29999999999999893,50
16811,306,2.0999999999999996,50
16861,307,2.0999999999999996,50
16911,308,-0.8999999999999986,50
16964,309,1.1999999999999993,53
17014,310,1.5,50
17064,311,-0.8999999999999986,50
17114,312,2.0999999999999996,50
17167,313,2.9999999999999982,53
17217,314,2.6999999999999993,50
17272,315,1.4000000000000012,55
17322,316,-0.29999999999999893,50
17383,317,-1.5999999999999992,61
17434,318,2.799999999999999,51
17484,319,1.5,50
17535,320,2.1999999999999993,51
17586,321,1.0,51
17636,322,0.9000000000000004,50
17686,323,-0.8999999999999986,50
17740,324,0.700000000000002,54
17790,325,-0.29999999999999893,50
17840,326,-0.8999999999999986,50
17891,327,2.1999999999999993,51
17942,328,2.799999999999999,51
17995,329,1.799999999999999,53
18056,330,3.1999999999999975,61
18114,331,2.899999999999997,58
18164,332,0.9000000000000004,50
18214,333,-0.8999999999999986,50
18264,334,-0.29999999999999893,50
18314,335,2.6999999999999993,50
18366,336,2.8999999999999986,52
18416,337,-0.29999999999999893,50
18466,338,1.5,50
18517,339,2.1999999999999993,51
18567,340,0.9000000000000004,50
18619,341,2.8999999999999986,52
18673,342,2.4999999999999982,54
18724,343,1.5999999999999996,51
18778,344,0.6999999999999993,54
18828,345,2.0999999999999996,50
18883,346,1.9999999999999982,55
18940,347,-0.7999999999999985,57
18993,348,4.440892098500626e-16,53
19043,349,0.3000000000000007,50
19105,350,4.799999999999995,62
19162,351,1.0000000000000022,57
19212,352,-0.8999999999999986,50
19266,353,1.8999999999999986,54
19317,354,2.799999999999999,51
19369,355,2.8999999999999986,52
19471,356,7.899999999999983,102
19521,357,2.6999999999999993,50
19579,358,2.899999999999997,58
19635,359,3.299999999999997,56
19693,360,3.4999999999999964,58
19745,361,2.8999999999999986,52
19804,362,2.9999999999999964,59
19861,363,1.0000000000000009,57
19913,364,2.299999999999999,52
19980,365,4.099999999999995,67
20035,366,3.1999999999999975,55
20085,367,-0.8999999999999986,50
20137,368,2.8999999999999986,52
20191,369,0.10000000000000187,54
20246,370,2.599999999999998,55
20300,371,0.700000000000002,54
20350,372,2.6999999999999993,50
20400,373,2.6999999999999993,50
20450,374,-0.8999999999999986,50
20500,375,0.3000000000000007,50
20552,376,2.299999999999999,52
20604,377,2.299999999999999,52
20659,378,3.1999999999999975,55
20716,379,2.799999999999997,57
20766,380,1.5,50
20821,381,2.599999999999998,55
20871,382,2.0999999999999996,50
20929,383,1.0999999999999988,58
20989,384,3.099999999999996,60
21039,385,0.9000000000000004,50
21095,386,2.6999999999999975,56
21145,387,0.3000000000000007,50
21207,388,4.199999999999996,62
21261,389,2.4999999999999982,54
21311,390,0.3000000000000007,50
21369,391,2.899999999999997,58
21425,392,3.299999999999997,56
21487,393,4.199999999999996,62
21547,394,1.8999999999999977,60
21597,395,-0.29999999999999893,50
21650,396,2.3999999999999986,53
21700,397,-0.29999999999999893,50
21750,398,2.0999999999999996,50
21808,399,2.899999999999997,58
21859,400,1.0,51
21910,401,2.799999999999999,51
21963,402,1.1999999999999993,53
22018,403,3.1999999999999975,55
22071,404,2.9999999999999982,53
22121,405,0.3000000000000007,50
22176,406,0.7999999999999989,55
22239,407,3.6999999999999957,63
22295,408,2.099999999999998,56
22345,409,2.0999999999999996,50
22397,410,2.8999999999999986,52
22447,411,0.9000000000000004,50
22502,412,3.1999999999999975,55
22560,413,2.899999999999997,58
22610,414,2.0999999999999996,50
22662,415,2.8999999999999986,52
22716,416,3.099999999999998,54
22766,417,0.9000000000000004,50
22818,418,2.299999999999999,52
22871,419,2.9999999999999982,53
22936,420,3.2999999999999963,65
22986,421,2.0999999999999996,50
23036,422,2.6999999999999993,50
23092,423,3.299999999999997,56
23178,424,4.199999999999989,86
23228,425,2.6999999999999993,50
23279,426,-0.19999999999999885,51
23332,427,2.3999999999999986,53
23391,428,3.599999999999996,59
23443,429,2.299999999999999,52
23506,430,4.299999999999995,63
23565,431,2.9999999999999964,59
23619,432,3.099999999999998,54
23679,433,2.4999999999999964,60
23734,434,1.4000000000000021,55
23786,435,2.299999999999999,52
23839,436,2.9999999999999982,53
23892,437,2.9999999999999982,53
23948,438,2.6999999999999975,56
24040,439,5.999999999999986,92
24096,440,3.299999999999997,56
24149,441,2.3999999999999986,53
24205,442,3.299999999999997,56
24260,443,3.1999999999999975,55
24316,444,1.5000000000000009,56
24375,445,3.599999999999996,59
24430,446,0.7999999999999989,55
24488,447,3.4999999999999964,58
24538,448,0.3000000000000007,50
24591,449,2.3999999999999986,53
24641,450,2.6999999999999993,50
24727,451,2.3999999999999897,86
24780,452,1.7999999999999998,53
24832,453,2.299999999999999,52
24890,454,2.899999999999997,58
24942,455,2.8999999999999986,52
25000,456,2.899999999999997,58
25053,457,2.3999999999999986,53
25110,458,2.1999999999999975,57
25175,459,3.899999999999995,65
25227,460,1.6999999999999993,52
25284,461,3.399999999999997,57
25342,462,2.899999999999997,58
25398,463,2.099999999999998,56
25457,464,3.599999999999996,59
25513,465,2.6999999999999975,56
25599,466,1.7999999999999945,86
25651,467,2.8999999999999986,52
25706,468,3.1999999999999975,55
25765,469,2.9999999999999964,59
25816,470,1.5999999999999996,51
25868,471,2.8999999999999986,52
25921,472,2.3999999999999986,53
25975,473,3.099999999999998,54
26030,474,3.1999999999999975,55
26080,475,2.6999999999999993,50
26137,476,2.799999999999997,57
26192,477,3.1999999999999975,55
26242,478,1.5,50
26295,479,2.3999999999999986,53
26347,480,2.8999999999999986,52
26397,481,1.5,50
26455,482,2.899999999999997,58
26514,483,3.599999999999996,59
26570,484,3.299999999999997,56
26625,485,3.1999999999999975,55
26686,486,3.1999999999999957,61
26744,487,2.299999999999997,58
26805,488,3.1999999999999957,61
26858,489,-0.5999999999999996,53
26916,490,3.4999999999999964,58
26971,491,2.599999999999998,55
27023,492,2.299999999999999,52
27091,493,4.799999999999994,68
27144,494,2.9999999999999982,53
27199,495,3.1999999999999975,55
27255,496,3.299999999999997,56
27319,497,4.999999999999995,64
27375,498,2.6999999999999975,56
27426,499,2.799999999999999,51
27487,500,3.7999999999999954,61
27539,501,2.8999999999999986,52
27595,502,3.299999999999997,56
27654,503,2.9999999999999964,59
27706,504,2.8999999999999986,52
27757,505,2.799999999999999,51
27817,506,3.6999999999999957,60
27868,507,2.799999999999999,51
27924,508,3.299999999999997,56
27978,509,3.099999999999998,54
28032,510,3.099999999999998,54
28089,511,3.399999999999997,57
28139,512,0.9000000000000004,50
28198,513,2.399999999999997,59
28250,514,2.299999999999999,52
28300,515,2.6999999999999993,50
28354,516,3.099999999999998,54
28406,517,2.8999999999999986,52
28460,518,3.099999999999998,54
28510,519,2.0999999999999996,50
28562,520,2.299999999999999,52
28618,521,2.6999999999999975,56
28668,522,2.6999999999999993,50
28723,523,3.1999999999999975,55
28776,524,2.9999999999999982,53
28826,525,2.6999999999999993,50
28881,526,2.0000000000000018,55
28937,527,3.299999999999997,56
28998,528,3.1999999999999957,61
29058,529,3.099999999999996,60
29115,530,3.399999999999997,57
29169,531,1.9000000000000021,54
29229,532,3.6999999999999957,60
29279,533,2.0999999999999996,50
29336,534,2.799999999999997,57
29393,535,2.1999999999999975,57
29448,536,2.599999999999998,55
29498,537,1.5,50
29548,538,2.6999999999999993,50
29608,539,3.6999999999999957,60
29658,540,2.6999999999999993,50
29716,541,3.4999999999999964,58
29781,542,3.899999999999995,65
29837,543,3.299999999999997,56
29930,544,1.2999999999999914,93
29984,545,2.4999999999999982,54
30040,546,3.299999999999997,56
30101,547,2.599999999999996,61
30157,548,2.6999999999999975,56
30218,549,2.599999999999996,61
30273,550,3.1999999999999975,55
30329,551,3.299999999999997,56
30385,552,3.299999999999997,56
30435,553,2.0999999999999996,50
30491,554,3.299999999999997,56
30557,555,5.199999999999994,66
30613,556,2.6999999999999975,56
30670,557,3.399999999999997,57
30720,558,2.6999999999999993,50
30777,559,2.200000000000001,57
30829,560,2.299999999999999,52
30880,561,2.799999999999999,51
30930,562,2.6999999999999993,50
30988,563,3.4999999999999964,58
31054,564,3.399999999999996,66
31111,565,3.399999999999997,57
31161,566,-0.8999999999999986,50
31219,567,3.4999999999999964,58
31285,568,3.9999999999999947,66
31337,569,2.299999999999999,52
31388,570,2.799999999999999,51
31438,571,2.0999999999999996,50
31496,572,2.899999999999997,58
31553,573,3.399999999999997,57
31614,574,2.599999999999996,61
31675,575,3.7999999999999954,61
31735,576,1.3000000000000025,60
31799,577,3.1999999999999966,64
31851,578,2.8999999999999986,52
31912,579,3.7999999999999954,61
31965,580,2.9999999999999982,53
32022,581,3.399999999999997,57
32076,582,3.099999999999998,54
32136,583,3.6999999999999957,60
32191,584,3.1999999999999975,55
32244,585,2.9999999999999982,53
32306,586,4.799999999999995,62
32368,587,5.399999999999995,62
32424,588,3.299999999999997,56
32485,589,3.7999999999999954,61
32544,590,3.599999999999996,59
32597,591,2.9999999999999982,53
32650,592,2.3999999999999986,53
32708,593,3.4999999999999964,58
32760,594,2.8999999999999986,52
32816,595,3.299999999999997,56
32867,596,2.799999999999999,51
32925,597,3.4999999999999964,58
32983,598,3.4999999999999964,58
33033,599,2.6999999999999993,50
33083,600,2.6999999999999993,50
33139,601,3.299999999999997,56
33206,602,4.099999999999994,67
33261,603,3.1999999999999975,55
33325,604,4.399999999999995,64
33385,605,3.6999999999999957,60
33448,606,4.899999999999995,63
33510,607,5.399999999999995,62
33570,608,3.6999999999999957,60
33627,609,3.399999999999997,57
33688,610,3.1999999999999957,61
33746,611,2.899999999999997,58
33797,612,2.799999999999999,51
33854,613,3.399999999999997,57
33917,614,5.499999999999995,63
33982,615,3.899999999999995,65
34033,616,2.799999999999999,51
34094,617,3.7999999999999954,61
34154,618,3.6999999999999957,60
34210,619,3.299999999999997,56
34266,620,3.299999999999997,56
34325,621,3.599999999999996,59
34383,622,3.4999999999999964,58
34438,623,3.1999999999999975,55
34494,624,3.299999999999997,56
34550,625,3.299999999999997,56
34610,626,3.6999999999999957,60
34665,627,3.1999999999999975,55
34728,628,5.499999999999995,63
34783,629,3.1999999999999975,55
34838,630,2.599999999999998,55
34902,631,4.399999999999995,64
34958,632,3.299999999999997,56
35014,633,3.299999999999997,56
35082,634,5.399999999999993,68
35135,635,2.9999999999999982,53
35197,636,4.799999999999995,62
35261,637,4.999999999999995,64
35316,638,3.1999999999999975,55
35369,639,2.9999999999999982,53
35429,640,3.099999999999996,60
35483,641,3.099999999999998,54
35538,642,3.1999999999999975,55
35596,643,3.4999999999999964,58
35650,644,2.4999999999999982,54
35706,645,3.299999999999997,56
35757,646,2.799999999999999,51
35814,647,0.40000000000000213,57
35879,648,4.499999999999995,65
35940,649,3.7999999999999954,61
35995,650,2.599999999999998,55
36050,651,2.599999999999998,55
36111,652,3.7999999999999954,61
36174,653,5.499999999999995,63
36235,654,3.7999999999999954,61
36301,655,5.799999999999994,66
36360,656,3.599999999999996,59
36422,657,5.399999999999995,62
36474,658,2.8999999999999986,52
36536,659,4.799999999999995,62
36597,660,3.7999999999999954,61
36658,661,3.7999999999999954,61
36712,662,3.099999999999998,54
36768,663,3.299999999999997,56
36830,664,5.399999999999995,62
36889,665,3.599999999999996,59
36940,666,2.1999999999999993,51
36996,667,3.299999999999997,56
37062,668,3.9999999999999947,66
37127,669,3.2999999999999954,65
37189,670,4.799999999999995,62
37250,671,3.7999999999999954,61
37311,672,3.7999999999999954,61
37375,673,4.399999999999995,64
37438,674,4.899999999999995,63
37495,675,3.399999999999997,57
37554,676,2.9999999999999964,59
37622,677,5.399999999999993,68
37683,678,3.1999999999999957,61
37734,679,2.799999999999999,51
37794,680,3.6999999999999957,60
37854,681,3.6999999999999957,60
37914,682,3.099999999999996,60
37980,683,3.9999999999999947,66
38040,684,3.6999999999999957,60
38094,685,3.099999999999998,54
38155,686,3.1999999999999957,61
38220,687,3.899999999999995,65
38282,688,5.399999999999995,62
38342,689,3.6999999999999957,60
38403,690,3.7999999999999954,61
38465,691,4.799999999999995,62
38528,692,5.499999999999995,63
38614,693,2.3999999999999897,86
38673,694,3.599999999999996,59
38737,695,4.999999999999995,64
38805,696,5.399999999999993,68
38867,697,4.799999999999995,62
38930,698,4.899999999999995,63
38994,699,4.399999999999995,64
39053,700,2.9999999999999964,59
39108,701,3.1999999999999975,55
39173,702,4.499999999999995,65
39242,703,4.299999999999994,69
39303,704,3.7999999999999954,61
39365,705,5.399999999999995,62
39420,706,2.599999999999998,55
39486,707,5.199999999999994,66
39545,708,2.9999999999999964,59
39611,709,4.599999999999994,66
39675,710,4.999999999999995,64
39740,711,5.099999999999994,65
39795,712,3.1999999999999975,55
39856,713,2.5999999999999996,61
39920,714,4.399999999999995,64
39970,715,2.0999999999999996,50
40033,716,4.899999999999995,63
40094,717,3.7999999999999954,61
40159,718,4.499999999999995,65
40221,719,5.399999999999995,62
40278,720,3.399999999999997,57
40341,721,4.899999999999995,63
40405,722,4.999999999999995,64
40469,723,4.399999999999995,64
40520,724,2.1999999999999993,51
40587,725,5.299999999999994,67
40651,726,4.999999999999995,64
40717,727,3.9999999999999947,66
40781,728,3.7999999999999954,64
40845,729,4.999999999999995,64
40899,730,3.099999999999998,54
40962,731,5.499999999999995,63
41024,732,5.399999999999995,62
41084,733,3.099999999999996,60
41146,734,4.799999999999995,62
41198,735,2.8999999999999986,52
41260,736,4.799999999999995,62
41320,737,3.099999999999996,60
41379,738,2.9999999999999964,59
41435,739,3.299999999999997,56
41499,740,4.399999999999995,64
41554,741,3.1999999999999975,55
41617,742,4.299999999999995,63
41682,743,5.099999999999994,65
41743,744,3.7999999999999954,61
41806,745,5.499999999999995,63
41872,746,3.9999999999999947,66
41937,747,3.899999999999995,65
42001,748,4.399999999999995,64
42064,749,4.299999999999995,63
42129,750,4.499999999999995,65
42193,751,4.999999999999995,64
42243,752,2.0999999999999996,50
42305,753,5.399999999999995,62
42369,754,4.999999999999995,64
42432,755,4.299999999999995,63
42496,756,4.999999999999995,64
42557,757,3.7999999999999954,61
42621,758,4.399999999999995,64
42675,759,3.099999999999998,54
42739,760,4.399999999999995,64
42794,761,3.1999999999999975,55
42844,762,-0.29999999999999893,50
42905,763,3.7999999999999954,61
42968,764,5.499999999999995,63
43029,765,3.7999999999999954,61
43097,766,4.799999999999994,68
43160,767,5.499999999999995,63
43228,768,5.399999999999993,68
43292,769,4.999999999999995,64
43355,770,4.899999999999995,63
43420,771,4.499999999999995,65
43482,772,5.399999999999995,62
43542,773,3.6999999999999957,60
43604,774,5.399999999999995,62
43665,775,3.7999999999999954,61
43728,776,4.899999999999995,63
43793,777,4.499999999999995,65
43853,778,3.099999999999996,60
43915,779,5.399999999999995,62
43969,780,3.099999999999998,54
44029,781,3.6999999999999957,60
44090,782,3.7999999999999954,61
44152,783,5.399999999999995,62
44214,784,5.399999999999995,62
44276,785,4.799999999999995,62
44337,786,3.7999999999999954,61
44399,787,5.399999999999995,62
44452,788,2.9999999999999982,53
44514,789,4.799999999999995,62
44577,790,4.899999999999995,63
44639,791,5.399999999999995,62
44699,792,3.6999999999999957,60
44761,793,5.399999999999995,62
44816,794,3.1999999999999975,55
44878,795,5.399999999999995,62
44944,796,5.199999999999994,66
45000,797,3.299999999999997,56
45066,798,4.599999999999994,66
45123,799,3.399999999999997,57
45185,800,4.799999999999995,62
45248,801,4.299999999999995,63
45311,802,4.899999999999995,63
45377,803,3.399999999999995,66
45439,804,5.399999999999995,62
45497,805,3.4999999999999964,58
45559,806,5.399999999999995,62
45621,807,5.399999999999995,62
45682,808,3.1999999999999957,61
45743,809,3.7999999999999954,61
45805,810,5.399999999999995,62
45867,811,4.799999999999995,62
45929,812,5.399999999999995,62
45991,813,5.399999999999995,62
46053,814,3.0,62
46115,815,5.399999999999995,62
46179,816,4.999999999999995,64
46241,817,5.399999999999995,62
46303,818,4.799999999999995,62
46365,819,4.799999999999995,62
46427,820,4.799999999999995,62
46491,821,4.399999999999995,64
46551,822,3.6999999999999957,60
46613,823,5.399999999999995,62
46677,824,4.999999999999995,64
46730,825,2.3999999999999986,53
46793,826,5.499999999999995,63
46854,827,2.599999999999996,61
46910,828,2.6999999999999975,56
46972,829,4.799999999999995,62
47036,830,4.399999999999995,64
47098,831,4.199999999999996,62
47160,832,4.799999999999995,62
47226,833,5.199999999999994,66
47288,834,4.799999999999995,62
47347,835,3.599999999999996,59
47410,836,5.499999999999995,63
47474,837,4.999999999999995,64
47532,838,3.4999999999999964,58
47595,839,5.499999999999995,63
47657,840,5.399999999999995,62
47720,841,4.299999999999995,63
47783,842,5.499999999999995,63
47847,843,4.999999999999995,64
47909,844,5.399999999999995,62
47972,845,5.499999999999995,63
48032,846,3.6999999999999957,60
48096,847,4.999999999999995,64
48159,848,5.499999999999995,63
48246,849,4.899999999999988,87
48311,850,4.4999999999999964,65
48377,851,4.599999999999994,66
48441,852,4.999999999999995,64
48502,853,3.7999999999999954,61
48565,854,5.499999999999995,63
48629,855,3.7999999999999954,64
48691,856,5.399999999999995,62
48753,857,5.399999999999995,62
48815,858,5.399999999999995,62
48878,859,5.499999999999995,63
48940,860,5.399999999999995,62
49002,861,5.399999999999995,62
49063,862,3.7999999999999954,61
49128,863,4.499999999999995,65
49190,864,5.399999999999995,62
49247,865,2.799999999999997,57
49309,866,4.799999999999995,62
49371,867,5.399999999999995,62
49433,868,4.799999999999995,62
49496,869,4.899999999999995,63
49559,870,5.499999999999995,63
49621,871,5.399999999999995,62
49680,872,3.599999999999996,59
49745,873,4.499999999999995,65
49804,874,2.9999999999999964,59
49866,875,5.399999999999995,62
49929,876,5.499999999999995,63
49992,877,5.499999999999995,63
50051,878,3.599999999999996,59
50110,879,2.9999999999999964,59
50174,880,4.999999999999995,64
50237,881,5.499999999999995,63
50299,882,4.799999999999995,62
50361,883,5.399999999999995,62
50424,884,5.499999999999995,63
50492,885,5.999999999999993,68
50554,886,5.399999999999995,62
50616,887,5.399999999999995,62
50679,888,5.499999999999995,63
50743,889,4.399999999999995,64
50806,890,5.499999999999995,63
50868,891,5.399999999999995,62
50931,892,5.499999999999995,63
50993,893,5.399999999999995,62
51056,894,5.499999999999995,63
51119,895,5.499999999999995,63
51181,896,5.399999999999995,62
51246,897,3.899999999999997,65
51310,898,4.399999999999995,64
51372,899,4.1999999999999975,62
51435,900,5.499999999999995,63
51501,901,4.599999999999994,66
51565,902,4.999999999999995,64
51628,903,5.499999999999995,63
51691,904,4.899999999999995,63
51755,905,4.999999999999995,64
51820,906,5.099999999999994,65
51881,907,3.7999999999999954,61
51947,908,3.9999999999999947,66
52010,909,5.499999999999995,63
52072,910,5.399999999999995,62
52135,911,5.499999999999995,63
52196,912,3.1999999999999957,61
52254,913,3.4999999999999964,58
52317,914,4.899999999999995,63
52380,915,4.899999999999995,63
52443,916,5.499999999999995,63
52506,917,4.899999999999995,63
52569,918,5.499999999999995,63
52633,919,4.999999999999995,64
52696,920,4.299999999999995,63
52760,921,4.999999999999995,64
52824,922,4.999999999999995,64
52887,923,5.499999999999995,63
52951,924,4.999999999999995,64
53015,925,4.399999999999995,64
53077,926,5.399999999999995,62
53139,927,4.799999999999995,62
53200,928,3.1999999999999957,61
53263,929,5.499999999999995,63
53325,930,5.399999999999995,62
53388,931,5.499999999999995,63
53450,932,5.399999999999995,62
53513,933,5.499999999999995,63
53569,934,2.1000000000000014,56
53631,935,5.399999999999995,62
53695,936,4.999999999999995,64
53759,937,4.399999999999997,64
53822,938,4.899999999999997,63
53889,939,3.5000000000000018,67
53952,940,5.499999999999995,63
54013,941,3.7999999999999954,61
54075,942,5.399999999999995,62
54139,943,4.999999999999995,64
54202,944,4.899999999999995,63
54265,945,4.899999999999995,63
54327,946,5.399999999999995,62
54390,947,4.899999999999997,63
54453,948,4.299999999999995,63
54515,949,5.399999999999995,62
54577,950,4.799999999999995,62
54639,951,5.399999999999995,62
54702,952,4.899999999999995,63
54765,953,5.499999999999995,63
54828,954,4.299999999999999,63
54891,955,4.899999999999995,63
54954,956,5.499999999999995,63
55016,957,5.399999999999995,62
55079,958,5.499999999999995,63
55143,959,4.999999999999995,64
55206,960,5.499999999999995,63
55269,961,4.899999999999995,63
55331,962,4.799999999999995,62
55394,963,5.499999999999995,63
55458,964,4.999999999999995,64
55521,965,4.899999999999995,63
55581,966,3.6999999999999957,60
55645,967,4.999999999999995,64
55709,968,4.999999999999995,64
55772,969,4.899999999999997,63
55837,970,5.099999999999994,65
55900,971,5.499999999999995,63
55965,972,5.099999999999994,65
56029,973,4.399999999999995,64
56092,974,5.499999999999995,63
56156,975,4.999999999999995,64
56214,976,3.4999999999999964,58
56277,977,5.499999999999995,63
56340,978,5.499999999999995,63
56403,979,4.899999999999995,63
56466,980,4.299999999999999,63
56529,981,5.499999999999995,63
56591,982,5.399999999999995,62
56655,983,4.999999999999995,64
56718,984,4.899999999999995,63
56780,985,5.399999999999995,62
56844,986,4.999999999999995,64
56906,987,5.399999999999995,62
56961,988,3.1999999999999975,55
57024,989,5.499999999999995,63
57086,990,5.399999999999995,62
57148,991,5.399999999999995,62
57210,992,5.399999999999995,62
57273,993,5.499999999999995,63
57337,994,4.999999999999995,64
57400,995,5.499999999999995,63
57464,996,4.999999999999995,64
57528,997,4.999999999999995,64
57591,998,5.499999999999995,63
57653,999,4.799999999999995,62
57717,1000,4.999999999999995,64
57780,1001,5.499999999999995,63
57843,1002,5.499999999999995,63
57905,1003,4.799999999999995,62
57968,1004,5.499999999999995,63
58032,1005,4.999999999999995,64
58095,1006,5.499999999999995,63
58162,1007,6.499999999999993,67
58225,1008,4.899999999999995,63
58287,1009,3.599999999999996,62
58349,1010,5.399999999999995,62
58413,1011,4.999999999999995,64
58476,1012,5.499999999999995,63
58539,1013,4.899999999999995,63
58603,1014,4.999999999999995,64
58666,1015,4.899999999999995,63
58728,1016,5.399999999999995,62
58791,1017,4.899999999999995,63
58854,1018,4.899999999999995,63
58917,1019,5.499999999999995,63
58981,1020,4.999999999999995,64
59045,1021,4.999999999999995,64
59108,1022,5.499999999999995,63
59170,1023,5.399999999999995,62
59233,1024,5.499999999999995,63
59295,1025,4.799999999999995,62
59358,1026,5.499999999999995,63
59421,1027,5.499999999999995,63
59484,1028,4.899999999999995,63
59547,1029,5.499999999999995,63
59610,1030,4.899999999999995,63
59673,1031,5.499999999999995,63
59738,1032,4.499999999999995,65
59802,1033,4.999999999999995,64
59864,1034,5.399999999999995,62
59929,1035,4.499999999999995,65
59993,1036,4.999999999999995,64
60055,1037,5.399999999999995,62
60118,1038,4.899999999999995,63
60181,1039,5.499999999999995,63
60244,1040,5.499999999999995,63
60309,1041,3.899999999999995,65
60372,1042,5.499999999999995,63
60435,1043,4.299999999999995,63
60499,1044,4.999999999999995,64
60561,1045,4.799999999999995,62
60624,1046,4.899999999999995,63
60687,1047,5.499999999999995,63
60750,1048,5.499999999999995,63
60814,1049,4.999999999999995,64
60876,1050,5.399999999999995,62
60938,1051,5.399999999999995,62
61000,1052,5.399999999999995,62
61059,1053,3.599999999999996,59
61122,1054,5.499999999999995,63
61185,1055,5.499999999999995,63
61250,1056,5.099999999999994,65
61312,1057,5.399999999999995,62
61375,1058,5.499999999999995,63
61437,1059,4.799999999999995,62
61502,1060,5.099999999999994,65
61565,1061,5.499999999999995,63
61626,1062,3.1999999999999957,61
61688,1063,5.399999999999995,62
61751,1064,5.499999999999995,63
61813,1065,5.399999999999995,62
61875,1066,5.399999999999995,62
61937,1067,5.399999999999995,62
62000,1068,4.299999999999995,63
62063,1069,5.499999999999995,63
62126,1070,5.499999999999995,63
62188,1071,4.799999999999995,62
62251,1072,5.499999999999995,63
62313,1073,4.799999999999995,62
62376,1074,4.899999999999995,63
62439,1075,5.499999999999995,63
62502,1076,4.899999999999995,63
62564,1077,4.799999999999995,62
62626,1078,5.399999999999995,62
62690,1079,4.999999999999995,64
62754,1080,4.999999999999995,64
62817,1081,4.899999999999995,63
62880,1082,5.499999999999995,63
62942,1083,4.799999999999995,62
63006,1084,4.999999999999995,64
63068,1085,5.399999999999995,62
63131,1086,5.499999999999995,63
63194,1087,4.299999999999995,63
63258,1088,4.999999999999995,64
63321,1089,5.499999999999995,63
63384,1090,4.899999999999995,63
63448,1091,4.999999999999995,64
63510,1092,5.399999999999995,62
63572,1093,5.399999999999995,62
63635,1094,4.899999999999995,63
63695,1095,3.6999999999999957,60
63760,1096,3.899999999999995,65
63828,1097,5.399999999999993,68
63890,1098,5.399999999999995,62
63952,1099,5.399999999999995,62
64018,1100,5.199999999999994,66
64080,1101,5.399999999999995,62
64143,1102,5.499999999999995,63
64206,1103,3.0999999999999996,63
64269,1104,5.499999999999995,63
64334,1105,5.099999999999994,65
64397,1106,4.899999999999995,63
64462,1107,3.899999999999995,65
64525,1108,4.899999999999995,63
64588,1109,5.499999999999995,63
64651,1110,4.899999999999995,63
64714,1111,5.499999999999995,63
64778,1112,4.999999999999995,64
64841,1113,4.899999999999995,63
64903,1114,5.399999999999995,62
64966,1115,5.499999999999995,63
65029,1116,4.899999999999995,63
65094,1117,5.099999999999994,65
65191,1118,6.499999999999984,97
65253,1119,5.399999999999995,62
65316,1120,5.499999999999995,63
65379,1121,5.499999999999995,63
65442,1122,4.899999999999995,63
65492,1123,2.6999999999999993,50
65557,1124,5.099999999999994,65
65619,1125,5.399999999999995,62
65682,1126,5.499999999999995,63
65745,1127,5.499999999999995,63
65808,1128,5.499999999999995,63
65870,1129,5.399999999999995,62
65933,1130,5.499999999999995,63
65995,1131,5.399999999999995,62
66058,1132,5.499999999999995,63
66125,1133,5.899999999999993,67
66190,1134,4.499999999999995,65
66252,1135,5.399999999999995,62
66315,1136,4.899999999999995,63
66379,1137,4.999999999999995,64
66442,1138,5.499999999999995,63
66506,1139,4.999999999999995,64
66569,1140,5.499999999999995,63
66633,1141,4.999999999999995,64
66697,1142,4.399999999999995,64
66760,1143,5.499999999999995,63
66823,1144,4.899999999999995,63
66887,1145,4.999999999999995,64
66939,1146,2.8999999999999986,52
67003,1147,4.999999999999995,64
67067,1148,4.999999999999995,64
67131,1149,4.999999999999995,64
67195,1150,4.999999999999995,64
67258,1151,4.899999999999995,63
67322,1152,4.999999999999995,64
67385,1153,5.499999999999995,63
67439,1154,1.8999999999999986,54
67503,1155,4.999999999999995,64
67566,1156,5.499999999999995,63
67629,1157,4.899999999999995,63
67692,1158,4.899999999999995,63
67754,1159,5.399999999999995,62
67818,1160,4.999999999999995,64
67881,1161,5.499999999999995,63
67942,1162,3.1999999999999957,61
68006,1163,4.999999999999995,64
68070,1164,4.999999999999995,64
68134,1165,3.200000000000002,64
68196,1166,5.399999999999995,62
68259,1167,5.499999999999995,63
68321,1168,5.399999999999995,62
68385,1169,4.999999999999995,64
68448,1170,5.499999999999995,63
68510,1171,5.399999999999995,62
68575,1172,4.499999999999995,65
68639,1173,4.999999999999995,64
68701,1174,5.399999999999995,62
68764,1175,5.499999999999995,63
68827,1176,5.499999999999995,63
68891,1177,4.999999999999995,64
68953,1178,5.399999999999995,62
69016,1179,5.499999999999995,63
69078,1180,4.799999999999995,62
69141,1181,5.499999999999995,63
69205,1182,4.999999999999995,64
69268,1183,5.499999999999995,63
69332,1184,4.999999999999995,64
69394,1185,5.399999999999995,62
69457,1186,5.499999999999995,63
69519,1187,5.399999999999995,62
69582,1188,5.499999999999995,63
69644,1189,5.399999999999995,62
69706,1190,5.399999999999995,62
69768,1191,4.799999999999995,62
69830,1192,5.399999999999995,62
69893,1193,5.499999999999995,63
69957,1194,4.999999999999995,64
70022,1195,4.499999999999995,65
70084,1196,5.399999999999995,62
70147,1197,5.499999999999995,63
70211,1198,4.999999999999995,64
70273,1199,5.399999999999995,62
70336,1200,5.499999999999995,63
70400,1201,4.999999999999995,64
70464,1202,4.999999999999995,64
70527,1203,5.499999999999995,63
70591,1204,3.7999999999999954,64
70654,1205,4.899999999999995,63
70716,1206,4.799999999999995,62
70778,1207,5.399999999999995,62
70840,1208,5.399999999999995,62
70902,1209,5.399999999999995,62
70964,1210,5.399999999999995,62
71027,1211,5.499999999999995,63
71092,1212,4.499999999999995,65
71154,1213,5.399999999999995,62
71216,1214,4.799999999999995,62
71280,1215,4.999999999999995,64
71343,1216,5.499999999999995,63
71405,1217,4.799999999999995,62
71468,1218,5.499999999999995,63
71531,1219,4.899999999999995,63
71595,1220,4.999999999999995,64
71657,1221,5.399999999999995,62
71720,1222,5.499999999999995,63
71783,1223,5.499999999999995,63
71845,1224,5.399999999999995,62
71907,1225,4.799999999999995,62
71969,1226,5.399999999999995,62
72030,1227,3.7999999999999954,61
72094,1228,4.999999999999995,64
72157,1229,5.499999999999995,63
72221,1230,4.399999999999995,64
72284,1231,4.899999999999995,63
72349,1232,4.499999999999995,65
72413,1233,4.999999999999995,64
72476,1234,5.499999999999995,63
72538,1235,5.399999999999995,62
72602,1236,4.399999999999995,64
72664,1237,5.399999999999995,62
72726,1238,5.399999999999995,62
72789,1239,5.499999999999995,63
72852,1240,5.499999999999995,63
72904,1241,2.8999999999999986,52
72966,1242,5.399999999999995,62
73030,1243,4.999999999999995,64
73093,1244,4.899999999999995,63
73149,1245,3.299999999999997,56
73217,1246,5.399999999999993,68
73280,1247,5.499999999999995,63
73342,1248,5.399999999999995,62
73406,1249,4.999999999999995,64
73469,1250,5.499999999999995,63
73535,1251,5.199999999999994,66
73597,1252,5.399999999999995,62
73660,1253,5.499999999999995,63
73723,1254,5.499999999999995,63
73786,1255,5.499999999999995,63
73851,1256,3.2999999999999954,65
73916,1257,5.099999999999994,65
73979,1258,4.299999999999996,63
74041,1259,5.399999999999995,62
74103,1260,5.399999999999995,62
74165,1261,5.399999999999995,62
74227,1262,5.399999999999995,62
74289,1263,5.399999999999995,62
74352,1264,5.499999999999995,63
74415,1265,5.499999999999995,63
74477,1266,5.399999999999995,62
74539,1267,5.399999999999995,62
74602,1268,5.499999999999995,63
74665,1269,5.499999999999995,63
74729,1270,4.999999999999995,64
74793,1271,4.999999999999995,64
74856,1272,5.499999999999995,63
74919,1273,5.499999999999995,63
74982,1274,5.499999999999995,63
75045,1275,5.499999999999995,63
75107,1276,5.399999999999995,62
75169,1277,5.399999999999995,62
75229,1278,3.6999999999999957,60
75292,1279,5.499999999999995,63
75346,1280,2.4999999999999982,54
75407,1281,3.7999999999999954,61
75470,1282,5.499999999999995,63
75533,1283,5.499999999999995,63
75595,1284,4.799999999999995,62
75658,1285,5.499999999999995,63
75720,1286,5.399999999999995,62
75782,1287,5.399999999999995,62
75841,1288,3.599999999999996,59
75904,1289,4.899999999999995,63
75967,1290,5.499999999999995,63
76030,1291,5.499999999999995,63
76097,1292,5.899999999999993,67
76159,1293,4.799999999999995,62
76221,1294,5.399999999999995,62
76283,1295,5.399999999999995,62
76346,1296,5.499999999999995,63
76408,1297,5.399999999999995,62
76462,1298,3.099999999999998,54
76524,1299,4.799999999999995,62
76587,1300,5.499999999999995,63
76650,1301,4.899999999999997,63
76713,1302,4.299999999999995,63
76778,1303,5.099999999999994,65
76841,1304,4.899999999999995,63
76905,1305,2.600000000000003,64
76969,1306,4.999999999999995,64
77031,1307,5.399999999999995,62
77095,1308,3.8000000000000016,64
77157,1309,5.399999999999995,62
77220,1310,5.499999999999995,63
77275,1311,3.1999999999999975,55
77339,1312,4.399999999999997,64
77403,1313,4.999999999999995,64
77467,1314,4.999999999999995,64
77529,1315,5.399999999999995,62
77594,1316,5.099999999999994,65
77658,1317,4.399999999999997,64
77721,1318,5.499999999999995,63
77784,1319,4.899999999999995,63
77847,1320,4.899999999999995,63
77910,1321,4.899999999999995,63
77973,1322,5.499999999999995,63
78037,1323,4.999999999999995,64
78099,1324,5.399999999999995,62
78162,1325,4.899999999999995,63
78225,1326,5.499999999999995,63
78288,1327,5.499999999999995,63
78351,1328,5.499999999999995,63
78416,1329,5.099999999999994,65
78478,1330,4.799999999999995,62
78542,1331,4.999999999999995,64
78604,1332,4.199999999999996,62
78667,1333,5.499999999999995,63
78731,1334,4.999999999999995,64
78795,1335,4.999999999999995,64
78858,1336,5.499999999999995,63
78921,1337,5.499999999999995,63
78985,1338,4.999999999999995,64
79048,1339,3.0999999999999996,63
79112,1340,4.999999999999995,64
79174,1341,5.399999999999995,62
79237,1342,5.499999999999995,63
79300,1343,4.899999999999995,63
79367,1344,5.899999999999993,67
79431,1345,4.999999999999995,64
79495,1346,2.5999999999999988,64
79546,1347,2.799999999999999,51
79609,1348,4.899999999999997,63
79671,1349,4.799999999999995,62
79722,1350,2.799999999999999,51
79786,1351,4.999999999999995,64
79849,1352,5.499999999999995,63
79914,1353,4.499999999999995,65
79978,1354,4.999999999999995,64
80041,1355,5.499999999999995,63
80105,1356,4.999999999999995,64
80167,1357,5.399999999999995,62
80230,1358,5.499999999999995,63
80292,1359,5.399999999999995,62
80354,1360,5.399999999999995,62
80408,1361,2.4999999999999982,54
80472,1362,4.999999999999995,64
80535,1363,4.899999999999995,63
80598,1364,5.499999999999995,63
80660,1365,5.399999999999995,62
80717,1366,2.1999999999999975,57
80780,1367,5.499999999999995,63
80846,1368,5.199999999999994,66
80909,1369,5.499999999999995,63
80971,1370,5.399999999999995,62
81033,1371,5.399999999999995,62
81095,1372,5.399999999999995,62
81157,1373,5.399999999999995,62
81221,1374,4.999999999999995,64
81284,1375,5.499999999999995,63
81338,1376,3.099999999999998,54
81400,1377,5.399999999999995,62
81462,1378,5.399999999999995,62
81525,1379,5.499999999999995,63
81588,1380,5.499999999999995,63
81652,1381,4.999999999999995,64
81715,1382,5.499999999999995,63
81777,1383,5.399999999999995,62
81839,1384,5.399999999999995,62
81894,1385,3.1999999999999975,55
81957,1386,5.499999999999995,63
82020,1387,5.499999999999995,63
82082,1388,5.399999999999995,62
82144,1389,5.399999999999995,62
82208,1390,4.999999999999995,64
82271,1391,4.899999999999995,63
82334,1392,4.899999999999995,63
82396,1393,5.399999999999995,62
82459,1394,5.499999999999995,63
82522,1395,5.499999999999995,63
82585,1396,4.899999999999995,63
82648,1397,5.499999999999995,63
82712,1398,4.999999999999995,64
82774,1399,4.799999999999995,62
82837,1400,5.499999999999995,63
82900,1401,5.499999999999995,63
82963,1402,5.499999999999995,63
83026,1403,5.499999999999995,63
83089,1404,5.499999999999995,63
83151,1405,5.399999999999995,62
83214,1406,5.499999999999995,63
83277,1407,5.499999999999995,63
83340,1408,4.899999999999995,63
83403,1409,5.499999999999995,63
83466,1410,5.499999999999995,63
83529,1411,5.499999999999995,63
83591,1412,5.399999999999995,62
83653,1413,5.399999999999995,62
83714,1414,2.599999999999996,61
83776,1415,5.399999999999995,62
83839,1416,5.499999999999995,63
83902,1417,4.899999999999995,63
83964,1418,5.399999999999995,62
84027,1419,5.499999999999995,63
84089,1420,5.399999999999995,62
84151,1421,5.399999999999995,62
84216,1422,4.499999999999995,65
84278,1423,5.399999999999995,62
84341,1424,5.499999999999995,63
84404,1425,5.499999999999995,63
84466,1426,5.399999999999995,62
84528,1427,5.399999999999995,62
84590,1428,5.399999999999995,62
84653,1429,5.499999999999995,63
84715,1430,5.399999999999995,62
84778,1431,5.499999999999995,63
84845,1432,5.899999999999993,67
84909,1433,4.999999999999995,64
84974,1434,5.099999999999994,65
85037,1435,5.499999999999995,63
85100,1436,4.899999999999995,63
85163,1437,5.499999999999995,63
85227,1438,4.999999999999995,64
85290,1439,5.499999999999995,63
85353,1440,5.499999999999995,63
85423,1441,6.199999999999992,70
85486,1442,4.899999999999997,63
85549,1443,5.499999999999995,63
85611,1444,5.399999999999995,62
85673,1445,5.399999999999995,62
85735,1446,5.399999999999995,62
85798,1447,3.1000000000000023,63
85861,1448,5.499999999999995,63
85924,1449,3.700000000000002,63
85985,1450,3.7999999999999954,61
86048,1451,4.899999999999995,63
86112,1452,4.999999999999995,64
86174,1453,5.399999999999995,62
86225,1454,2.799999999999999,51
86289,1455,3.799999999999999,64
86352,1456,5.499999999999995,63
86414,1457,5.399999999999995,62
86477,1458,5.499999999999995,63
86539,1459,5.399999999999995,62
86602,1460,5.499999999999995,63
86664,1461,4.799999999999995,62
86727,1462,4.899999999999995,63
86789,1463,4.799999999999995,62
86855,1464,4.599999999999994,66
86918,1465,4.899999999999995,63
86982,1466,4.999999999999995,64
87045,1467,5.499999999999995,63
87107,1468,5.399999999999995,62
87193,1469,2.9999999999999893,86
87257,1470,4.999999999999995,64
87320,1471,4.899999999999995,63
87383,1472,4.899999999999995,63
87433,1473,2.6999999999999993,50
87496,1474,4.899999999999995,63
87559,1475,5.499999999999995,63
87621,1476,5.399999999999995,62
87684,1477,4.899999999999995,63
87746,1478,5.399999999999995,62
87809,1479,5.499999999999995,63
87872,1480,5.499999999999995,63
87935,1481,4.899999999999995,63
87998,1482,5.499999999999995,63
88061,1483,5.499999999999995,63
88123,1484,3.599999999999996,62
88186,1485,5.499999999999995,63
88251,1486,5.099999999999994,65
88314,1487,5.499999999999995,63
88379,1488,4.499999999999995,65
88442,1489,5.499999999999995,63
88505,1490,5.499999999999995,63
88568,1491,5.499999999999995,63
88630,1492,5.399999999999995,62
88682,1493,2.8999999999999986,52
88744,1494,5.399999999999995,62
88808,1495,4.999999999999995,64
88870,1496,5.399999999999995,62
88932,1497,5.399999999999995,62
88995,1498,5.499999999999995,63
89058,1499,5.499999999999995,63
89120,1500,5.399999999999995,62
89182,1501,5.399999999999995,62
89244,1502,4.799999999999995,62
89309,1503,4.499999999999995,65
89371,1504,5.399999999999995,62
89436,1505,4.499999999999995,65
89500,1506,3.200000000000003,64
89562,1507,5.399999999999995,62
89625,1508,5.499999999999995,63
89688,1509,5.499999999999995,63
89751,1510,5.499999999999995,63
89813,1511,5.399999999999995,62
89874,1512,3.7999999999999954,61
89937,1513,5.499999999999995,63
90000,1514,4.299999999999999,63
90062,1515,5.399999999999995,62
90127,1516,4.499999999999995,65
90193,1517,4.599999999999994,66
90249,1518,3.299999999999997,56
90312,1519,5.499999999999995,63
90375,1520,5.499999999999995,63
90437,1521,5.399999999999995,62
90499,1522,5.399999999999995,62
90562,1523,5.499999999999995,63
90624,1524,5.399999999999995,62
90687,1525,4.899999999999995,63
90749,1526,5.399999999999995,62
90811,1527,5.399999999999995,62
90874,1528,5.499999999999995,63
90939,1529,5.099999999999994,65
91002,1530,5.499999999999995,63
91065,1531,5.499999999999995,63
91127,1532,5.399999999999995,62
91189,1533,5.399999999999995,62
91252,1534,5.499999999999995,63
91315,1535,5.499999999999995,63
91378,1536,5.499999999999995,63
91437,1537,3.599999999999996,59
91500,1538,4.899999999999995,63
91563,1539,5.499999999999995,63
91626,1540,5.499999999999995,63
91689,1541,5.499999999999995,63
91752,1542,5.499999999999995,63
91814,1543,5.399999999999995,62
91877,1544,4.899999999999995,63
91940,1545,5.499999999999995,63
92003,1546,5.499999999999995,63
92066,1547,5.499999999999995,63
92129,1548,5.499999999999995,63
92191,1549,5.399999999999995,62
92253,1550,5.399999999999995,62
92315,1551,5.399999999999995,62
92368,1552,2.9999999999999982,53
92432,1553,4.999999999999995,64
92494,1554,5.399999999999995,62
92556,1555,5.399999999999995,62
92621,1556,5.099999999999994,65
92684,1557,5.499999999999995,63
92747,1558,5.499999999999995,63
92810,1559,5.499999999999995,63
92873,1560,5.499999999999995,63
92936,1561,4.899999999999995,63
92999,1562,5.499999999999995,63
93063,1563,4.999999999999995,64
93126,1564,4.899999999999995,63
93190,1565,4.999999999999995,64
93253,1566,5.499999999999995,63
93316,1567,4.899999999999995,63
93379,1568,5.499999999999995,63
93444,1569,3.899999999999997,65
93508,1570,4.999999999999995,64
93571,1571,5.499999999999995,63
93633,1572,5.399999999999995,62
93695,1573,5.399999999999995,62
93757,1574,5.399999999999995,62
93819,1575,5.399999999999995,62
93881,1576,5.399999999999995,62
93945,1577,4.399999999999995,64
94008,1578,4.899999999999995,63
94070,1579,5.399999999999995,62
94133,1580,5.499999999999995,63
94197,1581,2.600000000000003,64
94259,1582,5.399999999999995,62
94322,1583,5.499999999999995,63
94385,1584,4.299999999999999,63
94447,1585,5.399999999999995,62
94508,1586,3.7999999999999954,61
94570,1587,5.399999999999995,62
94633,1588,5.499999999999995,63
94696,1589,4.899999999999995,63
94759,1590,5.499999999999995,63
94822,1591,5.499999999999995,63
94885,1592,5.499999999999995,63
94947,1593,5.399999999999995,62
95009,1594,5.399999999999995,62
95071,1595,5.399999999999995,62
95134,1596,5.499999999999995,63
95197,1597,5.499999999999995,63
95260,1598,5.499999999999995,63
95322,1599,4.799999999999995,62
95385,1600,5.499999999999995,63
95448,1601,5.499999999999995,63
95502,1602,1.8999999999999986,54
95565,1603,4.899999999999995,63
95628,1604,5.499999999999995,63
95691,1605,4.299999999999999,63
95754,1606,5.499999999999995,63
95817,1607,4.899999999999995,63
95880,1608,5.499999999999995,63
95944,1609,4.999999999999995,64
96007,1610,4.899999999999995,63
96070,1611,5.499999999999995,63
96133,1612,5.499999999999995,63
96196,1613,5.499999999999995,63
96259,1614,5.499999999999995,63
96321,1615,5.399999999999995,62
96386,1616,5.099999999999994,65
96446,1617,3.6999999999999957,60
96508,1618,5.399999999999995,62
96570,1619,5.399999999999995,62
96632,1620,5.399999999999995,62
96694,1621,5.399999999999995,62
96757,1622,4.899999999999995,63
96824,1623,4.699999999999994,67
96889,1624,4.499999999999995,65
96955,1625,5.799999999999994,66
97020,1626,4.499999999999995,65
97082,1627,5.399999999999995,62
97146,1628,4.399999999999995,64
97211,1629,5.099999999999994,65
97275,1630,4.999999999999995,64
97339,1631,4.999999999999995,64
97402,1632,5.499999999999995,63
97465,1633,4.899999999999995,63
97527,1634,5.399999999999995,62
97590,1635,5.499999999999995,63
97653,1636,4.899999999999995,63
97717,1637,4.999999999999995,64
97782,1638,4.499999999999995,65
97844,1639,5.399999999999995,62
97908,1640,4.399999999999995,64
97971,1641,5.499999999999995,63
98033,1642,4.199999999999997,62
98085,1643,2.299999999999999,52
98151,1644,5.199999999999994,66
98215,1645,4.999999999999995,64
98278,1646,5.499999999999995,63
98343,1647,3.899999999999995,65
98403,1648,3.099999999999996,60
98466,1649,4.899999999999995,63
98529,1650,5.499999999999995,63
98591,1651,5.399999999999995,62
98655,1652,4.999999999999995,64
98717,1653,5.399999999999995,62
98780,1654,5.499999999999995,63
98843,1655,5.499999999999995,63
98906,1656,5.499999999999995,63
98969,1657,5.499999999999995,63
99032,1658,5.499999999999995,63
99096,1659,4.999999999999995,64
99160,1660,4.999999999999995,64
99222,1661,5.399999999999995,62
99286,1662,4.999999999999995,64
99351,1663,5.099999999999994,65
99414,1664,5.499999999999995,63
99477,1665,4.899999999999995,63
99541,1666,4.999999999999995,64
99591,1667,-0.29999999999999893,50
99641,1668,-0.8999999999999986,50
99706,1669,4.499999999999995,65
99770,1670,4.999999999999995,64
99832,1671,4.799999999999995,62
99897,1672,5.099999999999994,65
99959,1673,5.399999999999995,62
100022,1674,5.499999999999995,63
100085,1675,5.499999999999995,63
100155,1676,6.199999999999992,70
100220,1677,5.099999999999994,65
100282,1678,5.399999999999995,62
100345,1679,5.499999999999995,63
100408,1680,3.700000000000002,63
100471,1681,5.499999999999995,63
100534,1682,5.499999999999995,63
100597,1683,5.499999999999995,63
100660,1684,5.499999999999995,63
100722,1685,5.399999999999995,62
100785,1686,5.499999999999995,63
100848,1687,5.499999999999995,63
100910,1688,5.399999999999995,62
100974,1689,4.399999999999995,64
101039,1690,4.499999999999995,65
101102,1691,5.499999999999995,63
101164,1692,5.399999999999995,62
101227,1693,5.499999999999995,63
101320,1694,4.89999999999999,93
101383,1695,4.899999999999995,63
101446,1696,5.499999999999995,63
101509,1697,5.499999999999995,63
101572,1698,5.499999999999995,63
101635,1699,4.899999999999995,63
101697,1700,5.399999999999995,62
101759,1701,2.9999999999999996,62
101824,1702,5.099999999999994,65
101886,1703,5.399999999999995,62
101949,1704,4.899999999999995,63
102011,1705,4.799999999999995,62
102074,1706,4.899999999999995,63
102136,1707,5.399999999999995,62
102198,1708,5.399999999999995,62
102261,1709,5.499999999999995,63
102323,1710,5.399999999999995,62
102385,1711,5.399999999999995,62
102447,1712,5.399999999999995,62
102497,1713,-0.8999999999999986,50
102560,1714,5.499999999999995,63
102622,1715,5.399999999999995,62
102685,1716,5.499999999999995,63
102748,1717,5.499999999999995,63
102811,1718,5.499999999999995,63
102873,1719,5.399999999999995,62
102936,1720,5.499999999999995,63
103000,1721,4.999999999999995,64
103063,1722,5.499999999999995,63
103133,1723,6.199999999999992,70
103197,1724,4.999999999999995,64
103259,1725,5.399999999999995,62
103323,1726,4.999999999999995,64
103385,1727,5.399999999999995,62
103447,1728,5.399999999999995,62
103510,1729,5.499999999999995,63
103574,1730,4.999999999999995,64
103635,1731,3.7999999999999954,61
103698,1732,5.499999999999995,63
103761,1733,4.899999999999995,63
103824,1734,5.499999999999995,63
103887,1735,5.499999999999995,63
103950,1736,3.700000000000002,63
104015,1737,4.499999999999995,65
104077,1738,5.399999999999995,62
104137,1739,3.099999999999996,60
104199,1740,5.399999999999995,62
104264,1741,5.099999999999994,65
104320,1742,2.1000000000000014,56
104383,1743,5.499999999999995,63
104448,1744,3.899999999999995,65
104511,1745,5.499999999999995,63
104574,1746,5.499999999999995,63
104637,1747,4.299999999999999,63
104700,1748,5.499999999999995,63
104762,1749,5.399999999999995,62
104824,1750,5.399999999999995,62
104886,1751,5.399999999999995,62
104950,1752,4.999999999999995,64
105011,1753,3.1999999999999957,61
105074,1754,4.899999999999995,63
105137,1755,5.499999999999995,63
105199,1756,5.399999999999995,62
105262,1757,5.499999999999995,63
105325,1758,4.899999999999997,63
105388,1759,4.299999999999999,63
105442,1760,3.099999999999998,54
105503,1761,3.7999999999999954,61
105566,1762,5.499999999999995,63
105629,1763,5.499999999999995,63
105692,1764,5.499999999999995,63
105755,1765,5.499999999999995,63
105818,1766,5.499999999999995,63
105881,1767,5.499999999999995,63
105934,1768,2.9999999999999982,53
105997,1769,5.499999999999995,63
106060,1770,4.899999999999995,63
106113,1771,2.9999999999999982,53
106176,1772,5.499999999999995,63
106239,1773,5.499999999999995,63
106304,1774,3.899999999999995,65
106366,1775,5.399999999999995,62
106428,1776,5.399999999999995,62
106492,1777,4.999999999999995,64
106554,1778,5.399999999999995,62
106616,1779,5.399999999999995,62
106680,1780,4.999999999999995,64
106743,1781,5.499999999999995,63
106805,1782,5.399999999999995,62
106868,1783,5.499999999999995,63
106932,1784,4.999999999999995,64
106994,1785,5.399999999999995,62
107059,1786,5.099999999999994,65
107122,1787,4.899999999999995,63
107184,1788,5.399999999999995,62
107248,1789,4.399999999999995,64
107315,1790,5.899999999999993,67
107378,1791,5.499999999999995,63
107440,1792,5.399999999999995,62
107503,1793,5.499999999999995,63
107565,1794,5.399999999999995,62
107628,1795,5.499999999999995,63
107690,1796,5.399999999999995,62
107753,1797,5.499999999999995,63
107815,1798,5.399999999999995,62
107878,1799,5.499999999999995,63
107940,1800,5.399999999999995,62
108002,1801,5.399999999999995,62
108065,1802,4.899999999999995,63
108129,1803,3.7999999999999954,64
108191,1804,5.399999999999995,62
108254,1805,5.499999999999995,63
108317,1806,4.899999999999995,63
108379,1807,5.399999999999995,62
108441,1808,5.399999999999995,62
108503,1809,4.799999999999995,62
108567,1810,4.999999999999995,64
108627,1811,3.6999999999999957,60
108691,1812,4.999999999999995,64
108754,1813,5.499999999999995,63
108817,1814,5.499999999999995,63
108879,1815,5.399999999999995,62
108945,1816,5.199999999999994,66
109007,1817,5.399999999999995,62
109069,1818,4.799999999999995,62
109131,1819,5.399999999999995,62
109195,1820,4.999999999999995,64
109258,1821,5.499999999999995,63
109322,1822,4.999999999999995,64
109384,1823,5.399999999999995,62
109451,1824,5.899999999999993,67
109515,1825,4.999999999999995,64
109577,1826,5.399999999999995,62
109642,1827,5.099999999999994,65
109705,1828,5.499999999999995,63
109767,1829,5.399999999999995,62
109834,1830,5.899999999999993,67
109896,1831,5.399999999999995,62
109958,1832,5.399999999999995,62
110020,1833,5.399999999999995,62
110082,1834,5.399999999999995,62
110144,1835,5.399999999999995,62
110206,1836,5.399999999999995,62
110269,1837,5.499999999999995,63
110332,1838,5.499999999999995,63
110394,1839,5.399999999999995,62
110458,1840,4.999999999999995,64
110523,1841,5.099999999999994,65
110585,1842,5.399999999999995,62
110647,1843,5.399999999999995,62
110713,1844,5.199999999999994,66
110776,1845,5.499999999999995,63
110838,1846,5.399999999999995,62
110901,1847,5.499999999999995,63
110964,1848,5.499999999999995,63
111026,1849,4.799999999999995,62
111089,1850,5.499999999999995,63
111151,1851,5.399999999999995,62
111214,1852,5.499999999999995,63
111278,1853,4.999999999999995,64
111345,1854,5.899999999999993,67
111408,1855,5.499999999999995,63
111471,1856,5.499999999999995,63
111533,1857,5.399999999999995,62
111595,1858,4.799999999999995,62
111648,1859,2.9999999999999982,53
111715,1860,5.899999999999993,67
111776,1861,3.7999999999999954,61
111838,1862,5.399999999999995,62
111900,1863,5.399999999999995,62
111963,1864,5.499999999999995,63
112026,1865,5.499999999999995,63
112091,1866,5.099999999999994,65
112153,1867,5.399999999999995,62
112216,1868,4.899999999999995,63
112280,1869,4.999999999999995,64
112343,1870,5.499999999999995,63
112406,1871,5.499999999999995,63
112471,1872,5.099999999999994,65
112533,1873,5.399999999999995,62
112598,1874,5.099999999999994,65
112665,1875,5.899999999999993,67
112727,1876,5.399999999999995,62
112792,1877,4.499999999999995,65
112856,1878,4.999999999999995,64
112920,1879,4.399999999999995,64
112982,1880,5.399999999999995,62
113045,1881,5.499999999999995,63
113108,1882,5.499999999999995,63
113170,1883,5.399999999999995,62
113233,1884,5.499999999999995,63
113296,1885,5.499999999999995,63
113360,1886,4.399999999999997,64
113422,1887,5.399999999999995,62
113484,1888,5.399999999999995,62
113546,1889,5.399999999999995,62
113607,1890,3.7999999999999954,61
113670,1891,5.499999999999995,63
113733,1892,5.499999999999995,63
113796,1893,4.299999999999995,63
113861,1894,4.499999999999995,65
113924,1895,5.499999999999995,63
113992,1896,5.999999999999993,68
114055,1897,5.499999999999995,63
114117,1898,5.399999999999995,62
114180,1899,4.899999999999995,63
114243,1900,5.499999999999995,63
114310,1901,5.299999999999994,67
114374,1902,4.999999999999995,64
114437,1903,5.499999999999995,63
114500,1904,5.499999999999995,63
114562,1905,5.399999999999995,62
114624,1906,5.399999999999995,62
114687,1907,5.499999999999995,63
114749,1908,5.399999999999995,62
114812,1909,5.499999999999995,63
114874,1910,5.399999999999995,62
114937,1911,5.499999999999995,63
115000,1912,5.499999999999995,63
115062,1913,5.399999999999995,62
115125,1914,5.499999999999995,63
115187,1915,5.399999999999995,62
115250,1916,5.499999999999995,63
115312,1917,5.399999999999995,62
115376,1918,4.999999999999995,64
115439,1919,5.499999999999995,63
115501,1920,5.399999999999995,62
115563,1921,5.399999999999995,62
115629,1922,5.199999999999994,66
115695,1923,5.199999999999994,66
115757,1924,5.399999999999995,62
115818,1925,3.7999999999999954,61
115880,1926,5.399999999999995,62
115943,1927,5.499999999999995,63
116008,1928,5.099999999999994,65
116074,1929,5.199999999999994,66
116137,1930,4.899999999999995,63
116204,1931,5.899999999999993,67
116267,1932,5.499999999999995,63
116329,1933,5.399999999999995,62
116393,1934,4.999999999999995,64
116460,1935,5.299999999999994,67
116524,1936,4.399999999999995,64
116587,1937,4.899999999999995,63
116650,1938,5.499999999999995,63
116713,1939,5.499999999999995,63
116775,1940,4.799999999999995,62
116825,1941,-0.8999999999999986,50
116887,1942,5.399999999999995,62
116949,1943,5.399999999999995,62
117016,1944,5.899999999999993,67
117079,1945,5.499999999999995,63
117141,1946,5.399999999999995,62
117204,1947,5.499999999999995,63
117270,1948,5.199999999999994,66
117333,1949,5.499999999999995,63
117396,1950,5.499999999999995,63
117458,1951,5.399999999999995,62
117520,1952,4.799999999999995,62
117583,1953,5.499999999999995,63
117646,1954,5.499999999999995,63
117708,1955,5.399999999999995,62
117770,1956,5.399999999999995,62
117834,1957,4.999999999999995,64
117896,1958,5.399999999999995,62
117959,1959,5.499999999999995,63
118009,1960,-0.8999999999999986,50
118072,1961,5.499999999999995,63
118134,1962,5.399999999999995,62
118196,1963,5.399999999999995,62
118251,1964,2.5999999999999996,55
118314,1965,5.499999999999995,63
118376,1966,5.399999999999995,62
118439,1967,5.499999999999995,63
118501,1968,5.399999999999995,62
118564,1969,5.499999999999995,63
118627,1970,5.499999999999995,63
118690,1971,5.499999999999995,63
118753,1972,5.499999999999995,63
118816,1973,4.899999999999995,63
118879,1974,5.499999999999995,63
118941,1975,5.399999999999995,62
119003,1976,5.399999999999995,62
119066,1977,5.499999999999995,63
119128,1978,5.399999999999995,62
119191,1979,5.499999999999995,63
119254,1980,5.499999999999995,63
119317,1981,5.499999999999995,63
119379,1982,5.399999999999995,62
119444,1983,5.099999999999994,65
119507,1984,5.499999999999995,63
119570,1985,5.499999999999995,63
119633,1986,5.499999999999995,63
119696,1987,5.499999999999995,63
119758,1988,5.399999999999995,62
119820,1989,5.399999999999995,62
119882,1990,5.399999999999995,62
119946,1991,4.999999999999995,64
120009,1992,5.499999999999995,63
120073,1993,4.999999999999995,64
120135,1994,5.399999999999995,62
120197,1995,5.399999999999995,62
120265,1996,5.999999999999993,68
120327,1997,5.399999999999995,62
120389,1998,5.399999999999995,62
120451,1999,4.799999999999995,62
120513,2000,5.399999999999995,62
120576,2001,5.499999999999995,63
120639,2002,5.499999999999995,63
120704,2003,5.099999999999994,65
120766,2004,5.399999999999995,62
120816,2005,2.6999999999999993,50
120878,2006,5.399999999999995,62
120941,2007,4.899999999999995,63
121003,2008,5.399999999999995,62
121069,2009,3.3999999999999986,66
121132,2010,5.499999999999995,63
121196,2011,4.999999999999995,64
121259,2012,5.499999999999995,63
121324,2013,3.3000000000000016,65
121386,2014,4.199999999999996,62
121449,2015,5.499999999999995,63
121513,2016,4.999999999999995,64
121575,2017,5.399999999999995,62
121638,2018,5.499999999999995,63
121701,2019,5.499999999999995,63
121764,2020,4.299999999999999,63
121859,2021,3.899999999999994,95
121927,2022,5.399999999999993,68
121989,2023,5.399999999999995,62
122054,2024,4.4999999999999964,65
122116,2025,5.399999999999995,62
122180,2026,4.999999999999995,64
122243,2027,5.499999999999995,63
122307,2028,4.999999999999995,64
122371,2029,4.999999999999995,64
122438,2030,5.899999999999993,67
122500,2031,5.399999999999995,62
122563,2032,4.299999999999999,63
122626,2033,5.499999999999995,63
122689,2034,4.899999999999995,63
122751,2035,5.399999999999995,62
122814,2036,5.499999999999995,63
122877,2037,5.499999999999995,63
122940,2038,5.499999999999995,63
123003,2039,4.899999999999995,63
123066,2040,5.499999999999995,63
123129,2041,5.499999999999995,63
123191,2042,5.399999999999995,62
123254,2043,5.499999999999995,63
123317,2044,5.499999999999995,63
123379,2045,5.399999999999995,62
123442,2046,5.499999999999995,63
123505,2047,4.899999999999995,63
123568,2048,5.499999999999995,63
123631,2049,5.499999999999995,63
123693,2050,5.399999999999995,62
123756,2051,5.499999999999995,63
123822,2052,5.199999999999994,66
123885,2053,5.499999999999995,63
123948,2054,5.499999999999995,63
124011,2055,5.499999999999995,63
124076,2056,4.499999999999995,65
124141,2057,5.099999999999994,65
124204,2058,5.499999999999995,63
124268,2059,4.999999999999995,64
124332,2060,4.999999999999995,64
124395,2061,5.499999999999995,63
124458,2062,5.499999999999995,63
124521,2063,4.899999999999995,63
124584,2064,4.899999999999995,63
124648,2065,4.999999999999995,64
124711,2066,4.899999999999995,63
124774,2067,5.499999999999995,63
124837,2068,4.899999999999995,63
124900,2069,5.499999999999995,63
124963,2070,5.499999999999995,63
125026,2071,5.499999999999995,63
125090,2072,4.999999999999995,64
125153,2073,5.499999999999995,63
125216,2074,5.499999999999995,63
125279,2075,5.499999999999995,63
125349,2076,6.199999999999992,70
125411,2077,5.399999999999995,62
125473,2078,5.399999999999995,62
125536,2079,5.499999999999995,63
125599,2080,5.499999999999995,63
125662,2081,5.499999999999995,63
125732,2082,6.199999999999992,70
125796,2083,4.999999999999995,64
125859,2084,5.499999999999995,63
125921,2085,5.399999999999995,62
125984,2086,5.499999999999995,63
126046,2087,5.399999999999995,62
126111,2088,5.099999999999994,65
126174,2089,5.499999999999995,63
126237,2090,4.899999999999995,63
126300,2091,5.499999999999995,63
126363,2092,5.499999999999995,63
126431,2093,5.999999999999993,68
126493,2094,5.399999999999995,62
126556,2095,5.499999999999995,63
126624,2096,5.999999999999993,68
126687,2097,5.499999999999995,63
126750,2098,5.499999999999995,63
126813,2099,5.499999999999995,63
126876,2100,5.499999999999995,63
126939,2101,5.499999999999995,63
127002,2102,5.499999999999995,63
127065,2103,5.499999999999995,63
127128,2104,4.899999999999995,63
127191,2105,5.499999999999995,63
127253,2106,5.399999999999995,62
127315,2107,5.399999999999995,62
127378,2108,5.499999999999995,63
127440,2109,5.399999999999995,62
127503,2110,5.499999999999995,63
127565,2111,5.399999999999995,62
127630,2112,5.099999999999994,65
127693,2113,5.499999999999995,63
127754,2114,3.7999999999999954,61
127817,2115,5.499999999999995,63
127887,2116,6.199999999999992,70
127950,2117,4.899999999999995,63
128000,2118,-0.8999999999999986,50
128067,2119,5.899999999999993,67
128130,2120,5.499999999999995,63
128193,2121,4.899999999999995,63
128257,2122,4.999999999999995,64
128320,2123,5.499999999999995,63
128382,2124,5.399999999999995,62
128444,2125,5.399999999999995,62
128506,2126,5.399999999999995,62
128569,2127,5.499999999999995,63
128632,2128,5.499999999999995,63
128695,2129,4.899999999999995,63
128757,2130,5.399999999999995,62
128825,2131,5.999999999999993,68
128887,2132,5.399999999999995,62
128950,2133,5.499999999999995,63
129012,2134,5.399999999999995,62
129075,2135,5.499999999999995,63
129138,2136,5.499999999999995,63
129201,2137,4.899999999999995,63
129265,2138,4.999999999999995,64
129329,2139,4.999999999999995,64
129393,2140,4.999999999999995,64
129456,2141,4.899999999999997,63
129519,2142,5.499999999999995,63
129582,2143,5.499999999999995,63
129644,2144,5.399999999999995,62
129707,2145,5.499999999999995,63
129772,2146,5.099999999999994,65
129836,2147,4.399999999999997,64
129903,2148,5.899999999999993,67
129965,2149,5.399999999999995,62
130031,2150,5.199999999999994,66
130093,2151,5.399999999999995,62
130155,2152,5.399999999999995,62
130217,2153,5.399999999999995,62
130280,2154,5.499999999999995,63
130341,2155,3.7999999999999954,61
130410,2156,6.0999999999999925,69
130469,2157,3.599999999999996,59
130532,2158,5.499999999999995,63
130600,2159,5.999999999999993,68
130663,2160,5.499999999999995,63
130726,2161,5.499999999999995,63
130789,2162,5.499999999999995,63
130852,2163,5.499999999999995,63
130915,2164,5.499999999999995,63
130977,2165,5.399999999999995,62
131040,2166,5.499999999999995,63
131103,2167,3.1000000000000023,63
131166,2168,4.299999999999999,63
131220,2169,1.3000000000000007,54
131285,2170,5.099999999999994,65
131347,2171,5.399999999999995,62
131412,2172,4.4999999999999964,65
131475,2173,5.499999999999995,63
131538,2174,4.299999999999999,63
131601,2175,4.899999999999995,63
131665,2176,4.999999999999995,64
131732,2177,5.899999999999993,67
131794,2178,5.399999999999995,62
131860,2179,2.7999999999999994,66
131927,2180,5.299999999999997,67
131990,2181,5.499999999999995,63
132054,2182,4.999999999999995,64
132116,2183,4.799999999999995,62
132182,2184,5.799999999999994,66
132245,2185,5.499999999999995,63
132308,2186,4.299999999999999,63
132371,2187,5.499999999999995,63
132435,2188,4.999999999999995,64
132499,2189,4.999999999999995,64
132561,2190,5.399999999999995,62
132624,2191,4.899999999999997,63
132687,2192,5.499999999999995,63
132756,2193,6.0999999999999925,69
132819,2194,4.899999999999995,63
132882,2195,5.499999999999995,63
132944,2196,5.399999999999995,62
133007,2197,5.499999999999995,63
133074,2198,5.899999999999995,67
133140,2199,5.799999999999994,66
133202,2200,5.399999999999995,62
133267,2201,5.099999999999994,65
133330,2202,5.499999999999995,63
133396,2203,5.799999999999994,66
133452,2204,1.5000000000000022,56
133515,2205,5.499999999999995,63
133578,2206,5.499999999999995,63
133641,2207,5.499999999999995,63
133706,2208,2.700000000000003,65
133768,2209,5.399999999999995,62
133836,2210,5.999999999999993,68
133898,2211,5.399999999999995,62
133959,2212,3.7999999999999954,61
134026,2213,5.899999999999993,67
134089,2214,5.499999999999995,63
134152,2215,5.499999999999995,63
134214,2216,3.6000000000000023,62
134280,2217,5.799999999999994,66
134343,2218,5.499999999999995,63
134407,2219,4.999999999999995,64
134470,2220,4.899999999999995,63
134533,2221,5.499999999999995,63
134597,2222,4.999999999999995,64
134660,2223,5.499999999999995,63
134725,2224,4.499999999999995,65
134787,2225,5.399999999999995,62
134850,2226,4.899999999999995,63
134912,2227,5.399999999999995,62
134979,2228,4.699999999999994,67
135042,2229,5.499999999999995,63
135104,2230,5.399999999999995,62
135165,2231,3.7999999999999954,61
135228,2232,5.499999999999995,63
135291,2233,5.499999999999995,63
135355,2234,4.999999999999995,64
135418,2235,5.499999999999995,63
135482,2236,4.999999999999995,64
135544,2237,5.399999999999995,62
135611,2238,5.899999999999993,67
135674,2239,5.499999999999995,63
135737,2240,4.299999999999999,63
135803,2241,4.599999999999996,66
135868,2242,5.099999999999994,65
135931,2243,5.499999999999995,63
135995,2244,4.999999999999995,64
136059,2245,2.600000000000003,64
136127,2246,5.999999999999993,68
136190,2247,5.499999999999995,63
136252,2248,5.399999999999995,62
136315,2249,5.499999999999995,63
136378,2250,5.499999999999995,63
136441,2251,5.499999999999995,63
136505,2252,4.999999999999995,64
136569,2253,4.999999999999995,64
136632,2254,5.499999999999995,63
136695,2255,5.499999999999995,63
136758,2256,5.499999999999995,63
136820,2257,5.399999999999995,62
136885,2258,4.499999999999995,65
136948,2259,5.499999999999995,63
137011,2260,5.499999999999995,63
137073,2261,5.399999999999995,62
137136,2262,5.499999999999995,63
137201,2263,3.3000000000000016,65
137255,2264,1.8999999999999986,54
137319,2265,4.999999999999995,64
137384,2266,4.499999999999995,65
137447,2267,5.499999999999995,63
137510,2268,5.499999999999995,63
137576,2269,5.799999999999994,66
137639,2270,5.499999999999995,63
137702,2271,5.499999999999995,63
137765,2272,5.499999999999995,63
137828,2273,5.499999999999995,63
137890,2274,5.399999999999995,62
137953,2275,4.899999999999995,63
138016,2276,4.899999999999995,63
138078,2277,5.399999999999995,62
138141,2278,5.499999999999995,63
138204,2279,5.499999999999995,63
138266,2280,5.399999999999995,62
138328,2281,5.399999999999995,62
138379,2282,2.799999999999999,51
138446,2283,5.899999999999993,67
138511,2284,5.099999999999994,65
138574,2285,5.499999999999995,63
138636,2286,5.399999999999995,62
138699,2287,4.899999999999995,63
138751,2288,2.8999999999999986,52
138814,2289,5.499999999999995,63
138877,2290,5.499999999999995,63
138928,2291,2.1999999999999993,51
138991,2292,5.499999999999995,63
139054,2293,5.499999999999995,63
139117,2294,5.499999999999995,63
139179,2295,5.399999999999995,62
139244,2296,5.099999999999994,65
139307,2297,5.499999999999995,63
139369,2298,5.399999999999995,62
139432,2299,5.499999999999995,63
139495,2300,5.499999999999995,63
139562,2301,5.899999999999993,67
139624,2302,5.399999999999995,62
139687,2303,4.299999999999995,63
139750,2304,5.499999999999995,63
139816,2305,5.799999999999994,66
139881,2306,3.9000000000000012,65
139946,2307,5.099999999999994,65
140012,2308,5.799999999999994,66
140080,2309,5.999999999999993,68
140143,2310,5.499999999999995,63
140206,2311,5.499999999999995,63
140268,2312,5.399999999999995,62
140331,2313,5.499999999999995,63
140394,2314,5.499999999999995,63
140457,2315,5.499999999999995,63
140520,2316,5.499999999999995,63
140583,2317,5.499999999999995,63
140651,2318,5.999999999999993,68
140714,2319,4.899999999999995,63
140776,2320,5.399999999999995,62
140838,2321,5.399999999999995,62
140901,2322,5.499999999999995,63
140969,2323,5.999999999999993,68
141035,2324,5.199999999999994,66
141098,2325,5.499999999999995,63
141162,2326,3.7999999999999963,64
141226,2327,4.999999999999995,64
141289,2328,5.499999999999995,63
141359,2329,6.199999999999992,70
141422,2330,5.499999999999995,63
141490,2331,5.999999999999993,68
141553,2332,5.499999999999995,63
141616,2333,5.499999999999995,63
141678,2334,5.399999999999995,62
141745,2335,4.1000000000000005,67
141807,2336,5.399999999999995,62
141870,2337,4.899999999999997,63
141933,2338,5.499999999999995,63
141999,2339,4.599999999999996,66
142068,2340,6.0999999999999925,69
142131,2341,5.499999999999995,63
142197,2342,5.799999999999994,66
142260,2343,5.499999999999995,63
142328,2344,5.399999999999997,68
142391,2345,4.899999999999995,63
142454,2346,5.499999999999995,63
142505,2347,2.1999999999999993,51
142568,2348,5.499999999999995,63
142631,2349,5.499999999999995,63
142694,2350,5.499999999999995,63
142759,2351,4.499999999999995,65
142822,2352,5.499999999999995,63
142887,2353,4.499999999999995,65
142949,2354,5.399999999999995,62
143015,2355,5.799999999999994,66
143083,2356,5.999999999999993,68
143145,2357,5.399999999999995,62
143208,2358,5.499999999999995,63
143271,2359,5.499999999999995,63
143333,2360,5.399999999999995,62
143395,2361,5.399999999999995,62
143458,2362,5.499999999999995,63
143524,2363,5.799999999999994,66
143587,2364,5.499999999999995,63
143653,2365,5.799999999999994,66
143715,2366,5.399999999999995,62
143779,2367,4.999999999999995,64
143847,2368,5.999999999999993,68
143897,2369,1.5,50
143960,2370,5.499999999999995,63
144027,2371,6.499999999999993,67
144090,2372,5.499999999999995,63
144152,2373,5.399999999999995,62
144214,2374,5.399999999999995,62
144277,2375,5.499999999999995,63
144340,2376,5.499999999999995,63
144404,2377,4.999999999999995,64
144472,2378,5.999999999999993,68
144535,2379,5.499999999999995,63
144598,2380,4.899999999999995,63
144660,2381,5.399999999999995,62
144729,2382,5.4999999999999964,69
144795,2383,5.799999999999994,66
144858,2384,5.499999999999995,63
144924,2385,3.9999999999999947,66
144987,2386,5.499999999999995,63
145054,2387,5.899999999999993,67
145117,2388,4.299999999999999,63
145181,2389,3.8000000000000016,64
145247,2390,5.799999999999994,66
145310,2391,4.899999999999995,63
145373,2392,5.499999999999995,63
145441,2393,5.999999999999995,68
145508,2394,4.099999999999998,67
145575,2395,5.899999999999993,67
145641,2396,3.9999999999999982,66
145706,2397,5.099999999999994,65
145773,2398,6.499999999999993,67
145838,2399,4.499999999999995,65
145904,2400,4.000000000000002,66
145967,2401,5.499999999999995,63
146031,2402,4.999999999999995,64
146098,2403,5.899999999999993,67
146160,2404,5.399999999999995,62
146223,2405,4.899999999999997,63
146289,2406,5.799999999999994,66
146355,2407,5.199999999999994,66
146422,2408,0.5000000000000018,67
146488,2409,5.799999999999994,66
146556,2410,5.999999999999993,68
146624,2411,5.999999999999993,68
146687,2412,5.499999999999995,63
146741,2413,1.8999999999999986,54
146808,2414,5.899999999999993,67
146875,2415,5.299999999999994,67
146942,2416,5.899999999999993,67
147004,2417,5.399999999999995,62
147066,2418,5.399999999999995,62
147128,2419,5.399999999999995,62
147196,2420,5.999999999999993,68
147259,2421,4.899999999999995,63
147322,2422,5.499999999999995,63
147390,2423,5.999999999999993,68
147453,2424,5.499999999999995,63
147516,2425,4.899999999999995,63
147579,2426,4.899999999999995,63
147646,2427,4.699999999999994,67
147709,2428,5.499999999999995,63
147772,2429,5.499999999999995,63
147840,2430,5.999999999999993,68
147904,2431,2.600000000000003,64
147973,2432,5.499999999999993,69
148035,2433,5.399999999999995,62
148104,2434,6.0999999999999925,69
148169,2435,5.099999999999994,65
148232,2436,5.499999999999995,63
148282,2437,2.0999999999999996,50
148350,2438,5.999999999999993,68
148414,2439,3.200000000000002,64
148480,2440,2.800000000000003,66
148543,2441,5.499999999999995,63
148629,2442,1.7999999999999936,86
148691,2443,5.399999999999995,62
148755,2444,4.999999999999995,64
148816,2445,3.7999999999999954,61
148879,2446,4.899999999999995,63
148944,2447,5.099999999999994,65
149006,2448,5.399999999999995,62
149073,2449,4.6999999999999975,67
149136,2450,5.499999999999995,63
149199,2451,5.499999999999995,63
149268,2452,6.099999999999994,69
149336,2453,5.999999999999993,68
149399,2454,5.499999999999995,63
149464,2455,3.899999999999995,65
149526,2456,5.399999999999995,62
149612,2457,2.3999999999999932,86
149682,2458,4.999999999999995,70
149745,2459,4.899999999999997,63
149810,2460,5.099999999999994,65
149874,2461,4.999999999999995,64
149943,2462,3.7,69
150006,2463,5.499999999999995,63
150069,2464,5.499999999999995,63
150133,2465,4.999999999999995,64
150196,2466,4.899999999999997,63
150264,2467,5.999999999999993,68
150329,2468,5.099999999999994,65
150397,2469,5.999999999999993,68
150465,2470,5.999999999999993,68
150528,2471,4.299999999999999,63
150596,2472,5.999999999999993,68
150660,2473,4.999999999999995,64
150726,2474,5.799999999999994,66
150794,2475,4.199999999999997,68
150859,2476,5.099999999999994,65
150927,2477,5.999999999999993,68
150993,2478,5.799999999999994,66
151056,2479,5.499999999999995,63
151118,2480,5.399999999999995,62
151180,2481,4.799999999999995,62
151243,2482,5.499999999999995,63
151306,2483,5.499999999999995,63
151371,2484,3.3000000000000016,65
151434,2485,5.499999999999995,63
151503,2486,6.0999999999999925,69
151565,2487,5.399999999999995,62
151627,2488,5.399999999999995,62
151695,2489,5.999999999999993,68
151758,2490,5.499999999999995,63
151821,2491,5.499999999999995,63
151923,2492,6.699999999999983,102
151991,2493,5.999999999999993,68
152059,2494,5.999999999999993,68
152121,2495,5.399999999999995,62
152184,2496,5.499999999999995,63
152248,2497,4.999999999999995,64
152311,2498,3.1000000000000023,63
152374,2499,4.899999999999997,63
152438,2500,4.999999999999995,64
152501,2501,5.499999999999995,63
152564,2502,4.299999999999999,63
152627,2503,5.499999999999995,63
152689,2504,5.399999999999995,62
152750,2505,3.1999999999999957,61
152814,2506,4.999999999999995,64
152878,2507,4.399999999999995,64
152943,2508,5.099999999999994,65
153006,2509,3.1000000000000023,63
153069,2510,5.499999999999995,63
153139,2511,6.199999999999992,70
153202,2512,5.499999999999995,63
153268,2513,5.199999999999994,66
153337,2514,6.0999999999999925,69
153400,2515,5.499999999999995,63
153462,2516,5.399999999999995,62
153523,2517,3.7999999999999954,61
153586,2518,4.899999999999997,63
153654,2519,5.999999999999993,68
153716,2520,5.399999999999995,62
153780,2521,2.600000000000003,64
153845,2522,3.3000000000000016,65
153908,2523,5.499999999999995,63
153971,2524,4.899999999999995,63
154036,2525,5.099999999999994,65
154102,2526,5.799999999999994,66
154164,2527,5.399999999999995,62
154227,2528,5.499999999999995,63
154294,2529,6.499999999999993,67
154356,2530,5.399999999999995,62
154418,2531,5.399999999999995,62
154471,2532,2.9999999999999982,53
154534,2533,4.299999999999999,63
154593,2534,3.599999999999996,59
154655,2535,5.399999999999995,62
154718,2536,5.499999999999995,63
154780,2537,5.399999999999995,62
154843,2538,4.299999999999999,63
154906,2539,4.899999999999995,63
154970,2540,2.600000000000003,64
155033,2541,5.499999999999995,63
155096,2542,5.499999999999995,63
155159,2543,4.899999999999995,63
155226,2544,5.899999999999993,67
155293,2545,5.899999999999993,67
155357,2546,4.999999999999995,64
155420,2547,5.499999999999995,63
155483,2548,4.899999999999995,63
155547,2549,4.999999999999995,64
155610,2550,5.499999999999995,63
155673,2551,5.499999999999995,63
155759,2552,2.9999999999999893,86
155822,2553,5.499999999999995,63
155889,2554,5.899999999999993,67
155957,2555,6.5999999999999925,68
156025,2556,5.999999999999993,68
156089,2557,4.999999999999995,64
156157,2558,5.999999999999993,68
156219,2559,5.399999999999995,62
156281,2560,5.399999999999995,62
156344,2561,4.299999999999999,63
156407,2562,5.499999999999995,63
156472,2563,5.099999999999994,65
156540,2564,5.999999999999993,68
156603,2565,5.499999999999995,63
156666,2566,5.499999999999995,63
156729,2567,5.499999999999995,63
156794,2568,4.499999999999995,65
156856,2569,5.399999999999995,62
156919,2570,5.499999999999995,63
156982,2571,5.499999999999995,63
157045,2572,5.499999999999995,63
157108,2573,5.499999999999995,63
157171,2574,5.499999999999995,63
157235,2575,4.999999999999995,64
157300,2576,4.499999999999995,65
157362,2577,5.399999999999995,62
157424,2578,5.399999999999995,62
157487,2579,5.499999999999995,63
157553,2580,5.199999999999994,66
157620,2581,5.899999999999993,67
157682,2582,5.399999999999995,62
157745,2583,4.899999999999995,63
157811,2584,4.599999999999994,66
157878,2585,5.299999999999995,67
157946,2586,5.999999999999993,68
158009,2587,4.899999999999995,63
158074,2588,5.099999999999994,65
158138,2589,4.399999999999995,64
158201,2590,5.499999999999995,63
158260,2591,3.599999999999996,59
158322,2592,5.399999999999995,62
158383,2593,3.7999999999999954,61
158450,2594,5.899999999999993,67
158512,2595,5.399999999999995,62
158580,2596,5.999999999999993,68
158648,2597,5.999999999999993,68
158716,2598,5.999999999999993,68
158782,2599,5.199999999999994,66
158845,2600,5.499999999999995,63
158913,2601,5.999999999999993,68
158982,2602,6.0999999999999925,69
159045,2603,5.499999999999995,63
159112,2604,5.899999999999993,67
159177,2605,5.099999999999994,65
159240,2606,5.499999999999995,63
159308,2607,5.999999999999993,68
159370,2608,5.399999999999995,62
159433,2609,5.499999999999995,63
159495,2610,5.399999999999995,62
159563,2611,5.999999999999993,68
159627,2612,4.999999999999995,64
159694,2613,5.899999999999993,67
159757,2614,4.299999999999999,63
159820,2615,5.499999999999995,63
159883,2616,5.499999999999995,63
159946,2617,4.899999999999995,63
160014,2618,5.999999999999993,68
160076,2619,5.399999999999995,62
160139,2620,5.499999999999995,63
160203,2621,4.999999999999995,64
160272,2622,6.0999999999999925,69
160335,2623,5.499999999999995,63
160405,2624,4.9999999999999964,70
160474,2625,6.099999999999994,69
160542,2626,5.999999999999993,68
160604,2627,4.799999999999995,62
160672,2628,5.999999999999993,68
160735,2629,5.499999999999995,63
160799,2630,4.999999999999995,64
160853,2631,2.5,54
160916,2632,5.499999999999995,63
160978,2633,5.399999999999995,62
161040,2634,5.399999999999995,62
161100,2635,2.4999999999999964,60
161163,2636,5.499999999999995,63
161231,2637,5.999999999999993,68
161283,2638,2.299999999999999,52
161346,2639,5.499999999999995,63
161409,2640,5.499999999999995,63
161471,2641,5.399999999999995,62
161540,2642,6.699999999999992,69
161606,2643,3.9999999999999947,66
161675,2644,6.0999999999999925,69
161738,2645,5.499999999999995,63
161789,2646,2.799999999999999,51
161852,2647,5.499999999999995,63
161920,2648,5.999999999999993,68
161987,2649,5.899999999999993,67
162053,2650,5.199999999999994,66
162119,2651,5.199999999999994,66
162180,2652,3.1999999999999957,61
162243,2653,5.499999999999995,63
162305,2654,4.799999999999995,62
162370,2655,5.099999999999994,65
162432,2656,5.399999999999995,62
162495,2657,5.499999999999995,63
162558,2658,5.499999999999995,63
162621,2659,5.499999999999995,63
162671,2660,2.6999999999999993,50
162733,2661,5.399999999999995,62
162803,2662,4.999999999999993,70
162868,2663,4.499999999999995,65
162937,2664,6.0999999999999925,69
163005,2665,5.999999999999993,68
163068,2666,4.899999999999997,63
163132,2667,4.999999999999995,64
163195,2668,5.499999999999995,63
163263,2669,5.999999999999993,68
163333,2670,6.199999999999992,70
163394,2671,3.7999999999999954,61
163463,2672,5.499999999999995,69
163525,2673,5.399999999999995,62
163588,2674,5.499999999999995,63
163651,2675,4.899999999999997,63
163714,2676,5.499999999999995,63
163784,2677,5.5999999999999925,70
163848,2678,4.399999999999997,64
163916,2679,4.799999999999994,68
163979,2680,4.299999999999999,63
164045,2681,5.199999999999994,66
164114,2682,6.699999999999992,69
164180,2683,5.199999999999994,66
164250,2684,6.199999999999992,70
164317,2685,5.899999999999993,67
164384,2686,5.899999999999993,67
164451,2687,6.499999999999993,67
164505,2688,1.9000000000000021,54
164572,2689,5.899999999999993,67
164638,2690,4.599999999999994,66
164705,2691,5.899999999999993,67
164767,2692,5.399999999999995,62
164830,2693,5.499999999999995,63
164897,2694,4.6999999999999975,67
164959,2695,5.399999999999995,62
165022,2696,4.299999999999999,63
165085,2697,5.499999999999995,63
165148,2698,5.499999999999995,63
165214,2699,5.799999999999994,66
165283,2700,6.0999999999999925,69
165346,2701,5.499999999999995,63
165409,2702,5.499999999999995,63
165477,2703,5.999999999999993,68
165540,2704,4.299999999999999,63
165603,2705,5.499999999999995,63
165672,2706,6.0999999999999925,69
165735,2707,5.499999999999995,63
165804,2708,5.4999999999999964,69
165870,2709,5.799999999999994,66
165938,2710,5.999999999999993,68
166006,2711,5.999999999999993,68
166076,2712,6.199999999999992,70
166138,2713,5.399999999999995,62
166205,2714,4.699999999999994,67
166268,2715,5.499999999999995,63
166336,2716,5.999999999999993,68
166402,2717,5.799999999999994,66
166467,2718,5.099999999999994,65
166534,2719,5.899999999999993,67
166598,2720,4.999999999999995,64
166665,2721,5.899999999999993,67
166727,2722,5.399999999999995,62
166791,2723,4.999999999999995,64
166855,2724,4.399999999999997,64
166916,2725,3.7999999999999954,61
166979,2726,5.499999999999995,63
167032,2727,2.9999999999999982,53
167094,2728,5.399999999999995,62
167161,2729,5.899999999999993,67
167228,2730,5.899999999999993,67
167296,2731,5.999999999999993,68
167364,2732,5.999999999999993,68
167429,2733,4.499999999999995,65
167479,2734,-0.8999999999999986,50
167542,2735,5.499999999999995,63
167612,2736,6.199999999999992,70
167674,2737,5.399999999999995,62
167742,2738,5.399999999999993,68
167806,2739,4.999999999999995,64
167869,2740,5.499999999999995,63
167935,2741,5.199999999999994,66
168000,2742,5.099999999999994,65
168062,2743,5.399999999999995,62
168131,2744,6.0999999999999925,69
168200,2745,6.0999999999999925,69
168265,2746,4.499999999999995,65
168334,2747,5.4999999999999964,69
168396,2748,5.399999999999995,62
168466,2749,6.199999999999992,70
168529,2750,5.499999999999995,63
168597,2751,5.999999999999993,68
168660,2752,5.499999999999995,63
168728,2753,5.999999999999993,68
168827,2754,8.199999999999983,99
168895,2755,4.799999999999994,68
168958,2756,4.899999999999995,63
169021,2757,5.499999999999995,63
169088,2758,5.899999999999993,67
169156,2759,5.399999999999993,68
169224,2760,5.999999999999993,68
169292,2761,5.999999999999993,68
169378,2762,2.9999999999999893,86
169441,2763,5.499999999999995,63
169492,2764,2.799999999999999,51
169559,2765,5.899999999999993,67
169627,2766,5.999999999999993,68
169713,2767,2.9999999999999893,86
169782,2768,6.099999999999994,69
169852,2769,6.199999999999992,70
169921,2770,6.0999999999999925,69
169986,2771,5.099999999999994,65
170050,2772,4.999999999999995,64
170115,2773,4.499999999999995,65
170181,2774,5.199999999999994,66
170244,2775,4.899999999999995,63
170312,2776,5.999999999999993,68
170375,2777,5.499999999999995,63
170438,2778,5.499999999999995,63
170506,2779,5.999999999999993,68
170569,2780,5.499999999999995,63
170630,2781,3.7999999999999954,61
170698,2782,5.999999999999993,68
170767,2783,5.4999999999999964,69
170834,2784,5.899999999999993,67
170900,2785,5.199999999999994,66
170967,2786,5.899999999999993,67
171033,2787,5.799999999999994,66
171096,2788,5.499999999999995,63
171163,2789,4.699999999999996,67
171213,2790,-0.8999999999999986,50
171276,2791,5.499999999999995,63
171338,2792,5.399999999999995,62
171439,2793,7.799999999999983,101
171502,2794,5.499999999999995,63
171571,2795,6.0999999999999925,69
171638,2796,5.899999999999993,67
171704,2797,5.199999999999994,66
171770,2798,5.799999999999994,66
171832,2799,5.399999999999995,62
171894,2800,5.399999999999995,62
171964,2801,6.199999999999992,70
172027,2802,5.499999999999995,63
172090,2803,5.499999999999995,63
172153,2804,5.499999999999995,63
172216,2805,5.499999999999995,63
172279,2806,5.499999999999995,63
172341,2807,5.399999999999995,62
172407,2808,4.599999999999996,66
172469,2809,5.399999999999995,62
172539,2810,5.5999999999999925,70
172602,2811,5.499999999999995,63
172668,2812,5.799999999999994,66
172734,2813,5.799999999999994,66
172797,2814,5.499999999999995,63
172860,2815,5.499999999999995,63
172926,2816,5.199999999999994,66
172995,2817,6.0999999999999925,69
173063,2818,5.999999999999993,68
173130,2819,5.299999999999994,67
173196,2820,5.799999999999994,66
173264,2821,5.999999999999993,68
173326,2822,5.399999999999995,62
173388,2823,4.799999999999995,62
173450,2824,5.399999999999995,62
173519,2825,6.0999999999999925,69
173581,2826,5.399999999999995,62
173644,2827,5.499999999999995,63
173707,2828,5.499999999999995,63
173771,2829,4.999999999999995,64
173833,2830,5.399999999999995,62
173895,2831,5.399999999999995,62
173958,2832,5.499999999999995,63
174021,2833,4.899999999999995,63
174084,2834,5.499999999999995,63
174150,2835,5.799999999999994,66
174213,2836,5.499999999999995,63
174314,2837,5.999999999999984,101
174366,2838,2.8999999999999986,52
174416,2839,2.0999999999999996,50
174486,2840,5.5999999999999925,70
174586,2841,6.499999999999984,100
174636,2842,-0.8999999999999986,50
174700,2843,4.999999999999995,64
174767,2844,5.899999999999993,67
174830,2845,5.499999999999995,63
174900,2846,6.199999999999992,70
174967,2847,5.299999999999994,67
175017,2848,-0.8999999999999986,50
175085,2849,5.999999999999993,68
175146,2850,3.7999999999999954,61
175215,2851,6.0999999999999925,69
175282,2852,5.899999999999993,67
175351,2853,6.0999999999999925,69
175419,2854,5.999999999999993,68
175485,2855,5.199999999999994,66
175552,2856,5.899999999999993,67
175620,2857,5.999999999999993,68
175685,2858,3.3000000000000016,65
175746,2859,3.1999999999999957,61
175816,2860,5.5999999999999925,70
175879,2861,5.499999999999995,63
175942,2862,4.899999999999995,63
176041,2863,8.199999999999983,99
176108,2864,5.899999999999993,67
176171,2865,5.499999999999995,63
176241,2866,5.5999999999999925,70
176309,2867,5.999999999999993,68
176374,2868,3.899999999999995,65
176437,2869,5.499999999999995,63
176504,2870,5.899999999999993,67
176571,2871,5.899999999999993,67
176641,2872,6.199999999999992,70
176709,2873,6.5999999999999925,68
176778,2874,6.0999999999999925,69
176840,2875,5.399999999999995,62
176906,2876,5.199999999999994,66
176969,2877,5.499999999999995,63
177039,2878,6.199999999999994,70
177106,2879,5.899999999999995,67
177175,2880,6.0999999999999925,69
177237,2881,5.399999999999995,62
177299,2882,5.399999999999995,62
177365,2883,5.199999999999994,66
177432,2884,5.899999999999993,67
177498,2885,5.199999999999994,66
177562,2886,4.999999999999995,64
177625,2887,5.499999999999995,63
177693,2888,5.999999999999993,68
177761,2889,5.999999999999993,68
177830,2890,6.0999999999999925,69
177894,2891,4.999999999999995,64
177961,2892,5.899999999999993,67
178026,2893,4.499999999999995,65
178093,2894,5.899999999999993,67
178162,2895,6.0999999999999925,69
178230,2896,5.999999999999993,68
178300,2897,6.199999999999992,70
178368,2898,5.999999999999993,68
178431,2899,4.899999999999997,63
178494,2900,4.299999999999999,63
178561,2901,5.899999999999993,67
178629,2902,5.999999999999993,68
178697,2903,5.999999999999993,68
178761,2904,4.999999999999995,64
178827,2905,5.799999999999994,66
178894,2906,5.899999999999993,67
178962,2907,5.999999999999993,68
179026,2908,4.999999999999995,64
179089,2909,5.499999999999995,63
179152,2910,5.499999999999995,63
179238,2911,2.9999999999999893,86
179294,2912,3.299999999999997,56
179348,2913,2.4999999999999982,54
179416,2914,5.999999999999993,68
179483,2915,5.899999999999993,67
179546,2916,5.499999999999995,63
179614,2917,5.999999999999993,68
179678,2918,4.399999999999995,64
179777,2919,8.199999999999983,99
179846,2920,6.0999999999999925,69
179908,2921,5.399999999999995,62
179976,2922,5.999999999999993,68
180043,2923,5.899999999999993,67
180111,2924,5.999999999999993,68
180178,2925,6.499999999999993,67
180246,2926,5.999999999999993,68
180315,2927,6.0999999999999925,69
180378,2928,5.499999999999995,63
180447,2929,6.0999999999999925,69
180515,2930,5.999999999999993,68
180582,2931,5.899999999999993,67
180648,2932,5.799999999999994,66
180711,2933,4.299999999999999,63
180779,2934,5.999999999999993,68
180846,2935,6.499999999999993,67
180910,2936,2.600000000000003,64
180961,2937,2.1999999999999993,51
181031,2938,6.199999999999992,70
181095,2939,4.999999999999995,64
181163,2940,5.999999999999993,68
181249,2941,2.9999999999999893,86
181317,2942,5.999999999999993,68
181385,2943,5.999999999999993,68
181454,2944,6.0999999999999925,69
181516,2945,5.399999999999995,62
181583,2946,5.899999999999993,67
181653,2947,6.199999999999992,70
181716,2948,5.499999999999995,63
181784,2949,5.999999999999993,68
181851,2950,5.899999999999993,67
181919,2951,5.999999999999993,68
181988,2952,6.0999999999999925,69
182056,2953,5.999999999999993,68
182125,2954,6.0999999999999925,69
182194,2955,6.0999999999999925,69
182257,2956,5.499999999999995,63
182325,2957,5.999999999999993,68
182393,2958,5.399999999999997,68
182463,2959,6.199999999999992,70
182562,2960,6.999999999999984,99
182624,2961,5.399999999999995,62
182692,2962,6.5999999999999925,68
182759,2963,5.899999999999993,67
182827,2964,5.999999999999993,68
182879,2965,2.8999999999999986,52
182945,2966,5.799999999999994,66
182997,2967,2.8999999999999986,52
183067,2968,6.199999999999992,70
183134,2969,5.899999999999993,67
183197,2970,5.499999999999995,63
183250,2971,2.3999999999999986,53
183318,2972,5.399999999999993,68
183386,2973,5.999999999999993,68
183451,2974,4.499999999999995,65
183519,2975,5.999999999999993,68
183582,2976,5.499999999999995,63
183652,2977,6.199999999999992,70
183719,2978,5.899999999999993,67
183789,2979,6.199999999999992,70
183893,2980,6.899999999999983,104
183961,2981,5.999999999999993,68
184031,2982,6.199999999999992,70
184117,2983,4.799999999999988,86
184185,2984,5.999999999999993,68
184248,2985,4.899999999999995,63
184317,2986,5.4999999999999964,69
184383,2987,5.799999999999994,66
184452,2988,6.0999999999999925,69
184522,2989,6.199999999999992,70
184590,2990,5.999999999999993,68
184658,2991,5.399999999999995,68
184725,2992,5.899999999999993,67
184811,2993,2.9999999999999893,86
184877,2994,5.199999999999994,66
184945,2995,5.999999999999993,68
185013,2996,5.999999999999993,68
185077,2997,4.999999999999995,64
185142,2998,3.9000000000000012,65
185208,2999,5.199999999999994,66
185276,3000,5.999999999999993,68
185344,3001,5.999999999999993,68
185412,3002,5.399999999999993,68
185481,3003,6.0999999999999925,69
185549,3004,5.999999999999993,68
185619,3005,6.199999999999992,70
185687,3006,5.999999999999993,68
185757,3007,6.199999999999992,70
185825,3008,5.999999999999993,68
185892,3009,5.899999999999993,67
185962,3010,6.199999999999992,70
186060,3011,6.299999999999985,98
186130,3012,6.199999999999992,70
186200,3013,4.399999999999997,70
186268,3014,5.999999999999993,68
186337,3015,6.0999999999999925,69
186400,3016,4.899999999999997,63
186468,3017,5.999999999999993,68
186534,3018,5.199999999999994,66
186603,3019,6.0999999999999925,69
186670,3020,5.899999999999993,67
186738,3021,5.999999999999993,68
186806,3022,5.399999999999993,68
186875,3023,6.0999999999999925,69
186943,3024,6.5999999999999925,68
187009,3025,5.799999999999994,66
187070,3026,3.7999999999999954,61
187136,3027,5.799999999999994,66
187205,3028,6.0999999999999925,69
187273,3029,5.399999999999993,68
187374,3030,7.799999999999983,101
187442,3031,6.5999999999999925,68
187510,3032,5.999999999999993,68
187576,3033,5.799999999999994,66
187645,3034,6.0999999999999925,69
187714,3035,6.0999999999999925,69
187783,3036,6.0999999999999925,69
187847,3037,3.8000000000000016,64
187915,3038,5.399999999999993,68
187983,3039,5.999999999999993,68
188069,3040,2.9999999999999893,86
188139,3041,6.199999999999992,70
188209,3042,6.199999999999992,70
188278,3043,5.4999999999999964,69
188379,3044,7.799999999999983,101
188478,3045,7.599999999999984,99
188546,3046,5.999999999999993,68
188614,3047,6.5999999999999925,68
188684,3048,6.199999999999992,70
188752,3049,6.5999999999999925,68
188820,3050,5.999999999999993,68
188889,3051,6.0999999999999925,69
188957,3052,5.999999999999993,68
189026,3053,6.0999999999999925,69
189095,3054,6.0999999999999925,69
189163,3055,5.999999999999993,68
189231,3056,5.999999999999993,68
189298,3057,5.899999999999993,67
189364,3058,5.199999999999994,66
189433,3059,6.0999999999999925,69
189502,3060,6.699999999999992,69
189569,3061,5.899999999999993,67
189633,3062,4.999999999999995,64
189700,3063,6.499999999999993,67
189768,3064,5.999999999999993,68
189836,3065,5.999999999999993,68
189903,3066,6.499999999999993,67
189972,3067,6.0999999999999925,69
190035,3068,5.499999999999995,63
190104,3069,6.699999999999992,69
190172,3070,6.5999999999999925,68
190241,3071,6.699999999999992,69
190307,3072,4.599999999999994,66
190375,3073,5.999999999999993,68
190443,3074,6.5999999999999925,68
190512,3075,6.699999999999992,69
190582,3076,5.5999999999999925,70
190683,3077,8.399999999999983,101
190752,3078,6.699999999999992,69
190819,3079,5.899999999999993,67
190884,3080,3.3000000000000016,65
190951,3081,5.899999999999993,67
191021,3082,6.199999999999992,70
191089,3083,5.999999999999993,68
191158,3084,6.0999999999999925,69
191225,3085,5.899999999999993,67
191289,3086,3.8000000000000016,64
191358,3087,6.699999999999992,69
191459,3088,7.799999999999983,101
191527,3089,6.5999999999999925,68
191628,3090,4.799999999999985,101
191696,3091,4.1999999999999975,68
191765,3092,6.0999999999999925,69
191866,3093,7.199999999999983,101
191934,3094,5.999999999999993,68
192002,3095,5.999999999999993,68
192071,3096,6.699999999999992,69
192135,3097,4.999999999999995,64
192221,3098,2.3999999999999897,86
192287,3099,5.199999999999994,66
192356,3100,6.699999999999992,69
192424,3101,5.399999999999997,68
192492,3102,5.999999999999993,68
192560,3103,5.999999999999993,68
192628,3104,6.5999999999999925,68
192696,3105,5.999999999999993,68
192763,3106,5.899999999999993,67
192832,3107,6.0999999999999925,69
192901,3108,6.0999999999999925,69
192970,3109,6.0999999999999925,69
193038,3110,5.999999999999993,68
193138,3111,6.499999999999984,100
193207,3112,6.0999999999999925,69
193275,3113,5.999999999999993,68
193343,3114,5.999999999999993,68
193411,3115,6.5999999999999925,68
193497,3116,2.3999999999999897,86
193566,3117,3.6999999999999975,69
193636,3118,6.199999999999992,70
193704,3119,5.999999999999993,68
193771,3120,5.899999999999993,67
193834,3121,4.299999999999995,63
193902,3122,6.5999999999999925,68
193970,3123,5.999999999999993,68
194038,3124,5.999999999999993,68
194106,3125,5.999999999999993,68
194174,3126,5.399999999999993,68
194244,3127,6.799999999999992,70
194312,3128,3.599999999999997,68
194379,3129,3.4999999999999973,67
194447,3130,5.999999999999995,68
194516,3131,6.699999999999992,69
194586,3132,6.199999999999992,70
194653,3133,6.499999999999993,67
194721,3134,5.999999999999993,68
194790,3135,6.0999999999999925,69
194859,3136,6.0999999999999925,69
194923,3137,4.399999999999997,64
194991,3138,5.999999999999993,68
195057,3139,5.799999999999994,66
195127,3140,6.199999999999992,70
195194,3141,5.899999999999993,67
195263,3142,6.699999999999992,69
195330,3143,5.299999999999994,67
195394,3144,2.5999999999999988,64
195461,3145,6.499999999999993,67
195529,3146,6.5999999999999925,68
195596,3147,5.299999999999994,67
195666,3148,6.199999999999992,70
195734,3149,5.399999999999993,68
195835,3150,5.999999999999984,101
195903,3151,6.5999999999999925,68
195972,3152,6.0999999999999925,69
196041,3153,6.0999999999999925,69
196110,3154,6.699999999999992,69
196178,3155,5.999999999999993,68
196246,3156,5.999999999999993,68
196314,3157,5.999999999999993,68
196384,3158,3.8,70
196452,3159,6.5999999999999925,68
196521,3160,6.0999999999999925,69
196590,3161,6.0999999999999925,69
196658,3162,5.999999999999993,68
196728,3163,5.5999999999999925,70
196798,3164,6.199999999999992,70
196903,3165,8.199999999999982,105
197004,3166,7.799999999999983,101
197073,3167,6.699999999999992,69
197141,3168,5.999999999999993,68
197211,3169,6.199999999999992,70
197277,3170,5.799999999999994,66
197346,3171,6.0999999999999925,69
197415,3172,6.699999999999992,69
197484,3173,6.0999999999999925,69
197551,3174,5.899999999999993,67
197620,3175,6.0999999999999925,69
197690,3176,4.999999999999993,70
197794,3177,7.499999999999982,104
197864,3178,6.199999999999992,70
197933,3179,6.699999999999992,69
198039,3180,8.299999999999981,106
198109,3181,6.199999999999992,70
198177,3182,5.999999999999993,68
198246,3183,6.0999999999999925,69
198316,3184,6.199999999999992,70
198382,3185,5.199999999999994,66
198482,3186,6.499999999999984,100
198568,3187,2.3999999999999897,86
198637,3188,6.699999999999992,69
198706,3189,6.0999999999999925,69
198774,3190,6.5999999999999925,68
198860,3191,2.9999999999999893,86
198946,3192,2.9999999999999893,86
199015,3193,6.0999999999999925,69
199084,3194,6.699999999999992,69
199185,3195,5.999999999999984,101
199254,3196,6.0999999999999925,69
199355,3197,5.999999999999984,101
199423,3198,5.399999999999993,68
199493,3199,6.799999999999992,70
199593,3200,7.099999999999984,100
199662,3201,6.0999999999999925,69
199730,3202,6.5999999999999925,68
199794,3203,2.5999999999999988,64
199916,3204,5.699999999999978,122
199985,3205,6.0999999999999925,69
200054,3206,6.0999999999999925,69
200123,3207,6.0999999999999925,69
200193,3208,6.199999999999992,70
200279,3209,2.9999999999999893,86
200348,3210,6.0999999999999925,69
200417,3211,6.699999999999992,69
200518,3212,7.799999999999983,101
200619,3213,7.799999999999983,101
200683,3214,4.999999999999995,64
200750,3215,5.899999999999993,67
200818,3216,6.5999999999999925,68
200922,3217,8.099999999999982,104
200990,3218,5.999999999999993,68
201090,3219,6.499999999999984,100
201159,3220,6.699999999999992,69
201265,3221,9.49999999999998,106
201332,3222,5.899999999999993,67
201400,3223,5.999999999999993,68
201468,3224,5.999999999999993,68
201536,3225,5.999999999999993,68
201604,3226,5.999999999999993,68
201673,3227,6.699999999999992,69
201773,3228,6.499999999999984,100
201859,3229,2.9999999999999893,86
201928,3230,3.6999999999999966,69
201997,3231,6.699999999999992,69
202066,3232,6.0999999999999925,69
202167,3233,6.599999999999984,101
202236,3234,6.0999999999999925,69
202304,3235,5.999999999999993,68
202409,3236,8.199999999999982,105
202479,3237,6.199999999999994,70
202549,3238,6.799999999999992,70
202650,3239,6.599999999999984,101
202717,3240,6.499999999999993,67
202786,3241,6.099999999999994,69
202855,3242,6.699999999999992,69
202916,3243,3.7999999999999954,61
202976,3244,3.6999999999999957,60
203045,3245,6.0999999999999925,69
203101,3246,3.299999999999997,56
203170,3247,6.699999999999992,69
203256,3248,2.3999999999999897,86
203342,3249,2.9999999999999893,86
203403,3250,3.7999999999999954,61
203472,3251,6.0999999999999925,69
203539,3252,4.699999999999994,67
203608,3253,6.0999999999999925,69
203713,3254,9.39999999999998,105
203780,3255,5.899999999999993,67
203843,3256,5.499999999999995,63
203911,3257,5.999999999999993,68
203980,3258,6.0999999999999925,69
204048,3259,5.999999999999993,68
204118,3260,6.199999999999992,70
204187,3261,5.499999999999993,69
204255,3262,5.999999999999993,68
204324,3263,6.699999999999992,69
204393,3264,5.499999999999993,69
204461,3265,5.999999999999993,68
204529,3266,5.999999999999993,68
204597,3267,5.999999999999993,68
204666,3268,5.499999999999993,69
204736,3269,6.199999999999992,70
204806,3270,6.199999999999992,70
204875,3271,6.699999999999992,69
204939,3272,4.999999999999995,64
205007,3273,6.5999999999999925,68
205076,3274,6.0999999999999925,69
205146,3275,6.199999999999992,70
205215,3276,6.0999999999999925,69
205283,3277,5.999999999999993,68
205351,3278,5.999999999999993,68
205418,3279,6.499999999999993,67
205483,3280,5.099999999999994,65
205551,3281,5.999999999999993,68
205637,3282,2.9999999999999893,86
205723,3283,2.3999999999999897,86
205791,3284,5.999999999999993,68
205858,3285,5.899999999999993,67
205928,3286,6.799999999999992,70
205996,3287,5.999999999999993,68
206101,3288,9.39999999999998,105
206170,3289,6.0999999999999925,69
206239,3290,6.099999999999994,69
206309,3291,6.199999999999992,70
206374,3292,4.499999999999995,65
206441,3293,5.299999999999994,67
206510,3294,6.0999999999999925,69
206579,3295,6.0999999999999925,69
206649,3296,6.199999999999992,70
206718,3297,5.499999999999993,69
206786,3298,5.999999999999993,68
206852,3299,5.799999999999994,66
206919,3300,5.299999999999997,67
206988,3301,6.699999999999992,69
207056,3302,5.999999999999993,68
207125,3303,6.0999999999999925,69
207211,3304,2.9999999999999893,86
207279,3305,5.999999999999993,68
207346,3306,5.899999999999993,67
207432,3307,2.3999999999999897,86
207500,3308,5.999999999999993,68
207603,3309,9.199999999999982,103
207672,3310,6.0999999999999925,69
207742,3311,6.199999999999992,70
207796,3312,2.4999999999999982,54
207864,3313,6.5999999999999925,68
207933,3314,6.0999999999999925,69
208002,3315,5.4999999999999964,69
208070,3316,5.999999999999993,68
208139,3317,6.699999999999992,69
208243,3318,6.299999999999983,104
208312,3319,6.699999999999992,69
208379,3320,6.499999999999993,67
208447,3321,6.5999999999999925,68
208500,3322,2.3999999999999986,53
208568,3323,5.999999999999993,68
208638,3324,6.199999999999992,70
208691,3325,2.9999999999999982,53
208758,3326,6.499999999999993,67
208826,3327,5.999999999999995,68
208895,3328,4.299999999999997,69
208964,3329,6.0999999999999925,69
209032,3330,5.999999999999993,68
209102,3331,6.199999999999992,70
209170,3332,5.999999999999993,68
209239,3333,6.0999999999999925,69
209308,3334,6.0999999999999925,69
209376,3335,5.999999999999993,68
209444,3336,5.999999999999993,68
209513,3337,6.0999999999999925,69
209580,3338,5.299999999999994,67
209650,3339,6.799999999999992,70
209719,3340,6.0999999999999925,69
209788,3341,6.699999999999992,69
209857,3342,6.699999999999992,69
209943,3343,2.3999999999999932,86
210011,3344,5.999999999999993,68
210078,3345,5.899999999999993,67
210146,3346,5.999999999999993,68
210216,3347,4.999999999999993,70
210282,3348,5.199999999999994,66
210368,3349,1.79999999999999,86
210434,3350,4.599999999999994,66
210504,3351,6.199999999999992,70
210574,3352,6.199999999999992,70
210660,3353,3.599999999999989,86
210730,3354,6.199999999999992,70
210800,3355,6.199999999999992,70
210868,3356,5.999999999999993,68
210930,3357,4.799999999999995,62
210998,3358,5.999999999999993,68
211065,3359,6.499999999999993,67
211130,3360,3.899999999999995,65
211197,3361,5.899999999999993,67
211266,3362,6.699999999999992,69
211334,3363,5.999999999999993,68
211401,3364,5.899999999999993,67
211466,3365,5.099999999999994,65
211533,3366,5.899999999999993,67
211598,3367,5.099999999999994,65
211667,3368,6.0999999999999925,69
211735,3369,5.999999999999993,68
211802,3370,6.499999999999993,67
211868,3371,5.799999999999994,66
211936,3372,5.999999999999993,68
212003,3373,5.899999999999993,67
212071,3374,5.999999999999993,68
212140,3375,6.0999999999999925,69
212208,3376,5.999999999999993,68
212275,3377,5.899999999999993,67
212342,3378,5.299999999999994,67
212410,3379,6.5999999999999925,68
212477,3380,5.899999999999993,67
212546,3381,6.0999999999999925,69
212615,3382,6.699999999999992,69
212685,3383,6.199999999999992,70
212754,3384,6.0999999999999925,69
212823,3385,6.0999999999999925,69
212891,3386,4.200000000000001,68
212960,3387,6.699999999999992,69
213029,3388,6.699999999999992,69
213095,3389,5.799999999999994,66
213145,3390,2.6999999999999993,50
213234,3391,5.099999999999987,89
213303,3392,6.0999999999999925,69
213372,3393,6.699999999999992,69
213441,3394,6.0999999999999925,69
213510,3395,6.699999999999992,69
213562,3396,2.8999999999999986,52
213630,3397,5.999999999999993,68
213683,3398,2.9999999999999982,53
213751,3399,6.5999999999999925,68
213837,3400,2.9999999999999893,86
213890,3401,2.9999999999999982,53
213959,3402,6.0999999999999925,69
214027,3403,5.999999999999993,68
214091,3404,4.999999999999995,64
214159,3405,5.999999999999993,68
214228,3406,6.0999999999999925,69
214314,3407,2.9999999999999893,86
214413,3408,5.199999999999985,99
214482,3409,6.0999999999999925,69
214551,3410,6.0999999999999925,69
214619,3411,5.999999999999995,68
214686,3412,4.699999999999994,67
214755,3413,6.0999999999999925,69
214823,3414,5.999999999999993,68
214891,3415,5.399999999999997,68
214960,3416,6.099999999999994,69
215029,3417,6.0999999999999925,69
215115,3418,2.9999999999999893,86
215183,3419,5.999999999999993,68
215253,3420,6.199999999999992,70
215321,3421,6.5999999999999925,68
215390,3422,6.0999999999999925,69
215476,3423,2.9999999999999893,86
215544,3424,6.5999999999999925,68
215611,3425,5.299999999999994,67
215680,3426,6.0999999999999925,69
215750,3427,6.199999999999992,70
215836,3428,2.3999999999999897,86
215905,3429,6.0999999999999925,69
215958,3430,2.9999999999999982,53
216044,3431,2.3999999999999897,86
216111,3432,6.499999999999993,67
216180,3433,6.0999999999999925,69
216241,3434,3.7999999999999954,61
216303,3435,5.399999999999995,62
216373,3436,6.199999999999992,70
216442,3437,6.0999999999999925,69
216510,3438,5.999999999999993,68
216575,3439,5.099999999999994,65
216661,3440,2.3999999999999897,86
216714,3441,2.3999999999999986,53
216775,3442,3.7999999999999954,61
216842,3443,6.499999999999993,67
216911,3444,6.0999999999999925,69
216980,3445,6.0999999999999925,69
217049,3446,6.0999999999999925,69
217118,3447,5.499999999999995,69
217204,3448,2.9999999999999893,86
217274,3449,6.799999999999992,70
217342,3450,5.999999999999993,68
217409,3451,5.899999999999993,67
217478,3452,6.0999999999999925,69
217547,3453,6.0999999999999925,69
217617,3454,6.199999999999992,70
217685,3455,6.5999999999999925,68
217738,3456,2.9999999999999982,53
217824,3457,2.9999999999999893,86
217892,3458,5.999999999999993,68
217959,3459,5.899999999999993,67
218028,3460,6.0999999999999925,69
218096,3461,5.999999999999993,68
218162,3462,5.199999999999994,66
218232,3463,6.199999999999992,70
218300,3464,5.999999999999993,68
218362,3465,5.399999999999995,62
218448,3466,2.9999999999999893,86
218518,3467,4.999999999999999,70
218587,3468,6.0999999999999925,69
218655,3469,5.999999999999993,68
218724,3470,6.0999999999999925,69
218791,3471,5.899999999999993,67
218860,3472,6.699999999999992,69
218928,3473,5.999999999999993,68
218996,3474,5.399999999999997,68
219063,3475,6.499999999999993,67
219130,3476,6.499999999999993,67
219198,3477,6.5999999999999925,68
219259,3478,3.7999999999999954,61
219327,3479,5.999999999999993,68
219395,3480,5.999999999999993,68
219463,3481,5.999999999999993,68
219531,3482,6.5999999999999925,68
219600,3483,6.0999999999999925,69
219669,3484,5.4999999999999964,69
219733,3485,4.999999999999995,64
219803,3486,6.199999999999992,70
219873,3487,5.599999999999996,70
219934,3488,3.1999999999999957,61
220038,3489,8.099999999999982,104
220105,3490,5.899999999999993,67
220175,3491,6.199999999999992,70
220244,3492,6.099999999999994,69
220313,3493,6.699999999999992,69
220383,3494,5.599999999999996,70
220452,3495,6.699999999999992,69
220520,3496,5.399999999999997,68
220589,3497,4.899999999999993,69
220658,3498,6.0999999999999925,69
220744,3499,2.9999999999999893,86
220812,3500,5.399999999999997,68
220880,3501,5.399999999999997,68
220949,3502,6.0999999999999925,69
221018,3503,6.0999999999999925,69
221087,3504,6.0999999999999925,69
221155,3505,5.999999999999993,68
221223,3506,5.999999999999993,68
221289,3507,5.199999999999994,66
221359,3508,6.199999999999992,70
221445,3509,2.9999999999999893,86
221512,3510,5.899999999999993,67
221581,3511,6.0999999999999925,69
221650,3512,6.0999999999999925,69
221719,3513,6.0999999999999925,69
221788,3514,6.0999999999999925,69
221857,3515,6.0999999999999925,69
221943,3516,2.9999999999999893,86
222011,3517,6.5999999999999925,68
222079,3518,5.999999999999993,68
222143,3519,4.999999999999995,64
222208,3520,4.499999999999995,65
222277,3521,6.0999999999999925,69
222345,3522,6.5999999999999925,68
222414,3523,6.699999999999992,69
222482,3524,5.399999999999997,68
222550,3525,5.999999999999993,68
222618,3526,6.5999999999999925,68
222686,3527,5.999999999999993,68
222755,3528,6.0999999999999925,69
222825,3529,6.199999999999992,70
222895,3530,6.799999999999992,70
222963,3531,5.399999999999997,68
223085,3532,4.499999999999979,122
223154,3533,6.699999999999992,69
223223,3534,6.0999999999999925,69
223273,3535,-0.8999999999999986,50
223343,3536,6.199999999999992,70
223410,3537,5.899999999999993,67
223496,3538,3.599999999999989,86
223565,3539,6.0999999999999925,69
223633,3540,5.999999999999993,68
223703,3541,6.199999999999994,70
223754,3542,2.799999999999999,51
223824,3543,6.199999999999992,70
223893,3544,6.0999999999999925,69
223961,3545,6.5999999999999925,68
224029,3546,5.999999999999993,68
224080,3547,2.799999999999999,51
224145,3548,2.700000000000003,65
224215,3549,6.199999999999992,70
224284,3550,6.0999999999999925,69
224348,3551,4.399999999999997,64
224417,3552,6.0999999999999925,69
224484,3553,5.299999999999994,67
224553,3554,6.699999999999992,69
224620,3555,5.899999999999993,67
224690,3556,6.199999999999992,70
224758,3557,6.5999999999999925,68
224828,3558,6.199999999999992,70
224883,3559,2.599999999999998,55
224984,3560,7.199999999999983,101
225053,3561,6.0999999999999925,69
225122,3562,6.0999999999999925,69
225191,3563,6.0999999999999925,69
225258,3564,5.299999999999994,67
225328,3565,5.5999999999999925,70
225396,3566,6.5999999999999925,68
225465,3567,6.0999999999999925,69
225535,3568,6.199999999999992,70
225605,3569,6.199999999999992,70
225672,3570,6.499999999999993,67
225741,3571,6.0999999999999925,69
225809,3572,5.999999999999993,68
225877,3573,5.999999999999993,68
225963,3574,2.9999999999999893,86
226033,3575,6.199999999999992,70
226102,3576,6.0999999999999925,69
226171,3577,6.0999999999999925,69
226239,3578,5.399999999999993,68
226308,3579,6.699999999999992,69
226375,3580,5.899999999999993,67
226444,3581,6.0999999999999925,69
226513,3582,6.0999999999999925,69
226582,3583,6.0999999999999925,69
226651,3584,6.699999999999992,69
226713,3585,5.399999999999995,62
226782,3586,5.4999999999999964,69
226851,3587,5.499999999999993,69
226937,3588,2.9999999999999893,86
227005,3589,5.999999999999993,68
227075,3590,6.199999999999992,70
227142,3591,5.899999999999993,67
227210,3592,6.5999999999999925,68
227280,3593,6.199999999999992,70
227349,3594,6.699999999999992,69
227418,3595,6.699999999999992,69
227488,3596,6.199999999999992,70
227549,3597,3.7999999999999954,61
227617,3598,5.999999999999993,68
227685,3599,5.999999999999993,68
227753,3600,5.999999999999993,68
227823,3601,6.199999999999992,70
227909,3602,2.9999999999999893,86
227979,3603,6.199999999999994,70
228048,3604,5.4999999999999964,69
228116,3605,6.5999999999999925,68
228185,3606,6.699999999999992,69
228252,3607,5.899999999999993,67
228320,3608,5.999999999999993,68
228370,3609,-0.8999999999999986,50
228436,3610,5.199999999999994,66
228506,3611,4.399999999999997,70
228574,3612,5.999999999999993,68
228643,3613,5.499999999999993,69
228710,3614,5.899999999999993,67
228776,3615,5.799999999999994,66
228845,3616,6.699999999999992,69
228915,3617,6.799999999999992,70
228984,3618,6.0999999999999925,69
229070,3619,3.599999999999989,86
229138,3620,5.999999999999993,68
229201,3621,5.499999999999995,63
229271,3622,6.199999999999992,70
229341,3623,6.199999999999992,70
229410,3624,6.0999999999999925,69
229479,3625,6.0999999999999925,69
229547,3626,5.999999999999993,68
229615,3627,5.399999999999997,68
229683,3628,6.5999999999999925,68
229750,3629,6.499999999999993,67
229819,3630,6.699999999999992,69
229886,3631,5.899999999999993,67
229954,3632,6.5999999999999925,68
230022,3633,6.5999999999999925,68
230078,3634,1.5000000000000022,56
230145,3635,6.499999999999993,67
230212,3636,6.499999999999993,67
230278,3637,5.799999999999994,66
230339,3638,3.7999999999999954,61
230400,3639,3.7999999999999954,61
230469,3640,6.0999999999999925,69
230534,3641,3.3000000000000016,65
230603,3642,6.0999999999999925,69
230673,3643,6.199999999999992,70
230742,3644,6.699999999999992,69
230810,3645,4.799999999999994,68
230879,3646,6.0999999999999925,69
230948,3647,6.0999999999999925,69
231018,3648,6.199999999999992,70
231088,3649,6.199999999999992,70
231158,3650,6.199999999999992,70
231227,3651,6.699999999999992,69
231297,3652,6.799999999999992,70
231366,3653,6.699999999999992,69
231434,3654,5.399999999999997,68
231504,3655,6.799999999999992,70
231605,3656,7.799999999999983,101
231675,3657,5.599999999999996,70
231743,3658,6.5999999999999925,68
231813,3659,6.199999999999992,70
231882,3660,6.699999999999992,69
231968,3661,2.3999999999999932,86
232035,3662,2.3000000000000025,67
232121,3663,1.7999999999999936,86
232191,3664,6.199999999999992,70
232259,3665,5.999999999999993,68
232329,3666,6.199999999999992,70
232399,3667,6.799999999999992,70
232468,3668,6.699999999999992,69
232536,3669,6.5999999999999925,68
232606,3670,4.999999999999993,70
232673,3671,6.499999999999993,67
232743,3672,6.199999999999992,70
232813,3673,6.799999999999992,70
232882,3674,6.0999999999999925,69
232949,3675,5.899999999999993,67
233017,3676,6.5999999999999925,68
233085,3677,5.999999999999993,68
233154,3678,6.699999999999992,69
233224,3679,5.5999999999999925,70
233292,3680,5.999999999999993,68
233358,3681,5.799999999999994,66
233428,3682,6.799999999999992,70
233498,3683,6.199999999999992,70
233566,3684,5.999999999999993,68
233635,3685,4.3,69
233739,3686,8.099999999999982,104
233800,3687,3.7999999999999954,61
233869,3688,6.0999999999999925,69
233938,3689,6.699999999999992,69
234024,3690,2.9999999999999893,86
234093,3691,6.099999999999994,69
234163,3692,6.199999999999992,70
234232,3693,6.0999999999999925,69
234318,3694,2.9999999999999893,86
234388,3695,4.999999999999995,70
234452,3696,4.399999999999997,64
234522,3697,6.199999999999992,70
234591,3698,6.0999999999999925,69
234659,3699,5.999999999999993,68
234728,3700,6.699999999999992,69
234797,3701,5.499999999999993,69
234864,3702,5.899999999999993,67
234931,3703,5.899999999999993,67
235001,3704,6.199999999999992,70
235071,3705,6.199999999999992,70
235135,3706,4.399999999999997,64
235204,3707,6.0999999999999925,69
235273,3708,6.0999999999999925,69
235341,3709,6.5999999999999925,68
235427,3710,2.9999999999999893,86
235533,3711,7.6999999999999815,106
235600,3712,6.499999999999993,67
235664,3713,4.999999999999995,64
235731,3714,5.899999999999993,67
235798,3715,5.899999999999993,67
235868,3716,6.199999999999992,70
235936,3717,5.399999999999993,68
235988,3718,2.8999999999999986,52
236057,3719,6.699999999999992,69
236125,3720,5.999999999999993,68
236195,3721,6.199999999999992,70
236263,3722,6.5999999999999925,68
236331,3723,6.5999999999999925,68
236400,3724,6.699999999999992,69
236467,3725,6.499999999999993,67
236589,3726,5.099999999999978,122
236693,3727,8.099999999999982,104
236763,3728,6.799999999999992,70
236831,3729,5.999999999999993,68
236898,3730,6.499999999999993,67
236968,3731,6.199999999999992,70
237035,3732,5.899999999999993,67
237098,3733,5.499999999999995,63
237166,3734,5.999999999999993,68
237230,3735,2.600000000000003,64
237297,3736,5.899999999999993,67
237360,3737,5.499999999999995,63
237430,3738,6.199999999999992,70
237499,3739,6.0999999999999925,69
237567,3740,6.5999999999999925,68
237637,3741,6.199999999999992,70
237707,3742,6.799999999999992,70
237773,3743,5.199999999999994,66
237835,3744,5.399999999999995,62
237901,3745,5.799999999999994,66
237968,3746,5.899999999999993,67
238037,3747,6.699999999999992,69
238098,3748,3.7999999999999954,61
238168,3749,6.799999999999992,70
238234,3750,5.799999999999994,66
238287,3751,2.9999999999999982,53
238388,3752,7.799999999999983,101
238457,3753,6.699999999999992,69
238518,3754,3.7999999999999954,61
238587,3755,6.0999999999999925,69
238654,3756,5.899999999999995,67
238721,3757,6.499999999999993,67
238787,3758,5.199999999999994,66
238855,3759,5.999999999999993,68
238923,3760,6.5999999999999925,68
238989,3761,5.799999999999994,66
239058,3762,5.4999999999999964,69
239125,3763,5.899999999999993,67
239191,3764,5.799999999999994,66
239258,3765,6.499999999999993,67
239326,3766,5.999999999999993,68
239395,3767,6.699999999999992,69
239463,3768,5.999999999999993,68
239528,3769,5.099999999999994,65
239595,3770,5.899999999999995,67
239658,3771,5.499999999999995,63
239761,3772,8.599999999999985,103
239829,3773,5.999999999999993,68
239897,3774,5.999999999999993,68
239966,3775,6.0999999999999925,69
240052,3776,2.9999999999999893,86
240120,3777,6.5999999999999925,68
240188,3778,5.999999999999995,68
240257,3779,6.0999999999999925,69
240323,3780,5.799999999999994,66
240392,3781,6.0999999999999925,69
240458,3782,5.799999999999994,66
240525,3783,6.499999999999993,67
240591,3784,5.799999999999994,66
240660,3785,6.699999999999992,69
240725,3786,5.099999999999994,65
240792,3787,6.499999999999993,67
240859,3788,5.299999999999997,67
240926,3789,4.1000000000000005,67
240995,3790,6.0999999999999925,69
241065,3791,5.599999999999996,70
241133,3792,4.8,68
241201,3793,6.5999999999999925,68
241267,3794,5.199999999999994,66
241335,3795,6.5999999999999925,68
241400,3796,3.3000000000000016,65
241469,3797,6.0999999999999925,69
241538,3798,6.0999999999999925,69
241602,3799,3.200000000000002,64
241670,3800,5.999999999999993,68
241756,3801,2.9999999999999893,86
241824,3802,5.999999999999993,68
241893,3803,6.0999999999999925,69
241963,3804,6.199999999999992,70
242032,3805,6.0999999999999925,69
242095,3806,1.9000000000000012,63
242164,3807,6.0999999999999925,69
242226,3808,5.399999999999995,62
242295,3809,6.0999999999999925,69
242364,3810,6.699999999999992,69
242450,3811,2.9999999999999956,86
242518,3812,5.999999999999993,68
242586,3813,5.999999999999993,68
242656,3814,6.799999999999992,70
242725,3815,6.0999999999999925,69
242793,3816,5.999999999999993,68
242862,3817,6.699999999999992,69
242930,3818,5.999999999999993,68
243000,3819,6.199999999999992,70
243070,3820,6.199999999999992,70
243138,3821,5.999999999999993,68
243201,3822,5.499999999999995,63
243270,3823,6.0999999999999925,69
243339,3824,6.699999999999992,69
243408,3825,6.0999999999999925,69
243494,3826,2.9999999999999893,86
243562,3827,6.5999999999999925,68
243632,3828,6.199999999999992,70
243701,3829,6.0999999999999925,69
243764,3830,5.499999999999995,63
243832,3831,6.5999999999999925,68
243899,3832,6.499999999999993,67
243966,3833,6.499999999999993,67
244033,3834,5.899999999999993,67
244103,3835,6.199999999999992,70
244163,3836,3.099999999999996,60
244231,3837,5.999999999999993,68
244300,3838,6.0999999999999925,69
244368,3839,5.999999999999993,68
244436,3840,5.999999999999993,68
244505,3841,6.0999999999999925,69
244571,3842,5.199999999999994,66
244637,3843,5.799999999999994,66
244707,3844,6.799999999999992,70
244777,3845,6.199999999999992,70
244845,3846,5.999999999999993,68
244913,3847,6.5999999999999925,68
244981,3848,5.999999999999993,68
245049,3849,5.999999999999993,68
245117,3850,6.5999999999999925,68
245183,3851,5.799999999999994,66
245250,3852,5.899999999999993,67
245318,3853,5.999999999999993,68
245386,3854,5.999999999999993,68
245449,3855,5.499999999999995,63
245519,3856,6.799999999999992,70
245588,3857,6.0999999999999925,69
245656,3858,5.999999999999993,68
245725,3859,6.0999999999999925,69
245792,3860,5.899999999999993,67
245859,3861,5.299999999999995,67
245927,3862,6.5999999999999925,68
245994,3863,5.899999999999995,67
246062,3864,5.999999999999993,68
246130,3865,6.5999999999999925,68
246198,3866,6.5999999999999925,68
246267,3867,5.4999999999999964,69
246336,3868,6.0999999999999925,69
246403,3869,5.899999999999993,67
246471,3870,6.5999999999999925,68
246538,3871,6.499999999999993,67
246605,3872,5.899999999999993,67
246675,3873,6.199999999999992,70
246744,3874,6.699999999999992,69
246812,3875,5.999999999999995,68
246881,3876,6.0999999999999925,69
246950,3877,6.0999999999999925,69
247019,3878,6.699999999999992,69
247089,3879,6.799999999999992,70
247156,3880,5.299999999999994,67
247224,3881,5.399999999999997,68
247292,3882,5.399999999999994,68
247360,3883,5.399999999999997,68
247429,3884,6.699999999999992,69
247498,3885,6.699999999999992,69
247565,3886,5.899999999999993,67
247634,3887,6.699999999999992,69
247702,3888,5.999999999999993,68
247769,3889,6.499999999999993,67
247838,3890,6.0999999999999925,69
247906,3891,6.5999999999999925,68
247974,3892,5.399999999999993,68
248043,3893,6.699999999999992,69
248111,3894,5.399999999999993,68
248178,3895,6.499999999999993,67
248248,3896,6.199999999999992,70
248318,3897,6.199999999999992,70
248387,3898,6.0999999999999925,69
248455,3899,6.5999999999999925,68
248522,3900,5.899999999999993,67
248591,3901,6.699999999999992,69
248659,3902,5.999999999999993,68
248727,3903,5.999999999999993,68
248796,3904,6.0999999999999925,69
248882,3905,2.999999999999991,86
248952,3906,6.199999999999992,70
249020,3907,6.5999999999999925,68
249088,3908,6.5999999999999925,68
249154,3909,5.199999999999994,66
249224,3910,6.799999999999992,70
249293,3911,6.0999999999999925,69
249363,3912,6.199999999999992,70
249431,3913,5.999999999999993,68
249499,3914,5.999999999999993,68
249567,3915,5.999999999999993,68
249636,3916,6.0999999999999925,69
249706,3917,6.799999999999992,70
249776,3918,4.399999999999997,70
249843,3919,6.499999999999993,67
249944,3920,7.799999999999983,101
250013,3921,6.699999999999992,69
250082,3922,6.699999999999992,69
250152,3923,6.199999999999992,70
250221,3924,6.699999999999992,69
250290,3925,6.699999999999992,69
250357,3926,5.899999999999993,67
250423,3927,5.799999999999994,66
250491,3928,6.5999999999999925,68
250560,3929,6.0999999999999925,69
250627,3930,6.499999999999993,67
250696,3931,6.0999999999999925,69
250765,3932,6.0999999999999925,69
250835,3933,6.199999999999992,70
250904,3934,6.0999999999999925,69
250973,3935,6.699999999999992,69
251042,3936,6.0999999999999925,69
251110,3937,6.5999999999999925,68
251196,3938,1.1999999999999966,86
251299,3939,8.599999999999982,103
251367,3940,6.5999999999999925,68
251436,3941,6.0999999999999925,69
251505,3942,6.0999999999999925,69
251574,3943,6.0999999999999925,69
251644,3944,6.799999999999992,70
251714,3945,6.799999999999992,70
251783,3946,6.699999999999992,69
251851,3947,4.799999999999994,68
251937,3948,2.9999999999999893,86
252003,3949,5.199999999999994,66
252072,3950,6.0999999999999925,69
252142,3951,6.199999999999992,70
252211,3952,6.0999999999999925,69
252279,3953,5.999999999999993,68
252348,3954,6.0999999999999925,69
252417,3955,6.699999999999992,69
252486,3956,6.699999999999992,69
252556,3957,6.199999999999992,70
252624,3958,6.5999999999999925,68
252693,3959,6.0999999999999925,69
252761,3960,5.999999999999993,68
252830,3961,6.0999999999999925,69
252891,3962,3.7999999999999954,61
252960,3963,6.0999999999999925,69
253065,3964,9.39999999999998,105
253133,3965,6.5999999999999925,68
253200,3966,5.899999999999993,67
253268,3967,5.399999999999993,68
253337,3968,6.699999999999992,69
253404,3969,5.899999999999993,67
253473,3970,6.0999999999999925,69
253542,3971,6.0999999999999925,69
253647,3972,8.199999999999982,105
253717,3973,5.5999999999999925,70
253787,3974,6.799999999999992,70
253854,3975,5.899999999999993,67
253940,3976,2.9999999999999893,86
254008,3977,5.999999999999993,68
254077,3978,6.099999999999994,69
254144,3979,6.499999999999993,67
254214,3980,6.199999999999992,70
254283,3981,6.699999999999992,69
254352,3982,6.0999999999999925,69
254419,3983,6.499999999999993,67
254488,3984,6.0999999999999925,69
254558,3985,6.799999999999992,70
254627,3986,5.499999999999993,69
254695,3987,5.999999999999993,68
254763,3988,6.5999999999999925,68
254831,3989,5.999999999999993,68
254901,3990,6.199999999999992,70
254969,3991,6.5999999999999925,68
255036,3992,5.899999999999993,67
255105,3993,6.699999999999992,69
255206,3994,7.199999999999983,101
255275,3995,6.0999999999999925,69
255343,3996,6.5999999999999925,68
255411,3997,5.999999999999993,68
255480,3998,6.0999999999999925,69
255548,3999,5.999999999999993,68
255618,4000,6.199999999999992,70
255688,4001,6.199999999999992,70
255758,4002,6.199999999999992,70
255827,4003,6.0999999999999925,69
255894,4004,5.899999999999993,67
255963,4005,6.0999999999999925,69
256033,4006,6.199999999999992,70
256102,4007,6.699999999999992,69
256171,4008,6.0999999999999925,69
256240,4009,6.0999999999999925,69
256343,4010,9.799999999999981,103
256413,4011,6.799999999999992,70
256482,4012,6.0999999999999925,69
256552,4013,4.399999999999996,70
256622,4014,6.199999999999992,70
256708,4015,2.3999999999999897,86
256776,4016,5.999999999999993,68
256845,4017,6.0999999999999925,69
256915,4018,6.799999999999992,70
257019,4019,8.099999999999982,104
257086,4020,5.299999999999994,67
257172,4021,2.9999999999999893,86
257241,4022,6.0999999999999925,69
257310,4023,6.0999999999999925,69
257379,4024,6.0999999999999925,69
257449,4025,6.199999999999992,70
257518,4026,6.0999999999999925,69
257588,4027,6.199999999999992,70
257658,4028,6.199999999999992,70
257727,4029,6.0999999999999925,69
257795,4030,5.999999999999993,68
257864,4031,5.499999999999993,69
257931,4032,6.499999999999993,67
258000,4033,6.0999999999999925,69
258069,4034,6.699999999999992,69
258139,4035,6.199999999999992,70
258243,4036,9.299999999999981,104
258313,4037,6.799999999999992,70
258381,4038,5.999999999999993,68
258450,4039,6.0999999999999925,69
258520,4040,6.199999999999992,70
258588,4041,5.999999999999993,68
258657,4042,4.300000000000001,69
258762,4043,8.799999999999981,105
258832,4044,6.199999999999992,70
258902,4045,6.199999999999994,70
258971,4046,6.0999999999999925,69
259040,4047,6.0999999999999925,69
259109,4048,6.0999999999999925,69
259178,4049,6.699999999999992,69
259246,4050,6.5999999999999925,68
259314,4051,5.999999999999993,68
259400,4052,2.9999999999999893,86
259468,4053,6.5999999999999925,68
259535,4054,5.899999999999993,67
259605,4055,6.799999999999992,70
259673,4056,5.999999999999993,68
259743,4057,6.799999999999992,70
259811,4058,6.5999999999999925,68
259879,4059,5.999999999999993,68
259947,4060,6.5999999999999925,68
260015,4061,6.5999999999999925,68
260101,4062,2.9999999999999893,86
260170,4063,6.699999999999992,69
260271,4064,7.199999999999983,101
260340,4065,6.0999999999999925,69
260410,4066,6.199999999999992,70
260479,4067,6.0999999999999925,69
260548,4068,6.699999999999992,69
260617,4069,6.699999999999992,69
260685,4070,5.999999999999993,68
260786,4071,7.199999999999983,101
260872,4072,2.9999999999999893,86
260941,4073,6.699999999999992,69
261010,4074,6.0999999999999925,69
261078,4075,5.999999999999993,68
261164,4076,2.9999999999999893,86
261234,4077,6.799999999999992,70
261303,4078,6.0999999999999925,69
261373,4079,6.199999999999992,70
261475,4080,7.899999999999983,102
261545,4081,6.199999999999992,70
261631,4082,1.1999999999999904,86
261735,4083,9.299999999999981,104
261803,4084,6.5999999999999925,68
261872,4085,6.699999999999992,69
261941,4086,6.0999999999999925,69
262010,4087,6.699999999999992,69
262078,4088,5.999999999999993,68
262146,4089,5.999999999999993,68
262215,4090,6.0999999999999925,69
262284,4091,6.0999999999999925,69
262351,4092,6.499999999999993,67
262421,4093,6.199999999999992,70
262491,4094,6.799999999999992,70
262561,4095,6.199999999999992,70
262631,4096,6.799999999999992,70
262753,4097,5.099999999999978,122
262823,4098,6.799999999999992,70
262893,4099,6.799999999999992,70
262962,4100,4.299999999999994,69
263029,4101,5.2999999999999945,67
263098,4102,6.0999999999999925,69
263168,4103,6.199999999999992,70
263237,4104,6.699999999999992,69
263307,4105,6.799999999999992,70
263374,4106,5.299999999999997,67
263443,4107,6.699999999999992,69
263513,4108,6.199999999999992,70
263582,4109,6.0999999999999925,69
263651,4110,6.0999999999999925,69
263718,4111,5.899999999999993,67
263787,4112,6.0999999999999925,69
263855,4113,5.999999999999993,68
263960,4114,8.199999999999982,105
264030,4115,6.799999999999992,70
264099,4116,6.699999999999992,69
264169,4117,6.799999999999992,70
264238,4118,6.0999999999999925,69
264308,4119,6.199999999999992,70
264376,4120,6.5999999999999925,68
264462,4121,2.9999999999999893,86
264548,4122,2.9999999999999893,86
264617,4123,6.0999999999999925,69
264685,4124,5.999999999999993,68
264755,4125,6.799999999999992,70
264823,4126,5.999999999999993,68
264893,4127,6.199999999999992,70
264963,4128,6.199999999999992,70
265033,4129,6.199999999999992,70
265138,4130,9.39999999999998,105
265208,4131,5.5999999999999925,70
265277,4132,6.699999999999992,69
265345,4133,5.999999999999993,68
265415,4134,6.199999999999992,70
265485,4135,6.799999999999992,70
265555,4136,5.5999999999999925,70
265625,4137,6.199999999999992,70
265694,4138,6.099999999999994,69
265761,4139,5.899999999999993,67
265831,4140,6.199999999999992,70
265895,4141,4.399999999999997,64
265965,4142,6.199999999999992,70
266034,4143,6.0999999999999925,69
266120,4144,2.9999999999999893,86
266188,4145,6.5999999999999925,68
266289,4146,7.199999999999983,101
266393,4147,8.699999999999982,104
266462,4148,6.0999999999999925,69
266530,4149,5.999999999999993,68
266631,4150,7.799999999999983,101
266699,4151,6.5999999999999925,68
266768,4152,6.699999999999992,69
266818,4153,1.5,50
266922,4154,9.299999999999981,104
267008,4155,2.3999999999999897,86
267078,4156,6.799999999999992,70
267148,4157,6.199999999999992,70
267234,4158,2.9999999999999893,86
267303,4159,6.099999999999994,69
267371,4160,5.399999999999993,68
267440,4161,6.0999999999999925,69
267526,4162,3.599999999999989,86
267596,4163,6.199999999999992,70
267664,4164,5.999999999999993,68
267733,4165,6.0999999999999925,69
267855,4166,7.499999999999977,122
267941,4167,3.599999999999989,86
268010,4168,6.0999999999999925,69
268079,4169,6.0999999999999925,69
268149,4170,6.799999999999992,70
268217,4171,5.999999999999993,68
268287,4172,5.5999999999999925,70
268357,4173,6.799999999999992,70
268427,4174,5.5999999999999925,70
268513,4175,2.9999999999999893,86
268581,4176,5.999999999999993,68
268650,4177,6.0999999999999925,69
268753,4178,7.999999999999982,103
268823,4179,6.199999999999994,70
268893,4180,6.199999999999992,70
268963,4181,6.799999999999992,70
269031,4182,5.999999999999993,68
269101,4183,6.199999999999992,70
269187,4184,3.599999999999989,86
269273,4185,2.9999999999999893,86
269334,4186,3.7999999999999954,61
269403,4187,6.699999999999992,69
269473,4188,6.199999999999992,70
269543,4189,6.199999999999992,70
269629,4190,2.9999999999999893,86
269715,4191,2.9999999999999893,86
269815,4192,5.299999999999985,100
269884,4193,4.299999999999997,69
269953,4194,6.0999999999999925,69
270021,4195,6.5999999999999925,68
270091,4196,5.599999999999993,70
270177,4197,2.9999999999999893,86
270244,4198,5.899999999999993,67
270313,4199,6.0999999999999925,69
270383,4200,6.199999999999992,70
270451,4201,5.999999999999993,68
270520,4202,6.0999999999999925,69
270586,4203,2.800000000000003,66
270652,4204,5.199999999999994,66
270722,4205,6.799999999999992,70
270792,4206,6.199999999999992,70
270860,4207,5.999999999999993,68
270966,4208,7.699999999999983,106
271036,4209,6.199999999999992,70
271104,4210,6.5999999999999925,68
271172,4211,5.999999999999993,68
271277,4212,9.39999999999998,105
271363,4213,2.9999999999999893,86
271426,4214,5.499999999999995,63
271495,4215,6.699999999999992,69
271565,4216,6.199999999999992,70
271670,4217,8.799999999999981,105
271740,4218,6.199999999999992,70
271809,4219,6.0999999999999925,69
271875,4220,5.799999999999994,66
271980,4221,8.199999999999982,105
272048,4222,5.999999999999993,68
272153,4223,9.39999999999998,105
272222,4224,6.0999999999999925,69
272290,4225,6.5999999999999925,68
272390,4226,7.099999999999984,100
272457,4227,5.899999999999993,67
272526,4228,6.0999999999999925,69
272612,4229,2.9999999999999893,86
272698,4230,2.9999999999999893,86
272764,4231,5.199999999999994,66
272834,4232,6.199999999999992,70
272903,4233,6.0999999999999925,69
272973,4234,6.799999999999992,70
273042,4235,6.0999999999999925,69
273111,4236,6.699999999999992,69
273178,4237,6.499999999999993,67
273247,4238,6.699999999999992,69
273317,4239,4.999999999999993,70
273387,4240,6.199999999999992,70
273455,4241,5.999999999999993,68
273525,4242,6.799999999999992,70
273593,4243,5.999999999999993,68
273663,4244,6.799999999999992,70
273768,4245,8.799999999999981,105
273838,4246,6.199999999999992,70
273905,4247,4.699999999999994,67
273973,4248,5.999999999999993,68
274041,4249,6.5999999999999925,68
274110,4250,6.699999999999992,69
274178,4251,5.999999999999993,68
274247,4252,6.699999999999992,69
274315,4253,5.999999999999993,68
274385,4254,6.799999999999992,70
274452,4255,5.899999999999993,67
274521,4256,6.699999999999992,69
274590,4257,6.699999999999992,69
274660,4258,6.199999999999992,70
274728,4259,5.999999999999993,68
274797,4260,6.0999999999999925,69
274865,4261,5.399999999999993,68
274967,4262,7.899999999999983,102
275037,4263,5.5999999999999925,70
275139,4264,7.899999999999983,102
275209,4265,6.199999999999992,70
275277,4266,6.5999999999999925,68
275347,4267,6.799999999999992,70
275415,4268,6.5999999999999925,68
275484,4269,6.699999999999992,69
275554,4270,6.199999999999992,70
275659,4271,9.39999999999998,105
275729,4272,6.199999999999992,70
275798,4273,6.0999999999999925,69
275866,4274,5.399999999999997,68
275935,4275,5.499999999999993,69
276002,4276,6.499999999999993,67
276071,4277,6.0999999999999925,69
276140,4278,6.0999999999999925,69
276207,4279,6.499999999999993,67
276277,4280,6.199999999999994,70
276347,4281,6.799999999999992,70
276417,4282,6.799999999999992,70
276485,4283,5.999999999999993,68
276585,4284,7.099999999999984,100
276654,4285,6.699999999999992,69
276723,4286,6.0999999999999925,69
276828,4287,8.799999999999981,105
276896,4288,5.999999999999995,68
276966,4289,6.199999999999992,70
277035,4290,6.0999999999999925,69
277105,4291,6.199999999999992,70
277172,4292,5.899999999999993,67
277242,4293,6.799999999999992,70
277312,4294,6.199999999999992,70
277380,4295,5.999999999999995,68
277448,4296,5.999999999999993,68
277516,4297,5.999999999999993,68
277602,4298,2.9999999999999893,86
277670,4299,5.999999999999993,68
277731,4300,3.7999999999999954,61
277800,4301,6.699999999999992,69
277904,4302,8.099999999999982,104
277973,4303,6.699999999999992,69
278042,4304,6.0999999999999925,69
278148,4305,7.6999999999999815,106
278216,4306,6.5999999999999925,68
278284,4307,6.5999999999999925,68
278370,4308,2.9999999999999893,86
278440,4309,6.199999999999992,70
278509,4310,6.0999999999999925,69
278577,4311,6.5999999999999925,68
278646,4312,5.4999999999999964,69
278732,4313,2.9999999999999893,86
278801,4314,6.699999999999992,69
278906,4315,9.39999999999998,105
279007,4316,7.199999999999983,101
279077,4317,6.799999999999992,70
279146,4318,6.0999999999999925,69
279215,4319,6.699999999999992,69
279282,4320,5.899999999999993,67
279350,4321,6.5999999999999925,68
279418,4322,6.5999999999999925,68
279488,4323,6.199999999999992,70
279557,4324,4.299999999999997,69
279626,4325,6.699999999999992,69
279694,4326,6.5999999999999925,68
279763,4327,6.699999999999992,69
279833,4328,6.799999999999992,70
279902,4329,6.0999999999999925,69
279971,4330,6.0999999999999925,69
280040,4331,6.0999999999999925,69
280145,4332,9.99999999999998,105
280214,4333,6.0999999999999925,69
280281,4334,5.299999999999994,67
280383,4335,7.899999999999983,102
280453,4336,6.199999999999992,70
280522,4337,6.0999999999999925,69
280608,4338,2.9999999999999893,86
280677,4339,6.0999999999999925,69
280745,4340,6.5999999999999925,68
280814,4341,6.699999999999992,69
280882,4342,6.5999999999999925,68
280952,4343,6.799999999999992,70
281022,4344,6.199999999999992,70
281128,4345,10.69999999999998,106
281196,4346,5.999999999999993,68
281265,4347,6.0999999999999925,69
281333,4348,4.1999999999999975,68
281419,4349,2.9999999999999893,86
281488,4350,6.0999999999999925,69
281557,4351,6.0999999999999925,69
281626,4352,6.0999999999999925,69
281727,4353,7.799999999999983,101
281797,4354,6.799999999999992,70
281867,4355,6.799999999999992,70
281935,4356,5.399999999999993,68
282004,4357,6.699999999999992,69
282074,4358,6.799999999999992,70
282141,4359,5.899999999999993,67
282211,4360,6.199999999999994,70
282281,4361,6.199999999999992,70
282350,4362,6.0999999999999925,69
282419,4363,6.699999999999992,69
282488,4364,6.0999999999999925,69
282557,4365,6.0999999999999925,69
282624,4366,6.499999999999993,67
282694,4367,6.799999999999992,70
282763,4368,6.0999999999999925,69
282833,4369,6.799999999999992,70
282902,4370,6.699999999999992,69
283003,4371,7.199999999999983,101
283071,4372,5.999999999999993,68
283140,4373,6.0999999999999925,69
283208,4374,6.5999999999999925,68
283277,4375,6.699999999999992,69
283346,4376,6.699999999999992,69
283414,4377,6.5999999999999925,68
283519,4378,8.799999999999981,105
283587,4379,5.999999999999993,68
283656,4380,6.099999999999994,69
283757,4381,7.799999999999983,101
283826,4382,6.699999999999992,69
283927,4383,7.799999999999983,101
283996,4384,6.699999999999992,69
284100,4385,8.699999999999982,104
284186,4386,3.599999999999989,86
284272,4387,2.9999999999999893,86
284378,4388,8.299999999999981,106
284447,4389,6.0999999999999925,69
284551,4390,8.699999999999982,104
284621,4391,6.199999999999992,70
284690,4392,6.699999999999992,69
284760,4393,6.799999999999992,70
284829,4394,6.0999999999999925,69
284899,4395,6.199999999999992,70
284967,4396,6.5999999999999925,68
285036,4397,6.0999999999999925,69
285122,4398,2.9999999999999893,86
285192,4399,6.799999999999992,70
285261,4400,6.699999999999992,69
285331,4401,6.199999999999992,70
285401,4402,6.199999999999994,70
285471,4403,6.199999999999992,70
285536,4404,5.099999999999994,65
285606,4405,6.799999999999992,70
285676,4406,6.799999999999992,70
285746,4407,6.199999999999992,70
285816,4408,6.199999999999992,70
285884,4409,5.999999999999995,68
285953,4410,6.0999999999999925,69
286021,4411,5.999999999999995,68
286089,4412,6.5999999999999925,68
286157,4413,5.999999999999993,68
286224,4414,6.499999999999993,67
286293,4415,6.699999999999992,69
286357,4416,4.399999999999997,64
286461,4417,8.099999999999984,104
286528,4418,6.499999999999993,67
286597,4419,6.699999999999992,69
286664,4420,5.899999999999993,67
286765,4421,6.599999999999984,101
286835,4422,6.199999999999992,70
286903,4423,5.999999999999993,68
287009,4424,10.09999999999998,106
287076,4425,6.499999999999993,67
287146,4426,6.199999999999994,70
287213,4427,5.299999999999997,67
287280,4428,5.899999999999993,67
287347,4429,5.299999999999997,67
287453,4430,9.49999999999998,106
287521,4431,6.5999999999999925,68
287588,4432,6.499999999999993,67
287658,4433,5.5999999999999925,70
287761,4434,10.39999999999998,103
287830,4435,6.0999999999999925,69
287899,4436,6.0999999999999925,69
287969,4437,6.199999999999992,70
288038,4438,6.699999999999992,69
288106,4439,5.999999999999993,68
288175,4440,6.099999999999994,69
288235,4441,3.6999999999999957,60
288303,4442,5.999999999999993,68
288372,4443,6.0999999999999925,69
288440,4444,6.5999999999999925,68
288508,4445,5.999999999999993,68
288578,4446,6.199999999999992,70
288648,4447,6.199999999999992,70
288718,4448,6.799999999999992,70
288787,4449,6.0999999999999925,69
288892,4450,9.99999999999998,105
288961,4451,6.099999999999994,69
289029,4452,5.999999999999993,68
289091,4453,4.799999999999995,62
289196,4454,9.99999999999998,105
289282,4455,3.599999999999989,86
289351,4456,6.0999999999999925,69
289419,4457,5.999999999999993,68
289488,4458,6.0999999999999925,69
289557,4459,5.499999999999993,69
289625,4460,5.999999999999993,68
289694,4461,6.0999999999999925,69
289761,4462,5.899999999999993,67
289831,4463,6.799999999999992,70
289899,4464,5.999999999999993,68
289966,4465,6.499999999999993,67
290070,4466,8.699999999999982,104
290138,4467,5.999999999999993,68
290206,4468,5.999999999999993,68
290275,4469,6.0999999999999925,69
290361,4470,3.599999999999989,86
290431,4471,5.5999999999999925,70
290495,4472,4.999999999999995,64
290599,4473,10.49999999999998,104
290666,4474,5.899999999999995,67
290736,4475,6.199999999999992,70
290803,4476,6.499999999999993,67
290872,4477,6.699999999999992,69
290958,4478,4.199999999999989,86
291064,4479,8.299999999999981,106
291127,4480,5.499999999999995,63
291231,4481,9.89999999999998,104
291300,4482,6.699999999999992,69
291369,4483,6.0999999999999925,69
291438,4484,6.0999999999999925,69
291542,4485,9.299999999999981,104
291611,4486,6.0999999999999925,69
291715,4487,9.299999999999981,104
291784,4488,6.0999999999999925,69
291853,4489,6.0999999999999925,69
291921,4490,5.999999999999993,68
291991,4491,6.199999999999992,70
292077,4492,2.9999999999999893,86
292146,4493,6.0999999999999925,69
292215,4494,6.699999999999992,69
292285,4495,4.399999999999997,70
292353,4496,5.999999999999993,68
292421,4497,6.5999999999999925,68
292490,4498,5.499999999999993,69
292560,4499,6.799999999999992,70
292629,4500,6.0999999999999925,69
292735,4501,10.09999999999998,106
292805,4502,6.199999999999992,70
292873,4503,5.999999999999993,68
292942,4504,6.0999999999999925,69
293009,4505,5.899999999999993,67
293079,4506,6.199999999999992,70
293146,4507,5.899999999999993,67
293232,4508,3.599999999999989,86
293295,4509,5.499999999999995,63
293356,4510,2.599999999999997,61
293422,4511,5.799999999999994,66
293490,4512,5.999999999999993,68
293560,4513,6.199999999999992,70
293628,4514,5.999999999999993,68
293696,4515,6.5999999999999925,68
293766,4516,6.199999999999992,70
293871,4517,9.39999999999998,105
293940,4518,6.0999999999999925,69
294007,4519,5.299999999999994,67
294112,4520,8.199999999999982,105
294179,4521,5.899999999999993,67
294247,4522,5.999999999999993,68
294316,4523,6.0999999999999925,69
294384,4524,6.5999999999999925,68
294453,4525,6.0999999999999925,69
294521,4526,5.999999999999993,68
294590,4527,6.0999999999999925,69
294659,4528,6.699999999999992,69
294729,4529,6.199999999999992,70
294799,4530,4.999999999999994,70
294867,4531,5.999999999999993,68
294937,4532,6.199999999999992,70
295004,4533,5.299999999999994,67
295073,4534,6.0999999999999925,69
295142,4535,6.0999999999999925,69
295210,4536,6.5999999999999925,68
295279,4537,6.0999999999999925,69
295348,4538,6.0999999999999925,69
295417,4539,6.0999999999999925,69
295521,4540,9.299999999999981,104
295590,4541,6.0999999999999925,69
295658,4542,5.399999999999993,68
295728,4543,6.199999999999992,70
295798,4544,6.199999999999992,70
295901,4545,9.199999999999982,103
295969,4546,5.999999999999993,68
296074,4547,8.199999999999982,105
296144,4548,6.199999999999992,70
296213,4549,6.699999999999992,69
296318,4550,8.199999999999982,105
296386,4551,5.399999999999994,68
296455,4552,6.0999999999999925,69
296523,4553,6.5999999999999925,68
296591,4554,6.5999999999999925,68
296661,4555,6.199999999999992,70
296730,4556,6.0999999999999925,69
296800,4557,6.199999999999992,70
296870,4558,6.799999999999992,70
296940,4559,6.199999999999992,70
297045,4560,9.99999999999998,105
297113,4561,6.5999999999999925,68
297182,4562,6.0999999999999925,69
297250,4563,5.999999999999993,68
297318,4564,6.5999999999999925,68
297387,4565,6.0999999999999925,69
297447,4566,3.6999999999999957,60
297516,4567,6.0999999999999925,69
297617,4568,5.999999999999984,101
297686,4569,6.0999999999999925,69
297753,4570,5.899999999999993,67
297854,4571,7.199999999999983,101
297922,4572,5.999999999999993,68
298025,4573,9.799999999999981,103
298094,4574,6.0999999999999925,69
298164,4575,6.199999999999992,70
298233,4576,5.4999999999999964,69
298337,4577,9.89999999999998,104
298406,4578,6.699999999999992,69
298475,4579,6.0999999999999925,69
298543,4580,5.999999999999993,68
298611,4581,5.999999999999993,68
298697,4582,2.9999999999999893,86
298765,4583,5.999999999999993,68
298833,4584,6.5999999999999925,68
298901,4585,5.399999999999993,68
298970,4586,6.0999999999999925,69
299038,4587,5.999999999999993,68
299108,4588,4.999999999999993,70
299177,4589,6.0999999999999925,69
299246,4590,6.699999999999992,69
299314,4591,6.5999999999999925,68
299383,4592,6.0999999999999925,69
299453,4593,6.199999999999992,70
299522,4594,6.0999999999999925,69
299590,4595,6.5999999999999925,68
299657,4596,5.899999999999993,67
299710,4597,2.9999999999999982,53
299778,4598,6.5999999999999925,68
299845,4599,5.899999999999993,67
299912,4600,5.899999999999993,67
299980,4601,5.999999999999993,68
300048,4602,6.5999999999999925,68
300117,4603,6.0999999999999925,69
300184,4604,6.499999999999993,67
300285,4605,7.799999999999983,101
300353,4606,5.999999999999993,68
300420,4607,5.899999999999993,67
300488,4608,5.999999999999993,68
300555,4609,6.499999999999993,67
300622,4610,6.499999999999993,67
300724,4611,9.099999999999982,102
300793,4612,6.0999999999999925,69
300860,4613,5.899999999999993,67
300928,4614,5.999999999999993,68
300995,4615,5.899999999999993,67
301061,4616,4.599999999999994,66
301129,4617,6.5999999999999925,68
301190,4618,3.7999999999999954,61
301259,4619,6.0999999999999925,69
301329,4620,6.199999999999992,70
301397,4621,5.999999999999993,68
301464,4622,5.899999999999993,67
301534,4623,6.199999999999992,70
301602,4624,5.999999999999993,68
301703,4625,7.199999999999983,101
301772,4626,6.0999999999999925,69
301841,4627,6.699999999999992,69
301909,4628,5.999999999999993,68
302013,4629,9.89999999999998,104
302116,4630,9.799999999999981,103
302184,4631,5.999999999999993,68
302251,4632,6.499999999999993,67
302320,4633,6.0999999999999925,69
302426,4634,8.89999999999998,106
302495,4635,4.299999999999997,69
302563,4636,5.999999999999993,68
302631,4637,4.1999999999999975,68
302699,4638,6.5999999999999925,68
302767,4639,5.999999999999993,68
302868,4640,7.199999999999983,101
302936,4641,3.0,68
303041,4642,10.59999999999998,105
303110,4643,6.0999999999999925,69
303179,4644,6.0999999999999925,69
303248,4645,6.0999999999999925,69
303317,4646,6.699999999999992,69
303385,4647,6.5999999999999925,68
303453,4648,5.999999999999993,68
303575,4649,6.299999999999978,122
303643,4650,6.5999999999999925,68
303740,4651,7.699999999999983,97
303810,4652,5.5999999999999925,70
303896,4653,2.9999999999999893,86
303963,4654,6.499999999999993,67
304033,4655,6.199999999999992,70
304137,4656,9.89999999999998,104
304206,4657,6.0999999999999925,69
304275,4658,6.699999999999992,69
304343,4659,5.999999999999993,68
304413,4660,6.199999999999992,70
304481,4661,5.999999999999993,68
304548,4662,5.899999999999995,67
304653,4663,8.199999999999982,105
304721,4664,5.399999999999993,68
304790,4665,6.0999999999999925,69
304858,4666,6.5999999999999925,68
304961,4667,7.999999999999982,103
305065,4668,9.89999999999998,104
305134,4669,6.0999999999999925,69
305203,4670,6.0999999999999925,69
305272,4671,6.0999999999999925,69
305339,4672,5.899999999999995,67
305407,4673,5.999999999999993,68
305493,4674,2.3999999999999932,86
305562,4675,6.0999999999999925,69
305630,4676,5.999999999999993,68
305699,4677,6.699999999999992,69
305767,4678,6.5999999999999925,68
305835,4679,3.599999999999997,68
305903,4680,5.999999999999993,68
305972,4681,6.0999999999999925,69
306040,4682,5.399999999999993,68
306107,4683,5.299999999999994,67
306175,4684,4.199999999999997,68
306245,4685,6.199999999999992,70
306315,4686,6.799999999999992,70
306383,4687,5.999999999999993,68
306452,4688,6.0999999999999925,69
306518,4689,3.9999999999999947,66
306586,4690,5.999999999999993,68
306655,4691,6.0999999999999925,69
306724,4692,6.699999999999992,69
306792,4693,6.5999999999999925,68
306878,4694,3.599999999999989,86
306982,4695,9.89999999999998,104
307051,4696,6.699999999999992,69
307120,4697,6.0999999999999925,69
307189,4698,6.0999999999999925,69
307257,4699,5.999999999999993,68
307326,4700,6.0999999999999925,69
307393,4701,6.499999999999993,67
307462,4702,4.300000000000001,69
307532,4703,6.799999999999992,70
307600,4704,6.5999999999999925,68
307654,4705,1.8999999999999986,54
307722,4706,6.5999999999999925,68
307827,4707,10.59999999999998,105
307922,4708,5.699999999999985,95
307990,4709,5.399999999999997,68
308058,4710,5.999999999999993,68
308163,4711,9.99999999999998,105
308230,4712,4.699999999999994,67
308299,4713,6.0999999999999925,69
308368,4714,6.699999999999992,69
308437,4715,6.699999999999992,69
308504,4716,5.899999999999993,67
308572,4717,5.999999999999993,68
308641,4718,6.0999999999999925,69
308705,4719,3.1999999999999975,64
308773,4720,5.999999999999993,68
308877,4721,10.49999999999998,104
308946,4722,4.899999999999993,69
309014,4723,6.5999999999999925,68
309084,4724,6.199999999999992,70
309152,4725,5.999999999999993,68
309254,4726,9.699999999999982,102
309358,4727,9.299999999999981,104
309425,4728,5.899999999999993,67
309494,4729,6.0999999999999925,69
309599,4730,9.99999999999998,105
309703,4731,9.299999999999981,104
309772,4732,6.0999999999999925,69
309840,4733,6.5999999999999925,68
309908,4734,6.5999999999999925,68
309976,4735,5.999999999999993,68
310045,4736,6.0999999999999925,69
310099,4737,1.8999999999999986,54
310168,4738,6.699999999999992,69
310238,4739,6.199999999999992,70
310307,4740,6.0999999999999925,69
310376,4741,6.0999999999999925,69
310446,4742,6.199999999999992,70
310514,4743,6.5999999999999925,68
310582,4744,6.5999999999999925,68
310652,4745,6.799999999999992,70
310721,4746,6.699999999999992,69
310790,4747,6.0999999999999925,69
310858,4748,5.399999999999993,68
310927,4749,6.0999999999999925,69
310996,4750,6.0999999999999925,69
311064,4751,6.5999999999999925,68
311169,4752,8.199999999999982,105
311273,4753,9.89999999999998,104
311341,4754,5.999999999999993,68
311410,4755,6.0999999999999925,69
311479,4756,6.0999999999999925,69
311547,4757,5.999999999999993,68
311616,4758,6.0999999999999925,69
311721,4759,9.39999999999998,105
311790,4760,6.699999999999992,69
311859,4761,6.0999999999999925,69
311964,4762,9.99999999999998,105
312033,4763,6.0999999999999925,69
312100,4764,5.899999999999993,67
312222,4765,6.299999999999978,122
312290,4766,5.999999999999993,68
312360,4767,6.199999999999992,70
312423,4768,5.499999999999995,63
312493,4769,6.199999999999992,70
312553,4770,3.6999999999999957,60
312623,4771,6.199999999999992,70
312692,4772,6.0999999999999925,69
312797,4773,8.799999999999981,105
312866,4774,6.099999999999994,69
312934,4775,5.999999999999993,68
313003,4776,6.0999999999999925,69
313073,4777,6.199999999999992,70
313139,4778,5.199999999999994,66
313244,4779,10.59999999999998,105
313314,4780,6.199999999999992,70
313384,4781,6.199999999999992,70
313470,4782,3.599999999999989,86
313569,4783,3.9999999999999885,99
313637,4784,5.999999999999993,68
313707,4785,6.199999999999992,70
313776,4786,6.699999999999992,69
313844,4787,6.5999999999999925,68
313913,4788,6.0999999999999925,69
313983,4789,6.199999999999992,70
314051,4790,5.999999999999993,68
314120,4791,6.0999999999999925,69
314189,4792,6.0999999999999925,69
314258,4793,6.0999999999999925,69
314327,4794,6.0999999999999925,69
314397,4795,6.799999999999992,70
314580,4796,15.999999999999968,183
314649,4797,6.0999999999999925,69
314754,4798,10.59999999999998,105
314824,4799,6.799999999999992,70
314929,4800,6.999999999999982,105
314998,4801,6.0999999999999925,69
315068,4802,6.199999999999992,70
315138,4803,6.799999999999992,70
315244,4804,9.49999999999998,106
315312,4805,6.5999999999999925,68
315382,4806,6.799999999999992,70
315451,4807,6.0999999999999925,69
315514,4808,4.299999999999996,63
315583,4809,6.0999999999999925,69
315669,4810,1.79999999999999,86
315739,4811,6.199999999999992,70
315838,4812,8.799999999999983,99
315908,4813,6.199999999999992,70
316012,4814,11.09999999999998,104
316081,4815,6.0999999999999925,69
316187,4816,10.09999999999998,106
316257,4817,6.199999999999992,70
316324,4818,5.899999999999993,67
316394,4819,6.199999999999992,70
316464,4820,6.199999999999992,70
316568,4821,9.89999999999998,104
316637,4822,6.0999999999999925,69
316706,4823,6.699999999999992,69
316812,4824,10.09999999999998,106
316871,4825,3.599999999999996,59
316940,4826,6.0999999999999925,69
317010,4827,5.5999999999999925,70
317080,4828,6.799999999999992,70
317148,4829,5.399999999999993,68
317217,4830,6.699999999999992,69
317285,4831,6.5999999999999925,68
317355,4832,6.199999999999992,70
317425,4833,6.199999999999992,70
317492,4834,6.499999999999993,67
317561,4835,6.699999999999992,69
317630,4836,6.0999999999999925,69
317700,4837,6.199999999999992,70
317769,4838,6.699999999999992,69
317839,4839,6.199999999999992,70
317925,4840,3.599999999999989,86
317994,4841,6.699999999999992,69
318099,4842,10.59999999999998,105
318167,4843,5.999999999999993,68
318308,4844,12.09999999999997,141
318376,4845,6.5999999999999925,68
318462,4846,2.3999999999999897,86
318532,4847,6.199999999999992,70
318601,4848,6.0999999999999925,69
318737,4849,11.599999999999971,136
318806,4850,6.699999999999992,69
318911,4851,9.99999999999998,105
318979,4852,5.999999999999993,68
319085,4853,11.29999999999998,106
319154,4854,6.699999999999992,69
319276,4855,5.699999999999978,122
319346,4856,6.199999999999992,70
319416,4857,6.199999999999992,70
319521,4858,9.99999999999998,105
319590,4859,6.699999999999992,69
319693,4860,8.599999999999989,103
319763,4861,6.199999999999992,70
319865,4862,7.2999999999999865,102
319970,4863,9.99999999999998,105
320040,4864,6.799999999999992,70
320110,4865,6.199999999999992,70
320179,4866,6.699999999999992,69
320249,4867,6.799999999999992,70
320317,4868,5.999999999999993,68
320420,4869,9.199999999999982,103
320526,4870,10.09999999999998,106
320631,4871,11.19999999999998,105
320700,4872,6.699999999999992,69
320768,4873,6.5999999999999925,68
320837,4874,6.0999999999999925,69
320959,4875,8.699999999999976,122
321140,4876,13.999999999999957,181
321241,4877,6.599999999999984,101
321310,4878,6.0999999999999925,69
321380,4879,6.799999999999992,70
321449,4880,6.0999999999999925,69
321554,4881,10.59999999999998,105
321624,4882,6.799999999999992,70
321787,4883,10.099999999999964,163
321892,4884,9.39999999999998,105
321962,4885,6.799999999999992,70
322066,4886,9.89999999999998,104
322171,4887,9.99999999999998,105
322234,4888,5.499999999999995,63
322340,4889,10.09999999999998,106
322426,4890,2.9999999999999893,86
322512,4891,2.9999999999999893,86
322617,4892,10.59999999999998,105
322723,4893,10.699999999999982,106
322792,4894,6.0999999999999925,69
322975,4895,10.599999999999959,183
323044,4896,6.699999999999992,69
323149,4897,10.59999999999998,105
323219,4898,6.199999999999992,70
323324,4899,9.99999999999998,105
323393,4900,6.699999999999992,69
323490,4901,8.299999999999983,97
323672,4902,14.099999999999971,182
323871,4903,10.999999999999954,199
324034,4904,13.699999999999982,163
324102,4905,5.999999999999993,68
324171,4906,5.4999999999999964,69
324241,4907,6.199999999999992,70
324310,4908,6.0999999999999925,69
324416,4909,10.69999999999998,106
324521,4910,6.399999999999983,105
324720,4911,13.399999999999984,199
324790,4912,5.599999999999996,70
324876,4913,3.599999999999989,86
324942,4914,1.0000000000000018,66
325048,4915,9.49999999999998,106
325117,4916,6.699999999999992,69
325203,4917,3.599999999999989,86
325272,4918,6.0999999999999925,69
325340,4919,5.399999999999993,68
325410,4920,6.199999999999992,70
325478,4921,6.5999999999999925,68
325547,4922,6.0999999999999925,69
325635,4923,4.999999999999988,88
325704,4924,6.0999999999999925,69
325867,4925,8.299999999999965,163
325973,4926,8.89999999999998,106
326095,4927,4.499999999999979,122
326201,4928,8.299999999999981,106
326364,4929,5.299999999999969,163
326467,4930,9.799999999999981,103
326537,4931,6.199999999999992,70
326700,4932,8.899999999999967,163
326788,4933,6.199999999999987,88
326874,4934,2.9999999999999893,86
327057,4935,15.399999999999967,183
327127,4936,6.199999999999992,70
327197,4937,5.5999999999999925,70
327267,4938,6.199999999999994,70
327328,4939,3.1999999999999957,61
327414,4940,5.999999999999988,86
327536,4941,6.899999999999977,122
327604,4942,5.999999999999995,68
327690,4943,3.599999999999989,86
327827,4944,13.49999999999997,137
327931,4945,11.09999999999998,104
328000,4946,6.0999999999999925,69
328105,4947,9.99999999999998,105
328243,4948,13.59999999999997,138
328313,4949,6.799999999999992,70
328453,4950,9.599999999999971,140
328631,4951,11.89999999999996,178
328736,4952,9.99999999999998,105
328841,4953,10.59999999999998,105
328910,4954,6.699999999999992,69
328980,4955,6.199999999999992,70
329050,4956,6.199999999999992,70
329156,4957,2.8999999999999893,106
329225,4958,6.699999999999992,69
329330,4959,8.199999999999982,105
329428,4960,6.899999999999987,98
329610,4961,19.500000000000025,182
329678,4962,5.399999999999997,68
329748,4963,6.199999999999992,70
329834,4964,2.9999999999999893,86
329903,4965,6.0999999999999925,69
329970,4966,5.899999999999995,67
330039,4967,6.0999999999999925,69
330109,4968,6.799999999999992,70
330206,4969,6.499999999999984,97
330274,4970,5.399999999999993,68
330343,4971,6.699999999999992,69
330483,4972,11.39999999999997,140
330586,4973,8.599999999999982,103
330690,4974,3.899999999999986,104
330760,4975,6.799999999999992,70
330978,4976,18.60000000000001,218
331100,4977,6.899999999999977,122
331169,4978,6.699999999999992,69
331237,4979,4.199999999999999,68
331306,4980,6.699999999999992,69
331376,4981,6.199999999999992,70
331443,4982,5.899999999999993,67
331565,4983,6.299999999999978,122
331635,4984,6.799999999999992,70
331798,4985,8.299999999999969,163
331903,4986,11.19999999999998,105
331972,4987,6.699999999999992,69
332154,4988,17.699999999999992,182
332276,4989,7.499999999999977,122
332459,4990,17.799999999999994,183
332528,4991,3.1000000000000014,69
332634,4992,8.299999999999981,106
332739,4993,10.59999999999998,105
332808,4994,6.0999999999999925,69
332971,4995,5.899999999999967,163
333075,4996,5.699999999999983,104
333179,4997,9.89999999999998,104
333361,4998,18.30000000000001,182
333466,4999,8.199999999999982,105
333554,5000,6.199999999999987,88
333717,5001,7.099999999999966,163
333819,5002,5.499999999999984,102
333982,5003,9.499999999999964,163
334051,5004,6.0999999999999925,69
334154,5005,9.799999999999981,103
334447,5006,27.30000000000013,293
334548,5007,5.999999999999984,101
334730,5008,18.300000000000004,182
334798,5009,5.999999999999993,68
334860,5010,3.5999999999999996,62
334962,5011,9.099999999999982,102
335067,5012,9.99999999999998,105
335173,5013,10.69999999999998,106
335295,5014,4.499999999999979,122
335361,5015,4.599999999999995,66
335451,5016,5.7999999999999865,90
335614,5017,11.299999999999969,163
335684,5018,6.799999999999992,70
335790,5019,9.49999999999998,106
335895,5020,10.59999999999998,105
335965,5021,6.199999999999992,70
336032,5022,5.899999999999993,67
336118,5023,2.9999999999999893,86
336317,5024,15.200000000000017,199
336386,5025,6.0999999999999925,69
336456,5026,4.999999999999999,70
336557,5027,4.7999999999999865,101
336756,5028,14.000000000000014,199
336825,5029,6.099999999999994,69
336893,5030,5.999999999999993,68
336963,5031,6.199999999999992,70
337126,5032,10.099999999999964,163
337196,5033,6.799999999999992,70
337264,5034,5.999999999999993,68
337333,5035,6.699999999999992,69
337455,5036,6.299999999999978,122
337593,5037,12.39999999999997,138
337679,5038,2.3999999999999915,86
337785,5039,10.09999999999998,106
337884,5040,8.199999999999983,99
337984,5041,8.899999999999983,100
338053,5042,6.699999999999992,69
338156,5043,5.599999999999984,103
338224,5044,5.999999999999993,68
338330,5045,10.69999999999998,106
338400,5046,6.199999999999994,70
338469,5047,6.699999999999992,69
338539,5048,6.199999999999992,70
338644,5049,9.399999999999984,105
338713,5050,6.699999999999992,69
338819,5051,8.299999999999981,106
338924,5052,10.59999999999998,105
339027,5053,10.39999999999998,103
339132,5054,10.59999999999998,105
339274,5055,12.79999999999997,142
339457,5056,18.400000000000006,183
339594,5057,12.29999999999997,137
339663,5058,6.0999999999999925,69
339800,5059,10.499999999999972,137
339906,5060,10.69999999999998,106
340120,5061,21.200000000000053,214
340183,5062,3.1000000000000023,63
340346,5063,10.699999999999967,163
340529,5064,16.599999999999973,183
340599,5065,6.199999999999992,70
340816,5066,22.10000000000005,217
340885,5067,6.0999999999999925,69
340971,5068,2.9999999999999893,86
341038,5069,6.499999999999993,67
341107,5070,6.0999999999999925,69
341241,5071,13.19999999999997,134
341442,5072,17.800000000000033,201
341510,5073,5.999999999999993,68
341616,5074,10.09999999999998,106
341753,5075,12.29999999999997,137
341857,5076,8.699999999999982,104
341994,5077,13.49999999999997,137
342098,5078,9.299999999999981,104
342203,5079,8.799999999999981,105
342402,5080,13.999999999999986,199
342508,5081,10.09999999999998,106
342726,5082,20.400000000000034,218
342976,5083,25.100000000000083,250
343191,5084,21.300000000000047,215
343393,5085,16.100000000000005,202
343515,5086,6.299999999999978,122
343678,5087,10.099999999999964,163
343747,5088,6.0999999999999925,69
343849,5089,7.299999999999983,102
343984,5090,10.899999999999972,135
344053,5091,6.0999999999999925,69
344155,5092,6.099999999999984,102
344277,5093,6.899999999999977,122
344381,5094,10.49999999999998,104
344693,5095,26.800000000000168,312
344798,5096,9.99999999999998,105
344861,5097,3.0999999999999996,63
345096,5098,14.90000000000001,235
345233,5099,8.699999999999973,137
345303,5100,6.199999999999992,70
345371,5101,5.999999999999993,68
345508,5102,14.09999999999997,137
345690,5103,11.099999999999962,182
345759,5104,3.1000000000000014,69
346071,5105,16.000000000000004,312
346321,5106,23.300000000000058,250
346572,5107,23.40000000000009,251
346748,5108,16.49999999999998,176
346870,5109,6.899999999999977,122
346992,5110,10.499999999999975,122
347130,5111,9.399999999999972,138
347198,5112,6.5999999999999925,68
347415,5113,15.500000000000018,217
347553,5114,9.399999999999972,138
347657,5115,9.89999999999998,104
347779,5116,7.499999999999977,122
348221,5117,28.400000000000187,442
348322,5118,8.999999999999982,101
348461,5119,12.49999999999997,139
348639,5120,16.099999999999984,178
348805,5121,13.999999999999986,166
348909,5122,9.89999999999998,104
348977,5123,5.999999999999993,68
349075,5124,6.29999999999999,98
349181,5125,8.899999999999984,106
349364,5126,19.000000000000014,183
349430,5127,3.399999999999997,66
349535,5128,10.59999999999998,105
349603,5129,5.999999999999993,68
349742,5130,8.899999999999972,139
349905,5131,9.499999999999968,163
350008,5132,9.799999999999981,103
350226,5133,14.399999999999961,218
350332,5134,10.69999999999998,106
350438,5135,7.699999999999985,106
350538,5136,5.299999999999985,100
350639,5137,9.599999999999984,101
350725,5138,2.9999999999999893,86
350941,5139,18.40000000000004,216
351104,5140,10.099999999999964,163
351267,5141,12.49999999999999,163
351328,5142,3.7999999999999954,61
351450,5143,7.499999999999977,122
351702,5144,18.70000000000005,252
351806,5145,9.89999999999998,104
351897,5146,5.299999999999988,91
352113,5147,21.400000000000038,216
352328,5148,20.100000000000026,215
352470,5149,14.599999999999968,142
352608,5150,13.59999999999997,138
352711,5151,10.39999999999998,103
352814,5152,6.199999999999983,103
352936,5153,9.899999999999975,122
353222,5154,27.50000000000015,286
353327,5155,10.59999999999998,105
353526,5156,11.599999999999962,199
353632,5157,8.299999999999981,106
353754,5158,6.899999999999977,122
353917,5159,11.899999999999977,163
354134,5160,22.10000000000005,217
354204,5161,6.199999999999992,70
354294,5162,5.7999999999999865,90
354363,5163,6.699999999999992,69
354431,5164,6.5999999999999925,68
354684,5165,26.000000000000107,253
354789,5166,10.59999999999998,105
354859,5167,6.199999999999992,70
354960,5168,8.399999999999983,101
355175,5169,16.499999999999954,215
355244,5170,6.699999999999992,69
355346,5171,6.099999999999985,102
355414,5172,6.5999999999999925,68
355518,5173,9.299999999999981,104
355701,5174,17.20000000000002,183
355840,5175,10.69999999999997,139
355945,5176,10.59999999999998,105
356067,5177,9.899999999999975,122
356172,5178,10.59999999999998,105
356274,5179,10.299999999999981,102
356457,5180,18.40000000000001,183
356821,5181,33.800000000000225,364
356891,5182,6.199999999999992,70
357013,5183,6.299999999999978,122
357152,5184,10.69999999999997,139
357221,5185,6.699999999999992,69
357290,5186,6.0999999999999925,69
357430,5187,10.19999999999997,140
357568,5188,11.79999999999997,138
357771,5189,12.599999999999955,203
357954,5190,18.400000000000006,183
358169,5191,21.900000000000055,215
358272,5192,9.799999999999983,103
358450,5193,17.299999999999994,178
358572,5194,7.499999999999977,122
358807,5195,16.10000000000003,235
359155,5196,25.30000000000014,348
359338,5197,19.000000000000014,183
359588,5198,24.500000000000064,250
359693,5199,9.99999999999998,105
359856,5200,9.499999999999964,163
360039,5201,18.400000000000013,183
360177,5202,11.19999999999997,138
360282,5203,8.799999999999983,105
360385,5204,9.799999999999981,103
360635,5205,26.300000000000104,250
360741,5206,10.09999999999998,106
360811,5207,6.199999999999992,70
360916,5208,9.99999999999998,105
361079,5209,10.699999999999964,163
361182,5210,9.799999999999981,103
361284,5211,7.899999999999983,102
361500,5212,18.40000000000003,216
361622,5213,6.899999999999977,122
361725,5214,9.799999999999981,103
361863,5215,12.99999999999997,138
361927,5216,4.999999999999995,64
361987,5217,3.6999999999999957,60
362124,5218,11.099999999999975,137
362262,5219,12.99999999999997,138
362365,5220,9.199999999999982,103
362435,5221,6.199999999999992,70
362541,5222,10.09999999999998,106
362704,5223,6.499999999999966,163
362841,5224,8.699999999999973,137
362947,5225,9.49999999999998,106
363088,5226,14.499999999999968,141
363174,5227,2.9999999999999893,86
363276,5228,7.299999999999983,102
363382,5229,10.09999999999998,106
363486,5230,9.89999999999998,104
363649,5231,11.899999999999977,163
363789,5232,8.999999999999972,140
363890,5233,7.799999999999983,101
364253,5234,37.90000000000025,363
364358,5235,9.99999999999998,105
364497,5236,11.89999999999997,139
364860,5237,32.50000000000018,363
364999,5238,10.69999999999997,139
365179,5239,13.299999999999967,180
365247,5240,5.999999999999993,68
365348,5241,9.599999999999982,101
365453,5242,10.59999999999998,105
365591,5243,11.19999999999997,138
365772,5244,18.200000000000003,181
366066,5245,28.00000000000014,294
366229,5246,10.699999999999964,163
366333,5247,9.89999999999998,104
366469,5248,10.999999999999972,136
366536,5249,6.499999999999993,67
366640,5250,10.49999999999998,104
366694,5251,2.4999999999999982,54
366833,5252,13.699999999999969,139
366975,5253,13.999999999999968,142
367045,5254,6.199999999999992,70
367145,5255,7.099999999999984,100
367234,5256,6.2999999999999865,89
367337,5257,6.199999999999983,103
367555,5258,22.200000000000042,218
367658,5259,6.7999999999999865,103
367797,5260,14.899999999999968,139
367978,5261,17.599999999999984,181
368082,5262,5.699999999999983,104
368220,5263,12.99999999999997,138
368324,5264,9.89999999999998,104
368426,5265,8.499999999999982,102
368494,5266,5.999999999999993,68
368785,5267,25.300000000000107,291
368968,5268,14.799999999999956,183
369182,5269,21.800000000000047,214
369288,5270,10.09999999999998,106
369390,5271,8.499999999999982,102
369459,5272,4.8999999999999995,69
369673,5273,18.800000000000004,214
369777,5274,6.299999999999983,104
369914,5275,13.49999999999997,137
370019,5276,9.99999999999998,105
370267,5277,21.90000000000005,248
370449,5278,18.900000000000013,182
370555,5279,10.69999999999998,106
370693,5280,11.799999999999972,138
370826,5281,10.999999999999972,133
370916,5282,5.7999999999999865,90
371054,5283,13.59999999999997,138
371191,5284,12.89999999999997,137
371555,5285,36.800000000000246,364
371692,5286,11.69999999999997,137
372057,5287,33.90000000000022,365
372311,5288,19.500000000000057,254
372626,5289,24.700000000000113,315
372764,5290,12.99999999999997,138
372866,5291,10.299999999999981,102
373081,5292,18.90000000000003,215
373186,5293,8.199999999999982,105
373437,5294,24.600000000000076,251
373575,5295,11.79999999999997,138
373792,5296,20.90000000000005,217
373896,5297,9.89999999999998,104
373985,5298,6.2999999999999865,89
374122,5299,13.49999999999997,137
374398,5300,22.300000000000118,276
374502,5301,6.299999999999983,104
374605,5302,6.199999999999983,103
374707,5303,6.699999999999983,102
374959,5304,18.700000000000053,252
375210,5305,24.600000000000072,251
375445,5306,16.10000000000003,235
375550,5307,10.59999999999998,105
375652,5308,10.299999999999981,102
375740,5309,6.199999999999987,88
375828,5310,6.199999999999987,88
375915,5311,6.099999999999987,87
376054,5312,14.299999999999969,139
376156,5313,9.099999999999982,102
376256,5314,5.299999999999985,100
376359,5315,10.99999999999998,103
376501,5316,14.599999999999968,142
376683,5317,15.299999999999962,182
376897,5318,21.200000000000035,214
377001,5319,9.299999999999981,104
377200,5320,15.800000000000026,199
377286,5321,2.9999999999999893,86
377346,5322,3.6999999999999957,60
377482,5323,12.19999999999997,136
377622,5324,11.39999999999997,140
377724,5325,8.499999999999982,102
377906,5326,16.49999999999998,182
378011,5327,10.59999999999998,105
378304,5328,31.500000000000163,293
378509,5329,12.199999999999951,205
378612,5330,10.39999999999998,103
378827,5331,20.70000000000005,215
378932,5332,9.99999999999998,105
379069,5333,13.49999999999997,137
379496,5334,33.20000000000022,427
379699,5335,19.80000000000005,203
379918,5336,19.900000000000013,219
380098,5337,17.49999999999999,180
380238,5338,13.799999999999969,140
380379,5339,9.099999999999971,141
380631,5340,23.500000000000075,252
380849,5341,22.800000000000054,218
380991,5342,13.399999999999968,142
381206,5343,18.300000000000004,215
381344,5344,11.19999999999997,138
381708,5345,32.600000000000215,364
381814,5346,9.49999999999998,106
381919,5347,7.599999999999982,105
382135,5348,19.600000000000044,216
382387,5349,24.700000000000095,252
382604,5350,22.10000000000005,217
382884,5351,26.300000000000132,280
383021,5352,13.49999999999997,137
383158,5353,11.69999999999997,137
383263,5354,9.39999999999998,105
383539,5355,22.90000000000012,276
383678,5356,14.299999999999969,139
383814,5357,9.799999999999972,136
383884,5358,6.199999999999992,70
383944,5359,3.099999999999996,60
384162,5360,21.00000000000002,218
384266,5361,9.89999999999998,104
384481,5362,20.700000000000045,215
384619,5363,11.79999999999997,138
384719,5364,5.299999999999985,100
384969,5365,25.100000000000083,250
385219,5366,22.10000000000005,250
385359,5367,12.59999999999997,140
385609,5368,24.50000000000008,250
385714,5369,5.799999999999983,105
385816,5370,10.299999999999981,102
385979,5371,9.499999999999964,163
386198,5372,19.900000000000038,219
386414,5373,18.399999999999995,216
386553,5374,14.299999999999969,139
386768,5375,20.10000000000005,215
386873,5376,10.59999999999998,105
387123,5377,22.700000000000053,250
387245,5378,6.899999999999977,122
387383,5379,12.99999999999997,138
387520,5380,10.499999999999972,137
387888,5381,39.600000000000264,368
388140,5382,23.500000000000075,252
388278,5383,12.99999999999997,138
388417,5384,11.29999999999997,139
388669,5385,23.5000000000001,252
388738,5386,6.0999999999999925,69
389032,5387,30.400000000000162,294
389101,5388,6.0999999999999925,69
389240,5389,10.099999999999971,139
389346,5390,8.299999999999981,106
389565,5391,17.500000000000025,219
389817,5392,24.700000000000113,252
389920,5393,8.599999999999984,103
390136,5394,21.40000000000005,216
390238,5395,6.699999999999983,102
390341,5396,6.799999999999983,103
390446,5397,10.59999999999998,105
390758,5398,24.400000000000162,312
390993,5399,16.700000000000028,235
391243,5400,22.700000000000106,250
391346,5401,9.799999999999981,103
391413,5402,5.899999999999993,67
391666,5403,18.199999999999992,253
391847,5404,18.200000000000003,181
391949,5405,6.699999999999983,102
392112,5406,10.099999999999964,163
392292,5407,16.29999999999998,180
392382,5408,5.7999999999999865,90
392617,5409,18.500000000000046,235
392686,5410,6.0999999999999925,69
392903,5411,16.100000000000026,217
393156,5412,15.19999999999995,253
393260,5413,5.099999999999984,104
393366,5414,10.09999999999998,106
393531,5415,12.699999999999962,165
394164,5416,65.20000000000041,633
394269,5417,9.99999999999998,105
394357,5418,5.599999999999987,88
394520,5419,10.699999999999967,163
394661,5420,5.499999999999975,141
394803,5421,12.199999999999969,142
395117,5422,24.600000000000133,314
395368,5423,18.000000000000014,251
395507,5424,14.899999999999968,139
395612,5425,8.199999999999982,105
395942,5426,24.10000000000018,330
396046,5427,4.499999999999984,104
396523,5428,42.400000000000354,477
396665,5429,13.999999999999968,142
397029,5430,29.00000000000014,364
397357,5431,32.300000000000196,328
397836,5432,39.00000000000037,479
397939,5433,3.7999999999999847,103
398233,5434,26.800000000000114,294
398448,5435,20.10000000000004,215
398629,5436,15.799999999999965,181
398697,5437,5.999999999999993,68
399105,5438,39.70000000000029,408
399358,5439,21.800000000000065,253
399499,5440,10.89999999999997,141
399794,5441,26.300000000000136,295
400009,5442,20.700000000000028,215
400111,5443,9.699999999999982,102
400252,5444,7.299999999999972,141
400341,5445,4.499999999999988,89
400478,5446,13.49999999999997,137
400546,5447,5.999999999999993,68
400632,5448,2.3999999999999897,86
400846,5449,21.800000000000047,214
400951,5450,7.599999999999982,105
401042,5451,5.899999999999986,91
401130,5452,5.599999999999987,88
401382,5453,22.300000000000058,252
401521,5454,11.89999999999997,139
401699,5455,17.900000000000016,178
401904,5456,18.800000000000033,205
402269,5457,30.900000000000222,365
402408,5458,12.49999999999997,139
402659,5459,24.600000000000094,251
402954,5460,26.300000000000082,295
403209,5461,20.200000000000088,255
403390,5462,13.999999999999986,181
403605,5463,21.300000000000047,215
403691,5464,2.9999999999999893,86
403760,5465,6.0999999999999925,69
404087,5466,20.200000000000003,327
404227,5467,13.199999999999969,140
404441,5468,20.00000000000005,214
404805,5469,30.8000000000002,364
404944,5470,14.299999999999969,139
405161,5471,18.50000000000006,217
405413,5472,21.10000000000005,252
405551,5473,13.59999999999997,138
405673,5474,6.899999999999977,122
405812,5475,14.299999999999969,139
405880,5476,4.7999999999999945,68
405984,5477,9.89999999999998,104
406273,5478,30.500000000000156,289
406377,5479,9.89999999999998,104
406481,5480,9.89999999999998,104
406696,5481,20.700000000000053,215
406793,5482,7.699999999999983,97
406897,5483,10.49999999999998,104
407035,5484,12.99999999999997,138
407173,5485,13.59999999999997,138
407295,5486,5.699999999999978,122
407434,5487,13.09999999999997,139
407538,5488,10.49999999999998,104
407790,5489,16.900000000000006,252
407972,5490,18.300000000000004,182
408300,5491,23.90000000000016,328
408369,5492,4.899999999999993,69
408510,5493,14.499999999999968,141
408647,5494,13.49999999999997,137
408901,5495,20.700000000000095,254
409039,5496,12.99999999999997,138
409177,5497,10.599999999999971,138
409244,5498,5.899999999999993,67
409347,5499,9.799999999999981,103
409488,5500,12.09999999999997,141
409589,5501,7.799999999999983,101
409659,5502,6.199999999999992,70
409798,5503,10.69999999999997,139
409936,5504,12.39999999999997,138
410189,5505,24.200000000000077,253
410330,5506,14.499999999999968,141
410434,5507,4.499999999999984,104
410538,5508,9.89999999999998,104
410635,5509,7.699999999999983,97
410739,5510,9.89999999999998,104
410955,5511,19.60000000000005,216
411092,5512,11.69999999999997,137
411368,5513,22.300000000000097,276
411472,5514,5.699999999999983,104
411610,5515,10.599999999999971,138
411679,5516,6.0999999999999925,69
411769,5517,5.7999999999999865,90
411909,5518,14.399999999999968,140
412124,5519,19.500000000000043,215
412440,5520,27.200000000000127,316
412579,5521,14.299999999999969,139
412796,5522,20.300000000000065,217
413240,5523,42.400000000000354,444
413491,5524,21.00000000000005,251
413670,5525,14.99999999999998,179
413869,5526,13.39999999999996,199
414198,5527,27.600000000000176,329
414397,5528,18.200000000000014,199
414649,5529,24.700000000000095,252
414787,5530,11.19999999999997,138
414890,5531,10.39999999999998,103
415072,5532,17.699999999999992,182
415286,5533,21.800000000000065,214
415387,5534,8.999999999999982,101
415473,5535,3.599999999999989,86
415680,5536,16.6,207
416007,5537,25.000000000000075,327
416214,5538,15.399999999999995,207
416316,5539,9.099999999999982,102
416420,5540,6.299999999999983,104
416558,5541,12.39999999999997,138
416759,5542,14.199999999999974,201
416860,5543,8.999999999999982,101
416962,5544,7.299999999999983,102
417166,5545,18.70000000000003,204
417269,5546,6.199999999999983,103
417408,5547,11.29999999999997,139
417547,5548,14.299999999999969,139
417686,5549,13.09999999999997,139
417885,5550,15.200000000000028,199
418217,5551,29.700000000000163,332
418512,5552,25.70000000000009,295
418730,5553,17.99999999999999,218
418836,5554,10.09999999999998,106
418973,5555,14.09999999999997,137
419078,5556,9.99999999999998,105
419330,5557,20.50000000000003,252
419452,5558,6.899999999999977,122
419591,5559,10.69999999999997,139
419692,5560,7.799999999999983,101
419869,5561,6.399999999999963,177
419970,5562,8.999999999999982,101
420075,5563,9.99999999999998,105
420327,5564,24.100000000000094,252
420693,5565,27.400000000000144,366
420945,5566,18.700000000000017,252
421224,5567,22.00000000000005,279
421328,5568,9.299999999999981,104
421388,5569,3.6999999999999957,60
421754,5570,32.80000000000021,366
421893,5571,13.099999999999971,139
422030,5572,12.89999999999997,137
422246,5573,22.60000000000005,216
422428,5574,16.499999999999968,182
422644,5575,20.800000000000043,216
422861,5576,17.90000000000005,217
422930,5577,6.0999999999999925,69
422999,5578,5.499999999999993,69
423253,5579,24.90000000000009,254
423356,5580,3.1999999999999904,103
423573,5581,19.10000000000005,217
423712,5582,9.499999999999972,139
423781,5583,5.499999999999993,69
424224,5584,38.70000000000028,443
424315,5585,5.2999999999999865,91
424421,5586,10.09999999999998,106
424586,5587,15.099999999999987,165
424708,5588,6.899999999999977,122
425153,5589,38.30000000000031,445
425222,5590,6.0999999999999925,69
425359,5591,11.69999999999997,137
425498,5592,13.09999999999997,139
425584,5593,3.599999999999989,86
425763,5594,14.999999999999957,179
425867,5595,10.49999999999998,104
426083,5596,19.00000000000001,216
426221,5597,12.99999999999997,138
426476,5598,22.600000000000076,255
426614,5599,12.99999999999997,138
426813,5600,15.8,199
427030,5601,18.500000000000043,217
427170,5602,12.59999999999997,140
427256,5603,2.9999999999999893,86
427362,5604,8.299999999999981,106
427597,5605,18.500000000000046,235
427689,5606,4.7999999999999865,92
427942,5607,21.20000000000008,253
428147,5608,18.20000000000004,205
428439,5609,15.799999999999983,292
428717,5610,23.100000000000087,278
429085,5611,36.600000000000215,368
429187,5612,9.099999999999982,102
429438,5613,22.200000000000056,251
429577,5614,13.09999999999997,139
429714,5615,13.49999999999997,137
429852,5616,12.99999999999997,138
430182,5617,27.700000000000152,330
430546,5618,35.60000000000024,364
430668,5619,9.299999999999983,122
430887,5620,22.900000000000063,219
431140,5621,20.60000000000005,253
431280,5622,12.599999999999971,140
431689,5623,35.000000000000256,409
431906,5624,19.10000000000004,217
432121,5625,18.300000000000008,215
432258,5626,10.499999999999972,137
432396,5627,13.59999999999997,138
432646,5628,24.5000000000001,250
432958,5629,26.200000000000166,312
433098,5630,9.599999999999971,140
433314,5631,22.00000000000004,216
433383,5632,6.0999999999999925,69
433522,5633,11.29999999999997,139
433662,5634,11.99999999999997,140
433803,5635,7.299999999999972,141
433909,5636,8.299999999999981,106
434047,5637,11.79999999999997,138
434525,5638,41.300000000000345,478
434779,5639,21.90000000000009,254
435014,5640,16.70000000000006,235
435362,5641,24.70000000000013,348
435502,5642,11.99999999999997,140
435685,5643,15.399999999999963,183
435899,5644,19.400000000000013,214
436116,5645,19.70000000000003,217
436282,5646,12.799999999999962,166
436388,5647,8.299999999999981,106
436909,5648,39.90000000000039,521
436979,5649,6.199999999999992,70
437182,5650,13.799999999999965,203
437381,5651,18.200000000000014,199
437561,5652,15.099999999999984,180
437650,5653,3.899999999999988,89
437741,5654,5.899999999999986,91
437811,5655,6.199999999999992,70
438176,5656,35.700000000000244,365
438491,5657,29.500000000000178,315
438577,5658,-1.1999999999999993,86
438627,5659,2.6999999999999993,50
438731,5660,3.899999999999986,104
438870,5661,12.49999999999997,139
439163,5662,20.700000000000085,293
439269,5663,8.299999999999981,106
439373,5664,7.499999999999982,104
439515,5665,11.59999999999997,142
439619,5666,6.299999999999983,104
439722,5667,10.39999999999998,103
439824,5668,9.699999999999982,102
439927,5669,8.599999999999982,103
440091,5670,14.999999999999986,164
440230,5671,11.29999999999997,139
440370,5672,14.399999999999968,140
440473,5673,10.39999999999998,103
440614,5674,13.299999999999969,141
440719,5675,8.199999999999982,105
440935,5676,19.600000000000023,216
441073,5677,8.799999999999972,138
441212,5678,11.89999999999997,139
441315,5679,7.399999999999983,103
441454,5680,11.29999999999997,139
441593,5681,11.899999999999972,139
441734,5682,14.499999999999968,141
442099,5683,30.900000000000155,365
442317,5684,14.999999999999998,218
442455,5685,7.599999999999982,138
442592,5686,9.299999999999972,137
442843,5687,23.400000000000055,251
443061,5688,19.800000000000015,218
443337,5689,25.30000000000012,276
443590,5690,14.59999999999996,253
443660,5691,6.199999999999992,70
443766,5692,9.49999999999998,106
444019,5693,20.00000000000005,253
444121,5694,7.299999999999983,102
444338,5695,17.900000000000013,217
444589,5696,22.200000000000056,251
444884,5697,25.700000000000124,295
444990,5698,8.299999999999981,106
445528,5699,46.40000000000047,538
446082,5700,49.50000000000047,554
446187,5701,10.59999999999998,105
446386,5702,13.999999999999993,199
446751,5703,28.500000000000192,365
446857,5704,8.299999999999981,106
447186,5705,25.20000000000016,329
447402,5706,19.00000000000001,216
447541,5707,12.49999999999997,139
447679,5708,14.199999999999969,138
447930,5709,22.200000000000053,251
448052,5710,6.899999999999977,122
448194,5711,9.19999999999997,142
448331,5712,8.699999999999973,137
448435,5713,6.899999999999983,104
448763,5714,29.900000000000137,328
448902,5715,9.499999999999972,139
449440,5716,50.600000000000435,538
449490,5717,-0.8999999999999986,50
449591,5718,7.799999999999983,101
449693,5719,9.699999999999982,102
449794,5720,8.999999999999982,101
450045,5721,20.40000000000003,251
450359,5722,25.800000000000157,314
450464,5723,8.799999999999981,105
450604,5724,13.199999999999969,140
450784,5725,12.699999999999976,180
451000,5726,17.800000000000004,216
451502,5727,37.70000000000038,502
451624,5728,9.899999999999975,122
451953,5729,27.600000000000115,329
452170,5730,16.099999999999955,217
452388,5731,17.400000000000023,218
452833,5732,38.900000000000325,445
453314,5733,36.20000000000032,481
453680,5734,34.00000000000024,366
453783,5735,9.199999999999982,103
454038,5736,21.400000000000063,255
454176,5737,14.199999999999969,138
454279,5738,7.39999999999999,103
454460,5739,13.999999999999998,181
454582,5740,6.899999999999977,122
455026,5741,41.20000000000032,444
455431,5742,35.20000000000025,405
455759,5743,32.9000000000002,328
456075,5744,24.200000000000102,316
456779,5745,54.90000000000059,704
456998,5746,22.300000000000054,219
457362,5747,27.200000000000138,364
457597,5748,13.699999999999982,235
457892,5749,22.700000000000056,295
458373,5750,45.800000000000374,481
459078,5751,62.800000000000644,705
459329,5752,22.800000000000058,251
459469,5753,12.59999999999997,140
459687,5754,16.8,218
459868,5755,12.199999999999958,181
460006,5756,13.59999999999997,138
460334,5757,30.5000000000002,328
460436,5758,6.699999999999983,102
460542,5759,7.099999999999982,106
460723,5760,9.79999999999996,181
460862,5761,12.49999999999997,139
461025,5762,10.099999999999964,163
461432,5763,39.00000000000026,407
461610,5764,16.099999999999973,178
462086,5765,34.50000000000028,476
462226,5766,11.39999999999997,140
462479,5767,26.00000000000009,253
462697,5768,19.800000000000054,218
462949,5769,22.300000000000075,252
463055,5770,8.299999999999981,106
463419,5771,33.800000000000225,364
463672,5772,24.800000000000097,253
463778,5773,9.499999999999982,106
463883,5774,6.399999999999983,105
464198,5775,28.300000000000157,315
464252,5776,0.6999999999999993,54
464451,5777,19.400000000000034,199
464816,5778,24.90000000000019,365
464921,5779,8.799999999999981,105
465252,5780,27.200000000000124,331
465758,5781,50.70000000000042,506
465826,5782,3.599999999999995,68
466270,5783,37.000000000000334,444
466563,5784,17.70000000000004,293
467005,5785,35.00000000000025,442
467371,5786,28.60000000000015,366
467589,5787,21.00000000000004,218
467919,5788,27.700000000000188,330
468364,5789,32.90000000000027,445
468467,5790,7.399999999999983,103
468946,5791,43.200000000000365,479
469275,5792,25.80000000000017,329
469530,5793,20.800000000000015,255
469749,5794,17.500000000000025,219
469968,5795,16.900000000000002,219
470054,5796,2.9999999999999893,86
470447,5797,30.700000000000237,393
470662,5798,16.499999999999975,215
471028,5799,36.400000000000254,366
471193,5800,13.299999999999965,165
471334,5801,7.299999999999972,141
471550,5802,18.400000000000023,216
471880,5803,29.50000000000016,330
472019,5804,13.09999999999997,139
472125,5805,4.699999999999983,106
472289,5806,11.999999999999963,164
472391,5807,9.099999999999982,102
472487,5808,7.599999999999984,96
472819,5809,33.90000000000021,332
473478,5810,55.80000000000059,659
474226,5811,76.39999999999982,748
474443,5812,17.299999999999986,217
475072,5813,50.400000000000524,629
475289,5814,16.700000000000024,217
475411,5815,7.499999999999977,122
475610,5816,14.599999999999984,199
475679,5817,2.499999999999998,69
476140,5818,26.70000000000019,461
476453,5819,27.50000000000016,313
476671,5820,16.799999999999983,218
476983,5821,26.20000000000015,312
477654,5822,65.7000000000005,671
477909,5823,25.600000000000083,255
478302,5824,33.10000000000023,393
478593,5825,19.30000000000009,291
478679,5826,-1.1999999999999993,86
478729,5827,2.0999999999999996,50
479285,5828,47.900000000000446,556
479502,5829,17.300000000000008,217
479590,5830,4.999999999999988,88
479920,5831,30.700000000000202,330
480137,5832,18.500000000000025,217
480207,5833,4.399999999999997,70
480762,5834,52.00000000000047,555
480997,5835,16.700000000000024,235
481212,5836,16.49999999999996,215
481750,5837,43.400000000000404,538
481892,5838,12.799999999999969,142
482075,5839,14.799999999999956,183
482390,5840,24.700000000000152,315
482628,5841,17.00000000000005,238
482847,5842,19.300000000000036,219
483290,5843,35.10000000000029,443
483732,5844,38.00000000000031,442
484174,5845,36.800000000000296,442
484261,5846,6.099999999999987,87
484686,5847,31.200000000000216,425
484901,5848,17.099999999999973,215
485419,5849,49.20000000000043,518
485827,5850,33.100000000000236,408
485967,5851,11.99999999999997,140
486409,5852,33.200000000000195,442
487076,5853,59.900000000000595,667
487632,5854,54.500000000000476,556
488076,5855,37.000000000000284,444
489084,5856,91.89999999999885,1008
489303,5857,8.499999999999977,219
489692,5858,27.90000000000019,389
490022,5859,28.300000000000196,330
490128,5860,8.299999999999981,106
490311,5861,16.59999999999997,183
490492,5862,13.399999999999977,181
490745,5863,16.400000000000006,253
490963,5864,22.200000000000053,218
491162,5865,14.000000000000021,199
491831,5866,59.50000000000064,669
491972,5867,12.09999999999997,141
492077,5868,6.999999999999982,105
492974,5869,74.49999999999993,897
493189,5870,17.099999999999973,215
493294,5871,8.799999999999983,105
493852,5872,47.500000000000426,558
493922,5873,6.199999999999993,70
494140,5874,17.400000000000013,218
494661,5875,44.10000000000042,521
494803,5876,9.79999999999997,142
494871,5877,1.1999999999999988,68
495070,5878,14.600000000000005,199
495139,5879,4.899999999999997,69
495471,5880,29.700000000000195,332
495688,5881,19.70000000000003,217
495923,5882,20.900000000000052,235
496140,5883,19.10000000000001,217
496452,5884,17.80000000000007,312
496897,5885,39.50000000000033,445
497132,5886,20.300000000000036,235
497675,5887,43.300000000000445,543
497971,5888,21.60000000000009,296
498039,5889,3.599999999999995,68
498369,5890,33.700000000000216,330
498474,5891,5.199999999999983,105
498689,5892,19.500000000000014,215
499001,5893,27.400000000000162,312
499107,5894,7.099999999999982,106
499248,5895,12.699999999999969,141
499822,5896,46.100000000000506,574
500136,5897,27.60000000000014,314
500274,5898,7.599999999999973,138
500641,5899,35.90000000000022,367
500745,5900,5.699999999999983,104
501400,5901,44.60000000000038,655
501606,5902,16.499999999999996,206
501745,5903,10.69999999999997,139
501814,5904,4.899999999999997,69
502484,5905,69.20000000000026,670
503152,5906,66.0000000000004,668
503483,5907,24.800000000000132,331
503944,5908,39.300000000000345,461
504497,5909,42.80000000000048,553
504593,5910,6.399999999999986,96
505001,5911,35.500000000000256,408
505123,5912,6.899999999999977,122
505211,5913,6.199999999999987,88
505492,5914,23.4000000000001,281
505857,5915,32.70000000000021,365
505962,5916,6.999999999999982,105
506595,5917,55.60000000000059,633
507117,5918,52.00000000000042,522
507673,5919,49.100000000000456,556
508040,5920,35.30000000000023,367
508182,5921,10.99999999999997,142
508514,5922,26.100000000000154,332
508769,5923,26.20000000000009,255
508951,5924,14.699999999999957,182
509247,5925,22.800000000000068,296
509541,5926,24.40000000000011,294
510174,5927,56.80000000000057,633
510731,5928,48.60000000000047,557
510872,5929,11.49999999999997,141
511297,5930,35.4000000000003,425
511758,5931,35.700000000000315,461
512383,5932,58.70000000000057,625
512600,5933,13.099999999999948,217
512819,5934,19.300000000000026,219
513036,5935,19.100000000000012,217
513888,5936,75.3999999999998,852
513958,5937,3.799999999999997,70
514175,5938,16.099999999999987,217
514543,5939,28.200000000000212,368
515136,5940,54.30000000000052,593
515276,5941,8.999999999999972,140
515481,5942,17.000000000000018,205
515810,5943,29.40000000000016,329
516140,5944,28.900000000000198,330
516303,5945,10.699999999999966,163
516764,5946,37.50000000000034,461
517153,5947,32.10000000000023,389
517355,5948,14.299999999999976,202
517572,5949,18.500000000000025,217
517694,5950,6.299999999999978,122
517796,5951,9.099999999999984,102
517848,5952,1.6999999999999993,52
517918,5953,4.399999999999997,70
518348,5954,40.700000000000315,430
518757,5955,32.60000000000024,409
519690,5956,77.79999999999973,933
519985,5957,23.30000000000011,295
520090,5958,9.39999999999998,105
520159,5959,6.099999999999993,69
520590,5960,33.00000000000026,431
520866,5961,19.300000000000082,276
521101,5962,19.700000000000056,235
521377,5963,21.7000000000001,276
521708,5964,30.80000000000018,331
521926,5965,20.400000000000013,218
522125,5966,18.800000000000015,199
522699,5967,43.10000000000047,574
522821,5968,6.299999999999978,122
522891,5969,6.199999999999992,70
523298,5970,36.60000000000026,407
523368,5971,4.399999999999997,70
523960,5972,53.60000000000052,592
524575,5973,47.50000000000046,615
525133,5974,50.50000000000042,558
526046,5975,80.2999999999994,913
526471,5976,40.80000000000033,425
526577,5977,10.09999999999998,106
526830,5978,22.400000000000073,253
526935,5979,5.199999999999983,105
526987,5980,2.8999999999999986,52
527205,5981,17.400000000000023,218
527311,5982,3.499999999999992,106
527433,5983,6.299999999999978,122
527781,5984,28.900000000000198,348
527944,5985,7.099999999999966,163
528049,5986,8.199999999999982,105
528117,5987,3.599999999999995,68
528223,5988,8.299999999999981,106
528422,5989,14.59999999999998,199
528605,5990,14.799999999999967,183
529125,5991,51.20000000000046,520
529231,5992,8.899999999999983,106
529283,5993,2.299999999999999,52
529424,5994,10.89999999999997,141
529510,5995,2.3999999999999924,86
530258,5996,69.80000000000018,748
530344,5997,2.9999999999999893,86
530511,5998,12.899999999999961,167
530839,5999,28.100000000000186,328
530944,6000,6.399999999999983,105
531386,6001,40.400000000000325,442
531831,6002,37.100000000000314,445
532124,6003,29.100000000000158,293
532230,6004,8.899999999999983,106
532448,6005,21.00000000000005,218
532551,6006,6.199999999999983,103
532882,6007,33.8000000000002,331
533165,6008,24.800000000000132,283
533558,6009,34.90000000000024,393
533626,6010,3.599999999999995,68
534258,6011,52.500000000000576,632
534683,6012,42.600000000000335,425
534739,6013,2.099999999999998,56
534974,6014,16.100000000000023,235
535079,6015,6.999999999999982,105
535409,6016,26.500000000000153,330
535757,6017,27.100000000000172,348
536165,6018,37.30000000000028,408
536710,6019,45.30000000000046,545
536873,6020,10.699999999999964,163
537167,6021,23.80000000000012,294
537870,6022,63.20000000000066,703
538088,6023,14.999999999999947,218
538383,6024,25.100000000000115,295
538973,6025,55.20000000000052,590
539189,6026,17.199999999999974,216
539257,6027,3.5999999999999988,68
540114,6028,72.6000000000001,857
541201,6029,102.79999999999839,1087
541342,6030,10.29999999999997,141
541412,6031,5.599999999999994,70
541517,6032,7.599999999999987,105
543318,6033,161.2999999999946,1801
543536,6034,15.599999999999959,218
543606,6035,1.9999999999999973,70
543995,6036,30.900000000000233,389
544553,6037,46.90000000000049,558
544978,6038,33.60000000000025,425
545083,6039,8.199999999999982,105
545186,6040,4.9999999999999964,103
545743,6041,43.20000000000039,557
545924,6042,14.599999999999978,181
546220,6043,21.000000000000075,296
546438,6044,22.80000000000007,218
546543,6045,6.999999999999982,105
546725,6046,15.300000000000004,182
546960,6047,19.100000000000055,235
547236,6048,19.30000000000003,276
547401,6049,13.299999999999962,165
548411,6050,88.49999999999909,1010
548628,6051,20.300000000000036,217
548959,6052,25.4000000000001,331
549665,6053,59.90000000000068,706
549734,6054,4.899999999999997,69
550441,6055,67.80000000000041,707
550563,6056,7.499999999999977,122
550726,6057,11.299999999999969,163
550961,6058,19.100000000000065,235
551665,6059,66.90000000000043,704
552187,6060,46.600000000000406,522
552403,6061,17.80000000000004,216
553429,6062,89.49999999999896,1026
553645,6063,19.600000000000026,216
554013,6064,37.20000000000023,368
554268,6065,22.600000000000076,255
554433,6066,14.499999999999979,165
554538,6067,5.199999999999983,105
554757,6068,19.300000000000047,219
554992,6069,14.300000000000008,235
555209,6070,22.10000000000004,217
555277,6071,4.799999999999997,68
555832,6072,49.00000000000043,555
556632,6073,66.30000000000022,800
557529,6074,82.89999999999961,897
557651,6075,6.299999999999978,122
558244,6076,54.900000000000546,593
558498,6077,24.300000000000086,254
558865,6078,32.3000000000002,367
558933,6079,4.799999999999997,68
559003,6080,4.399999999999997,70
559524,6081,49.50000000000043,521
560046,6082,48.40000000000046,522
560263,6083,18.500000000000043,217
560559,6084,24.600000000000126,296
561436,6085,71.59999999999985,877
562765,6086,116.1999999999976,1329
562905,6087,12.59999999999997,140
563047,6088,12.199999999999969,142
563228,6089,11.599999999999959,181
563524,6090,18.60000000000005,296
564365,6091,73.10000000000005,841
565165,6092,70.50000000000016,800
565687,6093,46.600000000000406,522
565999,6094,25.600000000000147,312
566330,6095,30.200000000000163,331
566398,6096,3.599999999999995,68
566992,6097,61.00000000000056,594
568228,6098,114.09999999999756,1236
568434,6099,14.099999999999977,206
568633,6100,13.399999999999977,199
568929,6101,24.000000000000142,296
569070,6102,10.89999999999997,141
569233,6103,14.299999999999965,163
569303,6104,6.199999999999992,70
569538,6105,17.30000000000003,235
569679,6106,12.699999999999969,141
570005,6107,31.500000000000192,326
570111,6108,5.899999999999983,106
570243,6109,11.499999999999972,132
570611,6110,27.60000000000021,368
571298,6111,63.10000000000039,687
571480,6112,14.699999999999966,182
572151,6113,61.50000000000061,671
572316,6114,13.299999999999965,165
572479,6115,10.699999999999964,163
572885,6116,40.70000000000029,406
573475,6117,43.80000000000049,590
573658,6118,18.400000000000013,183
574273,6119,54.10000000000056,615
575150,6120,78.7999999999996,877
575629,6121,38.40000000000034,479
575997,6122,34.20000000000023,368
576405,6123,37.300000000000274,408
576660,6124,22.000000000000043,255
576990,6125,31.900000000000183,330
577322,6126,30.90000000000018,332
577408,6127,1.79999999999999,86
577475,6128,4.699999999999998,67
578109,6129,52.100000000000556,634
578385,6130,18.700000000000063,276
579393,6131,82.29999999999943,1008
580063,6132,55.40000000000063,670
580940,6133,73.39999999999966,877
581252,6134,23.200000000000127,312
581318,6135,5.199999999999996,66
581501,6136,15.999999999999968,183
581682,6137,12.799999999999958,181
582126,6138,41.80000000000033,444
582760,6139,57.50000000000059,634
584524,6140,160.89999999999517,1764
584706,6141,14.099999999999978,182
585393,6142,59.50000000000058,687
585556,6143,10.699999999999964,163
585922,6144,33.40000000000021,366
587307,6145,121.7999999999972,1385
587715,6146,32.50000000000026,408
588721,6147,89.2999999999991,1006
588938,6148,19.10000000000005,217
589266,6149,28.700000000000152,328
589562,6150,25.800000000000114,296
589894,6151,32.70000000000018,332
590301,6152,32.400000000000254,407
591874,6153,125.29999999999609,1573
592920,6154,91.79999999999895,1046
593684,6155,68.40000000000012,764
594165,6156,44.000000000000405,481
594780,6157,50.500000000000576,615
595632,6158,80.19999999999969,852
595774,6159,9.19999999999997,142
597122,6160,121.9999999999973,1348
597486,6161,33.8000000000002,364
597816,6162,24.10000000000013,330
598521,6163,67.60000000000038,705
599642,6164,91.49999999999908,1121
599823,6165,13.399999999999963,181
600890,6166,82.49999999999918,1067
601483,6167,46.50000000000049,593
602907,6168,128.99999999999693,1424
603159,6169,18.700000000000056,252
603829,6170,63.800000000000466,670
604536,6171,68.40000000000009,707
604978,6172,37.40000000000034,442
605422,6173,36.4000000000003,444
605677,6174,21.400000000000098,255
607552,6175,148.8999999999949,1875
608595,6176,90.89999999999907,1043
608813,6177,20.400000000000038,218
610537,6178,158.99999999999517,1724
612354,6179,139.49999999999577,1817
612573,6180,19.90000000000002,219
612695,6181,5.699999999999978,122
613931,6182,115.29999999999752,1236
614130,6183,15.20000000000002,199
614687,6184,43.80000000000044,557
615660,6185,82.0999999999995,973
617608,6186,168.79999999999436,1948
618392,6187,73.7,784
619140,6188,58.4000000000007,748
619886,6189,60.000000000000696,746
620311,6190,37.20000000000028,425
620528,6191,17.29999999999998,217
621501,6192,86.29999999999906,973
621833,6193,22.500000000000057,332
621996,6194,12.499999999999963,163
623155,6195,100.39999999999864,1159
623712,6196,49.20000000000046,557
623816,6197,9.89999999999998,104
624147,6198,26.00000000000014,331
624366,6199,16.899999999999967,219
624434,6200,4.799999999999997,68
625027,6201,53.7000000000005,593
625394,6202,32.30000000000024,367
625611,6203,18.50000000000005,217
625978,6204,30.500000000000167,367
626742,6205,73.19999999999997,764
627131,6206,31.500000000000213,389
627330,6207,10.399999999999954,199
627693,6208,36.700000000000244,363
627759,6209,1.0000000000000018,66
627881,6210,5.699999999999978,122
628511,6211,50.50000000000054,630
629066,6212,49.60000000000045,555
629510,6213,39.40000000000031,444
630104,6214,58.000000000000504,594
630774,6215,57.2000000000006,670
631368,6216,53.80000000000052,594
631811,6217,38.10000000000031,443
632063,6218,18.09999999999999,252
633669,6219,139.6999999999962,1606
633960,6220,16.300000000000026,291
634554,6221,50.20000000000051,594
634758,6222,15.099999999999973,204
634973,6223,16.49999999999996,215
635074,6224,8.999999999999982,101
636048,6225,83.9999999999994,974
636488,6226,34.80000000000025,440
636593,6227,3.3999999999999924,105
637112,6228,51.10000000000043,519
637557,6229,44.90000000000032,445
640374,6230,233.79999999998995,2817
641008,6231,57.500000000000576,634
641601,6232,57.300000000000544,593
642611,6233,79.4999999999993,1010
643055,6234,37.00000000000028,444
644063,6235,93.09999999999877,1008
644169,6236,8.299999999999981,106
644839,6237,57.80000000000058,670
645074,6238,10.099999999999953,235
645970,6239,79.79999999999973,896
646677,6240,60.00000000000058,707
647009,6241,33.900000000000205,332
648019,6242,89.09999999999903,1010
648408,6243,26.700000000000205,389
648626,6244,22.80000000000006,218
648825,6245,12.199999999999978,199
650251,6246,124.99999999999677,1426
651939,6247,149.6999999999958,1688
652872,6248,83.19999999999922,933
653350,6249,43.10000000000035,478
654150,6250,72.8999999999999,800
654426,6251,21.7000000000001,276
654815,6252,36.30000000000028,389
655656,6253,74.89999999999982,841
656004,6254,24.70000000000013,348
656655,6255,51.40000000000056,651
656967,6256,23.200000000000095,312
657202,6257,19.70000000000003,235
657707,6258,39.80000000000032,505
659132,6259,127.89999999999682,1425
659295,6260,7.099999999999973,163
660249,6261,84.09999999999921,954
660751,6262,41.300000000000374,502
660934,6263,16.59999999999999,183
661323,6264,30.90000000000024,389
661429,6265,8.299999999999981,106
661648,6266,21.700000000000042,219
661754,6267,9.49999999999998,106
661876,6268,7.499999999999977,122
662737,6269,81.9999999999995,861
663747,6270,95.09999999999864,1010
664192,6271,38.3000000000003,445
664972,6272,72.7000000000002,780
665172,6273,15.899999999999991,200
665729,6274,52.20000000000048,557
666061,6275,33.90000000000019,332
666128,6276,4.699999999999998,67
666799,6277,64.50000000000044,671
667866,6278,90.89999999999858,1067
668310,6279,43.00000000000031,444
668509,6280,19.400000000000045,199
668805,6281,27.000000000000124,296
669587,6282,66.3000000000005,782
669770,6283,17.79999999999999,183
670724,6284,80.49999999999955,954
671282,6285,45.100000000000406,558
671385,6286,6.199999999999989,103
672976,6287,137.29999999999623,1591
673591,6288,50.500000000000526,615
674504,6289,71.29999999999974,913
675984,6290,127.69999999999692,1480
676125,6291,10.89999999999997,141
676570,6292,40.70000000000031,445
677014,6293,37.60000000000028,444
677382,6294,36.60000000000022,368
677449,6295,4.699999999999998,67
677591,6296,12.799999999999969,142
678262,6297,63.900000000000574,671
679460,6298,98.59999999999832,1198
680546,6299,99.69999999999833,1086
682799,6300,196.8999999999929,2253
683355,6301,44.30000000000044,556
683686,6302,26.600000000000154,331
684016,6303,30.100000000000183,330
684687,6304,68.10000000000018,671
685451,6305,67.80000000000025,764
685633,6306,12.29999999999996,182
686267,6307,56.30000000000057,634
687503,6308,121.89999999999739,1236
688626,6309,97.09999999999869,1123
688843,6310,19.100000000000033,217
689026,6311,17.799999999999986,183
689713,6312,60.100000000000534,687
689932,6313,18.100000000000026,219
690340,6314,35.50000000000028,408
690575,6315,15.50000000000001,235
691017,6316,35.60000000000029,442
691574,6317,47.40000000000043,557
692209,6318,54.60000000000055,635
692350,6319,10.29999999999997,141
692662,6320,17.800000000000033,312
693862,6321,101.79999999999852,1200
693930,6322,4.799999999999997,68
695425,6323,138.49999999999645,1495
695644,6324,19.300000000000047,219
697405,6325,147.99999999999585,1761
698040,6326,56.40000000000052,635
698935,6327,76.69999999999973,895
701021,6328,196.09999999999283,2086
701125,6329,7.499999999999986,104
702793,6330,147.39999999999563,1668
704888,6331,187.39999999999347,2095
705332,6332,36.40000000000031,444
706435,6333,107.3999999999981,1103
707502,6334,88.49999999999905,1067
707947,6335,37.700000000000315,445
708311,6336,32.60000000000022,364
709658,6337,123.09999999999707,1347
710326,6338,62.4000000000006,668
711110,6339,72.49999999999993,784
712608,6340,139.99999999999605,1498
713110,6341,44.900000000000404,502
713852,6342,65.6000000000005,742
713956,6343,8.099999999999984,104
714400,6344,32.80000000000029,444
715749,6345,110.09999999999769,1349
718809,6346,289.8999999999977,3060
719366,6347,49.2000000000005,557
720412,6348,97.79999999999848,1046
721227,6349,72.9000000000002,815
722879,6350,142.79999999999566,1652
724112,6351,113.1999999999979,1233
724727,6352,43.900000000000475,615
724869,6353,13.399999999999968,142
725504,6354,63.60000000000056,635
725626,6355,5.699999999999978,122
726071,6356,35.30000000000032,445
726648,6357,47.000000000000426,577
729127,6358,225.4999999999913,2479
730379,6359,92.2999999999987,1252
730787,6360,33.10000000000019,408
731457,6361,65.00000000000058,670
731562,6362,6.999999999999982,105
732310,6363,68.60000000000042,748
733772,6364,125.29999999999653,1462
734048,6365,21.100000000000087,276
734642,6366,56.20000000000051,594
735122,6367,40.300000000000345,480
735305,6368,16.599999999999973,183
736236,6369,78.79999999999971,931
736342,6370,5.299999999999996,106
739011,6371,231.59999999999107,2669
739194,6372,14.799999999999988,183
739429,6373,17.90000000000007,235
741117,6374,143.0999999999956,1688
741901,6375,65.9000000000004,784
742987,6376,97.89999999999841,1086
744559,6377,133.5999999999962,1572
746583,6378,170.99999999999397,2024
747008,6379,34.80000000000031,425
748583,6380,144.0999999999955,1575
749028,6381,42.50000000000033,445
750752,6382,152.39999999999554,1724
751422,6383,56.600000000000634,670
753485,6384,199.79999999999293,2063
754834,6385,110.09999999999748,1349
755726,6386,76.39999999999971,892
757265,6387,126.3999999999968,1539
757934,6388,57.100000000000584,669
758488,6389,53.10000000000047,554
759833,6390,105.49999999999747,1345
760389,6391,41.90000000000045,556
760552,6392,14.299999999999983,163
761223,6393,68.1000000000003,671
762911,6394,142.49999999999557,1688
763033,6395,4.4999999999999805,122
763087,6396,2.4999999999999982,54
763419,6397,31.500000000000178,332
763828,6398,36.2000000000003,409
764648,6399,73.40000000000008,820
765240,6400,53.000000000000504,592
765684,6401,43.60000000000033,444
766466,6402,77.6999999999998,782
766684,6403,14.999999999999966,218
766980,6404,28.20000000000012,296
767312,6405,23.70000000000014,332
767449,6406,11.099999999999971,137
767780,6407,29.000000000000174,331
768056,6408,19.300000000000068,276
769441,6409,136.1999999999966,1385
770580,6410,94.49999999999851,1139
770799,6411,18.100000000000026,219
772390,6412,139.09999999999602,1591
772835,6413,41.300000000000345,445
773166,6414,23.00000000000011,331
774816,6415,147.3999999999952,1650
775746,6416,80.49999999999955,930
776659,6417,70.10000000000005,913
778084,6418,117.09999999999731,1425
778136,6419,2.8999999999999986,52
778544,6420,36.10000000000027,408
778613,6421,5.499999999999993,69
779171,6422,51.70000000000049,558
780858,6423,152.59999999999582,1687
781771,6424,79.09999999999945,913
781940,6425,10.099999999999964,169
782308,6426,34.800000000000225,368
783431,6427,101.89999999999831,1123
784102,6428,63.90000000000052,671
784547,6429,44.900000000000375,445
784823,6430,13.900000000000041,276
785605,6431,68.70000000000026,782
785901,6432,26.40000000000013,296
786309,6433,36.100000000000264,408
787013,6434,57.90000000000063,704
787117,6435,6.899999999999983,104
788275,6436,112.299999999998,1158
790564,6437,182.7999999999933,2289
791493,6438,89.39999999999915,929
791893,6439,38.0000000000003,400
792225,6440,29.700000000000177,332
792444,6441,13.299999999999947,219
792794,6442,25.500000000000195,350
793255,6443,36.90000000000034,461
794586,6444,121.79999999999737,1331
796274,6445,152.09999999999565,1688
796492,6446,18.000000000000032,218
797764,6447,117.99999999999753,1272
798848,6448,97.09999999999849,1084
800988,6449,188.899999999993,2140
801207,6450,21.700000000000035,219
801460,6451,16.40000000000004,253
802695,6452,113.99999999999781,1235
803250,6453,53.20000000000049,555
804257,6454,95.9999999999988,1007
804813,6455,51.500000000000476,556
804918,6456,7.599999999999982,105
805737,6457,72.70000000000005,819
806032,6458,23.30000000000014,295
808568,6459,223.69999999999118,2536
808899,6460,30.200000000000184,331
811717,6461,248.29999999998986,2818
812162,6462,41.300000000000345,445
812890,6463,63.30000000000035,728
813412,6464,55.60000000000045,522
813534,6465,6.899999999999977,122
816595,6466,282.7999999999975,3061
817379,6467,82.09999999999961,784
818649,6468,123.79999999999731,1270
819582,6469,72.40000000000012,933
820027,6470,39.50000000000026,445
820810,6471,68.80000000000024,783
821855,6472,83.89999999999893,1045
822940,6473,97.19999999999845,1085
822992,6474,1.6999999999999993,52
823550,6475,50.50000000000044,558
825351,6476,157.69999999999462,1801
825716,6477,35.10000000000022,365
825898,6478,14.699999999999957,182
826003,6479,7.599999999999982,105
826448,6480,41.300000000000345,445
826929,6481,45.200000000000365,481
827544,6482,54.700000000000564,615
831395,6483,335.1000000000084,3851
832744,6484,126.29999999999701,1349
833186,6485,37.40000000000035,442
834592,6486,131.0999999999967,1406
835885,6487,114.09999999999738,1293
837835,6488,177.99999999999383,1950
838054,6489,15.70000000000002,219
838459,6490,31.000000000000263,405
838885,6491,40.900000000000325,426
840347,6492,124.69999999999712,1462
840868,6493,50.70000000000046,521
842798,6494,176.2999999999941,1930
843317,6495,45.70000000000044,519
843762,6496,43.10000000000036,445
844490,6497,58.50000000000066,728
845690,6498,116.1999999999976,1200
846438,6499,69.2000000000001,748
847073,6500,50.40000000000049,635
847595,6501,49.600000000000456,522
848641,6502,89.99999999999875,1046
849292,6503,57.40000000000059,651
850266,6504,86.39999999999941,974
851086,6505,80.59999999999962,820
853339,6506,210.0999999999924,2253
855853,6507,232.89999999999117,2514
855920,6508,4.699999999999998,67
857378,6509,131.49999999999665,1458
858387,6510,95.59999999999873,1009
858683,6511,29.400000000000155,296
859353,6512,63.80000000000061,670
859855,6513,49.10000000000042,502
860619,6514,74.99999999999974,764
862307,6515,152.69999999999536,1688
862977,6516,60.80000000000061,670
864157,6517,106.69999999999783,1180
865089,6518,79.49999999999972,932
865195,6519,8.299999999999981,106
865638,6520,39.3000000000003,443
866532,6521,81.39999999999971,894
867655,6522,107.29999999999822,1123
868061,6523,34.70000000000024,406
868393,6524,30.30000000000016,332
868499,6525,8.299999999999981,106
869170,6526,63.900000000000574,671
869803,6527,62.80000000000058,633
870587,6528,74.29999999999995,784
872013,6529,126.19999999999723,1426
873248,6530,102.59999999999765,1235
874674,6531,130.39999999999685,1426
875176,6532,45.500000000000405,502
876523,6533,120.6999999999973,1347
876742,6534,20.500000000000046,219
877470,6535,56.100000000000634,728
877951,6536,47.6000000000004,481
878246,6537,29.900000000000155,295
878481,6538,15.50000000000001,235
879116,6539,60.600000000000605,635
880029,6540,74.89999999999985,913
880473,6541,35.200000000000294,444
881067,6542,54.400000000000524,594
881963,6543,77.39999999999972,896
882105,6544,12.79999999999997,142
884923,6545,247.69999999998944,2818
885142,6546,18.100000000000033,219
886450,6547,117.69999999999749,1308
888362,6548,171.4999999999943,1912
889336,6549,89.999999999999,974
889612,6550,18.700000000000095,276
890037,6551,41.40000000000033,425
891082,6552,93.4999999999988,1045
892769,6553,156.1999999999953,1687
892951,6554,16.5,182
893282,6555,24.800000000000118,331
893517,6556,16.70000000000006,235
894769,6557,112.0999999999978,1252
895630,6558,82.59999999999954,861
896527,6559,78.69999999999968,897
898441,6560,185.4999999999938,1914
898640,6561,15.800000000000026,199
899308,6562,69.00000000000026,668
899865,6563,46.20000000000048,557
900987,6564,102.39999999999806,1122
901319,6565,25.500000000000117,332
901388,6566,4.899999999999997,69
904715,6567,295.8999999999995,3327
904856,6568,10.299999999999972,141
905923,6569,98.69999999999831,1067
907950,6570,183.29999999999401,2027
909036,6571,106.89999999999819,1086
910627,6572,152.29999999999552,1591
911411,6573,70.10000000000018,784
912195,6574,62.30000000000075,784
912810,6575,58.30000000000057,615
914461,6576,150.49999999999568,1651
915132,6577,59.70000000000062,671
915706,6578,54.50000000000048,574
917471,6579,156.19999999999482,1765
917706,6580,16.700000000000028,235
918680,6581,88.79999999999932,974
919387,6582,68.4000000000003,707
920508,6583,92.09999999999876,1121
920876,6584,31.800000000000225,368
920981,6585,9.99999999999998,105
921729,6586,56.60000000000068,748
923155,6587,138.79999999999634,1426
924712,6588,137.79999999999615,1557
925382,6589,61.40000000000057,670
928313,6590,279.09999999999667,2931
929548,6591,111.5999999999979,1235
929880,6592,33.900000000000205,332
930099,6593,19.300000000000036,219
931561,6594,140.89999999999623,1462
933362,6595,157.0999999999951,1801
934065,6596,63.20000000000066,703
934526,6597,39.90000000000034,461
934689,6598,10.099999999999964,163
936602,6599,182.9999999999939,1913
937193,6600,56.50000000000053,591
937900,6601,61.200000000000664,707
938231,6602,25.400000000000148,331
939353,6603,101.19999999999814,1122
940059,6604,68.90000000000022,706
941218,6605,94.99999999999837,1159
942511,6606,109.29999999999762,1293
942581,6607,6.199999999999992,70
942780,6608,12.199999999999978,199
943244,6609,42.60000000000038,464
943915,6610,65.7000000000004,671
945904,6611,165.39999999999412,1989
946123,6612,16.900000000000013,219
946491,6613,36.600000000000215,368
948856,6614,202.9999999999923,2365
949265,6615,38.000000000000306,409
949428,6616,11.299999999999969,163
949663,6617,19.100000000000065,235
950221,6618,54.7000000000005,558
950892,6619,63.9000000000006,671
951675,6620,73.59999999999985,783
952459,6621,75.5,784
953017,6622,49.90000000000045,558
953426,6623,39.80000000000031,409
954922,6624,123.59999999999671,1496
955670,6625,67.40000000000025,748
956680,6626,92.69999999999881,1010
960628,6627,360.7000000000147,3948
960996,6628,31.800000000000203,368
961553,6629,44.40000000000034,557
961920,6630,34.70000000000022,367
962478,6631,59.50000000000052,558
962696,6632,18.000000000000025,218
963516,6633,70.40000000000006,820
963961,6634,37.70000000000031,445
965196,6635,108.59999999999823,1235
965415,6636,20.50000000000004,219
966086,6637,64.50000000000057,671
970518,6638,383.60000000001867,4432
970927,6639,33.800000000000274,409
972918,6640,182.39999999999375,1991
973250,6641,30.300000000000196,332
973469,6642,18.100000000000026,219
973668,6643,16.400000000000027,199
973980,6644,25.000000000000135,312
977682,6645,325.6000000000058,3702
977897,6646,18.900000000000023,215
980600,6647,244.89999999999043,2703
980799,6648,13.399999999999984,199
981163,6649,36.800000000000246,364
981303,6650,11.99999999999997,140
983952,6651,237.0999999999907,2649
986334,6652,217.2999999999913,2382
987004,6653,60.8000000000006,670
987259,6654,22.000000000000057,255
987704,6655,35.90000000000032,445
988279,6656,52.80000000000048,575
989063,6657,74.30000000000003,784
991147,6658,183.2999999999938,2084
991366,6659,17.500000000000025,219
992566,6660,106.59999999999786,1200
992898,6661,31.500000000000163,332
993776,6662,76.49999999999976,878
994238,6663,34.600000000000335,462
995377,6664,100.49999999999835,1139
995596,6665,15.099999999999948,219
995892,6666,28.20000000000016,296
996599,6667,64.80000000000061,707
997267,6668,61.80000000000062,668
997449,6669,17.099999999999984,182
997781,6670,26.700000000000156,332
998824,6671,98.09999999999862,1043
1000396,6672,131.79999999999643,1572
