timestep,policy_loss,value_loss,entropy_loss,clip_fraction,approx_kl,learning_rate
1024,-0.009941794902260881,3.085438968613744,-0.6838275035843253,0.053955078125,0.009436574182473123,9.989754098360657e-05
2048,-0.0005827226923429407,3.787334334105253,-0.6844943938776851,0.003662109375,0.001137181512604002,9.979508196721312e-05
3072,-0.0020441587330424227,585646.1436994933,-0.6895563881844282,0.050537109375,0.004829813493415713,9.969262295081968e-05
4096,-0.0037753070500912145,2.245442658662796,-0.687874143011868,0.0185546875,0.0031743541767355055,9.959016393442624e-05
5120,-0.007600498436659109,1.0243769437074661,-0.6584857245907187,0.090087890625,0.007549452428065706,9.948770491803279e-05
6144,-0.011452768696472049,0.5747889610938728,-0.6070189047604799,0.096923828125,0.00850146368611604,9.938524590163934e-05
7168,-0.013605461885163095,0.3977019542362541,-0.5308805787935853,0.115234375,0.011687387086567469,9.92827868852459e-05
8192,-0.010857731998839881,0.3877571909688413,-0.4635458532720804,0.06396484375,0.007596442381327506,9.918032786885247e-05
9216,-0.014101881955866702,0.3627588441595435,-0.416134434286505,0.064208984375,0.0046483632031595334,9.907786885245903e-05
10240,-0.01247282420808915,0.2583268864545971,-0.36935190530493855,0.06298828125,0.006037161801941693,9.897540983606558e-05
11264,-0.009744798764586449,0.22688815649598837,-0.37110917922109365,0.05029296875,0.005400053167250007,9.887295081967214e-05
12288,-0.008807832491584122,0.15460120257921517,-0.3570453682914376,0.03564453125,0.0031191103262244724,9.87704918032787e-05
13312,-0.013418308823020197,0.22696971043478698,-0.34797895001247525,0.066162109375,0.006871551631775219,9.866803278688525e-05
14336,-0.013019875841564499,0.16879926866386086,-0.35573756601661444,0.047607421875,0.004083169194927905,9.85655737704918e-05
15360,-0.011992139719950501,0.21793340612202883,-0.33268148312345147,0.052978515625,0.00410637791355839,9.846311475409836e-05
16384,-0.012592475162819028,0.20939337788149714,-0.3162832297384739,0.05859375,0.005259551522613037,9.836065573770493e-05
17408,-0.015971577187883668,0.17424758325796574,-0.30161477206274867,0.07958984375,0.0059305631220922805,9.825819672131148e-05
18432,-0.013436826346151065,0.16770734207239002,-0.29043066734448075,0.05224609375,0.00395103741902858,9.815573770491804e-05
19456,-0.016647998825646937,0.16824273380916566,-0.2943665375933051,0.064208984375,0.005011074754293077,9.80532786885246e-05
20480,-0.01068609320645919,0.1563225999707356,-0.2815845359582454,0.04931640625,0.003282782308815513,9.795081967213115e-05
21504,-0.012296891669393517,0.1327229281887412,-0.2349409069865942,0.05615234375,0.005019786251068581,9.784836065573771e-05
22528,-0.002785019954899326,0.07166684896219522,-0.2764013400301337,0.05322265625,0.004817994144104887,9.774590163934426e-05
23552,-0.012541165415314026,0.07147593301488087,-0.2779401515144855,0.05126953125,0.0038865983951836824,9.764344262295082e-05
24576,-0.009307244312367402,0.060899256059201434,-0.29181157192215323,0.038818359375,0.0036462789576034993,9.754098360655737e-05
25600,-0.010288460107403807,0.045026085048448294,-0.3034983759280294,0.048828125,0.0035640836431412026,9.743852459016394e-05
26624,-0.00854112481829361,0.06689209374599159,-0.2681709479074925,0.060791015625,0.00523057252576109,9.73360655737705e-05
27648,-0.008189240390493069,0.09205145802116022,-0.2615035467315465,0.04736328125,0.0038527133510797285,9.723360655737706e-05
28672,-0.007432974911353085,0.08264882350340486,-0.2797301469836384,0.05224609375,0.004354969183623325,9.713114754098361e-05
29696,-0.014521002100082114,0.11862294108141214,-0.29499188903719187,0.08056640625,0.007566661006421782,9.702868852459017e-05
30720,-0.006504878547275439,0.1053847938310355,-0.2663740450516343,0.049560546875,0.004198285583697725,9.692622950819674e-05
31744,-0.015380718497908674,0.0786582434666343,-0.23267286107875407,0.06640625,0.005717846033803653,9.682377049180328e-05
32768,-0.015956528368405998,0.12814839277416468,-0.2605297521222383,0.07373046875,0.00680559100874234,9.672131147540983e-05
33792,-0.007310005712497514,0.11036119394702837,-0.2384824282489717,0.035888671875,0.00288645156979328,9.66188524590164e-05
34816,-0.008295283711049706,0.08246081543620676,-0.20420830859802663,0.041748046875,0.00327887757885037,9.651639344262296e-05
35840,-0.0028337958647171035,0.08572008699411526,-0.18050748342648149,0.05615234375,0.005605496495263651,9.641393442622951e-05
36864,-0.0052426635375013575,0.1282668219646439,-0.2227347567677498,0.04052734375,0.0033640428009675816,9.631147540983607e-05
37888,-0.011373674205970019,0.09541468118550256,-0.21456738701090217,0.0439453125,0.003199715429218486,9.620901639344263e-05
38912,-0.010610329620249104,0.12779022008180618,-0.21083751926198602,0.0556640625,0.004692442758823745,9.610655737704918e-05
39936,-0.009249634073057678,0.14306035358458757,-0.19439536682330072,0.05712890625,0.00509934505680576,9.600409836065573e-05
40960,-0.005744002635765355,0.16306217131204903,-0.19369802298024297,0.034423828125,0.0027284015086479485,9.59016393442623e-05
41984,-0.008209446386899799,0.12700490333372727,-0.16921325586736202,0.04296875,0.0033903899529832415,9.579918032786886e-05
43008,-0.004386271728435531,0.1842918215552345,-0.15501651470549405,0.048095703125,0.00518256843497511,9.56967213114754e-05
44032,-0.010017225482442882,0.14823913446161896,-0.1546604292234406,0.056640625,0.003801360333454795,9.559426229508197e-05
45056,-0.008119529906252865,0.12341219215886667,-0.17037305876147002,0.03173828125,0.0028570377762662247,9.549180327868853e-05
46080,-0.008383904270885978,0.12797412980580702,-0.15895296249073,0.047119140625,0.003957654022087809,9.53893442622951e-05
47104,-0.005021140292228665,0.10338610736653209,-0.15693122637458146,0.052490234375,0.004755969384859782,9.528688524590164e-05
48128,-0.009808073737076484,0.10375479591311887,-0.14550334366504103,0.052490234375,0.004409728535392787,9.51844262295082e-05
49152,-0.010526479622058105,0.09726700972532853,-0.16011639137286693,0.05224609375,0.004789718586835079,9.508196721311476e-05
50176,-0.010054715450678486,0.18391048326157033,-0.16396289051044732,0.048583984375,0.004036021433421411,9.497950819672132e-05
51200,-0.006589363292732742,0.11325524694984779,-0.15229366661515087,0.025634765625,0.0022512335490318947,9.487704918032787e-05
52224,-0.00937465935567161,0.19062535336706787,-0.15765359613578767,0.048583984375,0.005364795149944257,9.477459016393443e-05
53248,-0.0072582176653668284,0.16904273856198415,-0.1635944830486551,0.03271484375,0.0032926020794548094,9.467213114754099e-05
54272,-0.005880333643290214,0.06760830210987478,-0.16495493019465357,0.037841796875,0.002587574352219235,9.456967213114754e-05
55296,-0.005966605371213518,0.14804818865377456,-0.183852796908468,0.0419921875,0.0039636015353607945,9.44672131147541e-05
56320,-0.006913281380548142,0.23544741538353264,-0.16730440617538989,0.03662109375,0.004232540151861031,9.436475409836067e-05
57344,-0.008068062394158915,0.2017241248395294,-0.20041483570821583,0.048583984375,0.005936704270425253,9.426229508196722e-05
58368,-0.007362385542364791,0.4013547267531976,-0.21901029767468572,0.029541015625,0.002630181552376598,9.415983606557376e-05
59392,-0.011447014931036392,0.24984801129903644,-0.1788139110431075,0.0556640625,0.00575972099613864,9.405737704918033e-05
60416,-0.00900511683721561,0.1800292101688683,-0.16833761043380946,0.03857421875,0.00515039854508359,9.395491803278689e-05
61440,-0.004288465090212412,0.2404113410739228,-0.1774967119563371,0.046630859375,0.003688000149850268,9.385245901639344e-05
62464,-0.006835513755504508,0.10358082398306578,-0.1723650615895167,0.05029296875,0.004795912522240542,9.375e-05
63488,-0.0069904565389151685,0.08277207316132262,-0.15963897574692965,0.0341796875,0.0029931506360298954,9.364754098360656e-05
64512,-0.009402793570188805,0.1906461954349652,-0.16840264748316258,0.0458984375,0.0047471769648836926,9.354508196721313e-05
65536,-0.0012755376446875744,0.09077175718266517,-0.16730150836519897,0.0263671875,0.002196113760874141,9.344262295081968e-05
66560,-0.011544296401552856,0.18503620196133852,-0.18072479218244553,0.04052734375,0.005969858502794523,9.334016393442624e-05
67584,-0.00702665641438216,0.2587618618272245,-0.18550810008309782,0.0458984375,0.004180842712230515,9.323770491803279e-05
68608,-0.010392523312475532,0.14396778773516417,-0.1933900717413053,0.0361328125,0.00432152472785674,9.313524590163935e-05
69632,-0.009299631325120572,0.34839904867112637,-0.1969650462269783,0.039306640625,0.0035725581838050857,9.30327868852459e-05
70656,-0.012050576289766468,0.1556749323499389,-0.18516525416634977,0.04833984375,0.0057752494685701095,9.293032786885246e-05
71680,-0.009605241430108435,0.20577133260667324,-0.18646348943002522,0.036376953125,0.0034935975199914537,9.282786885245903e-05
72704,-0.007291715017345268,0.2344114762963727,-0.1920423940755427,0.035400390625,0.002809278383210767,9.272540983606557e-05
73728,-0.006214357461431064,0.23095468909014016,-0.1907380985794589,0.03125,0.0029375070589594543,9.262295081967214e-05
74752,-0.009197989500535186,0.21270056371577084,-0.1850931125227362,0.0498046875,0.004304874913941603,9.25204918032787e-05
75776,-0.006622434280870948,0.08748647791799158,-0.18390959571115673,0.04150390625,0.0032596783348708414,9.241803278688526e-05
76800,-0.004661161958210869,0.21720780816394836,-0.1723822533385828,0.04248046875,0.004880488595517818,9.23155737704918e-05
77824,-0.01079016414587386,0.16083958081435412,-0.14674637862481177,0.038818359375,0.005448668234748766,9.221311475409836e-05
78848,-0.006546765658640652,0.12056562746874988,-0.13685146172065288,0.04638671875,0.00410627962264698,9.211065573770492e-05
79872,-0.010926248534815386,0.1533093738835305,-0.16550436813849956,0.045166015625,0.0042312192235840484,9.200819672131149e-05
80896,-0.009914126378134824,0.09303191851358861,-0.17272882966790348,0.052490234375,0.006327939780021552,9.190573770491804e-05
81920,-0.009509591953246854,0.757225701585412,-0.2775007605087012,0.05419921875,0.005038784911448602,9.18032786885246e-05
82944,-0.00620143589185318,0.43674902245402336,-0.2690034753177315,0.059326171875,0.004797430301550776,9.170081967213116e-05
83968,-0.010314504990674322,0.19512255513109267,-0.22624470945447683,0.058349609375,0.004729545362351928,9.159836065573771e-05
84992,-0.010290280901244842,0.4188684686087072,-0.2581824082881212,0.06201171875,0.004558382221148349,9.149590163934427e-05
86016,-0.010231868414848577,0.4713771620299667,-0.2617923319339752,0.054931640625,0.004280687055143062,9.139344262295082e-05
87040,-0.003910818380973069,0.4079615054652095,-0.24441106687299907,0.051025390625,0.003958101871830877,9.129098360655738e-05
88064,-0.007702234324824531,0.06178019766230136,-0.14453556947410107,0.04296875,0.006063645654649008,9.118852459016393e-05
89088,-0.0040925770153990015,0.14030485606053844,-0.16973890946246684,0.035400390625,0.0035726691858144477,9.10860655737705e-05
90112,-0.008198486146284267,0.09665119915734977,-0.16910853376612067,0.046630859375,0.004292185069061816,9.098360655737706e-05
91136,-0.009183626520098187,0.14422743022441864,-0.20201616804115474,0.034912109375,0.003578785341233015,9.088114754098361e-05
92160,-0.006339362931612413,0.08968353254022077,-0.19594584009610116,0.04296875,0.00333261023479281,9.077868852459017e-05
93184,-0.007716774241998792,0.3303849680814892,-0.22038065874949098,0.037841796875,0.0035643043665913865,9.067622950819672e-05
94208,-0.005666823410138022,0.26367133925668895,-0.2148804902099073,0.041748046875,0.0045953581866342574,9.05737704918033e-05
95232,-0.009493144407315413,0.15877219894900918,-0.1815095494966954,0.050048828125,0.0037956080559524707,9.047131147540983e-05
96256,-0.005482361244503409,0.11311539332382381,-0.18443365045823157,0.034423828125,0.003762913416721858,9.03688524590164e-05
97280,-0.004499351263802964,0.12792692834045738,-0.22488164599053562,0.0595703125,0.005432200960058253,9.026639344262296e-05
98304,-0.00624431564938277,0.22458086686674505,-0.23307598242536187,0.0517578125,0.0043408139536040835,9.016393442622952e-05
99328,-0.010507127677556127,0.15662868221988901,-0.2231939435005188,0.059814453125,0.0060799254206358455,9.006147540983607e-05
100352,-0.004236501234117895,0.09732943802373484,-0.25634227553382516,0.083740234375,0.009669894025137182,8.995901639344263e-05
101376,-0.009572156734066084,0.24899832485243678,-0.25184369552880526,0.048095703125,0.004648432361136656,8.98565573770492e-05
102400,-0.008746223582420498,0.3831385646481067,-0.2775163210462779,0.0849609375,0.006358611353789456,8.975409836065574e-05
103424,-0.009557260986184701,0.41908250423148274,-0.24783931579440832,0.09130859375,0.007894324815424625,8.965163934426229e-05
104448,-0.005094868945889175,0.20579783397261053,-0.257485878886655,0.079833984375,0.006710646259307396,8.954918032786885e-05
105472,-0.006550070553203113,0.5214197062887251,-0.2940870663151145,0.085205078125,0.005765417830843944,8.944672131147542e-05
106496,-0.004610394214978442,0.34919953148346394,-0.27785007120110095,0.051025390625,0.005138706226716749,8.934426229508197e-05
107520,-0.0044493200912256725,0.3360829061130062,-0.27670977683737874,0.058349609375,0.006309168456937186,8.924180327868853e-05
108544,-0.011289996225968935,0.34812168776988983,-0.2807440711185336,0.07177734375,0.0050488374108681455,8.913934426229509e-05
109568,-0.015492353049921803,0.19387734588235617,-0.23754016286693513,0.11279296875,0.009761755725776311,8.903688524590164e-05
110592,-0.008189259926439263,0.1604189994977787,-0.22186670056544244,0.043212890625,0.003628847625805065,8.89344262295082e-05
111616,-0.006065448833396658,0.14046335994498804,-0.21396608836948872,0.046142578125,0.0046385863606701605,8.883196721311475e-05
112640,-0.00774890193133615,0.06570288399234414,-0.19687586301006377,0.06298828125,0.006194579415023327,8.872950819672131e-05
113664,-0.013805796901579015,0.17070267035160214,-0.22412500623613596,0.074462890625,0.008928655319323298,8.862704918032786e-05
114688,-0.005638820606691297,0.10568638634867966,-0.23106512380763888,0.0712890625,0.007527358531660866,8.852459016393443e-05
115712,-0.015359149416326545,0.23282856855075806,-0.25305744144134223,0.079345703125,0.00821780507976655,8.842213114754099e-05
116736,-0.008895245693565812,0.4078534890431911,-0.25118497922085226,0.054931640625,0.004098921053810045,8.831967213114755e-05
117760,-0.007044671947369352,0.15379772207234055,-0.23250373895280063,0.048583984375,0.0043209710565861315,8.82172131147541e-05
118784,-0.007789428971591406,0.6513563287444413,-0.2476426800712943,0.07666015625,0.006414300536562223,8.811475409836066e-05
119808,-0.0006463705067289993,0.5566260314080864,-0.27396457898430526,0.0771484375,0.006537953224324156,8.801229508196723e-05
120832,-0.006154140763101168,0.3758727051317692,-0.2586772060021758,0.080078125,0.006294873324804939,8.790983606557378e-05
121856,-0.006956979064852931,0.04848186898743734,-0.23823771765455604,0.04150390625,0.0033194208444911055,8.780737704918032e-05
122880,-0.008666356487083249,0.15184588194824755,-0.23619518731720746,0.057861328125,0.005458706342324149,8.770491803278689e-05
123904,-0.005517611338291317,0.19456556078512222,-0.2146356892772019,0.044921875,0.005205648529226892,8.760245901639345e-05
124928,-0.010075698228320107,0.09136343939462677,-0.24992186506278813,0.050048828125,0.004500133036344778,8.75e-05
125952,-0.008421710059337784,0.1886430705199018,-0.23640160891227424,0.0380859375,0.00393776527926093,8.739754098360656e-05
126976,-0.004282570072973613,0.22621751920087263,-0.26507424027659,0.053955078125,0.005444096095743589,8.729508196721312e-05
128000,-0.007721488531387877,0.5042869935277849,-0.28779687313362956,0.052734375,0.00448569414584199,8.719262295081967e-05
129024,-0.012170633519417606,0.5326334172859788,-0.2743197449017316,0.078125,0.0056106756601366214,8.709016393442624e-05
130048,-0.0048136301775230095,0.11590047605568543,-0.2224480053409934,0.03271484375,0.003477623286016751,8.698770491803279e-05
131072,-0.00887807373146643,0.14855222712503746,-0.21939432830549777,0.044189453125,0.004624121240340173,8.688524590163935e-05
132096,-0.008314314000017475,0.20039510366041213,-0.21106752613559365,0.053955078125,0.005132447891810443,8.67827868852459e-05
133120,-0.006798614005674608,0.12647717690560967,-0.2328489285428077,0.072021484375,0.006606877490412444,8.668032786885246e-05
134144,-0.006432832618884277,0.10034549958072603,-0.214764344971627,0.046142578125,0.003985621144238394,8.657786885245902e-05
135168,-0.007302996797079686,0.11094561996287666,-0.23178119771182537,0.03662109375,0.0035416653772699647,8.647540983606559e-05
136192,-0.006953294461709447,0.09965367868426256,-0.2349168558139354,0.051513671875,0.006756033704732545,8.637295081967213e-05
137216,-0.006770175983547233,0.11424546764465049,-0.2568405829370022,0.043212890625,0.004087992485438008,8.627049180327868e-05
138240,-0.009546301633235998,0.46899885311722755,-0.2919158914592117,0.06005859375,0.005236285665887408,8.616803278688526e-05
139264,-0.009643388017138932,0.19281367061194032,-0.2544054032769054,0.06494140625,0.005588419320702087,8.606557377049181e-05
140288,-0.012457268348953221,0.30927339754998684,-0.27604157966561615,0.07177734375,0.00563321310619358,8.596311475409836e-05
141312,-0.008218696246331092,0.2371134425047785,-0.252260081237182,0.037841796875,0.0038759490053053014,8.586065573770492e-05
142336,-0.006936439920536941,0.3819866592530161,-0.2523756173904985,0.057373046875,0.005270550595014356,8.575819672131148e-05
143360,-0.012107372080208734,0.16023630689596757,-0.2423800267279148,0.07666015625,0.006121651917055715,8.565573770491803e-05
144384,-0.009089658531593159,0.19171041145455092,-0.20932378247380257,0.0810546875,0.011156744236359373,8.55532786885246e-05
145408,-0.011663460834824946,0.17950446298345923,-0.2622893527150154,0.07275390625,0.007337749542784877,8.545081967213116e-05
146432,-0.008987111963506322,0.19209073821548373,-0.2594117459375411,0.0546875,0.006589659227756783,8.53483606557377e-05
147456,-0.010370477306423709,0.30198105331510305,-0.2601467033382505,0.056396484375,0.006144916602352168,8.524590163934427e-05
148480,-0.005975078667688649,0.1698957458138466,-0.25555160408839583,0.096923828125,0.008192920344299637,8.514344262295082e-05
149504,-0.005043787474278361,0.22217430057935417,-0.2478511119261384,0.048583984375,0.0049212117155548185,8.504098360655738e-05
150528,-0.007249349320773035,0.07303130911896005,-0.23920747451484203,0.0849609375,0.007440220841090195,8.493852459016394e-05
151552,-0.005857913798536174,0.12626143789384514,-0.24030291428789496,0.063232421875,0.0056464281005901285,8.483606557377049e-05
152576,-0.008898402797058225,0.12982331705279648,-0.23304816102609038,0.06298828125,0.005492679389135446,8.473360655737706e-05
153600,-0.007795247758622281,0.09116588847246021,-0.2430313676595688,0.04296875,0.005034854119003285,8.463114754098362e-05
154624,-0.008372401993256062,0.2608856282895431,-0.2702686097472906,0.0556640625,0.00546531879081158,8.452868852459017e-05
155648,-0.008395247175940312,0.1144232117512729,-0.23876318614929914,0.044921875,0.005259684192424174,8.442622950819672e-05
156672,0.007927174039650708,0.07461491561844014,-0.26870864466764033,0.094970703125,0.00950451703829458,8.432377049180329e-05
157696,-0.008545092401618604,0.1711728511727415,-0.2596285182517022,0.0595703125,0.006435836934542749,8.422131147540984e-05
158720,-0.007307813899387838,0.17525477497838438,-0.22766503924503922,0.0556640625,0.006588228839973453,8.411885245901639e-05
159744,-0.0055358735407935455,0.1285045082331635,-0.21791885420680046,0.034912109375,0.004778154550876934,8.401639344262295e-05
160768,-0.007969715872604866,0.044304709997959435,-0.210271748714149,0.038818359375,0.0044978270889259875,8.391393442622952e-05
161792,-0.00858375911047915,0.2061419771052897,-0.24984217202290893,0.06982421875,0.009386385761899874,8.381147540983607e-05
162816,-0.00791413363549509,0.061161143908975646,-0.22753099096007645,0.06591796875,0.006647083479037974,8.370901639344263e-05
163840,-0.007904928745119832,0.27681291627231985,-0.2646131182555109,0.04931640625,0.005263118066068273,8.360655737704919e-05
164864,-0.009426224358321633,0.1922438635956496,-0.259066580561921,0.041259765625,0.005435709346784279,8.350409836065574e-05
165888,-0.002589796597021632,0.3056205954635516,-0.2781521112192422,0.044921875,0.003783806227147579,8.34016393442623e-05
166912,-0.009924077727191616,0.4663619343191385,-0.2876567686907947,0.051025390625,0.004390431095089298,8.329918032786885e-05
167936,-0.0061018209453322925,0.254708671127446,-0.2639616341330111,0.036865234375,0.00329641172720585,8.319672131147541e-05
168960,-0.009271135204471648,0.3332564076408744,-0.26658149086870253,0.04150390625,0.0033753497918951325,8.309426229508198e-05
169984,-0.00830244640383171,0.17832892446313053,-0.2384918888565153,0.0439453125,0.004314732796046883,8.299180327868853e-05
171008,-0.003714232247148175,0.3999699759297073,-0.27129352162592113,0.03125,0.003282119956566021,8.288934426229509e-05
172032,-0.008842040537274443,0.07798468638793565,-0.23061861121095717,0.047607421875,0.004536891799943987,8.278688524590165e-05
173056,-0.004987589156371541,0.30286422942299396,-0.24770868197083473,0.0517578125,0.005681211194314528,8.26844262295082e-05
174080,-0.005702840382582508,0.1651172650163062,-0.2533186993096024,0.064453125,0.00598561348306248,8.258196721311475e-05
175104,-0.008623784931842238,0.3527237782254815,-0.2408260079100728,0.047607421875,0.004610210060491227,8.247950819672133e-05
176128,-0.007558226636319887,0.08254457978182472,-0.24764329311437905,0.062744140625,0.0054705819638911635,8.237704918032787e-05
177152,-0.009786036011064425,0.19883774290792644,-0.2614999171346426,0.050537109375,0.004732924833660945,8.227459016393442e-05
178176,-0.008298564973301836,0.2491241681855172,-0.25885067135095596,0.04345703125,0.0035494277617544867,8.217213114754099e-05
179200,-0.009377706330269575,0.19369425857439637,-0.2545991011429578,0.04150390625,0.0038887429182068445,8.206967213114755e-05
180224,-0.008988434627099195,0.24161767004989088,-0.25997036416083574,0.048583984375,0.0044053592791897245,8.19672131147541e-05
181248,-0.005057197337009711,0.153975696885027,-0.2596964603289962,0.04345703125,0.004356892088253517,8.186475409836066e-05
182272,-0.008164559985743836,0.4567703229840845,-0.26460430305451155,0.06884765625,0.006332649034447968,8.176229508196722e-05
183296,-0.010215458831225988,0.20798077923245728,-0.25200990913435817,0.074951171875,0.006120081263361499,8.165983606557377e-05
184320,-0.0097559749847278,0.1416289137559943,-0.2636163623537868,0.05224609375,0.005811938121041749,8.155737704918032e-05
185344,-0.005029770101828035,0.4355576161760837,-0.28761288127861917,0.055419921875,0.0041979046145570464,8.145491803278688e-05
186368,-0.008999148340080865,0.35832486889557913,-0.2643436389043927,0.05078125,0.004802840579941403,8.135245901639345e-05
187392,-0.01143899183080066,0.18929645756725222,-0.25498704542405903,0.08349609375,0.006081397601519711,8.125000000000001e-05
188416,-0.009801412918022834,0.2591810271842405,-0.24755392572842538,0.052734375,0.006682138533506077,8.114754098360656e-05
189440,-0.0022323043303913437,0.05105377992731519,-0.23346774629317224,0.02294921875,0.0027742056336137466,8.104508196721312e-05
190464,-0.0059107017077622,0.12113543599843979,-0.25909243803471327,0.052001953125,0.005005864404665772,8.094262295081968e-05
191488,-0.00655161064787535,0.6817878144793212,-0.29939315910451114,0.037109375,0.004646051253075711,8.084016393442623e-05
192512,-0.007173815774876857,0.25552433682605624,-0.2575600082054734,0.052978515625,0.005034216832427774,8.073770491803278e-05
193536,-0.010081263433676213,0.11595486814621836,-0.2479295397643,0.046875,0.004989246095647104,8.063524590163935e-05
194560,-0.007355608067882713,0.28381890966556966,-0.25681570800952613,0.0517578125,0.010310319972631987,8.053278688524591e-05
195584,-0.0055568233437952586,0.37171719514299184,-0.27162239723838866,0.057861328125,0.004572024197841529,8.043032786885246e-05
196608,-0.006240163907932583,0.10838185023749247,-0.24312091688625515,0.04248046875,0.0043005550833186135,8.032786885245902e-05
197632,-0.005716511630453169,0.6420551468618214,-0.31663172342814505,0.057861328125,0.0054888520535314456,8.022540983606558e-05
198656,-0.00880431537370896,0.14065153151750565,-0.2531085673253983,0.045654296875,0.005643522097670939,8.012295081967213e-05
199680,-0.007521956536947982,0.45886439527384937,-0.2968741161748767,0.061279296875,0.005215667886659503,8.002049180327868e-05
200704,-0.00655958459537942,0.577847255859524,-0.3000587678980082,0.049072265625,0.005516561526746955,7.991803278688526e-05
201728,-0.0061932895478094,0.43068980728276074,-0.2772007971070707,0.05810546875,0.006205868659890257,7.98155737704918e-05
202752,-0.003393247156054713,0.23025756992865354,-0.2516514821909368,0.055419921875,0.0039756098776706494,7.971311475409835e-05
203776,-0.00935216128709726,0.10104312613839284,-0.24125011707656085,0.057373046875,0.008143727383867372,7.961065573770492e-05
204800,-0.008867859301972203,0.2593282036250457,-0.2612074092030525,0.094970703125,0.00611680191650521,7.950819672131148e-05
205824,-0.007396832814265508,0.16390792455058545,-0.2485539922490716,0.033935546875,0.004546319985820446,7.940573770491804e-05
206848,-0.010654002697265241,0.3775022628251463,-0.24302941607311368,0.04833984375,0.005226874163781758,7.930327868852459e-05
207872,-0.009227989743521903,0.08127850672462955,-0.2377817090600729,0.052734375,0.005603473495284561,7.920081967213115e-05
208896,-0.008114820186165161,0.1592632794054225,-0.23340596933849156,0.037841796875,0.0038548028605873697,7.90983606557377e-05
209920,-0.0075626285033649765,0.18163158930838108,-0.24353106459602714,0.05908203125,0.004900465290120337,7.899590163934427e-05
210944,-0.011271269206190482,0.1582270084763877,-0.22856552083976567,0.0556640625,0.006865969713544473,7.889344262295082e-05
211968,-0.006805825039919,0.28384115430526435,-0.24643615586683154,0.056396484375,0.0051469967074808665,7.879098360655738e-05
212992,-0.008483623576466925,0.15953248977893963,-0.23533167084679008,0.04150390625,0.004668790104915388,7.868852459016394e-05
214016,-0.005101778311654925,0.11400034878170118,-0.20474644284695387,0.0478515625,0.006402140628779307,7.858606557377049e-05
215040,-0.007523922933614813,0.29534232220612466,-0.22129684034734964,0.04443359375,0.005324840814864729,7.848360655737705e-05
216064,-0.007033075627987273,0.12435639859177172,-0.21253903640899807,0.045166015625,0.004179556533927098,7.838114754098362e-05
217088,-0.009705199743621051,0.08097890199860558,-0.19503331021405756,0.053466796875,0.004744506521092262,7.827868852459018e-05
218112,-0.00536049028596608,0.07282479421701282,-0.21068570134229958,0.032470703125,0.003253707822295837,7.817622950819671e-05
219136,-0.010644935500749853,0.1948974832193926,-0.2452176921069622,0.088134765625,0.00880962326482404,7.807377049180329e-05
220160,-0.004829191864700988,0.15782278240658343,-0.22155292029492557,0.046142578125,0.005546556429180782,7.797131147540984e-05
221184,-0.00658737921185093,0.24703770462656394,-0.24379221629351377,0.045166015625,0.0051572033553384244,7.78688524590164e-05
222208,-0.007333670426305616,0.13945743860676885,-0.2155394502915442,0.037353515625,0.0036129313084529713,7.776639344262295e-05
223232,-0.007709914745646529,0.27485435048583895,-0.24092552484944463,0.055419921875,0.00504336939775385,7.766393442622951e-05
224256,-0.006860143610538216,0.5417239833623171,-0.2942128567956388,0.067626953125,0.005784161789051723,7.756147540983608e-05
225280,-0.005044903555244673,0.8171772493515164,-0.2950137204024941,0.034912109375,0.0038505129268742166,7.745901639344263e-05
226304,-0.009345200611278415,0.4009300200268626,-0.28411616012454033,0.0634765625,0.004554459941573441,7.735655737704919e-05
227328,-0.008938510312873404,0.306474840734154,-0.2573628509417176,0.04541015625,0.004772079118993133,7.725409836065574e-05
228352,-0.014030840844498016,0.4160334807820618,-0.252785470103845,0.068115234375,0.0060182751622051,7.71516393442623e-05
229376,-0.010717106037191115,0.16300032241269946,-0.2103023282252252,0.06787109375,0.006552874496264849,7.704918032786885e-05
230400,-0.008290053316159174,0.44106504530645907,-0.23891418357379735,0.038818359375,0.004357323508884292,7.694672131147541e-05
231424,-0.009965599572751671,0.11965291952947155,-0.22173340688459575,0.050537109375,0.005968750920146704,7.684426229508197e-05
232448,-0.0055630613715038635,0.3319622428389266,-0.2461719166021794,0.043212890625,0.004138871576287784,7.674180327868852e-05
233472,-0.00939815110177733,0.37352595990523696,-0.2268809382803738,0.054931640625,0.0044104276385041885,7.663934426229509e-05
234496,-0.010182708385400474,0.07829037445480935,-0.22964683291502297,0.06591796875,0.006459745338361245,7.653688524590165e-05
235520,-0.007215649340650998,0.22238710103556514,-0.22929938114248216,0.044677734375,0.005517710917047225,7.643442622950821e-05
236544,-0.007467569666914642,0.35930515942163765,-0.24004107131622732,0.045654296875,0.005020322700147517,7.633196721311475e-05
237568,-0.010303249291609973,0.14679954026360065,-0.19876027526333928,0.050048828125,0.005139288870850578,7.622950819672132e-05
238592,-0.0064457681437488645,0.19916298880707473,-0.22234455053694546,0.0615234375,0.004447161976713687,7.612704918032787e-05
239616,-0.006672799856460188,0.3764598559355363,-0.21671103918924928,0.035888671875,0.0038288600917439908,7.602459016393443e-05
240640,-0.008962319487181958,0.22175703453831375,-0.22834558226168156,0.0419921875,0.004867569747148082,7.592213114754098e-05
241664,-0.007253208248584997,0.2561818746617064,-0.20860782195813954,0.0361328125,0.004556071624392644,7.581967213114755e-05
242688,-0.006418082124582725,0.2547718230634928,-0.20309846475720406,0.074462890625,0.00558255024952814,7.571721311475411e-05
243712,-0.010004305695474613,0.28607090492732823,-0.22128170309588313,0.06396484375,0.0062148080542101525,7.561475409836066e-05
244736,-0.005160089902346954,0.3197382013313472,-0.2211006183642894,0.061279296875,0.006259170208068099,7.551229508196722e-05
245760,-0.00925596591696376,0.3194916290231049,-0.18798747472465038,0.044677734375,0.0070847580063855276,7.540983606557377e-05
246784,-0.007664741518965457,0.41497347177937627,-0.19424442492891103,0.034423828125,0.0028921273988089524,7.530737704918033e-05
247808,-0.006637209276959766,0.2708419767441228,-0.2087725072633475,0.0390625,0.004385121232189704,7.520491803278688e-05
248832,-0.005831621907418594,0.2845495257060975,-0.21383628365583718,0.027587890625,0.0034809396893251687,7.510245901639344e-05
249856,-0.006735521601513028,0.4701870554126799,-0.20132878585718572,0.055908203125,0.004496463778195903,7.500000000000001e-05
250880,-0.007361546726315282,0.6879333718679845,-0.2089474538806826,0.04931640625,0.00564434465195518,7.489754098360656e-05
251904,-0.006885580427478999,0.47177273291163146,-0.17508058913517743,0.03173828125,0.002795866246742662,7.479508196721312e-05
252928,-0.0050509434076957405,0.4309187075123191,-0.14908320328686386,0.02001953125,0.002012193333939649,7.469262295081967e-05
253952,-0.007287393062142655,0.48688738397322595,-0.18315611535217613,0.0732421875,0.00580047500989167,7.459016393442624e-05
254976,-0.005464347079396248,0.603207659907639,-0.1846723158378154,0.03662109375,0.004157668918196578,7.448770491803278e-05
256000,-0.005598969954007771,0.4560110082384199,-0.1643283956218511,0.030517578125,0.0026149189870920964,7.438524590163936e-05
257024,-0.005562174192164093,0.39893336896784604,-0.16170039447024465,0.033203125,0.0034412830573273823,7.42827868852459e-05
258048,-0.006211202700797003,0.542815864784643,-0.15562415518797934,0.032470703125,0.003194142220309004,7.418032786885247e-05
259072,-0.006459944386733696,0.32118038344196975,-0.13006854080595076,0.02978515625,0.0035467458874336444,7.407786885245902e-05
260096,-0.005472001692396589,0.5011942274868488,-0.12956590263638645,0.021240234375,0.0019176170098944567,7.397540983606558e-05
261120,-0.004947815818013623,0.3385041090659797,-0.14995085424743593,0.03173828125,0.004247851466061547,7.387295081967214e-05
262144,-0.004780435556313023,0.6756415036506951,-0.11312480061315,0.0185546875,0.002292595600010827,7.377049180327869e-05
263168,-0.005739810498198494,0.4205378629267216,-0.13884980604052544,0.0361328125,0.004503455085796304,7.366803278688525e-05
264192,-0.0062010521069169044,0.2890699594281614,-0.14407155010849237,0.054931640625,0.003994686434452888,7.35655737704918e-05
265216,-0.002459032359183766,0.579649408813566,-0.12307786580640823,0.011962890625,0.0012386913658701815,7.346311475409837e-05
266240,-0.004859949374804273,0.6410021069459617,-0.105575357505586,0.020751953125,0.0029969557654112577,7.336065573770491e-05
267264,-0.003822088758170139,0.5103792794980109,-0.16277888102922589,0.021240234375,0.0022517481047543697,7.325819672131148e-05
268288,-0.004983648483175784,0.3926711983513087,-0.11612780869472772,0.03369140625,0.0028447635559132323,7.315573770491804e-05
269312,-0.00825788444490172,1.068742620293051,-0.17472930531948805,0.046875,0.0038972349066170864,7.305327868852459e-05
270336,-0.0063368792325491086,0.6326287428382784,-0.14157838700339198,0.0419921875,0.004296266037272289,7.295081967213115e-05
271360,-0.0034110634078388102,0.685988019220531,-0.08593488452606834,0.015380859375,0.0019450768086244352,7.28483606557377e-05
272384,-0.0063041748508112505,0.499219921650365,-0.12509671167936176,0.022705078125,0.002776864916086197,7.274590163934428e-05
273408,-0.004727584120701067,0.5301058008335531,-0.08240355888847262,0.019775390625,0.002001089545956347,7.264344262295081e-05
274432,-0.004358366393717006,0.7129811854101717,-0.08254136802861467,0.013671875,0.0015187966637313366,7.254098360655738e-05
275456,-0.005552456175792031,0.8417982873506844,-0.1423172210343182,0.029296875,0.002847262570867315,7.243852459016394e-05
276480,-0.008168114378349856,0.422789340140298,-0.1529166668187827,0.047607421875,0.005019327363697812,7.23360655737705e-05
277504,-0.004052839911310002,0.6185017698444426,-0.10784454015083611,0.013916015625,0.0015521221066592261,7.223360655737705e-05
278528,-0.005701777903595939,0.7806966556236148,-0.14184399729128927,0.019287109375,0.001617070724023506,7.213114754098361e-05
279552,-0.005098839967104141,0.4513192190788686,-0.11627167294500396,0.033447265625,0.005440586763143074,7.202868852459018e-05
280576,-0.00268051333114272,1.6689698407426476,-0.19209733558818698,0.035888671875,0.00446933729108423,7.192622950819672e-05
281600,-0.007514528144383803,0.7586007155478001,-0.1407659313408658,0.028076171875,0.0028675404901150614,7.182377049180329e-05
282624,-0.007362109870882705,1.6556178107857704,-0.2529223095625639,0.02978515625,0.002838964486727491,7.172131147540984e-05
283648,-0.007532232084486168,0.9880303433164954,-0.20374116534367204,0.0458984375,0.005092143299407326,7.16188524590164e-05
284672,-0.0033499457422294654,2.016246985644102,-0.27897171420045197,0.054931640625,0.004872740937571507,7.151639344262295e-05
285696,-0.007811833813320845,1.395199742168188,-0.23831547889858484,0.0556640625,0.004749657731736079,7.141393442622951e-05
286720,-0.005959144400549121,1.2598118782043457,-0.2351525730919093,0.024658203125,0.0029947612929390743,7.131147540983607e-05
287744,-0.004920990526443347,1.277367953211069,-0.2534581411164254,0.035888671875,0.003758109887712635,7.120901639344264e-05
288768,-0.007734928145509912,1.324274804443121,-0.24396798573434353,0.0556640625,0.004235644766595215,7.110655737704918e-05
289792,-0.00837679151300108,0.8657591105438769,-0.19629066879861057,0.05517578125,0.005709313882107381,7.100409836065573e-05
290816,-0.006188924424350262,1.3277969295158982,-0.2529907615389675,0.064208984375,0.004617190337739885,7.090163934426231e-05
291840,-0.004709101631306112,0.9550564689561725,-0.15979344118386507,0.038330078125,0.004018090381578077,7.079918032786886e-05
292864,-0.007987649798451457,0.8633245821110904,-0.14331153698731214,0.033935546875,0.0025951392599381506,7.069672131147541e-05
293888,-0.005312121938914061,0.5115548800677061,-0.12753955833613873,0.041015625,0.003511802715365775,7.059426229508197e-05
294912,-0.003772867643419886,0.721075679641217,-0.1424158135196194,0.017578125,0.001743550761602819,7.049180327868853e-05
295936,-0.003371931474248413,0.4011388528160751,-0.07113854165072553,0.011474609375,0.0010701852588681504,7.038934426229508e-05
296960,-0.011238456077990122,0.9582141945138574,-0.1373599487124011,0.041259765625,0.003318066526844632,7.028688524590163e-05
297984,-0.005059437215095386,0.6724600964225829,-0.1217534199822694,0.019775390625,0.002400913399469573,7.018442622950821e-05
299008,-0.0021183673525229096,0.5147911929525435,-0.06587879694416188,0.014404296875,0.0013462329588946886,7.008196721311476e-05
300032,-0.003101984977547545,0.6413837317377329,-0.08366320381173864,0.01708984375,0.0013466217860695906,6.997950819672132e-05
301056,-0.004135549155762419,0.487390807364136,-0.0845490105857607,0.0166015625,0.001950121484696865,6.987704918032787e-05
302080,-0.002215806111053098,0.7082426091656089,-0.0939279364538379,0.01318359375,0.0009412405415787362,6.977459016393443e-05
303104,-0.0039179884843179025,0.492920208722353,-0.08273380831815302,0.0205078125,0.0025839601876214147,6.967213114754098e-05
304128,-0.003219747253751848,0.8092603576369584,-0.10081350640393794,0.0126953125,0.001158457474957686,6.956967213114754e-05
305152,-0.005344581419194583,0.5371883143670857,-0.10940524010220543,0.02197265625,0.002414710230368655,6.94672131147541e-05
306176,-0.004439525859197602,0.4978700065985322,-0.1174562864471227,0.0205078125,0.002742425407632254,6.936475409836066e-05
307200,-0.0016281130665447563,0.3664663329254836,-0.05829434737097472,0.017822265625,0.0016548961066291668,6.926229508196722e-05
308224,-0.007655101187992841,0.9344060104340315,-0.10665917332516983,0.0390625,0.004101903694390785,6.915983606557377e-05
309248,-0.003237028755393112,0.508502240292728,-0.07647901159361936,0.024658203125,0.0017157626498374157,6.905737704918034e-05
310272,-0.0024104366566461977,0.581409515812993,-0.07699147675884888,0.017578125,0.0015816104569239542,6.895491803278689e-05
311296,-0.0042138104981859215,0.5438163680955768,-0.10049344575963914,0.03466796875,0.0030278986814664677,6.885245901639344e-05
312320,-0.002741777294431813,0.8167763678357005,-0.10059097490739077,0.02294921875,0.002319642160728108,6.875e-05
313344,-0.003886974860506598,0.4510477369185537,-0.06184450016007759,0.009765625,0.0010024074945249595,6.864754098360657e-05
314368,-0.0036655320072895847,0.5442649442702532,-0.08550346866832115,0.01953125,0.0020364271840662695,6.854508196721312e-05
315392,-0.0037176675687078387,0.9162838663905859,-0.09740810131188482,0.016845703125,0.001263504869712051,6.844262295081967e-05
316416,-0.0021489824648597278,0.7633346077054739,-0.09552260691998526,0.011962890625,0.0023197747868834995,6.834016393442624e-05
317440,-0.0031756681892147753,0.7873372659087181,-0.10113696218468249,0.01904296875,0.0018487391716917045,6.823770491803279e-05
318464,-0.002329270137124695,0.6867865305393934,-0.08758220949675888,0.010009765625,0.0014932640115148388,6.813524590163935e-05
319488,-0.003657413457403891,0.6597251514904201,-0.09933099622139707,0.04150390625,0.0029806525926687755,6.80327868852459e-05
320512,-0.0039054289954947308,0.7891442850232124,-0.09578189486637712,0.025634765625,0.0033794112168834545,6.793032786885246e-05
321536,-0.004236660010064952,0.6069954249542207,-0.08564656256930903,0.01123046875,0.0013752243394264951,6.782786885245901e-05
322560,-0.0033709485214785673,0.6173476979602128,-0.07674706331454217,0.020751953125,0.0017796820829971693,6.772540983606558e-05
323584,-0.0026373061118647456,0.8967588995583355,-0.10536706837592646,0.0244140625,0.004101999904378317,6.762295081967214e-05
324608,-0.005093233092338778,0.7214657571166754,-0.10266543354373425,0.017578125,0.001677210137131624,6.752049180327869e-05
325632,-0.006684751744614914,1.1261615478433669,-0.10900354257319123,0.03271484375,0.0035993523633806035,6.741803278688525e-05
326656,-0.004289173128199764,1.1337602832354605,-0.12917330162599683,0.020263671875,0.0019379288642085157,6.73155737704918e-05
327680,-0.003828886568953749,0.48969620652496815,-0.04909535082697403,0.01953125,0.002081837439618539,6.721311475409838e-05
328704,-0.003712970737979049,1.4698936324566603,-0.12136819260194898,0.03173828125,0.002679079887457192,6.711065573770493e-05
329728,-0.0022636173998762388,0.5906285233795643,-0.07332268558093347,0.01708984375,0.0020158740007900633,6.700819672131147e-05
330752,-0.003107633427134715,0.8009714768268168,-0.09254624170716852,0.020751953125,0.0016699219195288606,6.690573770491804e-05
331776,-0.0020611032523447648,0.7147020096890628,-0.05891782927210443,0.016357421875,0.0016675396254868247,6.68032786885246e-05
332800,-0.002896225625590887,0.3466731372755021,-0.05336135215475224,0.015380859375,0.002008491093874909,6.670081967213115e-05
333824,-0.0031896084765321575,0.8273338465951383,-0.08086820918833837,0.01806640625,0.0018906757832155563,6.65983606557377e-05
334848,-0.004911882468149997,0.7350123031064868,-0.09054268774343655,0.016845703125,0.0018983031404786743,6.649590163934427e-05
335872,-0.004676460310292896,0.9291562968865037,-0.07420285354601219,0.01708984375,0.002618581878778059,6.639344262295082e-05
336896,-0.001983190857572481,0.8057021186687052,-0.09100984578253701,0.013671875,0.0013970548825454898,6.629098360655737e-05
337920,-0.0035393533180467784,0.9077963642776012,-0.07947699126088992,0.02392578125,0.002453552806400694,6.618852459016394e-05
338944,-0.0045221803011372685,0.4309618375264108,-0.07012580972514115,0.02001953125,0.002199469476181548,6.60860655737705e-05
339968,-0.0038951918031671084,1.1123096509836614,-0.10286138171795756,0.033935546875,0.0047083040699362755,6.598360655737705e-05
340992,-0.002353091746044811,0.7386731849983335,-0.0767718346323818,0.017333984375,0.002136007424269337,6.588114754098361e-05
342016,-0.008712021583050955,0.7089747481513768,-0.088638341112528,0.03955078125,0.0036711774810100906,6.577868852459017e-05
343040,-0.004145278944633901,0.7600413034670055,-0.06808011035900563,0.016845703125,0.00394010721356608,6.567622950819672e-05
344064,-0.005941754556261003,0.7787532315123826,-0.09708680782932788,0.018798828125,0.0023860959117882885,6.557377049180328e-05
345088,-0.0029331731566344388,1.0845849867910147,-0.08849150646710768,0.010009765625,0.0013707165198866278,6.547131147540983e-05
346112,-0.002135716211341787,1.810936501249671,-0.14165688341017812,0.042724609375,0.005322319397237152,6.53688524590164e-05
347136,-0.0034425920675857924,1.3860563496127725,-0.15838351706042886,0.027587890625,0.0029211002329248004,6.526639344262296e-05
348160,-0.005550157708057668,2.240340255200863,-0.18804577609989792,0.03515625,0.003409183962503448,6.516393442622951e-05
349184,-0.0033672167264739983,0.7982897209003568,-0.10507575701922178,0.024658203125,0.00223506691691,6.506147540983607e-05
350208,-0.005601388111244887,1.3085888074710965,-0.14345624472480267,0.041748046875,0.0032002565712900832,6.495901639344263e-05
351232,-0.0024771160387899727,0.9258171753026545,-0.09540118597215042,0.0341796875,0.003139163942250889,6.485655737704918e-05
352256,-0.003622017175075598,1.0386908585205674,-0.11910907586570829,0.026611328125,0.002849798824172467,6.475409836065573e-05
353280,-0.005987598393403459,1.1846493408083916,-0.12987216853071004,0.018310546875,0.0023631110379938036,6.465163934426231e-05
354304,-0.004289364005671814,1.3238774868659675,-0.14407107210718095,0.029296875,0.0024732931924518198,6.454918032786886e-05
355328,-0.005372533843910787,1.214114853180945,-0.13750630151480436,0.04052734375,0.0030931455839890987,6.44467213114754e-05
356352,-0.004458062037883792,1.1778267351910472,-0.13714885420631617,0.017822265625,0.0018901913645095192,6.434426229508197e-05
357376,-0.004950513888616115,0.9846000424586236,-0.10609746968839318,0.015380859375,0.001421188295353204,6.424180327868853e-05
358400,-0.003360085036547389,0.812594962771982,-0.09521818213397637,0.010986328125,0.0008255198335973546,6.41393442622951e-05
359424,-0.003996988547442015,0.7533644270151854,-0.08068994752829894,0.0205078125,0.0032256190170301124,6.403688524590163e-05
360448,-0.0048989090719260275,1.0500478078611195,-0.12449989072047174,0.03173828125,0.005124885254190303,6.39344262295082e-05
361472,-0.004598553583491594,0.8032946307212114,-0.10505571338580921,0.024658203125,0.002487877703970298,6.383196721311475e-05
362496,-0.004729409411083907,1.0269970055669546,-0.09867892821785063,0.02734375,0.0026663907046895474,6.372950819672132e-05
363520,-0.0031686115107731894,0.9378221593797207,-0.09373249160125852,0.012451171875,0.0015964089034241624,6.362704918032787e-05
364544,-0.005806838125863578,0.6921009430661798,-0.10758687130874023,0.02783203125,0.0023962358973221853,6.352459016393443e-05
365568,-0.0033158587975776754,0.632523741107434,-0.08905848703579977,0.01220703125,0.0011885010244441219,6.342213114754099e-05
366592,-0.007054779533063993,1.1690257573500276,-0.15450706682167947,0.0283203125,0.0023882606183178723,6.331967213114754e-05
367616,-0.003141529581625946,0.5091125010512769,-0.06658257980598137,0.010009765625,0.000848031479108613,6.32172131147541e-05
368640,-0.0034379919452476315,0.4968401254154742,-0.08195595705183223,0.010009765625,0.0009587969252606854,6.311475409836065e-05
369664,-0.0028174497856525704,0.559834765503183,-0.09874561981996521,0.017822265625,0.0015270926378434524,6.301229508196722e-05
370688,-0.0040917467849794775,0.58014653949067,-0.08250057985424064,0.015380859375,0.0024270120266010053,6.290983606557376e-05
371712,-0.004914069169899449,1.0666116392239928,-0.11521362641360611,0.01611328125,0.0025927322494680993,6.280737704918034e-05
372736,-0.004589572679833509,0.8550702864304185,-0.1201330206822604,0.03173828125,0.0046667046553920954,6.270491803278689e-05
373760,-0.003581407741876319,0.41057652281597257,-0.06520146958064288,0.016357421875,0.0016231012559728697,6.260245901639344e-05
374784,-0.010597278029308654,1.7780489875003695,-0.16743216884788126,0.0517578125,0.00614908806164749,6.25e-05
375808,-0.004989202534488868,0.6384788795839995,-0.07668496941914782,0.01513671875,0.0018552152760094032,6.239754098360656e-05
376832,-0.004091911992873065,0.8654696815647185,-0.10227633488830179,0.029052734375,0.0040675814234418795,6.229508196721313e-05
377856,-0.004244685485900845,0.5498804079834372,-0.09232273540692404,0.015625,0.0018757282014121301,6.219262295081966e-05
378880,-0.0036605910645448603,0.9244639375247061,-0.08714190986938775,0.0234375,0.0027075613688793965,6.209016393442624e-05
379904,-0.007668836988159455,1.2159579619765282,-0.1479566799243912,0.052978515625,0.003480750587186776,6.198770491803279e-05
380928,-0.002536560881708283,0.3579146082047373,-0.05685711084515788,0.015625,0.0017053053015843034,6.188524590163935e-05
381952,-0.003956915039452724,0.44382779474835843,-0.061404642183333635,0.016845703125,0.002145685037248768,6.17827868852459e-05
382976,-0.0037522019920288585,0.6933029675856233,-0.07939928449923173,0.015380859375,0.0017969030086533166,6.168032786885246e-05
384000,-0.0035649358978844248,0.7628886650782079,-0.08015737601090223,0.012451171875,0.0012561571202240884,6.157786885245902e-05
385024,-0.006466410995926708,1.055160816758871,-0.08740841428516433,0.0244140625,0.0030319244688143954,6.147540983606557e-05
386048,-0.0053322244275477715,0.9431526623666286,-0.09559481096221134,0.01953125,0.002606204114272259,6.137295081967214e-05
387072,-0.004734076544991694,0.9900127942673862,-0.07771247567143291,0.03515625,0.005038055511249695,6.127049180327869e-05
388096,-0.0035005565150640905,0.6468583063688129,-0.06952675007050857,0.018310546875,0.001917110275826417,6.116803278688525e-05
389120,-0.0034133659428334795,2.068666212260723,-0.20957567309960723,0.044189453125,0.003379914312972687,6.10655737704918e-05
390144,-0.00628874906396959,1.5100192655809224,-0.15488081891089678,0.0341796875,0.0032408140250481665,6.0963114754098373e-05
391168,-0.004311820630391594,0.8878833800554276,-0.09766069357283413,0.029052734375,0.004089633875992149,6.0860655737704916e-05
392192,-0.0029152527858968824,0.905818157363683,-0.09532322036102414,0.021728515625,0.003584557765861973,6.075819672131148e-05
393216,-0.00294204089732375,0.6714256126433611,-0.07592264492996037,0.021240234375,0.0023519996102550067,6.0655737704918034e-05
394240,-0.004926437861286104,1.0082789384759963,-0.0987814201216679,0.02783203125,0.0030898099139449187,6.05532786885246e-05
395264,-0.006845512623840477,0.7281728689558804,-0.09421444725012407,0.03173828125,0.006487773753178772,6.045081967213115e-05
396288,-0.0045300519341253676,0.7089760568924248,-0.07933926771511324,0.021728515625,0.003466463094810024,6.03483606557377e-05
397312,-0.002127744461176917,0.6286328290589154,-0.06129456084454432,0.01220703125,0.0014259350864449516,6.024590163934427e-05
398336,-0.003148318672174355,0.6858120476827025,-0.0752832880243659,0.0126953125,0.0014402247034013271,6.014344262295082e-05
399360,-0.005512040792382322,0.5980916756670922,-0.08323553699301556,0.021484375,0.0018812511771102436,6.0040983606557376e-05
400384,-0.00555518087639939,0.9964341800659895,-0.09988805215107277,0.0166015625,0.0034479117894079536,5.993852459016394e-05
401408,-0.0028844889166066423,1.2542156549170613,-0.10750800248933956,0.014892578125,0.0017276580183533952,5.9836065573770495e-05
402432,-0.004147006606217474,0.9311917247250676,-0.10320480237714946,0.013916015625,0.0017010695810313337,5.973360655737705e-05
403456,-0.00068842127075186,0.5574898279737681,-0.06914969848003238,0.011962890625,0.002124143677065149,5.9631147540983614e-05
404480,-0.006160903489217162,0.8801105190068483,-0.08981307208887301,0.023681640625,0.0030860925326123834,5.952868852459017e-05
405504,-0.0064770106473588385,1.6259984532371163,-0.1291048136772588,0.037841796875,0.005288036220008507,5.942622950819672e-05
406528,-0.0038437778493971564,0.9039917271584272,-0.10167192266089842,0.021484375,0.0028855767668574117,5.932377049180329e-05
407552,-0.004880208594840951,0.9825919992290437,-0.10143240581965074,0.012939453125,0.002019272622419521,5.922131147540984e-05
408576,-0.0019442481570877135,1.039188320748508,-0.09938408603193238,0.027587890625,0.002769663798972033,5.911885245901639e-05
409600,-0.003746624177438207,1.2930921874940395,-0.10241882217815146,0.015869140625,0.001759275204676669,5.9016393442622956e-05
410624,-0.0038508589095727075,0.7813755301758647,-0.10176883451640606,0.02294921875,0.001895897716167383,5.891393442622951e-05
411648,-0.003727093120687641,0.5254288173746318,-0.07433516241144389,0.01953125,0.0022061854324419983,5.881147540983607e-05
412672,-0.007221715088235214,1.161641338840127,-0.1088552632718347,0.026611328125,0.0023516292640124448,5.870901639344263e-05
413696,-0.002720038373809075,0.3367276210337877,-0.06420295126736164,0.01416015625,0.002460098323354032,5.8606557377049186e-05
414720,-0.004246632568538189,0.8430794072337449,-0.09960094396956265,0.015869140625,0.0014461874452535994,5.8504098360655735e-05
415744,-0.0018634616062627174,0.7098893236834556,-0.07145768430200405,0.013671875,0.0015655893002985977,5.8401639344262305e-05
416768,-0.00039548720451421104,1.5452505918219686,-0.1202099685324356,0.045654296875,0.003436124687141273,5.8299180327868854e-05
417792,-0.00431819811637979,0.5819834310095757,-0.06905403593555093,0.027587890625,0.002874076606531162,5.819672131147541e-05
418816,-0.0027706348773790523,1.0582083337940276,-0.09961403853958473,0.027099609375,0.0020964982541045174,5.809426229508197e-05
419840,-0.0023387514120258857,0.7440788988023996,-0.0995124444598332,0.0380859375,0.0033154631237266585,5.799180327868853e-05
420864,-0.004372879120637663,0.7968335207551718,-0.07241937474464066,0.017822265625,0.001519688310509082,5.7889344262295084e-05
421888,-0.0054320763374562375,0.45294255716726184,-0.06573112684418447,0.024658203125,0.0029740356985712424,5.778688524590163e-05
422912,-0.004950975737301633,1.2965571801178157,-0.1101458731573075,0.027099609375,0.002674300405487884,5.76844262295082e-05
423936,-0.002097686054185033,0.552957734791562,-0.06789945065975189,0.0166015625,0.0013851653056917712,5.758196721311475e-05
424960,-1.913159212563187e-05,0.8288569080177695,-0.07934786475379951,0.032958984375,0.002315818448550999,5.747950819672132e-05
425984,-0.001191935869428562,0.5510811419226229,-0.05924047181906644,0.013916015625,0.0015457372210221365,5.737704918032787e-05
427008,-0.002451135907904245,0.30936271022073925,-0.05048002400144469,0.013427734375,0.0010903723450610414,5.7274590163934426e-05
428032,-0.0048096438476932235,0.84424695558846,-0.08162844803882763,0.01416015625,0.0016078401095001027,5.717213114754099e-05
429056,-0.0057537653628969565,0.8196718203835189,-0.09578985092230141,0.01904296875,0.00233447746722959,5.7069672131147545e-05
430080,-0.004253827180946246,0.9735290091484785,-0.07678447931539267,0.021240234375,0.003242795391997788,5.69672131147541e-05
431104,-0.0045740544810541905,1.8532693525776267,-0.13066934701055288,0.02490234375,0.003838074619125109,5.686475409836065e-05
432128,-0.001962921982340049,0.7819429612718523,-0.07590684574097395,0.012939453125,0.0015905803738860413,5.676229508196722e-05
433152,-0.0030866441011312418,0.5427636024542153,-0.06597612120094709,0.017822265625,0.00200036966271,5.665983606557377e-05
434176,-0.0017905222193803638,1.0982717610895634,-0.09678707970306277,0.029541015625,0.0030024577063159086,5.655737704918034e-05
435200,-0.002904291744926013,0.307915442972444,-0.051108118321280926,0.015380859375,0.001779376805643551,5.645491803278689e-05
436224,-0.001953055318153929,0.7072819909080863,-0.07267123588826507,0.01416015625,0.0019350059374119155,5.635245901639344e-05
437248,-0.004294451733585447,0.6260290557984263,-0.06779627653304487,0.02880859375,0.006085299923142884,5.6250000000000005e-05
438272,-0.005594986767391674,1.3375898022204638,-0.09856627724366263,0.02783203125,0.0027095161931356415,5.614754098360656e-05
439296,-0.004303835805330891,0.7722035362385213,-0.0660335652064532,0.019775390625,0.002380160163738765,5.604508196721312e-05
440320,-0.0002717063543968834,0.9157917452976108,-0.07341679447563365,0.02587890625,0.0019752894222619943,5.5942622950819666e-05
441344,-0.001993586527532898,0.6175499578239396,-0.07829042110824957,0.020263671875,0.0023502508338424377,5.5840163934426236e-05
442368,-0.0031206421917886473,0.7978889981750399,-0.07339263783069327,0.013427734375,0.0017312529162154533,5.5737704918032785e-05
443392,-0.005611867760308087,1.062567506916821,-0.09462587110465392,0.0263671875,0.0025250646940548904,5.5635245901639354e-05
444416,-0.005617422295472352,3.2390119452029467,-0.21366349747404456,0.083251953125,0.01306232040951727,5.55327868852459e-05
445440,-0.0027353889745427296,0.2149391290731728,-0.04400489170802757,0.012451171875,0.0017727931481203996,5.543032786885246e-05
446464,-0.007150017037929501,2.1312490329146385,-0.16902119992300868,0.036865234375,0.0029169146073400043,5.532786885245902e-05
447488,-0.002537225969717838,0.16817122418433428,-0.03711944434326142,0.01123046875,0.0016371946985600516,5.522540983606558e-05
448512,-0.004364703549072146,0.5001912305597216,-0.06378780651721172,0.02685546875,0.0048980471401591785,5.5122950819672134e-05
449536,-0.001361380964226555,0.5277258828282356,-0.05499758159567136,0.011962890625,0.0018426986134727485,5.502049180327868e-05
450560,-0.007222405314678326,1.883206531405449,-0.17293786315713078,0.0458984375,0.0035877018599421717,5.491803278688525e-05
451584,-0.000865472000441514,2.4679159056395292,-0.17712207790464163,0.022705078125,0.0018073609680868685,5.48155737704918e-05
452608,-0.005399439025495667,1.002949764020741,-0.09457585925702006,0.046875,0.003494720069284085,5.471311475409837e-05
453632,-0.005339125265891198,0.5946385257411748,-0.0804333160049282,0.03564453125,0.0027277781409793533,5.461065573770492e-05
454656,-0.006462075740273576,0.5828830926911905,-0.05474981517181732,0.01806640625,0.002233752245956566,5.4508196721311476e-05
455680,-0.00475156755419448,0.3972613571677357,-0.06286692290450446,0.024169921875,0.0024877268151612952,5.440573770491804e-05
456704,-0.0023660396836930886,0.7171561203431338,-0.05897946102777496,0.010986328125,0.0011298343815724365,5.4303278688524594e-05
457728,-0.002497485351341311,0.9740160182118416,-0.07004282486741431,0.0087890625,0.0010001786868087947,5.420081967213115e-05
458752,-0.00256096402881667,0.4638130866223946,-0.0543070288549643,0.010498046875,0.0007187777664512396,5.40983606557377e-05
459776,-0.003857239193166606,0.7511570979841053,-0.07606027991278097,0.016357421875,0.0013503025329555385,5.399590163934427e-05
460800,-0.0021521344715438318,0.43592662876471877,-0.04818558457191102,0.01416015625,0.0012737562574329786,5.389344262295082e-05
461824,-0.00304668270109687,0.5978658003732562,-0.07203201230731793,0.01513671875,0.0017887081485241652,5.3790983606557374e-05
462848,-0.0033832551634986885,1.1124368738383055,-0.06379307952011004,0.018310546875,0.0021706948973587714,5.3688524590163936e-05
463872,-0.00204907325678505,0.6733566822949797,-0.05750842177076265,0.010009765625,0.0010491471621207893,5.358606557377049e-05
464896,-0.0024548428336856887,0.639913086546585,-0.05508011524216272,0.016357421875,0.0028391521045705304,5.3483606557377055e-05
465920,-0.0010162539256270975,0.639192147180438,-0.057477544323774055,0.016845703125,0.0021129971864866093,5.338114754098361e-05
466944,-0.003090908605372533,0.4897114646155387,-0.05318472231738269,0.01611328125,0.0019428292507654987,5.327868852459017e-05
467968,-0.0029473292343027424,0.5096530709415674,-0.06350356951588765,0.016357421875,0.0015113013796508312,5.3176229508196716e-05
468992,-0.0013494581653503701,0.16499199671670794,-0.04619612359965686,0.013427734375,0.0015336300784838386,5.3073770491803285e-05
470016,-0.002659507605130784,0.38397070730570704,-0.0490091647952795,0.014404296875,0.0015705076875747181,5.2971311475409834e-05
471040,-0.0033946536896110047,1.3659040266647935,-0.10400308785028756,0.01806640625,0.0016464108921354637,5.28688524590164e-05
472064,-0.002531309612095356,0.374453027267009,-0.06057233415776864,0.015380859375,0.001219248166307807,5.276639344262295e-05
473088,-0.002376057171204593,0.42252741660922766,-0.057770515501033515,0.015625,0.0022038836468709633,5.266393442622951e-05
474112,-0.004275418737961445,0.721666906028986,-0.06573524308623746,0.01904296875,0.002440731092065107,5.256147540983607e-05
475136,-0.003328892773424741,0.9592356840148568,-0.07866777657181956,0.02734375,0.002206715820648242,5.245901639344263e-05
476160,-0.0019809088262263685,1.4801847822964191,-0.12342255283147097,0.037353515625,0.0029012307422817685,5.235655737704919e-05
477184,-0.0017172823172586504,0.3640226712450385,-0.054252287140116096,0.014404296875,0.0011216561979381368,5.225409836065573e-05
478208,-0.005339981926226756,1.6506865322589874,-0.11337516229832545,0.026611328125,0.0027200685217394494,5.21516393442623e-05
479232,-0.0036190302853356116,1.361821433994919,-0.1104564059060067,0.0185546875,0.0019157343267579563,5.204918032786885e-05
480256,-0.004527677592705004,1.4004510324448347,-0.11812396522145718,0.020263671875,0.002171198466385249,5.1946721311475413e-05
481280,-0.0020288907035137527,1.6257701879367232,-0.1225322171812877,0.03515625,0.003616915077145677,5.184426229508197e-05
482304,-0.004812035840586759,1.630734066478908,-0.12426187051460147,0.039794921875,0.003732818193384446,5.1741803278688525e-05
483328,-0.0034159692804678343,1.2406045501120389,-0.09216652845498174,0.010498046875,0.0017829705539043061,5.163934426229509e-05
484352,-0.002328758615476545,0.6507607989478856,-0.05591041337174829,0.013671875,0.0012360998807707801,5.153688524590164e-05
485376,-0.0025354591525683645,0.4345631531905383,-0.0558585092658177,0.015869140625,0.0012657167899305932,5.1434426229508206e-05
486400,-0.00389081088360399,1.209132261108607,-0.06717647521873005,0.015625,0.001891608873847872,5.133196721311475e-05
487424,-0.004187096172245219,1.2079783822409809,-0.10890709550585598,0.033203125,0.002031561452895403,5.122950819672132e-05
488448,-0.003540054429322481,1.0402359114959836,-0.06815218963311054,0.016845703125,0.0023762632336001843,5.112704918032787e-05
489472,-0.0029664300600416027,0.5617491845041513,-0.06059074026416056,0.013427734375,0.00139112702163402,5.102459016393443e-05
490496,-0.003768661816138774,1.1638234318234026,-0.09016516013070941,0.012451171875,0.0012897881897515617,5.0922131147540986e-05
491520,-0.005742106965044513,0.7566408258862793,-0.06974628803436644,0.012939453125,0.0018077751446980983,5.081967213114754e-05
492544,-0.0015201846326817758,0.49448271468281746,-0.05349991557886824,0.01513671875,0.001928283141751308,5.0717213114754104e-05
493568,-0.0022574481918127276,0.46790864085778594,-0.056236466160044074,0.01513671875,0.001737364727887325,5.0614754098360654e-05
494592,-0.0021728679566876963,0.1930107120424509,-0.04585175315150991,0.01416015625,0.002304984096554108,5.051229508196722e-05
495616,-0.00335365797218401,1.053245555376634,-0.0755084079282824,0.016357421875,0.0018214929950772785,5.0409836065573765e-05
496640,-0.00444717075151857,0.6744645407889038,-0.07387608382850885,0.01220703125,0.0009765989307197742,5.0307377049180335e-05
497664,-0.004320334417570848,0.32234615238849074,-0.0517828099837061,0.015380859375,0.0014479478777502663,5.0204918032786884e-05
498688,-0.0015666068211430684,0.4625119472621009,-0.058994388818973675,0.012939453125,0.0016785621119197458,5.0102459016393447e-05
499712,-0.0028441019967431203,0.4803592066746205,-0.05829477349470835,0.010986328125,0.0010890487537835725,5e-05
500736,-0.004738904863188509,0.6814228061120957,-0.06714594407822005,0.028076171875,0.0023181641445262358,4.989754098360656e-05
501760,-0.004892506200121716,1.0888977297581732,-0.09476033732062206,0.022216796875,0.0020754289434989914,4.979508196721312e-05
502784,-0.0036557284329319373,0.8394394940696657,-0.052740609826287255,0.0166015625,0.002411124631180428,4.969262295081968e-05
503808,-0.005696651307516731,0.7830048031173646,-0.09423359946231358,0.02392578125,0.0024563066253904253,4.959016393442624e-05
504832,-0.002677204382052878,0.5077806528424844,-0.06010842071555089,0.01708984375,0.0027907357216463424,4.948770491803278e-05
505856,-0.0023746305669192225,0.21013495663646609,-0.060358433809597045,0.021240234375,0.002376138487306889,4.9385245901639344e-05
506880,-0.002387256437941687,0.47336945694405586,-0.04839567327871919,0.007080078125,0.0007585335915791802,4.92827868852459e-05
507904,-0.0024925792749854736,0.8006765823811293,-0.0705936664598994,0.016845703125,0.002806359378155321,4.918032786885246e-05
508928,-0.0037838676071260124,0.5968466917984188,-0.07620506291277707,0.015380859375,0.001739851439197082,4.907786885245902e-05
509952,-0.0033560461961315013,0.21717316575814039,-0.050019755828543566,0.016357421875,0.0021228846671874635,4.8975409836065575e-05
510976,-0.0038687194537487812,0.6282581929117441,-0.07048770901747048,0.02490234375,0.0027959989238297567,4.887295081967214e-05
512000,-0.004268559983756859,0.14527787268161774,-0.055328298185486346,0.016357421875,0.0015080952507560141,4.877049180327869e-05
513024,-0.004018020285002422,4.267367966473103,-0.22364797233603895,0.031494140625,0.003084031763137318,4.8668032786885256e-05
514048,-0.007716499254456721,4.109597854316235,-0.27443571062758565,0.068359375,0.0062016595984459855,4.85655737704918e-05
515072,-0.00592713373771403,0.8238712123129517,-0.09323276311624795,0.02734375,0.0027710063150152564,4.846311475409836e-05
516096,-0.01038086070184363,3.856342539191246,-0.2513738959096372,0.075439453125,0.005490020121214911,4.836065573770492e-05
517120,-0.007212190481368452,2.679604352451861,-0.1811945765512064,0.028564453125,0.002577902610937599,4.825819672131148e-05
518144,-0.01380749665258918,4.843996297568083,-0.3268188077490777,0.1142578125,0.007788538787281141,4.8155737704918035e-05
519168,-0.0034646955027710646,1.8323257509618998,-0.15321566560305655,0.0234375,0.0018264717946294695,4.805327868852459e-05
520192,-0.00442314641259145,0.6896171397529542,-0.07930078753270209,0.01318359375,0.0012692244417848997,4.7950819672131154e-05
521216,-0.002764036547887372,1.3329620719887316,-0.1360120503231883,0.01708984375,0.0012998656529816799,4.784836065573771e-05
522240,-0.005879245996766258,2.981052393093705,-0.22789447382092476,0.02587890625,0.0027884850569535047,4.774590163934426e-05
523264,-0.0033675272716209292,0.8042107289656997,-0.09965658810688183,0.0126953125,0.0017028197617037222,4.7643442622950815e-05
524288,-0.0047862088977126405,1.6072780070826411,-0.137001600000076,0.014892578125,0.0015162005511228926,4.754098360655738e-05
525312,-0.004005723487352952,1.2079447745345533,-0.11243045923765749,0.0166015625,0.0015777993394294754,4.7438524590163933e-05
526336,-0.00566244241053937,0.6783172586001456,-0.08749215834541246,0.01708984375,0.0012838896291214041,4.7336065573770496e-05
527360,-0.008633984616608359,1.1462418679147959,-0.12287108285818249,0.023681640625,0.0032233827660093084,4.723360655737705e-05
528384,-0.005266752719762735,0.7934081642888486,-0.08464967552572489,0.01904296875,0.0018916701519628987,4.713114754098361e-05
529408,-0.0041072934691328555,1.4517245823517442,-0.09486552991438657,0.016845703125,0.0015593790012644604,4.702868852459017e-05
530432,-0.0032873793243197724,0.8436501445248723,-0.09926733892643824,0.025634765625,0.002170938350900542,4.6926229508196726e-05
531456,-0.004139243315876229,0.43577189883217216,-0.07435405353317037,0.01025390625,0.0011597921402426437,4.6823770491803276e-05
532480,-0.0040857751737348735,0.9548818320035934,-0.08627287740819156,0.01416015625,0.0013703549047932029,4.672131147540983e-05
533504,-0.0045487401221180335,1.262501448392868,-0.11261363921221346,0.0166015625,0.0018838462128769606,4.6618852459016394e-05
534528,-0.007046911567158531,0.7575289593078196,-0.09860222425777465,0.01708984375,0.0017449281949666329,4.651639344262295e-05
535552,-0.0037040710958535783,1.1026487392373383,-0.11197173490654677,0.02197265625,0.002128701176843606,4.641393442622951e-05
536576,-0.003399525499844458,1.4991644388064742,-0.11687263962812722,0.01513671875,0.0016887214515008964,4.631147540983607e-05
537600,-0.005415062856627628,1.271554003469646,-0.11166454141493887,0.0126953125,0.001177838545117993,4.620901639344263e-05
538624,-0.0052522898113238625,0.8882669052109122,-0.1270240031881258,0.01904296875,0.0014953512072679587,4.610655737704919e-05
539648,-0.005312277226039441,0.7746489732526243,-0.11021222057752311,0.016357421875,0.0013485915260389447,4.600409836065574e-05
540672,-0.005240854232397396,1.0196197726763785,-0.0825827939552255,0.0234375,0.0021856582316104323,4.590163934426229e-05
541696,-0.005457153485622257,0.9591038832440972,-0.10892065125517547,0.02978515625,0.002445596765028313,4.5799180327868855e-05
542720,-0.004729015665361658,1.0939846001565456,-0.14472722937352955,0.02099609375,0.001618749629415106,4.569672131147541e-05
543744,-0.0036216046719346195,0.7842216547578573,-0.1057710264576599,0.021240234375,0.0018865380843635648,4.5594262295081966e-05
544768,-0.004676402735640295,0.9648623801767826,-0.11969491420313716,0.015380859375,0.0014637001149822026,4.549180327868853e-05
545792,-0.003247387365263421,0.7995593477971852,-0.08202550193527713,0.007080078125,0.0008792736625764519,4.5389344262295085e-05
546816,-0.003536929674737621,0.9984920211136341,-0.10215518128825352,0.01318359375,0.0012931378369103186,4.528688524590165e-05
547840,-0.003071772094699554,0.6283253254368901,-0.09393114276463166,0.016845703125,0.0011177748383488506,4.5184426229508204e-05
548864,-0.005437687286757864,0.6832094616256654,-0.08740770729491487,0.02001953125,0.0020236818672856316,4.508196721311475e-05
549888,-0.0038985783103271388,0.37681046943180263,-0.05963446811074391,0.01904296875,0.002117836535035167,4.497950819672131e-05
550912,-0.004169513205852127,0.9648091048002243,-0.09877555252751336,0.01513671875,0.0019291689459350891,4.487704918032787e-05
551936,-0.005846089494298212,0.999058804474771,-0.1078207713435404,0.018798828125,0.0016678143656463362,4.477459016393443e-05
552960,-0.0022733365913154557,0.5674369456246495,-0.07997197023360059,0.013916015625,0.0018560688258730806,4.467213114754098e-05
553984,-0.002779712025585468,0.8882195218466222,-0.08245077298488468,0.017822265625,0.0012093320183339529,4.4569672131147546e-05
555008,-0.0022082318901084363,0.3288007027003914,-0.06093614854034968,0.013427734375,0.0013558063947129995,4.44672131147541e-05
556032,-0.0012263290918781422,0.8205999131314456,-0.0924586292821914,0.02734375,0.0026968475795001723,4.4364754098360664e-05
557056,-0.00492601451696828,1.2570008896291256,-0.09346392046427354,0.0185546875,0.001534874849312473,4.426229508196722e-05
558080,-0.005038518116634805,2.0612599505111575,-0.20085457246750593,0.05078125,0.003619071503635496,4.415983606557377e-05
559104,-0.005710725927201565,1.1917043807916343,-0.11799725738819689,0.0419921875,0.0032594403965049423,4.4057377049180325e-05
560128,-0.0028445978823583573,1.2053437731228769,-0.10807603329885751,0.02099609375,0.0015712785098003224,4.395491803278689e-05
561152,-0.003523976316500921,1.1109621841460466,-0.1498728794977069,0.01904296875,0.002272048615850508,4.3852459016393444e-05
562176,-0.010592578211799264,1.3363651474937797,-0.1695320539874956,0.0498046875,0.0030822044354863465,4.375e-05
563200,-0.0015647188411094248,0.4595585286151618,-0.050789370929123834,0.013916015625,0.002371157032030169,4.364754098360656e-05
564224,-0.0036818975786445662,0.33902891748584807,-0.0636519338877406,0.0146484375,0.0018850024571293034,4.354508196721312e-05
565248,-0.0032417627808172256,1.2879659533500671,-0.11187413934385404,0.008544921875,0.0009824811641010456,4.344262295081968e-05
566272,-0.004821431095479056,1.2019513975828886,-0.1417288779048249,0.033203125,0.002605838955787476,4.334016393442624e-05
567296,-0.0039778784703230485,0.44617473892867565,-0.07178447087062523,0.01513671875,0.001746924543112982,4.3237704918032786e-05
568320,-0.004084236017661169,0.8110430235974491,-0.06930419261334464,0.015625,0.0028718315370497294,4.313524590163934e-05
569344,-0.003986071111285128,0.7200437844730914,-0.05630086207747809,0.026611328125,0.002061089799099136,4.3032786885245904e-05
570368,-0.0030874238000251353,0.4068582020699978,-0.04335068511136342,0.013916015625,0.0016069890698418021,4.293032786885246e-05
571392,-0.00377479142480297,0.4861553483642638,-0.07280612178146839,0.009521484375,0.0013702225842280313,4.2827868852459016e-05
572416,-0.0038036280893720686,0.5775871532969177,-0.06810435207444243,0.02490234375,0.002767084413790144,4.272540983606558e-05
573440,-0.004772960521222558,0.9370447234250605,-0.07359209877904505,0.028076171875,0.001999178530240897,4.2622950819672135e-05
574464,-0.004632469936041161,0.5932617557700723,-0.0689437638502568,0.016357421875,0.00170425335818436,4.25204918032787e-05
575488,-0.005699993656890001,0.9048803173936903,-0.07646720350021496,0.025146484375,0.0035644495728774928,4.241803278688525e-05
576512,-0.006133577866421547,0.830016455380246,-0.08076989959226921,0.023681640625,0.0016049928017309867,4.23155737704918e-05
577536,-0.0018499827492632903,0.6392175173386931,-0.0711295701621566,0.0166015625,0.0012784662903868593,4.221311475409836e-05
578560,-0.0029114223580108956,0.7038759971037507,-0.05643281634547748,0.009033203125,0.0007208847309811972,4.211065573770492e-05
579584,-0.002299835923622595,0.24704378726892173,-0.044154775809147395,0.013427734375,0.0010797574432217516,4.200819672131148e-05
580608,-0.003255062154494226,1.1474227337166667,-0.08708475751336664,0.026123046875,0.0017393579182680696,4.190573770491803e-05
581632,-0.0014001375166117214,0.27283493243157864,-0.04865362225973513,0.004638671875,0.00034211859019706026,4.1803278688524595e-05
582656,-0.0029697449135710485,0.3461828143335879,-0.06178849108982831,0.01513671875,0.0013952328299637884,4.170081967213115e-05
583680,-0.0016432807242381386,0.5992101822048426,-0.061676805053139105,0.010009765625,0.0009564729261910543,4.1598360655737714e-05
584704,-0.00473173276259331,0.3576165894046426,-0.0637361615372356,0.023681640625,0.002873214783903677,4.1495901639344256e-05
585728,-0.005277751275571063,0.7108359728008509,-0.07424839958548546,0.01806640625,0.002020283354795538,4.139344262295082e-05
586752,-0.003764624780160375,0.5176838127663359,-0.061393357784254476,0.0166015625,0.0018535863782744855,4.1290983606557375e-05
587776,-0.00318502084701322,0.9546163021586835,-0.0854696300229989,0.032470703125,0.0021408535467344336,4.118852459016394e-05
588800,-0.0025452389745623805,0.7553431219421327,-0.06854423193726689,0.0244140625,0.002429579515592195,4.108606557377049e-05
589824,-5.015800707042217e-05,1.3253883393481374,-0.125461628427729,0.01416015625,0.0014544694422511384,4.098360655737705e-05
590848,-0.0009590285771992058,0.18398255202919245,-0.0358649909903761,0.009521484375,0.0012130703034927137,4.088114754098361e-05
591872,-0.0005831610396853648,0.7376789038535208,-0.06003920498187654,0.01611328125,0.0015190874910331331,4.077868852459017e-05
592896,-0.0059086667679366656,0.9268041076138616,-0.07842263107886538,0.024169921875,0.0026531062030699104,4.067622950819673e-05
593920,-0.004252571136021288,0.4899458261206746,-0.05754934242577292,0.0126953125,0.0015775381398270838,4.057377049180327e-05
594944,-0.0023511282161052804,0.42658252944238484,-0.039553814684040844,0.010009765625,0.0012277528585400432,4.0471311475409835e-05
595968,-0.003411798403249122,1.1109977611340582,-0.07612887438153848,0.02197265625,0.0020383851078804582,4.036885245901639e-05
596992,-0.0019061378407059237,0.19292065943591297,-0.037033980963315116,0.011474609375,0.0013119518262101337,4.0266393442622954e-05
598016,-0.0017900164748425595,0.6499024368822575,-0.06958387917256914,0.027099609375,0.002938298443041276,4.016393442622951e-05
599040,-0.002096041789627634,0.5119824125431478,-0.05402139431680553,0.0146484375,0.0012737287033814937,4.0061475409836066e-05
600064,-0.002676693406101549,0.2117855673423037,-0.047527103568427265,0.010986328125,0.0011652049870463088,3.995901639344263e-05
601088,-0.006760920816304861,0.9128118110820651,-0.08296416932716966,0.036376953125,0.004025575428386219,3.9856557377049184e-05
602112,-0.002395271629211493,0.5292221496347338,-0.052385976232471876,0.012451171875,0.0010247798563796096,3.975409836065575e-05
603136,-0.005025953105359804,0.5070013486547396,-0.05446115850645583,0.022216796875,0.0032494876213604584,3.965163934426229e-05
604160,-0.001530020857899217,0.4329316624207422,-0.04291853294125758,0.011962890625,0.0012430077331373468,3.954918032786885e-05
605184,-0.003972064565459732,0.3250770147424191,-0.05168731909361668,0.017578125,0.002440298856527079,3.944672131147541e-05
606208,-0.002639724774780916,0.14390628691762686,-0.03630453610094264,0.01318359375,0.0017183755844598636,3.934426229508197e-05
607232,-0.0018455081153661013,1.0453173683490604,-0.06702000345103443,0.008544921875,0.0007980485752341338,3.9241803278688526e-05
608256,-0.0028621503624890465,0.2917025659698993,-0.03700446369475685,0.014404296875,0.0014371466604643501,3.913934426229509e-05
609280,-0.0016442478154203855,0.3635156073141843,-0.04150669449882116,0.006103515625,0.0006689120345981792,3.9036885245901645e-05
610304,-0.00497091087163426,0.42034739442169666,-0.045756408355373424,0.010498046875,0.0026171852587140165,3.89344262295082e-05
611328,-0.004896618716884404,1.6118563143536448,-0.09368570626247674,0.01904296875,0.002351220573473256,3.883196721311475e-05
612352,-0.0020366660319268703,0.5407659808406606,-0.060347769380314276,0.01123046875,0.0009338028758065775,3.872950819672131e-05
613376,-0.0012271017039893195,0.733961968915537,-0.050166085093223955,0.0048828125,0.000443286589870695,3.862704918032787e-05
614400,-0.0029853531377739273,0.8438712954521179,-0.06060961738694459,0.0185546875,0.002067484332656022,3.8524590163934424e-05
615424,-0.0018509286783228163,0.9418704791460186,-0.06337193443323486,0.005615234375,0.000693226647854317,3.842213114754099e-05
616448,-0.001423497888026759,0.3431084945332259,-0.05332319744047709,0.0166015625,0.0011797462429967709,3.831967213114754e-05
617472,-0.004530851831077598,0.49793363525532186,-0.057023989837034605,0.015380859375,0.0025873539780150168,3.8217213114754106e-05
618496,-0.005290520341077354,0.622389066265896,-0.06090253574075177,0.015869140625,0.0014618995628552511,3.811475409836066e-05
619520,-0.0032977064547594637,0.6909423167817295,-0.062015119299758226,0.01220703125,0.0016575351692154072,3.801229508196722e-05
620544,-0.002724139230849687,0.378527048509568,-0.05192216765135527,0.00927734375,0.0007096105036907829,3.7909836065573766e-05
621568,-0.002016125916270539,0.14380083337891847,-0.042430389585206285,0.0078125,0.0006790526531403884,3.780737704918033e-05
622592,-0.001607826110557653,1.0324857062660158,-0.059865278453798965,0.00830078125,0.0005776759644504637,3.7704918032786885e-05
623616,-0.0057625618792371824,1.153552106115967,-0.07864060148131102,0.023681640625,0.0018304562181583606,3.760245901639344e-05
624640,-0.0018490871370886452,1.1566411752719432,-0.06996963013079949,0.011474609375,0.0011338842450641096,3.7500000000000003e-05
625664,-0.0034382390076643787,0.6663918402045965,-0.06518581100681331,0.016845703125,0.002002900539082475,3.739754098360656e-05
626688,-0.0026507847796892747,1.2168918719980866,-0.0824288449366577,0.01025390625,0.0008721697740838863,3.729508196721312e-05
627712,-0.0032454491883981973,0.7160986205562949,-0.0630993043887429,0.01123046875,0.00130725546478061,3.719262295081968e-05
628736,-0.004836563806748018,1.0638786209747195,-0.0833459337009117,0.013427734375,0.0011559805134311318,3.7090163934426234e-05
629760,-0.004528236648184247,0.1746392275672406,-0.04794367945578415,0.016357421875,0.0017781316928449087,3.698770491803278e-05
630784,-0.0031023263654788025,0.1338991195661947,-0.03696214010415133,0.015380859375,0.002619140657770913,3.6885245901639346e-05
631808,-0.003229681788070593,1.2405838696286082,-0.08494419377529994,0.013916015625,0.001284399906580802,3.67827868852459e-05
632832,-0.0020596974791260436,0.2856133957975544,-0.04700410745863337,0.0068359375,0.0007984932817635126,3.668032786885246e-05
633856,-0.003298067291325424,0.6118676017504185,-0.06923516860115342,0.010986328125,0.0009888136046356522,3.657786885245902e-05
634880,-0.004031837452203035,0.3171362098073587,-0.052781671736738645,0.01416015625,0.0013688487742911093,3.6475409836065576e-05
635904,-0.003130056597001385,1.090611174236983,-0.075969327124767,0.010986328125,0.0011837538913823664,3.637295081967214e-05
636928,-0.004185728859738447,0.8783721914514899,-0.07669472449924797,0.014404296875,0.0016517597832717001,3.6270491803278694e-05
637952,-0.0015330905007431284,0.5914590639295056,-0.056785643653711304,0.005859375,0.0005696039952454157,3.616803278688525e-05
638976,-0.0027209031250094995,0.6125248847529292,-0.05553007108392194,0.00830078125,0.0011341813733452,3.60655737704918e-05
640000,-0.002385517640504986,1.0185554260388017,-0.07918705252814107,0.009521484375,0.0010002991548390128,3.596311475409836e-05
641024,-0.0005130101053509861,0.5330013837665319,-0.06003059359500185,0.01806640625,0.0013796684143017046,3.586065573770492e-05
642048,-0.004300536791561171,0.8619600813835859,-0.06849367317045107,0.016845703125,0.001269768297788687,3.5758196721311474e-05
643072,-0.0016164681765076239,0.5452174432575703,-0.04165864619426429,0.0078125,0.0012651934812311083,3.5655737704918037e-05
644096,-0.00035194230440538377,0.15488616621587425,-0.03567553962056991,0.009521484375,0.0008447531145066023,3.555327868852459e-05
645120,-0.002145903548807837,0.09362926910398528,-0.04219217941863462,0.010009765625,0.001393943872244563,3.5450819672131155e-05
646144,-0.004433109956153203,0.6749912202358246,-0.05752112454501912,0.016845703125,0.0013064577578916214,3.534836065573771e-05
647168,-0.003913517040928127,0.7482370294164866,-0.07484445767477155,0.01416015625,0.0014043527626199648,3.524590163934426e-05
648192,-0.005193664524995256,1.9333514915779233,-0.13579657836817205,0.031982421875,0.003328763705212623,3.5143442622950816e-05
649216,-0.002563786940299906,0.1368295184802264,-0.035424101472017355,0.010009765625,0.001532483787741512,3.504098360655738e-05
650240,-0.004037006423459388,0.9981640337500721,-0.07962179972673766,0.02490234375,0.00223206021473743,3.4938524590163935e-05
651264,-0.002954415453132242,0.6501179739134386,-0.07514650246594101,0.0166015625,0.0016566863341722637,3.483606557377049e-05
652288,-0.0025195583984896075,0.4381410334026441,-0.05410847588791512,0.011474609375,0.0017341840139124542,3.473360655737705e-05
653312,-0.003496169920254033,0.1464265955146402,-0.03891296657093335,0.016845703125,0.0028121362847741693,3.463114754098361e-05
654336,-0.0008570285754103679,0.12933369597885758,-0.03398309507610975,0.008544921875,0.0007941027361084707,3.452868852459017e-05
655360,-0.003927924088202417,0.8448660760186613,-0.0720730064495001,0.01220703125,0.0014752911956747994,3.442622950819673e-05
656384,-0.00375038554193452,0.11125374096445739,-0.04205068158626091,0.01220703125,0.001966483803698793,3.432377049180328e-05
657408,-0.0021390574038377963,0.3620045307325199,-0.04664789837261196,0.01171875,0.0010951953299809247,3.422131147540983e-05
658432,-0.0022047880775062367,0.14516785903833807,-0.03916037137969397,0.010498046875,0.0009465753610129468,3.4118852459016395e-05
659456,-0.0021574896381935105,0.4910503947176039,-0.0466907354129944,0.0068359375,0.0005393233295762911,3.401639344262295e-05
660480,-0.003404016650165431,0.6606536564650014,-0.05463085927476641,0.00830078125,0.0009803507346077822,3.391393442622951e-05
661504,-0.002644064268679358,0.429518758202903,-0.04770252062007785,0.00927734375,0.0008562515868106857,3.381147540983607e-05
662528,-0.004929999930027407,0.4460673143621534,-0.05337999253242742,0.031494140625,0.0025121053549810313,3.3709016393442625e-05
663552,-0.0018279471187270246,0.6731640081852674,-0.06589270988479257,0.015625,0.0019760259237955324,3.360655737704919e-05
664576,-0.0043118622052134015,0.8371873400174081,-0.07495132624171674,0.009765625,0.0012560088871396147,3.3504098360655744e-05
665600,-0.0038104968407424167,0.18914986751042306,-0.04344978895096574,0.017333984375,0.0011820482177427039,3.340163934426229e-05
666624,-0.0033323638344882056,0.3430621458683163,-0.05427960501401685,0.01220703125,0.0010450294939801097,3.329918032786885e-05
667648,-0.0022311430439003743,0.7924721232848242,-0.05810494338220451,0.00830078125,0.0011272880146862008,3.319672131147541e-05
668672,-0.003133039084787015,0.2630708463839255,-0.050798918193322606,0.0146484375,0.0010551789673627354,3.309426229508197e-05
669696,-0.0032309513735526707,0.46981465455610305,-0.04480554517067503,0.009033203125,0.0010868766185012646,3.2991803278688523e-05
670720,-0.0013558512946474366,0.3364029753720388,-0.04556386052718153,0.00732421875,0.0006283769034780562,3.2889344262295086e-05
671744,-0.002001124797970988,0.3960806594695896,-0.05772023105237167,0.009765625,0.0009073392793652602,3.278688524590164e-05
672768,-0.0023519393071183003,0.42709073261357844,-0.04504537598404568,0.011962890625,0.0011253464326728135,3.2684426229508205e-05
673792,-0.0023649655922781676,0.33291463321074843,-0.05613453531987034,0.0185546875,0.001954803563421592,3.258196721311475e-05
674816,-0.0036899938459100667,1.386504188645631,-0.10619374655652791,0.01416015625,0.0010498802803340368,3.247950819672131e-05
675840,-0.0021333479453460313,0.2863573485519737,-0.046219660245697014,0.008544921875,0.0008789614730631001,3.2377049180327866e-05
676864,-0.0013105108628224116,0.4761811026837677,-0.05051734585504164,0.01123046875,0.0011137794062960893,3.227459016393443e-05
677888,-0.0026087820915563498,0.7518933012615889,-0.0629447488754522,0.011474609375,0.0017034688498824835,3.2172131147540984e-05
678912,-0.003869119842420332,1.2596712252125144,-0.08712910738540813,0.00927734375,0.0008744726292206906,3.206967213114755e-05
679936,-0.001799976180336671,0.6381582665489987,-0.05616506810838473,0.0107421875,0.0010165815692744218,3.19672131147541e-05
680960,-0.002624246320920065,0.10284293233416975,-0.031684081886851345,0.012451171875,0.0017336030941805802,3.186475409836066e-05
681984,-0.004372540210169973,0.45711962901987135,-0.048540340780164115,0.016357421875,0.0012410829222062603,3.176229508196722e-05
683008,-0.002265144146804232,0.10557567072100937,-0.04774736067338381,0.01123046875,0.0010942070730379783,3.1659836065573764e-05
684032,-0.001933125633513555,0.10452723852358758,-0.043166818999452516,0.01513671875,0.0015555972058791667,3.1557377049180326e-05
685056,-0.003356835937665892,0.638471081154421,-0.05903389674494974,0.01513671875,0.0015135609282879159,3.145491803278688e-05
686080,-0.0020594333618646488,0.16872943774797022,-0.0375984614220215,0.01025390625,0.0007936535621411167,3.1352459016393445e-05
687104,-0.003553090413333848,0.4216783697484061,-0.0554731793818064,0.01611328125,0.00210645508923335,3.125e-05
688128,-0.0015855866731726564,0.8628867473453283,-0.05851557629648596,0.009765625,0.0012646400282392278,3.114754098360656e-05
689152,-0.0017363025326631032,1.797957100905478,-0.11087961704470217,0.026611328125,0.002016014506807551,3.104508196721312e-05
690176,-0.0030323960600071587,0.9310851278714836,-0.07078216128866188,0.0166015625,0.0015069933797349222,3.0942622950819675e-05
691200,-0.0021619334729621187,0.5358469812199473,-0.06345106480875984,0.009521484375,0.001021305244648829,3.084016393442624e-05
692224,-0.002411588680843124,0.4345683795399964,-0.057255761785199866,0.00830078125,0.0009423616720596328,3.073770491803279e-05
693248,-0.00037560385680990294,0.8213447735179216,-0.089640831167344,0.029052734375,0.0025554270614520647,3.063524590163934e-05
694272,-0.003680737252580002,1.0622298915404826,-0.09104910376481712,0.024658203125,0.0025569023709977046,3.05327868852459e-05
695296,-0.0021356840734370053,0.4840494031086564,-0.0651980533148162,0.007080078125,0.0007219791223178618,3.0430327868852458e-05
696320,-0.0028741311107296497,0.7285144501365721,-0.06041300279321149,0.01416015625,0.0013380231685005128,3.0327868852459017e-05
697344,-0.005624502635328099,0.6819992359960452,-0.06195362797006965,0.03076171875,0.002067278226604685,3.0225409836065576e-05
698368,-0.0023977149176062085,0.5264970976859331,-0.0608143643476069,0.01611328125,0.0014588512785849161,3.0122950819672136e-05
699392,-0.0023843864910304546,0.5011774257291108,-0.06384956871625036,0.008544921875,0.0009602482314221561,3.0020491803278695e-05
700416,-0.001959112712938804,0.4374838932417333,-0.0696775408287067,0.00830078125,0.001228949724463746,2.9918032786885254e-05
701440,-0.004695018142228946,0.6965930799487978,-0.08087697974406183,0.03271484375,0.0031245034624589607,2.98155737704918e-05
702464,-0.003296322058304213,0.5718987272121012,-0.07754583092173561,0.012451171875,0.0011551029747352004,2.971311475409836e-05
703488,-0.004650710099667776,1.6309482911601663,-0.11646724573802203,0.021728515625,0.0018677407497307286,2.961065573770492e-05
704512,-0.00487022189918207,0.8689806798938662,-0.06965618068352342,0.023681640625,0.002513320832804311,2.9508196721311478e-05
705536,-0.0045702877432631794,0.3194321140181273,-0.06331960106035694,0.016845703125,0.0013961347722215578,2.9405737704918034e-05
706560,-0.003630938481364865,0.7730301362462342,-0.09354976087342948,0.016845703125,0.0010917698746197857,2.9303278688524593e-05
707584,-0.0037380494904937223,1.3492060396820307,-0.1085848961956799,0.015625,0.0014131268908386119,2.9200819672131152e-05
708608,-0.0029470667432178743,0.7592927373480052,-0.07677300472278148,0.01123046875,0.0011422815950936638,2.909836065573771e-05
709632,-0.0021778273221571,0.35198996600229293,-0.05996961606433615,0.005615234375,0.0005982575967209414,2.8995901639344257e-05
710656,-0.005103536492242711,0.8158552017994225,-0.08041451446479186,0.01318359375,0.0014406469344976358,2.8893442622950817e-05
711680,-0.007734331607935019,1.7875601425766945,-0.13952109846286476,0.0263671875,0.001981009205337614,2.8790983606557376e-05
712704,-0.0025370272760483203,0.5772936763241887,-0.05069518550590146,0.00927734375,0.0008334392259712331,2.8688524590163935e-05
713728,-0.0023455348127754405,0.5931659522466362,-0.06099330342840403,0.007080078125,0.0005439538945211098,2.8586065573770494e-05
714752,-0.0024078252499748487,1.096756064798683,-0.08479467954020947,0.016845703125,0.001637479719647672,2.848360655737705e-05
715776,-0.00337575427693082,0.9515555137768388,-0.08696706162299961,0.010986328125,0.0008626437993370928,2.838114754098361e-05
716800,-0.004878004132478964,0.6309465109370649,-0.07419250142993405,0.0166015625,0.0012391643613227643,2.827868852459017e-05
717824,-0.0031018681038403884,0.8254463812336326,-0.09720494062639773,0.014892578125,0.0012043425522278994,2.8176229508196728e-05
718848,-0.0026913963811239228,0.9137846338562667,-0.08549051563022658,0.015380859375,0.0013890431509935297,2.8073770491803274e-05
719872,-0.0010863600400625728,0.13844286394305527,-0.04954115959117189,0.01318359375,0.0014784081067773513,2.7971311475409833e-05
720896,-0.0021212528154137544,0.8407843676395714,-0.09104391158325598,0.0126953125,0.0008848891520756297,2.7868852459016392e-05
721920,-0.0017887633257487323,0.34587883460335433,-0.05635092173906742,0.006103515625,0.0007367705475189723,2.776639344262295e-05
722944,-0.0020326854901213665,0.5988172893412411,-0.06522948120255023,0.00390625,0.0003755111829377711,2.766393442622951e-05
723968,-0.003622711941716261,0.9138553244993091,-0.06185754656326026,0.012939453125,0.0008829665457597002,2.7561475409836067e-05
724992,-0.0044568938537850045,0.45263817673549056,-0.0802752249292098,0.01318359375,0.0013934508242527954,2.7459016393442626e-05
726016,-0.0037095533953106496,0.29922053881455213,-0.07159955485258251,0.013671875,0.0008133719529723749,2.7356557377049185e-05
727040,-0.005200769373914227,0.4668611262459308,-0.06233430019346997,0.01171875,0.0011291329574305564,2.7254098360655745e-05
728064,-0.0027057365114160348,0.6360279370564967,-0.048069825847051106,0.009765625,0.0008745836748857982,2.715163934426229e-05
729088,-0.0020591961219906807,0.8480509333312511,-0.07011176610831171,0.005615234375,0.000437466187577229,2.704918032786885e-05
730112,-0.0021988902808516286,0.6935659535229206,-0.0568195361411199,0.004638671875,0.00045310759014682844,2.694672131147541e-05
731136,-0.0021550656092585996,1.3573112124577165,-0.08056809526169673,0.0068359375,0.0005564082457567565,2.6844262295081968e-05
732160,-0.005680033940734575,0.459826068719849,-0.06482477945974097,0.01318359375,0.0015502043243031949,2.6741803278688527e-05
733184,-0.0036492958715825807,0.7011819256003946,-0.06950998367392458,0.013427734375,0.0009746520663611591,2.6639344262295087e-05
734208,-0.0019582245004130527,0.5862938916543499,-0.07286500635382254,0.00439453125,0.00041506291745463386,2.6536885245901643e-05
735232,-0.001616977184312418,0.14270915649831295,-0.03931129685952328,0.004150390625,0.0005358723938115872,2.6434426229508202e-05
736256,-0.0019398935510253068,0.6573331644758582,-0.051315454256837256,0.0078125,0.0007536858101957478,2.633196721311475e-05
737280,-0.0021832221100339666,0.18791651772335172,-0.040938020931207575,0.0107421875,0.0011877096912940033,2.622950819672131e-05
738304,-0.002593241326394491,0.2062859566649422,-0.04632196362945251,0.007080078125,0.0007588439984829165,2.6127049180327866e-05
739328,-0.001284701116674114,0.19547052413690835,-0.04247823926561978,0.009521484375,0.0008273327694041654,2.6024590163934425e-05
740352,-0.0014182594095473178,0.3968565862160176,-0.05236834503011778,0.010498046875,0.001204108055389952,2.5922131147540985e-05
741376,0.0002431847642583307,0.413315013051033,-0.07698133564554155,0.013916015625,0.0010491596767678857,2.5819672131147544e-05
742400,-0.0015255869984684978,0.6217643183190376,-0.06789234952884726,0.0087890625,0.000719455027137883,2.5717213114754103e-05
743424,-0.003119255750789307,0.3537823600927368,-0.051159922644728795,0.02685546875,0.0031502694691880606,2.561475409836066e-05
744448,-0.001312306230829563,0.9589192094281316,-0.07135192421264946,0.0146484375,0.0013167710203561,2.551229508196722e-05
745472,-0.000889357228516019,0.42887308553326875,-0.052056845772312954,0.001953125,0.00021011856733821332,2.5409836065573767e-05
746496,-0.002809113146213349,0.5197823985945433,-0.07179150049341843,0.006103515625,0.0006096502038417384,2.5307377049180327e-05
747520,-0.003218900008505443,0.784887034446001,-0.05539360735565424,0.019287109375,0.0015794665741850622,2.5204918032786883e-05
748544,-0.0026349968757131137,0.9059381617698818,-0.07403497050108854,0.012939453125,0.0010954705066978931,2.5102459016393442e-05
749568,-0.0036193873165757395,0.10735845321323723,-0.04292553239793051,0.009765625,0.001185996297863312,2.5e-05
750592,-0.0022874088244861923,0.8785884948447347,-0.08116676902864128,0.0107421875,0.0010062768196803518,2.489754098360656e-05
751616,-0.0032744216732680798,0.16072823072317988,-0.04675982594199013,0.01220703125,0.0014432005700655282,2.479508196721312e-05
752640,-0.0028449790261220187,1.3007261261809617,-0.07555114041315392,0.005859375,0.0005844555853400379,2.4692622950819676e-05
753664,-0.002083148865494877,0.34414784860564396,-0.04946571964319446,0.009765625,0.0008564487070543692,2.4590163934426235e-05
754688,-0.002013046650972683,0.2698351099388674,-0.04680080752586946,0.00830078125,0.0008771581560722552,2.4487704918032784e-05
755712,-0.003565089682524558,0.1701646299334243,-0.04358115444483701,0.00927734375,0.0007505494795623235,2.4385245901639343e-05
756736,-0.003945711316191591,0.49437501770444214,-0.06564169185003266,0.022216796875,0.001545972190797329,2.42827868852459e-05
757760,-0.0029435878532240167,0.27401849220041186,-0.0501546289306134,0.0078125,0.0007256084281834774,2.418032786885246e-05
758784,-0.002401976009423379,0.8781986264511943,-0.061558825633255765,0.01220703125,0.0009020573561429046,2.4077868852459018e-05
759808,-0.0026272630275343545,0.4798342555295676,-0.056659675552509725,0.007080078125,0.00071515377931064,2.3975409836065577e-05
760832,-0.0038037187478039414,1.0017558299005032,-0.0632443448266713,0.00830078125,0.0014998877741163597,2.3872950819672136e-05
761856,-0.0011975957822869532,0.4470509202219546,-0.061707325134193525,0.003662109375,0.0004397061638883315,2.3770491803278692e-05
762880,-0.001611940904695075,0.5161348860710859,-0.06546518311370164,0.011962890625,0.0010205091602983885,2.366803278688525e-05
763904,-0.002604926448839251,0.14534942246973515,-0.047534612007439137,0.0107421875,0.0009151551057584584,2.35655737704918e-05
764928,-0.0018591393018141389,0.1722643324173987,-0.043008665947127156,0.00537109375,0.00040576413448434323,2.346311475409836e-05
765952,-0.0024624004145152867,0.3182236609281972,-0.055832725469372235,0.0068359375,0.0005517206082004122,2.3360655737704916e-05
766976,-0.004459775656869169,0.7293143682181835,-0.07120358798420057,0.017578125,0.0013134819164406508,2.3258196721311475e-05
768000,-0.00281732819712488,0.8112429953180254,-0.06825803643732797,0.007080078125,0.000535649414814543,2.3155737704918034e-05
769024,-0.007422434100590181,1.6668587336316705,-0.09693487803451717,0.025390625,0.0023500367169617675,2.3053278688524594e-05
770048,-0.006718982964230236,1.0233610069844872,-0.09440314851235598,0.032470703125,0.00429572252323851,2.2950819672131153e-05
771072,-0.0016227442029048689,0.34986539668170735,-0.044334243444609456,0.003173828125,0.0003065061100642197,2.2848360655737712e-05
772096,-0.003278480282460805,0.5093748813960701,-0.055228953482583165,0.006591796875,0.0005349570492398925,2.2745901639344258e-05
773120,-0.003750582989596296,1.272061129566282,-0.09234240697696805,0.011962890625,0.0010198286327067763,2.2643442622950817e-05
774144,-0.005936835557804443,0.33865496166981757,-0.050071756733814254,0.01123046875,0.0012969799208804034,2.2540983606557376e-05
775168,-0.0010205365833826363,0.4041304176207632,-0.053363250743132085,0.00390625,0.0002962923317681998,2.2438524590163936e-05
776192,-0.002664690400706604,0.3599592737155035,-0.05570193607127294,0.015869140625,0.00127406317187706,2.233606557377049e-05
777216,-0.001975026447325945,0.3132884146180004,-0.06374848625273444,0.01171875,0.0009633550507714972,2.223360655737705e-05
778240,-0.008131342638080241,0.8885300022084266,-0.08201409765752032,0.030517578125,0.0031669632444391027,2.213114754098361e-05
779264,-0.00128226486776839,0.09596603678073734,-0.037449897281476296,0.00732421875,0.0005107123943162151,2.202868852459017e-05
780288,-0.004297939260140993,0.7306210433598608,-0.06199889280833304,0.0166015625,0.0010565912889433093,2.192622950819673e-05
781312,-0.0016198273733607493,0.14670206338632852,-0.04256619956140639,0.008056640625,0.00118420288345078,2.1823770491803274e-05
782336,-0.0026424371462780982,0.15287490305490792,-0.03648981194419321,0.00732421875,0.0004784095217473805,2.1721311475409834e-05
783360,-0.0024700717694940977,0.4027191501809284,-0.062246330780908465,0.010009765625,0.0008653543482068926,2.1618852459016393e-05
784384,-0.004083403124241158,0.38330392353236675,-0.05324762992677279,0.01171875,0.001085117160982918,2.1516393442622952e-05
785408,-0.0023518423331552185,0.8679696471663192,-0.06422438184381463,0.004638671875,0.00042409871821291745,2.1413934426229508e-05
786432,-0.001599322356923949,0.4075410030782223,-0.04791645132354461,0.00390625,0.0002838818545569666,2.1311475409836067e-05
787456,-0.0019768999045481905,0.48654334782622755,-0.04456824346561916,0.0087890625,0.0006056167476344854,2.1209016393442627e-05
788480,-0.001425521699275123,0.6256078789010644,-0.06560882815392688,0.005859375,0.00037558145413640887,2.1106557377049186e-05
789504,-0.0038789265454397537,0.26007022347766906,-0.04852677637245506,0.011474609375,0.0009302051912527531,2.1004098360655745e-05
790528,-0.003917007852578536,0.9981353194452822,-0.07483381952624768,0.008544921875,0.0008959426559158601,2.090163934426229e-05
791552,-0.00498601976869395,1.343832147307694,-0.10081324289785698,0.013671875,0.0011824050525319763,2.079918032786885e-05
792576,-0.0025713349314173684,0.5894794958876446,-0.05991377934697084,0.007568359375,0.0004529050929704681,2.069672131147541e-05
793600,-0.0023463051693397574,0.07506188366096467,-0.033573442393389996,0.010009765625,0.0010897621395997703,2.059426229508197e-05
794624,-0.0007681499191676266,0.14544948691036552,-0.04307930078357458,0.00439453125,0.00043385424942243844,2.0491803278688525e-05
795648,-0.002509591526177246,1.0459724538959563,-0.0822701575816609,0.009033203125,0.0007669917395105585,2.0389344262295084e-05
796672,-0.0037952830680296756,0.8779742277693003,-0.0767312241368927,0.015380859375,0.0012639511114684865,2.0286885245901643e-05
797696,-0.0011456928914412856,0.11849566211458296,-0.03143694672326092,0.007568359375,0.0005854965565958992,2.0184426229508202e-05
798720,-0.0014443969557760283,0.7197931986302137,-0.0531856021261774,0.00439453125,0.00045531093201134354,2.0081967213114748e-05
799744,-0.0018906335753854364,0.3127244544448331,-0.04878785279288422,0.007080078125,0.00048001936374930665,1.9979508196721307e-05
800768,-0.0022443878478952684,0.7607851456850767,-0.07504178228555247,0.009033203125,0.0008885916686267592,1.9877049180327867e-05
801792,-0.003278310992754996,0.15535751392599195,-0.03880937198846368,0.011474609375,0.0009127180383075029,1.9774590163934426e-05
802816,-0.00741276191547513,0.7613300213124603,-0.06093783280812204,0.0185546875,0.0015464731986867264,1.9672131147540985e-05
803840,-0.0019798179346253164,0.9300800650380552,-0.07470694626681507,0.010009765625,0.0008441330355708487,1.9569672131147544e-05
804864,-0.003152342513203621,0.7734701398294419,-0.07562498957850039,0.01123046875,0.0007227408859762363,1.94672131147541e-05
805888,-0.0029428753259708174,0.648820401635021,-0.05643107501236955,0.00732421875,0.000777486820879858,1.936475409836066e-05
806912,-0.002371805749135092,1.0983323925174773,-0.0781652627629228,0.00927734375,0.0008333727164426818,1.926229508196722e-05
807936,-0.0020618855123757385,0.8454059155192226,-0.07348214814555831,0.00439453125,0.0004630496769095771,1.9159836065573765e-05
808960,-0.0015070721856318414,0.277738222386688,-0.04550527688115835,0.00537109375,0.0005028429077356122,1.9057377049180324e-05
809984,-0.002380704492679797,1.2682365691289306,-0.07460504648042843,0.00244140625,0.0003134465587208979,1.8954918032786883e-05
811008,-0.0035949214288848452,1.1185775399208069,-0.08085817389655858,0.009521484375,0.000792305167124141,1.8852459016393442e-05
812032,-0.003450801581493579,0.9932852499186993,-0.08683859859593213,0.020751953125,0.0016219206736423075,1.8750000000000002e-05
813056,-0.0019529321070876904,0.79832978756167,-0.05962853442179039,0.005126953125,0.0006741054457961582,1.864754098360656e-05
814080,-0.0024440003762720153,0.581061846925877,-0.05313275598746259,0.009033203125,0.0007398418165394105,1.8545081967213117e-05
815104,-0.0019685308361658826,0.12788958993041888,-0.03577860178484116,0.008056640625,0.0006183479345054366,1.8442622950819676e-05
816128,-0.001798982593754772,0.45484248688444495,-0.04360328085022047,0.004150390625,0.00030060377321206033,1.8340163934426235e-05
817152,-0.001431694174243603,0.4029972585849464,-0.04377139715506928,0.00439453125,0.00028777948318747804,1.8237704918032785e-05
818176,-0.006455997983721318,1.0423904524650425,-0.07972029127995484,0.009033203125,0.0007968141871970147,1.813524590163934e-05
819200,-0.002505203810869716,0.3487162257079035,-0.041308030966320075,0.010986328125,0.0009223485612892546,1.80327868852459e-05
820224,-0.0015505622614000458,0.8719097273424268,-0.07939173839986324,0.0048828125,0.0003972353006247431,1.793032786885246e-05
821248,-0.0025667832378530875,0.2827704497613013,-0.04307475574023556,0.014892578125,0.002069812166155316,1.7827868852459018e-05
822272,-0.005031762564613018,1.070936486357823,-0.06967578030889854,0.018310546875,0.0013486915559042245,1.7725409836065578e-05
823296,-0.0031684760870120954,0.1885122851235792,-0.04097795877896715,0.009521484375,0.0008368342896574177,1.7622950819672133e-05
824320,-0.002392351634625811,0.5508428392931819,-0.0567162915103836,0.00634765625,0.00045822138781659305,1.7520491803278693e-05
825344,-0.002026844958891161,0.7584891486912966,-0.06085068586980924,0.006103515625,0.0005178889259696007,1.7418032786885252e-05
826368,-0.0016920710404519923,0.2718827207572758,-0.05024157361185644,0.00634765625,0.00043500051833689213,1.73155737704918e-05
827392,-0.002749360093730502,0.9168051648885012,-0.07477867900161073,0.01318359375,0.0008324334194185212,1.7213114754098357e-05
828416,-0.0014380970678757876,0.11221704224590212,-0.03232987680530641,0.005126953125,0.0003122090856777504,1.7110655737704916e-05
829440,-0.0037100619229022413,2.3454320169985294,-0.16742925764992833,0.01318359375,0.0013057211981504224,1.7008196721311476e-05
830464,-0.003233811105019413,0.3669088711030781,-0.06628360116155818,0.0126953125,0.00117486048839055,1.6905737704918035e-05
831488,-0.0039309090716415085,0.6758255956228822,-0.06974908674601465,0.01513671875,0.0011390479412511922,1.6803278688524594e-05
832512,-0.003832673261058517,1.1894517662003636,-0.10742764547467232,0.01416015625,0.001273198431590572,1.670081967213115e-05
833536,-0.002153862784325611,0.47247702232562006,-0.05925567276426591,0.0029296875,0.00037454572884598747,1.659836065573771e-05
834560,-0.003191061085090041,0.11723711021477357,-0.046457576696411707,0.017822265625,0.0026685249322326854,1.649590163934426e-05
835584,-0.0029122691121301614,0.8212807453237474,-0.06834912858903408,0.005126953125,0.0005175956757739186,1.6393442622950818e-05
836608,-0.0018328802034375258,0.5907000268343836,-0.04625009832670912,0.005859375,0.00044742212776327506,1.6290983606557374e-05
837632,-0.0021364128442655783,0.5951807153178379,-0.0663398067408707,0.00439453125,0.00038333134580170736,1.6188524590163933e-05
838656,-0.0020657814529840834,0.9578768308274448,-0.07620267296442762,0.0048828125,0.0005767262118752114,1.6086065573770492e-05
839680,-0.0017919106539920904,0.6153829996474087,-0.056262979938765056,0.004150390625,0.00044466023246059194,1.598360655737705e-05
840704,-0.0012358967796899378,0.7973076878115535,-0.06878773818607442,0.00244140625,0.0002857001236407086,1.588114754098361e-05
841728,-0.004095152820809744,0.797615303657949,-0.06756295842933469,0.00830078125,0.0007241086641442962,1.577868852459017e-05
842752,-0.001646818742301548,0.44479330198373646,-0.04280247799761128,0.00537109375,0.000490340797114186,1.5676229508196726e-05
843776,-0.004023386572953314,1.4756449051201344,-0.11745520192198455,0.02099609375,0.0013859183600288816,1.5573770491803275e-05
844800,-0.005583021033089608,1.037131620105356,-0.07855649857083336,0.02197265625,0.0017425661208108068,1.5471311475409834e-05
845824,-0.005402810267696623,0.16929218673612922,-0.038546720941667445,0.018798828125,0.0017782940922188573,1.5368852459016393e-05
846848,-0.0032932717440417036,1.2947317813523114,-0.09815603372408077,0.014892578125,0.0010021483394666575,1.526639344262295e-05
847872,-0.0031558716655126773,0.4302353587700054,-0.057604493835242465,0.003662109375,0.00037672762118745595,1.5163934426229509e-05
848896,-0.002632524963701144,0.9139322340488434,-0.06374095939099789,0.005615234375,0.0006902018067194149,1.5061475409836068e-05
849920,-0.0019185689525329508,0.4287079928908497,-0.038707063838955946,0.005859375,0.0005224391861702316,1.4959016393442627e-05
850944,-0.0017169137499877252,0.26987648801878095,-0.03699771068932023,0.005859375,0.0004207472229609266,1.4856557377049185e-05
851968,-0.003282859797764104,1.4604649171233177,-0.09640569763723761,0.004638671875,0.0006106736909714527,1.4754098360655744e-05
852992,-0.002782958159514237,1.1686210152693093,-0.08582395184203051,0.009033203125,0.000642032922769431,1.4651639344262291e-05
854016,-0.0022214919081307016,0.605130797252059,-0.06326222588540986,0.007568359375,0.0005819224679726176,1.454918032786885e-05
855040,-0.0011436965942266397,0.5253469236195087,-0.06163623456086498,0.002197265625,0.00020360909547889605,1.4446721311475408e-05
856064,-0.0030891009082552046,0.44676074443850666,-0.05586719774873927,0.00830078125,0.0005611546148429625,1.4344262295081968e-05
857088,-0.0019526359101291746,0.9128561748657376,-0.0823670995014254,0.004150390625,0.0005410681987996213,1.4241803278688525e-05
858112,-0.002267858431878267,0.2474668780923821,-0.04170470897224732,0.003662109375,0.0002613787873997353,1.4139344262295084e-05
859136,-0.0006999912220635451,0.13278020959114656,-0.03340025822399184,0.002685546875,0.00017920456593856215,1.4036885245901644e-05
860160,-0.0008829568032524548,1.0121262099128217,-0.07152891275472939,0.003662109375,0.00034031912218779325,1.3934426229508201e-05
861184,-0.0015733381442259997,0.5893554766662419,-0.06067618980887346,0.007080078125,0.0005621894451905973,1.3831967213114749e-05
862208,-0.0024310698790941387,0.2905776302795857,-0.05002015120408032,0.009765625,0.0006497063659480773,1.3729508196721308e-05
863232,-0.002365606836974621,1.1549039399251342,-0.09433840645942837,0.0126953125,0.0009720991220092401,1.3627049180327867e-05
864256,-0.0011163137714902405,0.5162790496833622,-0.06986448547104374,0.001953125,0.00022848043590784073,1.3524590163934425e-05
865280,-0.0034559463965706527,1.1017593778669834,-0.07927445197128691,0.00439453125,0.00034212083846796304,1.3422131147540984e-05
866304,-0.002704858074139338,0.30787206278182566,-0.04414077517867554,0.00634765625,0.0010287172626703978,1.3319672131147543e-05
867328,-0.0021946552878944203,0.10303993127308786,-0.028622206000363803,0.004150390625,0.0003283186670159921,1.3217213114754101e-05
868352,-0.0023675838310737163,0.0848080032155849,-0.03324781336414162,0.0068359375,0.0005285000879666768,1.311475409836066e-05
869376,-0.0013308513516676612,0.14542127260938287,-0.03745958537183469,0.002685546875,0.00025939286570064723,1.3012295081967218e-05
870400,-0.002192716914578341,0.35522916296031326,-0.04406323755392805,0.00537109375,0.0004297210616641678,1.2909836065573765e-05
871424,-0.0023018148021947127,0.8321902852039784,-0.07889721199171618,0.0048828125,0.0004978460201527923,1.2807377049180324e-05
872448,-0.003523335079080425,0.31022928934544325,-0.056580261763883755,0.010986328125,0.0009082424803636968,1.2704918032786884e-05
873472,-0.0013890086047467776,0.15459759416989982,-0.02945012820782722,0.0029296875,0.0002971121793962084,1.2602459016393441e-05
874496,-0.0018594315806694794,0.32349770539440215,-0.04899842901795637,0.005615234375,0.00040650494338478893,1.25e-05
875520,-0.001040750154061243,0.4888691690284759,-0.046976924131740816,0.00048828125,0.00016976118786260486,1.239754098360656e-05
876544,-0.001153828161477577,1.0199453108943999,-0.07221279773511924,0.005615234375,0.0004130090310354717,1.2295081967213117e-05
877568,-0.0052918705478077754,0.7197918654419482,-0.07431110477773473,0.014892578125,0.0010918234765995294,1.2192622950819677e-05
878592,-0.0016522298901691101,0.8486457373946905,-0.062023541308008134,0.003662109375,0.00029539226670749485,1.2090163934426236e-05
879616,-0.0024014307564357296,0.08085324853891507,-0.02800810542248655,0.008056640625,0.0005801364532089792,1.1987704918032783e-05
880640,-0.0026948294616886415,0.7386272014118731,-0.06746899869176559,0.004638671875,0.0004400619145599194,1.1885245901639341e-05
881664,-0.003997815685579553,0.25838481017854065,-0.04116792038985295,0.009521484375,0.000624556174443569,1.17827868852459e-05
882688,-0.0010187971347477287,0.3214027509675361,-0.039415654027834535,0.001708984375,0.00013942945224698633,1.1680327868852458e-05
883712,-0.003085018885030877,0.4771304642781615,-0.05634392087813467,0.009033203125,0.0005847300344612449,1.1577868852459017e-05
884736,-0.0017093499445763882,1.018443935434334,-0.060382381692761555,0.005615234375,0.000493496103445068,1.1475409836065576e-05
885760,-0.004166506143519655,1.0701358155347407,-0.08565241703763604,0.01513671875,0.001066766468284186,1.1372950819672134e-05
886784,-0.0056550903027527966,1.6091202744282782,-0.11540758947376162,0.018310546875,0.001220630103489384,1.1270491803278693e-05
887808,-0.002325156398001127,0.5540522700175643,-0.05890677304705605,0.0029296875,0.00031145465618465096,1.1168032786885253e-05
888832,-0.003980174362368416,0.8431042782031,-0.07425864363904111,0.01123046875,0.0014819025236647576,1.10655737704918e-05
889856,-0.000794845684140455,0.09778360574273393,-0.046024479815969244,0.003662109375,0.00030386787693714723,1.0963114754098358e-05
890880,-0.0016346501288353465,0.3714181245304644,-0.041034774607396685,0.004150390625,0.000314804092340637,1.0860655737704917e-05
891904,-0.0018672924124985002,0.7502308767288923,-0.07303593697724864,0.00146484375,0.0002590875737951137,1.0758196721311476e-05
892928,-0.001136837679950986,0.16628206078894436,-0.03822047913854476,0.00341796875,0.0002773823871393688,1.0655737704918034e-05
893952,-0.0019260687622590922,1.1144418851472437,-0.07271255066734739,0.002685546875,0.0002900300532928668,1.0553278688524593e-05
894976,-0.001275949147384381,0.18024390673963353,-0.04347285673429724,0.001708984375,0.00016467743989778683,1.045081967213115e-05
896000,-0.0008950691335485317,0.08743099373532459,-0.03142460637172917,0.00341796875,0.0002563724628998898,1.034836065573771e-05
897024,-0.0012235691901878454,0.38439390307758003,-0.04038689706067089,0.002685546875,0.00019105980027234182,1.0245901639344257e-05
898048,-0.0014023570329300128,0.1584720384562388,-0.031801348202861845,0.001953125,0.00015377799718407914,1.0143442622950816e-05
899072,-0.0036784129915758967,0.9006067151203752,-0.08024646836565807,0.004638671875,0.0004688333428930491,1.0040983606557374e-05
900096,-0.0017325728294963483,0.37336853914894164,-0.0369190658966545,0.003173828125,0.00026853523013414815,9.938524590163933e-06
901120,-0.002939498910563998,1.07736785011366,-0.064570969552733,0.003173828125,0.000298541781376116,9.836065573770493e-06
902144,-0.003727477786014788,0.5498139532282948,-0.07153392967302352,0.01123046875,0.0007581491299788468,9.73360655737705e-06
903168,-0.00122471329086693,0.12852745689451694,-0.037362723422120325,0.0029296875,0.00024821707484079525,9.63114754098361e-06
904192,-0.0006554743449669331,0.0866091214120388,-0.0341060002829181,0.002685546875,0.0002659774399944581,9.528688524590169e-06
905216,-0.0018994558704434894,0.21644033351913095,-0.038508440731675364,0.003662109375,0.00029332757549127564,9.426229508196726e-06
906240,-0.0017056389078788925,0.24050110601820052,-0.0407358382944949,0.00244140625,0.00019551488367142156,9.323770491803274e-06
907264,-0.002900235525885364,1.4179487815126777,-0.08766543550882488,0.002685546875,0.0002714742295211181,9.221311475409833e-06
908288,-0.0016785941443231422,0.41048591199796647,-0.05757689944584854,0.011474609375,0.000892831914825365,9.118852459016392e-06
909312,-0.002323987224372104,0.42099061189219356,-0.04966355403303169,0.003662109375,0.0002548532065702602,9.01639344262295e-06
910336,-0.0038217851106310263,0.287916416185908,-0.04685111524304375,0.01025390625,0.0007362909746007062,8.913934426229509e-06
911360,-0.0020525515064946376,0.34692334616556764,-0.04864695528522134,0.007080078125,0.0005414787447080016,8.811475409836067e-06
912384,-0.0016927995457081124,0.805116432835348,-0.06734305727877654,0.004638671875,0.00046233535977080464,8.709016393442626e-06
913408,-0.0033478499899501912,0.06725548655958846,-0.037252339083352126,0.01025390625,0.0009352462584502064,8.606557377049185e-06
914432,-0.0017871756244858261,0.2531210588058457,-0.04239693270938005,0.002197265625,0.00017059178208000958,8.504098360655743e-06
915456,-0.004179165422101505,0.8587805922143161,-0.08995207102270797,0.01171875,0.0009103128468268551,8.40163934426229e-06
916480,-0.003426907411267166,0.26878290774766356,-0.046374880606890656,0.010009765625,0.0006483112811110914,8.29918032786885e-06
917504,-0.0011077744347858243,1.0352356522344053,-0.06367539381608367,0.003662109375,0.0002654272975632921,8.196721311475409e-06
918528,-0.0011989177874056622,0.8066241217311472,-0.05563963529129978,0.003173828125,0.00025161158555420116,8.094262295081966e-06
919552,-0.0018471829607733525,0.6019921228289604,-0.06465976205072366,0.002685546875,0.00018104783521266654,7.991803278688526e-06
920576,-0.0017990840024140198,0.2600583138410002,-0.045039384698611684,0.0029296875,0.00030974522087490186,7.889344262295085e-06
921600,-0.001963754795724526,0.7322148734237999,-0.05522849946282804,0.00390625,0.00035425952228251845,7.786885245901643e-06
922624,-0.001804433595680166,0.7654170754831284,-0.09514647297328338,0.002685546875,0.00027552831306820735,7.684426229508202e-06
923648,-0.0006154354341560975,0.3530741640133783,-0.04162332552368753,0.0009765625,0.0001271367509616539,7.581967213114749e-06
924672,-0.003160571235639509,0.4962601272854954,-0.05394087736203801,0.00341796875,0.00023805033561075106,7.479508196721308e-06
925696,-0.0005519127771549392,0.0749277239665389,-0.03211189492867561,0.00048828125,5.307191167958081e-05,7.377049180327866e-06
926720,-0.001862511875515338,0.2639025711687282,-0.048700939369155094,0.00537109375,0.00041458135819993913,7.274590163934425e-06
927744,-0.001007873703201767,0.7106922327075154,-0.0663711701054126,0.001220703125,0.00011379153875168413,7.172131147540984e-06
928768,-0.0008445714483968914,0.740000921767205,-0.0614502654352691,0.0009765625,0.00013893323921365663,7.069672131147542e-06
929792,-0.001075958673027344,0.1872436252888292,-0.033925911266123876,0.002685546875,0.00016845136997289956,6.967213114754101e-06
930816,-0.0008921412190829869,0.08435946772806346,-0.03398899268358946,0.001220703125,0.0001296170157729648,6.86475409836066e-06
931840,-0.0009207390685332939,0.23656587698496878,-0.039059692579030525,0.001220703125,8.946190064307302e-05,6.762295081967218e-06
932864,-0.001196224729937967,0.3029404920525849,-0.038005484180757776,0.00341796875,0.00031032243714435026,6.659836065573766e-06
933888,-0.0013738602283410728,0.2994594485498965,-0.04659105573955458,0.004638671875,0.0003592757711885497,6.557377049180324e-06
934912,-0.001928171554027358,0.5416115348925814,-0.04071374627528712,0.003662109375,0.00029216930852271616,6.454918032786883e-06
935936,-0.0021498613714356907,0.607272265246138,-0.05734144858433865,0.0029296875,0.0001666765529080294,6.352459016393442e-06
936960,-0.0031689068127889186,0.3452391317114234,-0.06192845306941308,0.010986328125,0.0007148158765630797,6.25e-06
937984,-0.0025112788498518057,0.7091872112359852,-0.0622043631010456,0.003173828125,0.00025031976110767573,6.147540983606559e-06
939008,-0.0014418659411603585,0.09315645415335894,-0.03497753734700382,0.003662109375,0.00029049848672002554,6.045081967213118e-06
940032,-0.0007578226450277725,0.29595737176714465,-0.04925698656006716,0.001220703125,7.495663885492831e-05,5.9426229508196764e-06
941056,-0.0013674362999154255,0.16812298877630383,-0.040303195171873085,0.00146484375,0.00015053739480208606,5.840163934426235e-06
942080,-0.0006194569868966937,0.404026162577793,-0.048071944824187085,0.00048828125,4.7883753722999245e-05,5.737704918032782e-06
943104,-0.0004800251954293344,0.14391858596354723,-0.04019074403186096,0.0,8.829317084746435e-05,5.635245901639341e-06
944128,-0.0019109213317278773,0.47773470473475754,-0.05548406922025606,0.00146484375,0.0001713939564069733,5.5327868852459e-06
945152,-0.0014817470400885213,0.35125281719956547,-0.059915833408012986,0.00146484375,0.00012472368689486757,5.430327868852458e-06
946176,-0.0017770415433915332,0.4014010897371918,-0.05380134214647114,0.005126953125,0.00036231491685612127,5.327868852459017e-06
947200,-0.0009468914795434102,0.09265160642098635,-0.035572581975429785,0.00146484375,0.0001505313630332239,5.225409836065575e-06
948224,-0.0010929116106126457,0.863913512788713,-0.07321534521179274,0.001220703125,0.00018054883548757061,5.1229508196721345e-06
949248,-0.0010833793203346431,0.2771422734949738,-0.03246798441250576,0.002197265625,0.0001345548444078304,5.020491803278693e-06
950272,-0.0004623412460205145,0.14223509503062814,-0.03225667328297277,0.00048828125,4.209621693007648e-05,4.918032786885251e-06
951296,-0.0019941544414905366,0.7005112038459629,-0.050736664969008416,0.001953125,0.00019162189710186794,4.815573770491799e-06
952320,-0.0008669778908370063,1.4907994465902448,-0.08682914631208405,0.0,0.00011440900561865419,4.713114754098358e-06
953344,-0.002669238477210456,0.37754639179911464,-0.0436533280153526,0.003662109375,0.0002355026372242719,4.6106557377049165e-06
954368,-0.0005606482554867398,0.4109376245178282,-0.04751128429779783,0.00048828125,5.158008571015671e-05,4.508196721311475e-06
955392,-0.0018329866143176332,0.46567663340829313,-0.061203739867778495,0.000732421875,6.234183092601597e-05,4.405737704918033e-06
956416,-0.0013203708876972087,0.1891893072752282,-0.04055100206460338,0.002685546875,0.00017388792912242934,4.303278688524593e-06
957440,-0.0011988314290647395,0.18557435402181,-0.038419303367845714,0.002197265625,0.0001665712261456065,4.200819672131151e-06
958464,-0.00034183172101620585,0.47817078814841807,-0.049415058783779386,0.0,2.747981488937512e-05,4.0983606557377095e-06
959488,-0.0008598771892138757,0.13426649913890287,-0.047230848838808015,0.001220703125,0.0001485372704337351,3.995901639344257e-06
960512,-0.0008973395815701224,0.16809132212074474,-0.038053464453696506,0.0,4.665710002882406e-05,3.893442622950816e-06
961536,-0.0005715882507502101,0.6579500590451062,-0.06260900781489909,0.0,2.9262802854645997e-05,3.7909836065573746e-06
962560,-0.0018182013009209186,0.0650017085717991,-0.03462883545944351,0.004638671875,0.0004758815193781629,3.688524590163933e-06
963584,-0.0010413022973807529,0.19073585059959441,-0.03896939702099189,0.001708984375,0.00011061595432693139,3.586065573770492e-06
964608,-0.002119868811860215,0.32167063432279974,-0.04714172215608414,0.00146484375,0.00018697573250392452,3.4836065573770503e-06
965632,-0.0009737959953781683,0.6019984551239759,-0.03819520330580417,0.00048828125,6.58030403428711e-05,3.381147540983609e-06
966656,-0.0031768545850354712,1.1866790475323796,-0.0956245117704384,0.00244140625,0.00030814766796538606,3.2786885245901676e-06
967680,-0.0005851381320098881,0.29534536943538114,-0.04615531531453598,0.0009765625,6.950947135919705e-05,3.1762295081967264e-06
968704,-0.0007538681384176016,0.13629708241205662,-0.03733331437979359,0.0009765625,6.253654282772914e-05,3.073770491803274e-06
969728,-0.001021000603941502,0.13533997675403953,-0.029350806868023938,0.00146484375,0.00012685146066360176,2.9713114754098327e-06
970752,-0.0004981498059350997,1.066078769043088,-0.07262289326172322,0.0,1.8257538613397628e-05,2.868852459016391e-06
971776,-0.0005338871997082606,1.352941442746669,-0.08541440562112257,0.0,2.053513890132308e-05,2.76639344262295e-06
972800,-0.0007359996161540039,0.40139989694580436,-0.0451251411868725,0.00048828125,7.267966429935768e-05,2.6639344262295084e-06
973824,-0.0003629117454693187,0.12701947061577812,-0.03555289782525506,0.000244140625,1.9365477783139795e-05,2.5614754098360673e-06
974848,-0.00039167040085885674,0.21096691663842648,-0.052068879012949765,0.0,9.074967238120735e-06,2.4590163934426257e-06
975872,-0.0008133245573844761,0.30729268898721784,-0.05024233087897301,0.0,2.3823777155485004e-05,2.3565573770491845e-06
976896,-0.0001525457701063715,0.07561933412216604,-0.031201972102280706,0.0,1.3586577551905066e-05,2.254098360655743e-06
977920,-0.00044070000149076805,0.9960640128701925,-0.07431574873044156,0.0,1.645341399125755e-05,2.151639344262291e-06
978944,-0.0010683068248908967,0.16839637607336044,-0.028684961813269183,0.00146484375,7.457625906681642e-05,2.0491803278688492e-06
979968,-0.0011912914196727797,0.7229439242510125,-0.06689062481746078,0.0,6.630881398450583e-05,1.946721311475408e-06
980992,-0.0003672656857816037,0.10620022506918758,-0.031091691951587563,0.0,1.637377863517031e-05,1.8442622950819665e-06
982016,-0.00034813965612556785,0.11636075843125582,-0.033573842789337505,0.0,9.702431270852685e-06,1.7418032786885252e-06
983040,-0.00027577778382692486,0.21244467294309288,-0.04262026975629851,0.0,1.820682518882677e-05,1.6393442622950838e-06
984064,-0.0007904925587354228,0.19733604218345135,-0.03178200628462946,0.000244140625,4.587355942931026e-05,1.5368852459016424e-06
985088,-0.00018600979092298076,0.3922304344596341,-0.05712249025236815,0.0,9.21632454264909e-06,1.434426229508201e-06
986112,-0.00046555576409446076,0.10608937405049801,-0.030421950272284448,0.0,1.1737683962564915e-05,1.3319672131147487e-06
987136,-0.0001278206691495143,0.5019972461741418,-0.06141197093529627,0.0,8.01280839368701e-06,1.2295081967213073e-06
988160,-0.0003866424231091514,0.5508109200745821,-0.058843833074206486,0.0,8.866976713761687e-06,1.127049180327866e-06
989184,-0.00020138347463216633,0.6694092461839318,-0.05143955485254992,0.0,4.6380446292459965e-06,1.0245901639344246e-06
990208,-0.0004434419024619274,0.9427150597330183,-0.0889581679366529,0.0,7.105460099410266e-06,9.221311475409833e-07
991232,-0.000571037526242435,0.7096617436036468,-0.06760031869634986,0.0,1.1260126484557986e-05,8.196721311475419e-07
992256,-0.0002759402050287463,0.4982524330262095,-0.04205648192146327,0.0,1.0020470654126257e-05,7.172131147541005e-07
993280,-0.000258869713434251,0.4467766731977463,-0.05161869616131298,0.0,3.773871867451817e-06,6.147540983606592e-07
994304,-0.0006220147770363837,0.17374914640095085,-0.039530784932139795,0.0,7.439062756020576e-06,5.122950819672179e-07
995328,-9.221877553500235e-05,0.6644553381484002,-0.06308844685554504,0.0,1.163629349321127e-06,4.098360655737654e-07
996352,-0.00010946427937597036,0.24710160575341433,-0.03919713707000483,0.0,6.210611900314689e-07,3.073770491803241e-07
997376,-2.969055640278384e-05,0.4093941698083654,-0.044261897881369805,0.0,1.2721284292638302e-07,2.049180327868827e-07
998400,-4.6237881178967655e-05,0.3610619648825377,-0.054259417578577995,0.0,8.950155461207032e-08,1.0245901639344135e-07
999424,-3.6088749766349792e-09,0.1350405716802925,-0.03585290428600274,0.0,3.4924596548080444e-10,0.0
